#{"t_start": 1736974333.811328, "env_id": "gymnasium_env/PingPongEnv-v0"}
r,l,t
-362.867609,37,17.573411
-338.12154,37,17.779421
-369.541523,37,17.983589
-366.254695,37,18.194774
-346.453277,37,18.380236
-342.484601,37,18.549627
-356.036768,37,18.721999
-360.291386,37,18.890327
-361.819368,37,19.07313
-364.615497,37,19.253027
-362.396622,37,19.452258
-346.092447,37,19.64266
-361.051332,37,19.808788
-386.666427,37,19.983748
-352.719541,37,20.15791
-139.333861,98,20.655613
-345.444112,37,20.869491
-347.239249,37,21.067946
-338.723233,37,21.256192
-372.907818,37,21.440295
-336.620786,37,21.615711
-384.07284,37,21.808247
-348.958854,37,21.98955
-346.457106,37,22.163693
-348.380233,37,22.339294
-371.999969,37,22.54448
-361.757534,37,22.856079
-372.017169,37,23.391713
-345.63219,37,24.592098
-304.170402,32,25.068427
-344.627152,37,25.446426
-356.138597,37,25.847144
-362.694411,37,26.249258
-348.499738,37,26.542288
-381.464403,37,26.899986
-350.079238,37,27.296355
-359.723422,37,27.664975
-350.52071,37,27.846013
-379.736917,37,28.031039
-348.660624,37,28.203734
-371.252345,37,28.397998
-357.026173,37,28.580355
-375.53579,37,28.747483
-369.311733,37,28.921366
-351.704937,37,29.568501
-365.807211,37,29.741756
-377.097801,37,29.914652
-345.98402,37,30.087189
-357.58319,37,30.253208
-347.61133,37,30.419727
-373.515045,37,30.585709
-374.349752,37,30.757857
-356.512587,37,30.909862
-353.011683,37,37.527008
-331.37728,36,37.744361
-368.061167,37,37.911182
-365.675865,37,38.074929
-363.531204,37,38.231172
-365.910736,37,38.408444
-347.43366,37,38.5645
-367.159963,37,38.721822
-381.829911,37,38.88279
-356.097216,37,39.04365
-344.416293,37,39.206342
-353.96203,37,39.384402
-345.622729,37,39.996898
-367.696931,37,40.226288
-368.214336,37,40.402553
-340.784029,37,40.565282
-347.926083,37,40.745947
-350.378048,37,40.900887
-348.661105,37,41.073487
-341.872591,37,41.237317
-361.277406,37,41.416929
-353.869499,37,41.591164
-352.101514,37,41.776786
-372.340043,37,41.954895
-353.925843,37,42.119991
-350.285728,37,42.285268
-355.452837,37,42.472275
-380.445477,37,42.64736
-357.552942,37,42.823737
-393.058981,37,43.202719
-350.530084,37,43.386435
-352.08189,37,43.576131
-346.851135,37,43.881111
-375.3947,37,44.068169
-337.489757,37,44.253762
-368.122017,37,44.435814
-377.030042,37,44.85867
-353.149194,37,45.066334
-342.925128,37,45.224133
-368.306222,37,45.385726
-353.146039,37,45.534539
-363.403444,37,45.70986
-357.350367,37,45.879227
-370.784204,37,46.052902
-376.251028,37,46.202445
-381.790494,37,46.359997
-279.01879,29,46.489411
-364.008287,37,46.654472
-381.736787,37,46.807867
-350.843046,37,46.96589
-374.060144,37,47.142975
-339.853268,37,47.29846
-368.758894,37,47.456874
-341.487364,37,47.624371
-353.158843,37,47.790514
-373.904941,37,47.955886
-352.014575,37,57.164592
-365.014876,37,57.421214
-356.255153,37,57.973352
-365.599616,37,58.175426
-347.212064,37,58.375193
-364.942872,37,58.783416
-354.335005,37,59.311565
-375.459078,37,60.271602
-398.721071,46,60.58709
-351.134243,37,61.269554
-370.219547,37,61.45809
-349.386503,37,61.649244
-348.986984,37,61.827662
-391.617081,37,62.000835
-265.080981,26,62.119667
-380.032564,37,62.292243
-358.094897,37,62.453753
-354.157305,37,62.628927
-349.546971,37,62.792832
-362.221218,37,62.954236
-339.838703,37,63.117227
-332.968226,37,63.27946
-387.423809,37,63.436971
-353.588064,37,63.588641
-377.190357,37,63.748115
-372.132772,37,63.929287
-359.992515,37,64.098779
-353.044936,37,64.265279
-354.884782,37,64.430677
-359.472193,37,64.594883
-353.99741,37,64.764604
-146.031451,23,64.862561
-360.084139,37,65.036339
-359.065459,37,65.199065
-377.402959,37,65.364555
-366.460658,37,65.529518
-349.454647,37,65.692807
-353.034685,37,65.848714
-360.755388,37,66.019312
-368.8904,37,66.182217
-368.396335,37,66.345551
-355.440156,37,66.504744
-358.246437,37,66.675601
-346.457488,37,66.845312
-363.044137,37,67.011793
-368.001729,37,67.181898
-341.691085,37,67.348573
-355.282116,37,67.504613
-370.047018,37,67.659386
-349.24413,37,67.824609
-360.969698,37,67.992301
-361.061207,37,68.152275
-367.017027,37,68.307966
-370.741515,37,68.477045
-354.623383,37,68.639978
-374.331503,37,68.800139
-341.090844,37,75.333457
-347.259778,37,75.521691
-400.418561,37,75.674416
-480.055094,53,76.04848
-342.872556,37,76.224489
-364.575706,37,76.402256
-365.605025,37,76.581078
-361.230859,37,76.744025
-388.93018,37,76.914013
-347.317358,37,77.077188
-340.892534,37,77.236476
-378.162275,37,77.424367
-335.223561,37,78.010267
-387.952233,42,78.35589
-361.769396,37,78.531161
-346.539819,37,78.688172
-348.879116,37,78.868047
-344.484994,37,79.033509
-359.569887,37,79.229954
-360.14637,37,79.40103
-364.094519,37,79.570913
-377.868364,37,79.754685
-336.187319,37,79.914673
-387.952438,37,80.081141
-376.25158,37,80.236102
-365.756601,37,80.404191
-342.783439,37,80.56563
-378.5289,37,80.720099
-360.47963,37,80.877429
-348.235009,37,81.039796
-346.030297,37,81.200868
-362.742823,37,81.357142
-348.039322,37,81.515191
-338.988786,37,81.716503
-341.68751,37,81.936078
-367.412414,37,82.192989
-371.271903,37,82.492178
-372.271109,37,82.827988
-374.730469,37,83.246642
-360.797718,37,83.57333
-374.41074,37,83.983472
-352.377448,37,84.281357
-361.793593,37,84.516358
-375.509316,37,84.704572
-360.637663,37,84.86517
-324.21488,38,85.031381
-359.197634,37,85.188481
-343.388674,37,85.344216
-362.432023,37,85.513782
-359.62657,37,85.683277
-369.716965,37,85.844634
-350.191367,37,86.012723
-365.639576,37,86.186302
-357.266447,37,86.356375
-365.036838,37,92.609748
-351.160842,37,92.854281
-361.200493,37,93.028978
-353.084227,37,93.188202
-370.205016,37,93.350218
-331.038037,36,93.506205
-376.579721,37,93.671262
-390.362479,37,93.835664
-338.733151,51,94.063238
-364.992573,37,94.230318
-406.881356,45,94.433939
-357.038956,37,94.61152
-348.976763,37,94.778775
-376.65848,37,94.937502
-368.485004,37,95.099126
-357.414918,37,95.253411
-354.144582,37,95.920051
-362.12879,37,96.096411
-365.143953,37,96.266369
-356.889761,37,96.434273
-350.842892,37,96.598904
-346.687517,37,96.762029
-349.51034,37,96.927261
-358.149063,37,97.228446
-349.695238,37,97.670338
-344.49857,37,98.184958
-358.461297,37,98.658054
-377.70538,37,98.905221
-364.206701,37,99.130748
-358.833097,37,99.3314
-370.957943,37,99.506346
-384.324328,37,99.665027
-344.40144,37,99.991556
-368.617521,37,100.170334
-344.105078,37,100.348351
-356.390638,37,100.518483
-359.189171,37,100.687664
-323.028209,35,100.847552
-354.290923,37,100.997847
-361.649528,37,101.173701
-346.68781,37,101.37094
-380.872,37,101.532518
-340.025846,37,101.692765
-473.81127,101,102.116419
-389.459202,37,102.331107
-343.718394,37,102.502813
-362.17818,37,102.67813
-346.774658,37,102.837117
-366.557108,37,103.021193
-364.415965,37,103.180235
-398.631808,37,103.346947
-376.236576,37,103.520498
-372.306115,37,103.676515
-364.152979,37,103.845059
-370.615839,37,1075.940783
-356.083945,37,1076.113246
-344.95506,37,1076.300437
-360.42484,37,1076.479091
-350.065473,37,1076.696828
-385.429949,37,1076.894723
-350.444214,37,1077.058704
-364.819717,37,1077.212691
-385.475891,37,1077.36878
-389.294813,37,1077.527398
-196.694136,31,1077.661674
-351.937963,37,1077.822198
-341.335701,37,1077.98372
-386.857536,37,1078.143739
-356.567691,37,1078.302489
-352.478724,37,1078.472979
-134.701605,23,1078.568813
-375.948754,37,1078.756643
-374.112582,37,1078.934245
-381.123037,37,1079.12123
-389.780241,37,1079.289008
-363.438682,37,1079.451903
-352.965726,37,1079.633694
-368.851794,37,1079.797343
-298.15929,34,1079.951122
-150.595316,27,1080.075562
-384.65226,37,1080.233984
-303.407241,31,1080.361548
-347.583619,37,1080.523553
-366.887802,37,1080.739395
-358.806045,37,1080.910867
-386.394743,37,1081.073779
-368.260438,37,1081.244177
-349.942054,37,1081.418005
-360.673938,37,1081.597829
-357.620506,37,1081.776458
-367.153073,37,1081.945701
-354.913209,37,1082.111064
-358.145427,37,1082.269171
-369.330149,37,1082.442403
-273.470429,27,1082.570644
-383.096198,37,1082.732731
-357.263068,37,1082.896088
-338.988767,37,1083.051764
-377.629526,37,1083.208334
-342.761387,37,1083.364542
-352.605045,37,1083.51267
-384.421014,37,1083.674926
-351.839631,37,1083.839665
-385.385292,37,1084.006808
-350.984885,37,1084.160184
-350.824437,37,1084.334955
-349.444214,37,1084.482123
-216.915241,20,1084.569186
-361.438694,37,1084.731409
-360.804969,37,1084.891754
-366.318731,37,1085.084379
-372.142836,37,1092.933728
-355.641134,37,1093.121983
-375.871806,37,1093.319022
-260.531659,24,1093.437335
-343.621652,37,1093.602169
-356.031791,37,1093.762281
-358.007831,37,1094.069009
-351.649046,37,1094.232442
-351.186885,37,1094.390963
-371.081651,37,1094.55654
-369.59257,37,1094.730892
-357.456878,37,1094.886491
-369.065771,37,1095.047485
-392.063003,37,1095.266612
-370.081038,37,1095.456424
-369.634038,37,1095.638308
-393.393155,37,1095.806439
-367.454203,37,1095.976474
-350.149685,37,1096.133982
-348.58739,37,1096.324739
-339.579156,37,1096.486971
-363.735892,37,1096.649737
-373.854754,37,1096.834315
-361.240326,37,1097.016624
-379.695714,37,1097.16805
-411.718045,37,1097.340774
-345.513381,37,1097.501256
-346.938205,37,1097.663498
-353.020122,37,1097.831075
-384.558604,37,1098.001324
-380.850785,37,1098.166747
-362.168267,37,1098.330584
-390.19865,37,1098.486486
-376.159071,37,1098.65284
-358.38558,37,1098.830114
-365.483523,37,1099.017605
-344.883041,37,1099.19073
-354.600885,37,1099.357962
-377.640501,37,1099.652895
-339.188186,37,1099.995117
-351.004815,37,1100.28905
-374.347708,37,1100.577838
-357.279882,37,1100.886722
-348.946346,37,1101.312427
-353.21504,37,1101.757866
-342.135535,37,1102.190209
-359.559998,37,1102.657522
-378.161694,37,1103.104929
-351.236593,37,1103.375901
-350.121537,37,1103.582823
-362.804486,37,1103.760626
-346.546109,37,1103.925739
-333.369373,37,1104.089016
-366.780285,37,1104.247879
-389.098525,37,1104.400378
-351.091723,37,1111.233799
-359.957079,37,1111.471067
-371.447612,37,1111.655217
-354.021131,37,1111.834021
-356.667309,37,1112.00106
-380.445519,37,1112.152669
-348.537654,37,1112.303621
-374.22493,37,1112.492537
-350.628362,37,1112.657241
-356.035512,37,1112.812189
-337.667819,37,1112.985866
-358.460337,37,1113.155167
-364.984286,37,1113.357446
-360.753705,37,1113.537652
-363.845681,37,1113.691916
-349.870821,37,1113.847648
-380.921214,37,1114.000463
-359.38407,37,1114.16021
-378.88488,37,1114.306841
-359.116347,37,1114.454782
-335.851904,37,1114.608189
-352.165111,37,1114.760651
-365.922029,37,1114.942826
-361.606622,37,1115.094759
-346.526542,37,1115.248932
-367.445348,37,1115.408563
-344.607073,37,1115.568956
-356.847878,37,1115.733404
-370.33931,37,1115.901949
-354.238043,37,1116.056775
-364.587704,37,1116.218031
-369.0515,37,1116.378511
-383.602447,37,1116.531535
-345.686233,37,1116.686518
-395.853069,37,1116.847903
-353.435745,38,1117.145747
-378.560979,37,1117.306616
-370.485619,37,1117.47072
-348.399642,37,1117.621714
-343.753954,37,1117.797421
-355.37893,37,1117.952921
-356.229211,37,1118.109915
-656.421014,101,1118.512496
-348.470257,37,1118.680837
-370.959028,37,1118.834664
-379.572884,37,1118.995358
-386.081716,37,1119.150118
-382.454237,37,1119.308985
-355.058777,37,1119.459551
-328.561153,37,1119.612321
-348.036358,37,1119.76636
-397.423039,37,1119.92644
-349.94267,37,1120.089563
-350.566484,37,1120.251259
-368.278312,37,1129.269399
-400.595718,37,1129.472794
-362.788421,37,1129.632482
-396.904356,37,1129.798571
-355.88225,37,1129.953513
-376.737188,37,1130.106577
-381.013723,37,1130.264801
-381.126208,37,1130.422725
-382.308088,37,1130.57153
-345.666783,37,1130.724907
-367.05608,37,1130.882845
-353.17705,37,1131.03218
-346.523845,37,1131.189847
-227.397271,35,1131.333903
-357.466513,37,1131.473209
-370.862827,37,1131.631821
-365.439399,37,1131.785882
-362.250053,37,1131.938591
-344.94685,37,1132.095156
-370.135352,37,1132.251128
-383.367306,37,1132.407645
-339.032737,37,1132.554355
-383.109503,37,1132.714952
-384.616686,37,1132.872582
-244.60272,23,1132.97008
-355.577187,37,1133.121883
-369.183652,37,1133.278238
-372.981285,37,1133.426181
-340.32245,37,1133.58149
-348.175147,37,1133.750847
-340.406275,37,1133.909511
-272.791746,28,1134.03214
-339.611149,37,1134.178619
-351.928093,37,1134.330618
-352.169878,37,1134.482457
-377.915804,37,1134.639945
-350.646648,37,1134.791228
-356.899256,37,1134.946818
-354.363856,37,1135.108763
-368.209048,37,1135.255519
-352.426989,37,1135.406979
-182.043058,29,1135.52512
-389.878925,37,1135.677003
-348.407746,37,1135.830428
-360.63822,37,1135.988847
-360.622972,37,1136.143333
-378.484977,37,1136.296738
-359.760324,37,1136.448031
-370.717769,37,1136.599438
-352.82041,37,1136.753298
-352.756687,37,1136.905341
-380.475115,37,1137.05882
-329.242821,35,1137.199602
-371.892516,37,1137.356661
-357.630873,37,1137.509571
-354.560119,37,1137.665113
-383.40508,37,1143.868376
-370.084572,37,1144.083752
-376.626753,37,1144.248252
-371.507676,37,1144.402831
-361.481591,37,1144.551455
-345.152104,37,1144.711906
-360.908891,37,1144.857529
-349.324234,37,1145.010849
-344.167078,37,1145.171862
-343.265405,37,1145.433318
-339.352208,37,1145.594179
-362.178083,37,1145.745516
-349.469825,37,1145.91578
75.197196,46,1146.110279
-379.350943,37,1146.257563
-268.89815,42,1146.43219
-376.503501,37,1146.58248
-384.167622,37,1146.745119
-347.489402,37,1146.899672
-353.339918,37,1147.055422
-366.507684,37,1147.211416
-388.962907,37,1147.369123
-374.927746,37,1147.51995
-379.299345,37,1147.66673
-342.586079,37,1147.821656
-358.168198,37,1147.973554
-362.416399,37,1148.128124
-371.220083,37,1148.284426
-342.232768,37,1148.431041
-363.683888,37,1148.576132
-378.365375,37,1148.731331
-376.559667,37,1148.877913
-381.565322,41,1149.054851
-364.238431,37,1149.234265
-185.503561,101,1149.734587
-353.186482,37,1149.905362
-378.824781,37,1150.057735
-235.814474,36,1150.206873
-366.199576,37,1150.352435
-342.42308,37,1150.516042
-364.445774,37,1150.686536
-364.177591,37,1150.875713
-367.243857,37,1151.069769
-382.957414,37,1151.271714
-345.200693,37,1151.477433
-350.547132,37,1151.708421
-359.230438,37,1151.968463
-350.863036,37,1152.269097
-354.665516,37,1152.737274
-240.090439,25,1152.97288
-388.121213,37,1153.328049
-354.784999,37,1153.648181
-357.935349,37,1153.970754
-354.890562,37,1154.191735
-358.156937,37,1160.607063
-363.404795,37,1160.779001
-383.236338,42,1160.967859
-340.895663,37,1161.135372
-347.935805,37,1161.287414
-361.899805,37,1161.440462
-341.885188,37,1161.588087
-377.297181,37,1161.734779
-332.59857,37,1161.8817
-356.068567,37,1162.031386
-358.01121,37,1162.191729
-352.241936,37,1162.347144
-362.899315,37,1162.494428
-365.969662,37,1162.645091
-376.013098,37,1162.801478
-378.110088,37,1162.94781
-367.556753,37,1163.100294
-339.637802,37,1163.249386
-352.619748,37,1163.399363
-372.199362,37,1163.554173
-360.906061,37,1163.714245
-350.203464,37,1163.864089
-375.878394,37,1164.018089
-363.841465,37,1164.173349
-349.053578,37,1164.324255
-385.902006,37,1164.476257
-364.515837,37,1164.633341
-342.867196,37,1164.783243
-364.590742,37,1164.929861
-363.563167,37,1165.081794
-357.424606,37,1165.23045
-336.960102,37,1165.375547
-359.469594,37,1165.524428
-349.860396,37,1165.675821
-359.376901,37,1165.827692
-342.827624,37,1165.981984
-346.982912,37,1166.132575
-357.079662,37,1166.402504
-367.860536,37,1166.567924
-355.897576,37,1166.710425
-356.165677,37,1166.860614
-355.072561,37,1167.016379
-381.095296,37,1167.17288
-351.759801,37,1167.325422
-273.48419,44,1167.504237
-362.117673,37,1167.657624
-361.421043,37,1167.814305
-360.093192,37,1167.963702
-349.937135,37,1168.109541
-369.041399,40,1168.2712
-368.920509,37,1168.426436
-336.850018,37,1168.581286
-343.763268,37,1168.739857
-344.34565,37,1168.894101
-355.095748,37,1169.044968
-141.77799,23,1179.642529
-361.362838,37,1179.863574
-373.195113,37,1180.17417
-342.682927,37,1180.375034
-346.354072,37,1180.546031
-346.889909,37,1180.726463
-374.221509,37,1180.888489
-368.581058,37,1181.054487
-353.272256,37,1181.218841
-345.828116,37,1181.384846
-361.565026,39,1181.553685
-342.059006,37,1181.709616
-349.443713,37,1181.871504
-366.056366,37,1182.02372
-365.005903,37,1182.173175
-358.380807,37,1182.330777
-346.918069,37,1182.491337
-349.754141,37,1182.649911
-337.214501,37,1182.794993
-393.083356,37,1182.943407
-347.894913,37,1183.100158
-351.863845,37,1183.253498
-370.332235,37,1183.414901
-352.650359,37,1183.565996
-339.963242,37,1183.710103
-354.79192,37,1183.870047
-354.422895,37,1184.015529
-337.116364,37,1184.164861
-364.619439,37,1184.314172
-375.180803,37,1184.465769
-367.584729,37,1184.614768
-346.574599,37,1184.767547
-374.471906,37,1184.938212
-366.492012,37,1185.08972
-359.386423,37,1185.252909
-360.949574,37,1185.405657
-344.300555,37,1185.554656
-346.417358,37,1185.71077
-376.633567,37,1185.867006
-490.204728,53,1186.086247
-336.950882,37,1186.241935
-367.037907,37,1186.392903
-375.789207,37,1186.543472
-340.275609,37,1186.694619
-353.710488,37,1186.841271
-343.078367,37,1186.987048
-363.925705,37,1187.131675
-365.222314,37,1187.281502
-367.29816,37,1187.440338
-377.978636,37,1187.59121
-362.44796,37,1187.736964
-369.115691,37,1187.886305
-342.208967,37,1188.035429
-363.995484,37,1188.1898
-369.392032,37,1188.338089
-364.246297,37,2112.397947
-369.399869,37,2112.594527
-343.080105,37,2112.746685
-375.621872,37,2112.890871
-343.859378,37,2113.054413
-368.716132,37,2113.20142
-375.013235,37,2113.352106
-369.789083,37,2113.498979
-282.195409,29,2113.614535
-344.10007,37,2113.777228
-366.885564,37,2113.959594
-352.955385,37,2114.157919
-339.690365,37,2114.442375
-342.637264,37,2114.598055
-256.112093,26,2114.705743
-352.804174,37,2114.890348
-348.571127,37,2115.055138
-349.807917,37,2115.318626
-355.458812,37,2115.519873
-356.075739,37,2115.703347
-374.231555,37,2115.89087
-371.751794,37,2116.04721
-362.615044,37,2116.207899
-354.462033,37,2116.387285
-350.110844,37,2116.559677
-345.231435,37,2116.732426
-346.016091,37,2116.887904
-380.132985,37,2117.046281
-357.421809,37,2117.214311
-351.635032,37,2117.35857
-340.665507,37,2117.51669
-378.911753,37,2117.670722
-60.923079,65,2117.943994
-382.813559,37,2118.097789
-349.267282,37,2118.253796
-362.978369,37,2118.406858
-357.883559,37,2118.566071
-350.438725,37,2118.745665
-207.826195,51,2118.980599
-109.785199,33,2119.122429
-343.627193,37,2119.278501
-337.005362,37,2119.676912
-308.797616,32,2120.079496
-141.092638,24,2120.404878
-346.473025,37,2120.688638
-348.427273,37,2120.983114
-374.255694,37,2121.297903
-362.615284,37,2121.627993
-352.729777,37,2121.909565
-365.845458,37,2122.276548
-380.491586,37,2122.641081
-357.243562,37,2122.861045
-361.734825,37,2123.048213
-362.570857,37,2123.221496
-346.285755,37,2123.396447
-341.143008,37,2132.877385
-369.356827,37,2133.124635
-362.838622,37,2133.302706
182.200581,22,2133.405332
-311.491676,32,2133.56117
-365.304306,37,2133.71376
-383.538715,37,2133.850704
-362.302719,37,2134.006332
-358.921138,37,2134.158564
-362.616002,37,2134.312925
-353.209481,37,2134.462875
-355.971151,37,2134.608356
-352.085082,38,2134.761889
-347.291041,37,2134.908704
-375.371624,37,2135.057493
-369.377011,37,2135.211276
-385.775574,37,2135.360698
-361.162414,37,2135.539023
-355.391989,37,2135.71455
-365.004908,37,2135.891477
-394.119309,37,2136.051115
-349.350424,37,2136.210978
-347.772122,37,2136.370374
-343.502186,37,2136.512931
-363.452626,37,2136.662758
-354.720672,37,2136.816629
-366.348013,37,2136.970056
-361.734261,37,2137.119077
-359.870576,37,2137.267545
-364.034242,37,2137.421042
-349.330115,37,2137.57622
-378.157383,37,2137.727452
-378.753563,37,2137.876576
-349.740154,37,2138.030209
-389.560585,37,2138.188917
-363.386163,37,2138.339771
-137.585227,23,2138.437388
-366.875094,37,2138.591044
-343.942293,37,2138.744523
-363.413833,37,2138.895689
-346.371828,37,2139.047257
-347.872646,37,2139.201959
-362.76741,37,2139.481079
-352.627141,37,2139.642677
-347.855446,37,2139.796519
-353.55199,37,2139.955785
-354.487229,37,2140.10261
-340.065376,37,2140.249761
-361.388555,37,2140.405859
-340.203756,37,2140.560735
-349.879612,37,2140.716665
-351.698901,37,2140.874034
-345.945268,37,2141.019353
-354.699623,37,2141.172673
-352.515963,37,2141.33255
-345.415838,37,2141.482025
-341.472637,37,2141.632895
-363.665423,37,2149.775666
-357.210392,37,2149.960091
-351.790548,37,2150.116959
-344.496486,37,2150.288712
-622.964841,80,2150.637235
-333.651905,37,2150.796087
-358.529642,37,2150.964324
-344.400141,37,2151.126517
-350.44768,37,2151.282611
-374.385127,37,2151.444589
-344.365773,37,2151.599874
-368.478928,37,2151.755164
-358.809587,37,2151.905314
-383.212812,37,2152.070577
-358.954788,37,2152.228199
-387.407655,37,2152.383619
-370.263366,37,2152.534772
-337.962523,37,2152.696151
-353.067996,37,2152.851613
-372.836873,37,2153.012963
-339.395154,37,2153.176735
-370.454625,37,2153.374349
-388.802914,37,2153.65346
-350.440447,37,2153.824657
-352.263698,37,2153.994086
-364.834481,37,2154.177866
-369.009662,37,2154.359424
-361.875243,37,2154.528005
-365.423938,37,2154.680012
-358.882403,37,2154.845905
-112.378741,19,2154.925381
-359.287146,37,2155.080627
-359.630362,37,2155.226437
-299.691791,32,2155.452251
-372.024902,37,2155.605529
-219.91404,34,2155.749054
-361.055874,37,2155.906258
-377.30598,37,2156.064202
-376.907695,37,2156.214036
-358.079408,37,2156.373523
-356.316912,37,2156.530759
-240.337951,37,2156.688115
-352.146793,37,2156.841775
-340.93748,37,2156.992578
-336.402454,37,2157.141891
-462.393229,57,2157.371898
-356.093994,37,2157.523481
-366.601774,37,2157.678819
-356.366316,37,2157.828327
-374.511932,37,2157.979249
-342.894824,37,2158.128366
-366.610163,37,2158.281925
-345.562016,37,2158.446315
-351.233483,37,2158.604961
-336.722179,37,2164.880794
-354.035854,37,2165.069658
-367.144424,37,2165.217529
-353.483623,37,2165.363132
-340.420419,37,2165.514605
-358.744189,37,2165.666229
-346.271377,37,2165.8126
-338.229751,37,2165.968674
-353.706044,37,2166.123405
-360.877257,37,2166.27051
-351.305155,37,2166.426953
-188.309683,31,2166.555469
-357.056487,37,2166.708668
-335.027598,37,2166.861919
-359.57197,37,2167.155085
-353.029299,37,2167.31049
-346.357248,37,2167.467404
-362.218949,37,2167.620917
-346.051352,37,2167.776622
-349.089792,37,2167.9288
-374.298945,37,2168.086524
-88.325493,42,2168.261417
-355.406185,37,2168.421121
-348.297543,37,2168.571961
-384.389105,37,2168.726471
-361.24682,37,2168.874934
-371.145067,37,2169.026121
-351.522505,37,2169.186558
-347.297314,37,2169.393482
-348.76348,37,2169.554965
-372.753908,37,2169.717585
-358.579378,37,2169.870077
-375.775101,37,2170.039971
-345.007111,37,2170.211088
-379.753627,37,2170.386809
-346.023833,37,2170.543142
-345.773481,37,2170.707532
-354.513192,37,2170.854444
-133.396142,22,3071.258005
-360.168128,37,3071.553474
-358.004267,37,3071.77683
-346.621935,37,3072.160317
-392.772698,37,3072.420639
-367.50826,37,3072.625766
-375.149611,37,3072.846621
-346.234397,37,3073.308481
-128.50793,36,3073.719304
-384.448726,37,3074.213806
-350.456656,37,3074.706468
-357.443686,37,3075.325738
-298.544583,32,3075.856724
-345.534055,37,3076.486699
-355.320868,37,3076.90006
-346.675453,37,3077.186857
-347.793706,37,3077.475277
-343.811495,37,3077.822808
-360.535044,37,3085.796714
-349.302013,37,3085.979295
-383.845242,37,3086.134048
-348.123668,39,3086.303327
-352.347551,37,3086.46862
-229.296484,36,3086.618462
-362.766164,37,3086.772588
-367.936655,37,3086.920801
-360.819129,37,3087.069751
-529.354845,70,3087.372505
-208.492728,32,3087.534818
-349.558541,37,3087.721398
-392.822607,43,3087.90568
-360.840193,37,3088.058891
-370.433553,37,3088.21584
-345.923746,37,3088.363406
-349.432657,37,3088.50958
-348.767936,37,3088.663411
-366.347782,37,3088.814493
-203.732022,32,3088.941791
-356.333118,37,3089.090031
-352.064526,37,3089.239312
-364.003855,37,3089.391278
-372.07552,37,3089.537581
-346.329261,37,3089.698109
-346.2584,37,3089.871051
-388.171752,37,3090.040313
-336.761501,36,3090.205273
-338.022391,37,3090.362503
-337.631346,37,3090.518813
-344.43425,37,3090.676343
-338.741678,37,3090.825248
-608.438391,99,3091.231597
-378.236314,37,3091.378761
-366.151609,37,3091.54123
-383.135302,37,3091.692854
-347.371698,37,3091.843792
-344.302351,37,3091.997535
-372.046585,37,3092.17685
-71.067456,41,3092.357849
-372.432783,37,3092.515632
-295.619697,33,3092.780996
-344.360259,37,3092.956196
-365.73936,37,3093.111941
-275.364404,29,3093.223668
-351.666683,38,3093.377388
-353.441432,37,3093.529868
-244.73085,24,3093.623796
-377.832763,37,3093.781483
-349.741828,37,3093.928027
-368.928766,37,3094.077382
-353.757688,37,3094.229508
-387.828265,37,3094.380946
-308.138307,33,3102.377611
-369.26824,37,3102.596725
-343.019814,37,3102.765515
-362.519132,37,3102.927379
-361.441549,37,3103.091375
-376.836694,37,3103.242118
-351.042213,37,3103.393975
-357.991651,37,3103.55037
-336.020718,37,3103.707823
-339.407584,37,3103.85838
-351.159086,37,3104.00659
-361.975695,37,3104.157925
-386.374351,37,3104.318095
-353.715186,37,3104.47087
-338.136419,37,3104.624907
-138.478727,37,3104.76992
-403.692627,45,3104.94671
-349.960459,37,3105.100629
-373.495831,37,3105.245765
-349.772584,37,3105.398021
-351.110222,37,3105.551187
-360.446004,37,3105.698523
-344.558943,37,3105.854416
-276.654357,28,3105.9671
-348.623266,37,3106.121753
-353.336478,37,3106.275324
-361.50817,37,3106.422671
-365.175101,37,3106.575523
-126.550072,36,3106.71403
-373.586045,37,3106.860541
-350.507929,37,3107.009653
-336.407695,37,3107.157719
-374.831789,37,3107.30543
-365.217409,37,3107.458044
-349.389258,37,3107.601334
-374.400072,37,3107.767478
-351.640097,37,3107.913469
-384.361181,37,3108.059491
-334.921022,37,3108.210103
-349.839372,37,3108.35859
-359.303355,37,3108.50681
-348.349832,37,3108.674703
-349.909489,37,3108.81978
-357.893614,37,3108.970834
-361.330717,37,3109.128017
-344.297755,37,3109.286773
-277.948999,28,3109.406897
-365.342069,37,3109.569226
-350.511718,37,3109.720571
-354.325139,37,3109.877126
-388.408124,37,3110.03594
-244.552975,26,3110.14114
-349.53194,37,3110.297044
-352.378821,37,3110.447499
-342.827434,37,3110.599893
-352.264241,37,3110.750726
-351.403906,37,3117.096145
-381.643906,37,3117.30581
-362.937145,37,3117.459152
-360.491759,37,3117.610318
-300.669913,34,3117.750131
-342.508259,37,3117.903217
-347.317368,37,3118.057196
-366.789608,37,3118.212555
-340.390717,37,3118.358787
-347.95264,37,3118.520253
-377.082384,37,3118.677065
-366.777705,37,3118.836132
-331.68095,35,3118.979822
-350.549678,37,3119.130017
-357.518309,37,3119.277692
-376.0555,37,3119.424361
-352.825261,37,3119.584181
-370.365965,37,3119.735862
-344.759028,37,3120.009339
-639.311467,101,3120.446715
-365.068774,37,3120.603386
-349.92025,37,3120.750663
-254.77449,25,3120.856663
-326.030169,35,3120.999997
-343.34249,37,3121.147308
-397.750029,43,3121.320218
-344.291978,37,3121.466378
-347.209748,37,3121.634004
-358.167846,37,3121.801068
-337.625555,37,3121.966995
-381.852363,37,3122.116764
-345.165089,37,3122.27416
-341.56424,37,3122.421969
-345.56818,37,3122.570274
-247.269573,24,3122.667297
-446.458037,50,3122.862943
-334.446992,37,3123.008589
-381.80752,37,3123.150602
-475.806126,58,3123.381679
-352.925838,37,3123.531146
-388.189204,37,3123.677708
-442.683774,76,3123.996624
-352.782629,37,3124.14967
-353.473981,37,3124.294494
-338.416068,37,3124.438217
-354.867722,37,3124.590443
-379.530136,37,3124.74871
-346.38401,37,3124.899787
-382.78313,37,3125.06717
-395.332629,37,3125.23203
-267.786591,27,3125.394493
-346.573304,37,3125.598989
-341.438747,37,3125.862784
-381.992487,37,3134.885891
-362.498478,37,3135.083298
-346.918456,37,3135.232855
-368.543363,37,3135.371773
-326.605964,35,3135.510872
-361.015584,37,3135.661707
-133.572873,35,3135.801532
-354.849041,37,3135.948246
-345.970841,37,3136.100703
-355.12679,37,3136.251626
-354.731745,37,3136.413127
-347.284463,37,3136.562211
-351.142828,37,3136.7142
-370.478043,37,3136.858696
-436.831888,52,3137.071148
-357.747705,37,3137.222235
-345.86179,37,3137.37211
-370.981946,37,3137.523775
-365.131248,37,3137.678142
-363.685985,37,3137.826849
-356.002295,37,3137.977544
-325.014369,34,3138.113152
-347.347858,37,3138.265074
-352.878402,37,3138.4136
-360.776841,37,3138.561527
-207.185504,32,3138.688267
-353.65628,37,3138.837236
-358.751552,37,3138.984973
-359.184975,37,3139.141033
-359.163841,37,3139.286227
-256.131933,24,3139.384252
-364.21182,37,3139.536143
-341.062036,36,3139.678586
-353.463759,37,3139.825796
-362.882651,37,3139.97025
-383.855091,37,3140.121219
-144.911619,25,3140.220233
-356.467358,37,3140.374671
-353.647901,37,3140.529548
-356.378569,37,3140.684418
-360.848695,37,3140.838655
-354.331698,37,3140.991305
-344.534263,37,3141.138059
-339.388215,37,3141.285317
-457.595973,52,3141.495582
-377.490159,37,3141.645
-362.06566,37,3141.902607
-368.850765,37,3142.06178
-238.363227,36,3142.216148
-355.17123,37,3142.369883
-348.432328,37,3142.520108
-352.936791,37,3142.683301
-383.921225,37,3142.832014
-138.726159,37,3142.980451
-365.850711,37,3143.127027
-346.856709,37,3143.280257
-264.569382,40,3150.890882
-337.703505,37,3151.057269
-374.320623,37,3151.217191
-349.668802,37,3151.366653
-392.365038,37,3151.515685
-354.987092,37,3151.669664
-349.287009,37,3151.820275
-364.912561,37,3151.970505
-360.214395,37,3152.120813
-348.428026,37,3152.266281
-351.985849,37,3152.41115
-358.540772,37,3152.567176
-343.807589,37,3152.723731
-366.21322,37,3152.878979
-300.853534,31,3153.005813
-363.336946,37,3153.156069
-345.713542,37,3153.301713
-357.500805,37,3153.455608
-347.845424,37,3153.603343
-367.155669,37,3153.750834
-373.985756,37,3153.901161
-374.682618,37,3154.054885
-298.328452,31,3154.176387
-363.201657,37,3154.32909
-365.105187,37,3154.483045
-348.222836,37,3154.631281
-340.244226,37,3154.781774
-278.562711,30,3154.899995
-335.040191,37,3155.048869
-344.517091,37,3155.196695
-342.084699,37,3155.353043
-343.502494,37,3155.51245
-357.619314,37,3155.663133
-349.449768,37,3155.816768
-390.771511,37,3155.969659
-343.957689,37,3156.117796
-367.822064,37,3156.268339
-346.521818,37,3156.418049
-371.452838,37,3156.569994
-639.665951,101,3156.990929
-361.439927,37,3157.138742
-375.450501,37,3157.279397
-359.189913,37,3157.43471
-383.605721,37,3157.586105
-357.05578,37,3157.731755
-361.292559,37,3157.885151
-342.904223,37,3158.036254
-374.298969,40,3158.199373
-376.488932,37,3158.34565
-118.719969,20,3158.430124
-370.471137,37,3158.574229
-358.762716,37,3158.722925
-358.626384,37,3158.874339
-362.660193,37,3159.025066
-343.186085,37,3165.086278
-274.553897,28,3165.24167
-349.218848,37,3165.40688
-338.839504,36,3165.553178
-253.907753,25,3165.656277
-357.20527,37,3165.81154
-363.771663,37,3165.96611
126.293428,52,3166.178971
-362.050557,37,3166.330361
-373.556118,37,3166.476021
-339.905744,37,3166.619238
-349.663123,37,3166.77518
-335.4586,37,3166.927592
-290.75694,101,3167.338437
-351.601486,37,3167.491059
-357.156713,37,3167.648008
-344.73161,37,3167.803164
-347.838462,37,3167.956392
-364.405779,37,3168.107426
-339.258407,37,3168.377246
-361.338692,37,3168.537771
-215.131805,35,3168.685325
-348.486412,38,3168.846447
-350.261047,37,3168.991163
-375.104997,37,3169.133839
-359.675603,37,3169.284401
-374.385239,37,3169.426409
-397.207949,37,3169.57692
-367.511864,37,3169.723124
-370.593654,37,3169.874082
-623.604004,101,3170.276203
-377.66637,37,3170.431272
-392.3131,37,3170.583291
-355.079357,37,3170.723569
-345.915735,37,3170.873303
-370.042512,37,3171.027044
-357.137718,37,3171.184436
-340.836059,37,3171.32735
-347.19278,37,3171.477626
-376.628815,37,3171.625337
-355.262766,37,3171.779781
-264.313476,26,3171.888158
-209.131595,33,3172.021408
-366.873265,37,3172.182732
-368.250172,37,3172.330189
-367.115672,37,3172.485902
-260.115485,39,3172.643173
-347.27116,37,3172.794569
-170.766021,40,3172.960585
-353.126243,37,3173.117216
-363.613239,37,3173.295696
-344.050423,37,3173.446746
-366.052777,37,3715.823962
-362.060951,37,3716.077159
-351.207379,37,3716.255829
-333.062075,37,3716.41523
-374.196335,37,3716.572376
-354.657617,37,3716.727863
-376.761707,37,3716.889979
-368.815525,37,3717.04301
-369.400757,37,3717.209015
-368.52633,37,3717.367047
-346.858977,37,3717.533446
-350.010741,37,3717.697683
-361.725358,37,3717.858969
-361.411643,37,3718.025628
-340.270795,37,3718.186439
-371.994837,37,3718.339856
-341.403348,37,3718.50297
-385.637733,37,3718.656187
-341.806508,37,3718.817131
-361.203231,37,3718.982224
-365.457053,37,3719.13937
-396.969078,45,3719.338234
-378.183917,37,3719.494457
-348.623856,37,3719.644246
-342.636988,37,3719.801838
-198.356345,30,3719.92801
-373.155848,37,3720.082667
-301.89733,32,3720.216494
-345.031963,37,3720.366976
-346.100933,37,3720.524347
-354.095186,37,3720.685584
-341.30129,37,3720.841658
-343.650307,37,3721.00979
-348.395907,37,3721.169761
-347.569569,39,3721.344008
-361.540633,37,3721.495854
-344.474498,37,3721.649843
-356.014777,37,3721.804619
-368.084349,37,3721.951972
-352.078085,37,3722.102796
-352.106145,37,3722.265345
-337.975734,37,3722.42615
-388.805789,37,3722.585698
-340.828104,36,3722.733578
-244.360537,37,3722.893182
-374.171443,37,3723.044082
-345.548027,37,3723.210308
-353.371134,37,3723.375818
-348.701817,37,3723.533987
-339.296328,37,3723.689558
-343.923828,37,3723.98874
-443.62027,50,3724.232804
-359.641609,37,3724.393573
-341.015509,37,3724.5537
-361.188216,37,3724.71373
-358.765407,37,3734.023062
-367.180996,37,3734.264371
-376.547664,37,3734.419995
-368.985157,37,3734.561074
-358.305349,37,3734.722928
-348.342838,37,3734.866629
-349.122051,37,3735.01789
-360.609877,37,3735.167956
-367.371983,37,3735.318618
-346.194954,37,3735.470978
-263.683764,27,3735.590415
-329.716597,36,3735.738616
-494.277367,101,3736.150746
-360.63752,37,3736.3136
-364.121169,37,3736.463761
-344.130734,37,3736.614663
-314.759724,33,3736.744688
-356.916499,37,3736.895624
-345.244146,37,3737.044407
-385.904829,37,3737.201945
-350.086886,37,3737.361769
-313.812446,34,3737.496714
-348.018202,37,3737.650012
-158.363841,26,3737.758543
-356.784898,37,3737.912922
-363.314131,37,3738.064013
-349.394919,37,3738.244025
-356.046512,37,3738.399464
-368.108751,37,3738.550439
-361.042287,41,3738.724989
-340.395631,37,3738.875349
-350.003792,37,3739.112584
-241.442359,38,3739.401407
-361.6553,37,3739.619871
-365.699983,37,3739.822414
-364.667109,37,3739.988656
-340.864474,37,3740.148844
-368.04695,37,3740.315865
-385.003507,37,3740.474337
-181.425421,44,3740.663013
-344.11028,37,3740.834161
-363.001744,37,3741.000689
-355.401041,37,3741.160055
-345.057819,37,3741.315266
-368.50521,37,3741.463943
-351.659306,37,3741.615712
-351.168329,37,3741.779823
-370.165685,37,3741.932593
-380.053382,37,3742.085835
-357.2894,37,3742.257815
-370.362873,37,3742.407458
-341.548715,37,3742.559471
-354.969343,37,3742.706975
-353.662403,37,3742.85539
-350.051005,37,3743.006966
-395.397781,37,3749.172931
-290.436139,32,3749.326307
-376.673426,37,3749.477614
-162.732298,25,3749.601333
-365.004678,37,3749.774735
-356.429879,37,3749.951777
-115.4695,33,3750.102118
-342.53624,37,3750.267092
-349.838446,37,3750.417902
-360.428986,37,3750.566909
-383.620979,37,3750.73053
-342.406968,37,3750.88978
-341.257749,37,3751.041072
-362.312077,37,3751.190391
-339.650872,37,3751.34368
-175.509782,41,3751.519315
-352.162046,37,3751.666894
-344.540761,37,3751.823067
-349.930622,37,3751.975497
-347.600206,37,3752.135902
-363.932666,37,3752.295959
-337.65691,37,3752.447923
-354.513521,37,3752.591323
-355.916252,37,3752.858468
-371.610244,37,3753.013657
-341.140063,37,3753.167526
-358.869294,37,3753.341702
-350.488118,37,3753.510786
-336.803761,37,3753.662789
-300.22739,32,3753.79512
-353.249354,37,3753.956411
-358.371271,37,3754.139055
-348.078073,37,3754.319612
-355.039474,37,3754.475717
-362.953587,37,3754.632565
-357.787412,37,3754.788087
-371.553489,37,3754.9375
-360.802958,37,3755.095032
-368.204473,37,3755.246956
-351.179256,37,3755.395957
-349.455962,37,3755.5552
-357.836723,37,3755.747307
-357.692892,37,3755.964008
-356.271891,37,3756.144682
-355.457712,37,3756.304158
-337.88524,37,3756.459463
-391.113691,37,3756.623747
-372.027503,37,3756.791203
-96.305398,49,3756.995243
-375.372928,37,3757.14911
-379.667934,37,3757.304074
-351.4435,37,3757.455155
-230.138506,21,3757.545645
-349.98187,37,3757.703485
-356.053016,37,3757.857642
-267.021395,26,3757.967535
-359.228482,37,3769.681138
-339.091706,37,3769.864906
-336.571514,37,3770.050537
-354.408114,37,3770.242813
-356.796321,37,3770.428777
-380.944031,37,3770.581224
-337.50641,37,3770.744798
-355.70704,37,3770.895192
-351.984229,37,3771.042749
-288.59143,32,3771.173103
-368.97073,37,3771.321446
-348.952094,37,3771.474857
-349.112341,37,3771.621751
-277.468817,29,3771.737739
-376.463813,37,3771.8899
-357.767252,37,3772.043731
-342.720466,37,3772.196738
-382.613656,37,3772.348123
-376.817088,37,3772.500963
-357.324973,37,3772.652556
-369.62505,37,3772.798026
-341.719024,37,3772.961475
-254.768471,24,3773.056774
-351.924214,37,3773.207393
58.504574,55,3773.430633
-348.98588,37,3773.590828
-362.419564,37,3773.748809
-362.921377,37,3773.907316
-338.348268,37,3774.060966
-368.478607,37,3774.218365
-238.067906,36,3774.371368
-355.169444,37,3774.52621
-288.174513,29,3774.644299
-345.76256,37,3774.798186
-349.206998,37,3774.954343
-359.6838,37,3775.10767
-372.340202,37,3775.267609
-362.609503,37,3775.411012
-349.391948,37,3775.55916
-343.639358,37,3775.706578
-350.224861,37,3775.862336
-377.915263,37,3776.018639
-358.651735,37,3776.17214
-346.693206,37,3776.33423
-251.362082,25,3776.438206
-359.969379,37,3776.584344
-397.505852,37,3776.74205
-327.894991,35,3776.888244
-356.401064,37,3777.039412
-395.508691,37,3777.19073
-351.914626,37,3777.337954
-394.19962,37,3777.48994
-366.566791,37,3777.640485
-179.727518,41,3777.933128
-351.673625,37,3778.086821
-341.448975,37,3778.236569
-370.089258,37,3785.309796
-375.840408,37,3785.597639
-361.762308,37,3785.788239
-376.239596,37,3785.945044
-372.230527,37,3786.094685
-359.85437,37,3786.257493
-355.248809,37,3786.427873
-352.516583,37,3786.611891
-360.835726,37,3786.7811
-574.116037,101,3787.196259
-347.285873,37,3787.352137
-365.500535,37,3787.500895
-479.590318,59,3787.747447
-387.571199,37,3787.899922
-344.450012,37,3788.063077
-330.815324,34,3788.236339
-359.058964,51,3788.453854
-364.434925,37,3788.615453
-340.344702,37,3788.780627
-349.325357,37,3788.938712
-245.212114,37,3789.086297
-349.091128,37,3789.263498
-361.607189,37,3789.423308
-357.449729,37,3789.573264
-33.775621,36,3789.72294
-345.478103,37,3789.881248
-373.267078,37,3790.043476
-353.392616,37,3790.201436
-367.247425,37,3790.350743
-365.414587,37,3790.508311
-370.441822,37,3790.666881
-366.151748,37,3790.830357
-368.600539,37,3790.985816
-357.256717,38,3791.147192
-345.92944,101,3791.566173
-110.501788,19,3791.64517
-372.682496,37,3791.800815
-365.652416,37,3791.95051
-365.502414,37,3792.120647
-170.341837,28,3792.239589
-317.352971,34,3792.384049
-366.362548,37,3792.5351
-342.065419,37,3792.690989
-346.021975,37,3792.840927
-361.936296,37,3792.993116
-361.509017,37,3793.149216
-334.798546,37,3793.302392
-362.955408,37,3793.466643
-275.529122,28,3793.577142
-360.118509,37,3793.73671
-380.203269,37,3793.883151
-371.484795,37,3794.039692
-359.127999,37,3799.955517
-374.512529,37,3800.152054
-350.841587,37,3800.311265
-347.297291,37,3800.49437
-395.472165,37,3800.667416
-370.00671,37,3800.827848
-245.986705,37,3800.983985
-255.721284,26,3801.098898
-359.1236,37,3801.256735
-352.989505,37,3801.409745
-341.285842,37,3801.571104
-350.592651,37,3801.721697
-354.84643,37,3801.878668
-371.989469,37,3802.032273
-424.324089,48,3802.233489
-374.668507,37,3802.383942
-364.600525,37,3802.543219
-357.795599,37,3802.723403
-362.8093,37,3802.895778
-368.524614,37,3803.060168
-358.936051,37,3803.209098
-358.65935,37,3803.363142
-397.804939,37,3803.52684
64.419285,27,3803.656695
-360.348786,37,3803.820751
-368.262936,37,3803.973603
-347.740208,37,3804.249331
-361.321742,37,3804.404895
-361.500361,37,3804.566419
-357.946951,37,3804.723386
-351.475494,37,3804.890075
-365.194307,37,3805.046502
-320.009397,34,3805.208941
-383.27919,37,3805.394222
-371.158788,37,3805.569083
-337.85321,37,3805.76128
-369.272861,37,3805.921031
-346.879741,37,3806.071834
-374.955121,37,3806.221879
-325.028171,36,3806.370145
-261.5992,25,3806.474686
-378.864266,37,3806.639551
-365.726575,37,3806.791953
-351.451007,37,3806.945147
-360.786703,37,3807.101375
-240.417905,37,3807.253827
-348.797379,37,3807.420124
-382.479418,37,3807.572808
-366.203271,37,3807.73542
-366.384427,37,3807.904924
-376.565955,37,3808.067603
-340.241459,37,3808.22199
-352.967189,37,3808.375615
-362.001403,37,3808.535162
-352.225003,37,3808.698654
-338.831596,37,3808.853152
-355.635119,37,3818.761052
-372.658169,37,3818.955271
-342.178563,37,3819.13177
-357.472535,37,3819.29743
-386.460924,37,3819.446697
160.244596,27,3819.559098
-355.328049,37,3819.718013
-359.814448,37,3819.876307
-370.89169,37,3820.024711
-367.227255,37,3820.172246
-63.207961,27,3820.287395
-190.118874,29,3820.409106
-370.629144,37,3820.564602
-360.938412,37,3820.715135
-349.276627,37,3820.870826
-264.493936,28,3820.98202
-362.301164,37,3821.134666
-386.048959,37,3821.294364
-377.772014,37,3821.45371
-331.462316,37,3821.603556
-136.659469,24,3821.703579
-339.621827,37,3821.863893
-351.993949,37,3822.020738
-356.901667,37,3822.169294
-360.576584,37,3822.318877
-338.87085,37,3822.469457
-364.267696,37,3822.624192
-347.863361,37,3822.782362
-342.112513,37,3822.947642
-342.860901,37,3823.114664
-357.207648,37,3823.271911
-338.209574,37,3823.433034
-373.124621,37,3823.595834
-322.763916,36,3823.76546
-360.060876,37,3823.935957
-342.487877,37,3824.096286
-330.851408,35,3824.236056
-346.144732,37,3824.39047
-359.807839,37,3824.542063
-350.573744,37,3824.699532
-354.530879,37,3824.853833
-351.271683,37,3825.00907
-349.402954,37,3825.157773
-377.743976,37,3825.321952
-347.487379,37,3825.475889
-302.529438,45,3825.667094
-275.317931,43,3825.846042
-226.589224,21,3825.935035
-365.471261,37,3826.090623
-346.896141,37,3826.249527
-381.807518,37,3826.402167
-352.08797,37,3826.566136
-363.124864,37,3826.720543
-362.33677,37,3826.86851
-329.414493,36,3827.012075
-335.178869,37,3827.16454
-357.246831,37,3827.479592
-377.823133,37,3834.826729
-350.540692,37,3835.115285
-348.959159,37,3835.375607
-362.460413,37,3835.557712
-373.266741,37,3835.715827
-354.227901,37,3835.866912
-367.805461,37,3836.014475
-340.563236,37,3836.166752
-391.592362,37,3836.322312
-351.422346,37,3836.476013
-348.158674,37,3836.630514
-334.969004,37,3836.79227
-209.883085,33,3836.932277
-359.817509,37,3837.083348
-372.581215,37,3837.247095
-351.782424,37,3837.398132
-357.119722,37,3837.554287
-152.804609,26,3837.662109
-338.542677,37,3837.810531
-378.097224,37,3837.968954
-343.130905,37,3838.128948
-358.985098,37,3838.274045
-368.590879,37,3838.431538
-360.686693,37,3838.587346
-358.385889,37,3838.741399
-374.704925,37,3838.896395
-348.61948,37,3839.04428
-360.62421,37,3839.199633
-340.969533,37,3839.355662
-382.70041,37,3839.510378
-408.748307,48,3839.707468
-379.399358,37,3839.861555
-358.783273,37,3840.015542
-225.027803,35,3840.157153
-351.139241,37,3840.314231
-373.409206,37,3840.46897
-352.586378,37,3840.613492
-166.524334,27,3840.723357
-339.616285,37,3840.876132
-350.202335,37,3841.047768
-578.548317,66,3841.319786
-351.651332,37,3841.469344
-359.486165,37,3841.618869
-361.602871,37,3841.770649
-354.323806,37,3841.924597
-343.205148,37,3842.087524
-377.955098,37,3842.23873
-351.426,37,3842.390254
-374.420008,37,3842.542985
-336.800557,37,3842.688578
-598.048881,69,3842.976403
-381.277633,37,3843.131725
-343.226464,37,3843.289018
-365.412689,37,3843.447355
-342.566429,37,3849.407453
-329.231259,35,3849.592949
-381.167471,37,3849.753663
-361.010605,37,3849.902223
-363.592535,37,3850.052566
-146.774358,37,3850.211885
-367.016137,37,3850.364084
-350.383465,37,3850.534975
-369.622587,37,3850.708185
-347.460884,37,3850.8694
-353.881752,37,3851.019194
-349.842258,37,3851.176477
-379.928956,37,3851.332659
-355.433921,37,3851.488869
-361.992796,37,3851.638132
-356.103427,37,3851.792367
-340.093987,37,3851.945645
-384.515478,37,3852.106946
-369.525819,37,3852.259262
-177.398367,31,3852.394796
-396.610822,37,3852.543139
-395.378712,37,3852.708924
-361.409494,37,3852.862343
-64.049331,55,3853.094972
-356.194704,37,3853.251717
-61.381936,42,3853.424823
-379.025049,37,3853.580574
-382.562472,37,3853.731845
-335.588399,36,3854.012081
-348.874473,37,3854.165574
-378.685687,37,3854.326315
-356.97542,37,3854.484537
-367.539462,37,3854.641108
-432.478088,50,3854.85145
-351.632817,37,3855.006066
-379.043802,37,3855.172681
-350.913275,37,3855.351473
-348.644934,37,3855.549645
-358.730681,37,3855.719259
-352.126713,37,3855.865928
-355.233192,37,3856.024551
-372.08033,37,3856.182411
-380.349142,37,3856.34358
-256.566933,38,3856.498786
-342.376015,37,3856.655564
-372.133122,37,3856.812526
-373.574589,37,3856.970188
-350.884043,37,3857.11394
-365.009261,37,3857.282825
-347.913103,37,3857.441765
-367.882999,39,3857.604621
-657.901828,101,3858.039496
-363.841549,37,3858.189788
-371.856579,37,3866.486836
-355.399441,37,3866.679283
-379.293717,37,3866.838816
-365.959337,37,3867.015296
-338.986179,36,3867.176634
-354.491634,37,3867.338262
-321.810838,33,3867.478802
-366.420478,37,3867.640864
-364.958739,37,3867.794517
-344.828507,37,3867.951333
-353.125574,37,3868.10335
-356.515327,37,3868.261976
-358.604893,37,3868.409288
-345.212575,37,3868.569256
-349.509169,37,3868.728788
-360.515854,37,3868.884629
-353.887047,37,3869.048473
-337.652728,37,3869.200823
-376.221074,37,3869.365645
-345.602688,39,3869.521403
-363.578615,37,3869.671997
-355.383223,37,3869.828066
-347.233111,37,3869.987771
-336.965796,37,3870.155586
-349.457172,37,3870.317186
-364.892155,37,3870.475348
-340.104066,37,3870.631031
-355.372501,37,3870.781289
-349.768736,37,3870.936816
-373.70066,37,3871.088151
-361.871722,37,3871.239833
-361.821467,37,3871.389479
-245.411267,24,3871.488034
-358.273524,37,3871.635396
-358.407293,37,3871.794667
-359.20332,37,3871.949604
-341.512638,37,3872.106158
-364.42096,37,3872.268274
-355.11844,37,3872.418603
-383.514811,37,3872.574704
-317.590859,34,3872.7317
-381.354227,37,3872.897523
-357.240841,37,3873.063156
-357.369017,37,3873.231801
-345.29546,37,3873.392985
-355.57753,37,3873.542545
-504.548018,61,3873.800609
-357.08273,37,3873.946271
-220.900822,35,3874.093406
-341.393575,37,3874.245361
-314.80186,33,3874.382238
-140.212021,25,3874.482274
-369.207421,37,3874.636426
-349.899076,37,3874.792528
-714.110775,101,3881.836291
-368.013323,37,3882.026373
-350.008179,37,3882.332495
-350.621006,37,3882.483053
-343.391775,37,3882.635018
-383.986091,37,3882.787663
-360.369864,37,3882.945524
-353.663335,37,3883.096936
-395.095712,37,3883.25273
-360.716685,37,3883.407925
-364.330612,37,3883.568568
-358.742718,37,3883.735924
-351.073188,37,3883.902585
-357.837639,37,3884.074295
-357.071383,37,3884.227434
-343.212502,37,3884.379396
-389.588404,37,3884.532025
-367.386968,37,3884.690951
-362.781524,39,3884.852247
-370.844417,37,3885.00343
-379.372568,37,3885.163202
-358.366602,37,3885.315711
-352.91943,37,3885.473485
-350.707165,37,3885.628029
-344.64176,37,3885.78506
-341.636237,38,3885.94526
-352.341952,37,3886.101238
-381.399388,37,3886.262785
-359.549609,37,3886.418281
-366.530348,37,3886.565669
-354.230463,37,3886.722347
-393.667469,37,3886.873108
-342.873087,37,3887.029081
-338.637409,37,3887.186968
-386.849121,37,3887.345939
-341.710234,37,3887.503129
-353.345338,37,3887.663884
-360.930543,37,3887.819702
-355.903467,39,3888.025936
-353.732433,37,3888.256227
-349.794442,37,3888.588477
-357.068006,37,3888.856942
-383.091167,37,3889.112771
-339.030501,37,3889.374541
-369.533641,37,3889.648326
-356.578626,37,3889.878199
-374.260761,37,3890.06794
-346.968895,37,3890.263748
-345.979257,37,3890.427775
-353.282204,37,3890.57632
-368.998798,37,3890.734825
-356.379095,37,3890.893426
-386.027564,37,3891.037814
-375.893634,37,3891.191427
-352.634859,37,3891.342906
-343.087328,37,3896.847813
-349.900644,37,3897.054455
-375.814415,37,3897.205957
-342.766498,37,3897.354677
-328.250269,36,3897.514071
-112.797214,47,3897.71616
-310.837833,32,3897.849059
-375.884388,37,3897.997902
-351.412102,37,3898.156832
-356.314415,37,3898.339849
-363.985152,37,3898.494367
-322.770437,34,3898.6294
-377.397353,37,3898.781402
-351.604626,37,3898.939052
-376.782928,37,3899.090004
-353.521683,37,3899.245357
-359.961692,37,3899.398971
-346.279514,37,3899.563794
-339.561653,37,3899.715405
-334.600174,36,3899.861538
-446.137232,53,3900.074639
-341.919907,37,3900.223814
-341.007012,37,3900.374298
-346.345033,37,3900.532477
-350.095683,37,3900.692197
-370.78209,37,3900.854741
-372.205775,37,3901.010886
-364.649128,37,3901.160228
-367.93306,37,3901.324243
-392.226465,37,3901.473132
-46.036182,38,3901.632857
-113.476749,34,3901.888804
-349.705856,37,3902.055797
-308.002638,30,3902.181142
-354.40379,37,3902.34677
-369.158785,37,3902.506238
-317.730683,35,3902.654316
-345.678842,37,3902.831587
-340.520006,37,3902.999569
-338.878233,37,3903.173305
-357.662894,37,3903.344548
-335.275369,37,3903.544488
-337.597559,37,3903.700325
-349.420124,37,3903.85567
-353.143359,37,3904.00221
-345.151881,37,3904.158948
-364.603193,37,3904.312866
-112.526396,46,3904.505249
-347.264046,37,3904.656879
-360.903431,37,3904.810407
-355.86948,37,3904.962346
-368.461583,41,3905.154162
-371.844474,37,3905.3125
-353.620573,37,3905.478775
-361.03978,37,3905.64036
-417.330628,44,3913.206494
-372.556401,37,3913.399764
-362.16358,37,3913.568966
-363.390822,37,3913.743757
-359.281864,37,3913.913481
-375.349588,37,3914.080949
-371.033576,37,3914.240265
-344.799791,37,3914.387435
-380.934526,37,3914.542218
-374.679199,37,3914.69301
-364.480429,37,3914.849175
-366.517685,37,3915.012365
-356.731951,37,3915.16675
-384.525301,37,3915.317768
-344.525399,37,3915.47287
-376.75728,37,3915.631407
-347.346483,37,3915.786665
-361.556058,37,3915.942068
-357.219767,37,3916.092081
-354.412366,37,3916.246239
-364.037394,37,3916.398435
-353.031063,37,3916.549805
-353.818841,37,3916.698498
-318.353727,32,3916.826918
-351.047322,37,3916.981762
-436.317528,52,3917.200298
-371.738428,37,3917.353035
-355.027346,37,3917.501344
-348.716489,37,3917.660207
-360.779716,40,3917.831391
-378.018157,37,3917.989547
-374.097187,37,3918.141834
-365.139139,37,3918.294913
-354.577436,37,3918.446175
-368.342669,37,3918.598984
-357.974288,37,3918.75745
-349.235426,37,3918.916543
-349.719532,37,3919.085646
-355.725891,37,3919.238232
-246.25204,39,3919.398785
-345.790119,37,3919.554423
-352.571203,37,3919.713555
-153.30409,37,3919.864312
-378.846865,37,3920.023101
-251.439769,26,3920.14875
-364.494047,37,3920.30071
-357.630792,37,3920.45323
-351.079184,37,3920.616529
117.971827,47,3920.807215
-352.195858,37,3920.96381
-342.158248,37,3921.121824
-351.900944,37,3921.276627
-372.999846,37,3921.433125
-351.713533,37,3921.589567
-380.800873,40,3921.758
-350.570548,37,3927.741486
-167.374668,27,3927.872505
-372.597354,37,3928.032861
-353.703689,37,3928.190029
-166.11996,27,3928.302652
-381.716919,37,3928.568328
-378.418367,37,3928.730662
-354.368348,37,3928.881853
-490.392421,56,3929.111773
-351.556067,37,3929.257362
-376.634605,37,3929.407676
-343.909259,37,3929.559227
-346.705125,37,3929.717709
-361.518394,37,3929.884761
-368.809904,37,3930.043713
-367.602003,37,3930.210136
-146.989815,25,3930.315274
-345.447661,37,3930.469522
-365.1849,37,3930.61964
-356.886944,37,3930.772807
-355.616545,37,3930.930188
-349.094806,37,3931.088868
-368.203915,37,3931.238909
-309.953593,34,3931.380422
-343.603302,49,3931.587622
-348.15922,37,3931.741876
-357.86248,37,3931.898965
-368.8294,37,3932.060832
-345.614962,37,3932.21708
-348.089766,37,3932.371032
-367.619086,37,3932.524721
-361.89843,37,3932.680817
-363.161823,37,3932.835012
-372.092161,37,3932.997984
-392.611477,37,3933.144381
-335.252721,36,3933.289938
-344.786998,37,3933.438151
-374.00091,37,3933.590689
-352.645477,38,3933.740915
-364.796294,37,3933.886692
-376.788474,37,3934.063106
-342.153157,37,3934.275632
-337.918842,37,3934.520772
-367.626883,37,3934.823758
-368.06766,37,3935.110381
-359.457643,37,3935.366527
-367.06873,37,3935.621055
-399.02247,37,3935.887619
-368.775649,37,3936.122643
-355.075845,37,3936.31934
-338.911387,37,3936.486386
-343.986919,37,3936.641852
-369.090264,37,3936.796318
-362.582265,37,3936.942166
-383.157207,41,3937.113205
-352.718072,37,3942.954337
-360.435688,37,3943.149123
-393.971663,37,3943.308392
-375.534481,37,3943.479887
-377.155013,37,3943.649835
-368.726994,37,3943.823011
-361.249649,37,3943.98546
-379.096447,37,3944.142381
-360.413299,37,3944.303122
-361.547827,37,3944.453138
-345.028285,37,3944.609465
-235.354612,24,3944.710754
-327.61094,34,3944.863752
-368.062947,37,3945.026331
-353.922947,37,3945.181398
-362.418079,37,3945.327013
-368.464238,37,3945.484942
-354.186941,38,3945.638721
-361.024574,37,3945.786538
-349.132248,37,3945.94416
-370.154301,40,3946.116322
-378.752614,37,3946.270257
-372.816984,37,3946.425673
-228.295858,21,3946.519119
-389.197044,37,3946.670905
-364.287844,39,3946.846523
-366.612897,37,3946.999238
-334.611943,37,3947.157527
-345.540712,37,3947.308801
-362.958235,37,3947.463086
-354.941422,37,3947.618494
-357.121714,37,3947.767415
-378.605613,37,3947.923224
-304.887691,32,3948.061813
-337.160921,37,3948.217946
-319.263069,47,3948.54352
-370.012565,37,3948.699891
-373.03151,37,3948.852117
-361.725529,37,3948.999347
-351.410267,37,3949.152472
-382.398359,37,3949.303039
-376.621721,37,3949.455592
-388.976363,37,3949.616857
-343.477079,37,3949.79676
-362.07407,37,3949.991963
-427.849518,101,3950.4103
-347.293974,37,3950.561511
-353.428135,37,3950.725536
-349.303005,37,3950.871169
-346.840842,37,3951.02332
-344.616829,37,3951.17924
-369.383444,37,3951.339507
-202.03037,32,3951.469942
-343.253365,37,3951.620254
-341.54396,37,3959.176843
-362.658227,37,3959.390047
-354.525377,37,3959.554661
-358.324842,37,3959.72389
-342.570399,37,3959.892035
-361.201054,37,3960.045771
-344.022254,37,3960.201159
-361.281639,37,3960.354162
-358.427992,37,3960.500883
-365.187587,37,3960.65554
-343.273092,37,3960.814354
-342.80797,37,3960.967117
-353.63501,37,3961.119146
-152.278881,25,3961.221986
-348.590193,37,3961.368809
-359.854417,37,3961.524915
-353.144162,37,3961.679816
-344.368174,37,3961.830828
-355.317492,37,3961.988694
-355.419568,37,3962.141227
-370.215858,37,3962.290744
-384.406632,37,3962.444754
-344.903009,37,3962.596394
-374.646596,37,3962.747517
-346.591695,37,3962.902127
-346.092463,37,3963.059765
-332.890251,37,3963.220043
83.737662,21,3963.303013
-371.798387,37,3963.458362
-363.964359,37,3963.613329
-235.749896,23,3963.710532
-357.224104,37,3963.86477
-345.187071,37,3964.012879
-503.411708,56,3964.234669
-363.07463,37,3964.388197
-269.91596,26,3964.497352
-357.075843,37,3964.66242
-389.649565,37,3964.827184
-363.322664,37,3964.975112
-336.070996,37,3965.12518
-345.595347,37,3965.276569
-342.576826,37,3965.426254
-362.938034,37,3965.575009
-345.152135,37,3965.72746
-359.305677,37,3965.878102
-345.835797,37,3966.035705
-346.294666,37,3966.193832
-346.58085,37,3966.349253
-359.959936,37,3966.503326
-354.258314,37,3966.662526
-371.032558,37,3966.810013
-353.783183,37,3966.967074
-296.704851,32,3967.097638
-358.686602,37,3967.252695
-363.241241,37,3967.406582
-378.523761,37,3967.554454
-269.33672,39,3967.718529
-367.021949,37,3973.73088
-377.801345,37,3973.898882
-362.010132,37,3974.05495
-350.879122,37,3974.219206
-360.078569,37,3974.379336
-359.316518,37,3974.540585
-349.178566,37,3974.712728
-368.170069,37,3974.869629
-340.511499,37,3975.1333
309.842066,44,3975.322167
-347.954769,37,3975.47909
-369.952622,37,3975.631949
-343.834303,37,3975.791215
-356.276143,37,3975.951453
-288.266294,50,3976.152152
-365.753974,37,3976.310918
-357.99093,37,3976.47217
-386.924622,37,3976.651865
-378.583808,37,3976.815841
-351.583894,37,3977.007032
-349.421137,37,3977.173041
-374.040373,37,3977.331749
-373.537897,37,3977.485258
-365.476694,37,3977.641006
-384.408539,37,3977.80343
-359.641159,37,3977.964656
-282.457498,29,3978.088565
-348.389343,37,3978.245782
-347.034034,37,3978.402798
25.183717,48,3978.600905
-376.352791,37,3978.757435
-362.084065,37,3978.912485
-367.315655,37,3979.061504
-348.056942,37,3979.213327
-364.514722,37,3979.367872
-356.736611,37,3979.524664
-364.882909,37,3979.672348
-603.001755,70,3979.972216
-332.151093,36,3980.124229
-331.650196,36,3980.279262
-356.947753,37,3980.426823
-287.368573,30,3980.56081
-359.472347,37,3980.724382
-370.191164,37,3980.929801
-350.118607,37,3981.12998
-356.617139,37,3981.364298
-392.908768,37,3981.702951
-357.889752,37,3982.012435
-393.103339,37,3982.286397
-273.85187,28,3982.463673
-365.177778,37,3982.684379
-353.623223,37,3982.951811
-365.419534,37,3983.17567
-339.72813,37,3983.341066
-353.701808,37,3989.244616
-361.244779,37,3989.430531
-365.863009,37,3989.591366
-370.375765,37,3989.750271
-351.817868,37,3989.901641
-364.521752,40,3990.072754
-331.128105,35,3990.224715
-354.674618,37,3990.379307
-206.315751,45,3990.575234
-353.334362,37,3990.733725
-357.833895,37,3990.882707
-345.762501,37,3991.041539
-348.920595,37,3991.191433
-358.504558,37,3991.340605
-285.149256,30,3991.464622
-367.994186,37,3991.614106
-376.736703,37,3991.768821
-55.812937,26,3991.874613
-356.705185,37,3992.029144
-352.293077,37,3992.184528
-293.101671,30,3992.308693
-336.066253,35,3992.45535
-308.259184,33,3992.587352
-225.322569,36,3992.744041
-323.600393,35,3992.885687
-365.803128,37,3993.038597
-359.901397,37,3993.186932
-342.15828,37,3993.336732
-349.127774,37,3993.50627
-362.905162,37,3993.661293
-352.983252,37,3993.812972
-246.208996,37,3993.963705
-372.184124,37,3994.115311
-371.059316,37,3994.272126
-364.339315,37,3994.423794
-358.964996,37,3994.575678
-371.196144,37,3994.733348
-497.308703,58,3995.081786
-376.76502,37,3995.245761
-358.701788,37,3995.39446
-348.567782,37,3995.54391
-363.185633,37,3995.704845
-364.408798,37,3995.856943
-296.019072,31,3995.998146
-352.263015,37,3996.145984
-371.636602,37,3996.319171
-376.19928,37,3996.488476
-359.141374,37,3996.749097
-361.870006,37,3996.94334
-360.734716,37,3997.100033
-341.947303,37,3997.257159
-344.070749,36,3997.405671
-338.716554,37,3997.551129
-357.247721,37,3997.708618
-367.240814,37,3997.860271
-359.885501,37,3998.020106
-341.606508,37,4005.645599
-383.485566,37,4005.817295
-375.164212,37,4005.965884
-378.126681,37,4006.114554
-363.901161,37,4006.265754
-369.783937,37,4006.413456
-365.709591,37,4006.567699
-369.374169,37,4006.722358
-362.154295,37,4006.880446
-352.601832,37,4007.046802
-361.209168,37,4007.205441
-344.113287,37,4007.351615
-372.09748,37,4007.507196
-353.098453,37,4007.662447
-373.371572,37,4007.822604
-368.533361,40,4007.985571
-275.843801,28,4008.114001
-375.41751,37,4008.269702
-364.244571,37,4008.43089
-375.658216,37,4008.57693
-373.565753,37,4008.725775
-362.59995,37,4008.885081
-344.395897,37,4009.03769
-148.840047,23,4009.132612
-363.418558,37,4009.284735
-337.219002,37,4009.444953
-352.554673,37,4009.590017
-374.009211,37,4009.744204
-252.927007,26,4009.849365
-133.953239,54,4010.082284
-373.616171,37,4010.241861
-294.715988,31,4010.372301
-347.191107,37,4010.521699
-352.239006,37,4010.678476
-358.808612,37,4010.831619
-362.251181,37,4010.986133
-362.864822,37,4011.137376
-355.992856,37,4011.297104
-375.360363,37,4011.448052
-360.015364,37,4011.596596
-375.668836,37,4011.756019
-362.725282,37,4011.910338
-310.201833,34,4012.051501
-352.257852,37,4012.202506
-363.887449,37,4012.358223
-352.103553,37,4012.509643
-129.342783,24,4012.606599
-362.090138,37,4012.757133
-355.2351,37,4012.910656
-340.686994,37,4013.069578
-379.347234,37,4013.2272
-359.863095,37,4013.381767
-366.995999,37,4013.533069
-381.363876,37,4013.69015
-365.086366,37,4013.844668
-355.945585,37,4014.00147
-27.975759,21,4021.049882
-365.188708,37,4021.263881
-369.327875,37,4021.424302
-356.132596,37,4021.586664
-69.965143,28,4021.714614
-357.770582,37,4021.865031
-383.241573,37,4022.018757
-213.919347,32,4022.153863
-354.620879,37,4022.308159
-366.721268,37,4022.463887
-610.150929,101,4023.010428
-370.547081,37,4023.177268
-270.861667,28,4023.289649
-344.849737,37,4023.443307
-357.33974,37,4023.601305
-361.613304,37,4023.761899
-338.097254,36,4023.912127
-372.93845,37,4024.065985
-356.308853,37,4024.239403
-344.333175,37,4024.397284
-355.877446,37,4024.597665
-244.696853,23,4024.694073
-346.653374,37,4024.85549
-349.529943,38,4025.010537
-338.957602,37,4025.166697
-347.290181,37,4025.319705
-362.572492,37,4025.472508
-377.23648,37,4025.647689
-350.986033,37,4025.801051
-342.905075,37,4025.965436
-378.900894,37,4026.126495
-366.752119,37,4026.284431
-357.712734,37,4026.432964
-371.232752,37,4026.595957
-349.684597,37,4026.751424
-326.400149,35,4026.900698
-355.307899,37,4027.048609
-13.564353,33,4027.191663
-313.37414,50,4027.396124
-352.501839,37,4027.546629
-369.294574,37,4027.699492
-357.986489,37,4027.848897
-375.642573,37,4027.997634
-242.759388,23,4028.099335
-351.644165,37,4028.277526
-355.995545,37,4028.465494
-364.636429,37,4028.662845
-343.88275,37,4028.848102
-366.721013,39,4029.176225
-345.067932,37,4029.510026
-370.129677,37,4029.833811
-361.381062,37,4030.19528
-400.954197,45,4030.548522
-350.678104,37,4030.765664
-363.306611,37,4030.954766
-375.181853,37,4037.136034
-347.432343,37,4037.326198
-350.07551,37,4037.480062
-359.847802,37,4037.639818
-354.773942,37,4037.805601
-363.064181,37,4037.953418
-397.760303,40,4038.114452
14.267915,43,4038.293019
-321.701834,33,4038.429271
-345.285841,37,4038.586274
-353.900883,37,4038.741771
-344.280533,37,4038.893087
-359.787547,37,4039.046331
-268.194124,26,4039.148085
-293.202532,31,4039.279062
-368.196151,37,4039.429845
-44.345824,37,4039.594642
-351.931533,37,4039.753636
-353.718318,37,4039.906318
-378.330199,37,4040.069681
-380.144447,37,4040.243846
-358.506992,37,4040.405838
-377.142556,37,4040.568212
-360.042179,37,4040.730079
-709.676659,101,4041.209826
-357.308001,37,4041.381097
-344.813517,37,4041.546534
-362.120668,37,4041.710382
-341.823038,37,4041.866616
-341.728132,37,4042.021441
-363.553467,37,4042.180574
-394.938775,37,4042.342701
-382.442017,37,4042.488468
-351.657439,37,4042.645525
-348.055834,37,4042.801262
-376.33847,37,4042.951531
-337.778464,37,4043.11416
-370.220213,37,4043.27471
-345.190831,37,4043.438476
-340.48827,37,4043.707428
-241.751371,36,4043.872504
-352.096719,37,4044.024849
-365.314022,37,4044.179315
-352.628485,37,4044.332629
-317.989756,33,4044.48187
-355.97569,37,4044.646988
-367.293683,37,4044.817065
-365.031564,40,4044.999374
-351.884859,38,4045.201476
-353.280849,37,4045.364921
-347.226543,37,4045.522491
-309.899588,32,4045.65924
-341.626927,37,4045.813287
-344.353054,37,4045.961346
-345.283364,37,4053.661778
-339.45478,37,4053.860089
-354.749487,37,4054.010805
-368.161469,37,4054.159429
-342.209298,37,4054.318379
-350.755168,37,4054.47189
-369.91897,37,4054.627229
-353.927714,37,4054.781264
-270.85192,28,4054.899923
-364.757207,37,4055.060776
-345.541809,37,4055.224838
-359.276702,37,4055.378184
-346.094427,37,4055.529464
-358.272385,37,4055.683823
-371.429554,37,4055.833849
-373.107191,37,4055.983069
-378.226339,37,4056.139012
-356.694078,37,4056.290688
-355.787591,37,4056.444325
-363.014957,37,4056.593925
-363.403238,37,4056.743533
-351.555791,37,4056.897092
-373.932709,40,4057.063198
-342.31267,37,4057.218216
-385.963208,37,4057.372851
-129.754114,35,4057.526131
-362.351646,37,4057.679155
-372.268974,37,4057.841615
-384.082017,37,4058.006166
-365.420107,37,4058.176951
-348.384131,37,4058.357423
-374.808659,37,4058.527559
-361.417632,37,4058.693506
-362.583386,37,4058.850298
-293.522445,31,4058.97886
-321.485895,32,4059.109796
-167.25588,29,4059.228828
-362.085569,37,4059.387329
-353.503342,37,4059.537867
-362.734657,37,4059.687323
-349.224042,37,4059.843626
-369.189851,37,4059.998941
-281.467474,28,4060.111375
-360.961562,37,4060.263195
-354.574864,37,4060.457294
-374.079155,37,4060.633217
-372.004304,37,4060.788531
-358.37723,42,4060.963287
19.182056,69,4061.253929
-335.583439,36,4061.404594
-362.113739,37,4061.559212
-361.168847,37,4061.712651
-357.730717,37,4061.86882
-374.02006,37,4062.014589
-354.296001,37,4062.164342
-691.053377,77,4069.111279
-372.317678,37,4069.27255
-349.449355,37,4069.422307
-385.001464,37,4069.568025
-347.373289,37,4069.717972
-349.380171,37,4069.868297
-350.928063,37,4070.013706
-375.10119,37,4070.162873
-356.191225,37,4070.322537
-367.674645,37,4070.470929
-342.329154,37,4070.614144
-351.91886,37,4070.771287
-348.864791,37,4070.930586
-365.073653,37,4071.207905
-362.236229,37,4071.371941
-353.489584,37,4071.534627
-343.236799,37,4071.693672
-342.420838,37,4071.846042
-233.794999,22,4071.948959
-347.166209,37,4072.114921
-374.88138,37,4072.304063
-369.776016,41,4072.52595
-359.997667,37,4072.726745
-403.086846,37,4072.886511
-374.195459,37,4073.037805
-361.591718,37,4073.191341
-353.483596,37,4073.337233
-357.340156,37,4073.487988
-366.454314,37,4073.638628
-242.292567,36,4073.793224
-380.351492,37,4073.934893
-347.851342,37,4074.087897
-348.99171,37,4074.237035
-367.099633,37,4074.392362
-289.063529,31,4074.523291
-372.124595,37,4074.675815
-347.250126,37,4074.838016
-373.022432,37,4074.986521
-353.703258,37,4075.143534
-374.195485,37,4075.296861
-340.841855,37,4075.447616
-355.475083,37,4075.602358
-355.245964,37,4075.744502
-386.818867,37,4075.900126
-353.513754,37,4076.051218
-345.294979,37,4076.20042
-348.016018,37,4076.35451
-343.851432,37,4076.503894
-378.996603,37,4076.730032
-323.388168,35,4077.013635
-367.921211,37,4077.252952
-381.713806,37,4077.542428
-224.915833,34,4077.841209
-375.960321,37,4078.233877
-373.815543,37,4078.571458
-357.330486,37,4086.804018
-350.261555,37,4087.019641
-360.629465,37,4087.192212
-374.175659,37,4087.344357
-374.925966,37,4087.492642
-360.956173,37,4087.643435
-354.01423,37,4087.795746
-343.025089,37,4087.947574
-351.23934,37,4088.099542
-350.129208,37,4088.269809
-125.630215,21,4088.370981
-390.753313,37,4088.538179
-355.736732,38,4088.698748
-355.911184,38,4088.88784
-377.993336,37,4089.082797
-390.831406,42,4089.267665
-278.506637,29,4089.410657
-355.734993,37,4089.595147
-378.244901,37,4089.758476
-399.815901,37,4089.928685
-348.208378,37,4090.105619
-369.872352,37,4090.259297
-330.050704,35,4090.417513
-365.300867,40,4090.583745
-346.632725,37,4090.737736
-360.987956,37,4090.888557
-370.030426,37,4091.045386
-364.812487,37,4091.192392
-349.800964,37,4091.346149
-360.371991,37,4091.492179
-358.597672,37,4091.646554
-377.376708,37,4091.80252
-250.120993,25,4091.904158
-350.062391,37,4092.057519
-357.47245,37,4092.206016
-381.872087,37,4092.357292
-365.998785,37,4092.513381
-360.566697,37,4092.659956
-352.45381,37,4092.815087
-347.464448,37,4092.968141
-348.677291,37,4093.116078
-358.823115,37,4093.287948
-375.500933,37,4093.443498
-338.309329,37,4093.596532
-48.600711,25,4093.80118
-368.171488,37,4093.961239
-365.823045,37,4094.113364
-360.644968,37,4094.267277
-241.946434,36,4094.4133
-359.35188,37,4094.563217
-368.595186,37,4094.713355
-337.960018,37,4094.87432
-332.242832,34,4095.024571
-356.858984,37,4095.198933
-352.040605,37,4095.378286
-365.637471,37,4095.533012
-351.310536,37,4095.695017
-343.789037,37,4104.365564
-252.385611,25,4104.496684
-366.314946,37,4104.653273
-353.135049,37,4104.817865
-373.347453,37,4104.975193
-346.359211,37,4105.126041
-343.12618,37,4105.280351
-376.598175,43,4105.458938
-352.196985,37,4105.606928
-363.647334,37,4105.763079
-388.18081,37,4105.910276
-370.205824,37,4106.063725
-349.51298,37,4106.219779
-356.609597,37,4106.383902
-376.233178,37,4106.538798
-3.048884,32,4106.668944
-357.308741,37,4106.823557
-360.902123,37,4106.971432
-235.747359,22,4107.066442
-368.067972,37,4107.221578
-370.903446,37,4107.382664
-377.497825,37,4107.536083
-365.523122,37,4107.686575
-356.149637,37,4107.836379
-364.914534,37,4107.991868
-357.181821,37,4108.146006
-375.566478,37,4108.293144
-372.810833,37,4108.447593
-350.282057,37,4108.609922
-368.758592,37,4108.757525
-369.203641,37,4108.921653
-287.761337,30,4109.041495
-375.935367,37,4109.198777
-374.548388,37,4109.352615
-347.665512,37,4109.510942
-366.911606,37,4109.672282
-363.981982,37,4109.820864
-357.337274,37,4109.974665
-429.246391,51,4110.184873
-217.589767,34,4110.324907
-333.647944,36,4110.47357
-363.804332,37,4110.629009
-343.977148,37,4110.790485
-373.808937,37,4110.943031
-272.842789,27,4111.053195
-359.781564,37,4111.206291
-365.233547,38,4111.359171
-333.954549,37,4111.521503
-341.608908,37,4111.667797
-369.224229,37,4111.816846
-350.42014,37,4111.968854
-345.362642,37,4112.126405
-350.289702,37,4112.273424
-362.207328,37,4112.430281
-280.340552,29,4112.559034
-363.258415,37,4112.714131
-341.13864,37,4118.850614
-31.434603,21,4118.976292
-542.209516,62,4119.261363
-375.139524,37,4119.422806
-368.794607,37,4119.578014
-370.507244,37,4119.742828
-347.293902,37,4119.910744
-391.720207,40,4120.086297
-388.465602,37,4120.241396
-374.90449,37,4120.394869
-377.871031,37,4120.548913
-291.827587,43,4120.74117
-352.650142,37,4120.898556
-363.749906,37,4121.048842
-373.829494,37,4121.202398
-366.387727,37,4121.354774
-351.114149,37,4121.521141
-381.258302,37,4121.825658
-355.270572,37,4121.979612
-379.821143,37,4122.135309
-370.254163,40,4122.303465
-175.981204,28,4122.417562
-372.489417,37,4122.57155
-378.589751,37,4122.728242
-366.115501,37,4122.894867
-352.65549,37,4123.051155
-366.572926,37,4123.236955
-394.858516,37,4123.393729
-383.941955,37,4123.541638
-350.155075,37,4123.703207
-356.578445,38,4123.860747
-369.92212,37,4124.01279
-373.106393,37,4124.159811
-363.669046,37,4124.314255
-358.486426,37,4124.464353
-355.711195,37,4124.624921
-328.760228,36,4124.780621
-368.084362,37,4124.947352
-352.981504,37,4125.109865
-349.020163,37,4125.267847
-333.188196,36,4125.417251
-369.353537,37,4125.576036
-303.238718,32,4125.711772
-344.32224,37,4125.868641
-354.920094,37,4126.017759
-365.350352,37,4126.177869
-370.369766,37,4126.32684
-352.60668,37,4126.480618
-345.084359,37,4126.642136
-364.954947,37,4126.784731
-345.539659,37,4126.937724
-355.529457,37,4127.134452
-354.662158,37,4127.337975
-371.996184,37,4127.52561
-261.879616,27,4127.718028
-353.23674,37,4128.177407
-361.283588,37,4136.422471
-343.017865,37,4136.597875
-383.8708,37,4136.760255
-247.238792,24,4136.868774
-363.948521,37,4137.020191
-345.509516,37,4137.173605
-366.391529,37,4137.323827
-351.505605,37,4137.480443
-340.731087,37,4137.632918
-367.961262,37,4137.787267
-393.971108,37,4137.938646
-366.855906,37,4138.09592
-441.978539,52,4138.307585
-311.59804,31,4138.431071
-383.003888,37,4138.5835
-151.546714,26,4138.691073
-373.775023,37,4138.844125
-373.082725,37,4139.003614
-385.550864,37,4139.157062
-294.921172,33,4139.292187
-163.546979,27,4139.400034
-346.97714,37,4139.552186
-386.264513,37,4139.705473
-249.69277,37,4139.863575
-357.598072,37,4140.01317
-260.554172,25,4140.112481
-537.980692,60,4140.351782
-230.802582,22,4140.443357
-344.283542,37,4140.594536
-316.036475,32,4140.727005
-129.575286,20,4140.803979
-368.945439,37,4140.95792
-254.591632,41,4141.123624
-364.189205,37,4141.277881
-363.090023,37,4141.425057
-343.276826,37,4141.571658
-365.760927,37,4141.72367
-354.585059,39,4141.887498
-354.624013,37,4142.045498
-368.973548,37,4142.197111
-365.36604,37,4142.354576
-371.330943,37,4142.501552
-414.02749,48,4142.703472
-368.583092,37,4142.854436
-135.36424,23,4142.948381
-350.993884,37,4143.1037
-220.314176,34,4143.249741
-297.617574,31,4143.492863
-354.354362,37,4143.649492
-367.096425,37,4143.8075
-361.354912,37,4143.968539
-153.624918,25,4144.069498
-344.436985,37,4144.22844
-364.87761,37,4144.38405
-376.958455,37,4144.53549
-345.368664,37,4144.70875
-137.312758,24,4144.819859
-342.901008,37,4153.663427
-250.103028,38,4154.011112
-350.644169,37,4154.180334
-351.757534,37,4154.339611
-352.136077,37,4154.650509
-508.844348,70,4154.966637
-346.162112,37,4155.143811
-36.839882,22,4155.238678
-369.928214,37,4155.391406
-353.553643,37,4155.566975
-350.543147,37,4155.733826
-305.820762,45,4155.932278
-377.991765,37,4156.094055
-373.793709,37,4156.266715
-348.451295,37,4156.427816
-509.846073,59,4156.694715
-300.895705,31,4156.830426
-358.456743,37,4156.983264
-242.421412,23,4157.081251
-312.33723,33,4157.235173
-359.793151,37,4157.395842
-364.598218,37,4157.555711
-275.458857,97,4157.966657
-345.777689,37,4158.126732
-365.536266,37,4158.279707
-242.115682,23,4158.368937
-376.332845,37,4158.522407
-380.454166,37,4158.674222
-254.844994,38,4158.832488
-443.801271,51,4159.044054
-371.475163,37,4159.199021
-173.987488,27,4159.308971
-360.434482,37,4159.481302
-379.400792,42,4159.669933
-310.449595,44,4159.858671
-364.517179,37,4160.01614
-339.403255,37,4160.173296
-330.427031,35,4160.320114
-263.140788,28,4160.429269
-359.790088,37,4160.578611
-364.045276,37,4160.739084
-375.314899,37,4160.882888
-386.020475,43,4161.071949
-363.26937,37,4161.236228
-349.969199,37,4161.402218
-358.824515,37,4161.558427
-352.798463,37,4161.707562
-348.149243,37,4161.860039
-248.307047,37,4162.007934
-367.015275,37,4162.157558
-381.72728,37,4162.30807
-242.325935,24,4162.400604
-358.097073,37,4162.546365
-241.426592,22,4162.63814
-354.000558,37,4169.77356
-347.171004,37,4169.976969
-363.685332,37,4170.138468
-343.822601,37,4170.289148
-351.186061,37,4170.442539
-370.274316,37,4170.591572
-302.444057,30,4170.712148
-360.260754,37,4170.862417
-364.793794,37,4171.014538
-375.845512,37,4171.164193
-377.196932,37,4171.317921
-372.617921,37,4171.465897
-318.154901,33,4171.597989
-365.224065,37,4171.751647
-615.278433,101,4172.154493
-344.195577,37,4172.304451
-358.436311,37,4172.455573
-343.465469,37,4172.603175
-382.489325,37,4172.859489
-84.111584,48,4173.07074
-330.041118,35,4173.224663
-290.502348,30,4173.353703
-382.447009,42,4173.523182
-376.246846,37,4173.668414
-366.570137,37,4173.81859
-355.911148,37,4173.968929
-354.548905,37,4174.14084
-294.017003,29,4174.271074
-363.586996,37,4174.464611
-367.356767,37,4174.625475
-110.500098,31,4174.751298
-371.135294,37,4174.924245
-301.485647,31,4175.048265
-353.834212,37,4175.212601
-356.711216,36,4175.358058
-353.905608,37,4175.508813
-352.518477,37,4175.655784
-362.402597,37,4175.807248
-415.558555,46,4175.997156
-351.079495,37,4176.154491
-377.804185,37,4176.308128
-359.187693,37,4176.455248
-376.982331,37,4176.603378
-360.094463,37,4176.757778
-328.341556,34,4176.924664
-317.1627,34,4177.125858
-364.387343,37,4177.278971
-347.741655,37,4177.443698
-152.950118,25,4177.553889
-409.57506,45,4178.058407
-345.299354,37,4178.242686
-358.499671,37,4178.483365
-258.992128,26,4178.638527
-115.47251,34,4178.86765
-312.80961,34,4179.178612
-346.995572,37,4188.053987
-366.839589,37,4188.250649
-294.354414,32,4188.377124
-26.166052,33,4188.516149
-380.902709,37,4188.66774
-376.680353,37,4188.816985
-376.819564,37,4188.965522
-352.96633,37,4189.118695
-376.00858,37,4189.265065
-377.26925,37,4189.41466
-366.004088,37,4189.566488
-376.650568,37,4189.715401
-465.314828,56,4189.950458
-351.281003,39,4190.106938
-347.15159,37,4190.260956
-346.618665,37,4190.413012
-373.042331,37,4190.570788
-353.959278,37,4190.726501
-345.133372,37,4190.875236
-151.056019,26,4190.981922
-381.453795,42,4191.156958
-368.396322,37,4191.310883
-358.171418,37,4191.468362
-352.975828,37,4191.617802
-383.138495,37,4191.774049
-248.253418,25,4191.881488
-353.063098,37,4192.03602
-365.869456,37,4192.186231
-301.906584,32,4192.327874
-261.472001,26,4192.434173
-346.678567,37,4192.579161
-362.099121,37,4192.731907
-360.012516,37,4192.88234
-354.544264,37,4193.04059
-325.809576,34,4193.189711
-330.357177,35,4193.331396
-348.280113,37,4193.48457
-240.734957,22,4193.574525
-368.165356,37,4193.727744
-368.325614,37,4193.884928
-365.439966,37,4194.039655
-372.473958,37,4194.186207
-291.358764,49,4194.385555
-374.64789,39,4194.541952
-344.180179,37,4194.693887
-378.233438,37,4194.846193
-376.396655,37,4195.000658
-377.696826,37,4195.151711
-371.875224,37,4195.315318
-389.032043,37,4195.469073
-333.439607,36,4195.728019
-353.981334,37,4195.889169
-392.940255,37,4196.043661
-353.599961,37,4196.202321
-343.172314,37,4196.357199
-147.281144,38,4196.518456
-399.979287,37,4205.140024
-359.335131,37,4205.452874
-345.704583,37,4205.745137
-364.073179,37,4206.046372
-361.46284,37,4206.277777
-347.115182,37,4206.440147
-340.690257,37,4206.596677
-356.690728,37,4206.752881
-361.378347,37,4206.907083
-231.714641,22,4206.996993
-358.225305,37,4207.1553
-256.487547,37,4207.307603
-363.771391,40,4207.474305
-357.98455,37,4207.630139
-269.985903,27,4207.749962
-371.378042,37,4207.906981
-380.547857,41,4208.09299
-363.46719,37,4208.285329
-364.843393,40,4208.453901
-342.601133,37,4208.60964
-373.325071,37,4208.758197
-272.804961,27,4208.874827
-369.370913,37,4209.02728
-313.056093,34,4209.17083
-367.012185,37,4209.327529
-341.08906,37,4209.475628
-356.499052,37,4209.624043
-356.553188,37,4209.794107
-368.169374,37,4209.953213
-357.895643,37,4210.106336
-384.957715,37,4210.258511
-344.628299,37,4210.409713
-348.014644,36,4210.562754
-359.783687,37,4210.721037
-352.85562,37,4210.875795
-351.058106,37,4211.030308
-364.61349,37,4211.186723
-314.600784,34,4211.322764
-351.593488,37,4211.480357
-390.565094,37,4211.631045
-248.3606,24,4211.734091
-369.146882,37,4211.883058
-342.493548,37,4212.038119
-261.787642,26,4212.162443
-315.514824,32,4212.325868
-371.041455,37,4212.569082
-200.765773,30,4212.701682
-341.80239,37,4212.857556
-369.356255,37,4213.00918
-229.626136,35,4213.15771
-350.355909,37,4213.32367
-369.527159,37,4213.490374
-366.830684,37,4213.648222
-351.301511,37,4213.819551
-225.788678,35,4213.976318
-373.17476,37,4214.147744
-344.831771,37,4214.310694
-351.881144,37,4220.776041
-373.70237,37,4221.000867
-363.809309,37,4221.163745
-152.928947,24,4221.264927
-367.949732,37,4221.425934
-351.059237,37,4221.58851
-335.714111,35,4221.73724
-348.953923,37,4221.888735
-354.214319,37,4222.049436
-349.767233,37,4222.196285
-348.893887,37,4222.352705
-272.976894,43,4222.533192
-363.333047,37,4222.6836
-373.166328,41,4222.853403
-346.335909,37,4223.007135
-347.689942,37,4223.158717
-281.918019,30,4223.285607
-370.519486,37,4223.438676
-364.494728,37,4223.588814
-352.342589,37,4223.740713
-356.178464,37,4223.918819
-349.766184,37,4224.093241
-363.315377,37,4224.248143
-348.505461,37,4224.549632
-357.140576,37,4224.710626
-258.523337,26,4224.815753
-374.753977,37,4224.966817
-283.962327,29,4225.089231
-362.947918,37,4225.25166
-364.55691,37,4225.411891
-357.09276,37,4225.566908
-364.621937,37,4225.722396
-198.218327,30,4225.858685
-348.931743,37,4226.026214
-266.903767,37,4226.189258
-364.532194,37,4226.334597
-347.629385,37,4226.482855
-345.830818,37,4226.63897
-104.251746,31,4226.763883
-379.75434,37,4226.916046
-243.801503,37,4227.061428
-375.132175,37,4227.208263
-345.994734,37,4227.364978
-344.869544,37,4227.51511
-412.75667,101,4227.939759
-351.064109,37,4228.093924
-392.506145,37,4228.243485
-336.790216,37,4228.393812
-366.20429,37,4228.538666
-347.286303,37,4228.694151
-366.989253,37,4228.845812
-362.986232,37,4229.002652
-376.602203,37,4229.152581
-374.810557,37,4229.305751
-357.633448,37,4229.456199
-368.754463,37,4237.182741
-355.681596,36,4237.405307
-225.653631,32,4237.594572
-322.532346,34,4237.753314
-172.668899,27,4237.867237
-336.736697,101,4238.298315
-365.541888,37,4238.449962
-362.495351,37,4238.613074
-287.963289,40,4238.789745
-365.122786,37,4238.946578
-127.125913,35,4239.088546
-263.436681,27,4239.200046
-371.842993,37,4239.35332
-353.14512,37,4239.509887
-387.598758,37,4239.670994
-351.590078,37,4239.820756
-130.963102,21,4239.906124
-344.329213,37,4240.051294
-353.359446,37,4240.200739
-368.102756,37,4240.354876
-353.077658,37,4240.511289
-370.444305,37,4240.668541
-366.273294,37,4240.823691
-346.261977,37,4240.975077
-372.616856,37,4241.128596
-360.099913,37,4241.285104
-347.686318,37,4241.438963
-348.899721,37,4241.589309
-348.277492,37,4241.744175
-235.706247,37,4241.904932
-354.076645,37,4242.065076
-360.606526,37,4242.219083
-365.842258,37,4242.371712
-347.068221,37,4242.530374
-371.060845,37,4242.68799
-235.451547,35,4242.835666
-355.424963,37,4242.998884
-348.601303,37,4243.157388
-353.268651,37,4243.311534
-367.582635,37,4243.462112
-353.370346,37,4243.614443
-350.100411,39,4243.769186
-345.94882,37,4243.911787
-364.553159,37,4244.07961
-365.742573,38,4244.244219
-321.022215,33,4244.378848
-348.911939,37,4244.534298
-350.631533,37,4244.685037
-375.082817,37,4244.843887
-370.7345,37,4244.991457
-310.360677,33,4245.128501
-365.880216,37,4245.430982
-371.717171,37,4245.585061
-356.756222,37,4245.770693
-349.189337,37,4245.931246
-365.595952,37,4254.906912
-392.179824,43,4255.192213
-355.713343,37,4255.347101
-350.865091,37,4255.509226
-366.814412,37,4255.658421
-361.333648,37,4255.814029
-343.535303,37,4255.969092
233.144861,57,4256.208204
-220.906433,33,4256.343737
-364.119089,37,4256.488948
-367.178712,37,4256.639405
-348.610616,37,4256.787481
-350.08471,37,4256.936326
-336.913316,37,4257.090004
-421.413617,48,4257.289744
-260.125314,25,4257.39721
-341.577882,37,4257.547076
-363.107165,37,4257.699414
-356.462849,37,4257.862182
-362.891177,37,4258.019522
-341.17386,37,4258.182253
-366.761547,37,4258.336477
-321.513463,34,4258.475597
-347.883877,37,4258.62801
-368.431342,37,4258.783123
-247.106281,24,4258.881113
-356.092339,37,4259.027952
-396.684505,37,4259.174852
-363.523614,101,4259.586559
-365.819373,37,4259.736368
-254.310933,25,4259.839229
-349.995514,37,4260.003975
-24.454244,90,4260.376129
-368.360275,37,4260.549491
-373.13783,37,4260.711619
-355.116477,37,4260.855595
-345.759664,37,4261.004323
-379.622527,37,4261.165848
-338.490864,36,4261.313161
-299.382837,32,4261.437556
-345.965119,37,4261.591257
-354.024026,37,4261.747357
-371.118332,37,4261.899678
-352.096516,37,4262.04862
-346.159215,37,4262.201676
-353.16184,37,4262.350893
-358.795671,37,4262.513546
-369.816261,37,4262.664264
-118.951236,19,4262.740052
-349.991047,37,4262.89542
-346.689856,37,4263.04671
-365.815988,37,4263.199444
-43.071569,62,4263.466638
-374.996543,37,4270.015565
-382.148025,37,4270.183022
-349.369816,37,4270.327791
-357.109552,37,4270.479397
-357.923898,37,4270.628904
-359.494271,37,4270.781656
-360.791954,37,4270.928953
-349.138775,37,4271.093889
-373.722792,37,4271.261831
-367.699467,37,4271.434935
-298.796103,31,4271.564634
-353.497959,37,4271.722113
-253.384382,37,4271.883936
-370.568736,37,4272.048809
-396.00309,44,4272.231108
-344.152253,37,4272.382824
-352.361168,37,4272.539979
-344.968747,37,4272.701877
-354.863779,37,4272.848796
-367.515574,37,4272.99476
-354.017694,37,4273.159915
-323.4715,34,4273.305199
-132.185838,21,4273.407929
-298.50369,41,4273.579216
-351.273046,37,4273.754565
-351.112935,37,4274.024623
-391.480644,37,4274.227988
-361.493001,37,4274.41181
-364.027433,37,4274.590083
-319.487498,48,4274.80338
-323.066906,34,4274.943551
-344.084752,37,4275.098213
-370.047015,37,4275.307221
-350.663872,37,4275.460045
-362.919824,37,4275.635686
-358.456682,37,4275.808314
-359.396526,37,4275.963533
-368.111704,37,4276.119133
-347.593514,37,4276.281554
-376.08438,37,4276.434564
-357.009688,37,4276.592002
-359.822216,37,4276.750685
-340.717363,37,4276.901348
-362.265468,37,4277.053857
-377.680655,37,4277.207149
-386.168102,37,4277.371634
-359.208484,37,4277.521608
-345.708745,37,4277.680633
-382.490485,37,4277.84007
-388.978053,37,4277.99707
-372.796415,37,4278.147588
-369.84568,37,4278.307192
-263.845095,39,4278.46823
-361.569202,37,4278.618828
75.18378,23,4278.717813
-356.609787,37,4286.948933
-364.402703,37,4287.166455
-363.85002,37,4287.332153
-354.25358,37,4287.484746
-362.634824,37,4287.629841
-367.198756,37,4287.775359
-362.578484,37,4287.933371
-340.945326,36,4288.086006
-367.932676,37,4288.234932
-352.531994,37,4288.390859
-369.286026,37,4288.538842
-345.415672,37,4288.698941
-378.294683,37,4288.845611
-342.442969,37,4289.002195
-418.423959,46,4289.188732
-102.452048,45,4289.370577
-371.575763,37,4289.522361
-368.992881,37,4289.678141
-141.854055,37,4289.833156
-240.110735,34,4289.971328
-373.389358,37,4290.125739
-320.296195,33,4290.261477
-350.102559,37,4290.414067
-354.206629,37,4290.570253
-261.037049,39,4290.732968
-363.4348,37,4290.890087
-460.747684,49,4291.089949
-362.226474,37,4291.243265
-335.160097,37,4291.39007
-343.310688,37,4291.536582
-317.929066,35,4291.677745
-357.268366,37,4291.83175
-367.651986,37,4291.982723
-344.025828,37,4292.139035
-379.927974,37,4292.288465
-357.508436,37,4292.432933
-372.757683,37,4292.58753
-377.1483,37,4292.741742
-378.293927,37,4292.893741
-384.239381,37,4293.042955
-377.604624,37,4293.191514
-352.229131,37,4293.337448
-299.287319,33,4293.474385
-248.518839,37,4293.624653
-376.818092,37,4293.772519
-363.848374,37,4293.926664
-343.889838,37,4294.077232
-346.247181,37,4294.230974
-349.974671,37,4294.383395
-362.233814,37,4294.532766
-400.167716,43,4294.714
-356.989355,37,4294.870303
-365.156647,37,4295.025133
-347.815389,37,4295.176635
-137.458666,22,4295.265736
-412.102145,44,4304.883689
-352.518357,37,4305.259894
-390.991529,37,4305.563531
-366.634789,37,4305.809874
-387.525835,37,4306.000555
-506.55847,55,4306.251653
-359.279529,37,4306.398443
-385.671135,42,4306.575265
-13.544276,33,4306.718416
-377.560734,37,4306.87894
-382.351227,37,4307.026267
-37.115989,37,4307.18386
-342.682363,35,4307.328812
-208.256852,32,4307.456286
-364.39232,37,4307.601369
6.690492,48,4307.797242
-253.5552,26,4307.908654
-342.309297,37,4308.0557
-353.184845,37,4308.199775
-365.064336,37,4308.352507
-366.560269,37,4308.498504
-213.640633,19,4308.576349
-376.54514,37,4308.729429
-350.064145,37,4308.878658
-350.020275,37,4309.024688
-308.935519,33,4309.151852
-356.123456,37,4309.303212
-301.962098,32,4309.429888
-371.938029,37,4309.592846
-388.30919,37,4309.757532
-401.596687,37,4309.920491
-367.852688,37,4310.075017
-348.013282,37,4310.224719
83.71851,34,4310.361124
-354.075743,37,4310.50351
-363.822148,37,4310.656746
-346.794241,37,4310.807457
-273.462699,27,4310.920305
-366.639152,37,4311.063976
-242.201949,23,4311.157625
-277.23339,29,4311.277646
-341.707551,37,4311.428069
-293.334819,30,4311.550555
-348.006683,37,4311.699814
-435.195279,52,4311.904832
-405.264205,44,4312.080777
-380.298415,37,4312.240711
-372.836518,37,4312.389231
-253.928372,25,4312.487989
-349.849829,37,4312.638885
-342.876308,37,4312.786685
-385.984059,58,4313.0298
-203.767007,31,4313.18554
-375.053526,37,4313.343117
-302.192306,30,4313.471765
-369.640357,37,4313.631719
-348.796265,37,4313.786667
-368.523943,37,4320.105582
-131.827884,22,4320.229142
-149.640304,52,4320.463332
-297.666684,33,4320.603058
-66.371205,25,4320.712135
-342.1254,37,4320.881528
-368.647755,37,4321.034591
-355.9205,37,4321.196206
-386.269628,37,4321.354154
-383.779248,37,4321.503611
-375.565891,37,4321.656693
-432.85264,49,4321.86285
-326.444085,35,4322.007468
-357.392575,37,4322.158473
-405.018624,43,4322.331568
-239.411604,23,4322.430571
-344.487848,36,4322.578378
-281.581578,27,4322.69316
-366.898848,37,4322.849695
-352.341499,37,4323.002084
-348.620939,37,4323.157887
-350.643363,37,4323.308292
-356.492059,37,4323.457041
-345.280297,37,4323.613224
-372.65302,37,4323.76332
-387.364415,37,4323.914389
-171.223449,26,4324.014299
-284.821351,29,4324.132855
-346.775382,37,4324.284985
-382.578535,37,4324.547934
-343.487319,37,4324.706862
-355.919856,37,4324.873245
-358.968598,37,4325.036583
-260.464746,27,4325.142453
-352.441398,37,4325.292628
-357.733745,37,4325.448713
-366.763597,37,4325.596425
-366.812479,37,4325.761333
-355.97997,37,4325.934823
-376.991265,37,4326.145005
-304.156319,32,4326.282239
-307.356602,32,4326.413997
-395.939498,44,4326.598806
-238.44653,37,4326.753238
-339.795135,37,4326.905135
66.6471,41,4327.072809
-346.868605,37,4327.229013
-353.378642,37,4327.381484
-241.254919,49,4327.582553
-165.191235,26,4327.694499
-347.337546,37,4327.846516
-448.770324,94,4328.270204
-711.601494,101,4328.703897
-344.159737,37,4335.829332
-346.304031,37,4336.035999
-382.354524,37,4336.192044
-345.268192,37,4336.352177
-218.608891,34,4336.500133
-352.786915,37,4336.668275
-340.091823,37,4336.814305
-279.503466,41,4336.983184
-354.749858,37,4337.130558
-363.313432,37,4337.27841
-268.395347,26,4337.382683
-348.374657,37,4337.533786
-343.92706,38,4337.692306
-359.922941,38,4337.853953
-367.123167,37,4338.005112
-349.479202,37,4338.155683
-357.770651,37,4338.312614
-360.04869,37,4338.466162
-239.089886,22,4338.561874
32.661569,27,4338.683011
-348.655414,37,4338.838815
-379.630411,37,4338.993347
-356.471656,37,4339.138634
-359.575848,37,4339.291184
-231.934258,35,4339.428191
-350.851013,37,4339.575947
-344.391217,37,4339.728525
-161.267008,26,4339.835619
-294.400764,86,4340.182893
-356.586785,37,4340.335261
-342.025366,37,4340.489205
-281.455982,29,4340.610155
-350.563928,37,4340.75877
-321.810468,35,4340.901526
-355.658884,37,4341.048872
-365.962999,37,4341.200061
-358.959713,37,4341.34505
-369.957039,37,4341.497105
-362.977216,37,4341.649626
-357.058662,37,4341.796645
-340.525082,37,4341.945494
-345.414888,37,4342.097153
-252.740462,24,4342.196196
-341.315636,37,4342.341981
-291.515491,30,4342.471719
-358.916337,37,4342.64721
-360.653729,37,4342.8063
-357.048322,37,4342.968578
-357.152775,37,4343.125615
-351.664268,37,4343.280879
-301.086063,31,4343.409415
-179.172735,29,4343.536984
-363.859412,37,4343.714496
-346.943807,37,4343.87438
-351.992368,37,4344.041704
-372.592362,37,4344.201897
-376.443817,37,4344.361826
-338.281968,37,4350.92857
-351.489375,37,4351.111966
-368.985716,37,4351.370144
-360.846806,37,4351.52616
-356.730146,37,4351.675487
-135.008724,50,4351.89066
-126.611463,21,4351.976707
-371.580312,37,4352.126933
-242.424707,36,4352.278238
-386.407256,37,4352.43545
-253.329283,24,4352.546265
-367.430381,37,4352.710015
-158.716124,27,4352.850589
-179.072207,64,4353.121414
-135.268204,22,4353.219922
-345.41496,37,4353.37061
-368.600397,37,4353.516916
-366.123909,37,4353.677268
-362.149686,37,4353.824462
-351.698785,37,4353.976418
-245.805031,37,4354.120708
-243.904495,37,4354.270595
-350.658453,37,4354.425689
-341.196071,37,4354.570303
-376.63852,37,4354.717379
-356.005312,37,4354.869382
-354.939075,37,4355.021034
-71.370241,26,4355.129316
-353.120469,37,4355.278063
-149.88494,37,4355.431609
-353.216127,39,4355.586144
-239.681448,23,4355.685108
-384.23284,37,4355.840112
-266.063915,26,4355.943716
-367.304238,37,4356.107831
-365.312051,37,4356.268572
-370.941215,37,4356.417639
-234.100285,36,4356.566237
-364.299313,37,4356.737824
-257.217183,26,4356.89574
-185.320973,28,4357.064014
-350.720281,37,4357.313788
-355.110114,37,4357.567179
-343.396001,37,4357.940336
-220.257546,35,4358.463283
-367.65814,37,4359.026566
-361.556846,37,4359.463527
-355.853567,37,4359.868358
-350.537535,38,4360.245381
-374.238387,37,4360.635696
-351.684078,37,4361.117561
-358.173012,37,4361.605635
-346.407691,37,4362.14209
-247.971896,25,4362.396711
-343.507652,37,4362.684324
-214.489768,33,4362.917247
-354.315434,37,4363.108293
-257.511494,37,4369.479065
-366.366179,37,4369.706226
-345.527007,37,4369.858225
-254.154775,37,4370.009591
-283.687118,41,4370.172065
-342.005476,37,4370.325227
-365.961212,37,4370.471453
-367.149678,37,4370.624671
-468.445879,58,4370.860079
-232.235583,38,4371.022682
-341.061022,37,4371.172294
-358.06515,37,4371.316453
-359.734508,37,4371.466825
-358.818354,37,4371.612006
-27.480363,22,4371.703198
-355.921212,37,4371.85093
-357.317594,37,4371.998222
-266.969688,26,4372.101883
-348.987187,37,4372.247984
-344.779142,37,4372.400118
-289.534717,29,4372.514769
-368.885506,37,4372.663277
-375.023643,37,4372.81402
-385.865984,37,4372.96572
-365.76869,41,4373.130568
-364.989517,37,4373.280281
-376.845826,37,4373.430772
-327.621822,33,4373.568472
-338.077156,36,4373.715156
-85.05528,30,4373.84215
-374.417335,37,4373.990828
-419.114488,53,4374.212533
-123.771014,19,4374.401634
-345.301847,37,4374.556552
-342.397498,37,4374.711656
-86.235267,31,4374.840821
-405.337057,46,4375.028465
-364.812995,37,4375.178926
-360.576958,37,4375.334359
-298.678968,31,4375.468513
-369.910575,37,4375.640505
-346.894129,37,4375.805347
-365.867098,37,4375.96331
-369.421246,37,4376.135239
-278.099884,28,4376.250681
-356.747864,37,4376.400562
-347.270045,37,4376.581129
-365.854441,37,4376.787187
-345.085184,35,4377.0411
-349.752794,37,4377.262017
-345.778581,37,4377.445463
-322.232005,34,4377.635825
-189.175303,42,4377.87799
-353.933942,37,4378.092895
-365.823075,37,4378.298573
-343.002697,37,4378.512976
-327.677698,33,4378.703067
-345.170574,37,4387.083767
-371.161308,37,4387.261438
-354.050642,37,4387.419652
-343.67429,38,4387.579633
-370.586439,37,4387.739155
-342.75363,37,4387.892238
-383.316576,37,4388.040734
-346.780378,37,4388.223357
-349.863334,37,4388.382666
-351.371379,37,4388.535154
-349.908565,37,4388.685845
-278.272114,41,4388.860286
-345.249996,37,4389.014398
-360.551066,37,4389.16325
-366.979803,37,4389.319508
-361.066196,37,4389.470683
-370.545459,37,4389.625456
-395.774799,43,4389.814138
-362.064839,39,4389.98414
-355.010875,37,4390.135255
-267.000095,27,4390.243287
-355.594264,37,4390.391348
-344.541529,37,4390.537803
-560.717576,101,4390.949624
-366.994544,48,4391.141201
-380.541922,37,4391.293894
-350.81646,37,4391.441367
-365.627147,37,4391.59176
-359.319327,37,4391.749121
-349.983141,37,4391.912885
-360.221232,37,4392.070749
-199.568647,31,4392.202668
-353.623687,37,4392.348614
-716.521078,101,4392.780489
-357.076369,37,4392.935648
-363.940797,37,4393.091817
-344.994591,37,4393.244348
-313.988917,33,4393.382077
-300.789069,30,4393.503199
-347.827578,37,4393.653773
-355.740509,37,4393.803089
-350.933721,37,4393.953193
-192.132736,30,4394.074897
-353.807599,37,4394.224656
-466.256457,58,4394.464193
-341.876527,37,4394.611547
-248.593113,37,4394.766467
-353.027022,37,4394.921533
-407.234358,41,4395.084384
-371.050592,37,4395.24075
-393.380722,37,4395.38704
-358.023288,37,4402.174379
-366.554859,37,4402.371788
-371.101254,37,4402.542597
-375.499621,37,4402.701956
-678.25521,83,4403.152989
-274.900218,27,4403.270769
-358.117794,37,4403.426825
-385.120366,50,4403.621779
-363.800622,37,4403.781774
-111.855238,18,4403.855611
-358.745749,37,4404.005959
-354.337952,37,4404.154654
-178.325817,28,4404.300795
-350.375853,37,4404.460553
-346.192094,37,4404.650417
-306.602279,33,4404.79204
-318.612897,33,4404.928153
-343.514736,37,4405.07958
-177.285101,27,4405.19292
-356.249863,37,4405.350952
-341.891959,37,4405.506635
-316.239785,33,4405.649793
-351.835926,37,4405.799464
-370.184172,37,4405.953882
44.663268,34,4406.097478
-360.085998,37,4406.253929
-353.42796,37,4406.415288
-353.283235,37,4406.566432
-289.012565,41,4406.73153
-356.997037,37,4406.885535
-386.311901,37,4407.037898
-362.557819,37,4407.202409
-37.677087,44,4407.383684
-573.046013,70,4407.657047
-354.73262,37,4407.812015
-356.444363,37,4407.966798
-364.151396,37,4408.115683
-370.346509,37,4408.267448
-296.54697,31,4408.387576
-354.378635,37,4408.711717
-379.987198,37,4409.007565
-257.042976,25,4409.304081
-359.410582,37,4409.617919
-297.232328,30,4409.945166
-363.521366,37,4410.397361
-271.563352,39,4410.902194
-369.543415,37,4411.522202
-361.717531,37,4412.120956
-297.173945,31,4412.484321
-340.619779,36,4412.914009
-315.252164,32,4413.242918
-383.868302,37,4413.619443
-467.880241,59,4414.266277
-250.964837,37,4414.713178
-358.374075,37,4415.162046
-369.739222,37,4423.493655
-355.415595,37,4423.675635
-344.434525,37,4423.852131
-357.452976,37,4424.006173
-346.881104,37,4424.166857
-271.596475,27,4424.278555
-361.37382,37,4424.427081
-387.384307,37,4424.578551
-366.405922,37,4424.728912
-355.670912,37,4424.874402
-338.557505,37,4425.026298
-349.878409,37,4425.174797
-362.109532,37,4425.325666
-324.582079,34,4425.462011
-375.147524,37,4425.60814
-351.218841,37,4425.76242
-359.163428,37,4425.912139
-145.876153,37,4426.065912
-356.660723,37,4426.22277
-339.283747,36,4426.374112
-359.898507,37,4426.527294
-243.667599,24,4426.622241
-177.228089,28,4426.744757
-384.583895,37,4426.891253
-365.76966,37,4427.042758
-406.117675,37,4427.201298
-287.323837,40,4427.367197
-431.856592,48,4427.563207
-350.611333,37,4427.713993
-353.335043,37,4427.867424
-349.301855,37,4428.017091
-370.031117,37,4428.175965
-350.113222,37,4428.327006
-355.707319,37,4428.479257
-369.23579,37,4428.766324
-382.03273,37,4428.914988
-372.020043,37,4429.065393
-138.69984,37,4429.229895
-340.706097,37,4429.381709
-378.350595,37,4429.538595
-341.041931,35,4429.679485
-335.626079,36,4429.821241
-367.212523,37,4429.981334
-111.053134,32,4430.115206
-370.62657,37,4430.292125
-267.84326,27,4430.433886
-344.881672,37,4430.631631
-361.001423,37,4430.795041
-359.483243,37,4430.946524
-240.193365,41,4431.123334
-343.30316,38,4431.279377
-634.86823,101,4431.702593
-294.684514,30,4431.820952
-376.627431,37,4431.968441
-252.414972,37,4432.115969
-343.674367,37,4440.76353
-356.052428,37,4440.92022
-363.230868,37,4441.071861
-347.930856,37,4441.224085
-241.077272,37,4441.368915
-352.567012,37,4441.522954
-349.538198,36,4441.667991
-363.408271,37,4441.818339
-372.454494,37,4441.971286
-328.473084,34,4442.103863
-354.910722,37,4442.251234
-387.701117,42,4442.4243
-357.640512,37,4442.579425
-694.135793,79,4442.900784
-382.011015,37,4443.052373
-351.609013,38,4443.203156
-369.565924,37,4443.350808
-345.134892,37,4443.509505
-376.828865,37,4443.662144
-392.882554,37,4443.816327
-359.332415,37,4443.9595
-367.917188,37,4444.107904
-273.229344,40,4444.270786
-356.219835,37,4444.421702
-381.406278,37,4444.569053
-359.198438,37,4444.72304
-375.53618,40,4444.886183
-357.077273,37,4445.03754
-368.299268,37,4445.185068
-362.120333,37,4445.335503
-247.611846,24,4445.429239
-350.85632,37,4445.579428
-357.581384,38,4445.730113
-353.418497,37,4445.882822
-340.659196,37,4446.032443
-643.310876,101,4446.433319
-132.736153,21,4446.51727
-373.747464,37,4446.666797
-437.537288,53,4446.878564
-352.692139,37,4447.028898
-401.029608,37,4447.179446
-348.193908,37,4447.331462
-348.717566,37,4447.478148
-255.960159,40,4447.642382
-356.834746,37,4447.792316
-368.861158,37,4447.941252
-363.737506,37,4448.093201
-356.160781,37,4448.263774
-354.670671,37,4448.429403
-352.188921,37,4448.586222
-291.871273,29,4448.723259
-85.387969,29,4448.851256
-333.551904,36,4448.997886
-359.142111,37,4456.060267
-166.002325,27,4456.185645
-361.600888,37,4456.371463
-350.004782,37,4456.516356
-290.63046,30,4456.646448
-357.040651,37,4456.797943
-428.931798,52,4457.009623
-141.727095,23,4457.110487
-137.668199,23,4457.309292
-357.476158,37,4457.459772
-353.352925,37,4457.604361
-414.335843,49,4457.799024
-348.765198,37,4457.950683
-264.196592,39,4458.113572
-356.982366,37,4458.265766
-367.078352,37,4458.41694
-361.681428,37,4458.601171
-327.874376,35,4458.780908
-376.069809,40,4458.955121
-340.390154,37,4459.105092
-250.7667,26,4459.210586
-337.530253,37,4459.365724
-355.668804,37,4459.516633
-679.197508,101,4459.932636
-379.53677,37,4460.098068
-375.204577,37,4460.248781
-276.046244,28,4460.370211
-364.764106,37,4460.516754
177.736757,22,4460.613933
-348.663908,37,4460.768073
-359.699577,37,4460.921599
-343.97125,36,4461.068439
-349.626175,37,4461.225339
-353.142529,37,4461.376809
-354.46882,37,4461.528847
-359.064926,37,4461.681546
-370.211856,40,4461.84681
-363.909333,37,4462.00014
-358.72398,37,4462.155556
-370.196131,37,4462.304471
-225.826393,21,4462.390573
-423.627861,49,4462.593413
-329.036988,34,4462.782129
-370.55514,37,4463.038258
-174.640781,27,4463.237281
-376.133253,37,4463.498629
-370.293908,37,4463.854018
-373.266537,37,4464.229429
-340.212052,49,4464.724413
-342.07716,37,4465.077272
-349.732244,37,4465.364817
-353.330011,37,4465.617013
-369.942607,37,4465.896614
-392.22367,44,4466.201317
-338.79816,37,4472.858336
-366.49878,37,4473.067887
-170.494173,27,4473.190011
-387.940526,37,4473.341357
-371.950653,37,4473.486116
-351.814175,37,4473.638728
-345.261835,37,4473.794949
-357.207251,37,4473.943415
-364.836032,37,4474.097096
-360.601202,37,4474.246609
-319.612262,33,4474.384074
-331.523564,34,4474.523253
-374.583925,37,4474.677377
-371.106591,37,4474.825351
-234.47071,22,4474.915967
-180.592291,28,4475.029765
-354.679944,37,4475.17803
-367.297726,37,4475.327239
-294.15991,30,4475.457033
-359.508023,37,4475.614003
-321.331391,34,4475.761268
-350.544438,37,4475.92203
-347.250629,37,4476.074683
-374.260647,37,4476.222442
-248.683189,25,4476.330204
-363.307295,37,4476.482297
-351.852824,37,4476.627918
-308.662447,31,4476.753902
-378.081814,37,4476.900747
-371.946535,37,4477.058501
-365.88081,37,4477.302455
-386.34156,37,4477.454822
-347.889606,37,4477.603942
-365.856277,37,4477.751207
-350.011222,37,4477.899511
-368.611412,37,4478.092876
-346.61746,37,4478.458299
-364.438671,37,4478.671813
0.601831,50,4478.901044
-367.470764,37,4479.262328
-370.232559,37,4479.455768
-288.07213,30,4479.585285
-358.236842,37,4479.729951
-368.143211,37,4479.878111
-352.931569,37,4480.036146
-349.809651,37,4480.190492
-295.310465,29,4480.317618
-206.115085,31,4480.463789
-352.98156,37,4480.636614
-348.008573,36,4480.798129
-347.843672,37,4480.950709
-367.464784,37,4481.101989
-343.268196,37,4481.245204
-109.258799,33,4481.384613
-277.355092,28,4481.501618
-351.44091,35,4481.653669
-364.913087,37,4481.811796
-359.412414,37,4481.956553
-261.653508,39,4490.012533
-350.850301,37,4490.21316
-353.239499,37,4490.37737
-353.151838,37,4490.528788
-352.023075,37,4490.684772
-359.719169,39,4490.845503
-351.577932,36,4490.992852
-351.09472,37,4491.14513
-345.740025,37,4491.306408
-336.764254,37,4491.470029
-186.868433,40,4491.636626
-330.825131,36,4491.797048
-362.577998,37,4491.950569
-357.393077,38,4492.10831
-345.406141,37,4492.263039
-350.326085,37,4492.414241
-363.207222,37,4492.561898
-346.882024,37,4492.716658
-274.65692,27,4492.829734
-355.806172,37,4492.983057
-362.004439,37,4493.132664
-353.592352,37,4493.289078
-166.109289,26,4493.399124
-351.580819,37,4493.550408
-235.02612,36,4493.704703
-374.957939,37,4493.869132
-369.857983,37,4494.017787
-309.526885,32,4494.141441
-372.059597,37,4494.294765
-353.883484,37,4494.445451
-257.059282,37,4494.59129
-360.811473,37,4494.738292
-60.128544,26,4494.845228
-369.916417,37,4494.999691
-236.037848,22,4495.091385
-353.097425,37,4495.243171
-355.280586,37,4495.393922
-353.146888,37,4495.549951
-340.071529,37,4495.702099
-367.806731,37,4495.852979
-347.821838,37,4496.00718
-369.66376,37,4496.156423
-376.166895,37,4496.307198
-361.45557,37,4496.462467
-362.044573,37,4496.608003
-355.100985,37,4496.761091
-370.347454,37,4496.910754
-344.320067,37,4497.060917
-357.612051,37,4497.213304
-257.816562,37,4497.366216
-349.140855,37,4497.521757
-355.246549,37,4497.678837
-362.72663,37,4497.827341
-354.417401,37,4497.98001
-186.657199,29,4498.098212
-363.2469,37,4498.250373
-352.969415,37,4498.402341
-354.928656,37,4504.984805
-130.124856,36,4505.177106
-258.148485,24,4505.290316
-366.770333,37,4505.463782
-364.628396,37,4505.634721
-374.450337,40,4505.818647
-644.379406,101,4506.267085
-363.017825,37,4506.432248
-376.451931,37,4506.578643
-379.151734,42,4506.848371
-643.023174,101,4507.267624
-72.204769,28,4507.382767
-343.532789,37,4507.53482
-378.739746,37,4507.68884
-298.800146,31,4507.820605
-337.294204,36,4507.972084
-353.57141,37,4508.187414
-365.986787,39,4508.386037
-378.711188,37,4508.546941
-374.925057,37,4508.704429
-343.44116,37,4508.858372
-349.922448,37,4509.008714
-262.105434,26,4509.116267
-468.057617,52,4509.328919
-354.393461,37,4509.475743
-354.413986,37,4509.626214
-344.388471,37,4509.780765
-369.849896,37,4509.93954
-345.909086,37,4510.102252
-221.02303,33,4510.246656
-253.140105,23,4510.34041
-353.857872,37,4510.488025
-174.88587,27,4510.597339
-93.801051,30,4510.724552
-369.796951,37,4510.883436
-303.579121,32,4511.021434
-344.210903,36,4511.177789
-367.211655,37,4511.328233
-250.278417,37,4511.475681
-347.207572,37,4511.62594
-371.774192,37,4511.779559
-347.959225,37,4511.928675
-369.915678,37,4512.081558
-352.08223,37,4512.257144
-386.346106,37,4512.486663
-369.767917,37,4512.757436
-736.389383,101,4513.611953
-202.502772,31,4513.846829
-383.145982,37,4514.200736
-366.25688,37,4514.511734
-350.442905,37,4514.733522
-344.649922,37,4514.900147
-369.526134,37,4521.46583
-260.626143,26,4521.603052
-332.876133,35,4521.759908
-234.388652,22,4521.851413
-344.935667,38,4522.006663
-374.68997,37,4522.157696
-260.115103,27,4522.272038
-403.367323,37,4522.423011
-356.944554,37,4522.577603
-384.683382,37,4522.732658
-359.956051,37,4522.88111
-349.155062,37,4523.032586
-369.681019,37,4523.183922
-173.957797,28,4523.298758
-164.280471,37,4523.448751
-372.761847,37,4523.6129
-352.288862,37,4523.779293
-258.745272,26,4523.902859
-336.722148,36,4524.061552
-363.745483,37,4524.20911
-355.615925,37,4524.361581
-452.271367,48,4524.552493
-376.770224,37,4524.709014
-386.096121,42,4524.876144
-320.416248,33,4525.011781
-291.30955,30,4525.132912
-372.508168,37,4525.285907
-358.738459,37,4525.436789
-337.244745,35,4525.580564
-375.10318,37,4525.735096
-365.693698,37,4525.880382
-304.972651,30,4526.001457
-349.784012,43,4526.176564
-369.348232,37,4526.329445
-393.313268,37,4526.483543
-351.155716,37,4526.640806
-358.292587,37,4526.793857
-351.418143,37,4526.941942
-365.831305,37,4527.099803
-367.436864,37,4527.24771
-364.752573,37,4527.399114
-365.766985,37,4527.668295
-351.385941,37,4527.820334
-325.942795,33,4527.959704
-324.480361,34,4528.09973
-345.132687,37,4528.25144
-362.262251,37,4528.404226
-363.645739,37,4528.55706
-370.705474,37,4528.715115
-368.155481,37,4528.892685
-371.100346,37,4529.065751
-122.343248,20,4529.171089
-370.414192,37,4529.336207
-350.754416,37,4529.494726
-269.646383,27,4529.606104
-361.752187,37,4529.758978
-158.14989,26,4529.871441
-373.326186,38,4530.028792
-354.447901,37,4537.510762
-301.610905,32,4537.675834
-151.763361,40,4537.855379
-389.487202,37,4538.013347
-372.497371,37,4538.167452
-362.317556,37,4538.318201
-348.328892,37,4538.466302
-736.395064,83,4538.822966
-386.578299,37,4538.979716
-169.217456,26,4539.084617
-357.819912,37,4539.234254
-232.780261,22,4539.326219
-377.785334,37,4539.4785
-354.676163,37,4539.635207
-384.074728,37,4539.791962
-131.308112,22,4539.885155
-364.646638,37,4540.033773
-292.018567,30,4540.160236
-401.479419,45,4540.337701
-372.399161,37,4540.486544
-327.665146,33,4540.618407
-364.711417,37,4540.771137
-297.368969,31,4540.899795
-452.872672,47,4541.089652
-363.458875,37,4541.240666
-350.070781,37,4541.393554
-345.133738,37,4541.54836
-360.544002,37,4541.699946
-368.611954,37,4541.848799
-350.683656,37,4542.002754
-369.731246,37,4542.150429
-350.179633,37,4542.306004
-358.158963,37,4542.458275
-240.059234,23,4542.554407
-222.097893,35,4542.698947
-336.355494,36,4542.846585
-360.863488,37,4542.996068
-360.910755,37,4543.149886
-360.09909,37,4543.307827
-375.387865,37,4543.454357
-166.531405,27,4543.562924
-361.441472,37,4543.70483
-366.125882,37,4543.856919
-374.947863,37,4544.006344
-320.411971,32,4544.136862
-333.892834,35,4544.280489
-364.787026,37,4544.429366
-350.628617,37,4544.586136
-199.00912,29,4544.708554
-364.07736,37,4544.860669
-349.017891,37,4545.011059
-372.138063,37,4545.167618
-356.667465,39,4545.32843
-145.440989,23,4545.422652
-355.376892,37,4545.569988
-375.553354,37,4545.717627
-367.254521,37,4545.86616
-352.929688,37,4552.576493
-349.114292,37,4552.753305
-333.894918,36,4552.916507
-374.350931,37,4553.071999
-354.79155,37,4553.231417
-374.74169,37,4553.381881
-137.049178,36,4553.535787
-356.939506,37,4553.696229
-277.17523,28,4553.820621
-348.092845,37,4553.972385
-283.318494,28,4554.087555
-376.812481,37,4554.243421
-344.788215,37,4554.400188
-359.740861,37,4554.548642
-335.815738,35,4554.803597
-373.491711,37,4554.951475
-350.417037,37,4555.099394
-348.469899,37,4555.258031
-366.351701,37,4555.414578
-358.43827,37,4555.561083
-375.057427,37,4555.715976
-362.723236,37,4555.866879
-222.633004,34,4556.002399
-274.620815,28,4556.128734
-351.968338,37,4556.297609
-361.678918,37,4556.498285
-360.962937,37,4556.66782
-360.094912,37,4556.811949
-353.718022,37,4556.964937
-384.512643,37,4557.111901
-350.654777,37,4557.26572
-358.479983,38,4557.424977
-354.947104,37,4557.573104
-45.628346,24,4557.670049
-375.780209,37,4557.819441
-355.723444,37,4557.971673
-378.402841,37,4558.125954
-363.188553,37,4558.279097
-350.109994,37,4558.424393
-320.009343,38,4558.583316
-127.44051,20,4558.671238
-347.995241,37,4558.824901
-476.885619,56,4559.056995
-316.180078,33,4559.194821
-332.628763,88,4559.557196
-319.222731,31,4559.696552
-223.66914,20,4559.777881
-349.637695,37,4559.93044
-369.092457,37,4560.085315
-370.703861,37,4560.236104
-249.637586,36,4560.400681
-350.958159,37,4560.601791
-192.215535,30,4560.798727
-83.552753,59,4561.26183
-352.224853,37,4561.555788
-356.434522,37,4568.977061
-258.245909,37,4569.17446
-362.600148,37,4569.331003
-366.991163,37,4569.484364
-349.754352,37,4569.636496
-367.74342,37,4569.789164
-342.200683,36,4569.934215
-362.183944,37,4570.087322
-361.35499,37,4570.245853
-234.251897,22,4570.334301
-337.010579,35,4570.481852
-219.515737,33,4570.621391
-378.806068,37,4570.776953
-367.415581,37,4570.935858
-357.586803,37,4571.099835
-363.439741,37,4571.264289
-341.256719,37,4571.41729
-159.674245,26,4571.527862
-355.710792,37,4571.691087
-154.829949,23,4571.783838
-360.80953,37,4571.937505
-360.69877,37,4572.090402
-367.470368,37,4572.238978
-380.810713,37,4572.391515
-372.699369,37,4572.537735
-324.015721,35,4572.679569
-335.787734,36,4572.829839
-357.85252,37,4572.98945
-382.413277,37,4573.171006
-367.144387,37,4573.331099
-273.809175,27,4573.448806
-126.471539,20,4573.52806
-353.991411,37,4573.704693
-233.230597,21,4573.797677
-351.707026,37,4573.960303
-381.783539,37,4574.120556
-362.681832,37,4574.269758
-346.854739,37,4574.421968
-317.276778,33,4574.558703
-386.069077,44,4574.732517
-358.24135,39,4574.88775
-350.614914,37,4575.04565
-369.001351,37,4575.196006
-369.051846,37,4575.34702
-376.261721,37,4575.500189
-369.071634,37,4575.772361
-358.262527,37,4575.921519
-321.911475,35,4576.078244
-363.196254,37,4576.237778
-133.689603,37,4576.392782
-377.331812,37,4576.539809
-251.635559,26,4576.651007
-338.517998,36,4576.80801
-126.75851,33,4576.949334
-392.646514,37,4577.11146
-291.228524,29,4577.241105
-198.433067,31,4577.386956
-340.818872,39,4577.595379
-231.926759,22,4577.6902
-357.776173,37,4585.694109
-257.445264,25,4585.840972
-345.001708,37,4586.004348
-371.69048,37,4586.16344
-192.498723,30,4586.292107
-269.605585,27,4586.398966
-353.850821,37,4586.546162
-244.262142,36,4586.691785
-377.562525,37,4586.846804
-349.943049,37,4587.003017
-279.300688,40,4587.226346
-249.16533,25,4587.33997
-348.869712,37,4587.499682
-353.926877,37,4587.653128
-347.249294,37,4587.803957
-361.928667,37,4587.969502
-362.306615,39,4588.146142
-383.063772,37,4588.299523
-134.199337,22,4588.391661
-150.218408,23,4588.482597
-644.460376,94,4588.886817
-467.788732,51,4589.091762
-359.040782,37,4589.253662
-183.363059,29,4589.375686
-363.396674,37,4589.527719
-228.322188,35,4589.669148
-365.28749,39,4589.819879
-365.272149,37,4589.984997
-269.619582,27,4590.09184
-130.284069,51,4590.302781
-371.847992,37,4590.451419
-367.618703,37,4590.601632
-329.77403,36,4590.74763
-366.798508,37,4590.899335
-355.601346,37,4591.047997
-355.765148,37,4591.198871
-218.50912,19,4591.27262
-349.208277,37,4591.419174
-359.772503,37,4591.570583
-350.527519,37,4591.720359
-198.792051,30,4591.838751
-373.828565,37,4591.986783
-364.208956,37,4592.140974
-632.180515,86,4592.494273
-374.407627,37,4592.633
-344.472422,37,4592.777715
-353.529123,37,4592.934342
-353.150126,37,4593.08229
-325.840646,34,4593.221052
-429.13556,46,4593.39999
-398.747136,44,4593.578213
-363.998866,37,4593.731095
-349.841224,37,4593.892102
-321.685977,32,4594.028849
-348.839159,37,4594.184446
-122.863734,57,4601.890271
-369.198081,37,4602.042316
-508.040542,54,4602.264264
-374.118368,37,4602.422285
-651.252035,89,4602.780687
-226.51194,35,4602.928327
-253.984395,26,4603.031912
-359.423372,37,4603.187198
-208.10063,32,4603.319339
-361.77508,37,4603.468586
-344.823972,37,4603.618439
-378.437498,41,4603.785251
-243.260404,38,4603.939135
-375.315842,37,4604.08987
-359.857247,37,4604.354226
-347.645249,37,4604.509023
-278.878159,28,4604.6242
-371.365295,37,4604.778044
-312.106196,35,4604.925069
-10.497614,53,4605.149056
-387.985276,37,4605.304691
-343.855623,37,4605.453478
-346.282183,37,4605.600272
-344.740948,37,4605.747294
-681.659371,92,4606.146606
-372.023189,37,4606.302457
-347.599512,38,4606.455393
-353.243907,37,4606.607092
-368.874633,37,4606.753292
-724.757297,89,4607.138082
-359.209798,37,4607.321078
-355.242099,37,4607.474979
-376.771353,37,4607.629963
-367.262274,37,4607.781072
-248.605471,23,4607.881158
-353.079792,37,4608.034572
-379.86363,37,4608.183368
-355.329106,37,4608.331799
-356.391749,37,4608.474658
-356.074251,37,4608.624694
-362.490977,37,4608.778172
-360.771109,37,4608.940949
-359.630522,37,4609.09826
-394.908326,37,4609.252063
-343.111818,37,4609.405191
-347.696622,37,4609.68168
-371.695232,37,4609.941876
-378.92985,37,4610.13652
-364.673589,37,4610.290637
-149.936017,25,4610.400444
-274.721209,26,4610.509611
-162.295744,26,4619.98899
-194.051997,43,4620.211942
-344.93912,37,4620.371521
-446.801191,49,4620.576053
-345.234439,37,4620.731433
-337.640254,35,4620.874052
-156.057509,38,4621.030446
-367.243994,37,4621.183768
-352.114093,37,4621.332994
-254.782423,25,4621.4282
-365.497491,37,4621.575258
-244.898552,22,4621.661145
-317.762966,33,4621.799109
-263.268574,38,4621.951597
-359.462339,37,4622.099604
-353.257343,37,4622.246831
-365.411127,37,4622.394894
-341.833644,37,4622.549883
-272.602935,25,4622.655642
-168.189589,27,4622.762277
-250.055653,36,4622.911771
-475.230813,59,4623.144925
-373.831137,37,4623.300503
-355.265535,37,4623.450621
-357.559387,37,4623.596677
-362.877959,37,4623.743925
-394.723647,46,4623.939342
-314.45548,33,4624.069553
-345.631553,37,4624.218478
-391.052762,37,4624.363315
-235.772505,20,4624.445639
-136.826123,34,4624.5834
-221.066337,20,4624.667053
-575.640862,65,4624.928383
-260.839932,24,4625.029161
-351.767269,37,4625.179674
-373.289039,37,4625.330185
-329.379034,35,4625.469269
-357.545128,37,4625.618423
-349.443149,37,4625.768264
-323.771178,33,4625.895359
117.148026,69,4626.18117
-283.152198,28,4626.296021
-347.066794,37,4626.452357
-347.027165,37,4626.600232
-372.145212,37,4626.74956
-349.896491,37,4627.006378
-275.327241,28,4627.121363
-359.843458,37,4627.277553
-346.84189,37,4627.432368
-370.649235,37,4627.582918
-356.999615,37,4627.734739
-294.175444,30,4627.856285
-332.61675,33,4627.986227
-367.832618,37,4628.165416
-349.558405,37,4628.367596
-341.612476,37,4636.950779
-347.078957,37,4637.181784
-278.906212,28,4637.318756
-363.131422,37,4637.497901
-231.223349,19,4637.58702
-46.652265,55,4637.824415
-346.706245,37,4637.982323
-370.834361,37,4638.135255
-367.080321,37,4638.285197
-385.540951,37,4638.441102
-354.3984,37,4638.596712
-360.299816,37,4638.757005
-352.591999,37,4638.910872
-348.348865,37,4639.054137
-353.741936,37,4639.206124
-362.277518,37,4639.35223
-360.957279,37,4639.507941
-350.896471,37,4639.657113
-440.305626,101,4640.054616
-358.901201,37,4640.204487
-250.24142,23,4640.298105
-362.193466,37,4640.45412
-358.309258,37,4640.607548
-363.657646,37,4640.756411
-161.737203,26,4640.863005
-378.040347,37,4641.017917
-350.300896,37,4641.172254
-372.317623,37,4641.325349
-346.125625,37,4641.479042
-366.691192,37,4641.632501
-348.093253,37,4641.789118
-360.16446,37,4641.939379
-244.991881,23,4642.032484
-316.442554,33,4642.175379
-381.787084,37,4642.327634
-365.110858,37,4642.488608
-362.637564,37,4642.645281
-378.22509,41,4642.832799
-671.18481,84,4643.181024
-350.371303,37,4643.331919
-344.152708,37,4643.490436
-75.880127,29,4643.616735
-349.350354,38,4643.777897
-305.824888,32,4643.915186
-337.275706,36,4644.057572
-349.1875,37,4644.216696
-368.131057,37,4644.37218
-352.589955,37,4644.528514
-356.747362,37,4644.687985
-366.967885,37,4644.832336
-394.152551,37,4644.977652
-359.097383,37,4645.128018
-383.506105,37,4645.279937
-370.168135,37,4645.428824
-353.82965,37,4651.883254
-349.537724,37,4652.102807
-475.118934,54,4652.346399
-369.279072,37,4652.518949
-357.481167,37,4652.689436
-357.745576,37,4652.849836
-345.936371,37,4653.016719
-352.03344,37,4653.174696
-187.943346,29,4653.293381
-354.794483,37,4653.441381
-350.099364,37,4653.591109
-350.202688,37,4653.737439
-351.261168,37,4653.885466
-361.020211,37,4654.03956
-239.195655,22,4654.129178
-367.047341,37,4654.282217
-261.873638,37,4654.434874
-257.156336,37,4654.585849
-373.328419,37,4654.733374
-128.489518,21,4654.821615
-329.098745,47,4655.136085
-349.893071,37,4655.290881
-265.919027,37,4655.44666
-389.251663,37,4655.596112
-360.101036,37,4655.748238
-357.668824,37,4655.903619
-241.452178,36,4656.051142
-316.554596,33,4656.18939
-77.47786,29,4656.333198
-338.441592,36,4656.491834
-237.451039,21,4656.593159
-173.526567,28,4656.724014
-141.105287,35,4656.869569
-358.145234,37,4657.026068
-336.598525,36,4657.174204
-389.932964,37,4657.336843
-363.603545,37,4657.483601
-372.402944,37,4657.637298
-362.106985,37,4657.7871
-373.330362,37,4657.938207
-193.712847,31,4658.063735
-239.883801,21,4658.17059
-371.392262,37,4658.346968
-355.026556,37,4658.496137
-29.289932,21,4658.58143
-368.154442,37,4658.742782
-365.7713,37,4658.907385
-316.025019,31,4659.039409
-267.683847,27,4659.150005
-368.807772,37,4659.298542
-364.557007,37,4659.456963
-372.571041,37,4659.604481
-401.327969,46,4659.796398
-477.969796,57,4660.030723
-320.54148,32,4660.164868
-373.233588,37,4660.325443
-260.72383,24,4660.471926
-45.899932,68,4660.892802
-359.088858,37,4669.405672
-212.651342,35,4669.56705
-356.213216,36,4669.716358
-366.74119,37,4669.879736
-364.833639,37,4670.0296
-370.216347,37,4670.185252
-362.418017,37,4670.351031
-153.157632,25,4670.454824
-372.692546,37,4670.603954
-372.127869,37,4670.763622
-365.313001,37,4670.91168
-372.86612,37,4671.064084
-289.595574,28,4671.180034
-362.530029,37,4671.331157
-359.738643,37,4671.484755
-128.00709,36,4671.633902
-267.857819,39,4671.791531
-296.146234,30,4671.921209
-348.238572,37,4672.070282
-354.493569,37,4672.227748
-248.84204,37,4672.375962
-277.387815,28,4672.493843
-220.559503,74,4672.803809
-359.042872,40,4672.963072
-257.087058,25,4673.063505
-379.390581,42,4673.233378
-368.789886,37,4673.38053
-374.829107,37,4673.535757
-372.447559,37,4673.686232
-350.993154,37,4673.836291
-349.004352,38,4673.989236
-398.587364,41,4674.15638
-357.231389,37,4674.31329
-18.917208,53,4674.526649
-119.37496,20,4674.611755
-403.702805,37,4674.762364
-356.822827,37,4674.920283
-278.324283,28,4675.036414
-371.827164,37,4675.190431
-271.609963,26,4675.298052
-49.34494,55,4675.52889
-356.933059,37,4675.691967
-365.721982,37,4675.839546
-111.510904,18,4675.91446
-354.410717,37,4676.065627
-409.6546,46,4676.257856
-351.129716,37,4676.410479
-170.309306,28,4676.533058
-376.999154,37,4676.796928
-305.763458,31,4676.922954
-366.738418,37,4677.085279
-369.562554,37,4677.235966
-314.077558,33,4677.369737
-224.626567,20,4677.450693
-354.763449,37,4677.604712
-357.430102,37,4677.757231
-307.508597,46,4686.223566
-364.085951,37,4686.420284
-353.309644,37,4686.563718
-302.37038,30,4686.684845
-364.82214,38,4686.845564
-342.312453,36,4686.996606
-365.117121,37,4687.159995
-362.514584,37,4687.310115
-488.039853,101,4687.722323
-371.554907,37,4687.871046
-361.756665,37,4688.023685
-363.652372,37,4688.20916
-241.969022,37,4688.371806
-362.88379,37,4688.547491
-365.373009,37,4688.726265
-373.744863,37,4688.907871
-246.50422,37,4689.06641
-369.360774,37,4689.219106
-303.286635,29,4689.338357
-358.515746,37,4689.48844
-355.892935,37,4689.643393
-363.511614,37,4689.800081
-351.461874,37,4689.953944
-380.545116,37,4690.109573
-380.083793,39,4690.276355
-353.927837,37,4690.43233
-383.536266,40,4690.603678
-355.392849,37,4690.756458
-249.565061,44,4690.93346
-232.441137,22,4691.026248
-356.124334,37,4691.189324
-378.719822,37,4691.359113
-365.044183,37,4691.531869
-475.650175,52,4691.789272
-272.019409,31,4691.929106
-275.599084,30,4692.060316
-359.500147,37,4692.217039
-373.010339,37,4692.373785
-265.384943,25,4692.476807
-375.919453,37,4692.629631
-211.445358,31,4692.756865
-407.831933,44,4692.940418
-369.014487,37,4693.140985
-342.603111,37,4693.312049
-294.041632,33,4693.458046
-344.036696,36,4693.617181
-342.233028,37,4693.775675
-366.31686,37,4693.925426
-371.422438,37,4694.075698
-356.235298,37,4694.229081
-326.291359,35,4694.376047
-350.187135,37,4694.528535
-284.486483,30,4694.649454
-373.341657,37,4694.802883
-358.339057,37,4694.952454
-357.820629,37,4701.551971
-156.627291,25,4701.680395
-348.426878,37,4701.845085
-373.539166,37,4702.000255
-349.747478,37,4702.143219
-360.513202,37,4702.291275
-350.270613,37,4702.446267
-351.744958,37,4702.597368
-352.896381,37,4702.758246
-359.472744,37,4702.906197
-198.098814,83,4703.255849
-255.219805,25,4703.361547
-378.703371,41,4703.521825
-219.126737,82,4703.870652
-389.827738,58,4704.109401
-371.045725,37,4704.259091
-346.225036,37,4704.408264
-364.02389,37,4704.554625
-359.202018,37,4704.705293
-345.757207,37,4704.968707
-245.567798,24,4705.065763
-355.840287,37,4705.223466
-360.769721,37,4705.375447
-340.254624,37,4705.526655
-185.890611,29,4705.653008
-381.257554,37,4705.816087
-343.546424,36,4705.961568
-151.659287,37,4706.112054
-357.535573,37,4706.298084
-273.408963,28,4706.424342
-382.348624,37,4706.610786
-370.561775,37,4706.771262
-350.089892,37,4706.925275
-388.216783,41,4707.098912
-354.760794,37,4707.267709
-380.698137,37,4707.427929
-332.31631,35,4707.571269
-371.447299,37,4707.722103
-362.081807,37,4707.878237
-363.521104,37,4708.039537
-346.700436,37,4708.193398
-368.166661,37,4708.348002
-373.260313,37,4708.503614
-364.604951,37,4708.654525
-377.830298,37,4708.805866
-359.867415,37,4708.960937
-346.814479,37,4709.116374
-374.106792,41,4709.292716
-353.056656,37,4709.445057
-377.698449,37,4709.608608
-392.901044,42,4709.77829
-112.520742,32,4709.912468
-343.206591,37,4710.064855
-372.529087,37,4718.451947
-352.747338,37,4718.667963
-351.270303,37,4718.840165
-354.92241,37,4718.993078
-366.559207,37,4719.13614
-342.397602,37,4719.287623
-279.70196,28,4719.395053
-295.671361,30,4719.508514
-353.939283,37,4719.658166
-388.023787,37,4719.8059
-360.936705,37,4719.986647
-366.120832,37,4720.201317
-305.189509,30,4720.33945
-369.03458,37,4720.487886
-361.907885,37,4720.652195
-367.344172,37,4720.801438
109.53443,36,4720.952345
-358.227711,37,4721.101264
-163.791869,26,4721.204629
-357.463443,37,4721.352871
-346.688096,37,4721.500801
-470.754006,66,4721.782403
-334.650743,33,4721.916416
-354.718142,37,4722.068032
-362.08055,37,4722.215571
-364.90786,37,4722.363847
-382.634269,37,4722.508329
-369.614768,37,4722.659287
-121.652574,19,4722.737519
-370.051145,37,4722.882363
-354.342985,36,4723.032057
-365.417156,37,4723.188255
-355.078111,37,4723.339992
-363.988664,37,4723.485231
-372.600043,37,4723.634598
-347.224,37,4723.785185
-365.779643,37,4723.937984
-351.442119,37,4724.087925
-371.353704,37,4724.240605
-329.972936,35,4724.378594
-352.726633,37,4724.528444
-361.56416,37,4724.682794
-364.351504,37,4724.832058
-350.644688,37,4724.980678
-133.231697,22,4725.068064
0.781679,53,4725.280224
-323.221876,34,4725.412847
-355.733927,37,4725.564985
-316.635433,34,4725.698185
-365.886236,37,4725.847671
-342.051762,37,4725.99874
-265.619001,25,4726.098432
-245.928161,23,4726.189398
-246.720299,47,4726.490531
-366.149338,37,4726.636397
-348.344747,37,4726.788279
-351.468107,37,4726.935625
-347.866397,37,4736.253308
-354.017043,37,4736.474359
-365.144007,37,4736.651911
-348.139671,37,4736.810204
-174.525232,28,4736.925857
-348.703481,37,4737.07778
-351.190603,37,4737.232116
-347.353477,37,4737.39028
63.568963,41,4737.553139
-343.229246,37,4737.706334
-350.917029,37,4737.87348
-350.611776,37,4738.026725
-345.14307,37,4738.183958
-368.409081,37,4738.337121
-373.619151,37,4738.490496
-369.230773,37,4738.648191
-374.584906,37,4738.801336
-314.092953,33,4738.943389
-280.124497,29,4739.061634
-372.159181,37,4739.211922
-195.078783,30,4739.337643
-356.514692,37,4739.489153
-240.041848,37,4739.64003
-393.222794,37,4739.788678
-347.90293,37,4739.944004
-357.527314,37,4740.098651
-364.634108,37,4740.244801
-322.764975,33,4740.381243
-253.043002,37,4740.529021
-144.871922,23,4740.62087
-349.166983,37,4740.771424
-373.308967,37,4740.919183
-315.301934,32,4741.049681
-353.667489,37,4741.202707
-357.801952,37,4741.347175
-317.900647,33,4741.484271
-353.435168,37,4741.642884
-340.385784,35,4741.791504
-256.782627,38,4741.959036
-373.805613,37,4742.113185
-368.255746,37,4742.25695
-363.723402,37,4742.406732
-285.275632,31,4742.532032
-362.531582,37,4742.681507
-350.514857,37,4742.831561
-375.440401,37,4742.980865
-361.538323,37,4743.127328
-302.810518,33,4743.259842
-352.417777,37,4743.411142
-361.498861,37,4743.558392
-359.07618,37,4743.711731
-353.051285,37,4743.858415
-388.133383,37,4744.000894
-372.294147,37,4744.147549
-345.539362,37,4744.292831
-384.670266,37,4744.443363
-296.346658,31,4744.564148
-347.044358,36,4750.812889
-365.393014,37,4751.01997
-374.72386,37,4751.179817
-364.622101,37,4751.331886
-291.648042,42,4751.504007
-222.865711,34,4751.641232
-359.42578,37,4751.789737
-345.772317,37,4751.938436
-294.831094,30,4752.058159
-124.508246,33,4752.191664
-280.290129,28,4752.306236
-300.042372,30,4752.434716
-355.848347,37,4752.585213
-365.249666,37,4752.734734
-356.218993,37,4752.884319
-484.252572,101,4753.314652
-184.925923,29,4753.431162
-374.632858,37,4753.587216
-353.07554,37,4753.73852
-361.260686,37,4753.910533
-367.777292,37,4754.065773
-313.279861,34,4754.203381
-353.553216,37,4754.346713
-366.835788,37,4754.49384
-357.527655,37,4754.765888
-373.410378,37,4754.921942
-357.331392,37,4755.074975
-359.824568,37,4755.2266
-362.098599,37,4755.373299
-353.273329,37,4755.522722
-344.332058,37,4755.669977
-250.948638,37,4755.817075
-343.405057,37,4755.975422
-349.15407,37,4756.148102
-368.348896,41,4756.353166
-348.926362,37,4756.512439
-284.501135,43,4756.681616
-339.820418,37,4756.833359
-351.321135,37,4756.982916
-377.474808,37,4757.133372
-329.785719,36,4757.274919
-351.062267,37,4757.429562
-354.64684,37,4757.575201
-277.22408,26,4757.678014
-359.391139,37,4757.825024
-361.791143,37,4757.976944
-333.768532,36,4758.129338
-219.548825,18,4758.20048
-365.12056,37,4758.353721
-350.977625,37,4758.500172
-367.921229,37,4758.654879
-117.597555,33,4758.787136
-361.190711,37,4758.946153
-359.579044,37,4759.095853
-351.576608,37,4759.247979
-362.14483,37,4759.394044
-370.634823,37,4769.606582
-387.861644,42,4769.817454
-417.74458,59,4770.08806
-357.8132,37,4770.248279
-180.735418,28,4770.366576
-347.144968,37,4770.517657
-273.454587,27,4770.635172
-356.494576,37,4770.785255
-357.508989,37,4770.932791
-351.538046,37,4771.086213
-393.161802,44,4771.270118
-322.150692,34,4771.414305
-355.663757,37,4771.563171
-250.709559,39,4771.715376
-380.884836,37,4771.864641
-361.602686,37,4772.011543
-362.700005,37,4772.16019
-369.066283,37,4772.308229
-359.704499,37,4772.454948
-337.494764,36,4772.598855
-142.179385,24,4772.698526
-259.584854,38,4772.8512
-348.00768,37,4773.003422
-347.916953,37,4773.152644
-362.334488,37,4773.296796
-295.348144,30,4773.417103
-294.546835,30,4773.538769
-372.439046,37,4773.693814
-186.721157,29,4773.808576
-50.369267,24,4773.904396
-355.936839,37,4774.058989
-356.67037,37,4774.208302
-348.194019,37,4774.356194
-371.47343,37,4774.508246
-364.360256,37,4774.660734
-261.222072,26,4774.764391
-237.769638,22,4774.862295
-352.572649,37,4775.010339
-368.851563,37,4775.156972
-349.731962,37,4775.308587
-344.791595,37,4775.454473
-356.220097,37,4775.607491
-372.356517,37,4775.754517
-363.264413,37,4775.906312
-387.235352,37,4776.059481
-365.622539,37,4776.21041
-365.133926,37,4776.356815
-158.1155,26,4776.461642
-160.418108,26,4776.567155
-126.516009,20,4776.651062
-355.691008,37,4776.798021
-269.663995,41,4776.962787
-234.391943,39,4777.124741
-363.865864,37,4777.285873
-383.007782,48,4777.623612
-333.486566,33,4777.771605
-273.404778,38,4778.044059
-365.660091,37,4786.694529
-254.689907,37,4787.021822
-346.255093,37,4787.33831
-350.716112,37,4787.625896
-344.303282,37,4787.816804
-346.354634,37,4787.972094
-357.852963,37,4788.127634
-372.501701,37,4788.286703
-350.69195,37,4788.433173
-233.413675,22,4788.518091
-344.535639,37,4788.6754
-377.06533,37,4788.823246
-371.631039,37,4788.972763
-350.00885,37,4789.128794
-356.586446,37,4789.285142
-317.115515,32,4789.424634
-366.728428,37,4789.573643
-369.225841,37,4789.723398
-352.661508,37,4789.892281
-373.755467,37,4790.053323
-368.299732,37,4790.200361
-371.280809,37,4790.354724
-348.746771,37,4790.508196
-355.970072,37,4790.660435
-369.697103,37,4790.806175
-251.128084,37,4790.95589
-359.520935,39,4791.117468
-361.877105,37,4791.266814
-353.663647,36,4791.418846
-348.963773,37,4791.565673
-290.040669,28,4791.67702
-374.836635,37,4791.825661
-348.189525,37,4791.973192
-182.555688,29,4792.088432
-359.068776,37,4792.240439
-222.01383,33,4792.378666
-348.735276,37,4792.530379
-348.35597,37,4792.677105
-230.058131,21,4792.762276
-334.832613,34,4792.902501
-370.557499,37,4793.055617
-357.405316,37,4793.203875
-400.513037,41,4793.368727
-359.210115,37,4793.517521
-349.954282,37,4793.666096
-119.314574,19,4793.743578
-358.268207,37,4793.890996
-656.669414,101,4794.305288
-370.001122,37,4794.458238
-354.073435,37,4794.60707
-263.617166,25,4794.708312
-365.736353,37,4794.863161
-523.71462,60,4795.101087
-367.175102,40,4795.263392
-210.361964,32,4795.396363
-198.131508,31,4795.529172
-348.957814,38,4802.302295
-497.267056,101,4802.75421
-348.303933,37,4802.9181
-348.140413,37,4803.085948
-357.041191,37,4803.230761
-351.745866,37,4803.379403
-313.63108,32,4803.509287
-306.602201,32,4803.644288
-369.775462,37,4803.793179
-131.232082,22,4803.878793
-373.3268,37,4804.028064
-370.90515,37,4804.184827
-198.149436,32,4804.313414
-260.891854,26,4804.418352
-314.405873,43,4804.585859
-353.895147,39,4804.744016
-293.254179,30,4804.864432
-349.454685,37,4805.014422
-355.424994,37,4805.161692
-365.801974,37,4805.312709
-347.327551,37,4805.464068
-369.830365,37,4805.612725
-345.332304,37,4805.764634
-253.875719,24,4805.860285
-345.76055,37,4806.0107
-367.565276,37,4806.158672
-373.683442,37,4806.310166
199.920249,22,4806.404867
-251.868707,37,4806.656157
-351.637726,37,4806.811226
-359.210967,37,4806.967617
-239.892721,22,4807.054237
-271.060975,27,4807.162926
-172.976006,27,4807.272853
-283.391274,29,4807.387044
-379.218287,37,4807.532042
-360.94654,37,4807.690885
-344.50666,37,4807.860666
-360.407529,37,4808.03066
-67.559095,27,4808.195575
-364.66944,37,4808.347243
-348.783124,37,4808.494772
-228.577591,34,4808.630369
-142.261424,23,4808.72669
-386.452124,37,4808.881773
-343.631331,36,4809.026839
-106.716011,33,4809.156479
-351.105709,37,4809.308628
-361.116897,37,4809.459903
-348.104464,37,4809.606097
-140.468175,35,4809.747035
-284.188958,51,4809.963761
-276.514379,27,4810.093426
-373.527228,37,4810.251087
-359.230065,37,4810.406196
-110.957389,33,4810.542061
-392.606573,37,4810.694546
-360.381921,37,4819.513046
-221.087756,34,4819.705935
-371.492433,37,4819.859487
-350.059067,37,4820.011297
-346.849113,37,4820.16809
-374.65205,37,4820.31796
-368.881809,37,4820.46399
-281.166445,38,4820.620501
-355.651808,37,4820.772652
-352.116719,37,4820.925662
-224.315547,35,4821.071158
-288.429511,29,4821.189358
-359.143023,38,4821.343781
-348.839944,37,4821.487267
-368.010432,37,4821.634378
-263.60524,37,4821.784427
-353.071033,37,4821.93143
-353.671755,37,4822.078862
-184.975376,30,4822.228577
-381.332369,40,4822.389989
-350.110373,37,4822.546724
-361.373265,56,4822.774969
-340.335753,35,4822.924038
-359.58616,37,4823.075476
-295.356918,29,4823.201345
-366.280829,37,4823.35415
-165.012754,27,4823.470198
-343.972782,37,4823.620295
-376.899967,37,4823.771846
-241.782036,23,4823.864695
-228.506198,19,4823.944803
-254.023463,37,4824.097389
-340.527934,52,4824.308984
-367.107271,37,4824.454077
-356.16325,37,4824.604868
-364.687477,37,4824.758949
-357.601373,37,4824.91233
-352.395392,37,4825.062647
-363.977572,37,4825.215101
-421.505128,46,4825.401265
-386.243403,37,4825.552147
-355.668547,37,4825.701765
-372.766951,37,4825.851332
-29.024478,20,4825.932226
-293.007666,30,4826.05787
-362.227865,37,4826.209829
-300.43526,32,4826.343176
-379.734839,37,4826.491971
-356.128919,37,4826.642278
-238.880806,22,4826.727987
-349.386146,37,4826.875981
-195.763439,31,4827.001394
-268.793041,45,4827.187635
-229.996803,20,4827.264658
-363.44918,37,4827.41603
-348.040597,37,4827.578513
-307.252069,32,4827.713821
-363.194967,37,4827.864627
-494.808227,64,4833.920647
-353.782254,37,4834.185031
-375.143878,37,4834.341102
-354.65242,37,4834.49439
-339.654508,37,4834.650391
-367.998561,37,4834.804431
-371.478699,37,4834.956124
-371.033971,37,4835.105871
-293.861635,30,4835.235471
-370.854306,37,4835.406632
-348.088274,37,4835.578636
-382.054835,37,4835.732417
-232.569229,37,4835.889698
-375.389471,37,4836.048907
-288.468422,29,4836.169573
-368.383584,37,4836.316317
-526.067668,58,4836.553489
-519.87179,59,4836.79961
-350.302874,37,4836.950511
-377.263758,37,4837.105215
-346.151002,37,4837.256188
-364.193062,37,4837.407175
-366.522732,37,4837.559641
-370.589903,37,4837.714035
-237.563581,22,4837.801874
-370.56894,37,4837.957783
-374.168284,37,4838.115563
-349.627617,37,4838.266185
-370.033653,37,4838.419344
-125.55509,21,4838.516367
-378.484625,37,4838.682968
-364.213024,37,4838.829433
-353.60156,37,4838.982091
-373.909512,37,4839.138194
-340.428491,38,4839.296782
-359.623498,38,4839.463306
-368.767366,37,4839.671898
-339.879792,37,4839.873061
-362.962371,37,4840.133659
-360.035546,37,4840.480355
-347.678455,37,4840.830589
-342.428837,37,4841.097558
-731.657722,101,4841.710769
-230.593098,21,4841.810692
-281.609761,27,4841.926994
-265.264848,39,4842.086144
-133.425295,22,4842.176611
-268.416433,26,4842.281715
-353.558896,37,4842.43007
-354.594829,37,4842.589
-349.203839,37,4842.739039
-367.267917,37,4842.88749
-312.889246,32,4843.019872
-352.322057,37,4843.170835
-354.901276,37,4849.652628
9.628844,30,4849.823076
-368.864272,37,4849.992879
-349.861143,37,4850.146097
-168.933426,66,4850.421207
-357.334037,37,4850.575593
-350.931243,37,4850.733473
-268.897702,28,4850.841309
-383.440685,37,4850.98762
-357.22191,37,4851.137387
-364.022163,37,4851.290914
-352.928412,37,4851.440981
-373.252814,37,4851.590058
-309.501854,86,4851.947332
-291.521839,30,4852.071719
-574.258666,71,4852.367226
-264.371184,25,4852.467264
130.120453,62,4852.719162
-415.820169,45,4852.905174
-360.772042,37,4853.054498
-209.359319,32,4853.187454
-368.635533,37,4853.341522
-357.963544,37,4853.495464
-371.598081,37,4853.657103
-350.800467,37,4853.802956
-201.750599,31,4853.928385
-355.700167,37,4854.07604
-238.674873,73,4854.516548
-355.389771,37,4854.672906
-347.294893,36,4854.817895
-365.966555,40,4854.981043
-366.521996,37,4855.13191
-361.832697,37,4855.281581
-375.330622,37,4855.43136
-268.636717,27,4855.544951
-235.901559,35,4855.690596
-375.28319,37,4855.837772
-345.316456,37,4855.992936
-355.125896,37,4856.143956
-346.316838,37,4856.301215
-364.062381,37,4856.451116
-354.700823,37,4856.601206
-344.636241,37,4856.751801
-368.461093,37,4856.900364
-166.669657,26,4857.002642
-356.496778,37,4857.169239
-353.448484,37,4857.341412
-360.351055,37,4857.506292
58.324725,40,4857.674314
-135.612858,37,4857.829719
-350.939578,37,4857.981886
-346.92557,37,4858.139854
-176.204589,27,4858.254187
-454.545743,57,4867.074859
-351.792996,37,4867.233257
-354.390323,37,4867.37457
-354.557044,37,4867.521817
-363.606209,37,4867.670813
-367.09221,37,4867.829896
-250.030075,24,4867.928591
-373.711909,37,4868.079942
-366.720276,37,4868.290965
-379.244338,37,4868.437041
-338.262477,34,4868.573659
-369.725542,37,4868.726019
-350.110446,37,4868.872426
-354.050636,37,4869.029171
-356.08987,37,4869.176379
-373.870224,40,4869.334579
-345.429851,37,4869.488666
-349.407378,36,4869.63214
-362.954554,37,4869.777195
-367.853874,37,4869.924485
-218.985228,36,4870.07103
-355.270394,37,4870.218413
-661.130733,88,4870.569535
-293.48458,30,4870.686678
-371.945262,37,4870.835361
-348.498869,37,4870.981968
-303.992106,32,4871.108762
-132.248761,21,4871.195251
-327.45718,35,4871.334764
-352.270093,37,4871.480888
-330.90907,35,4871.620349
-267.368015,27,4871.742906
-367.290832,37,4871.94324
-349.946252,37,4872.103494
-367.113879,37,4872.264612
-361.972907,37,4872.41847
-232.44244,35,4872.562117
-240.169161,23,4872.654682
-371.953958,37,4872.800264
-377.861338,37,4872.955282
-358.814003,37,4873.12619
-57.748391,24,4873.223933
-357.566241,37,4873.371383
-360.083756,37,4873.519762
-359.753499,37,4873.668898
-353.351663,37,4873.815197
-143.614756,56,4874.042586
-337.289907,34,4874.182127
-372.045066,37,4874.329643
-366.584668,37,4874.474631
-276.146255,29,4874.632833
-362.811961,37,4874.793497
-359.516557,37,4874.97806
-352.260276,37,4875.123421
-288.044263,30,4875.245308
-313.827558,35,4875.386436
-370.305472,37,4881.9044
-364.779811,37,4882.076569
-357.581843,37,4882.232335
-230.011413,35,4882.368541
-372.167703,37,4882.659282
-332.176832,33,4882.793183
-356.619417,37,4882.951097
-359.813314,37,4883.111769
-347.860385,37,4883.258143
-369.582435,37,4883.407374
-18.582818,55,4883.640336
-377.412488,37,4883.816507
-369.474806,37,4883.981172
-353.545366,37,4884.170358
-370.621593,37,4884.321747
21.101341,48,4884.513966
-304.143188,31,4884.63834
-357.21696,37,4884.788732
-371.283,42,4884.966564
-353.390534,37,4885.116201
-468.034407,74,4885.418689
-349.398466,37,4885.564238
-285.550168,30,4885.68547
-349.822366,37,4885.833235
-360.600283,37,4885.98181
-156.216215,25,4886.088281
-350.125483,37,4886.243962
-319.543177,34,4886.378727
-350.397078,37,4886.530548
-384.996085,37,4886.684978
-359.484522,37,4886.841976
-128.167999,21,4886.928361
-376.815262,37,4887.082399
-282.105733,29,4887.202149
-369.783469,37,4887.348703
-367.229971,37,4887.498833
-368.298123,37,4887.651145
-362.760009,37,4887.798179
-305.89746,33,4887.939263
-321.873762,33,4888.128249
-362.452012,37,4888.33056
-265.361673,25,4888.487428
-358.031129,37,4888.764549
-351.918132,37,4889.059202
-283.557346,27,4889.289488
-360.699908,37,4889.524764
-381.713024,37,4889.784454
-373.958952,37,4889.989908
-350.652682,37,4890.167095
-183.95319,29,4890.28681
-362.598618,37,4890.438605
-367.486391,37,4890.595788
-367.228277,37,4890.752866
-246.305567,35,4890.896827
-344.819074,37,4891.045764
-152.835489,24,4891.145773
-258.816809,25,4897.473576
-359.714154,37,4897.685754
-385.455158,39,4897.85366
-325.133723,35,4898.002672
-376.262967,37,4898.158589
-344.841231,40,4898.339455
-358.727681,37,4898.490045
-281.979246,40,4898.649707
-346.325579,37,4898.803195
-283.892843,30,4898.93228
-357.906349,37,4899.092966
-276.339039,53,4899.321866
-354.651624,37,4899.474666
-366.223064,37,4899.624221
-373.985153,37,4899.772667
-354.574135,37,4899.927474
-398.536079,43,4900.100126
-277.095458,28,4900.219212
-361.088473,37,4900.3649
-115.620242,52,4900.575287
-271.987947,37,4900.726353
-338.589384,35,4900.869691
-254.896667,25,4900.969614
-361.934178,37,4901.121149
-359.72993,37,4901.270112
-363.969158,37,4901.425693
-254.993743,26,4901.532703
-359.865926,37,4901.681468
-353.944936,37,4901.829156
-351.410515,37,4901.982009
-357.427622,37,4902.127773
-379.617152,67,4902.393307
-368.341644,37,4902.542132
-348.021909,37,4902.793098
-266.146594,40,4902.957573
-348.734931,37,4903.112303
-370.405484,37,4903.273078
-180.190437,28,4903.387878
-356.213241,37,4903.536853
-349.562093,37,4903.683842
-362.173658,37,4903.837963
-369.85596,37,4904.009214
-372.036548,37,4904.172272
-357.746964,37,4904.354272
-541.788252,77,4904.67986
-361.612876,37,4904.830867
-344.589731,37,4904.984109
-343.647682,37,4905.141498
-367.608905,37,4905.289478
-0.194509,31,4905.423442
-356.26123,37,4905.571273
-260.637462,37,4905.725451
-27.095965,19,4905.801184
-82.778921,78,4906.124901
-362.970012,37,4915.782588
-368.009066,37,4915.942473
-354.102723,37,4916.091532
-359.116735,37,4916.247869
-348.841746,37,4916.394636
-343.116817,37,4916.546024
-346.149711,37,4916.70501
-250.311384,23,4916.796777
-287.010647,28,4916.912276
-360.78728,37,4917.066077
-352.590038,37,4917.218465
-371.239111,37,4917.366549
-38.96553,47,4917.557146
-349.209062,37,4917.708009
-346.740568,37,4917.860486
-371.348257,37,4918.014776
-498.377726,64,4918.275957
-334.611918,34,4918.413481
-375.588259,37,4918.560007
-214.704656,32,4918.691174
-350.284334,36,4918.842525
-197.981206,30,4918.965408
-321.817682,33,4919.097091
-359.455852,37,4919.243386
-366.107714,37,4919.389114
-375.588375,37,4919.539676
-360.723379,37,4919.693024
-147.739566,23,4919.785615
-344.775901,37,4919.942701
-285.821023,29,4920.05967
-376.829617,37,4920.214336
-363.291258,37,4920.362147
-370.677147,37,4920.510739
-303.947611,30,4920.63235
-363.267961,51,4920.834286
-254.391902,37,4920.984778
-261.468348,37,4921.135635
-350.675589,37,4921.291424
-151.680816,24,4921.381585
-262.757426,27,4921.493292
-292.90375,30,4921.613109
-344.10122,37,4921.768459
-333.342759,35,4921.911618
-653.121218,101,4922.339651
-363.361959,37,4922.492977
-372.06154,37,4922.644441
-362.703815,37,4922.790049
-346.196714,37,4922.943789
-371.900747,37,4923.091686
-355.376665,37,4923.245404
-302.29369,31,4923.373152
-317.064876,32,4923.502255
-306.787485,32,4923.630482
-362.772097,37,4923.791853
-348.726488,37,4923.942505
-345.164649,37,4930.575725
-311.738615,33,4930.751539
-245.282733,37,4930.914397
-101.954376,43,4931.104453
-377.237485,37,4931.260598
-346.087816,37,4931.408388
-373.741115,37,4931.559906
-315.088919,31,4931.787786
-242.592312,23,4931.887905
-315.03254,33,4932.02932
-347.937574,37,4932.181255
-371.38408,37,4932.337751
-381.728751,37,4932.487458
-365.637297,37,4932.637735
-362.099024,37,4932.787909
-354.686632,37,4932.947881
-348.786855,37,4933.142285
-356.142826,37,4933.344942
-240.180308,36,4933.506796
-345.594794,37,4933.662297
-157.130513,41,4933.833845
-353.865284,37,4933.988721
-379.949945,37,4934.142602
-290.400224,30,4934.270636
-375.846819,37,4934.419167
-357.683027,37,4934.570975
-277.832233,41,4934.735772
-375.318475,37,4934.900288
-260.057811,37,4935.048419
-349.563139,37,4935.197366
-283.262802,27,4935.314061
-370.836596,37,4935.46779
-355.849687,37,4935.624054
-358.431162,37,4935.779024
-238.523746,36,4935.934538
-396.174558,37,4936.0898
-277.914981,28,4936.202919
-350.080507,37,4936.369282
-355.6911,37,4936.519004
-326.156331,32,4936.652015
-247.854116,23,4936.745228
-364.117763,37,4936.903096
-343.847185,37,4937.059012
-267.458022,25,4937.163234
-169.878136,27,4937.318363
-248.500232,23,4937.439758
-383.455861,37,4937.6388
-359.884885,37,4937.913067
-258.786089,37,4938.186441
-219.431075,32,4938.411629
-376.669406,37,4938.672861
-341.347623,35,4938.937138
-368.777916,37,4939.139925
-320.363778,34,4939.310367
-362.230099,37,4939.465638
-361.164069,37,4939.620832
-352.106608,36,4939.768132
-354.36683,37,4939.929668
-356.41757,37,4946.271709
-354.562743,37,4946.480047
-312.055124,32,4946.618652
-351.629576,37,4946.767263
-285.214586,29,4946.879921
-27.614558,53,4947.095904
-370.455511,37,4947.242643
-354.07296,37,4947.388175
-364.169993,37,4947.543247
-290.375189,28,4947.726568
-378.142323,41,4947.943993
-358.90009,37,4948.097776
-247.453508,37,4948.249236
-179.912278,28,4948.367706
12.415702,29,4948.486067
-224.708918,32,4948.617284
-314.31433,31,4948.739914
-343.468858,37,4948.897811
-239.042027,23,4949.001372
-294.769021,29,4949.118657
-358.910514,37,4949.270097
-349.389562,37,4949.42343
-352.070389,37,4949.571916
-233.38776,35,4949.712881
-325.426042,33,4949.844123
-73.930683,28,4949.956372
-331.257635,33,4950.087449
-362.761658,37,4950.240922
-347.404743,37,4950.392799
-353.961502,37,4950.540147
-259.609791,25,4950.650454
-369.642031,37,4950.797656
-371.23677,41,4950.961054
-356.558577,38,4951.115847
-368.012762,37,4951.272139
-304.485292,31,4951.391075
-152.744412,24,4951.490434
-248.309316,77,4951.803829
-372.100795,37,4952.058507
-368.665675,37,4952.219343
-287.280983,30,4952.340895
-600.49406,101,4952.764037
-349.018759,37,4952.916686
-364.46232,37,4953.06206
-265.85272,25,4953.1635
-332.320184,34,4953.334753
-321.633105,32,4953.479193
-378.667285,39,4953.68458
-368.069066,37,4953.835209
-162.323758,26,4953.941385
-362.187952,37,4954.093598
-375.020916,37,4954.243204
-296.060485,30,4954.365219
-359.286087,37,4954.518166
-366.3221,37,4954.671825
-226.85119,34,4954.810801
-351.07727,37,4954.965416
-139.223866,36,4966.080315
-342.330611,34,4966.228098
-367.259902,37,4966.37795
-242.040797,23,4966.470291
-364.36994,37,4966.623558
-305.969201,32,4966.758092
-357.226399,37,4966.915862
-363.394333,37,4967.069697
-357.929585,37,4967.2267
-378.160852,37,4967.377905
-351.053638,37,4967.531461
-347.089149,36,4967.684203
-338.298271,36,4967.82979
-372.947377,37,4967.979536
-363.717913,37,4968.151423
-351.711926,37,4968.365493
-367.294299,37,4968.564427
-361.245459,37,4968.731863
-254.591084,37,4968.880787
-358.759813,37,4969.029887
-268.654081,26,4969.134107
-379.420603,37,4969.288871
-370.493923,37,4969.452648
-593.088589,101,4969.9165
52.664765,52,4970.132027
-361.443373,37,4970.289049
-376.793543,37,4970.438637
-370.026078,37,4970.593611
-165.582695,26,4970.706039
-345.887085,37,4970.859446
-379.380544,42,4971.029812
-369.274777,37,4971.178821
-348.115566,37,4971.327112
-352.868216,37,4971.477618
-355.778473,37,4971.625621
-347.07456,37,4971.776134
-349.70221,37,4971.928799
-347.725567,36,4972.076349
-363.23494,37,4972.218121
-267.019817,25,4972.321532
-364.560057,37,4972.47332
-377.821776,37,4972.625422
-356.914159,37,4972.773912
-332.89026,36,4972.925797
-380.949001,37,4973.07485
-358.071065,37,4973.224991
-376.592079,37,4973.372253
-377.435971,37,4973.52107
-374.790878,41,4973.686245
-359.35764,37,4973.832774
-204.238403,32,4973.962388
-375.23359,37,4974.112391
-388.106844,37,4974.261202
-355.060325,50,4974.464525
-374.99793,37,4981.047192
-374.232263,37,4981.245799
-449.005668,49,4981.449844
-366.130792,37,4981.600732
-304.952577,32,4981.730496
-244.485188,23,4981.824257
-367.146294,37,4981.979589
-289.571168,29,4982.097516
-337.347633,35,4982.245978
-375.395433,37,4982.393459
-368.57715,37,4982.541687
-366.530618,37,4982.802487
-349.474376,37,4982.985089
-358.028934,37,4983.142296
-370.573747,37,4983.295303
-383.959385,37,4983.447595
-355.739203,37,4983.602873
-353.910036,69,4983.892654
-364.415419,37,4984.069129
-372.37701,37,4984.265616
-370.251583,37,4984.446257
-183.22364,61,4984.698693
-389.659284,37,4984.852855
-354.964766,37,4985.003695
-365.407261,37,4985.154522
-350.174888,37,4985.307194
-360.558556,37,4985.460834
-348.35021,37,4985.610237
-295.541898,30,4985.73306
-379.638717,37,4985.88132
-353.398757,37,4986.03301
-298.870174,29,4986.154959
-365.615857,37,4986.309256
-349.399111,37,4986.460067
-331.321695,33,4986.593233
-352.846318,37,4986.749776
-351.602338,37,4986.898976
-138.684852,25,4987.000463
-349.308563,37,4987.150426
-357.926884,37,4987.299168
-377.706952,37,4987.444684
-535.232131,101,4987.887155
-351.430293,37,4988.04278
-353.60603,37,4988.293275
-372.334251,37,4988.513927
-367.527512,37,4988.761587
-293.159945,43,4989.086596
-367.327374,37,4989.370779
-363.822071,37,4989.658669
-365.571348,37,4989.911147
-304.818822,30,4990.085716
-356.993805,37,4990.27203
-350.889824,37,4990.496171
-316.610525,33,4990.642094
-360.673437,37,4997.202438
-104.945373,32,4997.350704
-373.417513,37,4997.522195
-352.712057,37,4997.67911
-355.182223,37,4997.836766
-258.466365,36,4997.992062
-336.607261,34,4998.139542
-349.830364,37,4998.293811
-117.531315,34,4998.435574
-348.266955,37,4998.583764
-353.153997,37,4998.736558
-364.634344,37,4998.884988
-297.751539,30,4999.003874
-219.846656,34,4999.144199
-352.875917,37,4999.295158
-396.104173,44,4999.473984
-364.88108,37,4999.623799
-509.139057,57,4999.853503
-371.984286,37,5000.010909
-265.941691,26,5000.120163
-364.599153,37,5000.27049
-353.348155,37,5000.417653
-43.572848,36,5000.562286
-368.183404,37,5000.712303
-340.915402,36,5000.853474
-384.687206,37,5001.003759
-362.323391,37,5001.151284
-360.467632,37,5001.305178
-362.327539,37,5001.452811
-276.431049,27,5001.566043
-382.53226,37,5001.717671
-343.268853,37,5001.867692
-386.711649,37,5002.020008
-144.288831,24,5002.115757
-350.111377,37,5002.266922
-396.790657,37,5002.416602
-363.668154,37,5002.559634
-371.557018,37,5002.71442
-358.075092,37,5002.861038
-241.389863,36,5003.006464
-172.968684,27,5003.247043
-359.790651,37,5003.402637
-351.46364,37,5003.548788
-239.729602,22,5003.635589
-347.247838,37,5003.780595
-430.74398,47,5003.978666
-367.573207,37,5004.12467
-229.56447,45,5004.307749
-387.904938,37,5004.479421
-369.375492,37,5004.644491
-358.319191,37,5004.83639
-625.771101,84,5005.179239
-351.637128,37,5005.329223
-352.405888,37,5005.477419
-228.161281,19,5005.551789
-320.148539,34,5015.885213
-346.564462,36,5016.093504
-361.174525,37,5016.265752
-406.13307,44,5016.468635
-286.94358,29,5016.588254
-278.00781,26,5016.693782
-288.511531,27,5016.804389
-227.541576,19,5016.880179
-152.437792,28,5016.989934
-362.692104,37,5017.146523
-353.543846,37,5017.297776
-284.327857,27,5017.402286
-382.147976,37,5017.550522
-350.251954,37,5017.697974
-611.837951,101,5018.117855
-309.767788,29,5018.2412
-294.645866,30,5018.377061
-359.836151,37,5018.529762
-343.351658,37,5018.681253
-352.935436,37,5018.840315
-376.844519,37,5018.989984
-147.628784,24,5019.090953
-195.176324,30,5019.23227
-346.425441,37,5019.38285
-281.854613,29,5019.496836
-364.977842,37,5019.64728
-363.323662,37,5019.791625
-370.700841,37,5019.946529
-366.29457,37,5020.092597
-252.093655,38,5020.242918
-339.764772,35,5020.379092
-368.418346,37,5020.52627
-368.045168,37,5020.681138
-378.559195,37,5020.8366
-241.157905,35,5020.980555
-357.714763,37,5021.133119
-352.712075,37,5021.280944
-216.593089,19,5021.364326
-185.234279,29,5021.484956
-324.637855,51,5021.705847
-359.59999,37,5021.858218
-128.081452,21,5021.946582
-296.679597,30,5022.070543
-353.1307,37,5022.225267
-364.188899,37,5022.374237
-351.919306,37,5022.521698
-468.131553,51,5022.726706
-369.43934,37,5022.875392
-361.57326,37,5023.02212
-53.257846,25,5023.129244
-352.894755,37,5023.281562
-234.70638,22,5023.366661
-263.849901,38,5023.516004
-374.499706,37,5023.669774
-350.486545,37,5023.820332
-377.570734,37,5023.967652
-361.27765,37,5024.131229
-342.565238,37,5024.280783
-363.518707,37,5030.908657
-354.26151,37,5031.105496
-351.820053,37,5031.258394
-360.046771,37,5031.401216
-66.534151,27,5031.511055
-365.359316,37,5031.660066
-299.318599,30,5031.783119
-360.546887,37,5031.933167
-353.335193,37,5032.084289
-260.004518,26,5032.198756
-219.965363,33,5032.338802
-145.86795,22,5032.429842
-789.425967,96,5032.833281
-359.660302,37,5033.093965
-323.778533,32,5033.225151
-353.712864,37,5033.384948
-360.510213,37,5033.53454
-358.9699,37,5033.685985
-364.311962,37,5033.835865
-199.362684,30,5033.957848
-355.828418,37,5034.115808
-348.266646,37,5034.305802
-368.74052,37,5034.481338
-375.085889,37,5034.636763
-378.889681,37,5034.786651
-366.126265,37,5034.934567
-318.286773,33,5035.069236
-352.478525,37,5035.223918
-361.472757,37,5035.37778
-369.765816,37,5035.524957
-354.938336,37,5035.677609
-291.777459,30,5035.799705
-363.356857,37,5035.954151
-396.72873,37,5036.111323
-276.73503,28,5036.225494
-16.391388,32,5036.362054
-344.276175,37,5036.511782
-175.750943,28,5036.624487
-360.515004,37,5036.783831
-373.536496,37,5036.932321
-358.294649,37,5037.092296
-374.612688,37,5037.248515
-313.894946,32,5037.386623
-373.340841,37,5037.538509
77.482209,22,5037.625132
-690.486668,101,5038.028448
-285.858205,41,5038.203434
-153.162073,25,5038.309104
-353.703505,37,5038.531033
-367.98761,37,5038.743262
-371.931988,37,5038.990745
-373.503306,37,5039.260469
-366.973572,37,5039.553844
-309.841785,45,5039.839847
-345.129171,37,5040.108695
-315.81952,33,5046.675358
-369.330395,37,5046.890246
-354.455146,37,5047.045416
-312.604208,33,5047.180496
-360.851379,37,5047.322989
-287.211557,28,5047.435567
-332.004731,33,5047.573014
-347.35317,37,5047.727969
-52.243656,24,5047.823702
-333.392317,35,5047.965119
-353.676121,37,5048.117538
-374.735052,37,5048.284375
-346.465809,38,5048.456145
-379.926697,37,5048.614538
-549.568637,63,5048.873796
-369.217372,37,5049.02322
-412.994083,84,5049.443365
-360.398576,37,5049.615506
-360.935958,37,5049.801714
-340.774824,37,5049.967925
-320.224463,33,5050.124694
-283.447669,28,5050.24516
-361.917797,39,5050.402926
-366.287257,37,5050.563142
-128.043609,32,5050.703521
-207.882122,30,5050.831186
-371.611551,37,5050.983022
-374.086269,37,5051.129404
-355.812052,37,5051.28529
-349.645944,37,5051.437901
-341.745879,36,5051.579802
-358.991575,37,5051.731534
-541.549764,62,5051.996314
-385.969186,37,5052.151622
-352.731077,37,5052.313841
-303.658558,29,5052.431341
-368.425153,37,5052.577926
30.375797,28,5052.692953
-362.148579,37,5052.84347
-39.609667,22,5052.940575
-365.107765,37,5053.122208
-373.374252,37,5053.288042
-174.5567,26,5053.519326
-361.952612,37,5053.673135
-344.60026,34,5053.818562
-241.329829,25,5053.91733
-378.425592,37,5054.063901
-356.854558,37,5054.214761
-367.097512,37,5054.368316
-263.194595,37,5054.523667
-358.446217,37,5054.674617
-841.569723,89,5055.12595
-362.737354,37,5055.277252
-403.805958,43,5055.449563
-309.939273,31,5055.580221
-354.101386,37,5064.129855
-347.230683,37,5064.305094
-373.791745,37,5064.458562
-286.321062,29,5064.580913
-377.3501,37,5064.732854
-364.635833,37,5064.887465
-346.011063,37,5065.037489
-346.202736,37,5065.191142
-359.433266,37,5065.343693
-373.389186,37,5065.498274
-368.070842,37,5065.65205
-236.928049,36,5065.803771
-357.54546,37,5065.94811
-283.913753,30,5066.074227
-346.422586,37,5066.226298
-197.045287,31,5066.350629
-169.587804,26,5066.455966
-367.061619,37,5066.610475
-59.624895,24,5066.707771
-348.582271,37,5066.864761
-365.484393,37,5067.042268
-257.633131,24,5067.158556
-265.957231,27,5067.272311
-345.093057,37,5067.432624
-316.364314,32,5067.569596
-347.004252,37,5067.732758
-344.324631,37,5067.891457
-359.561389,37,5068.040474
-353.067463,37,5068.194087
-230.004082,19,5068.275221
-104.710266,33,5068.411163
-175.459285,65,5068.677421
-361.562457,37,5068.829979
-359.95224,38,5068.993993
-355.972866,37,5069.142189
-364.372273,37,5069.29679
-359.954349,37,5069.450175
-364.29342,37,5069.605105
-369.894548,37,5069.756417
-374.787523,37,5069.910506
-371.391857,37,5070.062743
-363.60391,37,5070.213026
-348.178973,38,5070.367762
-362.041623,37,5070.515802
-304.890252,31,5070.644338
-309.034233,31,5070.767799
-336.472306,35,5070.909803
-359.58337,37,5071.064068
-371.335364,37,5071.216913
-307.255355,30,5071.337794
-121.414154,34,5071.475394
-248.411487,37,5071.630071
-355.071746,37,5071.779727
-356.91039,37,5071.930644
-373.001356,38,5072.0883
-331.566023,33,5072.229323
-360.718211,37,5072.377499
-356.155079,37,5072.524307
-351.024242,37,5079.542811
-336.495554,36,5079.711696
-367.481652,37,5079.869066
-378.097519,37,5080.028901
-381.38233,37,5080.190277
-358.323982,37,5080.342829
-423.792178,49,5080.545767
-233.125381,21,5080.633328
-348.060375,37,5080.788916
-361.281882,37,5080.94637
-377.270813,37,5081.105309
-350.419519,37,5081.255843
-381.801968,37,5081.405955
-197.641222,29,5081.529924
-370.906567,37,5081.67228
-339.754173,36,5081.819782
-81.322617,41,5082.128045
-360.24075,37,5082.370559
-438.825365,46,5082.589811
-361.43762,37,5082.741908
-388.407064,42,5082.91054
-355.944138,38,5083.068435
-360.485369,37,5083.228993
-347.511887,37,5083.397043
-351.033706,37,5083.571658
-269.459368,26,5083.681735
-357.227171,39,5083.849654
-250.955469,38,5084.010036
-374.598673,37,5084.168298
-359.912648,37,5084.335803
-382.623337,37,5084.485144
-354.547271,37,5084.638121
-509.100333,58,5084.880429
-374.053773,37,5085.032341
-372.159099,37,5085.186845
-371.911779,37,5085.340655
-86.357074,56,5085.565899
-113.442115,33,5085.703823
-442.184176,50,5085.905952
-253.566054,25,5086.007499
-230.46809,36,5086.154085
-351.662935,37,5086.305303
-369.470877,37,5086.456587
-331.426429,34,5086.592315
-250.946479,36,5086.740572
-359.306416,37,5086.891713
-338.761337,35,5087.03862
-363.346371,37,5087.193657
-252.065501,37,5087.356693
-370.42722,37,5087.553623
-349.840713,37,5087.776232
-244.573156,36,5088.199017
-360.54668,37,5088.464147
-373.885337,37,5088.747281
-377.101723,37,5096.013935
-362.170593,37,5096.213591
-313.41307,32,5096.360487
-378.795389,37,5096.531199
-380.76289,37,5096.696328
-360.992655,37,5096.855083
-362.462183,37,5097.001991
-374.561324,37,5097.149309
-356.960383,37,5097.302246
-271.244424,26,5097.408279
-349.806483,37,5097.555981
-361.472536,37,5097.711986
-370.65351,37,5097.869009
-361.62474,37,5098.018973
-349.3708,37,5098.171737
-349.781673,37,5098.314576
-357.943915,37,5098.466037
-166.34732,26,5098.575023
-168.866181,26,5098.686356
-354.812477,37,5098.835681
-373.638338,37,5098.984847
-345.508578,37,5099.135832
-313.128513,33,5099.271832
-352.575889,38,5099.420782
-365.601897,37,5099.571471
-364.396424,37,5099.718875
-179.49407,29,5099.831753
-340.796817,37,5099.982634
-297.408106,29,5100.096458
-369.400807,37,5100.251827
-361.875155,37,5100.401731
-274.18233,28,5100.518486
-369.023009,37,5100.674669
-215.50667,32,5100.798662
-125.649481,20,5100.88435
-370.636785,37,5101.03552
-250.826018,37,5101.183451
-363.978994,37,5101.327096
-350.166857,37,5101.479328
-288.792457,28,5101.593157
-360.95264,37,5101.743658
-378.163969,37,5101.892196
-333.206025,34,5102.032642
-267.093442,38,5102.185648
-331.71624,34,5102.325953
-366.299529,37,5102.480628
-372.810043,37,5102.636351
-162.804786,26,5102.742156
-354.620502,37,5103.017393
-368.042135,37,5103.177979
-361.016703,37,5103.333966
-166.836056,27,5103.450232
-746.948411,101,5103.86847
-146.163731,23,5103.960502
-391.944692,37,5104.128343
-252.561035,37,5104.304178
-380.043965,37,5104.477269
-243.788385,37,5112.514924
-299.055489,30,5112.710034
-254.580055,39,5112.888575
-372.405139,37,5113.070193
-368.602792,37,5113.222149
-355.047959,37,5113.379235
-350.055422,37,5113.532537
-352.549325,37,5113.686147
-366.27225,37,5113.836159
-235.119741,22,5113.931202
-382.946203,40,5114.093893
-276.534772,28,5114.212036
-373.04752,37,5114.362239
-176.050176,42,5114.527311
-322.315996,33,5114.664741
-242.373424,34,5114.799767
-270.041972,26,5114.905908
-297.23892,32,5115.037694
-364.297323,37,5115.188284
-267.07612,27,5115.296586
-337.015678,35,5115.437924
-356.846663,37,5115.585095
-318.187134,33,5115.732362
-353.16324,37,5115.885186
-352.435527,37,5116.034738
-282.36892,28,5116.148524
-352.995935,37,5116.298335
-363.524069,37,5116.450373
-373.319849,37,5116.599189
-362.369973,37,5116.754846
-365.408024,37,5116.902116
-368.391031,37,5117.054678
-372.718031,37,5117.204568
-366.556017,37,5117.35059
-352.862167,37,5117.497322
-386.110749,37,5117.651014
-260.309852,37,5117.804047
-342.040177,35,5117.948123
-348.628594,37,5118.103609
-368.520214,37,5118.253207
58.451026,74,5118.555826
-359.288255,37,5118.712341
-236.46583,22,5118.808706
-379.276129,37,5118.962327
-371.297118,37,5119.115407
-277.256782,28,5119.233292
-358.490178,37,5119.383338
-355.393518,37,5119.535262
-369.909188,37,5119.687708
-43.408169,40,5119.850771
-349.257296,37,5119.999386
-342.248695,37,5120.153902
-502.479739,65,5120.419651
-354.653501,37,5120.575229
-351.798319,36,5120.728559
-361.386271,37,5120.884929
-305.170117,32,5121.019023
-376.615209,37,5127.558004
-350.881808,37,5127.731256
-205.936784,33,5127.870582
-358.625408,37,5128.016858
-384.756768,37,5128.164181
-349.780937,37,5128.306543
-374.174661,37,5128.452116
-371.035094,37,5128.608255
-201.163431,31,5128.731855
-362.868388,37,5128.8838
-153.74843,38,5129.03048
-367.520556,37,5129.181479
-354.725866,37,5129.328322
-327.371236,34,5129.458955
-312.553293,30,5129.576082
-347.442608,37,5129.726894
-364.25556,37,5129.869923
-361.736197,37,5130.013973
-370.798276,37,5130.163854
-389.783493,37,5130.411616
-348.058085,37,5130.572175
-274.45379,26,5130.675589
-369.063155,37,5130.832153
-384.344231,41,5130.996804
-372.401969,37,5131.15202
-212.970983,32,5131.280695
-376.14754,37,5131.422367
-310.807872,33,5131.565278
-291.499566,30,5131.696619
-358.380252,37,5131.895854
-282.52553,28,5132.027484
-347.978057,37,5132.183159
-367.153716,37,5132.342569
-372.575493,37,5132.491522
-324.455186,34,5132.630827
-266.279785,37,5132.789107
-360.305376,37,5132.942082
-248.834865,37,5133.096436
-245.779951,38,5133.258372
-368.192685,37,5133.411853
9.779515,30,5133.529582
-364.455955,37,5133.678674
-371.019278,37,5133.825501
-81.386089,28,5133.94231
-178.744267,28,5134.058076
-367.960211,37,5134.207072
-70.810192,25,5134.313967
-374.873717,37,5134.463907
-343.658146,36,5134.610344
-356.834894,37,5134.758176
-342.556974,37,5134.925193
-185.129531,29,5135.042317
-360.48935,37,5135.187891
-356.426157,37,5135.333047
-237.95976,22,5135.422369
-281.303572,28,5135.535198
-220.263716,31,5135.660995
-360.520902,37,5135.83977
-384.55828,56,5144.900798
-349.334609,37,5145.104543
-359.998879,37,5145.258368
-366.79231,37,5145.406272
-360.7391,37,5145.555411
-361.874325,37,5145.702329
-367.053887,40,5145.862943
-358.050782,39,5146.021562
-368.188427,37,5146.171595
-106.613583,31,5146.297238
-306.009508,32,5146.42502
-361.432457,37,5146.575543
-372.091255,37,5146.726864
-377.645577,37,5146.875843
14.52428,48,5147.067186
-370.454863,37,5147.217294
-299.694172,31,5147.341384
-312.74599,32,5147.470694
-265.109788,37,5147.621393
-376.924084,37,5147.765996
-373.871703,37,5147.921909
-412.674387,48,5148.121373
-375.62147,37,5148.273548
-363.012625,37,5148.425044
-243.043306,23,5148.522581
-349.388543,37,5148.678001
-252.002048,36,5148.833865
-299.399953,30,5148.964021
-363.307765,37,5149.117242
-321.380323,33,5149.261873
-206.92073,32,5149.413799
-789.61332,101,5149.840394
-354.697678,37,5149.98615
-361.545997,37,5150.136523
-359.801539,37,5150.284536
-353.369599,37,5150.432033
-366.598784,37,5150.581328
-349.180751,37,5150.728288
-337.16566,35,5150.86572
-281.939711,29,5150.982791
-361.397172,37,5151.13319
-375.886085,37,5151.281778
-383.571761,37,5151.431192
-331.744125,36,5151.581844
-194.79921,30,5151.701071
-362.971692,37,5151.852718
-353.426479,38,5152.004267
-366.646714,37,5152.281666
-376.993517,39,5152.437934
-254.784689,24,5152.532591
-365.689047,37,5152.698708
-216.899775,32,5152.825985
-373.050938,37,5152.981363
-350.974772,37,5153.140592
-156.533311,25,5153.241413
-373.259226,46,5162.475679
-258.87397,24,5162.617101
-296.419539,30,5162.757204
-357.114545,37,5162.910456
-366.097977,37,5163.059765
-362.426063,37,5163.211021
-351.988197,37,5163.359551
-374.008023,37,5163.514532
-778.167312,101,5163.926194
-374.905694,37,5164.08478
-376.284965,37,5164.244456
-214.641963,33,5164.380857
-344.660525,37,5164.535861
-297.920234,31,5164.663404
-185.2809,31,5164.789261
-266.008595,25,5164.898669
-118.924527,33,5165.029374
-273.910668,27,5165.137249
-383.150565,37,5165.292773
-166.489333,27,5165.401366
-183.927048,41,5165.563413
-379.000778,37,5165.706866
-384.909596,37,5165.851931
-364.558204,37,5166.002678
-360.607779,37,5166.156642
-231.081776,20,5166.240861
-368.53347,37,5166.386007
-372.296822,37,5166.528249
-366.970727,37,5166.677056
-248.094414,37,5166.823018
-276.784019,27,5166.930748
-310.471192,32,5167.067321
-389.039193,37,5167.214029
-361.923953,37,5167.357425
-374.917196,37,5167.503596
-330.60572,51,5167.704557
-375.264949,39,5167.859625
226.84168,28,5167.975192
-355.557563,38,5168.137248
-241.147517,37,5168.308421
-380.419131,37,5168.471474
-447.964505,47,5168.691987
-285.902809,29,5168.830649
-164.483274,26,5168.937687
-210.766999,33,5169.077495
-339.47468,36,5169.223637
-323.988271,33,5169.353384
-361.294714,37,5169.496741
-232.859639,36,5169.642662
-375.94952,37,5169.785316
-369.317589,37,5169.92752
-248.840105,24,5170.023436
-597.971534,67,5170.286633
-383.736809,37,5170.435051
-261.953902,38,5170.584445
-104.344951,30,5170.711883
-384.107641,37,5170.860013
-69.839632,44,5177.767218
-359.932385,37,5177.939618
-380.808675,37,5178.106673
-373.233308,37,5178.260887
-380.011983,37,5178.422433
-293.211232,48,5178.628008
-375.941323,37,5178.779749
-374.548974,37,5178.926004
-385.052951,37,5179.083913
-193.951218,28,5179.200093
-332.311388,35,5179.339071
-193.703126,29,5179.460943
-364.659127,37,5179.619839
188.817568,33,5179.753139
-261.04466,26,5179.85686
-274.9519,27,5179.962845
-367.821829,37,5180.121818
-391.237865,37,5180.275135
-385.716085,37,5180.426994
-355.235808,37,5180.583542
-1.196537,31,5180.711364
-361.176181,37,5180.864436
-366.646428,37,5181.132238
-239.713765,34,5181.274865
-350.698667,37,5181.428376
-376.925708,37,5181.587035
-222.40637,35,5181.734519
-377.278743,37,5181.888081
-362.869735,37,5182.046934
-356.364014,37,5182.197702
-33.017139,41,5182.389596
-370.587622,37,5182.553464
-363.526491,37,5182.728726
-408.886778,37,5182.888898
-309.378265,31,5183.016715
-300.724016,30,5183.141332
-296.992084,30,5183.265354
-271.096181,27,5183.374885
-216.471174,32,5183.506786
-348.274955,37,5183.66492
-358.715893,37,5183.81035
-346.400167,37,5183.96135
-360.422172,37,5184.115824
-385.10291,41,5184.297776
-252.753668,38,5184.452581
-335.319477,36,5184.599487
-262.51799,25,5184.702311
-133.835955,54,5184.928725
-365.160689,37,5185.077812
-366.017231,37,5185.227878
-379.452831,37,5185.380052
-363.585032,37,5185.535918
-363.673292,37,5185.690203
-357.325951,36,5185.833582
-350.815713,37,5185.984111
-358.001492,37,5186.134764
-365.246009,37,5186.281876
-334.509329,36,5194.907318
-367.52981,37,5195.077663
-350.557482,37,5195.231228
-345.760182,35,5195.374449
-377.751187,37,5195.524605
-354.973216,37,5195.67591
-376.743389,37,5195.819804
-370.69087,37,5195.968256
-358.342734,37,5196.118714
-215.905686,32,5196.242335
-175.727682,28,5196.358553
-353.867458,37,5196.509247
-350.711523,37,5196.661494
-296.998491,29,5196.777398
-382.310025,37,5196.929463
-364.136555,37,5197.076984
-367.024654,37,5197.227997
-385.74302,37,5197.380596
-370.570431,37,5197.534815
-366.392831,37,5197.684509
-350.104764,37,5197.835963
-352.78193,37,5197.982659
-367.239594,37,5198.128832
-228.657253,19,5198.204917
-211.062989,33,5198.346763
-316.527092,31,5198.47487
-336.746115,35,5198.617388
-351.454844,37,5198.770344
-362.42741,37,5198.934633
-140.0284,22,5199.022029
-324.856951,33,5199.155099
-108.785637,31,5199.279219
-89.023695,28,5199.394911
-288.614195,29,5199.507707
-361.076773,38,5199.670012
-341.184426,37,5199.819177
-374.326913,37,5199.969214
-344.501365,37,5200.120999
-350.472364,37,5200.270542
-360.226619,37,5200.423142
-68.713375,39,5200.587121
-715.504975,84,5200.926862
-349.527276,37,5201.081881
-317.461671,32,5201.222309
-382.627317,37,5201.382892
-270.977064,37,5201.540194
-244.132063,23,5201.633652
-222.052389,35,5201.77921
-375.163247,37,5201.931991
-155.7529,26,5202.038604
-337.174009,36,5202.188163
-262.27984,39,5202.343408
-378.95815,37,5202.66398
-204.337015,33,5202.821453
-378.989926,37,5202.976513
-385.707571,37,5203.126817
-360.467434,37,5203.279499
-347.711528,37,5211.225562
-395.456099,44,5211.492341
-368.714722,37,5211.642751
-365.615376,37,5211.79232
-368.099072,37,5211.948226
-240.150235,23,5212.038057
-376.460755,37,5212.190961
-377.85758,37,5212.337676
-233.443005,20,5212.425419
-240.687855,23,5212.521364
-361.19722,37,5212.674929
-363.933172,37,5212.830236
-21.10036,19,5212.915602
-344.250505,36,5213.078494
-362.615745,37,5213.251691
-175.190608,28,5213.382554
-351.267364,37,5213.539626
-267.437945,26,5213.666485
-262.621374,71,5213.998731
-368.269123,40,5214.192386
-223.809647,33,5214.328622
-255.441371,37,5214.482489
-369.875096,37,5214.634018
-351.396653,37,5214.781576
-399.482204,37,5214.935458
-361.233463,37,5215.092536
34.467355,27,5215.204809
-384.832272,37,5215.35951
-331.35788,34,5215.497203
-358.130519,37,5215.649993
-354.341011,37,5215.804998
-370.26124,37,5215.952771
-80.754028,29,5216.073707
-365.858499,37,5216.224389
-362.097733,37,5216.372197
-356.379528,37,5216.526947
-358.799053,37,5216.676566
-244.583655,22,5216.768501
-372.952552,37,5216.923563
-356.579559,37,5217.069121
-368.186657,37,5217.228017
-305.235184,31,5217.353099
-341.943372,37,5217.498416
-376.79388,37,5217.646371
-373.621117,37,5217.794299
-139.701123,22,5217.880375
-284.467391,29,5217.996984
-382.710594,37,5218.14909
-377.894436,37,5218.303556
-347.420755,37,5218.460242
-356.698064,37,5218.611967
-358.430853,37,5218.765572
-385.379742,37,5218.925858
-91.036755,46,5219.115624
-349.540168,37,5219.273652
-176.212256,27,5219.379431
-386.898209,37,5219.52487
-370.695155,37,5219.678852
-339.91579,35,5219.824596
-360.901758,37,5226.295842
-363.365863,37,5226.457838
-373.136573,37,5226.619424
-159.231875,26,5226.739741
-317.176901,33,5226.880621
-372.278014,37,5227.045983
-379.634428,37,5227.221447
-363.889189,37,5227.380968
-260.266918,37,5227.537857
-300.03418,30,5227.66836
-369.802044,37,5227.82508
-347.421286,36,5227.980243
-400.352279,44,5228.191811
-370.457362,37,5228.345569
-459.891173,50,5228.56344
-355.657606,37,5228.719168
-639.04019,86,5229.073037
-373.760823,37,5229.22995
-358.472892,37,5229.384932
-363.44857,37,5229.538508
-357.744098,37,5229.689952
-347.432284,37,5229.837316
-244.604498,34,5229.97657
-292.94373,30,5230.209217
-333.894185,35,5230.355929
-97.04133,87,5230.727618
-163.670123,25,5230.82866
-355.759154,37,5230.979329
-366.297513,37,5231.131534
-203.0855,31,5231.257365
-355.300551,37,5231.430157
-190.052783,29,5231.556897
-379.563933,37,5231.740689
-386.869733,37,5231.893173
-375.521426,37,5232.048753
-350.083531,37,5232.198624
-353.304757,37,5232.352543
-364.369392,37,5232.501954
-350.490855,37,5232.651657
-352.897639,37,5232.809924
-373.895227,37,5232.96864
-402.882775,42,5233.150286
-146.896213,24,5233.250791
-264.487622,37,5233.402582
-138.796036,23,5233.49666
-351.657576,37,5233.651737
88.04132,43,5233.831788
-367.742215,37,5233.985589
-363.505416,39,5234.145016
-362.158843,37,5234.294278
-376.986899,37,5234.445996
-350.194844,36,5234.59473
-370.133619,37,5234.750757
-356.148201,37,5234.903074
-388.787388,37,5243.035372
-364.043934,37,5243.217692
-365.900495,37,5243.387247
-375.394359,37,5243.562705
-353.304678,37,5243.72261
-377.275917,37,5243.869124
-361.391522,37,5244.021764
-287.262064,27,5244.130678
-458.592486,56,5244.37182
-357.550131,37,5244.52114
-349.235785,37,5244.667083
-358.1073,37,5244.817952
-8.610793,42,5244.986086
-273.150028,26,5245.090579
-356.002802,37,5245.244228
-375.344671,37,5245.390455
-346.739868,37,5245.543117
13.79328,29,5245.659338
-326.151957,32,5245.788954
-297.349944,30,5245.913107
-357.631036,37,5246.066399
-358.485678,37,5246.211195
-297.347157,30,5246.334918
-352.110104,37,5246.486992
-303.578226,32,5246.621024
-354.58312,37,5246.771838
-240.592975,37,5246.922288
-376.62632,37,5247.073762
-357.462365,37,5247.23237
-373.269407,37,5247.381451
-369.271357,37,5247.532408
-312.083149,31,5247.665409
-377.821339,37,5247.81247
-348.846677,37,5247.961106
-306.155393,32,5248.091406
-127.817909,21,5248.179687
-179.704053,28,5248.291434
-173.850695,27,5248.405114
-364.124158,37,5248.564285
-350.502083,37,5248.718318
-366.454018,37,5248.866074
-356.312054,37,5249.012506
-364.078834,37,5249.166126
-337.331876,36,5249.31845
-336.22428,34,5249.459903
-349.136977,37,5249.608517
-148.892308,25,5249.708015
-250.438839,24,5249.809059
-317.393748,44,5249.994272
-373.020809,37,5250.149764
-300.37236,30,5250.276272
-225.840433,34,5250.418949
-371.115249,37,5250.572022
-350.161661,37,5250.727787
-385.078514,37,5250.878042
-398.21465,37,5251.02517
-315.467044,33,5251.290861
-312.517702,45,5251.477509
-367.043798,37,5260.258765
-361.315037,37,5260.432392
-360.456056,37,5260.649401
-178.642915,40,5260.839631
-368.945714,37,5260.998488
-370.427331,37,5261.152213
-361.283231,37,5261.299776
-365.860988,37,5261.464727
-304.292081,31,5261.590269
-324.29742,33,5261.732148
-364.954232,37,5261.885404
-282.660858,29,5262.004446
-349.315879,36,5262.172419
-447.963499,51,5262.465778
-338.039599,37,5262.635165
-468.049964,49,5262.889773
-180.865439,28,5263.013429
-399.247157,40,5263.181882
-357.686194,37,5263.350448
-256.739556,25,5263.459413
-169.094562,26,5263.568781
-341.834248,35,5263.717025
-327.317553,34,5263.86501
-127.953063,19,5263.947043
-327.055558,33,5264.090599
-234.855651,22,5264.189841
-362.553252,37,5264.357208
-165.947992,38,5264.524949
-355.10471,37,5264.674765
-249.02839,37,5264.832775
-363.215633,37,5264.987275
-374.141462,37,5265.142844
-365.780705,37,5265.288489
-178.855464,28,5265.406432
-378.895583,37,5265.557874
-328.88115,33,5265.690978
-364.688501,37,5265.840476
-352.376215,37,5265.983725
-374.027265,37,5266.135193
-360.317427,37,5266.28772
-236.77243,34,5266.426645
-379.963205,37,5266.575301
-360.460906,37,5266.72547
-346.414471,36,5266.872718
-365.646785,37,5267.026942
-386.963575,37,5267.174119
-151.800466,24,5267.271525
-362.433133,37,5267.423851
-368.514914,37,5267.570961
-347.240743,37,5267.720388
-345.666441,37,5267.87193
-381.353322,42,5268.04411
-375.050535,37,5268.19474
-374.052764,37,5268.348946
-368.288541,37,5268.511632
-304.457367,31,5268.643387
-545.0047,76,5268.960254
-357.186443,37,5275.492719
-392.433508,37,5275.669684
-367.348587,37,5275.820631
-356.356127,37,5275.976385
-356.204684,37,5276.128642
-367.535528,37,5276.275766
-396.571384,37,5276.425669
-303.233148,31,5276.55165
-309.318119,42,5276.71957
-232.534088,20,5276.810119
-309.274917,32,5276.942083
-375.12516,39,5277.102578
-224.460074,21,5277.193302
-271.282167,26,5277.294762
-406.264819,45,5277.478638
-353.558311,37,5277.632374
-362.130232,37,5277.780539
-359.58164,37,5277.931554
-374.694588,37,5278.082042
-29.172044,45,5278.265845
-160.491092,37,5278.418803
-296.425517,29,5278.534674
-255.992102,23,5278.630697
-220.791294,34,5278.768471
-361.833291,37,5278.916897
-367.871356,39,5279.06928
-349.130553,37,5279.217158
-375.804287,37,5279.370126
-267.81423,26,5279.485777
-354.297853,37,5279.750519
-353.407196,37,5279.898744
-363.238194,37,5280.048781
-351.948906,37,5280.198624
-366.564608,37,5280.347202
-375.845851,37,5280.497741
-65.487991,45,5280.675181
-382.635352,37,5280.832934
-359.449534,37,5281.01387
-370.653615,37,5281.208148
-62.545144,27,5281.326527
-355.596428,37,5281.474949
-196.106147,30,5281.601273
-351.190831,37,5281.752665
-181.861478,28,5281.868841
-348.490526,37,5282.017622
-360.015602,37,5282.172185
-272.603448,26,5282.278399
-370.540755,37,5282.431883
-352.916594,37,5282.585219
-98.245798,30,5282.713261
-263.679494,26,5282.824961
-304.208861,31,5282.952613
-125.549017,20,5283.035236
-395.390023,48,5283.237766
-377.256261,37,5283.390543
-278.943822,28,5283.507816
-381.413724,56,5283.740317
-373.498325,37,5283.892324
-241.603006,23,5283.99187
-353.066282,37,5292.586798
-363.540926,37,5292.759235
-368.86338,37,5292.928652
-366.941337,37,5293.105176
-352.27426,37,5293.265239
-375.547378,37,5293.425793
-349.872189,37,5293.583531
-379.350039,37,5293.742723
-313.89488,33,5293.894999
-350.841334,37,5294.050918
-187.745406,28,5294.168394
-240.16531,34,5294.305684
-307.265287,31,5294.440915
-143.552766,22,5294.533446
-372.727384,37,5294.671296
-291.502182,30,5294.791398
-160.11373,24,5294.885857
-331.082136,34,5295.027961
-356.695337,37,5295.173802
-326.057171,34,5295.312401
-388.251284,37,5295.464539
-367.197773,37,5295.613219
-364.193355,37,5295.764839
-120.094175,32,5295.895009
-277.434559,26,5296.004556
-378.235909,37,5296.154585
-417.313509,37,5296.310211
-369.324954,37,5296.45451
-273.57208,27,5296.561357
-275.946272,55,5296.779489
-304.986186,30,5296.904289
-351.436247,37,5297.058189
-365.727012,37,5297.212217
-251.267604,24,5297.304951
-342.769499,36,5297.448354
-251.631817,23,5297.540721
-351.36173,36,5297.700492
-285.822501,29,5297.815854
-370.635073,37,5297.962983
-270.481782,27,5298.071402
-356.493289,37,5298.220753
-297.35833,43,5298.389921
-332.562273,36,5298.537481
-364.486513,37,5298.694023
-353.18056,37,5298.84493
-294.420205,30,5298.965021
-371.100019,37,5299.11573
-279.060317,39,5299.273967
-365.700544,37,5299.420455
-95.639834,30,5299.54975
-353.500454,37,5299.698087
-375.278142,37,5299.846482
-375.810296,37,5300.000439
-145.031911,36,5300.145685
-283.224477,28,5300.25902
-354.206735,37,5300.403995
-375.805997,37,5300.552992
-320.085512,33,5300.685532
-380.653912,37,5300.831038
-114.072943,32,5307.465491
-366.452028,37,5307.768681
12.065554,29,5307.892782
-379.880925,37,5308.037937
-329.116794,35,5308.180033
-352.379655,37,5308.326805
-223.781533,20,5308.402821
-358.285017,37,5308.548326
-342.435559,35,5308.688254
-357.531396,37,5308.846312
-349.186146,37,5309.018483
-348.065441,37,5309.18714
-370.12082,37,5309.356557
-418.606615,49,5309.561031
-376.016683,37,5309.723156
-160.518365,25,5309.822121
-281.49668,28,5309.939786
-297.164126,30,5310.062474
-377.206848,37,5310.218493
-363.629482,37,5310.369162
-372.815194,37,5310.518536
-412.645685,49,5310.710572
-359.028143,37,5310.858178
-240.568073,23,5310.951653
-374.104523,37,5311.102776
-364.233254,68,5311.376821
-351.165447,37,5311.521385
-257.362142,37,5311.670799
-363.197594,37,5311.830054
-351.601576,37,5311.979679
-361.575069,37,5312.138923
-354.746483,37,5312.290242
-366.160226,37,5312.442298
-355.593082,37,5312.592192
-314.783685,32,5312.7209
-351.252085,37,5312.874566
-313.50117,32,5313.000905
-297.360116,31,5313.133002
-204.73997,31,5313.319646
-347.396282,37,5313.566618
88.48011,55,5313.967495
-358.325971,37,5314.388531
-276.535285,41,5314.729316
-358.242225,37,5315.105285
-135.627457,21,5315.326927
-356.891926,37,5315.682917
-364.713289,37,5316.037709
-71.929033,27,5316.288632
-236.483326,36,5316.563569
-353.965504,37,5316.812873
-344.102597,37,5316.965121
-361.668616,37,5317.124289
-352.534113,37,5317.281526
-376.942947,37,5317.4324
-391.650995,37,5317.580988
-286.312214,29,5317.699051
-358.384791,37,5317.856322
-305.722302,30,5324.739424
-175.129604,29,5324.88807
-353.578554,37,5325.041315
-352.589655,37,5325.194055
-275.323284,27,5325.304588
-350.708103,37,5325.455091
-362.276357,40,5325.616012
-361.530774,37,5325.77184
-361.038086,37,5325.926831
-308.821359,31,5326.057524
-174.861952,26,5326.166131
-329.430865,33,5326.302144
-371.498579,37,5326.45385
-154.541765,25,5326.559998
-372.833482,37,5326.710725
-376.354085,37,5326.85824
-363.439151,37,5327.007568
-375.662126,37,5327.158866
-189.212959,29,5327.27733
-236.412087,21,5327.362574
-253.114625,25,5327.465117
-363.947917,37,5327.613601
-350.187897,37,5327.763087
-416.499577,49,5327.966665
-565.680404,101,5328.374221
68.844619,23,5328.467854
-243.998613,23,5328.56118
-389.928404,37,5328.7183
-346.979871,37,5328.874179
-350.857742,37,5329.024129
-147.667814,25,5329.125974
-377.6684,37,5329.39197
-291.857586,30,5329.513378
-367.614991,37,5329.662934
-308.90957,32,5329.795362
-373.095337,37,5329.942208
-370.527101,40,5330.111862
-363.185388,37,5330.260304
-358.889974,37,5330.414806
-239.953632,35,5330.561807
-14.422743,33,5330.705093
-348.06268,37,5330.858209
-353.024548,37,5331.011799
-353.667546,37,5331.160432
-359.632338,37,5331.311903
-375.679418,37,5331.459765
-309.334002,30,5331.577457
-362.068875,38,5331.739036
-360.609835,37,5331.89054
-210.186964,30,5332.024716
-358.830872,37,5332.195677
-200.68331,45,5332.410618
-132.137003,21,5332.501125
-356.735122,37,5332.652934
-375.744628,37,5332.802986
-299.064611,30,5332.921153
-166.844188,27,5333.033464
-373.181769,39,5333.19162
-359.664657,37,5341.718997
-338.997289,35,5341.892174
39.673398,55,5342.132983
-273.008015,27,5342.240963
-359.866166,38,5342.395399
-342.449918,37,5342.550272
-351.078066,37,5342.700676
-368.398599,37,5342.855477
-350.50814,51,5343.064345
-227.589361,33,5343.198235
-361.280332,37,5343.350006
-150.204036,24,5343.447201
-272.148209,27,5343.55819
-360.275821,37,5343.708312
-347.17263,37,5343.859867
-354.128472,37,5344.006653
-351.080761,37,5344.161158
-378.604141,37,5344.309158
-382.484438,46,5344.500116
-345.312413,35,5344.643099
-276.54102,27,5344.748331
-346.515354,55,5344.97196
-325.077814,34,5345.116867
-368.965899,37,5345.264666
-366.576597,37,5345.412974
-262.619762,25,5345.512185
-356.429278,37,5345.668683
-250.831585,37,5345.819071
-374.010482,37,5345.970308
-235.34439,34,5346.111312
-279.832733,28,5346.226716
-347.173458,37,5346.374595
-359.499253,37,5346.525907
-379.173433,37,5346.674815
-315.284749,33,5346.804491
-61.421506,37,5346.964686
-367.733576,37,5347.114463
-298.096764,29,5347.233872
-250.814569,25,5347.33477
-352.258458,37,5347.486338
-357.828299,39,5347.649551
-354.529937,37,5347.802286
-367.700912,37,5347.952377
-291.148599,30,5348.085025
-231.188873,21,5348.191986
-326.202527,57,5348.424261
-371.741622,37,5348.57938
-351.16048,37,5348.73087
-184.880508,29,5348.852662
-273.873531,26,5348.957482
-181.641759,28,5349.071369
-372.245995,37,5349.223362
-127.82111,20,5349.303
-178.887325,28,5349.416194
-116.335904,47,5349.603251
-362.669184,37,5349.758594
-360.552203,37,5349.910719
-293.949379,31,5350.03622
-358.76397,37,5356.565283
-155.509792,25,5356.69064
-273.636818,26,5356.801068
-280.265469,28,5356.916871
-349.43455,37,5357.074171
-373.704269,37,5357.340118
-375.415962,37,5357.49266
-415.363626,62,5357.745506
-271.933647,26,5357.853691
-349.887972,36,5357.998054
-356.059805,37,5358.14731
-375.992974,37,5358.304541
-334.114332,47,5358.515965
-308.049744,32,5358.650844
-431.224521,56,5358.912048
-355.733405,37,5359.067514
-292.516045,28,5359.182539
-183.39707,28,5359.299443
-376.164759,41,5359.470618
-366.346746,37,5359.620756
-313.163133,32,5359.762181
-365.454174,37,5359.914272
-210.542687,72,5360.201015
-358.321405,37,5360.356077
-376.389529,37,5360.509699
-389.899166,37,5360.662135
-346.357772,37,5360.814944
-367.688724,37,5360.970124
-378.83497,37,5361.125064
-303.463175,31,5361.252769
-215.367802,19,5361.330713
-285.119711,29,5361.451753
-264.538851,26,5361.560754
-87.156459,28,5361.684019
-284.226394,28,5361.805717
-359.854877,37,5361.959969
-427.179829,50,5362.172485
-369.461207,37,5362.320045
-355.801391,37,5362.471006
-107.693837,32,5362.609396
-349.913349,37,5362.8187
-312.030552,33,5363.002377
-353.764329,37,5363.263286
-371.905824,37,5363.525953
101.556596,31,5363.755378
-367.590261,38,5364.038307
-344.0574,37,5364.385809
-233.287341,51,5364.763646
-274.565109,37,5365.018934
-364.155499,37,5365.334342
-364.277432,37,5365.610194
-443.404939,48,5365.983622
-354.478111,37,5366.214111
-366.729096,37,5366.396051
-273.069178,27,5366.507917
-413.238475,47,5366.701873
-355.032246,37,5373.224508
-353.079098,37,5373.386794
-379.500361,37,5373.553911
-347.128676,37,5373.716928
-378.579738,37,5373.877294
-11.368288,51,5374.103179
-348.014974,37,5374.258814
-277.852589,42,5374.44044
-393.939397,41,5374.609897
-369.60403,37,5374.763833
-275.974555,27,5374.884602
-365.29878,37,5375.028033
-342.533614,35,5375.175956
-212.319301,32,5375.308495
-351.504766,37,5375.454222
-361.793765,37,5375.607276
-351.789868,37,5375.758483
-340.409287,36,5375.904279
-370.14273,37,5376.060454
-201.946835,31,5376.196832
-360.341716,37,5376.354013
-300.844179,30,5376.473448
-191.106415,30,5376.598978
-364.210332,39,5376.757598
28.551233,38,5376.913275
-369.456934,37,5377.064747
-280.408086,28,5377.182959
-146.608826,37,5377.335925
-283.784393,28,5377.44925
-375.631543,37,5377.601067
-287.980083,99,5378.10958
-359.835865,36,5378.263925
-350.06597,37,5378.51181
-364.340065,37,5378.667417
-205.113178,32,5378.797124
-111.835954,31,5378.924698
-353.975161,37,5379.077267
-374.097108,41,5379.24901
-175.708114,61,5379.61915
-370.849039,37,5380.13404
-331.904631,35,5380.338994
-353.400217,37,5380.49243
-366.773081,37,5380.644262
-323.039297,34,5380.786984
-367.298726,37,5380.940534
-318.994719,32,5381.076667
-326.148687,34,5381.223697
-311.35362,31,5381.352357
-346.82809,35,5381.494747
-250.83264,37,5381.644379
-336.351061,34,5381.779863
-199.150808,30,5381.908182
-169.617056,26,5382.018677
-314.650422,33,5382.154641
-338.198199,36,5382.311671
-375.06555,37,5390.78391
-351.977113,37,5390.962548
-153.39747,25,5391.068896
-358.443581,37,5391.226728
-362.196171,37,5391.384339
-368.221222,37,5391.536701
-346.947562,37,5391.691648
-376.144114,37,5391.839059
-54.803864,24,5391.937889
-364.59467,37,5392.084983
-372.579235,37,5392.234956
-376.446306,37,5392.384038
-170.827697,47,5392.578157
-356.157069,37,5392.728307
-133.177599,33,5392.866116
-261.560991,26,5392.97561
-351.245084,37,5393.131848
-375.909687,37,5393.283192
-352.854616,37,5393.434156
-351.569765,37,5393.597721
-363.680635,37,5393.748163
-371.392406,37,5393.89899
-371.800106,37,5394.046858
-346.932063,37,5394.199267
-365.31431,37,5394.352155
-342.374785,37,5394.502657
-160.108972,26,5394.610743
-394.153423,41,5394.779394
-352.435191,35,5394.922565
-294.244811,28,5395.03388
-352.043471,37,5395.191265
-161.914836,26,5395.296524
-299.314926,30,5395.419714
-357.912174,37,5395.569124
-330.428226,33,5395.703567
-356.179865,37,5395.851564
-118.112824,19,5395.936355
-361.814571,37,5396.086858
-365.821215,37,5396.233053
-333.79987,35,5396.377106
-486.709174,52,5396.58627
-353.132041,37,5396.739249
60.430294,40,5396.909587
-234.954,35,5397.050541
193.562838,20,5397.139505
-80.528113,28,5397.25501
-819.79602,95,5397.635779
-343.263897,37,5397.78415
-146.025623,23,5397.881809
-157.482187,38,5398.037685
-370.603078,37,5398.193813
-375.196992,37,5398.343148
-365.812594,37,5398.494106
-352.564394,37,5398.656265
-168.912855,25,5398.760732
-175.26844,27,5398.869742
-365.16719,37,5399.019366
-243.220611,47,5405.402876
-244.710084,23,5405.525899
-300.165734,31,5405.66858
-369.535849,37,5405.841148
-287.227311,29,5405.966637
-285.615982,29,5406.083417
-166.950765,25,5406.185197
24.31441,27,5406.295335
-357.388315,37,5406.551861
-330.041808,33,5406.695159
-377.177701,37,5406.850302
-380.958185,39,5407.020272
-358.368829,37,5407.174145
-355.095566,37,5407.317884
63.475472,24,5407.413297
-356.055732,37,5407.563147
-179.019912,39,5407.728799
-220.181539,34,5407.88993
-185.790263,41,5408.083577
-345.66751,36,5408.268942
-351.463996,37,5408.428117
-604.743462,101,5408.84167
-357.53722,37,5408.98891
-329.517146,35,5409.134693
-277.982837,29,5409.250673
-222.983334,33,5409.384401
-343.614346,37,5409.533682
-367.22011,37,5409.684077
-367.138845,51,5409.891347
-342.241416,35,5410.040302
-368.41338,37,5410.1938
-376.280315,37,5410.351252
-316.849481,33,5410.485721
-371.200458,37,5410.637044
-177.08531,99,5411.054206
-370.83583,40,5411.223065
-364.411541,37,5411.372674
-143.232293,23,5411.46623
-371.791916,37,5411.617352
-421.754187,58,5411.849016
-129.374657,21,5411.929907
-357.723306,37,5412.154703
-440.0878,51,5412.463471
-362.651331,37,5412.737313
-369.521638,37,5413.044568
-633.30984,101,5413.950052
-123.811715,19,5414.077202
-234.243783,20,5414.193689
-369.752663,37,5414.430403
-213.152911,31,5414.675185
-364.209975,37,5414.978815
-278.181218,27,5415.173715
-380.810031,37,5415.462816
-358.572661,37,5422.193791
-375.812815,37,5422.408441
-228.062882,19,5422.495357
-364.654454,37,5422.646861
-330.356116,35,5422.791212
-349.153206,37,5422.947944
-366.542898,37,5423.099875
-375.633508,37,5423.252355
-361.132903,37,5423.402853
-323.454901,34,5423.541267
-336.147785,34,5423.680683
-353.700748,37,5423.837629
-250.969686,37,5423.992274
-250.032085,35,5424.134572
-376.986467,37,5424.286853
-382.889294,37,5424.43717
-354.996686,37,5424.611587
-295.186254,30,5424.736221
-651.435812,101,5425.173157
-370.61857,37,5425.320721
-375.137941,37,5425.475258
-362.934625,37,5425.629753
-178.37736,28,5425.746236
-383.229723,37,5425.898886
-331.825745,34,5426.037312
-383.894868,37,5426.190355
-293.968113,29,5426.311511
-360.40039,37,5426.465583
-345.422231,37,5426.623321
-363.837147,40,5426.787256
-375.177925,40,5426.946977
-247.01743,36,5427.093977
-250.599943,24,5427.198349
-336.592243,34,5427.340556
-311.774692,32,5427.467039
-201.639596,30,5427.59678
-364.792624,37,5427.755992
-333.550783,34,5428.049942
-376.023443,37,5428.208904
-280.623794,28,5428.324735
-133.210445,34,5428.462614
-349.335317,37,5428.614925
-340.565008,68,5428.888923
93.907229,38,5429.044852
-167.164503,26,5429.16086
-380.018059,37,5429.32724
-282.669265,30,5429.460646
-235.025943,33,5429.612798
-306.221041,32,5429.744351
-373.306581,37,5429.892838
-137.029326,21,5429.981235
-250.962752,24,5430.079725
-136.151499,21,5430.164671
-223.58481,33,5430.300489
-368.449945,37,5430.453974
-346.512656,37,5430.609399
-327.713826,34,5430.748301
-374.088844,37,5430.898863
-371.910677,37,5439.121363
-201.376439,31,5439.281636
-250.127632,24,5439.386685
-351.684443,37,5439.534752
-370.820286,37,5439.692962
-290.923006,29,5439.809316
-137.773262,21,5439.893024
-362.22757,37,5440.055812
-304.457082,31,5440.188943
-358.08383,37,5440.347015
-276.631539,44,5440.522
-329.346009,34,5440.661984
-261.736745,25,5440.762601
-347.735636,35,5440.914475
-92.188137,30,5441.03597
-152.09499,25,5441.135878
-246.603285,23,5441.227795
-366.127985,37,5441.371842
-281.363955,28,5441.490641
-418.221163,81,5441.818655
-366.836933,37,5441.974316
-338.955927,36,5442.119117
-358.760632,37,5442.266001
-145.55465,55,5442.48663
-371.669352,37,5442.632117
-386.992716,42,5442.801062
-323.448556,34,5442.938392
-170.479302,26,5443.044664
-369.676363,37,5443.202927
-169.312426,27,5443.36919
-257.974249,37,5443.573753
-348.920256,37,5443.73461
-359.367354,37,5443.889233
-372.432993,37,5444.046244
-373.436576,37,5444.191297
-348.427135,35,5444.328662
-279.953976,27,5444.433357
-345.034169,36,5444.580219
-364.451703,37,5444.72767
-259.625217,38,5444.884819
-369.58144,37,5445.029213
-353.952983,37,5445.177201
-370.850539,37,5445.326096
-357.833825,37,5445.476918
-147.712337,23,5445.569598
-348.991456,37,5445.715316
-359.335545,37,5445.85934
-349.098515,37,5446.010133
-348.406487,37,5446.15778
-346.380117,37,5446.310939
-388.963849,42,5446.47908
-265.898829,25,5446.580551
-380.872151,37,5446.731522
-495.946238,56,5446.958286
-383.46836,37,5447.103935
-336.638823,34,5447.24396
-533.352132,101,5454.094337
-351.070318,37,5454.25614
-369.542844,37,5454.415453
-388.405355,39,5454.585653
-234.785686,22,5454.670396
-353.900109,35,5454.817646
-354.708732,37,5454.966384
-131.850137,20,5455.047131
-379.023297,37,5455.199237
-230.528225,51,5455.402403
-328.830834,34,5455.665913
-366.677797,37,5455.813005
-371.313306,43,5455.99012
-351.790474,37,5456.145984
-366.043018,37,5456.297168
-459.766535,49,5456.50545
-355.454715,37,5456.65607
-371.381964,37,5456.80718
-283.733437,28,5456.920623
-76.008105,26,5457.027496
-366.235058,37,5457.18438
-418.627979,44,5457.365726
-355.071645,37,5457.517477
-363.412933,39,5457.686726
-145.262713,23,5457.789258
-261.748736,25,5457.899007
-204.933101,31,5458.032293
-266.79104,26,5458.136895
-357.668596,37,5458.312506
-351.353819,37,5458.477875
-369.69183,37,5458.649541
-176.933114,27,5458.757827
-348.171516,38,5458.920421
-212.340578,31,5459.050991
-378.606392,37,5459.202798
-276.633973,27,5459.312239
-257.24745,24,5459.410571
-56.634535,23,5459.507427
-330.769887,35,5459.649893
-347.601033,37,5459.799793
-254.654384,37,5459.952863
-322.878581,33,5460.090117
-359.474264,37,5460.249219
-364.113513,37,5460.400007
-358.810405,37,5460.551511
-374.792435,37,5460.706212
-241.439173,23,5460.804081
-353.773466,37,5460.954537
-296.171188,29,5461.075516
-345.218582,35,5461.221892
-340.811438,35,5461.358759
-221.423843,32,5461.491711
-213.152111,39,5461.651938
-302.133685,31,5461.778726
-370.79276,37,5461.937543
-322.754962,33,5462.073698
-262.534864,26,5462.20477
-372.210578,37,5462.396592
-362.404811,37,5462.630006
-372.129863,37,5471.662664
-370.316396,37,5471.868603
-364.74463,37,5472.031265
-359.535245,38,5472.19345
-265.08642,25,5472.297575
-378.168368,41,5472.461733
-354.011093,37,5472.616984
-356.075104,37,5472.767499
-673.143539,101,5473.200118
-369.605209,40,5473.361587
-297.228151,29,5473.478843
-356.282086,37,5473.647771
-364.457211,37,5473.810201
-360.101883,37,5473.962498
-351.280003,37,5474.115691
-345.709596,37,5474.27852
78.7802,57,5474.5107
-357.380047,37,5474.66325
-359.527639,37,5474.815805
-354.291773,37,5474.96704
-327.860366,33,5475.102046
-330.961946,35,5475.243655
-354.000278,37,5475.397669
-376.690184,37,5475.546165
-358.325211,37,5475.69899
-375.307925,37,5475.850534
-352.375164,37,5476.004293
-357.487869,37,5476.162475
-348.233923,37,5476.313492
-386.126722,42,5476.492445
-359.29501,37,5476.644746
-248.321628,37,5476.798952
-153.742767,23,5476.893471
-345.990818,36,5477.038038
-365.958433,37,5477.191924
-367.929826,37,5477.347
-376.379726,37,5477.49816
-219.62987,34,5477.63669
-365.397041,37,5477.88327
-362.23845,37,5478.024316
-355.370365,37,5478.174272
-293.93108,43,5478.353081
-346.044363,37,5478.505267
-364.140508,37,5478.66316
-258.881139,24,5478.759331
-319.095052,32,5478.899639
-347.083439,37,5479.052103
-346.71931,37,5479.204526
174.158923,24,5479.303932
-355.765272,37,5479.461024
-367.589943,37,5479.613168
-252.823316,37,5479.758959
-235.594189,22,5479.85359
-52.677248,24,5479.97055
-109.97196,50,5480.22017
-343.825859,36,5487.98313
-374.603142,37,5488.197591
-352.949277,37,5488.359383
-314.190047,33,5488.503657
-376.863435,37,5488.664438
-222.614641,35,5488.810183
-346.092579,36,5488.959747
-367.35496,37,5489.114486
-353.440426,37,5489.265744
-368.79437,37,5489.424094
-369.873102,37,5489.575319
-356.386435,37,5489.728022
-352.99027,37,5489.878573
-371.108474,37,5490.033399
-312.38303,31,5490.158563
-346.118573,37,5490.311588
-328.542069,33,5490.447739
-225.162944,19,5490.521071
-357.3731,37,5490.675567
-613.250548,101,5491.077529
-323.587951,33,5491.208525
-356.278566,37,5491.358404
-293.768774,30,5491.478569
-361.543598,37,5491.630186
-376.414086,42,5491.805473
-360.763925,37,5491.9535
-274.443215,27,5492.062968
-357.655422,37,5492.218209
-251.373947,38,5492.37098
-87.868596,29,5492.493797
-346.906174,37,5492.656332
-353.975933,37,5492.808878
-249.497127,26,5492.913645
-360.15758,37,5493.063895
-347.649479,37,5493.219113
-397.358959,37,5493.369532
-403.311466,44,5493.548401
-334.494053,35,5493.689128
-370.408246,37,5493.837119
-370.425656,37,5493.986041
-361.926978,37,5494.13895
-359.200717,37,5494.291836
-362.097668,39,5494.447139
-218.629692,33,5494.584732
226.107083,31,5494.714706
-362.059134,39,5494.876068
-372.801405,37,5495.026477
-332.616698,34,5495.160065
-419.320191,45,5495.335163
-263.922686,26,5495.438917
-183.680679,29,5495.562937
-173.419454,28,5495.682404
-201.77706,31,5495.805315
-356.172236,37,5495.958734
-233.162394,33,5496.090796
-250.476016,36,5496.235361
-357.761254,37,5496.391365
-474.971673,56,5502.646004
-233.706436,36,5502.806947
-349.121155,37,5502.965566
-653.413232,101,5503.385019
-358.881792,37,5503.538103
-343.839517,37,5503.688398
-334.625591,37,5503.841738
-271.074526,26,5503.952047
-349.25673,37,5504.101426
-344.192242,37,5504.250737
-280.052092,28,5504.361334
-155.338103,37,5504.633735
-347.273169,37,5504.787281
-358.687108,37,5504.943421
-374.123982,37,5505.09845
-378.562341,37,5505.248741
-349.859934,37,5505.402576
-345.684451,62,5505.658763
194.618109,35,5505.803008
-303.233201,31,5505.92712
-377.62157,37,5506.077332
-239.118301,34,5506.215313
-342.302427,37,5506.371115
-131.300142,21,5506.455037
-373.554613,37,5506.606167
-328.253508,34,5506.760411
-357.514869,37,5506.924254
-329.059986,34,5507.079493
-311.70023,31,5507.207491
-224.772504,19,5507.287274
-336.364561,34,5507.427342
182.77283,22,5507.518802
-179.219662,57,5507.752124
-346.663915,34,5507.892218
-132.111748,21,5507.981167
-356.255011,37,5508.13791
98.189856,47,5508.332966
-373.200667,37,5508.484617
-382.814508,37,5508.634808
-250.226586,23,5508.726197
-363.208387,37,5508.878617
-353.506555,37,5509.021601
-79.73807,29,5509.14493
-299.454211,29,5509.264644
-352.902262,37,5509.413217
-348.981696,37,5509.565267
-291.574967,30,5509.692525
-356.672934,37,5509.852934
-272.704782,26,5509.958341
-374.642669,37,5510.103345
-365.736922,37,5510.254553
-351.884567,37,5510.407706
-300.7349,29,5510.524921
-155.178259,23,5510.619235
-245.09407,36,5510.77313
-375.446357,37,5510.966449
-791.238048,93,5520.517958
-377.29398,37,5520.680468
-161.311655,25,5520.787179
-375.571158,37,5520.943566
-111.073343,32,5521.07348
-365.161373,37,5521.225019
-307.613775,32,5521.354712
-366.796399,37,5521.502083
-373.623884,37,5521.655534
-353.469431,37,5521.808794
-366.801223,37,5521.953104
-360.200452,37,5522.101971
-338.789818,34,5522.246898
-320.281739,32,5522.37862
-364.665392,37,5522.525577
-369.996741,37,5522.67663
-349.081439,37,5522.829254
-233.57872,20,5522.909313
-442.425567,57,5523.142677
-375.290821,40,5523.305133
-388.138884,42,5523.477567
-284.120942,28,5523.598773
-354.182216,37,5523.743239
-162.293407,24,5523.839805
-298.097555,30,5523.959314
-379.294613,37,5524.109894
-349.992502,37,5524.261323
-226.160169,34,5524.394616
-149.093264,22,5524.48537
-370.632381,37,5524.639904
-227.204472,19,5524.721234
-162.792792,26,5524.825093
-359.621454,38,5524.976633
-374.772323,37,5525.126107
-362.052403,37,5525.275173
-373.976993,37,5525.42366
-188.822625,30,5525.541889
-353.715232,37,5525.694468
-338.362602,36,5525.842616
-255.865461,37,5525.990843
-362.789879,37,5526.142629
-351.613675,37,5526.298052
-248.577345,23,5526.392215
-400.409302,44,5526.563189
-354.109926,37,5526.823967
-339.502711,35,5526.978399
-365.842008,37,5527.134256
-252.440194,36,5527.284823
-280.586821,28,5527.397961
-257.889774,37,5527.549432
-388.951429,43,5527.731551
-242.40245,46,5527.942453
-334.613452,35,5528.119435
-360.398729,37,5528.324775
-255.66714,24,5528.430471
-352.886214,37,5528.580928
-344.245192,37,5528.737395
-498.355781,53,5536.440835
-222.710494,34,5536.624388
-349.600953,46,5536.821041
-362.586534,37,5536.966891
-312.541181,34,5537.107778
-355.802663,38,5537.263454
-33.26309,34,5537.401682
-277.775724,27,5537.509905
-288.476108,31,5537.631853
-348.771222,37,5537.783462
-309.509599,30,5537.906972
-388.587669,37,5538.066128
-313.062354,32,5538.203702
-369.901755,37,5538.355221
-371.818582,37,5538.510762
-360.330304,39,5538.674233
-200.372446,32,5538.804782
-348.693129,37,5538.958401
-377.609747,37,5539.112503
-362.11648,38,5539.264863
-345.944738,37,5539.415447
-401.246166,45,5539.605014
-145.701286,36,5539.755367
-28.367901,20,5539.834174
-386.321543,37,5539.989961
-153.786902,25,5540.093467
-349.292955,37,5540.245822
-361.69625,37,5540.400936
-581.330179,61,5540.665504
-177.415437,28,5540.782424
-237.007533,21,5540.871583
-369.0193,37,5541.031814
-199.397399,30,5541.170744
-355.467499,37,5541.317501
-259.860347,37,5541.470597
-379.136144,37,5541.626112
-219.664935,33,5541.753637
-126.104157,19,5541.830356
-348.233141,37,5541.982401
48.342446,41,5542.158087
-233.554298,33,5542.296558
-135.61546,34,5542.437583
-381.592689,37,5542.590003
-377.898716,37,5542.739364
-348.837125,37,5542.889723
-350.700472,36,5543.041274
-356.040462,37,5543.196282
-117.736344,33,5543.329191
-314.177309,84,5543.674738
-322.878837,64,5543.942152
-279.243514,39,5544.099432
-367.413164,37,5544.246842
-360.935081,37,5544.397496
-376.537241,37,5544.549378
-150.51157,23,5544.64355
-367.559687,37,5544.785931
-378.743162,37,5551.189751
-315.070353,34,5551.382009
-371.244518,37,5551.541556
-290.695045,31,5551.673783
-152.532001,38,5551.843694
-221.680639,18,5551.916994
-148.342216,22,5552.014642
-402.631426,37,5552.169992
-252.943703,23,5552.262666
-156.563838,24,5552.362959
-388.495281,37,5552.511577
-385.88351,41,5552.670638
-302.393139,30,5552.799177
-368.807999,37,5552.950534
-369.539811,37,5553.10078
-309.935222,31,5553.234803
-479.953182,66,5553.511151
-161.714724,37,5553.796682
-186.660431,28,5553.925063
-168.882662,27,5554.034589
-311.629863,30,5554.158033
-228.716697,34,5554.294666
-354.452172,37,5554.446342
-367.142422,37,5554.598716
-315.530756,48,5554.798499
-197.849258,30,5554.934021
-376.720399,37,5555.101718
-269.131212,26,5555.227414
-351.340916,37,5555.405167
-691.200504,101,5555.834895
-71.059278,26,5555.936378
-300.400626,31,5556.064187
-356.590801,37,5556.225323
-247.731365,37,5556.375685
-372.365708,37,5556.526936
-158.581503,26,5556.633403
-316.044788,32,5556.761794
-145.411263,23,5556.853767
-276.2819,28,5556.969226
-374.173713,37,5557.129046
-336.001204,35,5557.267368
-380.15839,37,5557.421204
-350.25958,37,5557.572577
-376.04951,37,5557.725202
-354.083369,36,5557.871981
-222.382693,34,5558.011302
-325.742634,34,5558.190847
-374.762675,37,5558.361539
-355.954394,37,5558.51441
-379.266688,40,5558.675672
-358.311085,37,5558.83002
-375.085165,37,5558.978427
-343.000183,36,5559.12658
-158.245297,25,5559.281908
-274.083282,40,5559.486598
-288.398939,27,5559.625652
-267.123916,37,5559.824691
-362.543293,37,5560.046557
-225.242331,19,5560.177335
-86.978095,28,5570.273895
-350.821995,37,5570.462713
-7.655515,32,5570.604845
-379.690199,37,5570.759457
-657.011384,101,5571.175884
-344.742144,37,5571.330062
-351.099875,37,5571.484533
-288.894224,29,5571.599686
-673.710865,70,5571.880545
-358.723662,37,5572.033391
-333.537288,37,5572.179966
-189.255027,28,5572.290053
-298.071197,31,5572.408537
-419.663761,43,5572.578349
-288.338802,41,5572.744573
-311.728759,32,5572.874919
-370.620872,37,5573.019877
-358.638122,39,5573.171965
-374.564615,37,5573.323666
-225.199297,34,5573.463748
-377.225298,37,5573.610367
-253.824659,37,5573.76422
-321.136811,32,5573.897865
-341.877137,35,5574.042934
-349.81145,37,5574.187826
-201.187768,30,5574.306252
-258.467782,37,5574.451127
-167.730926,27,5574.554743
-284.75025,28,5574.673867
-159.922331,26,5574.776768
-675.213563,101,5575.18427
-136.434118,21,5575.266849
-369.787858,37,5575.422495
-337.38408,35,5575.566869
-359.740419,37,5575.71905
-362.724282,37,5575.861726
-224.79127,20,5575.939957
-246.587644,37,5576.095282
-354.912068,37,5576.252334
-365.872393,37,5576.402936
-377.231095,37,5576.553724
-152.461543,24,5576.650194
-370.804048,37,5576.805571
-374.540692,37,5577.078464
-363.362106,37,5577.248501
-124.142444,19,5577.328506
33.167004,27,5577.436813
-353.216716,35,5577.581781
-360.619537,37,5577.72826
-350.988665,37,5577.880928
-127.685962,20,5577.957623
-71.989004,25,5578.06241
-50.778393,24,5578.15734
-272.010961,25,5578.273234
-531.654354,68,5578.640233
-350.615649,37,5578.80037
-361.518419,37,5588.000815
-352.130554,37,5588.197365
-133.129863,22,5588.294571
-318.868369,33,5588.452524
-371.729275,37,5588.629538
-126.476179,35,5588.767241
-366.056578,37,5588.934552
-355.374673,37,5589.076192
-218.519468,49,5589.278062
-370.218413,37,5589.420453
-362.952135,37,5589.566634
-350.2275,37,5589.717944
-222.797846,34,5589.854009
-346.206951,37,5590.003629
-295.520684,30,5590.121915
-375.447542,37,5590.265336
-391.741179,37,5590.411252
114.981511,29,5590.526734
-338.614047,34,5590.668825
-369.170458,37,5590.827493
-352.044201,37,5590.976359
-261.12166,24,5591.074881
-354.877414,38,5591.224493
-369.773243,37,5591.37341
-262.801704,27,5591.483556
-368.279969,37,5591.635524
-296.553118,29,5591.754602
-348.027796,37,5591.907247
-355.358239,37,5592.059747
-369.397175,52,5592.271253
-390.803351,37,5592.413597
-371.369591,37,5592.559845
-190.235587,28,5592.674183
-327.716132,35,5592.815725
-120.406349,33,5592.950448
-300.148402,31,5593.081963
-367.439893,37,5593.244397
-372.23138,37,5593.425364
-367.447899,42,5593.602426
-228.352375,34,5593.737629
-276.15263,27,5593.84978
-109.549181,32,5593.97844
-350.876688,37,5594.129644
-360.147169,37,5594.279077
-146.053754,22,5594.368439
-331.81975,36,5594.510035
-345.507279,36,5594.657272
-369.897475,40,5594.808597
-258.700171,25,5594.908865
-245.502808,37,5595.053504
-343.377814,34,5595.190436
-367.493388,37,5595.340015
-374.014568,37,5595.490937
-372.009067,37,5595.652769
-130.596472,21,5595.753236
-199.598514,30,5595.886656
-260.265523,37,5596.051274
-305.094539,30,5596.173659
-367.156324,37,5596.319286
-363.391181,39,5603.724875
-369.938507,37,5603.897852
-373.331669,37,5604.051138
-365.327229,37,5604.199648
-344.767992,36,5604.339337
-389.109299,37,5604.482872
-348.968673,35,5604.617824
-386.117914,50,5604.822875
-237.283365,22,5604.90792
-392.365628,37,5605.054531
-352.545346,37,5605.205842
-383.865533,37,5605.355082
-313.002528,33,5605.48785
-380.538917,37,5605.643334
-314.475995,32,5605.776896
-518.29543,81,5606.106279
-364.736732,37,5606.255566
-376.17441,37,5606.556482
-373.857359,43,5606.732431
-372.660691,37,5606.877238
-123.488034,19,5606.950959
-504.250755,56,5607.173591
-260.407005,38,5607.320863
-372.194856,37,5607.469125
-378.83727,37,5607.616281
-62.451118,25,5607.722499
-347.315746,36,5607.883064
-381.137883,37,5608.059606
-367.400871,37,5608.216416
-348.493645,37,5608.372908
-386.570295,37,5608.514833
-128.628006,57,5608.749452
-364.759801,37,5608.900401
-321.344994,34,5609.037622
-333.162194,35,5609.180338
-157.011935,25,5609.283999
-132.715289,20,5609.367418
-677.240671,101,5609.778688
-325.371978,32,5609.907841
-359.76716,37,5610.05628
-331.282031,35,5610.203851
-108.153719,33,5610.337824
-190.367564,28,5610.453915
-377.960596,37,5610.597829
-319.023889,49,5610.796347
-365.444627,37,5610.949337
-272.019393,26,5611.048194
27.153882,26,5611.151574
-354.452677,37,5611.300757
-361.667095,37,5611.443217
-189.943905,29,5611.564385
-258.263315,25,5611.667437
-97.959218,51,5611.877477
-376.648776,37,5612.081028
-357.902181,37,5623.466079
-209.576728,31,5623.627248
-345.426762,34,5623.770323
-543.766421,77,5624.089792
-121.107913,20,5624.170254
-364.155273,37,5624.325345
-340.151692,37,5624.474327
-354.37155,37,5624.626114
-50.568796,23,5624.717746
-360.22845,37,5624.867248
-292.985139,29,5624.984777
-319.271949,32,5625.112737
-286.328276,29,5625.232418
-366.413464,37,5625.381744
-254.563107,24,5625.479264
-352.225487,37,5625.630021
-254.329177,25,5625.727985
-366.047041,37,5625.880725
-285.542324,29,5626.000154
-371.193046,37,5626.155214
-277.31277,27,5626.267361
-266.769575,26,5626.371931
-333.113043,35,5626.514698
-46.757332,47,5626.708936
-222.175639,48,5626.902937
-168.816496,26,5627.008042
-354.198837,37,5627.153149
-367.059415,37,5627.30826
-240.371978,21,5627.392602
-194.572501,29,5627.511963
-354.690813,37,5627.660946
-347.565362,37,5627.804952
-268.081482,26,5627.91082
-367.335108,37,5628.058856
-370.936114,37,5628.212096
-274.08357,26,5628.316197
-345.898714,37,5628.463285
-358.415237,37,5628.618098
-350.576443,37,5628.764647
-385.326118,41,5628.937372
-229.543135,35,5629.079898
-319.549474,33,5629.221227
-24.18937,74,5629.523999
-360.22505,37,5629.675394
-366.427759,37,5629.829743
115.229251,48,5630.026517
-387.51659,37,5630.184212
-338.025911,48,5630.372441
-367.318765,37,5630.521003
-370.574221,37,5630.775389
-337.323719,35,5630.921587
-139.305424,22,5631.011601
-358.099847,37,5631.158333
-382.48641,37,5631.308267
-243.790023,23,5631.397899
-136.218534,21,5631.482833
-361.86716,37,5631.631447
-367.967208,37,5631.782368
-368.202458,37,5640.111865
-360.78572,37,5640.301419
-138.51955,22,5640.39333
-165.405414,25,5640.498826
-331.677841,34,5640.636631
-287.608801,29,5640.758772
-396.496773,44,5640.948381
-372.854852,37,5641.098175
-270.832041,28,5641.218742
-342.23485,35,5641.359998
-88.632471,29,5641.479273
-308.660828,30,5641.598486
-386.947523,40,5641.761737
-364.913284,37,5641.913377
-499.785083,62,5642.177539
-365.159879,37,5642.326829
-346.623282,36,5642.471516
-246.309466,23,5642.563137
-357.496253,37,5642.718866
-352.875327,37,5642.867932
-417.273636,46,5643.066171
-219.694415,20,5643.145828
-214.791378,32,5643.274104
-51.163402,24,5643.371223
-242.462996,23,5643.463171
-268.956057,27,5643.575304
-304.395343,33,5643.71448
-123.357369,78,5644.027818
-229.715082,19,5644.107575
-384.960828,39,5644.266069
-819.077985,101,5644.669464
-379.582563,37,5644.821549
-223.029805,34,5644.959651
-355.407039,37,5645.111937
-381.951008,53,5645.326547
-379.403041,37,5645.478502
-147.696955,22,5645.567046
-279.177596,29,5645.682748
-300.013184,30,5645.805781
-163.105078,25,5645.918151
-350.930168,37,5646.069784
-206.584722,31,5646.198461
-357.921372,37,5646.346203
-247.172039,37,5646.496956
-323.715766,34,5646.632361
-383.038536,41,5646.797811
-315.361767,32,5646.931832
-365.113307,37,5647.084061
-799.969561,88,5647.444182
-375.117936,37,5647.593134
-305.308481,30,5647.714596
-346.600001,35,5647.859557
-387.154897,42,5648.025743
-357.906353,37,5648.213435
-129.01671,34,5648.358927
-365.462882,37,5648.531016
-287.4631,28,5654.828164
-250.47491,25,5654.963212
-127.076483,19,5655.044686
-347.419622,37,5655.19538
-149.92291,37,5655.346518
-358.762935,37,5655.495103
-351.488028,37,5655.654855
-277.402753,39,5655.812067
-123.365635,19,5655.891876
-359.389762,37,5656.039821
-372.635415,40,5656.201952
-497.177069,58,5656.441477
-358.022391,37,5656.598182
-312.64846,31,5656.725813
-362.427852,37,5656.874093
-306.722306,43,5657.044822
-176.882391,26,5657.149454
-279.902657,28,5657.263011
-403.055084,40,5657.420689
-347.733598,37,5657.57099
-125.369592,19,5657.645748
-295.707907,30,5657.767478
-345.508067,37,5657.9124
-253.383461,38,5658.194794
-330.054096,33,5658.347472
-367.908009,37,5658.503418
-135.442963,52,5658.71488
-256.669269,23,5658.811721
-269.919902,28,5658.92975
-329.176995,34,5659.07154
-276.817617,26,5659.175755
-390.216631,37,5659.347222
-370.658097,37,5659.518412
-349.654409,37,5659.69136
-379.185265,37,5659.851695
-310.866431,32,5659.980724
-333.703888,35,5660.124247
-261.878654,36,5660.271875
-536.078504,68,5660.540776
-350.750975,35,5660.681399
-374.869238,37,5660.833837
-188.036967,28,5660.953608
-303.746326,46,5661.149356
-195.435332,29,5661.280872
-363.691604,37,5661.436259
-370.796513,37,5661.586865
-284.797393,28,5661.70472
-281.105188,32,5661.832292
-375.627439,37,5661.981295
-370.17196,37,5662.127914
-365.85704,37,5662.280907
-361.624521,37,5662.43708
-372.145971,37,5662.585523
-265.751482,37,5662.737093
-291.537724,41,5662.903464
-373.591371,37,5663.054184
-367.644486,37,5663.20864
-355.761455,37,5663.354164
-362.906876,37,5671.788679
-277.973166,27,5671.916149
-376.032255,37,5672.063272
-221.485732,30,5672.187637
-297.246622,44,5672.360265
-360.072415,37,5672.509013
-381.174322,37,5672.653241
-299.936713,29,5672.770086
-374.802364,37,5672.928067
-367.816302,37,5673.085148
-438.317009,45,5673.273786
-202.38684,31,5673.400181
-269.919273,28,5673.511556
40.12738,24,5673.608283
-353.006905,37,5673.757421
-370.932072,37,5673.90422
-250.311121,24,5674.001002
-191.184035,29,5674.122603
-388.919391,37,5674.272712
-363.744128,37,5674.425195
-360.039405,37,5674.575009
-57.988661,26,5674.681095
-358.575008,38,5674.837787
-293.347654,28,5674.954021
-288.84492,29,5675.071731
-132.701002,33,5675.204966
-285.358889,57,5675.433459
-357.650126,37,5675.586345
-347.476993,37,5675.734759
-354.262956,37,5675.887683
-40.047397,21,5675.973125
-353.859381,37,5676.122696
-360.032045,37,5676.27308
-468.346793,101,5676.686971
-364.38633,37,5676.849461
-267.868188,38,5677.013162
-301.240228,31,5677.145887
-485.169674,51,5677.360717
-353.864134,37,5677.512492
-158.101643,25,5677.612325
-204.742031,43,5677.78755
-353.196219,37,5677.9478
-350.921931,37,5678.207177
-376.808499,37,5678.37553
-237.644855,21,5678.457144
-210.100681,52,5678.674248
-31.621875,38,5678.827977
-372.239443,37,5678.97669
-336.019181,34,5679.119113
-243.876337,21,5679.203619
-365.164671,37,5679.3541
-275.428922,28,5679.578744
-545.394613,83,5680.035288
-255.727132,37,5680.436316
-363.262792,37,5680.614405
-372.995345,37,5688.913592
-62.067126,56,5689.173188
-365.728236,37,5689.32931
-185.312773,27,5689.437557
-368.851382,37,5689.585799
-181.162807,27,5689.693206
-349.356029,37,5689.846594
-364.678707,37,5689.997518
-371.405963,37,5690.156112
-356.559607,37,5690.312423
-375.570855,37,5690.483982
31.895323,28,5690.60826
-207.758896,30,5690.735445
-367.965396,39,5690.904674
-837.936463,101,5691.359751
32.215673,45,5691.542496
-175.931973,27,5691.650559
-7.039674,49,5691.84671
-131.98797,19,5691.92357
-371.759432,37,5692.078815
-372.629576,37,5692.223367
-276.882877,27,5692.338514
-380.02741,37,5692.486765
-284.015478,28,5692.598813
-358.359259,37,5692.749752
-209.967912,32,5692.881588
-306.01662,32,5693.012136
-274.273339,26,5693.117233
-354.987174,39,5693.275225
-223.12345,18,5693.350842
-291.088099,29,5693.46953
-269.842881,37,5693.61753
-377.802294,37,5693.76755
-279.328803,28,5693.883856
-286.740776,28,5693.996476
-368.755475,37,5694.14802
-284.461174,28,5694.261428
-357.972589,37,5694.416413
-167.782169,27,5694.527727
-287.20863,29,5694.64423
-368.60797,39,5694.797984
-134.663885,35,5694.939131
-366.859141,37,5695.087716
-267.855015,26,5695.189064
69.92276,52,5695.397995
-231.724555,20,5695.479771
-325.309996,34,5695.615857
-360.036644,37,5695.765126
-260.390034,24,5695.863593
-219.568699,18,5695.93804
-133.43792,21,5696.023827
-372.339102,37,5696.174994
-363.767681,37,5696.321178
-317.142266,44,5696.500783
-358.15103,41,5696.669992
-345.883301,34,5696.810435
-375.538538,37,5696.95925
-344.810413,37,5697.109178
-373.308851,37,5697.257481
-363.618158,37,5703.742726
-258.658401,52,5703.986383
-328.088921,35,5704.134991
-334.94709,34,5704.272809
-431.839475,48,5704.465573
-423.781393,47,5704.65169
-227.005388,19,5704.729105
-40.2108,22,5704.82206
-312.332623,31,5704.950503
-347.996847,37,5705.104605
-349.883508,37,5705.251388
-353.038098,37,5705.399805
-292.329854,30,5705.521138
-146.768611,22,5705.612398
-357.747073,37,5705.762872
-350.0599,37,5705.911051
-244.89957,34,5706.05105
-356.471522,37,5706.201336
-362.415366,37,5706.360916
-346.173617,36,5706.517565
-369.834355,37,5706.674343
-155.417533,23,5706.773107
-361.318024,37,5706.925474
-249.711246,25,5707.026594
-148.912894,22,5707.119584
-350.658113,37,5707.270946
-368.345559,37,5707.542846
-359.05317,37,5707.692946
-352.811566,37,5707.854717
-347.008885,36,5708.000654
-145.334329,23,5708.104452
-273.620311,27,5708.231346
-313.800853,33,5708.373676
-320.402331,43,5708.567185
-303.878402,44,5708.782575
-358.407768,37,5708.958699
-370.889906,37,5709.121705
-356.957216,37,5709.277061
-349.087838,37,5709.424012
-262.922987,24,5709.521817
-4.978449,31,5709.660243
-349.873763,37,5709.809796
-369.661246,37,5709.959024
-375.569589,37,5710.112735
-361.217362,37,5710.272078
-375.437162,37,5710.422437
-247.045976,37,5710.581972
-349.659661,37,5710.746363
-301.66056,32,5710.881286
-349.093867,37,5711.054989
-338.6739,35,5711.204206
-215.425106,32,5711.333028
-106.365516,43,5711.505152
-50.172134,23,5711.598585
-362.151621,37,5711.75047
-377.140692,37,5711.904213
-146.641472,22,5711.993743
-358.194301,38,5712.150452
-367.067004,37,5712.295999
-361.551812,37,5720.410772
-372.397473,37,5720.603317
-266.271712,27,5720.72122
-376.493742,40,5720.889579
-253.990143,24,5720.987545
-148.114858,35,5721.133337
-328.734898,33,5721.268343
-392.986266,37,5721.416361
-353.922079,38,5721.5733
-320.764607,36,5721.728755
-365.869339,39,5721.896121
-177.698971,27,5722.004467
-369.12979,37,5722.153149
-228.998707,19,5722.227063
-261.721433,37,5722.372646
-349.383307,65,5722.635924
-380.358354,37,5722.783308
-330.842354,35,5722.925999
-250.750564,23,5723.020563
-362.013121,37,5723.172859
-120.279233,19,5723.25254
-377.039054,37,5723.406192
-607.12071,69,5723.682284
-324.715917,32,5723.815881
-267.949397,26,5723.924059
-357.228801,37,5724.077085
-356.034041,37,5724.233073
-681.029156,77,5724.541658
-242.504763,21,5724.625278
-300.667573,51,5724.834613
-88.693548,29,5724.952054
-226.534427,18,5725.027638
-371.08693,37,5725.178749
-353.37821,37,5725.326519
-348.284702,37,5725.478374
-48.434499,23,5725.569134
-345.950389,38,5725.720177
-359.468592,37,5725.865306
-374.161363,37,5726.011085
-360.362113,37,5726.163436
-194.292095,27,5726.27062
-352.894116,37,5726.42809
-294.351297,29,5726.555322
-363.482871,38,5726.710747
-375.560064,37,5726.868127
-173.110042,37,5727.036653
-259.617681,25,5727.137099
-312.168954,30,5727.261682
-366.345489,37,5727.419611
-324.916458,32,5727.556265
-355.937158,37,5727.708558
-369.871961,37,5727.860144
-450.439789,51,5728.06614
-478.076768,55,5728.293194
-141.25265,22,5728.374957
-246.1975,23,5728.585938
-357.949902,37,5728.745237
-364.974372,37,5736.720895
-378.797708,39,5736.974863
-199.408037,67,5737.259369
-250.673307,23,5737.354224
-142.259531,22,5737.442034
-369.039715,37,5737.602384
-353.983821,37,5737.750958
-350.730344,37,5737.9083
-381.94244,41,5738.081187
-68.188953,27,5738.196198
-361.687977,37,5738.35633
-365.192285,37,5738.507882
-181.424592,28,5738.618758
-298.635549,31,5738.744102
-297.420499,30,5738.877867
-373.57799,37,5739.032905
-241.249175,23,5739.12775
-284.76924,27,5739.237754
-168.123766,26,5739.342309
-268.875321,26,5739.451754
-357.759376,37,5739.600622
-359.188022,37,5739.755308
-293.449671,30,5739.88054
199.352424,19,5739.957165
-362.389496,37,5740.105552
-356.39683,37,5740.258169
-349.195586,35,5740.406412
-363.248454,40,5740.579482
-55.370328,24,5740.680647
-504.052342,58,5740.917234
-514.628025,58,5741.161229
-370.517084,37,5741.314617
129.041433,46,5741.503599
-299.883987,30,5741.627479
-273.171639,37,5741.784686
-425.426181,49,5741.983236
-365.853487,37,5742.134858
-121.275488,19,5742.210697
-269.43442,28,5742.323204
-236.500355,20,5742.405224
-392.115688,54,5742.625435
-134.539534,20,5742.706808
-376.925738,40,5742.867072
-227.064413,20,5742.949847
-357.816161,37,5743.106723
-291.736981,28,5743.226853
-243.502743,22,5743.321045
-369.66174,37,5743.473777
-261.871329,39,5743.63338
-367.985516,37,5743.784067
-288.466743,47,5743.972865
-375.184385,37,5744.125286
30.805058,45,5744.313869
-173.340538,27,5744.421239
-352.411016,37,5744.571848
-365.422627,37,5744.726925
-348.925883,37,5744.879324
-364.161789,37,5745.026105
-374.706085,37,5745.17503
-346.773498,37,5751.560496
409.518832,46,5751.805966
-355.373278,37,5751.961033
-349.099888,37,5752.118839
-282.061043,28,5752.234197
-361.782787,38,5752.392281
-208.366379,31,5752.517985
-361.776268,37,5752.676434
-351.407665,37,5752.829033
-267.994675,26,5752.931637
-304.643118,31,5753.057486
201.303958,21,5753.146274
-363.543552,37,5753.303088
-273.967304,27,5753.410795
-336.347958,48,5753.603655
-300.26472,60,5753.849405
-357.808369,37,5753.997722
-255.955722,37,5754.15142
132.427453,27,5754.261061
-361.629344,37,5754.413428
-204.593712,31,5754.543073
-331.947299,48,5754.733399
-358.028794,37,5754.886609
-324.762421,34,5755.022791
-364.575811,37,5755.17218
-359.723401,37,5755.323544
-344.535573,38,5755.47903
-97.857945,29,5755.596679
-226.496201,35,5755.85537
-368.889612,37,5756.002628
-127.864983,20,5756.093827
-418.154844,57,5756.337741
-388.093591,40,5756.499111
16.013012,31,5756.626722
-196.614252,30,5756.747375
-366.089445,37,5756.897486
-375.925307,37,5757.048289
-341.115156,34,5757.190603
-169.728949,27,5757.301367
-283.304558,27,5757.410639
-262.463413,25,5757.516488
-350.723957,37,5757.670321
-374.406177,37,5757.821742
-344.983569,36,5757.969832
-289.804435,28,5758.085127
-286.520087,29,5758.207511
-366.671819,37,5758.368449
-346.350956,37,5758.540488
-454.8997,51,5758.777784
-367.932777,49,5758.983134
-265.146574,26,5759.089809
-28.79331,21,5759.176637
-247.031709,37,5759.327228
-351.428325,37,5759.478668
-374.40673,37,5759.63421
-284.372553,28,5759.745776
-481.166483,59,5759.989849
-318.094118,32,5760.122854
-378.72176,39,5768.240248
-244.769876,23,5768.351589
-372.906619,37,5768.508113
-305.320594,34,5768.653756
-365.453402,37,5768.812607
-42.0885,22,5768.904818
-233.812076,36,5769.049685
-334.068238,36,5769.193582
-373.420473,37,5769.349912
-356.665906,37,5769.506125
-156.119296,23,5769.602477
-229.284689,33,5769.73793
-404.421054,43,5769.924459
-449.754788,53,5770.147658
-657.703496,101,5770.557689
-352.591898,37,5770.714003
-370.854505,37,5770.863109
-313.209792,32,5770.991168
-150.447304,24,5771.089947
-361.863174,36,5771.238742
-368.28157,39,5771.403912
-374.349259,37,5771.559715
-351.268496,37,5771.714491
-355.531051,37,5771.868545
-148.0385,24,5771.988344
-366.780205,37,5772.14628
-679.191635,101,5772.557669
-97.268891,30,5772.684354
-356.138113,37,5772.835374
-366.6236,37,5773.021345
-378.61096,37,5773.177633
-375.120609,37,5773.332965
-300.817171,29,5773.453831
-376.1126,37,5773.615399
-309.228045,31,5773.747411
-155.058573,24,5773.846004
-260.622187,25,5773.951291
-369.654153,37,5774.103678
-239.787252,22,5774.199688
-374.047045,37,5774.355716
-322.194751,32,5774.503137
-284.4017,27,5774.621713
-256.763103,25,5774.730449
-169.786178,28,5774.889834
-388.941388,43,5775.06645
-365.397081,37,5775.219394
-383.334756,37,5775.362253
-424.106631,50,5775.572331
-303.523194,33,5775.710931
-355.69697,37,5775.864877
-365.487667,39,5776.024763
-278.118137,37,5776.181584
-160.836881,37,5776.339544
-161.853867,25,5776.443734
-345.79041,38,5776.606067
-359.217196,37,5776.760115
-154.066783,25,5783.138093
-151.887998,23,5783.421886
-346.436319,35,5783.56799
-370.647103,37,5783.72301
-285.817795,29,5783.844392
-369.464768,37,5783.997691
-289.074014,29,5784.114648
-298.211638,30,5784.242257
-351.647466,37,5784.392783
-338.212029,35,5784.54834
-296.805532,29,5784.677568
-288.047089,29,5784.811054
-262.878798,38,5784.97057
-228.058374,33,5785.110585
-307.645738,32,5785.249133
-369.982438,37,5785.398957
-364.888584,37,5785.545054
-127.799328,35,5785.691918
-372.432226,37,5785.841623
-350.962557,37,5785.989936
-218.629749,19,5786.064805
-357.674018,37,5786.221674
-349.382915,37,5786.372041
-436.409818,48,5786.571949
-376.609988,37,5786.726549
-137.13173,22,5786.818968
-361.8504,50,5787.026814
-375.944359,37,5787.181849
-460.223455,71,5787.475634
-225.365029,19,5787.551928
-131.854953,53,5787.770266
-346.407088,37,5787.923043
-368.029736,37,5788.074776
-264.579407,37,5788.231306
-178.943148,27,5788.341678
-320.749369,32,5788.47651
-266.65712,39,5788.639794
-367.362339,37,5788.829346
-375.940133,37,5789.044885
-386.671852,53,5789.419628
-259.327844,37,5789.730697
-357.902389,37,5790.022484
-323.254958,52,5790.380263
-170.119612,25,5790.566856
-261.959157,26,5790.762008
-363.20221,37,5791.082203
-168.882162,27,5791.253738
-267.257444,27,5791.389948
-411.032684,44,5791.573204
-126.057832,19,5791.652511
-278.409604,27,5791.762171
-357.065216,37,5791.926877
-292.788567,29,5792.043359
-126.575763,33,5792.178843
-240.384634,22,5792.266026
-354.307863,37,5792.413269
-290.235406,31,5792.543341
-117.848831,31,5792.67032
-193.719001,55,5799.711843
-269.261451,27,5799.864464
-344.198324,37,5800.044961
-353.860194,38,5800.204057
-152.578475,36,5800.343181
-318.486548,33,5800.479143
-184.402127,27,5800.587308
-259.363698,24,5800.682213
-209.293969,44,5800.861647
-353.821272,37,5801.015096
-212.567984,44,5801.197149
-223.502098,31,5801.323756
-243.38113,35,5801.469155
-304.55402,31,5801.604028
-350.715105,36,5801.74718
-28.973599,20,5801.829377
-238.037036,35,5801.975237
-317.700401,32,5802.104781
-363.588029,37,5802.25911
-376.74769,37,5802.405107
-286.621443,28,5802.518856
-279.451774,28,5802.635154
-138.016149,22,5802.725473
-180.729684,27,5802.837142
-231.96706,20,5802.922686
-338.038019,35,5803.060042
-126.073358,21,5803.146591
-277.38525,28,5803.260347
-29.871272,20,5803.342113
-235.701925,22,5803.431108
-273.962916,26,5803.537539
-372.634935,37,5803.693005
-299.098207,29,5803.82002
-281.602161,28,5803.934886
-249.887594,24,5804.030779
-353.353275,37,5804.183719
-364.448185,37,5804.473292
-196.413359,30,5804.593728
-287.708769,29,5804.710706
-79.259396,26,5804.818028
-306.278917,30,5804.943049
-381.872619,37,5805.096417
-375.290399,37,5805.267192
-258.775523,28,5805.423172
-377.950664,40,5805.604989
-244.345596,23,5805.696674
-395.350032,43,5805.874519
-392.429413,39,5806.036385
-351.764969,37,5806.1922
-255.968509,37,5806.345405
-137.418157,22,5806.4343
-184.315518,27,5806.545881
-330.836061,34,5806.688359
-330.261769,33,5806.819723
-278.809558,26,5806.928204
-137.160587,23,5807.02782
-333.470387,36,5807.198363
-348.697691,37,5807.367667
-311.469312,31,5807.510503
-354.81717,37,5807.659929
-262.847159,26,5807.765461
-377.823881,37,5807.923406
-611.73048,101,5808.336542
-349.025399,37,5816.021114
-352.036891,37,5816.220955
-419.296356,45,5816.414609
-376.77085,37,5816.568817
-219.523293,35,5816.716382
-310.159459,32,5816.849932
-354.823819,37,5817.008636
-287.318943,27,5817.130913
-353.781627,37,5817.279869
-375.084625,37,5817.43257
-275.465925,37,5817.584518
-373.638367,37,5817.735877
-333.697218,34,5817.869489
-283.413694,28,5817.986843
-236.704335,22,5818.07543
-374.980397,37,5818.229148
-357.800392,37,5818.38626
-205.656018,31,5818.512148
-338.123488,34,5818.653341
-367.599257,37,5818.806598
-356.830298,37,5818.959181
-382.332938,37,5819.111288
-375.788772,37,5819.267697
-242.835887,23,5819.360962
160.057352,22,5819.447244
-249.166328,23,5819.541306
-372.006874,37,5819.697669
-348.918886,37,5819.849517
-219.420507,19,5819.931845
-304.991658,31,5820.059197
-360.450126,37,5820.20893
-362.640211,37,5820.356649
-354.506451,37,5820.503558
-282.678673,28,5820.61564
-366.261691,37,5820.764248
-362.867161,37,5820.90798
-136.966271,21,5820.994242
-344.357056,35,5821.141414
-189.48348,31,5821.271294
-375.779971,37,5821.41616
-362.556536,37,5821.574727
-261.233821,25,5821.678391
-252.241666,37,5821.827717
-414.917565,44,5822.008725
-366.303456,37,5822.161872
-344.897178,37,5822.308731
-375.999405,37,5822.457876
-150.596709,22,5822.547531
-352.404392,37,5822.702306
-360.61804,37,5822.854245
-358.550979,37,5823.001953
-349.13117,37,5823.152842
-276.423331,29,5823.275626
-96.34501,30,5823.395893
-306.504715,46,5823.590233
-273.209686,26,5823.693402
-277.344313,26,5823.796404
-372.671522,37,5823.944685
-308.785643,31,5824.070318
-397.766372,37,5824.223002
-366.92972,37,5824.37173
-365.945474,38,5830.829879
-182.884754,29,5830.978901
-234.837885,20,5831.067055
-353.034979,37,5831.219754
-365.090529,37,5831.465605
-186.541177,30,5831.605876
-357.484229,37,5831.752635
-370.090424,37,5831.902919
-274.295732,39,5832.06368
-630.177319,101,5832.49027
-241.019636,37,5832.656088
-269.225342,43,5832.849611
-368.687675,37,5833.040204
-31.463032,20,5833.12534
-258.31939,25,5833.248865
-373.229243,37,5833.403814
-301.878079,31,5833.529491
-122.289817,20,5833.613926
-326.276557,33,5833.751328
-268.837682,26,5833.855862
-287.086896,29,5833.978315
-362.68347,37,5834.129207
-358.41355,37,5834.283198
-365.547152,37,5834.436675
-422.835395,58,5834.675252
-282.586034,28,5834.810048
-399.985775,37,5834.966715
-351.48091,37,5835.119193
-230.333512,36,5835.267913
-156.083554,24,5835.365354
-284.474161,29,5835.483872
-340.06443,35,5835.632323
-379.872312,37,5835.785725
-185.378698,29,5835.904319
-306.594058,30,5836.025843
-234.294008,21,5836.113022
-368.457352,37,5836.266668
-300.880066,30,5836.393849
-283.514209,28,5836.510741
-109.597722,18,5836.586409
-307.536453,29,5836.705927
-346.110655,36,5836.882373
-176.314428,27,5837.02873
-304.403797,30,5837.19123
-371.886693,37,5837.456541
-319.556342,32,5837.703539
-357.54137,37,5838.01164
-378.336141,37,5838.358884
-359.289039,37,5838.66483
-119.31356,19,5838.796712
-294.986457,29,5839.022826
-369.230431,37,5839.246144
-360.135786,37,5839.438479
-215.072402,45,5839.626838
-286.80882,29,5839.747673
-365.734533,37,5839.906823
-124.677617,34,5840.046583
-262.478777,37,5840.196023
-250.589188,25,5840.299886
-356.047426,37,5840.449369
-226.89119,20,5840.528879
-369.270632,37,5846.525755
-296.740493,43,5846.73223
-381.391907,52,5846.949713
-338.73851,36,5847.098388
-193.522363,30,5847.220929
-382.320906,42,5847.392272
-259.812885,26,5847.500626
-57.424885,26,5847.606568
-364.557605,37,5847.750908
-436.962152,50,5847.956645
-417.317766,46,5848.149474
-129.961908,20,5848.231845
-372.29703,37,5848.388497
-349.301379,37,5848.536889
-381.102475,42,5848.714593
-349.166351,37,5848.86957
-521.133573,61,5849.113238
-256.752944,25,5849.212224
-418.34842,46,5849.403838
-296.438415,29,5849.526455
-287.481393,29,5849.643575
-387.597902,37,5849.794681
-359.53333,37,5849.943061
58.516375,25,5850.05035
-370.649416,37,5850.203771
-266.842518,27,5850.312449
-230.55006,35,5850.449519
-364.658665,37,5850.600175
-442.242904,49,5850.799679
-136.282006,21,5850.887423
-360.885953,37,5851.036626
-364.257893,37,5851.196601
-320.541386,31,5851.326306
-272.6538,27,5851.535902
-346.642436,37,5851.686494
-258.067412,24,5851.787655
-359.474342,37,5851.935867
-275.801487,27,5852.048597
-306.674571,32,5852.18468
-274.083355,37,5852.33943
-323.735144,34,5852.480189
-244.76824,23,5852.571557
-386.434224,41,5852.765772
-371.170987,37,5852.918554
-356.833148,37,5853.090745
-370.27992,37,5853.243936
-364.003254,40,5853.420025
-364.124802,37,5853.576587
-337.827622,48,5853.773815
-312.072797,33,5853.913358
-356.427837,37,5854.068798
-368.41108,37,5854.224692
-722.634987,101,5854.668309
-362.330709,38,5854.844256
-357.754794,37,5855.002052
-315.690955,33,5864.123442
-129.628649,21,5864.244108
-511.811352,64,5864.520889
66.07533,54,5864.740337
-142.275088,22,5864.830299
-367.622345,37,5864.982608
-328.510798,33,5865.1188
-354.08536,37,5865.270599
-198.739016,31,5865.393772
-220.190252,33,5865.534547
21.670504,28,5865.65291
-365.067675,39,5865.824972
-202.536938,30,5865.951784
-128.335679,22,5866.041991
-389.255077,37,5866.191668
-412.732121,45,5866.376481
-375.562459,37,5866.532042
-364.516323,37,5866.68098
-67.476056,58,5866.923774
-368.922271,37,5867.077085
-344.783684,36,5867.226241
-286.729473,28,5867.335118
-239.919267,22,5867.423491
-555.982605,101,5867.836926
-37.329666,21,5867.923049
-205.831411,30,5868.047449
-189.47185,62,5868.312848
-398.058205,42,5868.488267
-527.214772,59,5868.73633
-252.642498,23,5868.831814
-376.167398,37,5868.983251
-344.584675,36,5869.134448
-370.515185,37,5869.287468
-359.095311,37,5869.436833
-707.77809,101,5869.847534
-290.639337,31,5869.973566
-265.249853,25,5870.076374
-387.544503,40,5870.243326
-254.732939,24,5870.334442
24.652887,58,5870.572015
-371.451545,37,5870.725385
-251.180027,36,5870.874435
-358.98404,37,5871.026172
-542.081056,69,5871.309752
-368.839315,42,5871.477474
-134.658651,20,5871.554945
-144.92049,23,5871.649682
-373.572775,37,5871.812574
-579.202342,86,5872.176004
-389.65273,56,5872.403432
-641.445749,71,5879.490902
-366.311952,37,5879.666263
-145.909392,23,5879.763334
-332.615873,34,5879.901799
-326.024779,34,5880.042374
-359.833213,37,5880.193951
-193.491688,29,5880.316468
-368.561006,37,5880.582533
-291.49328,30,5880.709635
-364.657186,37,5880.863132
-239.124029,36,5881.012931
-249.499902,36,5881.160156
-367.526309,37,5881.309489
-382.414458,41,5881.47989
-301.032076,31,5881.619233
-385.553501,42,5881.808457
-258.008469,32,5881.954632
-425.704366,49,5882.181257
-247.096196,25,5882.291265
-285.497871,30,5882.41831
-356.995749,37,5882.57136
-369.861439,37,5882.731418
-749.558493,100,5883.149261
-359.876725,37,5883.304877
-355.065823,37,5883.449512
-349.008117,37,5883.604676
-288.291239,29,5883.72677
-46.945333,23,5883.822437
-368.457335,37,5883.972033
-83.245499,45,5884.164672
-653.54982,101,5884.589119
-228.312776,19,5884.668076
-376.118557,37,5884.818316
-219.403717,20,5884.896321
-355.672004,37,5885.050641
-281.872006,41,5885.225003
-381.379979,37,5885.378686
-326.914839,35,5885.523961
-230.169887,19,5885.609894
-362.30129,37,5885.761066
-363.993846,37,5885.960548
-361.477836,37,5886.162362
-256.169077,36,5886.359049
-246.337386,24,5886.539986
-302.524378,31,5886.78372
-274.828758,28,5887.01815
-311.524977,45,5887.336874
-331.288965,32,5887.628076
-408.318473,54,5888.1642
-351.140258,37,5888.50064
-116.862092,34,5888.754921
-363.155049,37,5888.928584
-359.315922,37,5889.080651
-129.6682,20,5889.167614
-133.29222,21,5889.255595
-301.492647,42,5889.432792
-253.493189,24,5895.843377
-294.515351,29,5895.998892
-232.719035,22,5896.099075
-180.191054,27,5896.212502
-240.018347,23,5896.304724
-195.204532,29,5896.423
-377.269883,37,5896.570562
-288.676602,30,5896.692713
-561.216784,87,5897.058176
-332.463349,48,5897.258867
-239.854318,23,5897.353456
-366.807078,37,5897.504633
-301.803738,30,5897.634474
91.111954,33,5897.781763
-708.223695,101,5898.203646
-270.698496,27,5898.313988
-614.93856,101,5898.730818
-132.411559,21,5898.817275
-136.072009,22,5898.904441
-379.651602,57,5899.140217
-115.554788,32,5899.273462
-255.37064,23,5899.369947
-233.081951,19,5899.450421
-134.313244,21,5899.539759
-216.703883,31,5899.667755
-143.583731,22,5899.760534
-175.480275,37,5899.908798
-360.235298,38,5900.06675
-274.849857,27,5900.178843
-369.594519,37,5900.326502
-282.803073,28,5900.436347
-336.984005,34,5900.577471
-384.402428,37,5900.727679
-344.550175,53,5900.943625
-364.607915,37,5901.096853
-255.830197,25,5901.195495
-297.205467,32,5901.444253
-354.77348,37,5901.605968
-94.273715,30,5901.72679
-277.196311,26,5901.840186
-393.478591,42,5902.015355
-291.392234,29,5902.134707
-508.429911,101,5902.58405
-266.808164,26,5902.700397
-137.64069,21,5902.802362
-354.867979,37,5902.976538
-133.028648,35,5903.123451
-257.940922,37,5903.275379
-589.488311,101,5903.683826
-279.252733,28,5903.799533
-355.348013,37,5903.955602
-367.15879,37,5904.11006
-438.308781,49,5904.314727
-313.2653,31,5904.445226
-369.99656,39,5913.157398
-348.701101,36,5913.327466
-329.616936,44,5913.513258
-412.545929,46,5913.70201
-362.757677,37,5913.857683
-294.994979,29,5913.98238
93.351288,20,5914.072493
-200.360586,30,5914.202507
-348.978476,37,5914.363005
-248.215842,23,5914.45691
-284.230996,29,5914.575031
-345.904692,38,5914.732087
-653.311861,79,5915.06336
-365.670616,37,5915.22074
-254.822448,23,5915.312906
-361.310557,37,5915.464706
-374.761834,37,5915.615408
-368.452862,37,5915.767111
-375.444238,38,5915.928378
-289.729675,28,5916.04614
-369.794576,37,5916.198177
-370.51985,37,5916.340646
-455.263,53,5916.557637
-242.836189,21,5916.641758
-251.634503,37,5916.794918
-317.336225,33,5916.932187
-386.491309,37,5917.081844
-358.024037,37,5917.231629
-324.912747,34,5917.370208
-193.233885,29,5917.481961
-316.333158,46,5917.667302
-316.007733,32,5917.807491
-375.422048,40,5918.005047
-250.771225,37,5918.159423
-229.541062,34,5918.315333
-220.793561,19,5918.397717
-259.211977,25,5918.503526
18.132499,28,5918.619114
-357.325181,37,5918.770003
-396.173332,45,5918.95014
-371.610054,37,5919.102616
-282.449147,28,5919.215148
-343.290874,36,5919.360288
-253.809029,25,5919.462627
-286.382069,28,5919.572722
-342.581771,36,5919.720139
-349.367933,37,5919.876246
-356.753614,37,5920.026626
-383.675442,37,5920.175997
-277.471044,41,5920.341114
-197.158415,30,5920.461461
-390.872188,37,5920.629716
-367.934594,37,5920.781912
-361.661465,37,5920.94513
-194.955162,32,5921.079618
-364.655697,37,5921.230441
-96.650151,29,5921.352919
-367.819374,37,5921.510214
-232.229215,19,5928.735516
-342.464156,35,5928.960949
-320.189388,33,5929.099782
-278.538764,27,5929.208542
-389.511409,42,5929.378783
-134.091405,20,5929.45576
-309.854102,32,5929.58595
-561.291354,101,5929.997341
-318.556176,32,5930.124291
-366.106712,37,5930.426853
-366.410899,37,5930.590716
-251.371276,37,5930.736003
-261.742052,25,5930.838982
-290.595895,40,5931.004003
-160.919921,24,5931.100651
-261.282716,37,5931.260799
-370.430444,37,5931.414276
-363.823505,37,5931.579813
-366.446938,37,5931.753709
-346.666675,39,5931.954629
-272.662405,42,5932.14267
-321.689123,34,5932.285056
-272.006379,39,5932.456505
-377.305934,37,5932.60541
-395.301955,44,5932.799253
-316.428727,34,5932.934347
-373.745167,37,5933.084949
-263.588332,25,5933.189836
-404.707588,44,5933.370033
-100.88935,31,5933.494442
-367.618637,37,5933.649469
-367.215456,37,5933.792394
-365.003246,37,5933.959386
-354.679274,37,5934.111514
-380.729503,37,5934.26106
-205.368701,30,5934.382924
-318.300821,32,5934.508196
-354.186416,37,5934.663898
-525.242619,61,5934.907056
-362.561081,37,5935.055602
-238.653751,22,5935.148016
-358.900668,39,5935.304626
-133.419703,21,5935.391142
-257.866104,24,5935.483427
-179.186127,27,5935.594514
-206.263368,32,5935.721079
-223.617682,36,5935.920543
-286.590565,28,5936.091745
-379.997054,41,5936.434243
-172.451969,27,5936.639678
-251.154676,22,5936.830741
-115.683864,32,5937.119145
-367.048935,37,5937.464216
-359.068231,37,5937.839774
-358.554004,36,5938.234644
-368.753737,37,5938.519563
-240.436326,23,5939.2654
-152.367613,24,5940.688903
-257.422722,37,5941.472433
-290.357409,29,5954.172174
-358.725505,37,5954.361781
-149.097249,23,5954.46674
-114.720103,18,5954.53918
245.770083,25,5954.650103
-363.701856,37,5954.807101
-378.532171,37,5954.985033
-250.349075,24,5955.116925
-209.674054,31,5955.242176
-307.762946,32,5955.369332
272.436268,22,5955.470003
-263.303602,26,5955.592167
-374.656198,37,5955.744655
-354.180608,37,5955.913692
-362.055792,37,5956.080976
-282.718572,28,5956.208373
-274.602392,27,5956.326522
-290.600896,29,5956.449999
-232.686553,34,5956.590849
-252.471435,38,5956.751211
-179.34384,27,5956.864777
-352.429495,37,5957.030183
-248.053036,41,5957.201901
-369.494572,37,5957.356693
-363.305681,37,5957.501495
-193.393058,30,5957.624656
-367.39894,37,5957.779039
-294.698201,30,5957.904119
-305.764406,31,5958.032761
-241.433254,21,5958.121321
-282.607551,28,5958.237339
-352.605386,36,5958.390783
-242.074128,35,5958.531881
-375.101416,37,5958.691131
-342.417855,34,5958.831708
-277.516517,27,5958.942266
-378.365851,37,5959.098873
-355.922577,37,5959.246845
-356.231012,37,5959.398964
63.517806,57,5959.633644
-350.401742,37,5959.784785
-230.617738,19,5959.864955
-287.647865,29,5959.989774
-281.434177,27,5960.099785
-244.027875,35,5960.386793
-347.609165,36,5960.541435
-151.278842,25,5960.640961
-364.732762,37,5960.795228
-275.220027,42,5960.97363
-340.251776,36,5961.127062
-175.08022,27,5961.233804
-142.929629,22,5961.318331
-373.827457,37,5961.472358
-246.911897,23,5961.591882
-264.322814,26,5961.708011
-637.294067,78,5962.091352
-375.053569,37,5962.251816
-317.444425,33,5962.401614
-373.764857,37,5962.547721
-520.240108,67,5962.826729
-376.846753,42,5962.99797
-459.385222,56,5972.535827
-120.246555,19,5972.613096
-350.019444,37,5972.754545
-150.353336,22,5972.848089
-282.588993,28,5972.958159
-130.34768,20,5973.03379
-2.775538,48,5973.228907
-124.39143,20,5973.310988
-405.311345,43,5973.48898
-158.139783,24,5973.586455
-347.92317,36,5973.7646
-417.790774,44,5973.940545
-250.833959,25,5974.041453
-279.027009,28,5974.150275
-375.489943,37,5974.298261
-346.38961,37,5974.446919
-510.29764,57,5974.685215
-251.429121,37,5974.839288
-333.104405,37,5974.984402
-170.969632,27,5975.093806
-268.779045,37,5975.251518
-231.2007,20,5975.333296
-329.885005,34,5975.468142
-285.162685,27,5975.575695
-570.748867,72,5975.856607
-275.258067,28,5975.972585
-358.682267,37,5976.121853
-279.431878,45,5976.303566
-363.717762,37,5976.446722
-233.451523,20,5976.526784
-295.482518,42,5976.694248
-48.632032,23,5976.790156
-359.49906,37,5976.943639
-154.481085,50,5977.145529
-269.338887,37,5977.293097
-328.969309,35,5977.43646
-397.959624,43,5977.614499
-284.731992,28,5977.729331
-359.926528,37,5977.877696
-242.048091,36,5978.022068
-133.028837,20,5978.105496
-389.819682,44,5978.33072
-265.121811,26,5978.515615
-365.685145,37,5978.676789
-205.416541,30,5978.79829
-233.934023,22,5978.885681
-176.027142,29,5979.000405
-292.571165,43,5979.180512
-244.141119,22,5979.275324
-194.814023,29,5979.410627
-699.755025,101,5979.835122
-265.267517,25,5979.942765
-336.22012,38,5980.095692
-361.169136,37,5980.26753
-367.217738,37,5980.812849
-518.213919,56,5981.122194
-305.689239,31,5981.260726
-360.230603,37,5988.64316
-156.47087,23,5988.770914
-273.124789,27,5988.886935
-148.00763,23,5988.979952
-390.482854,43,5989.144945
-453.123715,52,5989.357525
-384.39183,38,5989.508422
-371.896283,37,5989.649801
-168.582058,24,5989.747527
-151.871109,24,5989.838898
-163.395179,26,5989.943297
-270.820481,27,5990.054358
-360.716619,37,5990.204388
-281.590973,27,5990.311881
-580.907154,101,5990.831849
-287.013101,28,5990.949693
-336.549003,37,5991.106947
-293.48988,29,5991.225639
-286.734785,29,5991.35583
-224.374607,33,5991.486368
-378.45626,37,5991.634767
-273.494523,37,5991.786121
-377.163135,37,5991.92994
-484.730401,86,5992.30095
-172.453295,27,5992.435062
-313.02859,33,5992.577698
-371.07467,37,5992.728707
-375.678499,37,5992.880288
-306.351004,31,5993.004594
-361.169203,38,5993.158257
-247.890357,37,5993.306517
-350.960835,36,5993.444247
-290.256328,28,5993.560513
-355.836599,36,5993.7031
-259.939467,26,5993.809933
-388.125665,41,5993.968327
-240.661722,34,5994.100027
-298.559,31,5994.225615
-243.308679,36,5994.372424
-345.584127,36,5994.519007
-301.678077,32,5994.647075
-252.991611,25,5994.744792
-133.112193,22,5994.834476
-291.171988,29,5994.948872
-190.246905,29,5995.066317
-179.386944,27,5995.178795
-170.803676,27,5995.281628
-364.379152,37,5995.428269
-372.568894,44,5995.603584
-75.556133,27,5995.720444
-70.422759,26,5995.831323
-246.910803,35,5995.971872
-257.064158,24,5996.067161
-357.564758,37,5996.21309
-359.486832,37,5996.411909
-401.808116,44,5996.671489
-159.486089,23,5996.838148
-447.158997,48,5997.221186
-241.838127,22,5997.403557
-306.442414,30,6004.374782
-366.842108,37,6004.591471
-371.121703,37,6004.753204
-257.850983,23,6004.845309
-362.055987,37,6005.000003
-373.424295,37,6005.151909
-235.247284,20,6005.232289
-231.321953,19,6005.308686
-333.942757,36,6005.451178
-582.994609,75,6005.761077
66.790393,42,6005.93389
-86.016424,28,6006.048647
-363.049238,38,6006.200774
-398.035694,42,6006.37494
-310.205835,32,6006.507128
-274.572345,26,6006.612062
-297.974904,30,6006.733509
-358.683554,37,6006.885558
-360.007666,37,6007.038121
-842.138345,101,6007.456173
-102.444803,31,6007.582298
-327.510758,35,6007.723757
-37.447184,22,6007.815025
-228.488762,19,6007.893016
-321.988419,33,6008.02801
-296.695348,30,6008.167327
-298.545854,42,6008.346415
-359.993658,37,6008.502455
-335.865232,35,6008.659362
-329.196636,35,6008.797494
-117.366374,19,6008.877772
-154.185026,24,6008.974666
-347.210841,37,6009.123258
-42.306414,23,6009.213449
-304.609538,32,6009.346122
-349.699879,37,6009.493461
-362.612224,37,6009.642933
-304.588166,30,6009.759882
-297.633968,29,6009.875106
-73.381942,26,6009.980596
-349.258847,37,6010.134702
-304.589369,33,6010.271416
-191.112211,30,6010.392706
-181.886496,28,6010.50553
-67.740937,27,6010.612807
-161.518283,25,6010.819105
-379.722624,37,6010.970229
-355.146101,39,6011.129452
-127.177274,19,6011.201305
-351.904819,37,6011.349408
-370.839489,37,6011.49203
-317.848848,32,6011.621228
-610.520781,61,6011.864242
-357.012298,37,6012.037199
-240.947246,22,6012.139694
-348.858209,37,6012.30987
-461.563596,49,6012.519002
-285.975195,29,6012.643625
-303.369297,30,6012.765523
-285.039459,28,6012.887393
-328.824243,33,6021.259293
-265.597703,25,6021.405094
-177.948992,26,6021.5245
-68.976246,25,6021.630843
-677.802417,101,6022.035483
-263.088623,37,6022.184012
-240.070187,21,6022.279399
-289.552233,43,6022.453699
-238.772688,33,6022.592904
-361.053809,37,6022.754159
-239.897438,20,6022.84377
-318.808119,32,6022.971993
-415.120207,49,6023.179952
-353.222795,39,6023.34014
-352.00286,37,6023.486147
-349.052061,37,6023.641564
-375.157424,37,6023.797742
-276.275802,26,6023.902791
-269.20933,27,6024.016626
-342.292503,34,6024.160261
-268.556043,26,6024.266954
-386.895402,41,6024.436994
-419.817748,46,6024.621134
-365.849484,41,6024.788315
-258.968792,28,6024.904624
-351.101326,52,6025.112826
-335.434004,33,6025.24611
-358.868856,37,6025.402252
-228.580711,19,6025.481653
-314.250634,33,6025.61233
-365.718808,37,6025.761404
-354.586804,49,6025.956123
-113.208588,34,6026.095198
-331.872981,33,6026.234025
62.179294,24,6026.331759
-386.612118,37,6026.47518
-249.274219,23,6026.569653
-366.246989,39,6026.735563
-390.276363,42,6026.908172
-209.596433,33,6027.04919
-256.371841,23,6027.144584
-363.326586,37,6027.295147
-382.845187,37,6027.447151
-357.994887,37,6027.598146
-56.544735,23,6027.692966
-166.941071,26,6027.79903
-255.451186,37,6027.958193
-250.296175,24,6028.057021
-237.602491,22,6028.148965
-356.103786,37,6028.297978
-375.299107,37,6028.446032
-128.641792,20,6028.524246
-219.532494,32,6028.657865
-363.949973,40,6028.823514
-234.432161,35,6028.963767
-243.741116,55,6029.191838
-93.716082,42,6029.364423
-316.249078,32,6029.497746
-680.333812,79,6035.746955
-320.555186,32,6035.893357
-335.642799,35,6036.041585
-483.987406,52,6036.251459
-13.641778,32,6036.390113
-350.96468,37,6036.543804
-251.962943,37,6036.692018
-307.48923,30,6036.817108
-301.522927,30,6036.938768
-265.343466,25,6037.041075
-239.425233,35,6037.183122
-368.228129,37,6037.333207
-177.601465,27,6037.44031
-248.776005,23,6037.533632
-227.513855,19,6037.611754
-235.876463,22,6037.706056
-132.629667,20,6037.785916
-170.946045,26,6037.890005
-294.871276,30,6038.098772
-520.577985,101,6038.528123
-370.79138,37,6038.683599
-318.940586,31,6038.808116
-391.081483,37,6038.967841
-154.614123,38,6039.118792
-371.381158,37,6039.292404
-442.249982,49,6039.522119
-368.721201,51,6039.743669
-381.572457,37,6039.890538
-253.392423,23,6039.987751
-153.146227,25,6040.089922
-371.478919,37,6040.24274
-192.351112,29,6040.363652
-229.181788,19,6040.442979
-272.724445,27,6040.552867
-358.852225,37,6040.702625
-266.265822,24,6040.799781
-149.557078,23,6040.897087
-240.440402,22,6040.991505
-240.493451,35,6041.133254
-379.619376,37,6041.288838
-192.358533,30,6041.415461
-279.425503,27,6041.52587
-360.049668,37,6041.679927
-366.170432,37,6041.833087
-287.583589,28,6041.951058
-318.292206,32,6042.081801
-384.011263,37,6042.230591
-381.086629,37,6042.382819
-385.267097,37,6042.533093
-320.769769,35,6042.680197
-211.917101,31,6042.810206
-370.876651,37,6042.961093
-382.430603,37,6043.1131
-372.90515,37,6043.270741
-271.359984,25,6043.371119
-314.673147,33,6043.549623
-104.452188,30,6043.710467
-253.650367,37,6043.942449
-372.93298,37,6044.220384
-358.910934,38,6044.485714
-372.431489,37,6051.201233
-134.334219,22,6051.337897
-249.444662,22,6051.451122
-290.845931,31,6051.5868
-143.902501,40,6051.756191
-265.179284,26,6051.862369
-258.594074,24,6051.960412
-221.090267,18,6052.036348
-266.560637,37,6052.184006
-370.267314,37,6052.333839
-371.576029,37,6052.484998
-127.273575,19,6052.563134
-332.815084,34,6052.710351
-145.655329,23,6052.802557
-325.548436,32,6052.934087
-274.44191,38,6053.08465
-140.814897,21,6053.169652
-135.655829,21,6053.255148
-268.029009,37,6053.407207
-357.581131,37,6053.557854
-352.031213,37,6053.711644
-356.183164,38,6053.870238
-315.400249,33,6054.000553
-253.274023,37,6054.153563
-353.453457,37,6054.301758
-242.890707,23,6054.395133
-452.249076,51,6054.604117
-369.903977,37,6054.751822
-272.775362,27,6054.864501
-178.890823,26,6054.971678
-242.052442,22,6055.066606
-196.253728,29,6055.201821
-140.188982,54,6055.429988
-337.39815,34,6055.570735
-153.95964,25,6055.673903
-363.357474,37,6055.828641
-360.405682,37,6055.988547
-365.32863,37,6056.14321
-358.467836,37,6056.293651
-357.269576,38,6056.44862
-344.097637,36,6056.598919
-92.223669,29,6056.717386
-284.310718,29,6056.835735
-364.923639,37,6056.98607
-302.969439,30,6057.114441
-389.960842,37,6057.268695
-373.131408,37,6057.422555
-252.610005,37,6057.572455
-272.32213,26,6057.677372
-381.744053,45,6057.858223
-371.531469,37,6058.175526
-153.581312,37,6058.332442
-260.654388,37,6058.481372
-306.665402,32,6058.613396
-225.390335,18,6058.684364
-349.229434,37,6058.836812
-308.177763,31,6058.961836
-369.660234,37,6059.115037
-240.487346,22,6059.207283
-288.744951,28,6059.326366
-75.7985,26,6059.450972
-327.133555,34,6059.598138
-336.889013,35,6059.766869
-351.125989,37,6059.922943
-365.399145,37,6068.255481
-301.917366,29,6068.389754
-140.0605,34,6068.552615
-373.567489,37,6068.705303
-196.505001,30,6068.821516
-150.375559,24,6068.928266
-358.236118,37,6069.082154
-69.754078,26,6069.186664
-372.468202,37,6069.341156
102.375892,30,6069.460228
-393.240662,37,6069.609332
-367.390797,37,6069.76283
-374.085653,37,6069.91505
-294.842375,28,6070.027332
-600.803636,92,6070.398377
-363.130389,37,6070.545615
-413.642379,44,6070.729055
-263.179913,26,6070.832952
-382.763421,37,6070.98243
-351.987789,36,6071.130184
-355.800283,36,6071.275874
-416.675765,44,6071.457964
-222.316103,36,6071.613046
-334.729637,62,6071.865835
-352.207472,37,6072.019304
-281.93322,27,6072.132095
-276.988875,27,6072.243318
-335.927108,46,6072.422052
-360.961724,37,6072.570356
-292.03811,29,6072.688372
-349.509908,37,6072.845696
-233.734464,20,6072.934275
-376.545379,37,6073.085526
-198.350785,30,6073.210455
-354.256312,37,6073.359074
-378.681713,50,6073.571177
-361.652974,40,6073.745184
-331.062446,32,6073.879618
-166.898923,25,6073.982783
-157.967703,24,6074.089204
-146.390711,23,6074.181682
-374.230348,37,6074.337778
-364.602234,37,6074.48986
-371.31641,37,6074.651637
-239.347234,39,6074.809758
-359.181463,37,6074.966888
-372.861212,37,6075.121269
-364.427932,37,6075.275131
-251.30279,24,6075.375149
-313.034028,46,6075.559972
-315.173305,31,6075.687269
-160.100013,37,6075.841646
-364.793401,37,6075.990092
-270.670244,27,6076.103337
-348.690289,37,6076.263317
-310.688354,32,6076.396305
-245.007732,23,6076.485495
-350.966321,35,6082.377933
7.336382,30,6082.547453
-358.450958,37,6082.716595
-172.230794,26,6082.831274
-344.542382,35,6082.971853
-421.504357,64,6083.238329
-83.068255,27,6083.341019
-143.671058,23,6083.433186
-311.031934,32,6083.56605
-79.531892,27,6083.67542
-302.263211,31,6083.802866
-218.792639,32,6083.934645
-347.992256,37,6084.089892
-362.902681,38,6084.246863
-380.103076,38,6084.395238
-372.167682,37,6084.554753
-316.04338,32,6084.687403
-327.072823,33,6084.821742
-244.979009,35,6084.965999
-388.600363,37,6085.208757
-395.234746,37,6085.359575
-366.913222,43,6085.531282
-159.80155,37,6085.684769
-240.628889,21,6085.771472
-250.629651,37,6085.918543
-134.381299,21,6086.002646
-374.066061,40,6086.159021
-248.01447,22,6086.251542
-490.334343,55,6086.478445
-511.7944,55,6086.702785
-364.719752,38,6086.862636
-125.469539,20,6086.945395
-361.466442,37,6087.094561
-211.262588,31,6087.224644
-150.159461,22,6087.322756
-354.447985,37,6087.475455
-621.651688,96,6087.88437
-244.568991,36,6088.050565
-248.5546,35,6088.214675
-202.237442,29,6088.35933
-262.726646,26,6088.471056
-311.032872,31,6088.600855
-264.539525,26,6088.706201
-263.518586,26,6088.813609
-254.588937,37,6088.97148
-302.302014,30,6089.094286
-232.272837,21,6089.181153
-518.144346,53,6089.397473
-394.55686,38,6089.554375
-411.394496,43,6089.729434
-56.944286,24,6089.826251
-319.330683,34,6089.966045
-382.637753,41,6090.141592
-124.17891,19,6090.217973
-392.653461,37,6090.375094
-266.332845,29,6090.489896
-254.980834,24,6090.590642
-368.120182,37,6090.740502
-356.017185,37,6090.890527
-343.160752,36,6098.151438
-271.831044,26,6098.305631
-236.620644,34,6098.459444
-195.993625,39,6098.634338
-318.972219,33,6098.770577
-383.327965,37,6098.927718
-293.571447,29,6099.047055
-40.043781,54,6099.270208
-468.889129,53,6099.484929
-253.774394,23,6099.577392
-312.464806,33,6099.712742
-159.905742,24,6099.808351
-187.162014,29,6099.928036
-322.301458,33,6100.063759
-362.545642,37,6100.220665
-360.526381,37,6100.374333
-351.5061,37,6100.527355
-244.015462,23,6100.620556
-375.317916,37,6100.772121
-295.903797,31,6100.899688
-253.031448,35,6101.041671
-353.305753,37,6101.19739
-277.737854,28,6101.312027
-171.317925,26,6101.416442
-341.442899,36,6101.564571
-114.599377,19,6101.646305
-161.164498,37,6101.790291
-198.856021,31,6101.919588
-347.128381,35,6102.057949
-244.547121,34,6102.197392
-372.032504,37,6102.345441
-236.074988,35,6102.487832
-535.175325,61,6102.745013
-124.741316,19,6102.823389
-364.878647,37,6102.981787
-230.948678,19,6103.059514
-367.235825,37,6103.213738
-360.771872,37,6103.365293
-339.271415,33,6103.49999
-305.348575,31,6103.628218
-167.420477,27,6103.739864
-39.998757,22,6103.831461
-368.735112,37,6103.982423
-268.575489,26,6104.087227
-323.418234,32,6104.219287
-293.112925,29,6104.333232
-357.209783,37,6104.480958
-270.452676,26,6104.589033
-162.791521,25,6104.685638
-241.849753,37,6104.836486
-361.129967,37,6104.985992
-300.917646,30,6105.105845
-138.933124,22,6105.194816
-127.684319,20,6105.276339
-248.444236,36,6105.527269
-242.98425,22,6105.617929
-233.486175,34,6105.756842
-349.026653,39,6105.912929
-203.708708,30,6106.033741
-244.44126,23,6106.125958
171.610724,22,6106.214942
-457.182766,62,6106.471244
-213.919596,32,6106.605665
-255.14439,26,6114.059017
-342.913666,35,6114.418513
-336.667079,34,6114.770526
-297.241021,29,6115.141662
-348.435689,37,6115.523593
-307.95273,31,6115.751332
-361.124966,37,6115.959787
-315.885185,31,6116.10698
-268.451371,51,6116.319927
-371.328576,37,6116.472155
-368.13947,39,6116.642122
-373.830687,37,6116.796892
-44.343432,22,6116.887982
-355.72351,37,6117.035329
-231.354452,19,6117.117847
-289.059653,28,6117.231056
-361.995011,46,6117.423646
-118.008429,19,6117.495425
-208.035423,31,6117.628811
-264.11646,25,6117.730217
-29.672614,20,6117.810765
-364.802251,37,6117.964462
-411.639052,42,6118.138328
-273.658609,42,6118.307444
-276.935219,27,6118.418843
-157.395711,23,6118.517264
-226.636169,33,6118.666838
-289.64299,44,6118.852838
-365.760782,37,6119.004553
-293.172645,30,6119.126527
-342.211379,36,6119.273678
-316.115705,32,6119.407368
-367.800212,37,6119.56331
-162.623845,24,6119.663182
-248.864262,35,6119.805697
-157.318708,23,6119.896372
-373.314482,37,6120.047091
-239.133806,22,6120.139691
-372.177744,37,6120.299878
-206.49727,43,6120.473835
-369.549492,37,6120.619502
-336.72774,34,6120.765473
-347.732915,35,6120.904388
-233.125177,21,6120.986667
-385.96042,37,6121.134197
-286.200699,28,6121.246886
-174.512167,60,6121.485896
-148.6879,22,6121.577884
-247.611594,23,6121.673011
-288.733156,29,6121.788779
-131.090291,22,6121.878478
-336.192321,49,6122.080454
-195.396459,28,6122.196635
-308.306629,31,6122.335731
-195.764596,31,6122.465719
-251.310266,36,6122.612005
-140.765499,21,6122.692363
-369.377652,37,6122.841848
-354.569191,37,6122.992571
-326.200631,35,6123.135038
-353.200692,37,6123.290119
-403.82193,44,6123.467852
-316.725125,34,6129.754457
-273.657462,27,6129.908622
-366.701253,37,6130.068666
-234.696518,20,6130.150248
-346.810325,37,6130.302615
-263.803472,26,6130.404078
-368.92069,37,6130.550876
-280.796512,27,6130.662422
-286.003597,33,6130.795757
-189.330576,29,6130.912654
-359.640964,38,6131.066581
-360.870831,37,6131.219971
-504.456075,60,6131.458053
-134.224455,20,6131.538473
-291.319668,29,6131.656499
-361.449279,37,6131.812832
-367.259488,38,6131.969637
-158.06339,25,6132.069245
-241.006699,22,6132.160881
-248.163615,40,6132.3238
-148.100324,22,6132.415965
-316.629728,33,6132.549017
-373.072189,37,6132.703332
-361.246784,37,6132.855105
-202.362519,30,6133.085613
-362.576106,37,6133.236106
-361.452769,39,6133.392745
-370.358311,37,6133.543504
-365.864713,37,6133.702033
-397.405375,41,6133.874639
-336.595663,34,6134.011889
-308.959163,45,6134.220688
-268.585921,40,6134.398758
-100.141439,42,6134.604276
-373.019736,37,6134.765038
-297.051703,29,6134.88247
-350.150047,36,6135.034618
-312.05854,32,6135.167501
-512.179749,53,6135.38501
-222.758087,18,6135.45956
-149.111511,22,6135.549558
-568.247934,101,6135.975468
-281.697872,27,6136.085007
-252.756863,25,6136.18702
-166.238963,38,6136.344941
-69.31171,40,6136.51135
-189.325281,29,6136.632867
-78.350426,27,6136.741723
-254.578603,23,6136.842534
-373.61384,37,6136.997534
-371.6543,37,6137.153742
-243.526996,35,6137.295579
-261.988955,25,6137.396685
-171.628049,27,6137.505379
-132.50877,21,6137.595559
-220.496692,18,6137.671862
-117.238786,19,6137.745823
-288.979115,42,6137.925818
-371.233707,37,6138.084275
-244.410376,38,6138.247504
-245.826372,23,6138.344271
-374.705556,37,6145.580706
-359.325459,37,6145.762301
-350.943602,36,6145.913137
-266.631102,25,6146.015904
-335.512967,45,6146.200074
-156.727586,24,6146.294272
-295.593564,30,6146.417561
-260.074394,25,6146.517429
-358.002442,38,6146.670255
-246.443436,37,6146.823701
-356.076555,37,6146.976711
-356.048719,37,6147.130317
-396.376466,43,6147.309887
-260.443307,36,6147.458652
-139.283973,22,6147.541835
-355.6471,37,6147.697775
-160.639941,24,6147.800318
-414.207261,43,6147.975305
-357.433177,37,6148.124263
-178.437765,27,6148.23323
-238.948632,22,6148.320469
-390.357504,42,6148.492552
-484.780545,53,6148.706714
-265.541571,37,6148.866248
-377.611265,37,6149.019171
-399.281374,37,6149.178513
-477.417514,66,6149.445362
-275.373267,26,6149.550534
-334.070199,33,6149.686127
-243.174511,21,6149.768307
-376.828162,37,6149.920189
-375.687023,37,6150.073554
-357.134696,38,6150.224508
-321.320256,32,6150.353272
-100.017991,30,6150.474886
-266.523763,40,6150.640091
-282.872072,27,6150.749107
-258.947872,39,6150.906518
-284.615581,40,6151.067548
-209.72573,32,6151.202034
-62.52805,26,6151.305813
-257.328039,24,6151.399271
-133.031554,20,6151.481895
-267.45807,26,6151.585547
-290.103018,30,6151.707757
-368.801103,37,6151.862847
-312.241981,32,6151.996912
-133.404283,21,6152.084106
-353.928966,37,6152.238986
-372.458188,37,6152.392869
-360.364917,37,6152.562352
-369.514536,37,6152.72387
-224.005437,18,6152.802134
-717.694218,81,6153.271426
-266.412444,25,6153.378755
-311.489006,31,6153.508266
-290.151591,29,6153.630643
-150.145999,24,6153.727289
-239.511067,23,6153.823826
-253.917838,23,6153.915839
-355.752428,37,6163.101824
-253.33657,24,6163.383694
-135.683751,21,6163.633266
-140.899532,35,6164.053076
-38.850985,22,6164.199284
-88.562747,41,6164.450718
-151.781991,37,6164.645966
-119.197816,20,6164.729658
-188.866268,33,6164.877347
-329.880283,35,6165.025947
58.699058,24,6165.126048
-129.839472,20,6165.203154
-202.237634,33,6165.340677
-386.591781,43,6165.514314
-86.820346,29,6165.637058
-350.426911,37,6165.790797
-274.542387,27,6165.902047
-327.203844,32,6166.035119
-234.685919,42,6166.210687
-313.535842,33,6166.352201
-223.038497,19,6166.433914
-366.151476,37,6166.619596
105.637992,35,6166.83374
-374.221974,37,6167.016525
-173.437355,27,6167.136697
-251.419846,37,6167.288855
-371.102084,37,6167.442569
-338.145358,35,6167.585257
-256.973254,37,6167.73482
-288.299028,28,6167.852
-304.760831,79,6168.212201
-281.483285,29,6168.340913
-279.120618,27,6168.457841
-242.767205,34,6168.602944
-361.878962,37,6168.755524
-185.708883,27,6168.860867
-70.274765,27,6168.971694
-216.83216,35,6169.116598
-378.27847,37,6169.266194
-307.818227,31,6169.388918
-378.602047,37,6169.539687
-350.382255,37,6169.691443
-299.675069,32,6169.828791
-326.309887,33,6169.960633
-150.082217,25,6170.061462
-226.555516,34,6170.200009
-401.372132,44,6170.380088
-357.163393,37,6170.531219
-333.338065,35,6170.678718
-314.006484,32,6170.815171
-157.96139,23,6170.905995
-372.202029,42,6171.078092
-264.409072,27,6171.187837
-230.833,21,6171.272422
-349.130387,47,6171.465666
-28.448747,20,6171.546183
-361.541536,37,6171.70167
-354.767382,37,6171.849
-568.808961,75,6172.164792
-292.524157,30,6172.288664
-301.330667,30,6172.416906
-340.848833,36,6178.414561
-281.654334,28,6178.574099
-363.930179,37,6178.738232
-229.033881,67,6179.019949
-227.08565,19,6179.099241
-707.677266,101,6179.505922
-353.059628,37,6179.659956
-365.854513,37,6179.811026
-641.321195,92,6180.178059
-231.644846,34,6180.312908
-234.426079,21,6180.396024
-345.288943,35,6180.534257
-241.356875,22,6180.622938
-315.639159,48,6180.81578
-349.59779,37,6180.96702
-339.810258,35,6181.11005
-386.19486,49,6181.322291
-91.803974,29,6181.43824
-132.228921,20,6181.521484
151.601151,27,6181.636699
-360.046701,37,6181.788039
-132.865086,35,6181.936929
-126.301539,19,6182.216216
-363.73211,37,6182.407611
-318.009788,32,6182.548786
-375.359805,42,6182.730304
-372.483503,40,6182.900231
-321.057398,32,6183.045083
-175.494764,41,6183.213148
-167.688143,25,6183.317736
-370.432483,37,6183.499529
-117.913229,33,6183.669497
-321.164001,32,6183.856221
-374.817905,37,6184.012917
-287.282342,40,6184.178814
-335.178564,38,6184.334207
-150.319677,23,6184.426684
-365.075874,37,6184.584167
-316.658086,31,6184.70786
-360.956077,37,6184.858145
-360.140097,37,6185.009594
-204.942426,30,6185.132195
-351.877511,37,6185.284622
-124.792838,19,6185.362693
-306.847017,32,6185.493628
-381.698143,42,6185.674545
-270.736853,78,6185.988198
-314.440764,33,6186.122461
113.39766,36,6186.272717
-589.827935,71,6186.563563
-255.137847,37,6186.710674
-133.007933,20,6186.79366
-273.298288,27,6186.905045
-376.180166,37,6187.056021
-420.424592,44,6187.235583
-91.989409,28,6194.773339
-435.455034,49,6195.0068
-228.844383,19,6195.098007
-226.621783,19,6195.177564
-370.018075,38,6195.327907
-234.941254,33,6195.461703
-272.026585,27,6195.570896
-406.517373,43,6195.746545
-364.743041,37,6195.901019
-134.442986,22,6195.994542
-365.522854,37,6196.143217
-370.824985,37,6196.295212
-227.353804,18,6196.368725
181.711192,24,6196.46803
-369.16395,37,6196.618769
-373.947403,37,6196.76715
-382.123502,39,6196.929409
-304.505114,30,6197.054807
-247.806273,24,6197.153929
-347.172296,36,6197.301951
-138.535128,22,6197.391838
-622.85945,101,6197.805566
-217.994754,34,6197.943539
-271.810995,27,6198.055239
-596.224316,67,6198.334197
-376.523244,37,6198.489163
-239.350574,21,6198.579346
-122.25411,19,6198.66053
-353.987534,37,6198.818285
114.037953,37,6198.968862
-129.534214,20,6199.054684
-231.519501,20,6199.135154
-185.085785,28,6199.246505
-309.668751,29,6199.359527
-321.792837,34,6199.502706
-236.452509,22,6199.594402
-501.302525,59,6199.843189
-351.581236,37,6199.991409
-293.241383,30,6200.115669
-436.459375,47,6200.304789
-516.100753,101,6200.72011
-262.915033,37,6200.864551
-285.977468,29,6200.980977
-405.604834,43,6201.149976
-139.381583,21,6201.235254
-368.007301,37,6201.386439
-369.073162,37,6201.533511
-230.113544,20,6201.614584
-294.851779,29,6201.73633
-302.760467,31,6201.863218
-669.906312,101,6202.278585
-334.203679,34,6202.423871
-374.52106,37,6202.577149
-163.735037,24,6202.673503
-257.672021,37,6202.934156
-271.274044,27,6203.047521
-176.783495,40,6203.211631
-393.092714,37,6210.979195
-530.526979,73,6211.718052
-207.171098,30,6212.002146
-308.729766,32,6212.317329
-346.692818,34,6212.642816
-263.566896,24,6212.885902
-361.623102,36,6213.26796
-296.486104,30,6213.585723
-205.29015,30,6213.876047
-238.717053,23,6214.06747
-377.849156,37,6214.303968
-371.472391,37,6214.49212
-379.229797,37,6214.659886
-224.943248,32,6214.813665
-76.812312,27,6214.932868
-162.917727,26,6215.048653
-299.705892,30,6215.172206
-235.284734,23,6215.266145
-431.998352,50,6215.467385
-371.427323,39,6215.634921
-344.077246,38,6215.791056
-121.176615,19,6215.86997
-364.874961,37,6216.044307
-258.867903,92,6216.428025
-371.424827,37,6216.580613
-371.019568,37,6216.733901
-263.005585,37,6216.886452
-755.054945,99,6217.296516
-368.547974,37,6217.449809
-305.083801,31,6217.575395
-299.750739,29,6217.695404
-361.447686,37,6217.854957
158.258901,24,6217.955021
-149.560681,22,6218.043088
-320.12784,33,6218.189146
-254.782556,24,6218.293024
-425.380655,67,6218.579107
-290.801753,29,6218.700283
-351.373141,37,6218.85408
-366.055552,38,6219.009033
-333.952382,35,6219.155323
-30.737458,20,6219.23694
-244.366206,22,6219.327757
-404.504034,43,6219.508928
-195.532116,30,6219.639638
-315.068526,41,6219.816941
-363.187879,37,6219.965748
-107.270269,32,6220.10459
-293.220242,29,6220.219281
-306.906718,46,6220.405165
-309.381544,33,6220.53721
-290.719991,30,6220.659648
-144.562145,21,6220.743598
-214.898109,35,6220.893759
-356.622396,37,6221.055747
-259.008676,25,6221.167631
-300.225172,30,6221.303014
-377.015565,37,6227.248703
-344.360233,35,6227.433276
-135.8117,20,6227.517245
-30.095231,20,6227.596585
-225.045481,18,6227.66946
-374.060029,37,6227.817312
-426.333431,43,6227.996733
-351.017679,37,6228.153402
-74.863474,27,6228.263439
-251.010934,25,6228.368952
-349.382328,37,6228.527684
-209.050727,30,6228.657654
-491.145243,51,6228.864943
-461.268302,51,6229.078655
-371.397754,37,6229.229349
-149.098722,25,6229.331179
-362.482572,37,6229.488195
-428.967642,54,6229.713926
-375.802227,37,6229.868917
-268.322732,25,6229.973498
-36.182781,42,6230.156744
-227.158793,19,6230.234229
-176.087967,27,6230.344053
-244.125824,23,6230.438163
-133.14454,21,6230.524726
-280.714416,27,6230.636975
-154.993105,41,6230.804572
-274.086177,40,6230.970324
-372.126689,37,6231.124718
-375.5198,42,6231.415742
-234.368902,22,6231.511315
-293.686664,30,6231.640067
-378.140833,37,6231.794542
-310.372621,31,6231.923832
-535.263415,60,6232.167201
-111.257447,18,6232.24618
-283.594591,29,6232.369906
-293.006506,29,6232.484689
-379.771796,40,6232.668697
-360.100253,37,6232.822903
-156.098772,24,6232.941779
-301.860239,30,6233.105459
-48.370414,23,6233.203575
-367.904662,37,6233.359051
-258.439794,40,6233.525634
-362.425374,37,6233.677975
-374.932988,37,6233.827425
-202.095532,30,6233.949428
-391.187108,42,6234.130135
-308.36793,44,6234.301809
-350.14989,36,6234.451091
-299.312997,29,6234.568866
-381.778645,37,6234.719021
-179.237572,28,6234.838085
-172.691577,39,6235.002228
-367.20257,37,6235.154586
-378.414537,37,6235.312387
-143.917709,23,6235.405504
-272.584055,27,6235.515714
-286.000987,27,6235.630642
-74.819882,27,6235.743297
-182.681849,27,6235.855659
-359.93783,37,6243.119604
-310.550923,32,6243.278601
70.557232,25,6243.383704
-360.445473,37,6243.537329
-125.17333,19,6243.615135
-358.207472,37,6243.765172
-374.147819,37,6243.916302
-267.337036,26,6244.022826
-38.902729,22,6244.114727
-267.945427,25,6244.21996
-167.725083,25,6244.323511
-432.300668,47,6244.513677
-169.54672,25,6244.618799
-270.436902,37,6244.768558
-226.215106,34,6244.902745
-357.297484,37,6245.057349
-82.159537,27,6245.176116
-355.82867,37,6245.326128
-313.665743,47,6245.511071
-355.228098,37,6245.660684
-245.619451,22,6245.747049
-264.535344,25,6245.851677
-470.135069,51,6246.060424
-315.844226,44,6246.247088
-359.307356,37,6246.393943
-376.85142,38,6246.550162
-270.117179,25,6246.654321
-125.468451,20,6246.738024
-271.266582,26,6246.838767
-371.376702,37,6246.985975
-435.187751,45,6247.182045
-119.545826,19,6247.258908
-281.135982,28,6247.369158
-463.025356,54,6247.585435
-361.621402,37,6247.732691
-391.387908,39,6247.896019
-419.188877,46,6248.087407
-222.43991,20,6248.196492
-209.577511,41,6248.379001
-371.866568,37,6248.536564
-375.15996,37,6248.690432
-353.747118,37,6248.845088
-372.535654,37,6248.994238
-280.909713,27,6249.103962
-137.692759,21,6249.191975
-152.324792,23,6249.285021
-361.028091,37,6249.435674
-227.834802,19,6249.510756
-342.998049,36,6249.659213
-298.672027,29,6249.776424
-292.639497,29,6249.895148
-274.081622,26,6250.003743
-335.524985,34,6250.145372
-328.720649,34,6250.28246
-121.326189,19,6250.358266
-229.405585,20,6250.439816
-271.993626,37,6250.593397
-398.231881,49,6250.791638
-140.020825,22,6250.880877
-374.562366,37,6251.029974
-169.723435,25,6251.131062
-387.782023,39,6251.28484
133.986574,81,6258.187274
-354.786923,36,6258.338705
-331.416498,34,6258.47722
-123.137456,20,6258.558628
-225.317904,19,6258.640304
-372.982588,37,6258.7887
-342.940321,35,6258.928892
-363.861257,37,6259.083305
-373.010936,37,6259.238867
-225.108274,20,6259.335594
-241.90615,21,6259.425306
-369.814425,39,6259.60752
-236.879513,20,6259.69407
-266.248262,26,6259.799969
-318.973712,32,6259.943611
-176.734987,27,6260.052483
-441.865771,49,6260.251599
-459.996212,54,6260.481706
-362.784164,37,6260.64198
-249.157953,22,6260.724804
-162.410323,25,6260.824164
31.074629,47,6261.019576
-293.192164,30,6261.141618
-238.309247,52,6261.354256
-285.073741,28,6261.465335
-340.696616,35,6261.604184
-170.364281,26,6261.711507
-318.005854,33,6261.846109
-317.754407,31,6261.97102
-427.740544,47,6262.155769
-287.794643,29,6262.271973
-343.806446,35,6262.419119
-348.146799,50,6262.618582
-429.810094,63,6262.8838
-284.957164,28,6262.993588
-240.140822,35,6263.135006
-285.035499,28,6263.248866
-245.259437,37,6263.396977
-241.480217,21,6263.493789
-232.816708,21,6263.636832
-324.1077,32,6263.835664
-353.7445,37,6264.097926
-126.117054,19,6264.228598
-316.059238,35,6264.491185
-239.147684,33,6264.782211
-370.602387,37,6265.162898
-358.421096,37,6265.5765
-255.387811,24,6265.845855
-374.332523,37,6266.155746
-308.41741,32,6266.388087
54.144123,22,6266.584561
-189.942555,28,6266.807897
-58.63616,56,6267.225125
-388.127009,37,6267.40324
-366.948528,37,6267.553071
-366.765729,37,6267.70055
108.211595,46,6267.898572
-288.877706,29,6268.027396
-50.217231,23,6268.125207
-368.770658,37,6268.272917
-136.382532,36,6274.236695
-255.456612,24,6274.376261
-405.583961,43,6274.575852
-318.539471,33,6274.711752
-360.144681,37,6274.857197
-393.571578,37,6275.000845
-165.883353,38,6275.165808
-347.996431,52,6275.375579
-131.895781,21,6275.460044
-251.957619,37,6275.613995
-240.86852,22,6275.703358
-251.307059,25,6275.80343
-227.50608,33,6275.93573
-358.735537,41,6276.109358
-510.829797,56,6276.32769
-276.446848,27,6276.437995
-271.180336,25,6276.535826
-286.213762,29,6276.654356
-312.274462,32,6276.779942
-360.368327,37,6276.93085
-141.961239,22,6277.023134
-227.780372,19,6277.100481
-369.841464,37,6277.248022
-372.715909,39,6277.410068
-366.101166,37,6277.562823
-249.901732,36,6277.711953
-235.643774,19,6277.786955
-339.337562,32,6277.918589
-162.531589,24,6278.016989
-373.720327,37,6278.170892
-176.321712,26,6278.280851
-359.946715,37,6278.428653
-283.555846,28,6278.644863
-325.245167,34,6278.813452
-297.441986,30,6279.062787
-374.690161,37,6279.214607
-226.393141,19,6279.293337
-305.572273,29,6279.414072
-156.55666,24,6279.51307
-423.356519,44,6279.69751
-304.023515,32,6279.828976
-291.566946,29,6279.94729
-373.894815,37,6280.100073
-290.712021,29,6280.237008
-276.017626,26,6280.36519
-362.34257,37,6280.528128
-303.822054,31,6280.670915
-377.869803,37,6280.937952
-352.928947,38,6281.334238
-363.634928,37,6281.496123
-359.786857,37,6281.666493
-382.925311,37,6281.831612
-426.002861,47,6282.025496
-172.320308,26,6282.127347
-370.684295,37,6282.287007
-291.098865,29,6282.402002
-273.716127,26,6282.509274
-268.519057,26,6282.618955
-42.479814,22,6282.710364
-323.496309,31,6282.838522
-24.826305,21,6282.929376
-358.055005,37,6283.084331
-221.619379,18,6283.158799
-340.691253,35,6283.301831
-251.318047,37,6291.235817
-169.152765,27,6291.384449
-254.464493,37,6291.540073
-153.923082,23,6291.634563
-70.804566,37,6291.783129
-351.954043,37,6291.93793
-780.40972,88,6292.293397
-193.709864,28,6292.402611
-141.847757,22,6292.489032
-224.079673,33,6292.624722
-231.42158,19,6292.700156
-134.815058,22,6292.790441
-332.568997,35,6292.929504
-368.543526,37,6293.076216
-309.063941,30,6293.198411
-259.205642,37,6293.34367
-369.121457,37,6293.490676
-100.170698,31,6293.612594
-317.199736,32,6293.750189
-375.456967,37,6293.90718
-120.845177,19,6293.989156
-37.179571,21,6294.081376
-274.565464,30,6294.20217
-300.370147,29,6294.316701
-460.491807,50,6294.518845
-366.075356,37,6294.664691
-289.431452,29,6294.784735
-380.430563,37,6294.93552
-362.815512,37,6295.085483
-46.453627,22,6295.175739
-372.869653,37,6295.323217
-327.429137,33,6295.454535
-374.165516,37,6295.624017
-315.266225,34,6295.792541
-375.615869,37,6295.949118
-244.532736,35,6296.08944
-349.135446,36,6296.237426
-364.244841,37,6296.38494
-72.239898,95,6296.762189
-367.686054,37,6296.918289
-238.853177,22,6297.005324
-348.752483,37,6297.153338
-250.579426,23,6297.246159
35.418324,25,6297.343995
-354.702958,37,6297.49112
-297.220101,29,6297.609206
-363.507746,37,6297.756241
-341.746486,34,6297.889079
-130.808969,20,6297.965477
-240.324862,23,6298.049625
-353.271874,37,6298.196039
-310.260769,42,6298.355174
-187.568902,28,6298.461909
-367.263457,37,6298.608164
-365.910376,45,6298.791589
-148.234403,37,6298.942718
-376.016121,37,6299.094243
-332.134177,34,6299.228265
-352.911619,38,6299.378546
-255.709239,23,6299.464042
-314.472498,31,6305.990232
-294.264309,30,6306.146059
-91.119054,28,6306.265139
-359.729792,37,6306.509616
-327.919423,33,6306.647049
-185.851067,29,6306.765399
-250.466141,23,6306.856278
-376.871033,37,6307.000527
-257.276236,37,6307.151176
-137.932931,37,6307.304751
-194.267933,30,6307.421648
-350.256286,37,6307.572213
-239.16071,22,6307.664104
-295.099374,28,6307.79608
-235.631771,20,6307.885634
-409.07183,44,6308.094018
-244.260129,35,6308.278103
-305.52071,30,6308.401811
-126.408928,19,6308.481577
-289.426311,29,6308.599845
-389.905725,37,6308.746038
-353.627979,37,6308.902818
-342.873574,35,6309.057964
-360.761192,37,6309.216086
-315.91841,32,6309.348907
-280.415883,28,6309.464307
-360.836852,37,6309.620224
-281.370488,27,6309.72844
-170.081945,38,6309.889998
-366.647304,37,6310.036498
-372.327081,37,6310.186194
-131.037268,21,6310.270528
-411.726903,46,6310.456554
-344.883462,35,6310.597819
-270.830119,25,6310.702185
-316.750806,31,6310.83144
-352.013051,37,6310.980501
-175.656591,27,6311.086592
-374.893404,37,6311.236796
-287.699249,28,6311.34979
-302.044372,32,6311.480823
-361.56489,37,6311.62636
-58.18008,23,6311.719194
-314.737244,31,6311.842821
-295.455283,28,6311.984399
-259.885621,37,6312.215995
-257.052585,23,6312.403924
-302.470798,31,6312.692732
-262.198759,37,6313.026033
-228.714774,19,6313.167616
-157.076941,23,6313.360827
-542.048545,56,6313.942142
-309.391534,32,6314.346923
-202.621764,31,6314.583584
-70.049146,27,6314.746092
-284.298142,28,6314.88371
-289.866915,29,6315.022938
-365.435002,37,6315.175393
-263.25281,37,6315.325971
-29.693047,20,6315.405504
-542.504239,62,6315.658087
-190.174863,28,6315.771238
-399.526536,44,6315.952995
-359.231219,37,6322.19622
-418.975956,46,6322.422527
-189.866276,40,6322.587683
-398.4071,44,6322.766094
-126.950259,19,6322.844062
-328.739335,46,6323.036513
-217.144694,32,6323.16609
-235.668011,22,6323.257661
-299.570271,30,6323.379026
-173.317173,26,6323.485683
-339.254578,36,6323.633063
-376.007347,37,6323.782875
-242.338619,22,6323.876566
-262.337049,42,6324.050635
-384.037479,37,6324.197799
-444.726146,60,6324.437388
-413.747309,45,6324.616697
-174.909269,27,6324.723513
-195.225135,29,6324.847199
-253.690241,23,6324.940978
-89.944863,29,6325.059939
-377.872542,37,6325.213128
-305.367583,31,6325.333119
-46.743254,22,6325.420732
-149.908205,22,6325.510722
-341.230506,34,6325.644363
-335.164979,35,6325.790779
-354.911644,37,6325.935683
-232.720276,35,6326.076124
-237.226426,36,6326.224393
-214.783798,18,6326.297878
-362.617771,37,6326.44852
-162.482842,24,6326.545167
-71.626482,26,6326.65587
-275.993711,26,6326.762204
-47.042553,23,6326.855991
-154.207571,23,6326.948453
-371.474067,37,6327.197459
-122.406331,20,6327.282911
-223.556617,33,6327.419259
-289.228076,29,6327.540925
-183.071427,28,6327.658522
-370.61368,37,6327.808511
-152.74764,37,6327.959349
-129.702266,33,6328.096777
-344.193172,35,6328.23757
-376.863038,37,6328.40348
158.153083,25,6328.511734
-127.331511,19,6328.591074
-281.336841,28,6328.733271
-247.921081,23,6328.829117
-253.65752,24,6328.930941
-359.137639,37,6329.088674
-307.839667,31,6329.213124
-322.753251,35,6329.355537
-420.103443,56,6329.587625
-374.724383,37,6329.73833
-131.437962,20,6329.820871
-465.160435,58,6330.063995
-159.808779,24,6330.164151
-121.379585,18,6330.236849
-351.416343,37,6330.392564
-24.48981,41,6330.56115
-126.970455,33,6330.694828
-132.193613,20,6338.715816
-263.861256,26,6338.857206
-132.915228,21,6338.951866
-252.163158,37,6339.105983
-230.449853,19,6339.185554
-411.576592,42,6339.360954
-362.493056,38,6339.516352
-337.972088,35,6339.662324
-240.344552,36,6339.811046
-359.7848,37,6339.953521
-200.572656,29,6340.069983
-227.064689,19,6340.149958
-376.642734,37,6340.298908
-226.141021,20,6340.377075
-365.350462,37,6340.526808
-154.849322,24,6340.625596
-152.361734,22,6340.713981
-223.535318,33,6340.845959
4.59609,30,6340.966265
-365.424808,37,6341.11553
-337.336695,34,6341.251446
-378.849276,37,6341.408571
-364.696329,37,6341.555488
-149.130915,22,6341.650264
-364.165322,37,6341.799317
-239.505436,23,6341.89055
-285.305913,40,6342.056729
-398.654188,44,6342.235796
-130.355788,20,6342.316256
-359.614756,39,6342.469779
-50.088281,24,6342.564119
-351.499727,36,6342.712718
-467.707453,53,6342.928213
-146.424746,23,6343.019434
-143.424672,35,6343.168988
-350.294421,38,6343.324197
-16.469229,31,6343.451665
-374.830219,37,6343.602749
-369.49535,37,6343.755078
-275.562555,27,6343.865916
-356.11953,37,6344.027686
-180.590126,28,6344.149505
-292.131347,30,6344.278198
-636.566416,101,6344.690934
-639.544477,101,6345.104855
-354.099731,39,6345.264478
-361.117532,44,6345.441898
-75.268392,27,6345.549204
-210.286895,32,6345.678169
-226.087505,19,6345.75592
-360.817389,37,6345.909454
-350.009082,37,6346.061968
-353.979468,37,6346.214352
-275.169141,28,6346.328353
-152.726168,25,6346.431392
-278.126377,45,6346.617058
-414.018777,60,6346.873936
-252.893729,36,6347.015777
-180.079131,27,6352.77197
-362.693152,37,6352.972213
-350.863064,35,6353.128047
-218.160443,32,6353.261617
-119.650853,32,6353.392233
-164.395583,36,6353.541021
-317.548517,32,6353.675341
-416.419844,64,6354.044959
-257.904348,37,6354.199113
-352.137318,37,6354.349952
-199.513802,32,6354.485599
-331.520924,35,6354.633061
-526.253195,67,6354.90938
-135.850967,21,6354.994871
-271.336158,27,6355.106007
-126.64848,21,6355.19261
-254.602939,37,6355.345149
-360.952715,39,6355.498536
-373.543719,37,6355.650506
171.647357,22,6355.740336
-352.293856,37,6355.89304
-278.576856,27,6356.00817
-158.269411,25,6356.117737
-348.667869,37,6356.27123
-115.057662,32,6356.428416
-201.029866,31,6356.56551
-161.604384,37,6356.737168
-373.857829,37,6356.891319
-131.352831,20,6356.977713
-126.111543,20,6357.058308
-356.605247,37,6357.218431
-362.600322,44,6357.391744
-138.566598,21,6357.479947
-375.06293,37,6357.636032
-345.408095,41,6357.810586
-241.604704,22,6357.904222
-253.278804,24,6358.002233
-514.00165,66,6358.270237
-178.725154,26,6358.376973
-136.969883,22,6358.46336
-125.515528,20,6358.543624
-130.147574,20,6358.625305
-92.812492,29,6358.738912
-128.460929,20,6358.819687
-155.812572,25,6358.919599
-265.086187,25,6359.021368
-349.027393,36,6359.168303
98.969998,22,6359.258551
-739.376878,101,6359.665651
-322.287782,33,6359.802349
-257.685046,24,6359.904988
-105.119887,43,6360.078723
-810.963446,101,6360.492164
-147.518029,23,6360.593561
-366.598791,42,6360.846568
-164.047164,25,6360.983975
-396.046491,41,6361.32206
-316.003146,33,6361.604603
-276.977366,38,6361.878132
-223.245118,35,6368.591714
-356.577786,37,6368.783363
-397.306813,40,6368.947173
-167.972005,25,6369.050306
-284.490723,28,6369.172877
-376.096713,37,6369.325846
-257.711515,37,6369.48425
-372.650237,37,6369.641903
-291.422412,29,6369.757899
-372.284662,37,6369.913037
-259.472906,25,6370.013851
-360.559666,37,6370.171704
-220.751967,50,6370.387236
-138.513778,22,6370.481788
-255.00448,37,6370.632578
-165.270162,24,6370.729684
-340.984181,36,6370.875208
-295.450274,29,6370.992125
-56.561563,26,6371.10218
-366.325674,37,6371.253711
-252.333496,24,6371.350496
-266.662493,37,6371.497442
-281.361973,27,6371.6069
-144.977481,22,6371.696011
-294.759281,30,6371.816889
-115.305431,32,6371.949392
-348.343645,35,6372.098075
-364.712279,37,6372.25499
-267.512532,26,6372.364093
-303.745065,31,6372.491938
-279.653705,27,6372.603901
-348.064152,53,6372.822559
-231.281189,34,6372.976195
-121.38196,19,6373.049593
-299.528906,31,6373.174089
-420.939616,46,6373.358115
-358.527445,37,6373.512937
-405.743313,45,6373.696838
-155.063492,25,6373.798958
-347.330414,37,6374.059052
-362.809281,37,6374.218375
-222.967775,34,6374.365949
-194.743935,31,6374.492504
-253.04037,23,6374.5859
-183.027725,29,6374.702084
-152.663883,24,6374.800196
-371.863917,37,6374.949781
-176.339648,28,6375.063279
-329.635336,47,6375.273227
-170.551239,25,6375.382125
-92.975918,29,6375.511929
-358.945289,37,6375.679307
-291.482522,51,6375.894843
-233.943773,22,6375.98523
-73.788166,26,6376.091725
-364.768323,37,6376.242322
-172.241926,26,6376.34506
-373.034418,37,6376.492234
-358.261521,36,6376.642869
-87.909982,28,6376.757913
-402.417328,41,6376.920016
-234.990477,20,6377.001261
-287.422187,40,6384.518442
-371.205458,37,6384.732927
-276.781492,27,6384.8501
-344.18891,35,6384.993565
-355.863424,39,6385.152494
-161.345157,24,6385.249539
-323.736385,34,6385.397523
-349.854637,37,6385.55906
-155.71462,23,6385.656468
-215.680974,18,6385.728289
-620.353772,101,6386.149614
-342.89911,32,6386.283637
-82.038809,27,6386.395493
-230.638692,34,6386.532312
-369.152461,37,6386.685064
-371.640798,37,6386.832617
-281.77718,27,6386.953404
-373.864277,37,6387.123007
-251.264449,37,6387.271936
-256.445822,24,6387.369365
-397.944678,43,6387.542805
-354.862235,37,6387.703381
-635.448192,91,6388.072409
-286.206814,29,6388.186531
-122.553407,32,6388.315298
-67.20851,26,6388.42048
-252.981938,37,6388.573699
-350.636174,37,6388.721664
-336.067907,34,6388.861813
-375.366178,40,6389.02564
-116.538421,32,6389.154307
-309.844509,32,6389.283388
-133.908614,21,6389.366219
-362.658583,37,6389.512484
-139.647025,21,6389.597786
-368.087791,37,6389.748569
-272.988565,51,6389.95908
-336.039281,34,6390.101423
-354.515295,37,6390.253646
-101.382884,30,6390.375137
-275.015471,28,6390.491159
-391.38312,41,6390.658653
-700.924475,94,6391.056519
-89.87588,28,6391.173172
-373.51715,37,6391.326499
-344.61078,49,6391.52152
-153.486049,24,6391.6227
-378.331001,37,6391.770722
-230.547958,34,6391.910257
-369.266133,37,6392.05878
-416.424566,45,6392.24394
-296.199282,30,6392.367031
-130.788943,21,6392.449496
-384.306743,101,6392.859022
-349.61248,36,6399.004194
-356.860133,37,6399.22755
-539.806205,61,6399.485054
-196.069362,30,6399.604613
-258.543923,25,6399.701622
-152.449562,23,6399.793799
-363.180101,92,6400.169555
-375.323388,37,6400.322928
-334.785089,33,6400.559827
-221.39371,32,6400.699653
-214.616059,32,6400.825361
-175.827097,27,6400.943807
-268.253963,38,6401.101589
-179.900594,28,6401.215973
-97.945433,49,6401.421957
-149.308008,24,6401.517958
-230.680494,34,6401.664355
-359.457308,37,6401.833962
-177.736797,27,6401.95589
-292.912122,29,6402.09337
-255.445482,24,6402.190525
-254.367458,37,6402.337428
-272.744286,25,6402.439057
-385.318427,43,6402.613784
-67.011888,26,6402.716266
-269.365765,25,6402.815871
-370.358973,38,6402.973203
-337.621942,35,6403.115925
-366.108555,37,6403.273073
-272.843976,27,6403.37887
-284.222584,40,6403.538018
-262.153161,37,6403.690157
-371.244478,37,6403.840038
-328.978011,35,6403.982986
-238.679056,21,6404.068792
-311.553728,32,6404.206838
-366.574056,37,6404.356903
-371.412882,37,6404.504622
-245.111991,24,6404.607286
-380.251904,37,6404.752315
-375.435707,37,6404.900658
-386.575046,37,6405.048172
-223.904547,20,6405.131129
-137.128406,34,6405.269671
-362.422412,37,6405.417576
-351.308595,38,6405.576238
-246.652252,22,6405.665538
-327.49114,33,6405.795018
-311.344202,31,6405.934284
-153.461149,24,6406.073369
-360.33302,39,6406.308879
-373.540512,37,6406.589806
-374.550042,37,6406.86604
-122.686144,20,6407.033372
-163.313694,25,6407.307312
-374.942102,40,6407.698231
-170.597886,27,6408.019245
-359.762738,37,6408.525882
-353.807325,37,6408.788913
-270.240588,37,6408.995723
-234.191768,21,6409.090241
-275.146391,27,6415.083709
-353.180179,37,6415.301022
-265.938516,27,6415.417616
-375.026306,37,6415.565996
-127.494636,20,6415.650264
-347.857377,35,6415.793449
-372.492432,37,6415.950218
-273.130491,27,6416.061347
-346.287326,36,6416.208965
-157.5176,23,6416.299396
-207.53849,32,6416.427628
-301.912959,31,6416.557185
-223.625222,19,6416.638597
-147.597821,22,6416.72848
-333.186136,34,6416.865579
-269.808818,37,6417.014353
-271.950634,26,6417.119871
-151.197361,25,6417.222499
-360.905466,37,6417.372463
-54.34165,23,6417.466653
-87.168491,31,6417.596673
-369.367985,38,6417.748657
-322.198356,32,6417.880594
-379.842267,40,6418.037057
-140.500177,22,6418.130303
-281.83584,27,6418.239574
-42.522199,23,6418.327772
-219.952594,32,6418.454863
-367.630435,37,6418.611116
-289.567671,29,6418.730764
-395.509616,44,6418.910497
-116.35777,32,6419.049063
-160.845902,24,6419.15496
-157.861607,24,6419.2505
-284.226629,28,6419.363629
-264.89438,26,6419.4707
-162.319285,25,6419.573788
-208.296973,31,6419.699692
-358.089756,37,6419.848986
-216.154793,33,6419.984455
18.962508,58,6420.228248
-272.731231,27,6420.339251
-366.923781,37,6420.486309
-251.819709,24,6420.586812
-412.354465,45,6420.768725
-368.521348,37,6421.033756
-369.416171,37,6421.186791
-359.454168,37,6421.342905
-66.384787,36,6421.490205
-218.339522,18,6421.568003
-365.598784,37,6421.721136
-231.539845,21,6421.806833
-78.650132,28,6421.918694
-347.529191,37,6422.075676
-206.556836,30,6422.210016
-153.44544,23,6422.314251
-363.203182,37,6422.494476
-375.10933,37,6422.707148
-228.520004,19,6422.828464
-348.942293,37,6423.058119
-242.871153,21,6423.183544
-265.582287,26,6423.363328
-254.697106,37,6423.602302
-239.470112,21,6423.698583
-305.778865,31,6423.83536
-137.114602,22,6423.928316
-301.103793,29,6424.048754
-273.373031,28,6431.791939
-315.480692,34,6431.982861
-234.635846,34,6432.126395
-166.851899,26,6432.229076
-145.606285,23,6432.326634
-279.00865,27,6432.437015
-135.597428,100,6432.852886
-124.923632,34,6432.993825
-307.634771,30,6433.111324
-253.069714,36,6433.262084
-229.980041,20,6433.345843
-241.171327,34,6433.484108
11.784935,36,6433.642491
-515.030561,57,6433.880621
-395.391708,40,6434.038476
-137.964331,21,6434.127725
-308.888731,44,6434.313641
-350.961876,35,6434.452606
-371.984713,37,6434.606007
-98.980836,30,6434.72893
-364.4774,37,6434.879649
-335.812843,34,6435.014119
-53.561551,24,6435.115941
-356.734102,37,6435.269328
-416.671221,44,6435.446789
-204.777899,44,6435.626515
-257.888116,23,6435.71969
-125.480579,19,6435.798494
-168.058471,37,6435.942812
-384.739143,40,6436.10498
-456.874973,48,6436.301423
-358.493334,37,6436.451802
-380.306788,40,6436.615964
-152.367224,23,6436.711339
-368.207274,37,6436.862621
-234.665223,21,6436.948697
-359.716375,37,6437.10327
-117.702471,19,6437.176757
-90.749856,29,6437.294379
-464.006271,54,6437.510883
-230.896707,20,6437.594171
-374.125437,37,6437.739298
-150.63909,24,6437.83555
-245.552479,34,6437.976057
-270.144022,39,6438.137494
-161.860321,37,6438.288931
-210.887856,32,6438.422536
-151.706963,22,6438.509249
-222.471666,19,6438.588118
-54.102075,25,6438.690261
-232.281075,50,6438.90038
-179.667459,27,6439.006263
-304.626965,30,6439.127766
-170.33968,25,6439.223069
-250.297906,22,6439.313878
-372.687745,41,6439.478351
-361.890971,37,6439.632759
-347.89958,37,6439.778874
-243.34618,35,6439.925911
-36.583204,21,6440.010814
-196.08132,33,6440.148936
-226.361365,34,6445.990329
-110.38316,31,6446.14272
-368.793236,37,6446.3002
-276.496523,28,6446.419873
-368.001925,37,6446.574011
-414.970851,44,6446.752297
-264.714625,26,6446.85786
-343.324995,34,6446.997906
-331.877079,35,6447.141165
-362.087569,37,6447.288845
-283.76175,28,6447.40079
-276.684149,37,6447.550835
37.445702,25,6447.658389
-154.249296,24,6447.829613
-297.28433,30,6447.953159
-371.391855,37,6448.106656
-249.048907,22,6448.198869
-116.897222,18,6448.27083
-355.383045,36,6448.414022
-149.364925,36,6448.557934
-174.576354,27,6448.670788
-353.54461,36,6448.826289
-310.678577,31,6448.963345
-281.847313,28,6449.095987
-294.225447,41,6449.294179
-366.432581,37,6449.463194
-292.15754,28,6449.584189
-208.358837,30,6449.703222
-315.621649,43,6449.877399
-244.438424,35,6450.020152
17.674951,27,6450.130337
-272.960547,27,6450.240644
-358.021142,37,6450.392867
-370.716233,37,6450.541406
-269.944536,39,6450.709175
-251.566196,22,6450.800235
-384.968226,37,6450.953235
-236.838363,21,6451.040311
-403.96928,42,6451.221236
-364.78883,37,6451.367672
-300.497405,30,6451.490513
-342.18963,35,6451.632455
-369.951818,37,6451.781897
-371.989897,37,6451.933057
-264.366271,40,6452.102414
-164.466146,37,6452.253005
-351.832061,37,6452.403744
-321.198217,32,6452.531803
-192.716389,31,6452.660762
-194.82749,30,6452.786254
-283.950556,28,6452.903279
106.091479,30,6453.028658
-370.190885,39,6453.200002
-159.162129,26,6453.35366
-374.273857,37,6453.54862
-237.731245,35,6453.789992
-204.977221,31,6454.010864
-376.028933,37,6454.316203
-325.01759,45,6454.763838
-246.988303,22,6455.008701
-378.411964,37,6455.413556
-373.935045,37,6455.725225
-126.794488,19,6462.502747
-375.95747,37,6462.703894
-237.643115,22,6462.8015
-360.255768,37,6462.953936
-262.950226,37,6463.10555
-434.281013,43,6463.278703
-356.23694,37,6463.436381
-38.402117,33,6463.566991
-260.211035,24,6463.667862
-298.942768,29,6463.784373
-356.334068,37,6463.931671
-198.465304,30,6464.055936
-365.400967,37,6464.202206
-140.783811,22,6464.29093
-73.137172,27,6464.403607
-138.010526,21,6464.491798
-392.731958,37,6464.640884
-132.424104,21,6464.725224
-166.46329,25,6464.831974
-172.47316,26,6464.937721
-156.079326,23,6465.029028
-155.181601,23,6465.120898
-358.313735,37,6465.276332
-149.458823,23,6465.36791
-96.646412,30,6465.48813
-151.681786,23,6465.579629
-157.435942,37,6465.726812
-68.621479,27,6465.839243
-203.699371,30,6465.962849
-301.652095,31,6466.092164
-371.728581,37,6466.241263
-164.425143,26,6466.353616
-238.838085,22,6466.440223
-239.655904,39,6466.604438
-351.203265,37,6466.755242
-165.648516,25,6466.857817
-237.317938,34,6466.993893
-423.484307,72,6467.288943
-676.230783,93,6467.673191
-387.459372,39,6467.830026
-171.821997,26,6467.937265
-269.489108,26,6468.043262
-357.559561,36,6468.188215
-287.165159,27,6468.301653
-155.620342,23,6468.402253
-355.043076,38,6468.549429
-256.310152,37,6468.855116
-283.967672,27,6468.963603
-517.806837,62,6469.219424
-20.251531,19,6469.295174
-182.207981,28,6469.41743
-75.264638,27,6469.526297
-140.251213,36,6469.674229
-261.820213,25,6469.776517
-101.179927,30,6469.900529
-356.005769,37,6470.052016
-367.293507,39,6470.228862
-138.820005,21,6470.328281
-376.712135,37,6470.518476
-361.730242,37,6470.673436
-411.337525,60,6470.923602
-326.85349,33,6471.060516
-330.437784,38,6478.600662
-263.537195,40,6478.797138
-285.568166,28,6478.916382
-316.637318,46,6479.113818
-255.926131,38,6479.270429
-762.521144,96,6479.667361
-107.90474,33,6479.809436
-135.020068,21,6479.900898
-388.035308,41,6480.065275
-155.140876,23,6480.163126
-565.230009,101,6480.580825
-287.285093,28,6480.694605
-519.218373,56,6480.929794
-255.712207,25,6481.033395
-366.039031,37,6481.183591
-363.079822,37,6481.335009
-289.617577,32,6481.467608
-362.961293,37,6481.62564
-384.055919,37,6481.776806
-257.340928,24,6481.872732
23.016023,27,6481.982492
-362.742108,37,6482.132552
-351.789059,37,6482.284486
-359.933979,37,6482.432271
-158.466392,25,6482.532924
-152.856198,23,6482.626956
-247.560087,37,6482.777619
-305.080371,29,6482.897012
-383.128531,41,6483.061137
-367.109973,38,6483.216289
-373.319186,37,6483.368987
-175.301648,26,6483.475371
-238.586085,21,6483.561905
-48.183917,22,6483.65546
-120.37817,19,6483.731155
-384.77297,41,6483.897161
-47.574854,25,6483.998336
-348.211132,36,6484.148221
25.890337,34,6484.28583
-116.115584,19,6484.365386
-344.326466,38,6484.527883
-309.628273,30,6484.6556
-96.292081,30,6484.777195
-365.19207,37,6484.934174
-360.49978,37,6485.084348
-82.968769,26,6485.188581
-282.841526,27,6485.299274
-419.188456,47,6485.485587
-502.808873,50,6485.692966
-162.748854,36,6485.837383
-373.149515,37,6485.990342
-351.920316,37,6486.141657
-207.525767,33,6486.282813
-340.746264,35,6486.424293
-124.557234,20,6486.50598
-224.18074,19,6486.580274
-361.672573,41,6486.750956
-297.10835,30,6486.876706
-279.38749,40,6492.800341
-305.608968,32,6492.994078
-243.892134,35,6493.154114
-439.232235,45,6493.33943
-354.343175,37,6493.496151
-372.817129,37,6493.643685
-276.574847,40,6493.80955
-155.076623,37,6493.967054
-232.489341,22,6494.064204
-241.764357,24,6494.162964
-203.892033,31,6494.28852
-365.681565,37,6494.435865
-308.494266,30,6494.566981
-275.516871,28,6494.683978
-217.589731,32,6494.819045
-664.01175,101,6495.354119
-154.782855,23,6495.447615
-154.741024,23,6495.546133
-329.568691,34,6495.684768
-361.870824,57,6495.92116
-256.228414,23,6496.013038
-293.941978,29,6496.132875
-232.00652,21,6496.217007
-302.916987,30,6496.374854
-350.63059,36,6496.540862
-225.631693,35,6496.727979
-186.909285,28,6496.842051
-324.923863,31,6496.971077
-118.538655,18,6497.047432
-363.716307,37,6497.201953
-373.69045,37,6497.356147
-183.723496,28,6497.474284
-478.881238,60,6497.715879
-236.104108,20,6497.796101
-365.335755,37,6497.945489
-356.632241,37,6498.105283
-221.455774,33,6498.240977
-351.223801,37,6498.398775
-268.371153,40,6498.561519
-284.891256,41,6498.731317
-318.191081,33,6498.867673
-121.84434,33,6499.004758
-421.39115,45,6499.189737
-373.647061,37,6499.337944
-381.220016,37,6499.490285
-453.543088,46,6499.677434
-258.824792,25,6499.779331
9.870989,68,6500.065977
-272.007379,39,6500.232532
-311.345651,32,6500.364052
-404.11705,43,6500.558521
-367.986303,37,6500.757693
-378.029893,40,6500.968764
-266.503542,38,6501.251779
-157.612109,25,6501.43797
-367.243501,37,6501.737091
-137.354753,37,6502.013858
-262.424654,24,6509.164777
-352.57922,37,6509.367404
-312.23964,32,6509.511945
-376.953282,37,6509.672224
-176.193236,27,6509.790174
-367.469575,37,6509.946789
-288.425838,30,6510.071902
-301.947244,31,6510.195362
-366.107304,37,6510.346148
-385.52046,37,6510.494301
-218.962273,19,6510.574784
-267.037307,25,6510.677815
-290.156786,28,6510.787227
-367.619347,37,6510.940718
-365.025333,37,6511.092661
-354.416582,37,6511.242953
-362.438578,37,6511.391325
-371.352889,37,6511.54138
-292.700273,28,6511.658921
-152.920461,24,6511.754624
-368.154182,37,6511.902213
-25.370617,41,6512.072399
-273.888713,27,6512.183289
-280.141997,39,6512.345418
-374.046763,37,6512.495376
-365.113429,37,6512.650498
-350.000011,37,6512.798424
-232.249761,49,6513.000476
-256.289338,23,6513.094921
-231.80157,19,6513.173761
-305.544881,30,6513.296095
-219.826502,33,6513.428627
-374.412241,37,6513.577679
-258.802357,25,6513.677424
-279.193163,28,6513.792469
-209.054612,31,6513.915518
-240.173806,22,6514.004331
-334.910132,35,6514.152688
-223.699109,20,6514.23363
-151.195021,24,6514.332172
-342.438032,36,6514.476218
-264.111455,41,6514.649311
-247.668168,22,6514.742429
-182.3749,28,6514.855326
-223.081316,18,6514.9252
-367.525265,37,6515.079372
-70.302343,25,6515.180997
-156.261515,23,6515.276753
-275.098047,37,6515.424996
-275.277849,28,6515.539217
-385.682579,43,6515.710069
-187.710912,29,6515.923613
-439.456465,47,6516.116989
-214.292353,31,6516.250581
-163.34451,25,6516.357273
-164.420186,25,6516.457642
-196.59492,29,6516.574295
-40.007952,34,6516.715335
-140.763481,22,6516.802297
-382.931137,37,6516.955559
-343.597416,36,6517.109152
-317.972883,31,6517.25515
-147.836211,22,6517.348542
-299.868948,29,6517.506126
-252.066788,24,6517.609795
-262.615037,37,6517.759252
-332.719553,36,6528.26739
-357.48771,37,6528.436812
-252.929493,37,6528.645447
-318.377541,33,6528.819754
-66.610523,26,6528.930295
-198.994432,32,6529.066779
-298.947734,30,6529.192267
-379.229786,65,6529.451357
-374.259427,37,6529.602292
-278.795182,27,6529.715645
-225.803873,20,6529.793797
-27.583434,33,6529.933487
-64.448344,25,6530.031947
-54.590974,42,6530.209426
-70.87608,27,6530.320309
-378.428282,37,6530.481928
-261.94876,37,6530.637758
-177.922242,28,6530.750599
-367.342948,37,6530.901448
-323.859539,47,6531.089773
-273.429074,27,6531.200159
-360.820103,38,6531.351757
-395.287271,42,6531.521754
-215.865658,38,6531.672707
-100.437127,30,6531.793642
-116.675145,33,6531.929683
-19.445769,50,6532.147143
-344.186398,35,6532.290256
-630.838319,101,6532.706374
-142.673429,35,6532.847217
-418.158214,45,6533.022519
-303.206526,30,6533.144985
-356.021088,37,6533.295344
-408.235056,61,6533.54896
-314.948661,32,6533.680549
-213.491762,34,6533.817761
-362.226225,37,6533.965219
-301.350445,30,6534.087687
-276.015055,26,6534.186948
-593.109669,72,6534.471759
-182.185119,29,6534.585713
-265.756902,38,6534.738588
49.019388,39,6534.899178
-271.387379,37,6535.039089
-143.853506,22,6535.125614
-325.021033,34,6535.258006
-335.427447,34,6535.39261
-243.101123,22,6535.476812
-369.329889,37,6535.625352
-120.070435,19,6535.700017
-183.458174,28,6535.812335
-433.794612,49,6536.013233
-366.974065,37,6536.164174
-373.501918,37,6536.312257
47.42243,41,6536.475447
-227.126861,19,6536.55203
-362.601806,37,6542.773028
-359.335852,37,6542.943575
23.310086,28,6543.057687
-331.266426,32,6543.188254
-191.817654,31,6543.315502
-370.372131,37,6543.464798
-302.658697,29,6543.58016
-160.5202,24,6543.673818
-229.779247,33,6543.804933
-352.977466,37,6543.952215
-362.334829,37,6544.098682
-183.822565,28,6544.212555
-281.865893,28,6544.326429
-268.489694,37,6544.47432
-218.352253,32,6544.595
-376.001695,37,6544.745261
-267.850186,37,6544.893898
-292.283086,30,6545.011919
-255.821856,24,6545.10703
-275.882895,37,6545.353458
-569.750767,67,6545.639895
-225.021585,19,6545.714714
-373.082576,37,6545.867544
-151.414934,22,6545.960293
-378.418958,37,6546.107274
-354.892796,37,6546.251622
-234.489771,21,6546.333771
-236.961376,36,6546.478877
-29.444913,40,6546.674578
-314.447081,31,6546.820645
-172.058185,26,6546.942839
-359.202423,39,6547.121664
-252.061662,22,6547.207499
-78.095748,27,6547.322336
-250.483652,24,6547.416756
-338.882452,35,6547.567199
-314.990614,32,6547.69858
-300.74173,29,6547.817847
-124.300562,33,6547.962204
-213.36005,31,6548.096599
-320.30668,34,6548.264313
-345.725646,36,6548.412758
-308.223303,32,6548.544651
-250.018549,23,6548.64459
-169.236853,27,6548.75691
-374.978645,37,6548.910899
-189.571952,28,6549.022232
-363.018417,38,6549.181978
-240.75491,35,6549.322514
-157.74031,25,6549.423282
-255.36885,25,6549.52695
-353.489381,52,6549.744829
-278.325663,28,6549.857929
-211.004092,31,6549.980899
-367.894061,37,6550.141051
-202.115872,30,6550.26516
-365.729448,37,6550.412617
-170.237031,26,6550.522967
-209.781333,33,6550.665648
-77.912882,26,6550.80067
-181.944204,28,6550.974698
-160.469604,26,6551.125851
-376.075799,37,6551.414591
-161.124654,25,6559.106364
-275.748797,27,6559.267112
-350.476909,37,6559.445897
-372.361279,37,6559.617012
-375.853763,37,6559.789994
-240.472089,22,6559.880052
-335.835877,34,6560.01609
17.930838,55,6560.246129
-360.537508,37,6560.394387
-194.893735,29,6560.51257
-238.207627,21,6560.599503
-224.225082,18,6560.673372
-325.425375,46,6560.859015
-357.934712,38,6561.006045
-238.643663,38,6561.159399
-165.795569,37,6561.311459
-232.880213,19,6561.384437
-364.931883,37,6561.534408
-140.307276,35,6561.676868
-367.929436,37,6561.828588
-311.672993,32,6561.960238
-361.333072,37,6562.108752
-253.278747,24,6562.204869
-303.565691,31,6562.333516
-358.698578,37,6562.486776
-349.134944,37,6562.633206
-368.813867,37,6562.783649
-363.805314,37,6562.935903
-145.799466,23,6563.027516
-270.635576,37,6563.182683
-207.280456,31,6563.30791
-256.99109,37,6563.460435
-309.814703,30,6563.581046
-135.353201,21,6563.661974
-337.967878,35,6563.803439
-392.85997,47,6564.002096
124.388745,26,6564.114286
-403.870814,43,6564.288702
-176.278443,28,6564.402792
-265.091647,25,6564.503678
-279.144082,27,6564.617046
-360.746006,37,6564.772081
-287.216406,29,6564.89676
-279.723382,26,6565.004734
-345.062702,35,6565.145337
-318.344228,32,6565.275513
-208.290569,31,6565.40616
-187.791338,29,6565.526413
-347.050953,37,6565.677606
-138.158388,22,6565.769046
-350.949579,38,6565.923085
-359.42498,37,6566.076963
-365.432277,37,6566.228947
-133.656247,21,6566.395546
-401.904726,41,6566.567258
-289.825485,29,6566.687797
-271.13749,27,6566.794545
-151.625151,23,6566.886358
-229.144813,20,6566.971912
-180.574807,27,6567.08316
-315.040936,32,6567.210265
-249.522223,37,6567.361313
-358.395257,37,6567.51417
-148.268055,23,6567.626913
-289.394084,29,6575.378777
-365.462615,37,6575.576303
-269.485345,27,6575.685991
-316.687069,33,6575.822658
-329.812123,34,6575.967605
-172.036223,27,6576.084529
-253.659238,23,6576.18162
-375.111922,37,6576.331483
-370.645916,37,6576.480669
-244.064234,23,6576.574029
-263.988477,24,6576.673821
-298.70205,30,6576.796923
-300.352273,29,6576.91468
-362.403022,37,6577.068133
-150.010933,24,6577.168076
-148.320392,22,6577.255785
-275.821767,30,6577.377052
-359.019038,37,6577.523483
-364.411226,37,6577.676683
-308.492761,31,6577.803743
-185.083393,27,6577.914809
-183.069855,27,6578.024407
-137.827502,21,6578.108783
-416.083764,44,6578.298031
-133.977456,21,6578.377472
-124.381362,19,6578.454243
-196.167941,30,6578.577352
-48.942258,24,6578.67798
-190.197709,28,6578.819163
-207.821907,32,6579.03357
-308.875829,33,6579.181118
-71.218206,26,6579.288699
-371.721247,37,6579.438991
-205.7058,30,6579.566201
-270.846799,26,6579.673662
-161.926651,25,6579.775565
-309.291564,56,6580.003848
-263.591151,37,6580.157767
-372.909663,37,6580.310514
-267.897147,27,6580.419361
-240.456362,35,6580.555485
-384.633866,41,6580.724014
-350.415357,37,6580.881829
-377.314269,37,6581.039979
-656.645694,101,6581.908289
-322.542969,34,6582.052712
-285.167512,28,6582.170858
-373.945453,37,6582.322998
-367.636868,37,6582.478992
-214.842487,18,6582.552055
-593.528648,63,6582.821558
-197.273112,43,6583.000426
-292.692329,29,6583.121125
-332.696708,35,6583.269777
-253.051804,36,6583.420195
-375.413273,37,6583.572545
-177.860953,27,6583.685625
-249.080717,36,6583.831461
56.357572,25,6583.93528
-223.842857,19,6584.009734
-292.124871,29,6584.133723
-71.515069,37,6584.284917
-499.595508,57,6590.876911
-288.314003,29,6591.015414
-328.552612,33,6591.157755
-682.207933,101,6591.569628
-146.975909,23,6591.666399
-260.552052,25,6591.762731
-300.900873,33,6591.895344
-256.960502,25,6592.000725
-364.618253,37,6592.153271
-371.559021,37,6592.309287
-73.258415,27,6592.421659
-242.383855,22,6592.511282
-280.288556,28,6592.624601
-368.021045,37,6592.777896
-169.54309,26,6592.884346
-329.766077,34,6593.027223
-298.323376,29,6593.147789
-210.739844,30,6593.273307
-371.792752,37,6593.427103
-342.092783,35,6593.565157
-198.431446,31,6593.687599
-230.860295,21,6593.771458
-381.419514,39,6594.047268
-391.082171,41,6594.223303
-366.292746,37,6594.384011
-43.218108,22,6594.473314
-274.31914,41,6594.640192
-356.888662,37,6594.791399
-158.732232,23,6594.882707
-229.061032,20,6594.96801
-231.311511,39,6595.130779
-366.56673,37,6595.281894
-135.497485,20,6595.372705
-157.727382,23,6595.486045
-343.849406,36,6595.656771
-358.181673,37,6595.839349
-379.750765,37,6596.005145
-357.127507,37,6596.15045
-175.760712,28,6596.263976
-300.075724,29,6596.387288
-369.856133,37,6596.536315
-220.358556,33,6596.673882
-353.067786,37,6596.825736
-349.467007,37,6596.975918
-278.837387,28,6597.093048
-251.520843,24,6597.189618
-358.44708,35,6597.332913
-382.4729,40,6597.501685
-278.666225,27,6597.61386
-279.97154,27,6597.727617
-222.443327,20,6597.812445
-361.020082,37,6597.966123
45.924773,27,6598.080884
-319.986135,33,6598.217443
-292.927739,32,6598.357062
-219.078175,32,6598.491342
-271.358958,28,6598.605807
-160.244122,24,6598.705088
-184.599455,28,6598.83186
-364.643997,37,6598.986441
-133.488741,21,6599.071657
-266.95158,26,6599.178183
-252.222019,22,6599.265024
-192.960343,31,6599.395032
-372.578118,37,6608.06471
-361.439456,37,6608.278163
-290.5432,29,6608.409198
-229.08852,20,6608.498222
-146.772425,23,6608.594998
-191.83772,30,6608.71941
-186.004029,57,6608.95861
-352.570023,37,6609.109071
-190.065675,27,6609.221564
-333.781585,35,6609.366394
-343.019107,36,6609.513414
-249.740637,36,6609.661432
-231.003548,21,6609.746611
-372.242392,37,6609.898016
-267.854427,27,6610.006808
-29.341413,33,6610.139675
-306.227769,44,6610.319045
-159.547776,24,6610.415773
-311.890466,33,6610.548571
-143.038996,23,6610.640226
-380.570644,40,6610.812469
-342.39914,51,6611.014293
-233.32704,20,6611.098948
-214.397447,31,6611.225354
-292.333845,28,6611.337665
-77.647578,27,6611.446285
-359.605828,37,6611.599164
-230.415572,35,6611.739952
-367.815327,48,6611.936186
-261.207271,25,6612.037168
-223.154304,19,6612.117346
-162.590891,24,6612.215072
-241.549702,35,6612.35535
-357.641601,37,6612.503022
-266.880769,24,6612.600444
-333.953481,34,6612.73567
-230.5533,20,6612.81641
-293.377241,29,6612.950721
-302.178767,30,6613.096424
-206.773191,31,6613.265927
-260.678717,25,6613.37457
-289.981625,29,6613.497822
-333.34747,34,6613.639591
-395.157681,43,6613.812521
-328.792728,33,6613.958815
-199.355596,30,6614.08672
-387.722687,37,6614.233501
29.940856,45,6614.415324
-259.645896,38,6614.56911
-64.734262,26,6614.673918
-150.326127,22,6614.763461
-371.694989,37,6614.914309
-116.219311,18,6614.992817
-292.881062,30,6615.1253
-303.968052,31,6615.253322
-365.110053,38,6615.403905
-302.091948,31,6615.528803
-307.657118,32,6615.757524
-267.335944,27,6615.874492
-358.829989,37,6616.026287
-423.329615,43,6616.200152
-356.577818,37,6616.350683
-304.745242,31,6616.480152
-54.069942,23,6616.575904
-568.269602,93,6624.48175
-344.188186,35,6624.626126
-280.135047,28,6624.741782
-220.501446,19,6624.824455
-231.731293,19,6624.901854
-320.324468,34,6625.040374
-144.806803,41,6625.210323
144.680718,64,6625.477617
-195.709998,41,6625.654372
-173.180742,27,6625.769306
-265.61627,37,6625.919286
-339.018856,36,6626.070483
-251.634007,36,6626.220099
-269.54054,27,6626.330318
-49.367868,24,6626.429393
-43.317918,37,6626.578961
-135.943015,21,6626.670314
-365.058622,37,6626.817727
-221.322835,20,6626.905098
-388.474311,41,6627.080942
-231.162909,20,6627.168668
-253.983385,37,6627.319647
-257.576427,24,6627.420274
-91.905618,29,6627.538863
-361.114466,37,6627.691989
-168.875579,26,6627.79484
-190.308631,28,6627.907952
-71.427944,27,6628.020233
-151.553419,24,6628.118481
-227.293086,19,6628.194494
-429.276375,47,6628.391476
-65.734974,26,6628.496885
-313.17688,32,6628.632576
-209.797242,31,6628.758405
-258.793803,37,6628.912425
-354.152383,36,6629.05773
-372.49607,37,6629.210331
-369.813167,37,6629.360268
-374.008801,38,6629.514408
-26.520629,21,6629.601226
-244.151629,23,6629.692913
-63.828525,37,6629.841128
-236.549518,34,6629.980114
-150.832075,22,6630.072731
-373.771986,37,6630.234942
-614.420578,66,6630.500224
-350.597268,37,6630.654502
-350.523695,37,6630.802661
-165.731478,26,6630.908519
-318.624545,34,6631.046301
-354.660101,37,6631.196676
-306.374201,32,6631.320162
-251.387896,22,6631.407266
-122.45577,19,6631.482681
-359.104462,37,6631.636345
-457.309863,47,6631.826001
-354.410646,37,6631.978438
-378.973927,37,6632.133608
-280.212083,28,6632.24933
-68.546846,28,6632.362484
-142.990659,21,6632.44774
-353.07234,36,6638.369662
-346.904869,36,6638.586243
-191.383356,29,6638.711639
-131.565269,21,6638.795089
-176.947174,27,6638.905055
-194.511188,29,6639.019964
-345.873013,38,6639.173809
-250.081051,40,6639.336008
-147.759473,22,6639.425949
-54.886918,24,6639.525595
-105.975677,31,6639.648927
-362.036213,46,6639.836608
-378.665464,37,6639.981879
-259.350206,25,6640.082182
-242.076204,35,6640.228533
-387.555544,41,6640.39564
-160.940333,37,6640.546543
-297.810664,30,6640.668981
-291.841682,28,6640.784838
-335.685363,36,6640.936141
-57.089753,23,6641.027946
-368.308751,37,6641.177883
-246.487392,25,6641.279682
-304.492887,32,6641.418108
-324.047199,33,6641.550377
-333.955065,35,6641.707501
-228.463501,34,6641.858597
-221.382709,20,6642.022936
-119.478692,21,6642.116519
-252.663445,24,6642.216736
-94.21984,56,6642.448619
-390.072337,41,6642.612721
-177.869545,26,6642.717146
-231.958652,36,6642.868109
-377.221136,37,6643.014837
-255.553758,38,6643.186796
-161.304887,25,6643.316174
-131.715896,20,6643.404202
-237.818875,20,6643.497454
-24.991122,21,6643.606939
-354.722025,37,6643.762147
-205.984057,31,6643.889793
-311.784444,31,6644.015978
-257.098745,39,6644.177961
-65.68591,26,6644.288001
-140.729909,21,6644.371873
-404.233016,56,6644.597611
-168.353152,25,6644.698433
-292.490131,29,6644.817476
-281.657483,28,6644.926319
-361.533271,37,6645.076256
-276.4828,26,6645.183694
-374.007982,37,6645.334284
-263.206649,37,6645.478689
-307.288012,31,6645.60344
-362.454895,39,6645.757753
-277.698795,26,6645.862748
-129.300013,20,6645.944621
-374.134605,37,6646.094435
-212.278376,31,6646.216497
-355.159635,37,6646.371204
-371.258291,37,6646.524822
-132.516636,20,6646.607035
-190.545361,30,6646.724804
-237.863087,20,6646.806025
-380.999639,37,6646.963591
-153.00097,37,6657.77866
-341.204868,35,6657.938195
-298.507818,29,6658.052911
-297.630501,42,6658.221054
-298.460963,30,6658.337407
-134.676091,21,6658.418822
-101.124228,31,6658.547585
-285.044212,27,6658.660102
-283.380137,27,6658.767926
-290.024129,28,6658.883504
-249.759303,37,6659.03314
-282.332401,26,6659.140971
-367.563021,37,6659.288828
-333.428051,37,6659.439334
-176.691726,40,6659.602165
-362.285112,37,6659.751561
-267.510364,37,6659.91655
-71.84998,39,6660.076613
-130.542213,33,6660.203587
-130.390065,20,6660.283205
-642.892866,66,6660.593396
-269.018344,25,6660.698065
-378.188258,37,6660.843116
-288.31205,29,6660.958014
-400.235143,44,6661.133083
-262.492057,24,6661.226498
-259.248891,24,6661.325776
-364.74965,37,6661.47411
-309.442642,33,6661.60536
-359.278572,37,6661.748203
-353.312978,37,6661.90407
-31.10652,20,6661.979615
-306.428124,30,6662.100552
-224.228701,19,6662.176209
-241.28558,22,6662.259955
-486.771255,49,6662.459053
-308.911136,30,6662.579012
-259.198938,37,6662.723961
-223.348601,18,6662.792712
-228.411461,19,6662.868385
-251.680389,36,6663.016331
-353.078145,37,6663.168425
-318.309623,33,6663.306111
-270.813685,26,6663.409167
-370.772427,37,6663.559616
-356.164363,37,6663.707976
-267.474383,37,6663.861633
-355.828389,37,6664.010585
-595.451664,101,6664.421148
-308.653782,31,6664.544454
-498.195018,101,6664.965904
-332.48645,35,6665.110057
-227.702937,21,6665.203637
-268.939454,27,6665.316492
-464.734787,75,6665.838209
-251.539595,37,6666.00142
-194.34374,29,6666.118684
-249.135899,22,6666.212998
-275.840728,26,6675.230558
-165.135307,25,6675.363755
-246.768553,36,6675.531742
-379.679083,44,6675.727464
-363.435356,41,6675.928797
-363.971739,37,6676.076808
-265.774528,25,6676.177605
-333.931426,34,6676.325277
-250.674401,22,6676.414518
-159.060485,24,6676.508134
-274.125137,38,6676.662612
-314.081075,32,6676.797921
-255.955557,37,6676.947999
-334.758786,34,6677.090588
-363.39564,37,6677.238215
-187.7349,29,6677.353216
-267.151265,38,6677.506887
-310.367521,31,6677.637768
-254.593307,24,6677.736426
-256.851392,25,6677.839859
-149.760377,37,6677.98717
-171.173019,26,6678.093377
-304.005786,43,6678.267167
-265.997882,37,6678.410721
-117.808161,32,6678.540346
-355.483317,37,6678.689106
-103.134107,31,6678.815436
-721.0136,88,6679.186615
-273.537729,40,6679.354918
-286.455846,28,6679.468731
-332.113024,47,6679.66432
-280.337174,27,6679.777943
-369.465116,37,6679.923404
-280.660345,28,6680.031273
106.512511,72,6680.333551
-369.80414,37,6680.488442
-438.312138,54,6680.711706
-215.603127,32,6680.842765
-166.79421,25,6680.94296
-355.433119,37,6681.095259
-489.963015,58,6681.327108
-360.690383,37,6681.479018
-0.761112,45,6681.664473
-258.256716,37,6681.815472
1.643579,31,6681.942256
-245.075118,35,6682.081034
-298.539767,30,6682.205991
-261.418913,25,6682.300969
-210.03389,31,6682.419745
-360.70369,37,6682.566346
-367.075344,37,6682.712217
-216.782168,32,6682.838654
-324.80819,32,6682.967
-340.472868,33,6683.10133
-360.763272,37,6683.24859
-310.435424,32,6683.376547
-455.09152,49,6683.577475
-282.491638,28,6689.859607
-56.930135,24,6689.978066
-221.895776,34,6690.116149
-358.277003,37,6690.26147
-293.351446,30,6690.383063
-407.415544,44,6690.554298
-366.721223,37,6690.695851
-357.194217,37,6690.84558
-368.773051,37,6690.99238
-211.121046,29,6691.108211
-192.599372,29,6691.221007
-71.63421,26,6691.323956
-394.914195,37,6691.474096
-379.578314,39,6691.626665
-103.056817,31,6691.750197
-127.928699,20,6691.830868
-342.133847,35,6691.969314
-181.883771,28,6692.078221
-327.851222,33,6692.212844
-152.646488,23,6692.306627
-376.642303,37,6692.455325
-220.545488,33,6692.588252
-210.733016,53,6692.803333
-254.67951,37,6692.950934
-345.095086,35,6693.093165
-368.142665,43,6693.265906
-47.851691,22,6693.352034
-176.209942,26,6693.45393
-381.333161,37,6693.721406
-168.504346,25,6693.819364
-66.915402,25,6693.929717
-248.816681,36,6694.072654
-376.581261,37,6694.218852
-344.841043,34,6694.355625
-132.250584,20,6694.436767
-286.85963,29,6694.549759
-348.551187,36,6694.688347
-372.990504,40,6694.860499
-240.628699,22,6694.96074
-250.451351,36,6695.13986
-564.009452,101,6695.610501
-151.148975,24,6695.704807
-372.212354,37,6695.851794
-366.426064,37,6696.000637
-357.098198,35,6696.14163
-141.181428,22,6696.228992
-265.315743,37,6696.377468
-261.924825,37,6696.523038
-296.560352,43,6696.694242
-350.972969,37,6696.839777
-283.897241,28,6696.954358
-86.715671,29,6697.067572
-749.301519,83,6697.391219
-358.545169,37,6697.538625
-252.118618,24,6697.634705
-167.850945,37,6697.781613
-307.126802,44,6697.961328
-142.552938,21,6698.044071
-171.587638,28,6698.159211
-364.718964,37,6708.52323
-305.679855,32,6708.680711
-364.193927,37,6708.826896
-170.619848,27,6708.932402
-371.930494,37,6709.085303
-197.773791,30,6709.205404
-63.776734,24,6709.300704
-368.122305,37,6709.443796
-251.632106,22,6709.534469
-324.940521,34,6709.671712
228.30473,42,6709.85047
-64.37446,26,6709.955588
-358.84658,37,6710.102776
-241.669307,22,6710.19093
-285.44409,30,6710.308647
72.249738,36,6710.454946
-147.974293,22,6710.544178
-166.493833,26,6710.647804
-231.358989,19,6710.724526
-290.622189,29,6710.836401
-420.492123,47,6711.024608
-165.55153,27,6711.134397
-367.992726,37,6711.287429
-371.725706,37,6711.43232
-156.862791,25,6711.532243
-529.662067,65,6711.788739
-361.006233,37,6711.943941
-275.874187,27,6712.053056
-254.788034,25,6712.153497
-124.035443,19,6712.232106
-229.78328,19,6712.308244
-363.312524,37,6712.458585
-232.12599,21,6712.541232
-357.041077,36,6712.684752
-145.071539,21,6712.76784
-316.054868,46,6712.9418
-282.694262,27,6713.052409
-339.460463,34,6713.187497
-368.172117,37,6713.334845
-83.17507,28,6713.445411
79.590285,20,6713.525375
-169.641567,26,6713.629936
-175.669994,27,6713.737509
-373.516158,37,6713.883684
-207.975118,36,6714.029043
-373.470424,37,6714.175768
-242.44775,22,6714.270021
-220.100307,19,6714.349499
-310.214943,30,6714.468829
-140.13272,35,6714.614555
-348.572065,34,6714.748396
-381.689646,37,6714.895186
-368.902233,37,6715.040545
-370.730432,37,6715.185811
-345.423978,36,6715.328465
-274.884098,26,6715.440142
-371.565257,37,6715.586738
-314.572292,32,6715.712496
-295.894813,28,6715.823706
-364.032367,37,6715.981115
-347.288325,37,6716.129526
-282.225316,28,6716.240915
-139.186561,20,6716.323408
-494.364823,53,6716.532865
-198.396524,30,6724.309185
-356.556185,36,6724.590038
-377.382662,37,6724.784832
-295.359718,28,6724.918291
-387.213465,37,6725.065682
-366.989571,37,6725.213558
-367.570043,39,6725.368855
-354.570636,51,6725.579394
-260.312649,24,6725.676441
-157.93896,38,6725.827753
-297.690945,30,6725.958789
-336.731457,34,6726.097149
-113.695379,32,6726.234188
-54.706918,23,6726.327022
-247.713927,22,6726.413558
-351.030546,37,6726.560802
-318.077756,32,6726.689898
-371.603989,37,6726.84583
-250.47478,37,6726.994424
-174.203407,26,6727.102817
-363.106828,37,6727.251381
-294.858623,29,6727.368577
-155.946543,23,6727.459446
-322.847388,33,6727.594796
-149.000287,37,6727.743913
-367.945076,37,6727.901846
-236.723673,37,6728.091929
-227.491549,21,6728.226994
-85.142989,28,6728.339373
-244.232352,35,6728.485328
-329.42553,59,6728.728833
-98.159248,30,6728.851587
-152.312642,37,6728.998205
-134.834723,33,6729.125776
-283.024362,28,6729.241134
-369.802061,37,6729.393032
-359.922647,35,6729.533343
-299.031403,31,6729.660604
-270.128572,37,6729.808885
-226.525241,33,6729.948637
-111.089605,18,6730.019131
-358.036083,37,6730.170968
-125.800136,19,6730.242449
-246.251208,23,6730.33339
-119.09473,19,6730.410039
-288.639709,29,6730.526314
-236.546641,22,6730.611941
-360.19838,37,6730.757895
-341.20786,36,6730.904377
-307.311258,32,6731.029504
-338.558552,34,6731.16881
-273.307504,26,6731.27163
-173.570887,26,6731.374607
-115.265902,33,6731.507624
-277.414897,27,6731.616286
-187.508104,41,6731.778143
-333.401777,35,6731.919313
-159.548868,37,6732.072638
-369.545471,37,6732.223198
-358.360863,37,6732.36618
-255.960486,24,6732.459218
4.020649,29,6732.574086
-258.998803,38,6732.72558
-230.613316,19,6732.803203
-375.254673,37,6739.270148
-256.119183,37,6739.455661
-345.120772,37,6739.61034
-220.192221,18,6739.685443
-351.545596,37,6739.832211
-172.131829,25,6739.942314
-243.855703,25,6740.042462
15.419138,28,6740.15204
-189.95525,29,6740.274531
-354.464674,36,6740.423259
-233.820409,35,6740.564117
-217.156754,18,6740.633702
-631.884855,101,6741.041716
-357.700254,37,6741.194855
-283.329357,29,6741.312619
-145.014797,21,6741.396056
-255.627279,24,6741.493467
-303.664544,31,6741.615541
-223.907309,33,6741.747188
-42.677631,22,6741.83118
-146.736994,22,6741.918077
-17.823494,37,6742.066789
-149.233686,23,6742.156827
-442.041802,60,6742.400478
-283.939902,28,6742.509339
-259.207762,37,6742.659566
-399.028601,42,6742.827436
85.611712,49,6743.022275
-403.470238,43,6743.195881
-244.597746,47,6743.384051
-327.927611,47,6743.675906
-268.377446,37,6743.828286
-259.655782,25,6743.937722
-330.469621,36,6744.079553
-305.207326,31,6744.203614
-255.445029,37,6744.356448
-357.259156,37,6744.505156
-362.76639,37,6744.653729
-351.944337,35,6744.801462
-269.264725,26,6744.919973
-173.753714,27,6745.039989
-255.234109,36,6745.2134
-251.441328,37,6745.367884
-311.459784,45,6745.560303
-212.173031,32,6745.690113
-148.689489,23,6745.783758
172.074904,21,6745.867263
-186.308117,28,6745.983462
-308.207033,45,6746.163576
-349.273863,37,6746.31746
127.7227,27,6746.431938
-367.246879,43,6746.612521
-364.514498,37,6746.758829
-343.016748,36,6746.903113
-4.240241,30,6747.024586
-312.815159,46,6747.215384
-130.719842,19,6747.290405
-155.122048,24,6747.38641
-324.716518,33,6747.512945
-306.198338,31,6747.63426
-358.021749,37,6757.929338
-317.741,32,6758.08808
-384.315717,72,6758.461535
-352.267916,37,6758.610451
-245.356369,36,6758.760991
-317.660526,31,6758.889091
-241.037644,22,6758.975173
-227.51726,34,6759.112387
-56.407055,23,6759.206187
-135.410391,22,6759.293918
-131.115987,20,6759.371299
-227.780385,32,6759.500261
-190.941018,30,6759.620558
-236.37282,36,6759.770625
-220.092748,19,6759.848437
-470.43409,48,6760.042556
-376.344904,37,6760.191312
-482.315524,68,6760.493861
-331.86282,34,6760.667161
-129.746853,35,6760.813451
-269.272214,26,6760.935255
-293.148632,30,6761.053769
-419.296419,43,6761.229527
-299.94199,36,6761.369035
-240.457204,35,6761.521731
-403.994846,43,6761.692688
-325.469715,32,6761.840948
-209.438077,32,6761.978302
-226.233801,21,6762.066828
-58.551762,23,6762.159098
-195.089111,30,6762.277362
-271.096812,26,6762.383149
-301.471825,31,6762.511491
-57.403413,23,6762.603517
-262.840851,25,6762.701561
-364.972803,37,6762.849931
-89.665423,29,6762.968686
-373.22336,37,6763.119946
-227.224281,35,6763.264805
-301.929784,30,6763.384189
-155.105634,24,6763.478967
-358.574826,38,6763.632139
-268.247652,37,6763.777791
-116.764973,31,6763.905098
-240.276467,21,6763.991851
-344.154634,36,6764.160309
-301.303719,31,6764.285373
-224.420681,35,6764.423355
-56.996268,24,6764.516952
-185.401312,27,6764.623747
-358.076362,37,6764.773528
-357.997086,37,6764.919508
-318.598337,33,6765.051277
-342.905961,36,6765.196027
-304.479079,31,6765.329538
-239.939882,35,6765.464534
-326.516211,34,6765.611364
-139.847633,22,6765.699302
-378.722785,41,6765.862805
20.926206,63,6766.124798
-347.71256,37,6766.276253
-359.924631,37,6773.024217
-66.006421,26,6773.172755
-63.439768,26,6773.295893
-6.941008,52,6773.676028
-74.057377,28,6773.793175
-424.46843,60,6774.036425
-283.648094,28,6774.157132
-156.461347,23,6774.248743
-354.0787,37,6774.399343
-374.283816,37,6774.550928
-356.194016,36,6774.701207
-275.663055,26,6774.830462
-140.24682,22,6774.934725
-185.562303,28,6775.0619
-302.617999,31,6775.233351
-357.863517,37,6775.392074
-366.928815,37,6775.543413
-167.374969,27,6775.663806
-265.673292,24,6775.760543
-132.783068,21,6775.845772
-185.591341,28,6775.96058
-240.501146,22,6776.048483
-319.235615,32,6776.181468
-291.982241,28,6776.297725
-250.514709,36,6776.446562
-231.510639,20,6776.526596
-367.536096,37,6776.680405
-244.076975,35,6776.824406
-279.889003,27,6776.935077
-325.989186,31,6777.061259
-182.901135,28,6777.175138
-68.758989,26,6777.283531
-262.81052,37,6777.432719
-371.385958,40,6777.596337
-158.852879,23,6777.690299
-316.955162,34,6777.828139
-336.009536,34,6777.968584
-302.833682,28,6778.087388
-385.462917,37,6778.235842
-120.046549,31,6778.362912
-136.981055,34,6778.498872
-249.217321,24,6778.600699
-228.850964,21,6778.686087
-342.863289,35,6778.829519
-325.399313,34,6778.970241
-367.700034,37,6779.186378
-265.541958,37,6779.391318
-375.106293,37,6779.645753
-393.728157,42,6779.956219
-384.355211,37,6780.255375
24.786501,27,6780.465241
-173.379009,28,6780.660007
-320.193099,32,6780.874719
-237.128783,36,6781.062191
-271.964634,56,6781.321107
-99.381456,30,6781.454291
-358.336276,40,6781.621452
-248.828058,23,6781.720044
-375.252391,37,6781.878226
-367.191265,37,6782.038099
-454.198615,54,6782.261393
-364.401548,37,6782.410428
-175.004419,28,6782.524833
-356.826874,38,6788.576211
-374.263746,37,6788.754917
-129.217783,20,6788.840539
-264.868947,39,6788.994507
-236.203668,35,6789.142217
-124.713965,20,6789.225379
-247.084357,36,6789.371866
-222.680376,45,6789.552417
-283.5332,28,6789.669761
-286.38893,28,6789.784382
-252.042059,36,6789.930385
-159.10767,23,6790.027099
-365.988833,37,6790.179479
-174.066088,26,6790.286215
-373.295027,37,6790.433684
-29.380101,35,6790.580264
-172.296252,37,6790.73099
-25.097087,33,6790.864203
-320.719799,33,6791.000415
-276.875237,42,6791.169045
91.053847,34,6791.309134
-366.821776,37,6791.457578
-125.848853,19,6791.533381
-357.172445,37,6791.683935
-176.087826,28,6791.798364
-405.286456,37,6791.950068
-130.040398,20,6792.029418
-62.402965,24,6792.125911
-300.662883,30,6792.249001
-387.228988,57,6792.486118
-240.566111,23,6792.580064
-183.720184,28,6792.694941
-134.688768,21,6792.78171
-163.258942,26,6792.896108
-267.124261,37,6793.05113
-380.105655,53,6793.266405
-255.163719,24,6793.47221
-372.495272,37,6793.630831
-178.536218,28,6793.743886
-221.563903,34,6793.887278
-12.225167,32,6794.013401
-148.860007,37,6794.165811
-377.162895,37,6794.317615
-266.024639,25,6794.422049
-291.534899,29,6794.540915
-246.482394,24,6794.655126
-131.070995,21,6794.744192
-155.801661,23,6794.864199
-218.778085,32,6795.024274
-368.462903,37,6795.179293
-365.858437,37,6795.331136
-155.732035,24,6795.427845
-370.132825,37,6795.578159
-263.196015,25,6795.694062
-213.372878,32,6795.825633
-358.339828,37,6795.982471
-465.995669,72,6796.273818
-360.784148,37,6796.432536
-155.98243,23,6796.525827
-255.297279,36,6796.673005
-244.571524,21,6796.761265
-283.866676,29,6796.883906
-361.004071,40,6797.050162
-252.211785,23,6806.950857
-152.158976,23,6807.084927
-103.397807,33,6807.242012
-284.107748,28,6807.354631
-402.739916,37,6807.50977
-220.512681,18,6807.584753
-317.190141,32,6807.719341
-349.49391,36,6807.865796
-162.680587,24,6807.967433
-277.928587,41,6808.136961
-144.499363,23,6808.233288
-217.850937,33,6808.369857
-331.87468,33,6808.507257
-329.779003,49,6808.711359
-263.935788,26,6808.818095
-312.168895,32,6808.948074
-352.776573,36,6809.097434
-294.032939,42,6809.269464
-330.203227,43,6809.440738
-229.804624,19,6809.516116
-200.410068,29,6809.635285
-299.585491,30,6809.755667
-78.119297,28,6809.867396
-180.341612,29,6809.984877
-273.395436,37,6810.13774
-325.056771,34,6810.279217
-344.623582,34,6810.419075
-337.432687,37,6810.573923
-92.465451,29,6810.691671
-228.291479,20,6810.773357
-343.748896,49,6810.975749
-207.31041,32,6811.107789
-227.541602,33,6811.244428
-226.981604,18,6811.316117
-185.804752,30,6811.437935
-170.355973,27,6811.547785
-372.621615,37,6811.70122
-162.613428,37,6811.855974
-363.661652,37,6812.00436
-233.228768,21,6812.09229
-358.561266,38,6812.248027
-363.530087,38,6812.403543
-248.555929,23,6812.494716
-258.615178,23,6812.586671
-351.4485,36,6812.7337
-271.934184,37,6812.886058
-330.092172,45,6813.066442
-256.462779,37,6813.215344
-66.624456,25,6813.318527
-225.566744,51,6813.530008
-242.077399,22,6813.620755
-258.56316,24,6813.718545
-262.276663,26,6813.821538
-353.406458,37,6813.966611
-202.69801,30,6814.091542
-173.768069,27,6814.206185
-117.556792,19,6814.284419
-260.137311,38,6814.438863
-300.114821,32,6814.56609
-260.99444,25,6814.668293
-118.603331,18,6814.74151
-317.182012,33,6814.879983
-356.293688,37,6815.035552
-98.330543,29,6815.153085
-302.685997,30,6815.280729
-136.762551,61,6821.605451
-284.19897,39,6821.787461
-356.160744,37,6821.950903
-165.193067,27,6822.067441
-137.77029,21,6822.151577
-139.044676,34,6822.291099
-285.003974,29,6822.497594
-375.51472,37,6822.647341
-178.490675,28,6822.7565
-325.596958,32,6822.898879
-247.634925,23,6822.994992
-374.875383,37,6823.154398
-135.795073,21,6823.23961
-136.490234,21,6823.32635
-455.462608,74,6823.625875
-356.37809,36,6823.782228
-391.890225,42,6823.988596
-449.557789,50,6824.235852
-135.909777,22,6824.33719
-380.363756,37,6824.486385
-364.896297,50,6824.697946
-358.340194,37,6824.85133
-231.350578,20,6824.929095
-65.408721,26,6825.035849
-298.459537,31,6825.165613
-255.512951,37,6825.314111
-232.950739,19,6825.391696
-376.294984,54,6825.611361
-380.586394,37,6825.763158
-239.830755,36,6825.91342
-363.392552,37,6826.069318
-244.260853,24,6826.168993
-323.108193,47,6826.366325
-250.849152,36,6826.510421
-500.470758,57,6826.743742
-416.424534,44,6826.928883
-359.085412,37,6827.082737
-354.742217,36,6827.227827
-411.213564,57,6827.459389
26.140513,26,6827.565164
-313.971962,36,6827.709905
-272.501367,26,6827.818592
-221.151224,33,6827.956883
-231.160136,19,6828.033002
-375.752689,37,6828.241831
-356.078461,37,6828.444905
-29.753164,41,6828.698217
-190.329917,30,6828.925975
-324.791209,35,6829.173546
-160.072632,24,6829.395246
-259.92866,37,6829.63047
-251.372863,37,6829.861123
-149.626727,24,6830.01078
-326.647793,33,6830.202353
-198.761362,30,6830.343193
-134.40002,22,6830.435426
-274.483821,28,6830.551479
-443.489733,53,6830.771124
-135.80391,22,6830.863813
-390.276543,42,6836.703478
-186.441829,28,6836.840131
-255.237015,23,6836.93573
-379.836678,37,6837.083499
-84.915219,29,6837.202021
-265.022725,25,6837.306494
-255.018969,37,6837.453538
-397.575917,43,6837.63549
-354.18067,37,6837.784681
-70.170447,25,6837.889909
-357.342796,37,6838.039668
-139.539909,22,6838.131767
-182.08591,29,6838.250765
-128.263311,20,6838.32951
-166.51107,25,6838.432922
-293.521078,30,6838.559221
-378.100228,37,6838.710443
-333.61903,34,6838.852161
-207.403901,31,6838.981136
-362.096224,38,6839.13283
-124.304691,33,6839.269807
-192.71069,29,6839.385576
-358.433086,36,6839.534873
-398.284445,46,6839.718705
-247.131027,22,6839.813438
-495.879078,60,6840.058113
-245.514027,23,6840.150896
-202.215169,29,6840.265603
-282.580033,28,6840.379033
-239.196038,22,6840.467883
-193.600921,34,6840.604158
-141.916095,36,6840.752651
-273.520309,37,6840.905614
-126.530846,21,6840.988992
-233.345513,20,6841.06828
-212.828297,32,6841.197012
-339.609327,49,6841.39694
-345.165198,35,6841.543741
-309.916738,33,6841.681676
-80.858772,28,6841.794459
-155.76745,23,6841.986042
-261.923562,38,6842.158395
-213.793863,18,6842.235383
-181.38042,40,6842.397669
-283.495847,29,6842.51735
-314.379044,31,6842.646161
-242.879374,34,6842.78372
-227.436012,18,6842.860484
-364.061816,37,6843.01432
-132.466228,20,6843.107091
-194.147767,29,6843.244214
-272.061358,27,6843.367522
-198.940478,30,6843.540615
-185.921766,28,6843.662592
-285.961649,28,6843.778424
-366.220494,37,6843.932709
-324.65248,34,6844.070111
-11.559962,32,6844.197474
-379.236842,42,6844.369215
-164.622849,27,6844.485529
-363.800804,37,6844.644685
-107.74607,30,6844.770599
-249.78094,23,6844.869197
-248.938881,35,6845.009373
-222.330066,19,6845.085004
-362.323844,37,6853.601606
-347.743268,37,6853.800151
-364.715838,37,6853.958868
-300.045813,31,6854.090428
-163.725478,24,6854.189603
-239.545645,35,6854.335007
-71.57406,27,6854.443351
-146.560947,23,6854.534916
-227.197294,19,6854.614986
-178.273996,29,6854.731512
-258.733822,37,6854.888597
184.79023,25,6854.990606
-485.875954,53,6855.244741
-330.551808,46,6855.442556
-157.37884,25,6855.550479
-21.431749,37,6855.706814
-273.932803,27,6855.819323
-355.142415,37,6855.976692
-386.362989,44,6856.160382
-293.908934,29,6856.287448
-529.638522,67,6856.569333
-250.09037,22,6856.661105
-287.294062,28,6856.776129
-241.66761,36,6856.927641
-187.849128,45,6857.112539
-366.504299,37,6857.264765
-348.713309,36,6857.413088
-361.192662,37,6857.571594
18.796498,39,6857.73352
-369.939685,37,6857.889869
-699.261754,101,6858.29294
46.768653,36,6858.442499
-281.222883,55,6858.664503
-226.651636,32,6858.796166
-301.804198,30,6858.918645
-263.732922,38,6859.080935
-160.464939,24,6859.182623
-243.962376,35,6859.330169
-141.757657,38,6859.484656
-138.268491,21,6859.568646
-194.39853,29,6859.689413
-259.314802,27,6859.801609
-290.992937,28,6859.924129
-357.662246,37,6860.080826
-290.74941,29,6860.201347
-244.976331,22,6860.288942
-312.333394,44,6860.467494
-132.335916,21,6860.555225
-354.538133,37,6860.710554
-265.852924,26,6860.818408
-267.930247,25,6860.9172
-160.235297,37,6861.071572
-84.38867,28,6861.193804
-406.819475,47,6861.387128
-99.524668,64,6861.6514
-287.048252,27,6861.763499
-318.887986,32,6861.896786
-266.784548,37,6862.048982
-262.127117,37,6867.882491
-354.406756,37,6868.089323
-242.088866,22,6868.183096
-306.631417,30,6868.3064
-352.743707,37,6868.456255
66.797075,23,6868.549963
-160.718143,25,6868.656486
-268.936861,37,6868.806703
-349.5196,37,6868.958616
-370.157866,37,6869.112232
-49.889566,35,6869.376522
-284.566033,29,6869.501314
-400.766817,55,6869.723662
-261.053304,25,6869.825625
-332.565133,41,6869.991474
-381.241345,37,6870.14768
-412.721836,60,6870.392488
-265.384925,24,6870.508935
-96.663555,30,6870.660708
-96.847183,29,6870.792732
-374.987508,37,6870.952831
-43.86252,35,6871.101758
-242.95917,22,6871.188659
-431.824234,51,6871.395089
-207.24844,30,6871.519252
177.700472,21,6871.611235
-378.065926,37,6871.767421
-43.649135,22,6871.858698
-291.124074,44,6872.038152
-151.831559,26,6872.149746
-353.423434,37,6872.305154
-373.353678,37,6872.453612
-122.881274,19,6872.530512
-77.958183,28,6872.646848
-291.81663,28,6872.765646
-101.489147,30,6872.899055
-260.157041,37,6873.052602
-325.597109,33,6873.181284
-139.449866,22,6873.269111
-46.004404,22,6873.359186
-244.868438,24,6873.457991
-247.256272,23,6873.553599
-351.135543,37,6873.710018
-251.336811,24,6873.809957
-252.575986,24,6873.915374
-110.70116,32,6874.046317
-251.244208,37,6874.199559
-93.395995,29,6874.313857
-225.89872,18,6874.386201
-256.328084,23,6874.479949
-369.275011,37,6874.637802
-235.293047,35,6874.82269
-281.564308,27,6874.976599
-127.50615,35,6875.260856
-360.167335,37,6875.541823
-315.951592,31,6875.757097
-126.443275,19,6875.888379
-161.744171,37,6876.198511
-249.033073,22,6876.334955
-286.767033,30,6876.570701
-147.777869,22,6876.722702
-218.775294,18,6876.828202
-398.469107,42,6877.046605
-222.514939,19,6877.156849
68.4908,22,6877.270801
-385.981695,53,6877.505186
-282.414959,27,6884.248831
-270.285071,38,6884.453491
-186.479427,27,6884.573429
-248.903953,23,6884.672018
-711.320879,101,6885.104593
-151.776135,22,6885.190569
-296.603007,42,6885.361209
-119.276504,33,6885.499228
-149.602912,23,6885.595502
-153.419422,37,6885.747011
-235.963751,35,6885.897292
-360.986799,36,6886.049503
-313.932556,33,6886.193044
-295.096022,28,6886.308382
-186.227651,29,6886.429195
-170.860933,26,6886.535675
-484.367398,64,6886.796927
-135.339475,21,6886.884771
-274.297391,27,6887.01507
-197.133775,30,6887.131685
-219.715919,18,6887.203252
-268.363947,26,6887.302099
-213.404443,31,6887.429245
-571.61331,85,6887.768952
-300.256545,32,6887.907555
-370.70953,40,6888.072183
-365.633739,37,6888.220482
-385.909478,55,6888.447887
-244.112944,21,6888.532793
-247.014094,23,6888.628773
69.957844,22,6888.721115
-371.464571,37,6888.870179
-193.234785,28,6888.984377
-281.78785,27,6889.093225
-368.538987,37,6889.247727
-265.008448,39,6889.399428
-228.959206,19,6889.47833
-254.478051,23,6889.565997
-377.727463,37,6889.718286
-293.688998,31,6889.844422
-274.128842,37,6890.14786
-378.272842,37,6890.295431
-233.972951,21,6890.382752
-171.364374,26,6890.488949
-372.907401,40,6890.729656
-303.539387,31,6890.884885
-138.895516,22,6890.969014
-262.976533,35,6891.110941
-217.701504,18,6891.184056
-151.872221,24,6891.280929
-246.525895,48,6891.47321
-264.38427,37,6891.641118
-191.16143,29,6891.767905
-270.853358,26,6891.889168
92.386342,36,6892.054657
-362.790356,37,6892.212639
-345.017819,37,6892.367882
-307.030348,30,6892.489129
-272.646904,26,6892.602184
-152.714965,24,6892.69717
-64.189058,37,6892.847379
-373.382634,37,6900.764872
-20.22813,32,6900.955503
-203.595783,31,6901.10115
-372.064128,54,6901.324578
-328.673046,45,6901.508494
-265.198006,37,6901.660855
-249.325078,37,6901.807498
-364.985287,37,6901.963189
-564.307994,85,6902.315468
-371.049419,37,6902.46793
-372.096794,37,6902.622143
-156.788985,23,6902.710802
157.357017,49,6902.908081
-296.28351,31,6903.036671
-301.543049,30,6903.161464
-186.689618,43,6903.338544
-220.428401,32,6903.468843
-302.349076,43,6903.643233
-354.230187,37,6903.793081
-242.564556,36,6903.935368
-367.13124,37,6904.124998
-245.324007,50,6904.347963
-99.313066,30,6904.480158
-367.765001,37,6904.668226
-365.946123,37,6904.847656
-60.796076,25,6904.951507
-48.874773,24,6905.050086
-369.311389,37,6905.201812
-324.382808,32,6905.329627
-373.623497,37,6905.478668
-74.450242,27,6905.591074
-108.139808,32,6905.72354
-327.193431,33,6905.858153
-342.82556,35,6905.999353
36.112232,26,6906.102998
-302.945801,31,6906.236988
-226.072113,20,6906.318481
-154.682599,23,6906.413644
-148.964038,22,6906.506785
-225.531538,19,6906.585866
-107.206587,30,6906.708671
-281.323412,39,6906.869576
-350.141542,37,6907.012591
-310.498559,44,6907.186266
-158.081448,26,6907.289528
-383.395623,48,6907.479513
-379.436066,37,6907.628052
-296.571834,29,6907.741842
-278.482111,28,6907.854136
-130.026032,20,6907.939563
-370.411185,37,6908.095205
-222.24782,18,6908.184241
-259.268915,37,6908.343559
-377.802532,53,6908.559179
-138.182998,22,6908.653176
-280.670678,27,6908.763648
-253.845819,23,6908.858447
-216.364596,32,6908.992217
-341.6803,35,6909.140832
-308.154007,31,6909.267629
-242.374585,35,6914.982843
-358.184193,37,6915.183077
-575.769406,101,6915.620416
-369.67118,37,6915.771561
-267.748625,37,6915.926043
-375.853824,37,6916.082055
-332.497117,35,6916.229001
-252.439365,37,6916.378226
-617.2654,101,6916.925574
-215.075344,32,6917.063085
-186.409207,30,6917.185617
-135.321118,22,6917.286375
-69.78348,41,6917.455567
-364.267957,37,6917.606805
-154.174155,24,6917.705976
-240.648421,23,6917.801904
-262.497297,25,6917.902139
-252.924009,23,6917.999318
-312.832779,31,6918.15135
-412.295874,51,6918.387206
-278.891832,27,6918.501781
-167.91,25,6918.607686
-385.891474,42,6918.791664
-281.929121,27,6918.903471
-385.309211,57,6919.14443
-142.658845,22,6919.235362
-376.732606,37,6919.388129
-284.491534,39,6919.546878
-165.000677,24,6919.64541
-40.67091,22,6919.737823
-168.972036,27,6919.849251
-387.350785,40,6920.019835
-327.355474,34,6920.158628
-171.095456,45,6920.344668
-391.644989,43,6920.523676
-329.275486,35,6920.668151
-242.681418,35,6920.812359
-326.018748,33,6920.949454
-154.302474,23,6921.040946
-295.260922,30,6921.167846
-360.296057,37,6921.324133
-437.023159,65,6921.588012
-379.138393,37,6921.742497
-355.9787,38,6921.895114
-89.887535,29,6922.009584
-43.095514,21,6922.097189
-279.226786,27,6922.208374
-246.071166,22,6922.332303
-311.481087,32,6922.520969
-268.29509,37,6922.726322
-89.318517,29,6923.024117
-149.3063,23,6923.273106
-42.445642,56,6923.710974
-341.056437,35,6924.009766
-224.241456,19,6924.150194
-239.653868,22,6924.362097
-55.634793,25,6924.602288
-298.682849,30,6924.779229
-353.434575,37,6930.90479
-391.282992,37,6931.109894
-45.72255,48,6931.322522
94.06347,23,6931.420898
-227.934742,19,6931.49752
-241.144244,35,6931.638605
-144.402005,24,6931.729954
-292.111127,29,6931.845708
-50.697462,25,6931.948005
-346.960442,37,6932.104247
-171.327036,26,6932.208237
-225.690282,19,6932.281305
-324.37691,33,6932.416324
-323.094754,33,6932.547925
-364.767982,37,6932.695562
-162.992894,24,6932.789649
-408.168439,44,6932.965048
-389.673327,37,6933.117998
-254.96743,37,6933.264916
-346.070935,34,6933.399696
-281.189022,29,6933.519618
-360.778143,37,6933.669684
-295.476202,30,6933.788388
-227.477971,33,6933.928549
-380.478907,37,6934.080627
-342.090399,33,6934.218948
-267.893863,26,6934.32829
-325.95245,43,6934.502496
-40.009522,22,6934.591986
-72.039499,26,6934.695456
-359.262212,37,6934.857892
-381.074725,37,6935.010065
-531.259256,58,6935.24206
-166.306472,25,6935.344372
-272.232978,37,6935.498034
-373.899426,37,6935.650808
-151.998905,23,6935.743472
-322.659947,96,6936.130512
-266.566311,27,6936.246793
-267.50808,27,6936.361157
-522.021399,73,6936.662046
-354.697439,49,6936.865197
-314.214536,33,6937.114232
-216.740497,32,6937.245097
-142.536899,22,6937.337618
-61.852478,37,6937.488484
-369.759433,40,6937.656137
-75.637918,38,6937.812792
-127.357587,19,6937.891471
-161.998733,25,6937.995367
-211.37414,31,6938.131651
-367.094713,44,6938.333463
-268.91292,25,6938.446731
-133.390416,20,6938.53148
-383.09535,37,6938.727316
-182.059724,29,6938.854594
-361.852502,37,6939.011131
-204.384944,30,6939.140337
-262.635975,40,6939.303994
-257.107268,37,6939.464216
-140.680209,22,6946.718979
-299.784517,33,6946.908896
-361.865271,37,6947.060164
-242.233416,22,6947.149504
-387.509104,37,6947.300741
-55.385948,24,6947.400061
-170.95175,26,6947.507613
-129.665516,21,6947.593943
-265.618687,37,6947.752679
-367.451216,37,6947.903901
-372.899862,37,6948.055388
-879.862324,101,6948.46265
-359.234657,37,6948.616878
-268.884156,27,6948.734011
-150.758199,22,6948.829783
-786.799728,96,6949.222195
-369.187206,37,6949.368558
-367.285505,37,6949.520738
-306.057857,31,6949.64876
-76.362785,27,6949.760368
-368.115004,37,6949.921021
-297.959014,32,6950.05147
-257.954223,37,6950.202647
-236.695866,35,6950.348589
-217.056832,31,6950.474203
-246.226697,23,6950.572143
-273.139897,26,6950.684047
-156.739078,23,6950.775508
-359.450243,40,6950.945472
-217.814277,33,6951.078856
-496.118474,74,6951.38607
-232.389971,19,6951.46537
-263.867832,37,6951.616728
-372.162497,39,6951.774642
-446.609575,51,6951.986829
-131.054742,19,6952.069325
-363.31971,38,6952.227817
-290.804933,28,6952.343695
-299.377495,29,6952.461225
-375.508675,37,6952.617151
-165.354788,27,6952.728888
-354.364212,37,6952.877283
-310.526065,33,6953.014963
-372.703566,37,6953.168105
-371.947489,37,6953.323466
-253.035273,24,6953.421035
-270.680189,39,6953.584421
-388.228963,37,6953.729813
-357.442727,37,6953.885393
-375.724391,37,6954.032071
205.145651,29,6954.153053
-263.749573,37,6954.300698
-222.707458,19,6954.382403
-219.757743,32,6954.508722
-234.354838,22,6954.599074
-240.81093,35,6954.739262
-407.609912,51,6954.947467
-324.746544,46,6955.140152
-359.388781,37,6961.033159
-67.823502,37,6961.210367
-84.495362,28,6961.322325
-364.125817,37,6961.467749
-238.945264,22,6961.559243
-305.978222,31,6961.685372
-379.004182,39,6961.839834
-104.891801,31,6961.965349
-294.874991,30,6962.087974
-194.050234,43,6962.266904
-372.158104,37,6962.420344
-373.84239,37,6962.571084
-528.929517,101,6962.978617
-369.546028,37,6963.25196
-314.852256,32,6963.386061
-369.418595,37,6963.549009
-365.515522,37,6963.702865
-290.063339,56,6963.931021
-172.523151,37,6964.083741
-212.849986,32,6964.210872
-232.758831,22,6964.298019
-38.837067,23,6964.400344
-379.015423,37,6964.576649
-203.663354,30,6964.712569
-305.446375,30,6964.854252
-367.141124,37,6965.011096
-374.213271,37,6965.174174
-267.759678,26,6965.283985
-134.962346,21,6965.368385
-406.328329,58,6965.5989
-159.072928,25,6965.703507
-289.357399,28,6965.816986
-209.57507,31,6965.941244
-242.844514,21,6966.022037
-312.80457,31,6966.149473
-367.372289,37,6966.302227
-256.719283,37,6966.463571
-363.37748,37,6966.619729
-295.019537,30,6966.739021
-358.320169,37,6966.904687
-384.645458,57,6967.137129
-382.677463,39,6967.302092
-357.160193,37,6967.451438
-320.900552,33,6967.583715
-353.677179,39,6967.738251
-474.188494,52,6967.953999
-208.578048,30,6968.078021
-242.020266,22,6968.182999
-55.364531,24,6968.292797
-176.582696,28,6968.411981
-148.01794,23,6968.5064
-289.801658,41,6968.711128
-152.24961,36,6968.886229
-446.355838,70,6969.273461
-297.629587,31,6969.581684
-209.835177,32,6969.838175
-117.100092,34,6970.090651
-363.668405,37,6976.675666
-152.196352,22,6976.790397
-298.475855,29,6976.922568
-132.600309,20,6977.01015
-194.942898,28,6977.125971
-350.456603,37,6977.273325
-175.154788,40,6977.43723
-236.901246,23,6977.534968
-222.025461,46,6977.723613
-329.143383,47,6977.918672
-342.212554,34,6978.057158
-361.435751,37,6978.206366
-367.995819,39,6978.364559
-246.148502,36,6978.508586
-198.317045,30,6978.635412
-353.057343,37,6978.797888
-271.601242,39,6978.956772
-250.472976,23,6979.05314
-270.036995,25,6979.152306
-145.396707,37,6979.306566
-273.736216,27,6979.420876
-706.728705,101,6979.819857
-411.909734,47,6980.01498
-317.90003,31,6980.140116
-371.835036,39,6980.301911
-370.591851,37,6980.462257
-248.205412,23,6980.557707
21.169135,62,6980.80956
-279.1303,28,6980.923397
-370.818367,37,6981.080833
-368.003607,37,6981.228964
-296.45203,31,6981.350325
-291.222496,30,6981.470836
-385.364736,37,6981.625188
-303.985723,29,6981.749891
-306.375874,43,6981.925234
-329.820225,34,6982.064515
-451.809485,49,6982.263898
-188.214235,29,6982.383597
-322.412418,33,6982.522782
-355.047522,37,6982.675411
-285.564433,39,6982.833542
-328.577342,35,6982.971566
-77.760272,28,6983.086526
-373.641276,37,6983.37224
-375.882975,37,6983.525537
-260.378846,37,6983.677871
-363.279069,37,6983.830692
-382.094116,37,6983.983532
-485.926083,78,6984.301702
-342.485638,36,6984.447312
-407.359016,44,6984.652748
-453.769074,58,6984.92394
-149.003497,22,6985.015647
-260.582471,37,6985.171375
-365.866709,37,6992.881975
-237.010858,23,6993.002955
-196.652871,29,6993.129224
-305.524269,30,6993.254666
-367.795617,38,6993.410094
-95.73094,29,6993.528189
-363.189995,37,6993.675547
-336.409379,34,6993.823097
-305.137057,30,6993.947793
-346.033241,37,6994.103715
-49.302155,23,6994.199675
-75.767017,27,6994.311401
-357.887661,37,6994.460173
-204.136309,30,6994.585299
-323.382754,32,6994.715274
-223.653059,18,6994.790908
-318.795532,48,6994.994741
-295.501981,29,6995.11446
-222.076099,18,6995.187487
-274.556475,27,6995.296062
-341.625037,36,6995.444884
-324.566185,49,6995.649347
-71.626914,26,6995.753336
-356.181451,37,6995.906574
-274.442572,26,6996.015078
-433.534543,61,6996.259418
-285.886684,28,6996.377347
-357.493046,37,6996.53328
-130.698236,20,6996.616857
-312.696481,32,6996.751803
-270.314912,26,6996.858521
-359.689745,37,6997.005065
-362.536167,37,6997.158599
-305.858466,30,6997.280606
-279.20309,27,6997.388699
-383.596906,37,6997.538127
-370.354736,37,6997.694448
-373.50088,37,6997.847724
-308.554485,32,6997.977081
-408.101794,44,6998.15982
-365.90696,37,6998.320911
-360.379699,37,6998.470589
-364.234936,37,6998.626522
-198.132109,30,6998.753476
-158.548894,37,6998.906207
-374.428095,41,6999.077384
-159.174477,23,6999.168513
-279.310878,52,6999.379552
-559.911678,67,6999.655844
-363.855663,37,6999.805607
-360.318648,37,6999.95826
-362.405547,37,7000.110106
-420.849873,48,7000.304646
-363.589212,38,7000.463331
-330.150838,45,7000.647204
-376.372401,37,7000.799466
-368.190039,41,7000.968902
-366.253083,37,7001.122011
-307.710127,30,7001.243062
-227.294304,21,7007.0742
-363.847238,37,7007.274056
-366.546749,37,7007.447097
-165.182761,26,7007.558722
-159.203716,24,7007.660635
-51.865616,22,7007.751936
-372.933752,37,7007.906683
-240.158662,35,7008.049442
-253.763314,23,7008.140335
-167.65033,58,7008.374263
-292.602925,29,7008.49642
-275.40607,26,7008.59913
-282.352525,28,7008.711321
-109.203056,32,7008.838151
-248.925562,37,7008.984727
-353.897194,37,7009.134869
-412.425449,43,7009.299626
-365.398617,37,7009.453431
-260.913603,36,7009.594312
-382.782882,37,7009.855764
-323.012532,34,7009.990077
-590.463792,101,7010.391
-136.661024,21,7010.47677
-127.446249,19,7010.555655
-207.908115,31,7010.687626
-372.739741,37,7010.848282
-599.632647,66,7011.210335
-223.693084,19,7011.295945
-355.409882,37,7011.47019
-477.589416,60,7011.76645
-349.512999,41,7011.943813
-366.59985,37,7012.091643
-159.538699,24,7012.187502
-225.52801,19,7012.263106
-248.574654,22,7012.350486
-26.540589,20,7012.434604
-191.60541,29,7012.551186
-384.574513,40,7012.717584
-364.176472,37,7012.868102
-322.087385,33,7013.00168
-366.616396,37,7013.152333
-386.11136,37,7013.300205
-337.61508,34,7013.440159
-368.223579,37,7013.593058
-389.513996,43,7013.773795
-351.526576,37,7013.935403
-291.214539,28,7014.049774
-557.60745,72,7014.344314
-364.097401,37,7014.493662
-256.41006,37,7014.644097
-164.993767,27,7014.755256
-359.154089,37,7014.911107
-130.962004,34,7015.049719
-381.164378,37,7015.197965
-173.154087,27,7015.307173
-466.51023,82,7015.756418
-98.271717,84,7024.495035
-222.387912,32,7024.636424
34.977064,24,7024.733554
-340.215003,35,7024.874256
-393.309924,37,7025.016826
-174.099101,27,7025.12734
-367.464363,37,7025.277903
-394.354424,43,7025.453562
-152.0259,22,7025.541431
-303.267817,31,7025.671012
-366.531553,37,7025.819988
-284.978516,27,7025.92632
-317.501857,33,7026.05889
-392.270213,37,7026.205709
-277.971497,39,7026.360393
-308.053731,31,7026.486988
-294.957676,29,7026.607599
-375.331884,37,7026.767329
-367.845247,37,7026.929222
-492.439241,61,7027.167609
-232.678294,35,7027.306634
-193.047307,29,7027.418135
-375.77764,37,7027.568932
-366.93299,37,7027.719741
-148.759091,23,7027.812738
-389.942551,42,7027.978554
-283.239913,27,7028.093348
-360.435077,37,7028.267609
-428.472495,54,7028.487147
-348.02559,39,7028.650983
-281.480442,27,7028.759136
-134.125284,20,7028.841946
-154.505824,38,7029.005603
-233.853103,20,7029.089627
-366.638224,37,7029.236814
-370.798752,37,7029.382964
-160.581325,24,7029.475614
-24.506135,19,7029.549946
-386.6837,37,7029.694179
-165.900718,38,7029.848061
-367.502827,37,7029.997592
-196.988741,31,7030.128627
-212.141405,30,7030.247965
-301.818106,31,7030.374248
-379.507133,43,7030.540861
-31.474837,20,7030.618762
-366.498933,37,7030.772205
-407.861166,40,7030.929714
-192.858981,29,7031.04902
-390.713423,41,7031.370193
-295.532822,29,7031.491579
-293.34297,28,7031.604337
-264.084262,37,7031.75327
-233.52854,34,7031.892512
5.493166,45,7032.075479
-237.369192,37,7032.226535
-361.06252,37,7032.370021
-156.238344,23,7032.460385
-342.495308,39,7032.641767
-35.036015,20,7032.738226
-294.917334,30,7042.649222
-591.719461,73,7042.970471
-349.530312,37,7043.124035
-394.33381,39,7043.282726
-300.14376,29,7043.398074
-357.048925,38,7043.546807
-361.129043,37,7043.701227
-378.190718,37,7043.851075
-355.22239,37,7044.001956
-374.54939,37,7044.153048
-230.686582,19,7044.232919
-374.980874,37,7044.382007
-362.897433,37,7044.527385
174.414212,33,7044.665515
-203.412138,32,7044.794167
-372.146574,37,7044.943985
-274.73286,28,7045.053726
-801.488631,101,7045.452118
-315.059562,32,7045.578151
12.609429,29,7045.698272
-351.437886,37,7045.847329
-444.054684,61,7046.099921
-364.209815,37,7046.248938
-326.351596,34,7046.386996
-305.22994,30,7046.504626
-291.889434,44,7046.693693
-357.494994,38,7046.850413
-158.846209,23,7046.94078
-242.760075,36,7047.08712
-273.844419,30,7047.208088
-462.884219,62,7047.457794
-273.765267,26,7047.566998
-379.948611,37,7047.718284
-101.810753,31,7047.843522
-267.820942,37,7047.987149
23.414551,27,7048.095744
-313.218268,31,7048.216453
-132.907301,20,7048.298416
-316.290342,32,7048.423316
-372.000825,49,7048.621204
-251.263632,23,7048.715214
-306.827951,30,7048.835931
-302.787136,30,7048.957365
-496.298679,65,7049.219056
-520.752876,59,7049.452519
-373.136772,51,7049.655984
-365.055043,37,7049.802588
-295.404222,43,7049.974729
-233.252569,19,7050.049426
-383.785187,37,7050.198953
-108.914785,30,7050.314489
-233.028278,35,7050.455786
-204.742865,30,7050.571798
-362.345264,37,7050.714359
-367.425027,37,7057.23551
-452.085833,51,7057.506422
-342.565953,34,7057.653509
-340.779247,47,7057.852437
-118.318686,32,7057.983616
-84.18444,29,7058.108448
-138.043674,47,7058.3191
-403.155089,44,7058.511386
-344.78954,35,7058.667706
39.872437,44,7058.884732
-376.89352,37,7059.048235
-400.326347,46,7059.236158
-122.204819,19,7059.314711
-298.493865,42,7059.484107
-367.491833,37,7059.631378
-400.845466,41,7059.794173
-272.7401,27,7059.901802
-204.296427,43,7060.078737
-187.831831,28,7060.193868
-366.377105,37,7060.450226
-121.558329,32,7060.582614
-350.249802,37,7060.736025
-618.631867,90,7061.134606
-374.557175,37,7061.303553
-362.856399,38,7061.478917
-158.05713,24,7061.573524
-337.15258,49,7061.805946
-378.633095,37,7061.995029
-456.600692,52,7062.224075
-250.830047,51,7062.432682
-360.08316,37,7062.596789
-366.394137,37,7062.75028
-238.898524,36,7062.901681
-286.68779,42,7063.069883
-376.799981,37,7063.220551
-367.235104,37,7063.372144
-361.320313,37,7063.52622
-368.499539,37,7063.677148
-265.644704,38,7063.828694
-267.604283,38,7063.985907
-378.093261,52,7064.200723
-369.859838,39,7064.370162
-206.897998,33,7064.510775
-294.75714,30,7064.635441
-372.306348,37,7064.785112
-389.481779,39,7064.945804
-382.564841,37,7065.096401
-364.978814,37,7065.25568
-162.193824,25,7065.356741
-257.264237,50,7065.554872
-376.82364,37,7065.704703
-352.520831,37,7065.856206
-362.958348,37,7066.072962
-368.248017,37,7073.768034
-452.641454,49,7073.987912
-148.045404,24,7074.092671
-337.530298,34,7074.229217
-221.945069,34,7074.369484
-313.56787,32,7074.49925
-379.981358,37,7074.652848
-591.312035,101,7075.068231
-265.141031,38,7075.220005
-54.677918,23,7075.306625
-132.96498,20,7075.390602
-195.615211,29,7075.508594
-278.342636,26,7075.611658
-364.048111,37,7075.766277
-378.189239,37,7075.916151
-370.76052,37,7076.067665
-251.375573,22,7076.158157
-133.750284,20,7076.241749
-272.566426,41,7076.409634
-230.462181,20,7076.494818
-85.461528,28,7076.61113
-438.435527,46,7076.804263
-224.297081,19,7076.883203
-91.311733,28,7076.998504
-506.003858,57,7077.240084
-370.330167,40,7077.406668
-332.119627,34,7077.546937
-373.243708,35,7077.690109
-193.240081,29,7077.810803
-368.548535,37,7077.965563
-195.365172,42,7078.135696
-327.2123,35,7078.281661
-148.567562,23,7078.374708
-132.792278,21,7078.461988
-265.317335,24,7078.561831
-225.909608,19,7078.640957
-237.456273,20,7078.724215
-369.019314,37,7078.878994
30.363625,25,7078.980511
-162.95165,24,7079.08185
-289.364851,45,7079.263743
-251.379111,37,7079.412218
-289.762283,30,7079.536918
-373.38833,37,7079.690659
-212.490266,34,7079.831082
-382.307389,41,7079.997188
-268.246287,27,7080.107082
-101.061862,30,7080.23522
-246.873944,35,7080.377262
-255.490308,24,7080.474099
-350.636475,37,7080.637245
-383.124567,37,7080.783966
-361.2799,38,7080.941172
-367.052821,37,7081.091908
-521.707048,56,7081.444699
-364.182534,37,7081.593832
-367.900525,99,7082.013163
-40.134484,34,7082.152593
-343.397317,38,7090.469147
-385.715557,37,7090.640228
-354.832538,37,7090.788899
-374.69829,42,7090.964253
-283.914225,28,7091.078218
-273.562645,27,7091.192444
-349.112061,35,7091.342512
-350.464015,37,7091.500813
-141.961442,23,7091.598765
-261.830464,37,7091.748369
-290.140834,27,7091.858371
-218.944796,33,7091.998019
30.353847,29,7092.12455
-272.989407,27,7092.238664
-321.783973,33,7092.373204
-371.948678,37,7092.525584
-339.56457,35,7092.666436
-464.811504,49,7092.876467
-292.184164,31,7093.031746
-283.323602,27,7093.145839
-132.966485,20,7093.222786
-268.673,37,7093.379289
-218.529604,33,7093.525956
-429.33537,44,7093.712466
-373.418158,37,7093.865968
-253.573752,37,7094.027927
-84.526382,28,7094.142051
-247.140206,23,7094.23654
-824.745084,90,7094.60503
-337.47103,34,7094.746918
-118.625799,32,7094.877279
-404.194198,43,7095.058106
-44.317784,22,7095.148469
-162.130969,24,7095.247229
170.548597,21,7095.332471
-255.401618,70,7095.628596
-205.715628,30,7095.749401
-365.268831,37,7095.896743
-268.347499,26,7096.002479
-262.413429,37,7096.150251
-156.075335,25,7096.252867
-366.509065,37,7096.403472
-263.854164,39,7096.560231
-333.638659,35,7096.704304
-277.625694,28,7096.817997
-367.049183,37,7096.971367
-372.706232,37,7097.128028
-101.718662,31,7097.260788
-280.330835,28,7097.377415
-38.616521,22,7097.463647
-425.011085,46,7097.650144
-186.674053,40,7097.811041
-360.457009,37,7097.966406
-136.942748,20,7098.047648
-364.675572,37,7098.201304
-354.192148,37,7098.357063
-215.243426,57,7098.594467
-343.484051,49,7098.797728
-272.095666,37,7104.833803
-343.448694,37,7105.041742
-366.016408,37,7105.197912
-164.898019,24,7105.295547
-377.653263,37,7105.449397
-155.801096,96,7105.848305
-370.448475,37,7106.005021
-387.480604,40,7106.169659
-226.084938,19,7106.245023
-586.716191,67,7106.513973
-199.643856,80,7106.856848
-285.243385,28,7106.977473
-371.85787,37,7107.136338
-371.665461,37,7107.286516
151.347508,23,7107.377046
-304.02885,57,7107.609521
-371.996416,37,7107.758703
-376.173782,37,7107.916944
-509.717718,101,7108.456086
-363.516211,37,7108.614549
-377.093864,37,7108.765368
-173.499047,26,7108.877551
-294.737049,31,7109.011545
-224.804005,33,7109.148806
-58.176793,23,7109.244392
-354.962499,36,7109.386841
-290.613886,41,7109.559146
-271.812278,27,7109.68568
-32.61901,20,7109.771014
-172.074867,26,7109.895367
-371.07354,37,7110.075212
-291.138532,41,7110.250995
-202.605567,32,7110.384848
-260.380112,25,7110.490592
-200.296367,29,7110.609646
-53.432152,24,7110.708525
-257.289699,37,7110.86471
-153.058758,23,7110.957425
-778.845619,86,7111.312273
-252.400594,37,7111.461977
-258.703198,38,7111.615398
-358.260334,37,7111.763875
35.477954,26,7111.872973
-369.428911,37,7112.022064
-79.972839,27,7112.13808
-331.235797,34,7112.278319
-164.330924,37,7112.42741
-265.437921,24,7112.525964
-248.285456,36,7112.672388
-50.420931,22,7112.760029
-419.402852,45,7112.948574
-232.952027,20,7113.030747
-54.797678,23,7113.1235
-374.994641,37,7113.271217
10.584607,29,7113.390519
-370.258162,37,7121.52671
-261.826223,39,7121.742354
-208.762042,31,7121.871491
-237.439018,35,7122.018463
-251.36581,23,7122.112795
-359.295249,39,7122.270843
-372.52744,37,7122.431239
-268.355275,26,7122.535885
-181.050618,28,7122.652136
-373.766564,37,7122.799541
-46.839117,22,7122.899652
-430.007582,48,7123.094675
-364.100411,46,7123.283092
-181.115901,28,7123.399026
-367.95408,37,7123.547961
-370.39743,41,7123.713765
-74.555603,28,7123.834985
-160.037198,38,7123.987294
-275.954143,27,7124.098011
-356.120649,37,7124.247602
-221.203187,18,7124.31984
-377.128106,37,7124.469044
-357.33942,37,7124.623275
-224.432178,19,7124.702884
-281.375957,40,7124.861947
-368.221875,37,7125.011551
-402.942463,53,7125.231576
-386.881815,42,7125.405924
-184.79231,28,7125.528569
-262.542769,38,7125.689809
-295.62311,29,7125.813271
-130.290688,20,7125.893849
-318.601355,33,7126.025931
-428.414965,57,7126.260229
-127.192578,19,7126.34048
-118.050579,82,7126.680277
-110.357102,31,7126.805373
-384.427202,37,7126.955265
-377.708367,37,7127.109804
-140.164971,21,7127.196962
-136.273082,21,7127.283107
-215.309507,32,7127.416527
-58.087471,70,7127.713721
-64.174149,24,7127.81058
-308.830682,31,7127.929895
-169.637585,25,7128.033622
-307.592709,32,7128.166786
-337.696543,35,7128.306357
-288.365735,29,7128.426391
-351.647752,37,7128.578396
-599.518318,101,7128.993387
-376.010016,37,7129.146183
-281.182834,29,7129.266543
-260.624776,52,7129.605432
-346.389176,34,7129.746638
-141.25336,21,7129.832241
-141.832473,36,7129.977536
-371.1,37,7136.95353
-152.795843,24,7137.183115
-179.948265,39,7137.566895
-275.372797,27,7137.785531
-363.366898,37,7138.020286
-11.824769,76,7138.661865
-163.531408,25,7138.84852
-192.61677,30,7139.057002
130.166709,27,7139.205309
-341.214474,34,7139.353742
-136.700872,21,7139.4356
-94.687764,29,7139.559749
-257.284824,39,7139.722677
-283.662604,29,7139.846588
-155.814419,23,7139.945839
-300.202495,43,7140.124586
-374.008581,37,7140.280633
-374.682749,37,7140.428561
-269.754762,42,7140.604877
-178.012398,28,7140.719943
-73.39443,27,7140.836478
-380.818383,43,7141.014289
-352.451601,37,7141.170495
-609.454992,70,7141.453164
-363.19763,37,7141.605372
-626.664692,101,7142.030777
-379.542316,37,7142.188075
-284.347514,27,7142.298906
-337.282528,44,7142.482718
-390.177786,74,7142.79607
-252.986736,39,7142.956631
-185.55778,28,7143.073493
-459.063433,51,7143.283953
-157.631207,23,7143.37908
-365.181857,37,7143.536225
-316.720878,32,7143.669181
-271.344742,27,7143.783078
-347.044758,35,7143.925977
-633.443336,101,7144.344545
-402.868516,43,7144.526459
3.755413,50,7144.730813
-237.314404,22,7144.822918
-232.851065,35,7144.969203
-364.756144,37,7145.127349
-336.004005,34,7145.26707
-346.290884,37,7145.423585
-355.547624,37,7145.574797
-341.458644,34,7145.711582
-262.709248,26,7145.814473
-272.675818,28,7145.929495
-293.955614,29,7146.048627
-418.197789,45,7146.235079
-91.040308,28,7146.350128
-37.464082,21,7146.434133
-370.701237,37,7152.366025
-66.229544,26,7152.509198
-353.914961,37,7152.67682
-373.751153,37,7152.837666
-324.747749,35,7152.996465
-450.534276,56,7153.240137
-374.020896,37,7153.39077
-321.900107,50,7153.595505
-780.522593,101,7154.005027
-228.765307,21,7154.093865
-406.536519,45,7154.272568
-272.169703,28,7154.385624
-375.468247,37,7154.535379
-134.960457,20,7154.61702
-221.033806,34,7154.754499
-164.835332,26,7154.864376
-263.028423,25,7154.96611
-360.586628,37,7155.113819
-142.484059,36,7155.262862
-372.454593,37,7155.413915
-382.658567,41,7155.58656
-275.277081,37,7155.740123
-370.505351,37,7155.893822
-478.491508,53,7156.114797
-155.506112,23,7156.207783
-381.31487,37,7156.503607
-407.861549,44,7156.689684
-228.712203,34,7156.837777
-258.865103,25,7156.944632
-235.471062,37,7157.094361
-364.511403,37,7157.248414
-360.143874,54,7157.473333
-133.161556,21,7157.564452
-300.415191,29,7157.705982
-336.99515,36,7157.87561
-279.794036,40,7158.06923
-161.995028,25,7158.171642
-378.487959,37,7158.325999
-333.755429,32,7158.463013
-297.710276,30,7158.58974
-132.264938,21,7158.67401
11.963242,28,7158.788906
-359.077192,37,7158.94889
-175.547195,27,7159.064187
-249.936738,23,7159.156839
-356.044901,37,7159.316531
-463.747465,52,7159.52893
-361.718785,37,7159.683653
-359.136777,36,7159.83269
-55.278383,24,7159.93313
-229.196189,34,7160.068958
-454.7652,49,7160.267425
-459.01144,50,7160.476429
-316.453551,31,7160.606879
-356.900303,37,7160.764601
-409.503063,45,7160.960786
-307.476207,31,7169.114468
-79.200286,28,7169.280777
-375.787852,37,7169.44484
-298.16896,29,7169.564574
-360.601688,37,7169.71462
-331.877885,35,7169.860072
-364.758725,37,7170.011569
-230.210849,19,7170.087974
-361.191925,37,7170.240806
-201.672957,32,7170.368536
-380.417862,37,7170.520492
-124.849875,19,7170.596572
-376.192926,37,7170.75993
-209.728273,31,7170.893982
-369.612046,37,7171.04293
-369.776256,40,7171.20924
-14.298912,32,7171.37297
-186.838169,29,7171.500764
-337.643953,34,7171.647203
-796.015106,101,7172.213311
-162.129889,76,7172.522477
-685.713353,93,7172.902277
-374.188846,37,7173.052373
-544.227117,91,7173.421147
-259.376341,36,7173.595762
172.422894,21,7173.692975
-91.994592,29,7173.826216
-375.442447,37,7173.981869
-70.581282,52,7174.20498
-138.806538,22,7174.297842
-224.77473,19,7174.378975
-144.724587,22,7174.472665
-325.284693,32,7174.614668
-188.579786,30,7174.739103
-435.724128,46,7174.937519
-357.676235,37,7175.08968
-227.317481,46,7175.283118
-606.157705,80,7175.625648
-189.612998,28,7175.742839
-358.296781,37,7175.893145
-187.674326,29,7176.011302
-27.42651,34,7176.155852
-228.381443,19,7176.23446
-341.998448,34,7176.361547
-123.958801,32,7176.493152
-85.087205,28,7176.611881
-217.150642,60,7176.856993
-242.669546,23,7176.949926
-411.337683,41,7177.124236
-657.655327,101,7177.538559
-133.628166,20,7177.615092
-356.951997,50,7178.00999
-314.022395,31,7187.523659
-313.173071,32,7187.775739
-366.801339,37,7187.97723
-384.777425,37,7188.13087
-368.443491,37,7188.293152
-502.100253,55,7188.515849
-195.09611,29,7188.637179
-79.366438,27,7188.745261
-54.376492,24,7188.842012
-246.206764,36,7188.984664
-208.509034,30,7189.11412
-147.687254,37,7189.259359
-274.693085,28,7189.374253
-254.183601,36,7189.523204
-336.305085,34,7189.664685
-298.595355,30,7189.790568
-322.221337,32,7189.92078
-307.744567,30,7190.040761
-361.103305,36,7190.182162
-365.032888,37,7190.328303
-185.243682,30,7190.448877
-386.287816,37,7190.605936
-190.570438,29,7190.720485
-55.016677,24,7190.817252
-175.228901,26,7190.922948
-238.635564,37,7191.076045
-199.50973,30,7191.202799
-261.936242,25,7191.305178
-439.533214,56,7191.52903
-92.275135,29,7191.642367
-486.666969,54,7191.864282
144.902403,24,7191.960888
-233.523398,22,7192.046179
-394.8799,43,7192.219655
-277.883428,39,7192.372111
-223.709661,33,7192.503567
-171.653394,37,7192.64824
-250.589286,36,7192.793415
-386.859206,39,7192.95716
-4.39498,30,7193.076284
-254.040293,25,7193.171526
-365.337253,37,7193.316683
-282.443761,40,7193.475242
-231.969347,21,7193.55846
-228.226518,34,7193.695124
-288.675531,28,7193.805404
-269.696642,26,7193.911844
-259.860227,39,7194.068714
-365.339965,37,7194.21575
-99.267202,29,7194.332314
-77.959658,54,7194.553703
-266.239512,41,7194.722442
-161.876652,37,7194.874755
-386.362708,37,7195.027222
-146.485511,35,7195.173296
-370.479467,37,7195.321451
-311.878589,31,7195.448864
-357.165631,38,7195.607626
-301.532064,30,7195.727517
-165.933063,26,7195.830067
-366.325263,37,7202.047931
-283.852429,29,7202.21598
-157.283657,25,7202.325715
-304.747638,30,7202.449696
-194.039308,31,7202.581133
-392.117679,42,7202.749945
-129.086486,20,7202.82681
-387.238337,37,7202.971123
-240.357096,37,7203.123576
-114.172519,31,7203.250659
-372.472304,37,7203.399949
-164.617095,25,7203.503158
-135.060937,20,7203.584293
-133.5405,20,7203.663484
-368.766671,37,7203.807855
-445.327356,48,7204.00329
-164.125924,38,7204.159507
-292.698748,29,7204.280477
-258.799398,37,7204.432496
-128.817255,20,7204.512325
-375.321098,37,7204.662115
-363.891774,37,7204.815777
-379.185021,42,7204.987588
-200.236288,29,7205.106464
-387.43749,42,7205.275549
-351.829177,37,7205.424873
-127.515242,19,7205.499784
-282.068703,27,7205.608937
77.244044,32,7205.741477
-277.93439,28,7205.856023
-311.141708,32,7205.988688
-307.590272,30,7206.114238
-318.244045,32,7206.25436
-353.886725,37,7206.546423
-178.155894,27,7206.659296
-234.895615,21,7206.74416
-327.40689,33,7206.876644
-276.213614,26,7206.984511
-157.32578,25,7207.088636
-236.811031,22,7207.177451
-454.192403,47,7207.370172
-354.211691,37,7207.523275
-157.251671,24,7207.618696
-194.192176,29,7207.765502
-380.702462,37,7207.93415
-224.136328,19,7208.030554
-377.333318,37,7208.211736
-339.385189,37,7208.367371
-534.018462,58,7208.603722
-157.332042,37,7208.753375
-308.172986,45,7208.943667
-181.569923,28,7209.052271
-223.94152,35,7209.19649
-313.811135,44,7209.375933
-444.985545,48,7209.561901
-168.079127,26,7209.667849
-243.68229,34,7209.80786
-133.446677,20,7209.889725
-249.424666,37,7210.039518
-392.423385,41,7210.203924
-241.280572,22,7210.297365
-177.572605,30,7210.419766
-273.42367,37,7210.573945
-369.562141,37,7217.774187
-529.430822,74,7218.125589
-161.973863,25,7218.227969
-354.561986,37,7218.379967
-364.137693,37,7218.534514
-363.121547,37,7218.68396
-376.645503,37,7218.838089
-370.406596,37,7218.99368
-662.232065,101,7219.403912
-356.493089,38,7219.559754
-264.00377,24,7219.660665
-188.447581,41,7219.827084
-382.911009,44,7220.006905
-233.837786,34,7220.14951
-225.541633,34,7220.291334
-188.071042,29,7220.411068
-392.761451,43,7220.588463
-370.179355,38,7220.747677
-225.462743,34,7220.891354
-369.467044,37,7221.043566
-373.874149,37,7221.194745
-223.750279,19,7221.285296
-374.810507,37,7221.4437
-396.385258,44,7221.627803
-342.811728,35,7221.768074
-221.652934,34,7221.903248
-308.69154,31,7222.031605
-372.317393,52,7222.246599
-173.34217,29,7222.359813
-167.829085,26,7222.464872
-34.353427,21,7222.553183
-334.702356,34,7222.691741
-42.767815,22,7222.779737
-401.06579,41,7222.936149
-198.851801,28,7223.04671
-365.4691,37,7223.199294
-327.052975,47,7223.406747
-363.293128,37,7223.556449
-347.873748,35,7223.703181
-305.203066,30,7223.823395
-198.829611,31,7223.951932
-363.809096,37,7224.105982
-352.152384,37,7224.256557
-272.853154,37,7224.408664
-353.018849,37,7224.561728
-174.471973,29,7224.705725
-246.087888,37,7224.895526
-59.955904,25,7225.008164
-357.258664,37,7225.17479
-367.800134,37,7225.355919
-324.907361,51,7225.607854
-245.780779,37,7225.768506
-155.192476,24,7225.875355
-238.637365,36,7226.022355
-356.586931,37,7226.170953
-201.924429,44,7226.352016
-301.958719,43,7232.241944
-267.16479,71,7232.672475
-229.785052,21,7232.758362
-297.630559,30,7232.880337
-250.490275,36,7233.02498
-163.240433,40,7233.187888
-166.59027,24,7233.290746
-53.132767,24,7233.387608
-101.012795,30,7233.514583
-160.398248,25,7233.619099
-288.070229,30,7233.759559
-232.305823,20,7233.850355
-383.687268,37,7234.020716
-353.18301,37,7234.194735
-155.325366,25,7234.300529
-358.877522,52,7234.514385
-323.037018,37,7234.665246
-371.862094,37,7234.817112
-176.963496,29,7234.936746
151.53804,24,7235.035154
-632.394074,79,7235.352916
-364.75141,37,7235.505943
-352.029336,37,7235.659264
-305.210338,56,7235.892339
-154.342727,37,7236.047421
-283.463695,28,7236.158097
-425.726193,45,7236.341967
-169.846318,27,7236.454475
-258.823656,38,7236.605023
-161.394127,24,7236.705531
-170.313864,25,7236.80914
-303.739089,31,7236.93387
-371.285416,37,7237.078444
-273.701224,27,7237.190488
-837.737762,91,7237.567081
-412.429675,57,7237.80223
-369.995363,54,7238.07246
-397.527601,44,7238.337326
-323.311053,33,7238.635458
-358.627618,38,7238.962035
-369.931127,37,7239.268671
-309.789266,32,7239.532753
-351.449021,37,7239.867705
-355.844198,37,7240.219241
-358.778933,37,7240.589645
-65.579969,25,7240.81828
-268.880804,40,7241.172234
33.323163,25,7241.314873
-282.955797,28,7241.458571
-331.891435,49,7241.714335
-85.920453,53,7241.945483
-194.039485,42,7242.127182
-140.544596,36,7242.282589
-173.138758,28,7242.402692
-188.146089,29,7248.098189
-236.736106,20,7248.214336
-352.75976,37,7248.39996
-98.377045,29,7248.529361
-212.084309,32,7248.662604
124.948801,30,7248.78341
-279.657963,26,7248.890191
-603.723674,101,7249.31051
-372.28134,37,7249.459899
-172.277172,61,7249.709331
-465.703952,64,7249.967805
-185.246622,28,7250.079794
-331.224735,35,7250.219866
-431.555343,51,7250.428018
-372.948039,37,7250.577322
-377.292718,37,7250.727821
-368.774169,37,7250.876218
-68.516863,26,7250.985974
-359.081104,37,7251.139855
-206.858434,30,7251.263254
-204.682287,30,7251.384146
-116.439608,18,7251.455901
-340.57374,34,7251.594906
-37.765262,21,7251.679864
-56.15752,24,7251.779532
-297.131117,30,7251.954388
-349.643084,37,7252.146126
-527.241973,88,7252.512466
70.468448,23,7252.60777
-300.315772,43,7252.782242
-372.295668,37,7252.92612
-124.436836,19,7253.13307
-317.761392,32,7253.264714
-128.936919,20,7253.347851
-220.206008,33,7253.478698
-210.725707,33,7253.60749
-159.612482,38,7253.759254
-369.260062,37,7253.910519
-283.169526,41,7254.081767
-226.718521,20,7254.16327
-208.927823,30,7254.289961
-277.97968,27,7254.400311
-182.243471,82,7254.740319
-211.4684,31,7254.864073
-209.104787,31,7254.991536
-133.030677,23,7255.086703
-105.265485,30,7255.206708
-261.25353,25,7255.322881
-184.051764,28,7255.447436
-366.768756,37,7255.622988
198.872442,19,7255.703872
-313.57469,31,7255.830311
-215.747129,31,7255.956627
-293.33905,31,7256.089588
-195.712312,31,7256.22403
-363.555026,37,7256.377637
-405.411847,45,7256.561647
-169.661549,27,7256.672883
-286.683559,28,7256.784731
-28.979758,34,7264.882694
-105.66506,31,7265.029424
-475.615292,64,7265.294854
-80.442278,29,7265.413329
-332.219602,48,7265.612437
-255.252506,38,7265.769864
-134.249721,20,7265.850692
-428.157118,47,7266.042987
-376.590055,41,7266.211322
-261.807609,38,7266.36308
-333.845114,78,7266.693855
-383.21645,40,7266.858327
-372.989604,37,7267.012886
-216.570857,30,7267.141356
-411.315993,42,7267.317836
-305.084932,31,7267.444956
-83.498875,27,7267.57222
-350.244961,37,7267.722986
-307.147436,43,7267.89715
-229.954051,35,7268.042832
-368.009565,37,7268.211411
-168.535716,26,7268.317571
-209.690566,31,7268.448273
-269.147056,39,7268.613516
-305.125368,31,7268.737894
-374.973145,37,7268.887745
-246.930025,23,7268.98298
-272.24016,27,7269.092688
4.794631,47,7269.289662
-294.115099,31,7269.413961
-378.498469,39,7269.574099
-376.971755,40,7269.733857
-376.830415,37,7269.884524
-274.432563,26,7269.991241
-314.320078,33,7270.132201
-316.554453,34,7270.271654
-310.06547,31,7270.401287
-266.524943,27,7270.513226
-129.332452,20,7270.593311
-49.1759,24,7270.691243
-45.14277,23,7270.786371
15.019085,28,7270.904398
-309.608292,33,7271.037271
-300.622651,29,7271.155754
-152.074088,37,7271.311417
-230.472038,19,7271.387583
-224.917115,18,7271.458656
-75.551664,27,7271.570318
-314.51863,30,7271.69139
-570.995588,101,7272.106364
-229.12635,33,7272.238526
-322.562445,33,7272.374925
39.172204,25,7272.476442
-309.586889,37,7272.625501
-270.434403,26,7272.730316
-358.788402,37,7272.880472
-252.299684,38,7273.036775
-519.486798,66,7279.250095
-137.825576,21,7279.37055
14.300079,28,7279.497413
-246.692193,36,7279.643945
-264.150886,25,7279.745761
-502.447432,68,7280.151241
-69.622739,26,7280.259605
-384.777708,41,7280.432757
-361.234767,37,7280.584036
-305.12577,30,7280.706957
-55.85287,37,7280.854366
-245.672552,36,7281.000789
-311.067719,32,7281.134274
147.6187,57,7281.385636
-220.423194,35,7281.542455
-30.019861,20,7281.633727
-570.54868,67,7281.938545
-93.461674,30,7282.065498
-355.009211,37,7282.21747
-374.584983,38,7282.370672
-238.109827,36,7282.519633
-201.440252,32,7282.652743
-299.773794,31,7282.784167
-156.08771,25,7282.888607
-232.424729,20,7282.969559
-250.189606,36,7283.11781
-113.383818,31,7283.244503
-362.432561,37,7283.391658
-373.344021,43,7283.562913
-367.501145,37,7283.715856
-327.002306,47,7283.901179
-436.463513,46,7284.095028
-240.044953,80,7284.428492
-235.137585,20,7284.510206
-273.356784,39,7284.671974
-221.505159,32,7284.809399
-240.03958,36,7284.962839
-377.834223,42,7285.146788
-365.92289,37,7285.309028
-261.656906,37,7285.459808
-499.539113,52,7285.73378
-358.344928,37,7285.93871
-376.488126,37,7286.238734
-351.262564,37,7286.595479
-270.699428,25,7286.820871
-233.830545,35,7287.136894
-248.060498,38,7287.49364
-172.715534,28,7287.772454
-226.085582,34,7288.171266
-302.590271,31,7288.528367
-289.957814,30,7288.837076
-214.277662,45,7289.295551
-128.28083,19,7289.416147
-345.183934,37,7289.62296
-278.926276,28,7289.770517
-302.842622,31,7289.926463
-316.334218,31,7290.0762
-227.911564,19,7296.042784
-414.651253,43,7296.287793
-282.372734,28,7296.410866
-379.269679,42,7296.581594
-334.247069,35,7296.72269
-550.94946,65,7296.978318
-168.004739,26,7297.083405
-652.653505,87,7297.440324
-243.833268,23,7297.529853
-369.668754,41,7297.706561
-162.536114,25,7297.806594
-127.407933,20,7297.887757
-369.500899,37,7298.044259
-427.257989,48,7298.256888
-240.044194,22,7298.347953
-291.679703,28,7298.461528
-302.512678,33,7298.593635
-381.66444,37,7298.745716
-285.56384,28,7298.869746
-187.314208,43,7299.046765
-258.683721,37,7299.198965
-236.15111,35,7299.343012
-571.822941,101,7299.769087
-431.412122,46,7299.96401
-57.202453,24,7300.064247
-375.156648,37,7300.21271
-375.363352,37,7300.37281
-354.960041,38,7300.527117
-362.345205,37,7300.683149
-290.415678,29,7300.80122
-368.573931,37,7300.953273
-52.040015,23,7301.048357
-89.896279,29,7301.166491
-132.208517,20,7301.243639
55.855484,58,7301.606781
-121.138875,48,7301.802368
-265.688177,26,7301.9174
-362.280373,37,7302.06858
-319.108575,31,7302.191793
-275.511962,37,7302.342824
-375.392127,54,7302.569488
-259.582525,37,7302.747186
6.886037,46,7302.987664
-228.279518,19,7303.068124
-280.458128,41,7303.24222
-149.88124,22,7303.33259
-3.86406,65,7303.601171
-370.307953,37,7303.754365
-481.834799,54,7303.98709
-225.778128,37,7304.143371
-260.444793,40,7304.309614
-158.159425,25,7304.413562
-151.844805,27,7304.525869
-159.284384,25,7304.632623
-278.608941,28,7304.74482
-354.732154,37,7312.069059
-353.046897,35,7312.240578
-375.221209,37,7312.407453
-321.671623,34,7312.552287
-171.529695,27,7312.667223
17.372084,29,7312.784823
-341.393658,34,7312.920387
-329.844038,50,7313.123671
-337.236081,35,7313.26407
-232.502277,19,7313.344699
-151.964658,22,7313.433654
-218.94823,34,7313.569816
-36.888436,21,7313.659112
-168.437751,27,7313.769892
-335.838694,33,7313.909459
-261.911134,24,7314.007813
-652.701058,81,7314.336765
-167.107846,27,7314.4437
-365.095296,37,7314.598289
-278.727029,26,7314.702941
-265.309202,37,7314.851041
-228.698429,34,7314.982824
-235.176903,20,7315.070902
-129.25802,21,7315.152718
-313.550291,47,7315.342298
-95.195455,30,7315.464508
-314.447892,32,7315.597292
-47.266782,58,7315.836912
-136.396643,35,7315.985227
-130.126245,19,7316.062768
-172.760939,38,7316.219893
-247.325017,36,7316.365578
-546.590019,75,7316.664718
-197.763209,31,7316.78929
-374.719003,37,7316.938843
-427.76723,44,7317.123492
-500.765787,57,7317.351357
-324.399522,33,7317.484351
-295.871733,29,7317.603586
-183.698966,42,7317.781394
-423.410812,49,7317.993106
-230.153409,34,7318.130559
-211.681406,31,7318.256441
-138.816675,22,7318.344632
-244.941137,23,7318.434803
-223.081053,18,7318.509401
-262.266431,38,7318.659744
-131.253887,20,7318.73853
-310.486698,32,7318.874394
-181.268655,28,7318.98553
-351.878116,37,7319.136789
-337.007706,35,7319.271765
-260.686053,24,7319.369307
-237.165875,20,7319.449437
-292.236805,28,7319.566912
-359.022327,37,7319.712386
-358.869288,36,7319.862466
-360.107453,36,7320.00767
-244.351156,37,7320.156027
-157.914843,24,7320.252303
-157.780508,23,7320.34703
-379.476337,38,7326.60437
-141.825974,21,7326.697871
6.366256,30,7326.818393
-399.188223,44,7326.998341
-224.026848,19,7327.07551
-360.605664,37,7327.22239
-258.26579,26,7327.331979
-236.919286,46,7327.519074
-137.060209,23,7327.613327
-352.758463,37,7327.884773
-172.935919,27,7328.000935
-678.328503,101,7328.463493
-370.387878,37,7328.620087
-263.267352,26,7328.725062
-374.179086,43,7328.903108
-706.97719,99,7329.35289
-262.176605,27,7329.464857
-257.522844,37,7329.61184
-374.010365,37,7329.765554
-165.578712,37,7329.909896
-278.648614,53,7330.122153
-353.516026,37,7330.271309
-106.310647,33,7330.402315
-294.443018,30,7330.52149
-220.274335,33,7330.652848
-163.310548,25,7330.753005
-256.561387,23,7330.844476
-469.531473,51,7331.050887
-113.979103,18,7331.12421
-351.207845,35,7331.267291
-306.13468,30,7331.384519
-376.663936,37,7331.528089
-226.793266,33,7331.655103
-361.709862,37,7331.806568
-377.57401,37,7331.958659
-401.349378,55,7332.181086
-254.782663,36,7332.328695
-232.771028,34,7332.462355
-415.89644,52,7332.671222
-400.665272,70,7332.963467
-326.196854,58,7333.211023
53.38565,25,7333.387749
-353.313128,50,7333.735768
-165.379228,25,7333.914838
-243.037142,21,7334.074957
-156.150258,23,7334.257594
-261.086439,24,7334.479531
-371.297139,37,7334.909734
-267.961356,25,7335.179086
-289.879843,29,7335.500137
-247.372809,35,7335.918878
98.748439,51,7336.444604
-55.104226,23,7336.665742
-326.257131,34,7336.998898
-365.377583,37,7337.403592
-221.1553,33,7343.990246
-385.767588,55,7344.233121
-148.650717,23,7344.326545
-367.361785,37,7344.474363
-281.796144,28,7344.589763
-145.98412,24,7344.687752
-58.413316,24,7344.78794
-180.26498,27,7344.897381
-359.411884,37,7345.048417
-213.735763,31,7345.173184
-236.094876,20,7345.252362
-229.404666,19,7345.335041
-238.743293,36,7345.489332
-226.133122,34,7345.621526
-353.758451,37,7345.773402
-382.425135,37,7345.925756
-377.232155,37,7346.077679
-12.502151,31,7346.202328
-191.617848,40,7346.362517
-171.039084,37,7346.514446
-327.593399,35,7346.657758
-183.061869,27,7346.770354
-171.498067,37,7346.920146
-202.981917,30,7347.041392
-45.927663,46,7347.232052
-248.365769,79,7347.554693
-334.876013,47,7347.759217
-151.245589,22,7347.857091
-305.238837,43,7348.028079
-121.900076,19,7348.106732
-122.262134,19,7348.184076
-62.554074,24,7348.283193
-363.201323,37,7348.444228
-94.164136,30,7348.566968
-192.423097,71,7348.845793
-310.446237,33,7348.984359
-226.798167,21,7349.070301
-194.519778,28,7349.187329
-111.793694,31,7349.30978
-233.56583,21,7349.398449
-296.903954,29,7349.659063
-383.751276,37,7349.811974
-378.716106,41,7349.98732
-236.691431,34,7350.126936
-327.573484,46,7350.312402
-148.804063,22,7350.399918
-231.420498,34,7350.53671
-291.275315,29,7350.658351
-248.687123,23,7350.748401
-230.696396,20,7350.840243
-161.181347,24,7350.962568
-298.485494,45,7351.201452
-292.963229,28,7351.320133
-154.287489,24,7351.419285
-221.277028,19,7351.493445
-275.28631,28,7351.609025
-179.066302,27,7351.720789
-184.034884,27,7351.833877
-321.4262,34,7351.974271
-371.556564,37,7352.125257
-149.029415,22,7352.214744
-317.559084,34,7352.357104
-375.532358,37,7352.509387
-265.531448,26,7360.150993
-120.827452,19,7360.248702
-296.760081,31,7360.413215
-240.545536,23,7360.531696
-158.382194,23,7360.634467
-324.014812,33,7360.775678
-372.723806,37,7360.928594
-237.449754,20,7361.010645
-365.125151,37,7361.158613
-178.788687,27,7361.267173
-612.331384,71,7361.554519
-139.238072,21,7361.636513
-376.280705,37,7361.792713
-372.788995,37,7361.946629
-175.058061,27,7362.061829
-134.726213,21,7362.14467
-359.207505,36,7362.290748
-181.197059,28,7362.397985
-241.783635,22,7362.485824
-171.774435,26,7362.597652
-73.399835,27,7362.708722
-305.428971,32,7362.8552
-173.018897,42,7363.031775
-131.857938,20,7363.112852
-335.971537,34,7363.250341
-242.282798,36,7363.397685
-279.846539,82,7363.749507
-326.9862,35,7363.896775
-127.881889,19,7363.973381
-241.129796,22,7364.064668
-373.288722,37,7364.248281
-359.905234,37,7364.4218
-392.12152,41,7364.602697
-229.4645,20,7364.680917
-221.104863,19,7364.75754
-38.519841,21,7364.841471
-368.764546,37,7364.993292
-655.113473,68,7365.274831
-128.731849,19,7365.348791
-339.883727,34,7365.488564
-677.202694,101,7365.885676
-491.187003,53,7366.104027
-362.800565,37,7366.253723
-384.434696,42,7366.417825
-216.094228,32,7366.545685
-175.424522,40,7366.705105
-200.140022,30,7366.830141
-438.268395,46,7367.006282
-653.542581,101,7367.422503
-228.943721,20,7367.5034
-351.896678,37,7367.649688
-81.739186,29,7367.766746
-696.321436,101,7368.181964
-285.182165,27,7368.296894
-494.366331,56,7368.529421
-355.520234,37,7375.712344
-162.823031,24,7375.832367
-320.730338,45,7376.029652
-182.757279,28,7376.145765
-234.31642,22,7376.229644
-230.31558,19,7376.306548
-536.936149,55,7376.525384
-160.013889,24,7376.623632
-229.004126,21,7376.710701
-185.705817,28,7376.821603
-37.309204,21,7376.908361
-278.687666,27,7377.016576
-264.707171,39,7377.174502
-352.683972,37,7377.503785
-158.074318,25,7377.612997
-152.104241,23,7377.702913
-216.800052,33,7377.839604
-232.79608,20,7377.921573
-202.962704,34,7378.068681
-233.922017,33,7378.202588
69.783773,23,7378.294906
-227.371292,20,7378.375618
-161.238764,24,7378.473059
-453.453172,75,7378.805482
42.399706,23,7378.908187
-333.261267,35,7379.086111
-49.491363,23,7379.179334
-226.114296,18,7379.253056
-85.073025,39,7379.419437
-339.69554,38,7379.573348
-335.227925,35,7379.713045
-249.97448,96,7380.098585
155.588633,27,7380.211858
-314.402014,36,7380.358266
-356.389388,38,7380.515436
-220.536646,19,7380.595394
-171.153514,38,7380.742385
-370.75524,52,7380.946964
-305.953362,30,7381.066955
-287.455294,28,7381.179427
-263.961676,26,7381.283235
-356.936686,37,7381.430194
-477.985922,57,7381.661157
-169.351005,26,7381.765562
-184.012198,28,7381.882242
-303.173295,29,7382.000561
-235.986374,20,7382.079259
-283.239196,28,7382.193615
-367.217044,37,7382.340457
-224.822086,18,7382.41117
-210.17579,31,7382.537603
-218.427229,18,7382.606947
-359.655758,38,7382.764453
-71.370152,26,7382.88336
-639.429612,101,7383.630516
-48.485238,23,7383.811259
-155.292878,61,7384.36333
-330.146313,34,7384.767071
-152.772604,22,7385.093723
-260.957302,41,7385.666419
-381.069342,59,7395.023435
-110.86011,31,7395.196822
2.414814,29,7395.316906
-308.131187,30,7395.435999
-346.237188,37,7395.580327
-155.152074,37,7395.73508
-174.64755,26,7395.838105
-277.4197,26,7395.943642
-522.92295,59,7396.184415
-420.984743,45,7396.370478
-555.012983,80,7396.708369
-246.532508,23,7396.79745
-92.320102,29,7396.909677
-281.823483,27,7397.013466
-226.436197,34,7397.151196
-304.045901,29,7397.2702
-616.862571,64,7397.531013
-150.510363,23,7397.622968
-353.033484,53,7397.835907
-257.040488,36,7397.981715
-400.75456,41,7398.157339
-220.55575,31,7398.283216
-395.305861,39,7398.439177
-340.22362,39,7398.598185
-312.496485,36,7398.734072
-375.210941,52,7398.939969
-376.343631,37,7399.09625
5.652773,39,7399.252281
-190.197772,28,7399.362004
-246.822064,35,7399.503975
-370.274,37,7399.652632
-754.440354,101,7400.058781
-371.912117,37,7400.207411
-224.015633,34,7400.356578
-0.991262,46,7400.542354
-367.036124,37,7400.689459
-133.652648,22,7400.778844
-274.651085,27,7400.887851
-146.898791,23,7400.98069
-63.07057,24,7401.203217
-280.880373,28,7401.329532
-371.467857,37,7401.477962
-309.611891,32,7401.611325
-158.008912,23,7401.704059
-277.049455,41,7401.873065
-72.114853,26,7401.97621
-182.119165,28,7402.092747
-307.243098,31,7402.225987
-135.763565,21,7402.322431
-231.088142,19,7402.412739
-174.337823,28,7402.530589
-662.624514,101,7402.970416
-433.812671,47,7403.164223
-321.392252,33,7403.298083
-216.996018,18,7403.370929
-261.649201,39,7403.522938
-456.363242,48,7411.012927
-301.312867,54,7411.247603
-141.539495,36,7411.395299
-370.715289,37,7411.540662
-156.072565,37,7411.687022
-287.327414,28,7411.807776
-238.673029,36,7411.951848
-312.372811,44,7412.132981
-272.041052,27,7412.242682
-237.255954,33,7412.375052
-223.536804,20,7412.451903
-293.450985,29,7412.574187
-167.183065,25,7412.67537
-401.808216,44,7412.852265
-87.89143,28,7412.962085
-632.113693,101,7413.372753
-279.545454,27,7413.480549
-143.740994,22,7413.568441
-370.819067,37,7413.715175
-253.120649,36,7413.85946
-364.418741,37,7414.015472
-287.138536,28,7414.132543
-374.524063,37,7414.283166
-363.346841,37,7414.434695
-185.194719,28,7414.545863
-658.171979,101,7414.959709
-162.066858,24,7415.059398
-723.881327,101,7415.456901
-222.194832,32,7415.590953
-293.452583,29,7415.71222
-296.359278,56,7415.936202
-404.519592,44,7416.11249
-387.647611,40,7416.276797
-353.283799,37,7416.425382
-403.737716,48,7416.618873
-340.961933,35,7416.758157
-160.580545,24,7416.857599
-348.496113,35,7416.991673
-430.51596,46,7417.189461
-379.526866,37,7417.339745
-301.69687,29,7417.45287
-365.510936,37,7417.606498
-225.381834,20,7417.692594
-208.734641,31,7417.815442
-282.028003,28,7417.928214
-379.633527,37,7418.081057
-148.866118,23,7418.173447
-365.877281,53,7418.389852
-230.962433,34,7418.522866
-158.453878,24,7418.621187
-177.102426,27,7418.728467
-143.873407,38,7418.881561
-373.449751,37,7419.027378
-405.281127,44,7425.359538
-185.174182,27,7425.506658
-358.794019,36,7425.656916
-357.363917,37,7425.807835
16.149593,48,7425.99807
-315.718055,33,7426.13408
-722.703646,101,7426.546127
-255.244544,23,7426.642821
-152.362634,23,7426.73529
-258.236271,24,7426.831824
-228.231778,19,7426.910269
-105.65313,31,7427.036986
-36.112494,21,7427.122113
-77.231973,28,7427.237687
-140.695636,22,7427.328286
-324.895525,35,7427.614094
61.572576,66,7427.883383
-350.088922,37,7428.036485
-173.793582,26,7428.141122
-238.883269,36,7428.290713
-363.222664,37,7428.440342
-229.990848,32,7428.566019
86.650756,32,7428.706652
-313.945809,32,7428.839238
-187.873951,30,7428.961319
-338.169696,35,7429.100991
-226.432839,19,7429.17881
-358.630339,41,7429.351975
-363.809639,37,7429.503093
-77.240704,28,7429.622018
-485.64672,63,7429.908294
-374.857487,37,7430.086663
-371.367408,38,7430.239405
-376.625792,37,7430.388198
-375.848919,37,7430.538208
-295.981909,29,7430.657609
131.195526,26,7430.763494
-199.029983,30,7430.884221
-240.959362,22,7430.979769
-282.697273,27,7431.090332
-277.491195,26,7431.199744
-158.351658,24,7431.295484
-224.876468,19,7431.372615
-296.976343,29,7431.490406
-357.667701,37,7431.641704
-237.513991,36,7431.786756
-433.154629,47,7431.975415
-426.800952,47,7432.173316
-315.702276,31,7432.297017
-625.632559,101,7432.713071
-284.954852,28,7432.826211
-375.444595,37,7432.971968
-327.136894,33,7433.105826
-371.025869,37,7433.256561
-374.258722,37,7433.40503
-186.451714,29,7433.522856
-249.283064,35,7433.666844
-300.588493,29,7433.788077
-198.376811,32,7441.938268
-293.059474,30,7442.119168
-47.831009,23,7442.228238
-262.539371,39,7442.390202
-284.866095,27,7442.501212
-32.450855,20,7442.582369
-148.695123,22,7442.672542
-325.891651,34,7442.813539
-249.572457,37,7442.967886
-125.99487,19,7443.046385
-161.02525,24,7443.142533
-260.315928,25,7443.246106
-235.857664,20,7443.328198
-233.447361,20,7443.408181
-281.635161,29,7443.525846
-345.247586,35,7443.666648
-360.942625,51,7443.874284
-367.823001,37,7444.023834
-226.713208,19,7444.103627
-284.412326,27,7444.216319
-4.085486,39,7444.377754
-155.82232,23,7444.470174
-152.015151,23,7444.565211
-286.554187,29,7444.68706
-369.546509,37,7444.838801
-235.528247,21,7444.92358
-340.903821,35,7445.069564
-371.591816,37,7445.220757
-360.547354,54,7445.439891
-377.186188,38,7445.5916
-142.639123,22,7445.681599
-150.721936,22,7445.770046
-403.622596,43,7445.942854
-299.904337,29,7446.063824
-372.077144,41,7446.233634
-354.393119,37,7446.385637
-379.456669,44,7446.562904
-274.212651,27,7446.677554
-318.448867,32,7446.810646
-380.70441,37,7446.966107
-189.323052,65,7447.232311
-374.77092,37,7447.381781
-285.969058,45,7447.568083
-151.073807,23,7447.66562
-373.442996,37,7447.813354
-65.878816,26,7447.921383
-132.854103,20,7448.004751
-246.495742,37,7448.170581
-364.348016,37,7448.332713
-218.609595,19,7448.411768
-247.693977,37,7448.693371
-256.525902,37,7448.850776
55.121382,25,7448.955006
-520.629042,101,7449.366348
-295.396776,32,7449.496967
-393.532303,43,7449.670469
-62.5364,24,7449.774142
-284.789354,27,7449.907232
-62.734844,25,7450.016256
-198.735449,44,7450.225448
-547.090438,61,7450.475516
-280.474734,27,7450.586529
-307.194636,30,7458.275305
-371.047476,37,7458.454679
-159.689712,24,7458.551757
-175.625539,26,7458.659888
-290.896381,28,7458.765669
-147.211706,23,7458.860473
-357.841452,37,7459.008698
-343.852663,43,7459.174489
-363.680788,43,7459.353346
-635.39233,80,7459.677657
-320.798577,33,7459.813937
-227.865501,71,7460.105198
-158.625968,26,7460.208832
-239.781087,33,7460.340064
-144.240928,22,7460.426722
-246.708908,23,7460.515688
-368.042602,37,7460.665534
-294.206365,28,7460.775425
-374.78272,37,7460.924815
-163.606716,25,7461.030928
-275.964294,28,7461.146256
-332.517379,48,7461.34439
-303.162856,30,7461.461332
-189.881242,32,7461.588711
-393.507696,42,7461.758595
-393.807101,43,7461.937824
-574.117827,101,7462.346345
-417.232735,46,7462.528495
-238.06022,21,7462.611644
-327.801973,33,7462.743904
-252.749769,36,7462.882087
-260.620572,24,7462.974302
-365.05785,37,7463.11988
-173.668536,41,7463.286559
-176.86164,26,7463.388017
-540.652023,101,7463.782876
-166.802998,27,7463.889012
-241.292083,22,7463.981342
-603.636384,69,7464.259013
-441.578578,101,7464.659574
-279.003086,26,7464.769244
-327.312703,58,7464.997596
-49.844796,22,7465.083501
-253.602727,23,7465.176361
-363.243664,37,7465.323565
-280.95618,27,7465.437243
-328.678417,60,7465.675375
-299.352421,30,7465.789753
-347.912643,38,7465.943233
-361.424837,37,7466.092877
-444.508702,53,7466.305855
-235.577462,20,7466.384066
-387.50487,39,7472.595568
-242.805006,22,7472.700281
-74.407647,38,7472.857156
-103.956829,30,7472.979931
-376.646648,37,7473.126284
-162.746559,24,7473.22282
-372.848916,37,7473.372308
-134.352888,22,7473.459703
-253.334698,26,7473.56511
-315.050025,44,7473.743339
-303.384784,30,7473.8594
-373.693168,37,7474.006769
-280.790539,30,7474.126316
-238.699311,35,7474.262015
-370.837526,37,7474.408783
-152.511081,23,7474.497171
-208.989299,30,7474.616225
-237.303279,22,7474.705389
-305.485514,31,7474.831646
-179.527096,39,7475.119307
-264.194189,37,7475.273986
20.528831,29,7475.387101
-331.00797,35,7475.529171
-349.172472,36,7475.676787
-326.521118,34,7475.811993
-434.8268,49,7476.005765
-24.911562,34,7476.143816
-391.773783,54,7476.388202
149.580328,26,7476.505337
-126.817846,19,7476.590573
-479.86311,51,7476.803811
-198.617233,30,7476.928483
-387.620525,39,7477.085136
-77.306077,28,7477.202297
-281.195456,28,7477.31679
-493.763997,67,7477.578113
-279.939077,27,7477.680475
-373.510504,37,7477.830876
-271.40107,26,7477.935318
-242.523323,22,7478.028142
-657.966334,101,7478.448979
-300.511826,29,7478.566932
-277.881542,28,7478.679711
-110.392093,32,7478.807086
-253.31904,24,7478.904008
-170.15662,25,7479.004511
-357.745058,38,7479.159545
-369.736405,37,7479.306337
-282.738071,27,7479.416711
-312.55042,30,7479.53795
-323.031198,32,7479.67118
-331.69738,34,7479.925485
-133.927516,20,7480.012638
-158.286359,38,7480.172246
-271.725942,26,7480.27887
-289.743572,28,7480.391505
-274.100766,26,7480.520209
-169.483297,27,7480.674479
-50.710112,24,7480.791953
-524.723706,58,7481.204394
-621.318198,91,7489.388157
-253.211426,37,7489.546151
-251.757066,24,7489.644994
-216.477412,34,7489.781906
-292.425752,30,7489.907307
-281.512669,27,7490.015375
-293.307761,30,7490.137144
-239.468714,35,7490.280402
-251.912659,25,7490.381783
-271.953971,26,7490.48432
-460.568381,60,7490.732991
-168.524878,26,7490.835704
-352.80734,37,7490.9992
-389.687413,55,7491.230295
-207.911924,31,7491.356593
-369.395586,37,7491.510107
-149.740981,22,7491.602636
-402.681376,52,7491.810799
-225.336547,35,7491.948958
-368.123377,37,7492.100201
-359.232548,37,7492.255985
-153.307184,37,7492.407407
-260.099828,37,7492.558571
-265.470268,38,7492.768824
-139.398399,22,7492.886892
-150.538802,22,7492.980245
-267.796939,25,7493.080649
-137.641893,21,7493.162216
-366.665535,37,7493.311622
-236.487456,20,7493.388234
-277.519856,38,7493.54262
-255.615406,37,7493.6916
-243.881819,21,7493.772857
-157.732636,38,7493.927806
-157.814049,24,7494.026731
-345.409806,36,7494.17563
-141.282867,22,7494.266108
-166.7823,25,7494.363665
-52.173241,23,7494.455334
-374.749995,37,7494.60755
-513.489147,89,7494.966387
-223.090307,47,7495.158843
212.203308,28,7495.274237
17.299951,30,7495.396512
-419.977262,43,7495.574332
-299.452848,43,7495.747723
-382.820147,40,7495.909562
-243.169642,23,7496.003179
82.371494,26,7496.284186
-161.871374,24,7496.378654
-370.378214,37,7496.523293
-355.380754,37,7496.679622
-100.920533,30,7496.800208
-376.371175,37,7496.949576
-132.147159,21,7497.034626
-365.27964,38,7497.185102
-310.748378,46,7497.372511
-233.098942,19,7497.452711
-331.66659,34,7497.588856
-387.82478,37,7497.73925
-410.582198,44,7504.538359
-348.425123,37,7504.785951
-114.466072,32,7504.977888
-374.55569,37,7505.223523
-137.650667,21,7505.358436
-270.441265,37,7505.552845
-229.384793,19,7505.648725
-221.167348,18,7505.723314
-116.859776,43,7505.904013
-275.921745,53,7506.129889
-76.170249,44,7506.315175
-367.17641,54,7506.546902
-313.906226,32,7506.684119
-531.878586,60,7506.932069
-768.676141,101,7507.355451
-364.344623,37,7507.505195
-333.396013,34,7507.646082
-76.602891,26,7507.755451
-492.527911,74,7508.059772
-276.815247,27,7508.188522
-125.246101,20,7508.280396
-368.068562,37,7508.43635
-370.590967,37,7508.590287
-366.404316,37,7508.748392
-271.820661,37,7508.899018
-377.813978,42,7509.070508
-149.419494,37,7509.220262
-294.131485,28,7509.333605
-161.109834,24,7509.433228
-359.747519,37,7509.584812
-332.702836,32,7509.711418
-368.699772,37,7509.858968
-250.001635,22,7509.94693
-236.44707,36,7510.10302
-43.801641,22,7510.191558
-350.075514,37,7510.340141
-343.921748,34,7510.477732
-373.52097,37,7510.634194
-462.915777,51,7510.839857
-325.092409,34,7510.98057
-48.302983,22,7511.075037
-222.404611,20,7511.153296
-334.592499,33,7511.295164
-270.800675,25,7511.40305
-352.053065,37,7511.554624
-304.946632,43,7511.725359
-298.723879,30,7511.848495
-508.161324,57,7512.080616
-374.305516,41,7512.254667
-408.26076,46,7512.440183
-118.443682,19,7512.516484
-265.979731,26,7512.62793
-253.149975,25,7512.730542
-374.756421,37,7512.890752
-352.568404,37,7513.047085
-160.213579,24,7513.147343
-374.534564,37,7519.017749
-354.446022,37,7519.213267
-268.466526,37,7519.364883
-507.460827,67,7519.633535
-233.78773,21,7519.719715
-240.230992,22,7519.815
-136.842778,20,7519.896419
-368.743519,37,7520.052696
-170.603009,26,7520.160602
103.730461,66,7520.439079
-154.082304,37,7520.588325
-126.404818,19,7520.663117
-243.291181,24,7520.762735
-121.529491,87,7521.124138
-274.096882,27,7521.234496
-174.49488,40,7521.397312
-141.416327,22,7521.485691
-228.218214,36,7521.636186
-185.108988,27,7521.746727
-177.651595,28,7521.86107
-165.771267,25,7522.080788
-178.245266,42,7522.258289
-120.881409,19,7522.331731
-373.192715,38,7522.487821
-147.869836,22,7522.575635
-144.151565,22,7522.669576
-233.371602,20,7522.75291
-321.333195,43,7522.932789
101.732378,32,7523.067775
-262.854654,37,7523.224696
-40.620352,22,7523.328019
-309.066711,31,7523.466163
-663.753132,101,7523.90506
-350.350513,36,7524.053308
-382.276166,37,7524.20602
-79.58686,28,7524.320929
-162.545514,24,7524.419261
-358.721053,35,7524.568653
-372.536304,37,7524.72522
-54.927276,24,7524.828398
-347.6385,36,7524.978387
-291.046891,28,7525.093746
-175.15583,27,7525.204473
77.364347,34,7525.345489
-236.823955,49,7525.557067
-322.390199,34,7525.6962
186.949349,22,7525.787074
-126.019215,35,7525.927591
-247.374951,24,7526.029244
-237.365853,36,7526.174359
-254.764324,37,7526.325414
-317.726599,31,7526.446655
-276.467398,26,7526.552092
-307.130816,31,7526.675778
223.647911,26,7526.784116
-553.976386,101,7527.198036
-240.304569,22,7527.287452
-316.779681,32,7527.416765
-231.548153,20,7527.519045
-370.710291,37,7535.057789
-153.901299,56,7535.345644
-405.0342,41,7535.51528
-285.858641,29,7535.635735
-209.936349,30,7535.759218
-336.149948,34,7535.898884
-304.728938,44,7536.078665
-331.161762,34,7536.217072
-324.561048,33,7536.351174
-200.764126,30,7536.473284
-263.524025,49,7536.672395
-371.9111,37,7536.822022
-282.383393,29,7536.937708
-495.503953,101,7537.345326
-373.135583,37,7537.492046
-358.006675,36,7537.641432
-446.856974,50,7537.849093
-338.216503,35,7537.989122
-159.233382,23,7538.084687
-285.24523,28,7538.197389
-31.929374,20,7538.283405
-359.982157,37,7538.436673
-384.266397,41,7538.609436
-372.307873,37,7538.764215
-158.581951,24,7538.865712
-372.747413,39,7539.019279
-233.301441,19,7539.098832
-230.801657,19,7539.174718
-17.016441,33,7539.310619
-262.150223,38,7539.464093
-371.749359,37,7539.617546
-282.315193,29,7539.737778
-272.096576,37,7539.88646
-108.939676,31,7540.013518
-312.629688,32,7540.143874
-225.089039,18,7540.21403
-225.295227,18,7540.284451
-179.494977,28,7540.394827
-212.916231,34,7540.534306
-293.932266,57,7540.769799
-375.547564,37,7540.922816
-311.059624,31,7541.05253
-213.962657,34,7541.19294
-147.158226,23,7541.287868
-299.477829,30,7541.409964
-352.521491,37,7541.564189
-348.443125,47,7541.753604
-315.067182,31,7541.881981
-307.503908,32,7542.014697
-163.444335,26,7542.130944
-369.781882,37,7542.280955
-333.781964,33,7542.567055
-279.150851,27,7542.678256
-265.853572,37,7542.825751
-156.718401,24,7542.926303
-212.624485,34,7543.07812
-313.572387,32,7543.207071
-400.571539,41,7543.373203
-380.003941,37,7543.532267
-142.523035,36,7551.485448
-373.632153,43,7551.734897
-135.52563,21,7551.824275
-377.197926,37,7551.97979
-133.50942,34,7552.120774
-272.097357,27,7552.229545
-370.729714,37,7552.391254
-373.154444,37,7552.537056
-729.07712,98,7552.938628
-352.669178,37,7553.101006
-134.048172,21,7553.194563
-308.319917,41,7553.363886
-280.017287,40,7553.527796
-156.947306,23,7553.633772
-272.010204,39,7553.799392
-257.81958,37,7553.950498
-160.748587,25,7554.050702
-659.709481,100,7554.467772
-345.547192,37,7554.611841
-264.404848,42,7554.78453
-303.682531,33,7554.918738
-42.739164,22,7555.008256
-381.006177,37,7555.165004
-346.505119,37,7555.316261
-333.943181,35,7555.460131
-463.489095,71,7555.752936
-398.85097,41,7555.9297
-306.100396,31,7556.057474
-167.834775,26,7556.165308
-260.026753,37,7556.314968
-273.823593,45,7556.494916
-242.517533,21,7556.582853
-219.912489,34,7556.728232
-333.366416,33,7556.863554
-162.300032,24,7556.963342
-305.79067,31,7557.089191
-230.454934,20,7557.167713
-322.082043,46,7557.351895
-31.619535,44,7557.53127
-299.154192,29,7557.650062
-134.244541,20,7557.731887
-375.17187,37,7557.88534
-363.329213,37,7558.036032
-218.567589,19,7558.114993
-60.050724,24,7558.213317
-374.323221,37,7558.367775
-344.002549,37,7558.515823
240.561123,27,7558.634906
-179.525627,41,7558.809379
-230.813826,21,7558.896396
-207.641852,31,7559.021619
-265.768566,38,7559.184452
-368.074003,37,7559.337003
-605.469032,101,7559.746522
-431.254316,47,7559.937502
-153.312347,23,7565.764079
-354.325012,37,7565.958695
-219.43035,34,7566.108953
-340.775493,50,7566.318644
-283.840003,41,7566.487145
-62.875339,25,7566.59109
-206.748382,34,7566.728344
-304.554723,42,7566.89949
-170.093281,27,7567.013113
-151.536099,22,7567.104524
-223.353821,34,7567.240558
-363.923198,39,7567.400731
-134.064207,20,7567.482885
-193.653415,47,7567.673694
-221.565917,32,7567.803813
-262.973789,37,7567.954326
-277.027277,26,7568.063077
-137.196911,21,7568.16219
-365.805043,37,7568.336021
-371.59849,37,7568.490495
-368.887255,37,7568.642628
-380.701119,53,7568.860458
-182.665187,27,7568.975508
-417.809074,43,7569.148096
-377.47747,37,7569.48921
-133.902607,21,7569.575939
-259.945233,48,7569.769463
-65.203073,26,7569.874609
-274.674475,27,7569.982993
-222.763808,18,7570.058857
-119.786811,18,7570.132636
-368.680287,37,7570.280652
-42.323104,22,7570.371156
-359.282546,38,7570.532775
-135.00889,20,7570.634739
-132.217428,21,7570.728358
-356.137314,37,7570.910114
-497.464085,101,7571.328646
-95.876681,29,7571.442594
-372.439029,37,7571.589978
-253.234844,37,7571.736732
-249.588886,24,7571.836884
-373.26443,37,7572.001545
-243.914606,36,7572.160905
-365.707842,37,7572.316821
-261.837771,38,7572.474201
-357.272031,37,7572.628773
-182.112607,29,7572.743222
-270.112724,26,7572.858996
-372.921221,37,7573.035672
-21.182498,48,7573.246841
-140.768388,22,7573.335513
-72.456777,40,7573.4998
-699.170388,94,7573.884361
-245.531545,38,7574.044649
-370.192146,53,7574.282172
-256.8061,25,7574.387276
-213.43386,18,7574.481044
-565.054549,69,7582.759194
-171.958201,27,7582.873914
-183.713382,26,7582.988427
-378.497438,54,7583.216892
-246.100134,39,7583.376498
-151.677048,23,7583.472816
-352.627615,37,7583.622652
-444.491291,46,7583.813668
-174.343291,26,7583.92064
-289.933807,28,7584.035299
-51.694529,24,7584.132718
-490.06011,50,7584.333558
-223.006105,46,7584.526596
-599.680631,101,7584.939979
-364.794427,38,7585.099423
-252.721714,35,7585.240382
-303.758836,44,7585.417642
-285.643321,30,7585.542266
-307.277363,44,7585.724476
-160.007121,37,7585.878687
-229.416688,19,7585.958332
-337.992638,36,7586.113012
-318.867567,45,7586.295847
-374.002715,37,7586.445685
-489.624014,83,7586.799661
-360.978966,37,7586.947729
-348.092962,37,7587.099983
42.047291,54,7587.322837
-281.710204,28,7587.439543
-147.727289,23,7587.53375
-182.886428,28,7587.646001
-320.983877,32,7587.773518
-285.889968,42,7587.941572
-342.355538,35,7588.085372
-268.948966,25,7588.194216
-365.821137,37,7588.347827
-261.439825,25,7588.451934
-222.904642,18,7588.527742
-219.233014,19,7588.6072
-245.425845,25,7588.714177
-376.693269,37,7588.870791
-61.773248,24,7588.96585
-161.814326,25,7589.065465
-415.995126,57,7589.306636
-140.474815,21,7589.393811
-129.283951,20,7589.471647
-334.864894,52,7589.684336
-273.348714,26,7589.792177
-348.340601,37,7589.944658
-473.390979,66,7590.218563
-211.276908,34,7590.362636
-143.495571,21,7590.577592
-67.521789,26,7590.687113
-362.706509,37,7590.840961
-65.620207,27,7590.95359
-88.070709,29,7591.074919
-292.728185,28,7598.711665
-203.167451,30,7598.93584
-293.059465,29,7599.094405
-389.541229,42,7599.276392
-136.715687,20,7599.357986
-94.280886,29,7599.482614
-480.662992,67,7599.75815
-273.333623,25,7599.860816
-58.446212,25,7599.96063
-223.932801,18,7600.033045
-241.50946,25,7600.13675
-377.036597,42,7600.32415
-354.702766,37,7600.473196
-356.305454,37,7600.621304
-205.266497,32,7600.750098
-276.311356,42,7600.92932
-275.074065,37,7601.082486
-210.069544,33,7601.226762
-352.743622,37,7601.380158
-281.08573,27,7601.488777
-353.379377,37,7601.63741
-264.099441,36,7601.786411
-194.072614,31,7601.925461
-333.183249,35,7602.081288
50.355005,23,7602.17912
-56.025229,38,7602.332335
-255.319252,24,7602.429528
-277.323754,40,7602.597609
-62.533652,25,7602.699181
-171.105885,26,7602.802959
-244.842856,35,7602.947261
-407.196507,47,7603.137908
-361.756261,37,7603.282379
-363.260875,37,7603.423392
-376.900261,37,7603.587116
-376.788948,53,7603.806461
-360.430202,37,7603.956617
-691.74628,101,7604.367307
-65.532101,26,7604.471875
-222.440521,18,7604.542601
24.132107,31,7604.668417
-162.665726,37,7604.816822
-175.86545,27,7604.927261
-265.152813,26,7605.036302
-147.856515,22,7605.124975
-446.16837,46,7605.312951
-220.841884,33,7605.448441
-159.369595,25,7605.551943
-136.977453,21,7605.637948
-276.206701,27,7605.748861
-370.041507,37,7605.897079
-395.676459,43,7606.081117
-350.040961,37,7606.233228
-352.435776,37,7606.373485
-376.991283,44,7606.549311
-367.98939,37,7606.700685
-359.364986,37,7606.854881
-158.669363,25,7606.953011
-162.046344,24,7607.048124
-208.724608,33,7607.18494
-329.186837,48,7613.631358
-472.279618,56,7613.872988
-293.95049,29,7613.991641
-290.068317,28,7614.106409
-110.198483,31,7614.236407
26.030167,35,7614.386514
-385.891878,37,7614.535215
-284.357061,28,7614.651747
-172.700799,27,7614.759061
-371.956892,37,7614.908809
-75.565443,26,7615.01508
-301.373749,29,7615.136273
-367.272831,42,7615.308049
-165.771497,41,7615.475619
-133.65059,23,7615.571059
-261.294628,36,7615.723519
-26.851932,20,7615.806477
-183.526681,29,7615.923264
-374.346439,39,7616.078365
-230.122125,19,7616.156757
104.556282,35,7616.305841
-231.633489,34,7616.442991
-353.718466,101,7616.858439
-278.865573,27,7616.970889
-359.483856,37,7617.12478
-253.160213,67,7617.612121
-246.829928,38,7617.770982
-290.268853,40,7617.937265
-388.451026,41,7618.109619
-151.575717,23,7618.203906
-169.355857,26,7618.314267
-396.851333,42,7618.4914
-373.039366,40,7618.662467
-179.303796,29,7618.783441
-322.59875,33,7618.932341
-247.614931,37,7619.106156
-208.393705,30,7619.240892
-359.413445,38,7619.398033
-222.488992,19,7619.527533
-304.267821,89,7620.015736
-145.40878,22,7620.108678
-172.389521,27,7620.2163
-131.5734,20,7620.303796
-363.045189,37,7620.471787
-150.00286,23,7620.57172
-53.924026,37,7620.740163
-259.895071,37,7620.904421
-263.337205,37,7621.151139
-293.287635,28,7621.306966
-222.31992,18,7621.383455
-143.647039,61,7621.681013
-191.420681,29,7621.827119
-157.070141,25,7621.971013
-370.516742,37,7622.162066
-170.60904,26,7622.280688
-367.528915,38,7622.444414
-373.530936,37,7622.599473
-348.011863,41,7631.312912
-349.769521,37,7631.524214
-305.246605,30,7631.657549
-169.443408,25,7631.765797
21.943068,26,7631.877009
-374.081516,37,7632.033315
-84.624934,28,7632.147426
-185.466208,28,7632.26559
-281.960814,27,7632.378719
-222.022872,34,7632.520993
-284.925639,28,7632.638651
-185.422426,45,7632.834056
-302.126045,29,7632.954604
-378.20983,37,7633.115194
-12.66636,90,7633.487099
-207.507627,30,7633.611969
-44.430746,22,7633.702401
-174.228429,27,7633.810375
-199.855285,32,7633.933483
-368.888999,37,7634.083147
-385.54308,39,7634.248154
-275.604881,25,7634.352509
-169.174747,39,7634.51032
-266.080459,25,7634.620895
-276.768379,27,7634.750462
-240.962725,34,7634.885199
-141.398927,21,7634.971012
-77.200822,86,7635.323783
-307.914936,30,7635.449641
-379.655298,37,7635.597117
-292.156548,28,7635.711661
-347.598351,38,7635.868002
-129.163566,19,7635.945452
-412.066537,42,7636.117229
-279.324225,28,7636.239398
-243.115437,37,7636.398472
-326.77306,36,7636.551591
-133.680134,21,7636.639652
21.232893,62,7636.898669
-365.238002,42,7637.076352
-111.413126,32,7637.216406
-166.888018,26,7637.321763
-289.389058,42,7637.496488
-313.398296,46,7637.682144
-477.854454,55,7637.903509
-508.251035,101,7638.315559
-331.310523,36,7638.467133
-219.475089,18,7638.547907
-231.780675,34,7638.694435
-348.042206,37,7638.850096
-672.370837,101,7639.280451
-63.132763,40,7639.440154
-360.082013,37,7639.592102
-227.655239,21,7639.678563
-193.323745,30,7639.977099
-368.538261,37,7646.68865
-261.064416,25,7646.922008
-149.938905,22,7647.095929
-188.523517,30,7647.393854
-343.967735,35,7647.735933
-155.420804,24,7647.941843
-161.295878,37,7648.23581
-252.901946,39,7648.483509
-142.373562,22,7648.610335
-139.23264,35,7648.772673
-283.817497,27,7648.89801
-228.835465,33,7649.04556
-234.288566,22,7649.135864
-395.342276,44,7649.322119
13.64747,29,7649.449063
-169.875403,41,7649.618605
-291.352923,29,7649.73729
-289.740786,44,7649.920545
120.834887,28,7650.030842
-161.738594,24,7650.129857
-134.188094,20,7650.213221
-198.893127,43,7650.395809
-230.44004,20,7650.47943
-275.186455,30,7650.605296
-175.108059,28,7650.715894
-285.6984,28,7650.827209
-270.733047,26,7650.933167
-141.639357,21,7651.018796
-168.544818,27,7651.139476
-232.261485,19,7651.220281
-156.474428,23,7651.317476
-266.741846,26,7651.430036
-130.951427,20,7651.515943
-262.948862,36,7651.664054
-283.789565,27,7651.776134
-372.15942,37,7651.932036
-153.844614,25,7652.03623
-278.133448,26,7652.151389
-210.254333,31,7652.281339
-92.025019,28,7652.403648
-249.954524,24,7652.546683
-286.028286,39,7652.821468
-648.105356,101,7653.297579
-412.890002,46,7653.508377
-326.829342,33,7653.645116
-170.566815,26,7653.749161
-31.08698,20,7653.828449
-211.74544,32,7653.957469
-638.718163,71,7654.243372
-221.663472,20,7654.326326
-349.042035,57,7654.564039
-383.781188,40,7654.735654
-364.315217,37,7654.891085
-318.034315,33,7655.030122
-376.021996,37,7655.183438
-204.141371,45,7655.390299
69.759039,22,7655.533556
-165.671465,25,7655.639648
-159.818524,26,7655.749839
-255.773385,24,7655.851543
-310.051142,47,7656.042925
-372.177439,37,7656.190162
-308.576095,31,7656.317912
-284.100056,28,7662.491998
-344.518456,36,7662.71091
-277.55728,26,7662.834117
-370.783912,37,7663.002594
-287.970064,42,7663.182554
-297.920075,32,7663.306688
-156.522506,36,7663.452782
-559.171864,66,7663.735062
-176.338689,27,7663.849856
-268.191915,26,7663.956772
-355.234686,37,7664.107042
-631.237735,92,7664.488901
-308.08883,30,7664.614527
-252.298309,37,7664.768245
-171.512479,27,7664.879981
-181.905865,28,7664.993728
-301.197897,29,7665.113797
-345.690462,35,7665.256515
-367.698839,52,7665.472666
-339.746722,36,7665.621715
-369.145648,37,7665.774572
-93.20932,29,7665.894698
-250.554531,23,7665.986561
-155.682387,42,7666.157463
-242.840448,23,7666.282377
-279.077296,52,7666.791384
-361.898006,37,7666.982614
-369.354553,37,7667.158366
-423.20183,62,7667.537066
-228.206545,19,7667.61873
-266.763614,37,7667.770951
-164.746357,38,7667.937871
-303.532636,30,7668.06842
-200.392495,30,7668.199098
-277.732484,42,7668.389419
-233.986736,21,7668.478168
-617.975086,81,7668.876294
-362.527379,36,7669.041689
-309.630006,31,7669.175958
-367.183175,37,7669.332511
19.516529,30,7669.456536
-377.347018,37,7669.621458
-76.574527,27,7669.732025
-250.944052,37,7669.904347
-137.728824,21,7669.990512
-379.110148,37,7670.140525
-157.378897,24,7670.245524
-269.213146,25,7670.350305
-232.763548,19,7670.430193
-352.390748,37,7670.592008
-345.689694,50,7670.799176
-196.352438,28,7670.914338
-234.644249,20,7670.993481
-329.043884,36,7671.146187
-94.264275,29,7671.263156
-350.577139,35,7671.408525
-353.065263,37,7671.558743
-225.453972,20,7671.640737
-58.125706,23,7671.735547
-116.483138,18,7680.171019
-352.959853,37,7680.361156
-117.0274,31,7680.490678
-232.047014,21,7680.581589
-276.077536,31,7680.708856
-356.217754,38,7680.865149
86.181304,36,7681.021614
-299.342418,31,7681.149337
-460.146864,48,7681.35259
-369.308802,101,7681.768397
20.32046,32,7681.9069
-70.100351,57,7682.148661
-276.535414,26,7682.255428
-371.239925,37,7682.403605
-249.330462,37,7682.557719
-314.267596,34,7682.70598
-232.059682,19,7682.783683
-77.499091,28,7682.899811
-155.906035,25,7683.001525
-351.356169,37,7683.152199
-264.063727,38,7683.306213
-409.067029,61,7683.559832
-181.613808,30,7683.680577
-230.354948,38,7683.834468
-152.886325,25,7683.936943
-372.710537,37,7684.091144
-329.468287,35,7684.22964
-198.978061,32,7684.360418
-226.684196,20,7684.442712
-289.000659,28,7684.561306
-355.658689,37,7684.718253
-190.949199,28,7684.831516
-351.60977,37,7684.986696
-541.104127,101,7685.398617
47.096896,45,7685.590767
-256.038005,37,7685.740242
162.194639,23,7685.839709
-366.788387,37,7685.989676
-367.107273,37,7686.14831
-442.807097,44,7686.323198
-252.60586,26,7686.428273
-256.715345,37,7686.577961
-357.325103,37,7686.731175
-116.557008,47,7686.92403
-367.826541,37,7687.075207
-177.568745,27,7687.190311
-364.403777,37,7687.341274
-349.239119,36,7687.485298
-65.798672,37,7687.648992
-234.093539,20,7687.732731
-159.676832,39,7687.893305
-193.619378,29,7688.014896
-229.317023,19,7688.095654
-539.544938,74,7688.451847
-125.801724,32,7688.598968
-442.276213,69,7694.80573
-323.423253,33,7695.066202
-113.231264,35,7695.218756
-231.844597,20,7695.304821
-300.39257,29,7695.4333
-702.731973,101,7695.895606
-227.879404,20,7696.008804
-351.369422,37,7696.227933
-159.423595,23,7696.357877
-237.62795,20,7696.487387
-37.445214,21,7696.610296
5.244638,32,7696.77146
-214.887103,18,7696.865488
-297.093781,30,7696.995203
-31.04478,20,7697.079061
-281.07642,27,7697.194156
-570.495901,69,7697.487781
-220.63197,33,7697.623643
-87.217435,47,7697.826296
-358.128121,39,7697.984667
-235.35864,46,7698.179308
-291.906817,29,7698.298967
-248.491487,22,7698.388787
-66.509328,26,7698.495808
-515.148501,101,7698.92421
-307.16147,31,7699.05233
-129.407891,22,7699.138812
-171.990775,26,7699.249677
-359.741564,38,7699.40789
-226.18848,34,7699.55088
-364.928442,37,7699.70469
-156.246186,23,7699.799751
-365.067065,37,7699.961393
173.489178,22,7700.055105
-171.776444,75,7700.372112
-65.37206,26,7700.515727
-230.690715,34,7700.704794
196.768387,31,7700.909581
-509.471015,72,7701.436813
-379.095091,37,7701.754002
-684.936614,83,7702.299123
-233.492897,19,7702.400767
-169.389433,26,7702.534587
-103.640897,30,7702.754672
-466.652982,101,7703.743161
-366.728657,37,7704.085909
-254.30144,43,7704.28429
-270.088492,25,7704.384698
-231.407388,21,7704.471562
-195.520655,42,7704.639532
-207.868748,34,7704.775965
-454.677033,48,7704.969046
-359.476966,37,7705.124148
-299.638938,29,7705.244914
-262.619966,37,7711.726541
-169.820184,37,7711.894451
-265.989341,37,7712.046842
-367.168571,37,7712.198567
-161.430086,26,7712.304027
-367.226011,37,7712.454998
203.762429,23,7712.548937
-310.738748,44,7712.730812
-354.102124,37,7712.878179
-215.410493,32,7713.007092
-299.85978,45,7713.193723
-442.253202,49,7713.391198
-519.787191,58,7713.628922
-390.210297,42,7713.793828
-166.520521,26,7713.899359
-334.786536,36,7714.054419
-676.051151,101,7714.45557
-289.28357,27,7714.565601
-274.728691,27,7714.674462
-393.883905,44,7714.857805
-158.000472,25,7714.963508
-191.658425,44,7715.1453
-188.16022,31,7715.272366
-610.699542,101,7715.697033
-513.345001,68,7715.979497
-164.007643,24,7716.081989
-254.250444,37,7716.232826
-374.737448,37,7716.517048
-81.765478,27,7716.637033
-363.150446,38,7716.798887
-348.373576,101,7717.216306
-259.803018,24,7717.311594
-236.076094,36,7717.455579
-240.416493,47,7717.678117
154.828488,48,7717.893398
-153.99289,23,7718.023821
-282.00286,26,7718.128328
-274.402731,27,7718.250796
-359.972874,37,7718.402826
-376.551815,37,7718.550332
-362.896324,39,7718.712689
-38.747521,21,7718.801172
-355.394952,37,7718.951198
-233.894482,33,7719.095652
-450.194561,68,7719.377399
-125.930353,33,7719.509662
-363.887652,94,7719.884798
-382.985364,41,7720.056648
-109.521479,32,7720.186175
-365.039221,38,7730.456697
-269.412279,37,7730.634895
-256.61003,37,7730.789412
29.310478,27,7730.898829
-366.814815,37,7731.055562
-222.27202,34,7731.198265
-258.657844,25,7731.295396
-384.91415,37,7731.444987
-72.532486,26,7731.552974
-78.169144,27,7731.662342
-154.616962,24,7731.754127
-236.720456,20,7731.83057
-550.814432,101,7732.242994
-383.21708,41,7732.405273
-361.39954,37,7732.564314
-290.540951,29,7732.682731
-113.253119,32,7732.875214
-291.993867,28,7732.988986
-130.942559,33,7733.122782
-234.412651,20,7733.208015
-359.976503,37,7733.372038
-277.676439,28,7733.553687
-241.215634,22,7733.68396
-289.869479,28,7733.82755
-117.997615,19,7733.958432
-345.634781,61,7734.267425
-357.114572,37,7734.447472
-510.733124,52,7734.727337
-340.672164,34,7734.879217
-210.795098,32,7735.012977
-392.061179,44,7735.20019
-229.476749,20,7735.278341
-171.328614,28,7735.392202
-129.247881,33,7735.526983
-366.673611,37,7735.677529
-274.234363,37,7735.830186
-194.574608,32,7735.960427
-361.214105,37,7736.110198
-356.043443,37,7736.26123
-379.006943,37,7736.40862
-302.158838,43,7736.579564
-349.86895,37,7736.734927
-186.757791,42,7736.912486
-373.587479,37,7737.070115
-266.375255,37,7737.213826
-38.427028,21,7737.295518
134.739335,38,7737.449382
-240.982035,22,7737.534144
-364.588627,37,7737.679953
109.322981,29,7737.798622
-260.226873,37,7737.950517
-360.800894,37,7738.096368
-345.41252,35,7738.239588
-65.130216,27,7738.349793
-178.893962,27,7738.463572
-370.324231,37,7738.606657
-509.983493,57,7738.841716
-131.663665,20,7738.923836
-253.07536,55,7739.142029
-265.378798,37,7746.409749
-246.580874,35,7746.571129
-352.910556,37,7746.731969
-373.074863,37,7746.887413
-361.27639,36,7747.229428
-97.68146,29,7747.359379
-226.445489,34,7747.494267
-357.580869,37,7747.657077
-334.00268,35,7747.801846
-376.669998,37,7747.966519
-136.715211,52,7748.213808
-365.882414,37,7748.405906
-314.824546,33,7748.646901
-374.231885,37,7748.866054
-330.250633,34,7749.031549
-369.453708,37,7749.205124
-140.730922,21,7749.294729
-263.861358,25,7749.401139
-231.147915,34,7749.546139
-183.535866,27,7749.659979
-350.137453,37,7749.809382
-133.085531,21,7749.899158
-115.824316,49,7750.104559
-253.88086,26,7750.207235
69.414711,37,7750.364671
-286.220186,29,7750.484206
-532.433695,91,7750.868387
-380.794865,37,7751.026363
-341.803325,36,7751.184301
-355.86217,37,7751.339216
-375.50034,37,7751.490544
-220.651772,18,7751.565281
-358.054231,37,7751.717749
-351.348448,37,7751.865536
-359.070205,37,7752.014414
-169.91266,26,7752.12799
35.955534,53,7752.347972
-481.451161,52,7752.565363
45.586553,24,7752.725317
194.10588,25,7752.913738
-227.402,18,7753.103745
-181.841254,27,7753.305318
-388.356418,48,7753.68089
-159.095217,26,7753.937203
-52.059029,23,7754.171839
-378.769205,53,7754.608382
-268.304431,27,7754.859477
-347.984963,36,7755.121828
-370.377247,37,7755.371082
-281.614764,42,7755.859615
-230.571735,21,7756.098667
-216.273774,33,7756.521568
-363.540143,37,7756.916225
-382.507311,37,7757.3426
-184.84773,40,7757.833835
-350.61806,37,7758.024387
-612.860208,74,7765.885348
-145.41527,22,7766.014704
-264.224619,25,7766.145134
-179.880037,29,7766.267569
-411.247877,44,7766.44822
-365.490071,37,7766.600089
-482.436802,76,7766.912009
-121.931944,34,7767.052375
-192.913016,29,7767.164794
-229.158176,19,7767.24108
-371.702152,37,7767.394362
-396.363282,45,7767.574784
-287.916786,30,7767.700638
-367.426,39,7767.858543
-154.136627,37,7768.009462
-364.677703,37,7768.164146
-34.388754,20,7768.244293
-363.815485,37,7768.390721
-212.712519,32,7768.523465
-239.593619,22,7768.616382
-369.542152,37,7768.761986
-329.362936,46,7768.950272
-211.67356,31,7769.079278
-262.173021,37,7769.234334
-390.830595,54,7769.452057
-18.990463,32,7769.588352
-255.409369,38,7769.734852
-347.22087,35,7769.885774
-352.802529,37,7770.043014
-368.450306,37,7770.193883
-216.938941,33,7770.326596
-362.46228,37,7770.500865
-51.582895,23,7770.597356
-33.304243,20,7770.68005
-219.520754,33,7770.814053
-102.71645,30,7770.936405
-229.063439,21,7771.014745
-240.508969,35,7771.306789
-157.25962,38,7771.470613
-227.630798,19,7771.543114
-224.825779,35,7771.684434
-415.670575,58,7771.917534
-335.921575,35,7772.061093
-134.497296,20,7772.141802
-343.771893,35,7772.281087
125.773652,29,7772.413884
-281.19872,41,7772.627178
-619.081259,101,7773.087296
-168.617174,25,7773.186563
-192.181265,47,7773.380423
37.169641,24,7773.476213
-438.330043,51,7773.687103
-34.640141,20,7773.764494
27.430571,34,7773.897551
-370.311229,37,7774.053052
-556.984879,62,7774.305552
-270.220429,39,7774.459392
-372.563502,37,7785.09111
-252.441885,22,7785.229047
-372.96046,40,7785.419364
-163.224206,24,7785.526678
-225.782539,32,7785.660937
-134.469493,21,7785.750732
-253.974118,82,7786.09257
-285.578752,31,7786.215348
-212.528393,45,7786.398497
-282.742202,28,7786.515788
-365.487896,37,7786.670831
-139.477806,22,7786.762607
-193.640928,31,7786.89356
-320.070533,50,7787.110122
-353.675079,37,7787.267443
-63.081136,37,7787.419334
-225.444196,18,7787.493259
-327.325909,33,7787.636497
-364.061252,37,7787.800195
-62.760539,26,7787.906518
-257.85747,37,7788.060678
-249.904654,37,7788.216452
-380.311608,38,7788.365966
-73.55415,26,7788.468065
-134.842645,21,7788.557184
-244.971451,36,7788.70274
-234.359609,36,7788.847909
-223.166996,18,7788.917593
-320.012873,45,7789.098955
-307.625096,32,7789.230972
-227.938334,19,7789.30782
-70.974278,56,7789.540862
-418.111778,44,7789.725067
-149.990232,23,7789.823784
-243.473853,22,7789.910136
-147.205491,22,7789.995792
-251.487961,37,7790.148371
-320.026405,33,7790.283308
-175.358518,39,7790.441554
-371.914229,37,7790.591823
-180.838649,26,7790.698201
-355.475036,37,7790.850876
-360.334674,38,7790.998435
-211.403613,32,7791.122109
-234.076274,19,7791.196174
-183.8579,39,7791.358601
-349.836585,37,7791.502725
-201.513772,30,7791.629273
-360.891085,37,7791.777419
-282.818685,41,7791.940164
-367.088251,37,7792.092818
-53.669146,23,7792.1871
-61.081103,25,7792.290334
80.51523,37,7792.444494
-306.033407,30,7792.566819
-325.151135,33,7792.702972
-205.577978,43,7792.874663
-322.063154,47,7793.071655
-150.311571,22,7793.16002
86.329753,34,7793.302
-368.701244,37,7793.451484
-198.038578,29,7799.278225
-203.521567,32,7799.467541
-135.888481,21,7799.570071
-154.20365,35,7799.721011
-248.376748,24,7799.823022
-257.533586,25,7799.930872
-360.116075,38,7800.086368
-157.647571,24,7800.185213
-239.743205,36,7800.335509
-371.853489,37,7800.628774
-352.482954,37,7800.78809
-86.909584,28,7800.915158
-174.29768,39,7801.077941
-405.535594,48,7801.276193
-227.771472,70,7801.564955
-306.686192,32,7801.694953
-361.296101,36,7801.862593
-706.055622,101,7802.321016
-160.720325,24,7802.426424
182.148382,20,7802.510997
-310.421808,33,7802.650598
-375.811167,39,7802.815634
-80.562456,28,7802.92929
-173.379413,39,7803.096531
-238.44592,20,7803.176417
-222.423774,47,7803.373201
-1.708522,47,7803.5666
-379.342864,44,7803.7648
-182.37589,41,7803.935439
-262.396903,40,7804.102433
-132.90071,21,7804.188791
-376.812415,37,7804.347151
-207.16883,31,7804.482247
-259.9556,24,7804.580754
-220.557914,33,7804.718063
-156.380779,23,7804.814575
-108.769964,45,7805.002701
7.51507,31,7805.134928
-273.024766,26,7805.244183
-374.734948,37,7805.397421
-235.541571,35,7805.542977
-148.642051,22,7805.636013
-313.740396,37,7805.791263
-364.368116,37,7805.946192
-67.55887,27,7806.086801
-473.254664,47,7806.38769
-516.911051,101,7807.111207
-372.199717,37,7807.409341
-400.007816,59,7807.893515
-488.395964,58,7808.290147
-87.225665,28,7808.486291
-300.358778,44,7808.713503
-190.435066,28,7808.853
-367.407846,37,7809.009633
-384.048474,44,7809.19386
-180.705768,40,7815.53704
-225.01805,34,7815.69105
-86.579199,29,7815.808761
-291.875507,28,7815.925134
-136.821692,20,7816.005404
-229.691644,19,7816.079225
-412.882442,42,7816.257684
-241.81049,22,7816.346466
-349.124316,36,7816.496629
-156.829709,37,7816.642714
-316.269339,45,7816.821625
-227.278212,19,7816.898265
-252.769581,37,7817.04518
-223.833447,18,7817.118901
-349.674195,37,7817.270317
-335.569911,34,7817.413273
-298.433797,43,7817.585159
-260.879974,37,7817.734985
-309.012436,42,7817.913053
-172.151685,27,7818.025466
204.110559,20,7818.106099
-138.338215,22,7818.196662
-383.13297,39,7818.351739
-347.621164,35,7818.493578
-232.187904,19,7818.568691
-504.553233,60,7818.812967
-379.266487,40,7818.975387
-245.811049,21,7819.06457
-229.055826,19,7819.137613
-55.32223,24,7819.234899
-251.259311,37,7819.382047
-297.655201,31,7819.508002
-372.077458,37,7819.664687
-230.115568,36,7819.819588
-257.322579,53,7820.03011
-358.665601,37,7820.183063
-165.267524,25,7820.285238
-71.302114,26,7820.391645
-230.659255,19,7820.472003
-258.50717,37,7820.61949
-268.788113,26,7820.730045
-122.030484,19,7820.806395
163.240119,23,7820.899176
-356.416971,59,7821.287858
-355.459987,37,7821.44234
-308.199504,31,7821.56745
-237.036955,35,7821.717843
-340.354473,50,7821.927551
-255.658603,25,7822.031793
-538.115379,59,7822.284413
-360.258716,37,7822.460835
-364.877179,37,7822.635614
-274.723961,28,7822.75391
-130.885115,19,7822.828845
-366.76467,39,7822.991344
-592.733966,89,7823.352319
-183.028399,26,7823.460441
-293.633098,42,7823.633883
-390.261165,37,7823.788503
-163.605088,38,7823.943343
-256.096299,24,7832.362337
-364.488831,37,7832.574389
-255.120119,24,7832.683358
-163.694561,37,7832.849981
-217.391984,33,7832.989528
-434.355121,44,7833.175589
-210.349733,32,7833.309079
-323.040108,33,7833.445318
-356.343377,37,7833.601129
-216.708324,32,7833.735569
-203.056538,77,7834.053381
-374.458013,37,7834.203056
-36.471805,21,7834.291767
-363.123899,37,7834.444341
-415.839077,55,7834.670015
-456.492312,48,7834.86784
-184.614895,27,7834.991173
-231.509906,19,7835.077129
-292.209176,43,7835.255015
-195.532014,29,7835.376009
-190.925302,29,7835.495918
-132.594319,53,7835.71222
-172.504686,26,7835.816632
-299.439536,43,7835.993849
-139.588221,23,7836.089998
-173.93316,26,7836.195467
-205.722378,32,7836.330559
-495.715284,101,7836.747305
-281.556874,56,7836.977014
-240.778107,22,7837.068378
-359.074533,37,7837.21668
-367.039552,37,7837.377335
-229.035867,20,7837.459308
-226.672446,19,7837.536451
-224.643845,32,7837.665816
-236.709002,20,7837.749131
-97.934485,29,7837.869862
-749.922379,101,7838.291242
-237.410591,22,7838.380352
-232.803653,50,7838.583528
-264.733096,25,7838.689921
-374.805077,37,7838.860137
-298.104964,29,7838.984252
-237.83949,21,7839.073197
-146.969942,22,7839.165592
-131.804578,21,7839.25105
-377.008427,37,7839.402346
-279.963638,27,7839.51388
-621.115138,101,7839.935526
-128.862742,20,7840.020386
-637.357476,76,7840.350386
-70.932976,27,7840.46195
-207.674111,29,7840.580276
-473.497356,80,7840.913406
-152.561145,24,7846.777501
-251.892843,49,7847.030786
-136.117676,21,7847.120757
-80.891021,46,7847.30876
-261.682042,37,7847.456795
-265.569876,37,7847.608949
-394.727903,53,7847.825706
-271.72672,41,7847.999985
-174.777925,28,7848.119123
-9.286337,32,7848.249006
-130.920365,20,7848.465421
-223.837061,19,7848.552217
-58.848507,38,7848.714056
-251.590347,22,7848.801281
-120.990887,18,7848.876974
-368.198051,37,7849.0267
-256.345061,37,7849.179459
-262.093693,37,7849.330386
-266.851761,41,7849.49728
-68.832136,26,7849.605442
-82.719768,27,7849.716794
-355.928435,37,7849.862663
-185.213288,30,7849.986549
-356.109244,37,7850.147524
-409.660074,44,7850.324303
-357.147457,37,7850.479958
-236.006989,34,7850.630168
-224.793236,19,7850.712406
-260.734275,37,7850.863242
242.295833,57,7851.101985
-368.804494,76,7851.454963
-37.306296,21,7851.552101
-163.539936,26,7851.65952
-324.666442,33,7851.797147
-389.293695,41,7851.972713
-282.616952,27,7852.083211
-163.41969,25,7852.188828
-399.86402,43,7852.37051
-264.675442,26,7852.480239
-705.105066,83,7852.831233
-235.053805,20,7852.911625
-307.016787,31,7853.038427
-375.631268,37,7853.195632
-183.222547,29,7853.31768
-374.767317,66,7853.58717
-76.64577,27,7853.699936
-94.32147,28,7853.830244
-375.844407,37,7854.04272
-223.290325,18,7854.133551
-366.863934,37,7854.285497
-111.124938,31,7854.416808
-277.577411,28,7854.534289
-254.954316,37,7854.685695
-215.023018,35,7854.828847
-382.110911,40,7854.991008
-356.616462,37,7855.145691
-232.142787,19,7855.223696
-183.504818,27,7855.342982
-225.000348,19,7855.456702
-358.947439,37,7862.383072
-336.500877,55,7862.678104
-291.33493,42,7862.857454
-366.655523,37,7863.009257
-226.578813,19,7863.088772
-353.088882,36,7863.234023
-225.577832,19,7863.310723
-260.810098,37,7863.466193
-360.374714,37,7863.61799
-355.562465,37,7863.771068
-322.305138,31,7863.89816
-402.320884,45,7864.085107
-283.915391,41,7864.249275
-196.519263,29,7864.394402
-290.23194,40,7864.591515
-129.852339,20,7864.689788
-325.409869,32,7864.844249
-159.18442,25,7864.976533
-293.565708,43,7865.212488
-274.621749,27,7865.334075
-235.609692,22,7865.43664
-238.336701,20,7865.523286
-300.311106,29,7865.651471
-338.527902,35,7865.796303
-80.747952,28,7865.913631
-162.400152,24,7866.01155
-163.397653,25,7866.118574
-615.701093,72,7866.415943
-72.114059,27,7866.52709
-147.953754,22,7866.621458
-562.132844,61,7866.875324
-195.928342,29,7866.995999
-248.048577,23,7867.092704
-430.21478,45,7867.282103
-228.887667,21,7867.367251
-292.915914,42,7867.537466
-181.662365,27,7867.652259
-231.835468,19,7867.729386
-251.633967,36,7867.878987
-255.770125,37,7868.033806
-146.555765,35,7868.219294
-206.681486,31,7868.370162
-227.105893,96,7868.908357
-65.653138,24,7869.00907
-134.444656,20,7869.098855
-365.205305,37,7869.2522
-150.363314,22,7869.346613
-161.220699,24,7869.443889
-270.28989,25,7869.547584
-284.309184,27,7869.65709
-106.415348,31,7869.794581
-98.974834,29,7869.925026
-300.651858,29,7870.050251
-264.949892,25,7870.171928
-266.180412,25,7870.28191
-220.380516,34,7870.450698
-171.065922,37,7870.604522
-276.431008,27,7870.718459
-66.856347,44,7870.907194
-368.477778,37,7871.056391
-261.54894,37,7871.211887
-225.852161,33,7871.346747
-371.757539,52,7879.961598
-250.1527,23,7880.069658
-221.13278,19,7880.148828
-414.723904,45,7880.339463
-336.290011,35,7880.487344
-362.720366,37,7880.639842
-284.295043,27,7880.751483
-250.60002,23,7880.850439
-311.811718,42,7881.021807
-201.385491,32,7881.164341
-498.63038,52,7881.377552
-269.862104,25,7881.480435
-295.824099,30,7881.606363
-318.247641,32,7881.735058
-408.141266,57,7881.967791
-283.059776,42,7882.136818
-376.672588,37,7882.28579
-208.733995,31,7882.41098
109.886528,28,7882.533593
-611.458787,101,7882.951789
-274.148341,54,7883.176449
-234.835624,21,7883.259844
-141.925132,22,7883.350689
-224.00595,32,7883.486025
-198.280316,29,7883.606795
-361.43423,37,7883.757819
-179.744487,29,7883.878831
-308.614339,54,7884.101716
-208.527508,30,7884.229665
-686.41785,101,7884.651116
-392.751737,41,7884.818232
-317.603533,34,7884.956035
-141.616811,22,7885.048806
-152.737878,38,7885.20652
-295.959684,52,7885.420453
-515.772166,56,7885.654718
-150.152134,23,7885.748788
-307.175934,30,7885.873691
-174.922079,25,7885.974659
-115.67882,32,7886.11027
-256.109959,37,7886.264418
-201.960453,32,7886.39513
201.901878,26,7886.499175
-259.592612,37,7886.655843
-309.60322,32,7886.788544
-254.102473,24,7886.892911
-445.630725,45,7887.085629
-234.28255,21,7887.174136
-259.665532,37,7887.324956
-197.238197,44,7887.499836
-207.107157,45,7887.68561
-311.463571,45,7887.864393
-162.107065,25,7887.965707
-309.032999,30,7888.085055
-229.68292,46,7888.276208
-162.842901,39,7894.147071
-282.614274,28,7894.28843
-282.804027,26,7894.395249
-324.256278,33,7894.531442
-172.424764,27,7894.640509
-333.891263,35,7894.785894
-319.208589,33,7894.920105
-413.039408,47,7895.114928
-232.543397,20,7895.198441
-231.598404,19,7895.27419
-353.654984,36,7895.420268
-365.733262,40,7895.587583
-327.930993,34,7895.73201
-246.796629,36,7895.881697
-253.292255,35,7896.024193
-282.584601,31,7896.339955
-280.607185,27,7896.458563
-294.032789,44,7896.64957
-376.232315,37,7896.808586
-331.785684,33,7896.948001
-372.312538,42,7897.125952
-253.33554,40,7897.288547
-134.235638,20,7897.371773
-422.298697,47,7897.603605
-315.834311,56,7897.879812
-410.654572,56,7898.113787
-74.426921,38,7898.287011
-315.302744,31,7898.413133
-245.031552,35,7898.559549
-399.271304,75,7898.883847
-375.523583,37,7899.03549
-72.259971,27,7899.146318
-363.464031,37,7899.293751
-336.052183,36,7899.441654
-349.846458,37,7899.597275
-354.008028,39,7899.758917
-352.044867,37,7899.908968
-151.793384,23,7900.002406
-261.227122,38,7900.168361
-145.458128,22,7900.259245
-304.444747,46,7900.447238
-390.662183,41,7900.620733
-637.603262,101,7901.040582
-350.778747,37,7901.197671
-260.195651,37,7901.349351
-370.801539,37,7901.498214
-229.492277,20,7901.578918
-417.477389,56,7901.893514
-277.35642,39,7902.120232
-118.89718,19,7902.263823
-273.003459,41,7902.588249
-423.207887,58,7903.02255
-142.158993,23,7903.169677
-184.974928,28,7903.406234
-144.196045,22,7903.558557
-277.207696,37,7909.628867
-398.107466,43,7909.854497
-272.627374,25,7909.957601
7.916552,28,7910.077803
-159.322207,24,7910.175254
-349.287539,37,7910.333369
-332.231964,46,7910.522646
-94.807749,30,7910.646455
-125.337508,19,7910.724759
-298.048631,30,7910.84689
-225.782179,19,7910.924742
-164.943305,26,7911.031189
-51.055371,23,7911.131622
-235.907544,20,7911.212284
-263.215284,37,7911.370657
-287.795743,41,7911.539649
-180.046827,28,7911.652079
-222.736732,19,7911.724658
-292.339275,30,7911.84628
-452.385063,65,7912.11097
-321.685508,32,7912.23541
-243.876431,39,7912.395534
-248.499597,24,7912.495991
-280.880541,27,7912.606049
-354.289393,37,7912.757137
-344.410987,54,7912.985214
-205.577817,36,7913.13086
-360.02399,37,7913.282076
-237.033758,36,7913.429402
-251.518897,37,7913.588417
-268.135926,27,7913.697447
-377.986479,40,7913.858362
-353.936098,37,7914.007151
-663.164136,101,7914.414537
-351.563736,37,7914.559631
-378.403698,37,7914.707424
-357.265501,37,7914.854622
-356.109493,37,7915.013514
-148.930908,23,7915.107797
-180.317241,26,7915.2176
-223.681882,19,7915.295385
-353.577454,38,7915.445087
-194.119152,33,7915.580316
83.284644,36,7915.730543
-227.187431,18,7915.807302
-232.876899,21,7915.89186
-218.237271,46,7916.203417
-170.736669,37,7916.359376
-169.03837,57,7916.597281
-113.088096,43,7916.774325
-229.880987,34,7916.910772
-270.535515,25,7917.020174
-374.008004,52,7917.235593
-258.096799,23,7917.330021
-306.98522,54,7917.544255
-237.055187,36,7917.687256
-433.809784,48,7917.883547
-190.895734,30,7918.011373
-482.067581,101,7928.094767
-367.517195,37,7928.289264
-270.079064,27,7928.405972
-417.233059,47,7928.613213
-266.798855,26,7928.726837
-182.517377,44,7928.911889
-354.779289,37,7929.063539
-179.518158,26,7929.170196
-317.128692,32,7929.305239
-312.576212,45,7929.493273
-121.114514,19,7929.572744
-65.711645,51,7929.783832
-169.499647,27,7929.895014
-284.07262,38,7930.061572
-371.390432,37,7930.227619
-36.789171,21,7930.313684
-237.682222,21,7930.397633
-212.459349,45,7930.580134
-34.747941,20,7930.661609
-620.846296,101,7931.086932
-315.810116,56,7931.322662
-89.431048,30,7931.450792
-453.226218,101,7931.866358
-43.891391,22,7931.958353
-263.202656,26,7932.064744
91.310388,33,7932.207764
-280.847605,28,7932.318958
-436.993836,48,7932.520629
86.141262,29,7932.638475
-369.951519,37,7932.785065
-235.626958,20,7932.882309
-529.892904,58,7933.15276
-139.477363,21,7933.238554
-210.306316,92,7933.616525
-255.654141,24,7933.717289
-346.645798,37,7933.866746
-268.133623,27,7933.978432
-288.859774,28,7934.097164
-373.87153,37,7934.252217
-375.067462,40,7934.42123
-36.616061,20,7934.502383
-187.858841,30,7934.627351
-321.658778,47,7934.819842
-184.555006,27,7934.934753
-136.02356,20,7935.018189
-334.748092,48,7935.217286
-618.82842,101,7935.652005
-254.451965,25,7935.752554
-57.899528,24,7935.855229
-369.776775,37,7936.006265
-354.036538,37,7936.162559
-241.612236,21,7936.24743
-310.120525,31,7936.379645
-716.047578,83,7942.470603
-426.970444,46,7942.680549
-314.198437,31,7942.806711
-343.335908,36,7942.958527
-125.863183,34,7943.096777
-131.938916,21,7943.182124
-260.793224,23,7943.275426
-128.163001,33,7943.411509
-458.794977,60,7943.659093
-374.989662,37,7943.813812
-243.764934,22,7943.900681
-547.107687,101,7944.315845
-391.836935,43,7944.493651
-762.058989,85,7944.965942
-225.15298,18,7945.044129
-222.294982,55,7945.277855
-187.558194,31,7945.407221
-356.00253,37,7945.559971
50.262773,51,7945.772468
-182.887553,41,7945.94701
-308.264483,45,7946.171282
-317.976787,57,7946.432807
-347.505959,36,7946.581442
-141.586701,22,7946.673677
-322.10968,49,7946.882199
-215.619972,35,7947.041689
-362.559391,37,7947.197516
-195.224124,44,7947.383175
-374.269452,37,7947.53802
-154.757884,23,7947.634973
-650.105518,101,7948.061259
-369.919384,45,7948.249436
-374.594861,37,7948.407913
-352.42415,36,7948.558121
-316.905394,44,7948.73773
-189.116391,43,7948.916648
18.5857,27,7949.025273
-160.179445,25,7949.126502
-350.362164,37,7949.27554
-517.35762,64,7949.543673
-256.939138,39,7949.715873
-282.886844,27,7949.825604
-173.657114,45,7950.009959
-432.451894,63,7950.327097
-410.943975,44,7950.566257
-120.877408,19,7950.672887
-179.28995,29,7950.887646
33.951776,39,7951.187365
-580.739553,76,7957.933956
-361.617167,37,7958.096823
-255.989926,37,7958.275652
-241.019977,22,7958.39222
-152.260366,22,7958.501347
-368.991545,37,7958.66271
-152.478762,38,7958.833341
-158.233054,26,7958.941264
-129.423961,19,7959.020741
-320.121449,33,7959.156214
-197.337697,32,7959.292296
-221.275038,33,7959.427122
-270.239947,27,7959.536534
-234.452648,21,7959.619676
-202.783175,30,7959.745517
-595.157059,101,7960.15829
-130.194721,34,7960.302049
90.867282,21,7960.397416
-557.23951,62,7960.686445
-351.209818,48,7960.914383
-243.782079,36,7961.098652
18.231217,45,7961.305273
-131.139808,19,7961.389361
-375.134247,39,7961.549065
-339.500117,36,7961.701998
-234.268329,35,7961.862726
-315.873161,45,7962.048706
-353.903758,37,7962.213182
-164.960346,37,7962.370688
-235.204702,35,7962.515286
-408.154642,53,7962.732842
-367.375723,37,7962.883625
-582.486277,62,7963.154235
-297.108427,29,7963.276422
-431.498888,47,7963.480794
-258.784967,37,7963.637457
-155.533983,23,7963.731721
-287.326274,29,7963.850159
-311.563509,30,7963.974764
-319.834066,31,7964.104825
-118.338859,57,7964.343904
-223.560749,34,7964.485097
-522.609986,63,7964.753653
-350.89571,37,7964.907191
-795.172026,99,7965.478501
-283.183181,27,7965.592161
-306.503082,32,7965.729271
-373.603289,37,7965.884795
-276.35764,40,7966.052957
-167.604076,26,7966.159667
-398.465837,44,7966.345001
-166.248983,37,7966.525271
-173.30519,75,7977.325518
-224.272161,18,7977.478801
-43.620378,22,7977.624954
-257.96164,25,7977.769154
-10.588929,32,7977.922228
-376.821838,41,7978.143558
-218.808144,31,7978.303427
-304.426567,32,7978.443934
-336.773556,35,7978.596411
-430.341881,48,7978.802025
-250.298379,36,7978.986485
-242.598638,22,7979.082881
-214.326008,32,7979.21809
-353.156928,37,7979.414895
-686.758589,70,7979.710792
-475.428808,101,7980.151687
-256.866161,25,7980.263759
-94.050671,41,7980.450073
-284.422705,28,7980.571573
-359.595533,37,7980.740959
-377.878801,37,7980.89387
-342.903664,38,7981.051386
41.327421,58,7981.296241
-368.219082,37,7981.452977
-118.552047,48,7981.663372
-338.931481,35,7981.823096
-362.386725,37,7981.973842
-344.297283,36,7982.121439
-381.353627,37,7982.279331
-586.990218,101,7982.705741
-381.125415,40,7982.870609
-222.868253,34,7983.021656
-367.083195,39,7983.180368
-372.2471,37,7983.331894
-473.877225,54,7983.554948
-21.984858,19,7983.635405
-373.938427,37,7983.789603
-375.079248,37,7983.943602
-302.092129,31,7984.073386
-358.936969,40,7984.240184
-241.081731,22,7984.337184
-249.319758,23,7984.431173
-218.023852,34,7984.570081
-260.747405,24,7984.668001
-250.575856,24,7984.766394
-335.77448,48,7984.960034
36.346894,31,7985.088391
-164.294556,39,7985.2499
-306.495969,31,7985.376505
-144.70821,22,7985.468351
-260.437257,25,7985.57117
-373.018567,37,7985.725452
-320.326239,35,7985.866403
-225.816617,19,7985.941406
-374.976626,55,7992.065639
-168.384583,24,7992.208306
-277.637976,26,7992.346113
-385.338307,39,7992.511441
-231.800829,19,7992.590141
-261.990697,38,7992.74481
163.169006,24,7992.847504
-272.390771,40,7993.015681
-411.373142,46,7993.217472
-360.360596,37,7993.370942
-200.831243,31,7993.503311
-224.290651,18,7993.577326
-466.552589,73,7993.885527
-257.874794,25,7993.989393
-165.505136,26,7994.098558
-372.160565,37,7994.253103
-159.474155,23,7994.345088
-154.819236,23,7994.442841
-177.635944,27,7994.554124
-347.185177,35,7994.699054
-204.470802,48,7994.896691
-371.966623,37,7995.162599
33.355463,42,7995.34419
-433.582974,45,7995.533643
-287.969699,28,7995.649921
-777.468066,101,7996.071734
-148.106004,22,7996.163606
-146.675583,24,7996.26645
-368.729186,37,7996.445741
-248.880463,38,7996.627181
-47.206704,23,7996.755848
-159.957819,38,7996.92853
-94.05598,29,7997.055248
-360.567389,37,7997.20996
-372.468316,39,7997.367271
-112.005834,33,7997.505965
-365.491932,37,7997.66638
-391.152731,44,7997.865389
-383.083394,37,7998.017874
-174.136875,26,7998.126547
-275.563538,28,7998.244496
-208.896245,46,7998.439129
-120.899785,19,7998.516109
-283.955065,56,7998.755602
-234.875965,36,7998.906672
-33.351731,20,7998.992553
-520.331008,60,7999.242948
-339.391346,36,7999.399477
-361.550936,37,7999.559255
-148.107584,22,7999.652391
-232.931148,19,7999.729988
22.658113,44,7999.911326
-133.703774,21,7999.998238
-226.943609,19,8000.078519
-85.662658,28,8000.194789
-205.755375,31,8000.323208
-344.483533,37,8000.48622
-44.501655,23,8000.581862
-397.132485,44,8000.822824
-292.329972,30,8000.98994
-347.235404,49,8008.172054
-145.450151,35,8008.336092
-290.655088,31,8008.46854
-174.203821,27,8008.583218
-281.92946,40,8008.748988
-162.642745,24,8008.85052
-150.476799,22,8008.942338
-135.44668,20,8009.021583
-373.04992,37,8009.178517
-241.384964,21,8009.265015
-241.44334,50,8009.470086
-416.133549,47,8009.65984
-159.13071,23,8009.756452
-411.290458,69,8010.04268
9.203893,50,8010.247942
-215.016535,33,8010.380561
-362.739534,39,8010.557776
-351.641498,37,8010.705558
-263.982813,37,8010.854109
-321.601647,33,8010.988996
-221.920736,32,8011.118498
-610.221417,86,8011.462963
-356.99237,37,8011.618408
-140.659685,22,8011.707508
-300.134491,30,8011.833384
-86.326209,27,8011.947007
-334.09648,33,8012.082619
-295.80682,30,8012.204759
184.207748,25,8012.307732
-285.392371,27,8012.419385
-413.616981,53,8012.634779
-260.269662,24,8012.732702
118.775292,29,8012.853759
-178.823517,27,8012.967783
-110.244899,35,8013.11196
-233.213179,20,8013.194147
-340.379059,35,8013.335751
-246.997104,38,8013.496551
63.756641,25,8013.607601
-347.027863,37,8013.771095
-366.370132,37,8013.932522
-512.022129,101,8014.355793
-174.505093,37,8014.507667
-152.908458,37,8014.665799
-196.7035,30,8014.796335
144.398018,27,8014.91031
-229.842556,19,8014.986569
-386.741133,39,8015.144816
-32.795802,20,8015.225293
-80.285716,27,8015.334478
-422.676675,45,8015.641875
-351.772598,37,8015.803456
-353.738293,39,8015.975908
-396.393418,43,8016.161299
-169.364747,27,8016.272119
-588.22745,75,8016.581389
-192.516619,40,8024.810136
-332.877697,33,8025.026799
-413.811508,45,8025.297769
-57.12863,25,8025.414429
-188.793255,28,8025.533418
-124.999463,20,8025.617154
-415.335494,47,8025.817004
-292.964643,42,8026.00606
48.59106,24,8026.113003
-517.12489,101,8026.535724
-323.744958,33,8026.67393
-665.956761,101,8027.097227
-56.25204,25,8027.201535
-323.349354,46,8027.388574
-366.961274,37,8027.553102
-225.803571,19,8027.625455
-114.006416,33,8027.761902
-262.602679,37,8027.921062
-119.807787,19,8028.001926
-318.136986,32,8028.140748
-332.871559,44,8028.319436
-337.287615,35,8028.462409
-485.117038,66,8028.735055
-292.991578,53,8028.957474
-369.319187,37,8029.114795
-355.651066,37,8029.267041
-258.798964,41,8029.44152
-314.356167,31,8029.565505
-350.396626,37,8029.72043
-368.985172,37,8029.889063
-746.271985,96,8030.289209
-229.507936,19,8030.367458
-508.238488,50,8030.581701
-274.123417,27,8030.692745
-329.738349,34,8030.834823
-133.596114,21,8030.916163
-44.933889,23,8031.013377
-390.805306,42,8031.194928
-368.012391,37,8031.340471
-323.582324,34,8031.478321
-252.520208,37,8031.634927
-380.760158,40,8031.80591
-141.08339,22,8031.893653
-169.531555,28,8032.013176
-124.138814,33,8032.150219
-431.834662,48,8032.348569
-624.053694,64,8032.609549
-196.434138,31,8032.745574
105.753343,45,8032.929624
-214.612015,18,8033.004834
-306.768208,31,8033.132596
-130.008555,19,8033.206619
-200.278631,29,8033.330005
-367.837255,37,8033.482593
-199.737459,30,8039.329419
-412.897994,43,8039.537814
-252.869623,24,8039.637473
-219.878376,34,8039.776439
-272.425724,29,8039.896369
-351.216616,37,8040.044804
-369.015567,37,8040.203191
-318.198068,31,8040.327687
-507.024026,69,8040.639347
-354.635122,37,8040.788516
-249.218181,24,8040.887175
-325.175081,36,8041.037268
-367.080319,37,8041.188064
-271.136557,26,8041.28885
-288.825746,28,8041.402641
-154.93117,35,8041.547117
-331.903438,33,8041.682393
-404.578075,44,8041.864129
184.486324,20,8041.94504
-367.721251,39,8042.112037
-222.090997,48,8042.309242
-253.043618,37,8042.458051
-643.517653,88,8042.989718
-235.451981,23,8043.089033
-265.242945,37,8043.243832
-245.164994,49,8043.442996
-161.524883,24,8043.541203
-475.476324,79,8043.867539
-7.256238,32,8044.036522
-355.226354,39,8044.208537
-239.791479,21,8044.313827
-651.755372,76,8044.632725
-323.911572,36,8044.781161
-286.734075,27,8044.888664
-406.318373,79,8045.219791
-369.64181,37,8045.370349
-157.787254,24,8045.47229
-125.843473,19,8045.552108
-272.94279,39,8045.711897
-31.597469,20,8045.788082
-350.021149,37,8045.937389
-369.893775,37,8046.100556
-436.125167,48,8046.291185
-554.283772,101,8046.7009
-248.365104,24,8046.79597
-250.712868,37,8046.944834
-121.291906,19,8047.019936
-302.951784,31,8047.141413
-237.441394,37,8047.286929
-124.217371,47,8047.474777
-152.76083,24,8047.573167
-158.986728,25,8047.674077
-218.70644,33,8047.808638
-527.755426,57,8056.045396
78.696083,21,8056.144147
-657.108456,75,8056.448005
-124.823495,21,8056.539008
-381.888531,42,8056.717342
-282.439164,28,8056.837663
-153.961364,24,8056.933839
-412.512996,46,8057.125801
-304.329299,30,8057.2514
177.104371,24,8057.351729
-358.980134,37,8057.498788
-228.850468,33,8057.632483
-313.636468,31,8057.758934
-226.99498,19,8057.835559
-371.359129,37,8057.989347
-371.112102,37,8058.145969
-282.490266,40,8058.301036
-80.698758,29,8058.415195
-274.308083,39,8058.579592
-711.745098,82,8058.903369
-196.399704,30,8059.022957
-62.620899,25,8059.129616
-667.059793,74,8059.4234
-239.981492,38,8059.576343
-72.686828,39,8059.735789
-430.977819,73,8060.042001
-155.375129,57,8060.278171
-374.324837,38,8060.436897
-228.114944,20,8060.51918
-186.103541,28,8060.633777
84.64156,31,8060.755255
-146.49254,22,8060.844684
-144.675503,23,8060.935382
-372.121308,37,8061.089867
-155.382148,23,8061.181502
-191.426921,42,8061.352695
-380.307925,37,8061.505477
-297.472529,43,8061.68513
-372.909735,37,8061.832548
-374.942926,37,8061.981922
-267.122572,39,8062.1425
-711.599605,101,8062.551967
-157.105025,26,8062.656098
-298.551135,32,8062.782269
-195.943143,43,8062.958964
-264.127891,37,8063.113243
-55.698134,23,8063.208011
-227.34234,20,8063.289434
6.9691,30,8063.408078
-261.072156,37,8063.557078
-363.953078,42,8063.873306
-155.594921,38,8064.03477
-140.159953,36,8064.182427
-190.164601,29,8064.304062
-263.137961,37,8072.147248
-249.791944,67,8072.494228
-323.823371,46,8072.680785
-312.490648,31,8072.807033
-361.176766,42,8072.982497
-177.960336,40,8073.152597
-250.046813,37,8073.29944
-261.578524,37,8073.454302
-424.737026,58,8073.698582
-260.914838,37,8073.866866
-230.445963,19,8073.943891
-353.042523,37,8074.091726
-197.894169,31,8074.212514
14.877433,41,8074.377329
-222.812957,18,8074.448332
-733.847387,99,8074.846844
-74.579425,26,8074.954582
-34.889999,20,8075.037878
-150.229048,38,8075.200646
-163.309657,63,8075.458917
-268.5096,37,8075.614349
-143.446288,22,8075.701659
-147.981016,22,8075.794628
-348.595604,40,8075.965831
-197.020087,47,8076.161963
-234.781332,20,8076.243495
-211.867233,33,8076.376352
-290.838745,41,8076.544656
-367.914177,39,8076.706902
-310.577107,44,8076.891111
-127.198395,20,8076.973712
-171.756727,28,8077.092187
-639.551669,70,8077.375284
-362.317574,43,8077.556875
-36.990394,21,8077.638658
-259.604951,38,8077.794453
-258.983335,50,8078.001208
-179.988638,42,8078.177194
-206.87976,44,8078.374308
-260.829495,25,8078.477724
-144.192417,35,8078.627397
-282.517784,28,8078.74756
-329.281118,60,8079.006927
-353.660738,37,8079.1618
-249.378012,37,8079.305457
44.10954,25,8079.408373
-147.895357,24,8079.499978
-369.466572,37,8079.647532
-224.662232,91,8080.019608
-156.862876,37,8080.171784
-388.006657,53,8080.515219
-237.548453,20,8080.612124
-313.069055,32,8080.759332
-415.791765,42,8087.224634
-348.078013,37,8087.405325
-212.148922,33,8087.55799
-338.158965,36,8087.708835
-359.192992,37,8087.856988
-109.049562,31,8087.985883
-292.747305,41,8088.155124
-262.377048,24,8088.25642
-271.16673,53,8088.47759
178.017263,20,8088.561429
-671.68982,101,8088.982826
-318.922723,33,8089.119899
-232.599379,19,8089.193752
-368.995965,38,8089.354984
-369.692768,40,8089.520727
-153.021518,24,8089.624174
-263.93705,36,8089.772605
-450.512432,49,8089.976954
-150.897335,22,8090.066132
-541.713962,58,8090.29629
-348.556353,37,8090.445166
-365.580041,37,8090.598413
-100.59744,30,8090.725309
-174.979914,39,8090.886725
-145.156578,23,8091.087683
-364.077913,39,8091.253735
-269.510377,26,8091.360846
-130.824818,19,8091.442706
-202.745866,31,8091.572963
-373.837659,37,8091.728091
-407.472382,43,8091.900352
-381.539434,37,8092.056333
-301.76996,31,8092.183656
-231.469816,35,8092.326296
-283.796065,29,8092.447501
-300.090067,43,8092.662021
-146.78085,23,8092.765524
-111.827398,44,8092.96578
80.380189,20,8093.056771
-237.996337,20,8093.140411
-369.773135,37,8093.292792
-253.850888,54,8093.515318
-374.574851,37,8093.662484
-264.145131,25,8093.768438
-292.744213,28,8093.887729
-375.800058,37,8094.03834
-289.45842,42,8094.220873
-369.69407,44,8094.405423
-69.108176,27,8094.512518
-209.160477,48,8094.712469
-376.307818,37,8094.860923
-369.111306,37,8095.004295
-121.37413,32,8095.141866
-256.122404,25,8095.300075
-48.758569,37,8095.493948
-147.976626,26,8095.601623
-85.617215,28,8095.715592
-362.351666,37,8095.868887
-278.633339,40,8103.266608
-234.928717,23,8103.379356
-262.375935,25,8103.479839
-270.747298,41,8103.6554
-179.737109,26,8103.762735
-306.48707,56,8103.994813
-354.09338,37,8104.152964
-141.650756,22,8104.238841
-233.614123,34,8104.371257
-275.201702,37,8104.521764
-155.823909,23,8104.617243
-175.527764,28,8104.733196
-355.654,38,8104.893463
-320.24764,31,8105.030188
-121.049137,19,8105.105628
-290.02163,28,8105.2216
-257.814759,49,8105.426534
-166.624909,24,8105.524237
-375.058435,38,8105.682391
-45.603136,22,8105.767645
-132.228758,21,8105.855684
-297.495021,41,8106.016149
-598.885306,66,8106.339679
-381.172169,37,8106.486561
-449.498525,50,8106.690681
-235.329092,20,8106.774105
-361.222731,37,8106.922091
-388.394695,64,8107.192829
-122.403579,19,8107.26926
-7.669981,94,8107.651061
-438.34677,47,8107.832359
-157.617963,23,8107.927764
-224.323269,18,8107.998146
-337.016904,38,8108.165392
13.165867,61,8108.441672
-373.014526,37,8108.591257
137.517647,62,8108.841804
-362.811791,37,8108.992787
36.575112,38,8109.153373
-228.98193,19,8109.232465
-364.794998,37,8109.384299
-380.969421,39,8109.540001
-256.370216,40,8109.708743
-251.250362,27,8109.821352
-154.993698,25,8109.922958
-71.20406,26,8110.029682
-335.516903,34,8110.166818
-421.734814,46,8110.360413
-223.469537,18,8110.431681
-282.059039,41,8110.602854
-267.145265,29,8110.725654
-418.371233,47,8110.917289
-164.818779,40,8111.078829
-311.931356,45,8111.254492
-390.919075,46,8111.617623
-248.717635,24,8111.720546
-53.76411,24,8111.819684
-130.842389,20,8121.742914
-255.001732,37,8121.941574
-196.523855,41,8122.117535
-166.495555,26,8122.225749
-445.402001,52,8122.446663
-58.507943,25,8122.547269
-374.065658,37,8122.69729
-370.176004,40,8122.855989
18.651952,28,8122.971327
-185.590275,27,8123.079045
-370.637356,54,8123.323406
-107.71172,32,8123.468119
-326.60166,35,8123.621707
-191.14363,31,8123.759226
-507.838261,101,8124.228491
-126.77252,20,8124.30725
-351.279203,50,8124.519269
-62.474999,37,8124.67428
-331.853979,34,8124.810513
-352.423959,37,8124.958534
-361.195206,52,8125.182876
-367.667226,41,8125.355072
-134.83221,21,8125.440004
-367.041148,37,8125.591713
-238.611814,22,8125.678215
-363.809584,39,8125.844069
-266.614178,26,8125.950116
-235.120201,21,8126.036837
-374.582582,37,8126.183936
-130.701458,19,8126.257267
-70.511638,27,8126.367183
-167.410968,26,8126.472809
-373.244005,37,8126.615827
-242.164386,22,8126.700152
-683.337754,101,8127.106711
192.1574,23,8127.202272
-81.6959,27,8127.312605
-344.565635,34,8127.45508
-796.235828,101,8127.872794
-245.776449,34,8128.009464
-322.0776,33,8128.145278
-374.185618,37,8128.296461
-424.12898,45,8128.47022
-281.101051,28,8128.583046
-367.67191,37,8128.733058
-96.133389,30,8128.862675
-278.671178,39,8129.020123
-301.894564,45,8129.199681
-337.488796,61,8129.441453
-386.799541,41,8129.60824
-347.944686,37,8129.757876
-371.668282,37,8129.910094
-7.965164,31,8130.031812
-452.935638,48,8136.588643
-256.506352,40,8136.797997
-70.069966,27,8136.909094
-367.875924,37,8137.059388
-137.385668,21,8137.145376
-127.28558,34,8137.284811
-376.301257,39,8137.442212
-152.757638,42,8137.606514
-136.720379,20,8137.68569
-335.398498,37,8137.833249
-282.265362,27,8137.93816
-222.594724,18,8138.009212
-409.649908,59,8138.249376
-373.772265,38,8138.410959
-155.8889,24,8138.506565
-335.243713,32,8138.635959
-165.173305,50,8138.844276
-152.133365,48,8139.046486
-173.600715,28,8139.159222
-161.888271,26,8139.261001
-131.090218,19,8139.33781
-253.290873,37,8139.484462
-277.587254,39,8139.64447
-143.068985,22,8139.733135
-409.042306,44,8139.9104
-164.910032,39,8140.071991
-321.986791,45,8140.254563
-123.941102,19,8140.336232
-354.081336,37,8140.48904
-192.690254,41,8140.650563
-356.87523,37,8140.948592
-223.931678,20,8141.038816
-239.420566,23,8141.129206
-373.169297,37,8141.274632
-147.348649,36,8141.420322
-404.756707,48,8141.608666
-227.66823,49,8141.79995
-245.539499,37,8141.955006
-667.647609,94,8142.406788
-143.815648,22,8142.507955
-137.656711,21,8142.596898
-296.882061,46,8142.786067
-177.155052,27,8142.894385
-170.103761,25,8142.994556
-405.523341,56,8143.218367
-141.680966,36,8143.365218
-114.784204,33,8143.497194
-361.878604,37,8143.645841
-341.644661,35,8143.787716
-362.745588,37,8143.940595
-212.294296,31,8144.06825
-137.142407,21,8144.153555
-154.746761,37,8144.310234
-268.28661,26,8144.419981
-130.400183,20,8144.498255
-178.642977,27,8144.61206
-307.709349,30,8144.731935
-323.078498,35,8144.880819
-634.375015,101,8153.433234
175.505337,22,8153.53489
-188.307481,29,8153.654212
-407.481419,44,8153.831738
-411.445999,56,8154.058974
-51.621838,23,8154.153812
-468.781185,52,8154.372192
-149.78997,23,8154.471007
-235.224851,21,8154.557638
-258.883097,25,8154.657523
-384.573367,41,8154.82297
-222.430073,19,8154.901022
-259.134371,38,8155.063535
-318.690289,33,8155.198923
-308.058696,56,8155.42002
-289.025523,30,8155.548608
-181.081018,29,8155.666383
-257.747477,37,8155.819388
-271.604649,39,8155.976969
-247.868885,37,8156.128613
-241.893572,35,8156.272608
40.072042,42,8156.439043
169.891784,26,8156.546752
-378.455744,37,8156.697671
-372.837345,43,8156.882299
-32.919892,21,8156.965507
-316.119615,33,8157.091791
-206.807215,76,8157.394411
-430.040492,46,8157.582675
-160.165865,26,8157.69103
-91.19939,29,8157.812705
-159.423773,24,8157.913106
-375.540129,37,8158.068305
-290.489212,55,8158.294774
-232.785623,19,8158.37115
-154.010597,23,8158.470028
-158.811348,24,8158.570655
-264.637044,37,8158.722936
-530.641795,101,8159.127022
-334.331043,46,8159.320271
-286.020945,41,8159.486139
-151.804772,22,8159.572737
-364.265243,37,8159.723369
-162.710957,24,8159.819559
-381.198786,52,8160.031412
-355.37562,52,8160.245457
-315.672784,31,8160.369165
-152.595987,24,8160.467592
-129.52439,22,8160.556029
182.679409,20,8160.636415
-58.797665,24,8160.738929
-184.934556,28,8160.854012
-127.420538,19,8160.928837
-275.289059,27,8161.041271
-230.841047,34,8161.176872
-157.224822,25,8161.276621
-212.982524,32,8161.411736
-276.513409,42,8161.585757
-238.724778,20,8161.667213
-169.942136,37,8167.645443
-362.200032,37,8167.922373
-470.707127,52,8168.145385
-224.524014,19,8168.235123
-346.179266,35,8168.385069
-182.340638,27,8168.498457
-59.48416,24,8168.603955
-342.216712,47,8168.819044
-252.586849,37,8168.981378
-368.330487,37,8169.151027
-76.928591,26,8169.26856
-39.200122,21,8169.376553
-366.151602,41,8169.550411
-127.805045,20,8169.635913
-258.797906,25,8169.736987
-55.579707,25,8169.840112
-135.710631,20,8169.924843
-128.237839,33,8170.056908
-305.338421,32,8170.188606
-355.800738,37,8170.345085
-311.653397,31,8170.473519
-162.444899,24,8170.574472
-227.760764,35,8170.726735
-354.899927,37,8170.883852
-225.169414,20,8170.966306
-209.000332,30,8171.100745
-132.15746,22,8171.192335
-344.62755,36,8171.347559
-480.315219,87,8171.713616
-278.126079,36,8171.861025
-150.307021,66,8172.138147
-228.798841,19,8172.223144
283.86913,32,8172.360521
-252.635363,37,8172.508257
-300.852079,43,8172.696832
-315.858731,33,8172.847803
-598.862959,69,8173.136483
-233.877658,21,8173.227502
-379.022635,37,8173.437766
-59.065787,24,8173.565915
-234.456579,36,8173.78102
-167.181251,25,8173.972933
-736.82745,90,8174.790939
-257.207871,23,8174.969305
-304.359255,29,8175.226702
-119.850411,33,8175.513827
-380.403797,37,8175.736286
-111.582658,31,8175.894065
-292.337161,30,8176.035173
-245.345523,22,8176.134543
-169.622444,27,8176.255128
-335.775614,32,8176.394788
-234.615951,20,8176.481135
-157.358183,25,8176.586423
-169.326905,26,8176.696061
-204.351182,46,8176.892195
-177.658213,42,8177.0652
-54.249974,24,8177.162191
-141.974245,21,8177.258156
105.226376,30,8177.39079
-241.315748,21,8177.474853
-293.790542,43,8183.502446
76.600402,39,8183.684323
-376.318645,37,8183.840697
-50.529533,22,8183.927388
-220.356862,18,8183.997939
-182.92869,27,8184.111297
-372.339316,42,8184.285779
-342.185963,35,8184.440153
-470.464568,51,8184.659414
-361.891552,37,8184.812201
-373.445359,37,8184.987501
-310.700209,44,8185.184052
-469.815154,101,8185.626855
-213.864398,31,8185.77314
-281.008844,27,8185.889188
-593.670422,101,8186.310722
-168.682369,26,8186.418541
-263.611178,38,8186.577178
-710.809249,101,8186.991181
-375.68407,39,8187.152977
-321.820823,33,8187.283837
-136.712913,48,8187.473459
-358.902224,37,8187.62704
-159.237918,23,8187.722162
-161.935991,24,8187.821381
-248.399457,22,8187.910614
-283.828513,29,8188.03158
195.399089,36,8188.324941
-133.047864,21,8188.415813
-239.522678,49,8188.622353
-139.934178,37,8188.780753
-287.694979,43,8188.967086
-382.035296,40,8189.12686
-131.326111,22,8189.216518
-362.61141,37,8189.371954
-317.051946,31,8189.523647
-144.665559,21,8189.619303
-225.220479,18,8189.717144
-225.567226,19,8189.823128
-229.414261,21,8189.911827
-231.634557,76,8190.24201
-131.408396,21,8190.326614
-417.282557,44,8190.512683
-169.056721,28,8190.626084
-132.359641,20,8190.703495
-274.85505,27,8190.81182
-177.950966,26,8190.916669
-307.167986,32,8191.044547
-252.682006,37,8191.206105
-264.012679,37,8191.357072
-649.060764,74,8191.666452
-169.869877,26,8191.775763
-315.945842,31,8191.906651
-307.538067,44,8192.082611
-340.162436,34,8200.370875
-282.73312,27,8200.528004
-368.706325,37,8200.68688
-110.91312,32,8200.818546
-226.65335,19,8200.898528
-159.595207,24,8200.994131
-209.500001,31,8201.118407
-236.47546,33,8201.25717
-196.953284,29,8201.378043
-290.845425,54,8201.605526
-620.684173,101,8202.027891
-156.247259,23,8202.122198
-396.541948,62,8202.379673
-223.236019,19,8202.459975
-181.260349,28,8202.582495
-378.384366,51,8202.800214
-465.659867,49,8203.001887
-175.282837,27,8203.11045
15.322494,27,8203.220074
-276.4162,28,8203.33404
-334.964998,46,8203.525024
-306.638776,33,8203.66182
-77.523025,27,8203.774072
-54.063695,24,8203.873655
-154.599134,23,8203.963801
-261.289732,24,8204.061755
-232.275684,19,8204.141929
-189.09334,29,8204.261809
-222.641486,19,8204.340573
-684.621491,101,8204.760798
-372.026046,37,8204.920362
-383.876461,41,8205.093495
-231.372391,19,8205.171534
-509.979953,77,8205.503414
-126.187619,19,8205.581473
-585.547101,82,8205.919873
-65.253551,38,8206.081398
-380.549665,38,8206.237923
-191.803994,29,8206.355412
-271.273063,27,8206.464448
-220.055826,32,8206.605101
-285.171636,55,8206.827135
-563.112354,68,8207.120002
-396.253165,58,8207.355381
195.231362,21,8207.445195
-305.688718,32,8207.578044
-218.361399,19,8207.655615
-308.446381,30,8207.775845
-315.039998,35,8207.935059
43.662374,24,8208.033033
-52.746184,38,8208.191371
-181.759581,28,8208.308127
-97.633013,40,8208.47088
-317.108414,38,8208.627755
-162.303637,24,8208.726497
-269.868934,39,8208.886491
-122.785528,36,8215.246318
-347.878545,35,8215.409676
-564.856513,101,8215.998243
-471.797497,51,8216.221628
-161.144048,26,8216.327459
-238.418991,36,8216.473875
-213.58465,18,8216.547348
-361.806985,37,8216.702194
-202.373978,30,8216.827982
-139.095618,22,8216.919156
-326.778739,34,8217.062977
-674.87671,101,8217.549008
-320.491451,46,8217.745885
-148.530324,22,8217.837269
-186.199345,28,8217.949571
-159.902882,25,8218.060671
-493.909195,53,8218.274012
-175.232351,41,8218.441498
-224.705581,20,8218.526347
-298.975088,30,8218.660347
-515.323734,101,8219.08434
-156.533234,24,8219.18208
-261.592013,24,8219.274663
-290.197793,29,8219.393297
-163.592247,25,8219.497777
-158.583584,23,8219.591819
-373.418994,37,8219.749124
-210.327891,32,8219.886771
-356.419832,37,8220.0443
-268.541653,39,8220.214812
-358.021486,43,8220.389782
-142.101495,22,8220.478399
-353.081069,37,8220.627139
-228.589401,20,8220.709298
-310.735978,44,8220.891388
-303.303303,31,8221.016002
-225.421177,18,8221.087544
-158.713222,25,8221.184447
-115.613548,50,8221.418055
-389.239262,37,8221.634211
-155.345549,23,8221.775572
-127.151278,20,8221.943169
-340.516138,36,8222.223615
-236.391244,48,8222.662473
-316.821736,31,8222.987906
-280.669965,43,8223.43262
-38.272645,21,8223.658364
-216.951612,34,8224.034238
-311.98794,49,8224.378469
-253.992025,37,8224.54839
-265.434485,40,8224.721684
-230.606058,47,8224.920309
-593.257018,78,8225.246918
-285.846116,28,8225.360765
-180.996156,40,8231.037184
-233.777055,21,8231.160422
-122.938816,19,8231.259206
-339.559053,34,8231.42593
-291.346873,29,8231.552336
-73.439461,43,8231.724811
-140.481001,21,8231.806628
-292.184176,42,8231.985912
-303.040077,32,8232.122153
-261.071488,23,8232.216447
-304.595291,31,8232.343072
-276.13832,26,8232.450383
-225.352107,33,8232.581539
-221.562092,47,8232.77208
-411.563078,47,8232.971072
-182.737121,27,8233.08
-540.97589,73,8233.37877
-291.441138,29,8233.497165
-261.156508,25,8233.598833
-158.61974,23,8233.687987
-411.425849,43,8233.859366
-147.976511,22,8233.952103
-313.456578,32,8234.089056
99.381634,36,8234.239318
-180.403209,54,8234.461556
-370.890346,37,8234.610905
-397.346139,45,8234.796933
-600.36526,68,8235.071035
-338.54816,35,8235.219842
-335.795561,34,8235.364486
-269.744261,27,8235.473812
-367.199372,37,8235.618882
-308.269308,31,8235.743367
-227.709015,19,8235.818669
-364.846788,38,8235.972861
-179.421413,27,8236.08453
-276.809186,40,8236.368876
28.309088,25,8236.472851
-163.526434,37,8236.620855
-233.043172,35,8236.764032
-119.600598,32,8236.896609
-219.647305,46,8237.092787
-71.314024,26,8237.199569
-293.977032,29,8237.316065
-340.134388,36,8237.484593
-381.156547,37,8237.646847
-246.364865,35,8237.829387
-166.354014,25,8237.926747
-178.254435,41,8238.115339
-162.226642,25,8238.2189
-250.304088,22,8238.308203
-33.034367,20,8238.388196
-247.32398,37,8238.537038
-263.031524,37,8238.688459
-352.130749,37,8238.851156
-136.435343,21,8238.936154
-66.950231,43,8239.119206
-257.061043,38,8239.277546
-400.612349,42,8239.438502
-282.773524,29,8239.554805
-315.030954,44,8247.29865
-188.943415,29,8247.464671
-176.543183,26,8247.583993
-239.339319,22,8247.676627
-154.55135,36,8247.826474
-243.937144,38,8247.988717
-353.322015,37,8248.144969
-111.883812,33,8248.283008
-290.849175,29,8248.401251
-463.05868,50,8248.613761
-162.698147,24,8248.711146
-657.848391,101,8249.138324
-150.018413,22,8249.230969
-282.12577,28,8249.343414
-55.686996,24,8249.442687
-595.098928,87,8249.810407
-131.161321,22,8249.89934
-261.647596,43,8250.078059
-354.684788,37,8250.234249
-238.232742,20,8250.31749
-93.285001,30,8250.440671
-268.047005,37,8250.590583
2.588006,30,8250.71084
-246.583677,24,8250.811106
-285.495074,29,8250.93674
-305.456609,31,8251.067399
-264.741981,25,8251.169124
-252.744666,37,8251.312616
-511.864125,76,8251.640288
-229.748785,20,8251.717973
-160.772302,24,8251.816933
-30.67695,22,8251.908196
-266.988762,37,8252.066941
-177.962459,27,8252.175817
-287.402772,54,8252.411464
-135.634668,21,8252.495433
-137.239884,22,8252.584955
-300.193526,29,8252.705326
-354.521058,37,8252.857599
-283.769092,27,8252.967752
-92.424558,29,8253.091441
-160.252061,24,8253.190431
-523.935509,75,8253.498749
-351.214959,37,8253.657932
-367.18554,39,8253.819084
-5.56986,44,8254.001548
-420.463111,45,8254.187332
-532.100985,101,8254.598116
-233.932168,20,8254.675927
-234.492747,33,8254.819511
-33.167079,35,8254.973071
-125.719548,20,8255.063426
-271.231057,26,8255.17191
-431.443964,47,8255.364712
-175.639614,26,8255.472284
110.189257,41,8255.645966
-332.104792,34,8255.782933
-226.89982,19,8261.756822
-294.468978,31,8261.939827
-286.349229,28,8262.068139
-632.712657,101,8262.487567
-109.275552,32,8262.619153
-231.467894,20,8262.700455
-188.845465,29,8262.816956
-404.63557,51,8263.141917
-411.400521,55,8263.36199
-154.068361,23,8263.461318
-227.021462,36,8263.61719
-235.983706,21,8263.707693
9.790328,57,8263.938304
-33.870062,20,8264.018631
-132.254309,36,8264.172573
-330.695353,33,8264.32144
-302.452695,30,8264.461613
-177.04301,38,8264.635122
-198.529797,32,8264.797371
-220.898127,18,8264.889587
-242.060449,38,8265.049532
-370.763989,36,8265.201161
-351.004734,37,8265.363076
-434.898028,52,8265.580627
-230.608653,20,8265.667949
-135.084277,21,8265.758336
-278.439324,28,8265.876269
-79.971738,28,8265.995501
-226.610078,19,8266.073586
-347.722455,37,8266.221168
-57.250342,23,8266.313087
-275.039428,40,8266.47997
-129.978816,19,8266.556504
-546.02464,57,8266.796742
-273.739363,54,8267.024888
-468.624584,57,8267.262969
-352.799561,37,8267.419703
-350.030686,40,8267.582072
-471.032892,101,8268.001773
-617.936907,101,8268.428492
-178.956439,27,8268.546292
-349.595089,50,8268.809617
-44.009344,22,8268.936417
-156.006716,23,8269.062094
-131.825474,36,8269.311167
-211.431242,43,8269.644699
-225.469013,18,8269.809818
-339.340098,47,8270.264636
-118.518185,19,8270.45556
-147.844765,22,8270.684791
-215.182676,33,8271.017839
-175.830717,27,8271.265774
-185.45536,28,8271.521133
-150.434323,23,8271.729187
-464.263213,55,8272.073004
-235.573763,34,8277.913441
-291.254229,41,8278.143604
-385.02687,37,8278.309346
-136.221543,21,8278.398176
-335.084588,32,8278.53793
-191.97016,42,8278.717764
-267.424753,37,8278.873408
-350.177363,37,8279.022537
-268.538196,27,8279.135523
-360.41846,37,8279.291665
-269.318521,25,8279.393334
-360.592686,37,8279.54117
-226.329054,19,8279.620193
-229.203831,19,8279.698344
-184.773521,44,8279.883633
-307.52531,33,8280.020331
-229.912028,19,8280.095215
-103.031715,30,8280.221238
-169.406576,39,8280.382386
-212.48583,31,8280.507548
-304.796744,30,8280.623583
-162.989003,26,8280.733233
-358.569923,37,8280.883639
-542.659975,59,8281.124884
-165.081867,24,8281.226476
-364.364857,37,8281.375173
-158.516916,23,8281.470332
-302.529409,30,8281.598908
-368.570233,37,8281.751741
-380.343344,53,8281.973449
-236.060932,20,8282.053678
-219.368938,34,8282.193701
45.492584,57,8282.433688
-383.672104,39,8282.591
-255.500436,37,8282.740381
-350.772001,35,8282.889587
-124.657712,19,8282.96845
-442.228889,62,8283.220955
-276.900118,28,8283.329799
-223.630486,19,8283.401123
-229.704957,19,8283.58224
179.583549,26,8283.697681
-375.007117,37,8283.849757
-79.33972,27,8283.962188
-181.290363,53,8284.182291
-254.539794,25,8284.281434
-127.716121,19,8284.360751
-328.586756,50,8284.567833
-454.248793,50,8284.786471
-132.482406,20,8284.891385
-262.602867,37,8285.05231
-274.252657,27,8285.196617
-307.849958,46,8285.391833
-227.463736,19,8285.47424
-140.368285,37,8285.629004
-364.096329,37,8285.790112
-236.910232,21,8285.877993
30.311985,28,8285.996626
-102.761107,32,8286.131184
-318.894238,46,8286.324996
-234.247692,34,8286.468471
-171.159481,49,8294.624398
-379.094474,41,8294.853088
-393.078204,39,8295.010298
-407.242721,42,8295.187848
-321.755744,46,8295.379067
-362.898669,37,8295.530969
-209.192592,32,8295.668473
-159.75034,24,8295.766962
-34.478966,20,8295.849599
-380.94474,41,8296.021419
-242.097837,22,8296.111153
-249.117176,39,8296.278302
-322.433216,47,8296.478068
-357.037216,37,8296.630465
-415.05187,45,8296.819798
-247.126935,36,8296.968823
-251.027157,22,8297.062465
-86.255449,49,8297.266893
-361.416774,37,8297.417118
-236.148472,21,8297.504774
-638.992957,78,8297.837957
-152.887045,23,8297.93356
-366.166629,36,8298.089388
-455.523948,72,8298.390304
-124.582434,20,8298.471074
-543.308663,101,8298.892509
-350.908695,37,8299.041348
-224.680496,19,8299.125049
-223.124219,48,8299.325731
-199.343785,30,8299.444259
-236.307575,20,8299.528153
-226.72516,33,8299.664277
-145.631668,35,8299.804521
-330.037206,58,8300.040031
-502.280014,53,8300.264054
-373.249331,78,8300.604072
-154.321686,23,8300.702827
-278.488137,40,8300.868087
-133.695919,34,8301.006737
-248.917138,36,8301.161393
-263.472609,37,8301.316154
-276.449571,27,8301.426647
-178.698135,27,8301.539829
-220.088927,34,8301.684927
-252.354519,37,8301.837491
-157.499076,24,8301.9386
-132.527947,21,8302.025696
-169.678119,26,8302.133016
-164.568487,26,8302.234523
-17.059243,46,8302.427779
-256.510514,23,8302.525267
-133.253044,20,8302.605819
-320.971504,32,8302.734862
-162.815265,24,8302.834872
-280.534008,26,8302.946857
-372.940008,55,8303.172456
93.351421,34,8308.974707
-156.861986,26,8309.11006
-368.233215,37,8309.263261
-235.265349,21,8309.350615
-287.313836,27,8309.46222
-152.731207,22,8309.551728
-336.159428,34,8309.692036
-361.727973,38,8309.84725
-294.347896,28,8309.966156
-161.500909,23,8310.065071
-281.311782,28,8310.183633
-203.800935,32,8310.320818
-147.578432,22,8310.53738
-242.519082,21,8310.626807
-338.074071,36,8310.774926
-242.001794,22,8310.86757
-657.196694,80,8311.197591
-155.159332,37,8311.357228
-404.966031,48,8311.558252
-231.466539,33,8311.704724
18.978603,29,8311.847544
7.111466,29,8311.976211
-364.21706,37,8312.154073
-124.432719,20,8312.237217
-366.416684,37,8312.39733
-369.03536,37,8312.552132
-170.226272,26,8312.661065
-555.38028,71,8312.953718
-369.672101,39,8313.118364
-61.488763,26,8313.232385
-352.535372,37,8313.3794
-368.556807,39,8313.538697
-512.554689,69,8313.823005
-122.541371,33,8313.961233
-50.267904,22,8314.051631
-141.969803,22,8314.142478
-241.764101,21,8314.2328
14.709245,28,8314.348063
-248.770736,22,8314.442356
-150.001464,35,8314.584499
-155.396635,23,8314.677117
-245.618915,35,8314.820513
-296.046317,31,8314.950851
-93.812086,29,8315.070795
-304.794839,30,8315.195778
-289.870937,28,8315.31568
-166.05507,29,8315.449606
-293.715347,30,8315.585167
-387.179899,39,8315.758847
-109.54528,31,8315.901241
-339.021793,36,8316.180753
-350.900296,50,8316.527164
-340.560435,36,8316.757024
-312.830047,35,8316.996819
-352.728319,37,8317.272675
-364.404328,38,8317.53748
-253.365145,24,8317.709192
-327.71886,50,8318.049188
-158.182848,23,8318.265037
-249.195445,36,8318.525949
-271.536976,27,8318.742008
-184.329443,39,8325.847311
-134.363636,37,8326.053832
-358.118209,37,8326.212057
-136.874797,22,8326.301219
-215.261241,31,8326.423882
-250.716884,37,8326.577735
-112.929544,18,8326.652899
-186.891409,39,8326.806211
-382.319589,51,8327.004689
-153.89848,35,8327.150377
-149.250915,23,8327.243476
-155.9576,36,8327.385949
-529.650659,59,8327.631166
-486.403769,59,8327.884084
-173.879663,28,8328.025814
-134.506121,21,8328.116642
-365.439628,61,8328.361208
-478.720141,49,8328.555806
-224.182563,20,8328.640422
-371.061631,39,8328.800806
-389.228805,41,8328.969004
-190.490635,40,8329.132856
-157.635564,38,8329.287907
-352.102627,37,8329.440336
-323.80456,47,8329.622612
-340.266692,49,8329.824687
-148.391142,23,8329.929646
-156.775944,25,8330.034404
-244.360581,21,8330.122334
-212.069106,31,8330.25005
-348.132285,48,8330.443161
-350.489221,37,8330.592315
-297.865344,30,8330.712469
-244.814707,35,8330.860541
-227.932164,20,8330.940549
-112.559809,18,8331.01594
-357.867712,37,8331.173453
-156.330104,24,8331.277651
-375.224771,41,8331.440801
-79.054398,27,8331.561221
-354.724119,36,8331.71826
106.937612,25,8331.950685
-227.460541,47,8332.154838
-288.003942,29,8332.27245
-147.485899,37,8332.423177
-366.009593,37,8332.587888
-251.588467,50,8332.791588
-33.967108,20,8332.871026
-161.569475,24,8332.967758
-113.597075,32,8333.110441
-253.498259,37,8333.280618
-258.36376,37,8333.443136
-270.24527,27,8333.579673
-224.482604,19,8333.655444
-66.58845,27,8333.768665
-380.707317,37,8333.922925
-317.885272,32,8334.054197
-372.583786,37,8334.20077
-364.088042,37,8334.346563
-205.543673,31,8334.471844
48.37964,25,8342.836552
-354.040314,37,8343.041335
11.39565,29,8343.163839
-347.004204,38,8343.320499
-279.029375,39,8343.484664
-152.980462,23,8343.581766
-64.219669,26,8343.693718
-160.132333,24,8343.789968
-703.115299,80,8344.114176
-256.42305,24,8344.212291
-278.69608,27,8344.324634
-149.569784,22,8344.410616
-361.459959,37,8344.561118
-308.670509,32,8344.695123
-285.038027,27,8344.804821
-301.12752,31,8344.930065
-329.814068,34,8345.073107
-151.10561,26,8345.178903
-237.861487,22,8345.267896
-346.429242,46,8345.452509
-220.064567,33,8345.590957
-222.789777,19,8345.668459
-212.731519,33,8345.801767
-338.118838,47,8346.004336
-268.269486,28,8346.11989
-323.493059,32,8346.24881
-56.472225,24,8346.342433
-355.797311,37,8346.487963
-373.538824,37,8346.643635
-296.435492,42,8346.814217
-153.138385,37,8346.966719
-239.201143,36,8347.123211
-226.638274,19,8347.203975
-641.580683,71,8347.49566
-186.940791,28,8347.614394
-232.272257,19,8347.691039
-227.929153,21,8347.776707
-102.285069,31,8347.901732
-262.060403,37,8348.051977
-348.302656,37,8348.225863
-48.674571,46,8348.432163
-262.132058,38,8348.596241
-391.500974,44,8348.784144
-374.632554,37,8348.941048
-635.529949,101,8349.358629
-230.764468,19,8349.433498
-294.163103,30,8349.557483
-345.248559,38,8349.708577
-672.361458,86,8350.060663
-297.872253,29,8350.186646
-250.706265,24,8350.28407
-271.104003,40,8350.445567
-249.412319,37,8350.596398
-243.933106,35,8350.743821
-295.573724,29,8350.858726
-372.520692,39,8351.023122
-99.295948,49,8351.23377
57.43972,26,8357.355584
-168.101044,37,8357.567343
-276.59674,28,8357.695865
-565.218662,101,8358.118621
31.345261,39,8358.277045
-188.850547,28,8358.388344
-377.497971,41,8358.557288
-34.055964,20,8358.641763
-282.288339,28,8358.755306
-140.928424,23,8358.856209
-151.182988,24,8358.9552
-224.032877,20,8359.039593
-397.306683,41,8359.210221
-254.652107,37,8359.482401
-219.995517,19,8359.56293
-122.74233,19,8359.648796
-258.145184,37,8359.803455
-363.999946,40,8359.968554
-56.674867,25,8360.071737
-114.108524,31,8360.203583
9.20702,30,8360.332426
99.702861,48,8360.548721
-219.781177,19,8360.635093
-342.934618,35,8360.791279
-265.750562,37,8360.964215
-145.958973,22,8361.071255
-357.163055,37,8361.233052
-194.89067,29,8361.353528
-115.662157,59,8361.59698
-686.536017,101,8362.025628
-323.477849,35,8362.170406
-418.649586,49,8362.371725
-150.561233,22,8362.465051
-225.651899,37,8362.619438
-28.79938,19,8362.69756
-333.594323,33,8362.833851
-300.671525,29,8362.949081
-442.369434,60,8363.205937
-184.106026,26,8363.318027
-384.397486,50,8363.521437
-205.762692,42,8363.687807
-309.059026,64,8363.962817
-518.665227,101,8364.381334
-263.799975,38,8364.534621
-153.293942,24,8364.631866
-510.89661,59,8364.881448
-153.687725,23,8365.016751
-399.149321,44,8365.269075
-280.228665,43,8365.580379
-305.289254,32,8365.814225
-328.90638,34,8366.064104
-366.634848,39,8366.387146
-613.918894,101,8373.140378
-361.604901,37,8373.335017
-314.807083,33,8373.480802
-351.821097,50,8373.697042
-345.057066,36,8373.851024
-521.47018,56,8374.078583
-155.026668,36,8374.231406
-286.315974,41,8374.407537
-360.974871,101,8374.834492
-288.765154,29,8374.952872
-692.639165,95,8375.340901
-310.377382,32,8375.477284
-274.766398,37,8375.630107
-242.739444,22,8375.718598
-282.360088,28,8375.840282
-167.629402,40,8376.010409
-318.798432,37,8376.165963
-313.021037,33,8376.3016
-371.154314,37,8376.461261
-173.468924,39,8376.622375
-252.218446,23,8376.718094
-249.794963,37,8376.87218
103.638325,32,8377.001792
-183.99613,28,8377.116925
-314.665746,33,8377.253361
-231.079475,19,8377.333022
-163.86677,76,8377.649554
-872.235514,97,8378.051859
-329.853783,34,8378.190475
-279.761956,27,8378.306466
-112.078212,33,8378.4436
-207.087004,31,8378.575328
-349.29972,35,8378.712296
-258.639323,35,8378.860316
-63.169041,25,8378.964819
-250.172534,95,8379.381706
-102.364001,30,8379.512313
-77.774913,38,8379.790604
-326.516248,62,8380.055377
-327.918599,35,8380.204152
-148.248321,24,8380.302158
-260.205533,37,8380.458923
-286.284054,41,8380.72736
-256.079837,37,8380.892799
-356.129638,37,8381.060108
-140.195815,22,8381.15854
-112.555056,18,8381.247418
80.234212,68,8381.564371
-223.852668,20,8381.648116
-379.127287,37,8381.801474
-430.117554,46,8381.999986
-290.862858,29,8390.231078
-377.618367,53,8390.478439
-370.618557,37,8390.640957
-267.357476,26,8390.745677
-62.158118,25,8390.848805
-105.205316,32,8390.982961
-117.469879,18,8391.057615
-368.779632,38,8391.218706
-364.84785,37,8391.376929
-161.183252,37,8391.529821
-102.736179,30,8391.652488
-268.689238,37,8391.808494
2.326781,30,8391.93654
-333.674631,49,8392.146098
-116.119503,33,8392.281638
-275.62875,27,8392.392141
-247.742678,50,8392.603977
-153.485475,36,8392.757445
-198.790248,30,8392.882582
-189.434647,29,8392.999403
-186.939416,29,8393.124068
-202.895621,30,8393.246893
78.827197,79,8393.575684
-392.380892,42,8393.752846
-358.522201,36,8393.904095
-461.478471,63,8394.168769
-176.015125,27,8394.290282
-364.758587,37,8394.448315
-308.863104,31,8394.575763
-187.104553,29,8394.69027
-96.894236,30,8394.812811
-167.253529,26,8394.924199
-687.770935,84,8395.28212
-374.678888,37,8395.439881
-231.269778,21,8395.523366
-350.824559,37,8395.678288
-407.979144,44,8395.86658
-274.795664,39,8396.02664
-318.760199,32,8396.160568
-260.7185,26,8396.267196
151.975553,27,8396.382389
-165.521041,36,8396.537157
-437.509968,46,8396.725503
-2.239061,33,8396.85822
-163.808445,37,8397.011867
-284.172188,30,8397.138966
-371.965106,37,8397.293211
-284.667002,27,8397.40468
-262.97263,51,8397.622198
-654.604544,101,8398.038508
-244.055013,36,8398.186003
-395.959769,43,8398.366468
-271.782639,26,8398.470619
-375.078599,37,8398.626169
-367.195011,37,8404.434953
-319.007129,46,8404.681102
-372.045483,37,8404.839899
-310.590285,32,8404.973266
-223.800571,31,8405.103918
-161.209217,24,8405.199513
-261.283149,37,8405.353567
-348.389281,37,8405.507603
-362.514606,39,8405.665411
-47.208649,23,8405.757201
-299.298393,29,8405.877123
-265.530325,37,8406.029804
-254.595576,23,8406.123262
-113.269533,32,8406.252972
-532.554414,101,8406.669536
-154.92521,24,8406.767137
-299.985237,31,8407.015034
-338.142266,50,8407.234737
-484.642204,59,8407.484424
-280.330395,27,8407.59783
-574.046943,62,8407.862818
-453.574171,52,8408.076659
-625.385521,101,8408.72228
53.482203,57,8409.115035
-39.070845,21,8409.277276
-252.988762,37,8409.529166
-722.030108,101,8409.961297
-294.35632,30,8410.08862
63.071335,43,8410.276841
-275.529659,39,8410.440938
-527.517485,61,8410.697525
-55.610477,71,8410.988232
-317.161883,45,8411.184971
-271.381063,40,8411.35523
-380.065098,40,8411.517968
-156.057477,23,8411.612807
-86.257281,28,8411.734581
-157.066606,24,8411.834085
-204.388044,43,8412.026961
-219.21048,33,8412.170095
-332.337109,49,8412.394253
-235.772701,21,8412.509408
-399.556633,42,8412.755717
-182.814641,28,8412.985824
-194.171915,42,8413.327213
-224.621588,32,8413.574943
156.822869,25,8413.824378
-157.652728,24,8414.002376
-242.166296,49,8414.480751
-386.242402,39,8414.716132
-383.013675,43,8420.836299
-274.773468,25,8420.956872
-243.936569,35,8421.104495
-136.673491,21,8421.191021
-146.362953,35,8421.332131
-165.19821,40,8421.496541
-479.596784,68,8421.78316
-54.121762,24,8421.883332
-227.147476,20,8421.963351
-256.245755,24,8422.063658
-387.500471,44,8422.246337
-239.928404,49,8422.452556
-311.282458,44,8422.63257
-356.514888,38,8422.793021
-370.143005,37,8422.946895
64.477363,23,8423.040616
-386.031678,40,8423.208576
-479.647532,101,8423.640721
-260.320854,26,8423.745503
-41.028871,21,8423.83267
-142.645145,22,8423.927215
-571.762774,87,8424.305104
-135.544731,21,8424.388058
-224.462566,19,8424.468232
-270.018748,25,8424.574962
-78.922538,39,8424.734767
-291.47556,27,8424.846884
-360.675768,37,8425.002072
-398.447967,57,8425.241986
-425.10879,47,8425.438917
-356.197066,50,8425.648357
-404.744707,58,8425.882762
-225.191756,19,8425.960649
-219.662642,32,8426.094882
-362.919563,97,8426.505874
-368.666915,37,8426.656374
-21.128533,48,8426.860696
-210.078582,33,8426.998374
-274.238845,37,8427.153213
-408.895732,59,8427.402602
-198.613641,42,8427.577435
-265.693388,25,8427.804314
-356.433801,37,8427.95372
-285.172247,27,8428.06421
-161.400568,24,8428.171539
-361.594441,37,8428.328752
-185.558288,30,8428.452389
-355.241936,36,8428.602461
-203.415926,33,8428.742209
-36.567974,21,8428.82477
-346.301311,34,8428.989962
-243.249742,23,8429.099928
-290.77408,28,8429.225428
-376.133268,37,8429.415861
-737.788724,84,8438.106661
187.598345,19,8438.194551
-207.352741,51,8438.421553
-220.372152,34,8438.566192
-519.310183,101,8438.996995
-297.09136,43,8439.17215
-178.784364,28,8439.294869
-149.480087,50,8439.50602
-540.008223,101,8439.930827
-356.777863,81,8440.260895
-387.455554,41,8440.441162
-284.396458,38,8440.604241
-166.265449,26,8440.717971
-367.194115,37,8440.875089
-361.327585,37,8441.028193
-263.093542,24,8441.130716
-144.85815,21,8441.219193
-264.252649,37,8441.37448
-349.176381,36,8441.521796
-255.685513,38,8441.680851
190.552052,24,8441.784454
-266.301949,27,8441.897285
-586.270055,69,8442.192192
-131.347981,21,8442.284751
-266.283559,26,8442.401157
-598.086171,101,8442.841218
-406.675077,43,8443.02571
-177.271432,27,8443.132064
-257.040354,38,8443.286653
-48.108294,22,8443.373711
-82.584669,28,8443.48417
-293.590567,40,8443.649701
-180.431832,27,8443.757048
-274.372152,38,8443.922078
-38.629572,21,8444.005155
-588.779073,79,8444.328742
-316.590749,43,8444.505921
-316.96192,31,8444.628957
-320.242029,34,8444.772218
-367.939204,41,8444.940858
-158.797753,25,8445.04749
-132.893971,21,8445.143114
51.928206,22,8445.240602
-357.367939,35,8445.38378
-173.084034,26,8445.486795
-224.809774,20,8445.568429
-307.375559,30,8445.691483
-275.484595,39,8445.850076
-221.304205,34,8445.984338
-196.067441,29,8446.105991
-227.330927,20,8446.187727
-296.954405,31,8446.318886
-281.427045,44,8452.239165
-259.14894,37,8452.429336
-282.418535,28,8452.541373
-229.066515,20,8452.623793
-150.699511,24,8452.723406
-242.637102,22,8452.82386
-160.606212,26,8452.932374
-237.550654,22,8453.025614
-123.974198,60,8453.286987
-253.704771,37,8453.436537
-158.107978,23,8453.531015
-56.223192,24,8453.633034
-149.370017,23,8453.727117
-134.565027,36,8453.880497
145.846629,26,8453.990277
25.165209,26,8454.099591
-300.569837,29,8454.21766
113.144344,29,8454.337175
-228.640406,19,8454.414226
-116.298089,31,8454.541989
-144.806184,34,8454.683162
-364.577255,37,8454.834008
-361.73427,37,8454.985046
-200.021523,30,8455.280786
-470.650653,89,8455.651559
-195.960162,29,8455.772629
-398.607282,43,8455.952797
-49.673007,23,8456.04626
-335.297699,47,8456.239326
-524.255237,80,8456.696024
-269.112751,26,8456.830454
-251.353711,24,8456.941092
-232.887419,47,8457.159238
-358.2546,37,8457.318063
-150.720972,23,8457.414789
-272.530343,39,8457.577689
-420.393163,41,8457.745573
-480.656752,57,8457.984316
-323.750374,46,8458.173496
-159.186158,26,8458.276382
-677.856782,78,8458.604669
-321.817628,32,8458.739586
-581.283346,68,8459.023202
-216.846594,101,8459.448224
147.247248,28,8459.565706
-533.149492,76,8459.888397
-272.060281,27,8459.997784
-63.393562,24,8460.100471
-40.325779,21,8460.19319
-287.296276,27,8460.305171
-255.50355,37,8460.460981
-352.954326,37,8460.619863
-358.01548,37,8460.773898
-455.77371,63,8461.120136
-388.193053,62,8468.883902
-356.360313,37,8469.044217
-268.405652,40,8469.208193
-210.282029,44,8469.38659
-269.218967,27,8469.502038
-391.614304,46,8469.678781
-285.130583,44,8469.857806
-68.965105,26,8469.962986
-47.810045,36,8470.111144
-300.22404,31,8470.238019
-232.589891,19,8470.313276
-268.122991,28,8470.422543
160.070953,39,8470.582352
-97.5136,30,8470.699882
-117.935776,32,8470.826115
-339.968221,36,8470.972919
-178.447171,29,8471.096337
-290.436592,29,8471.216747
-208.241369,32,8471.345697
-126.724905,20,8471.42493
-301.282544,62,8471.687053
-387.684253,101,8472.175729
88.468361,38,8472.352486
-375.843908,37,8472.504905
-301.079602,29,8472.634436
-329.017822,34,8472.774271
-582.524685,81,8473.141386
-303.338234,49,8473.345901
-166.97627,25,8473.450325
-203.203007,33,8473.595965
-125.993261,87,8473.947056
-406.414192,52,8474.161546
-160.31753,24,8474.262047
-288.350828,41,8474.433748
-71.811995,26,8474.557171
181.302122,20,8474.648699
-166.655525,37,8474.84795
-271.009707,37,8475.002948
-268.950457,40,8475.169772
-314.078609,31,8475.304065
-357.584053,37,8475.454632
-372.22884,39,8475.614022
-144.511558,36,8475.770048
-192.683837,46,8475.956
-305.094313,31,8476.087403
-356.828946,37,8476.36336
5.473245,30,8476.49253
-285.37234,45,8476.673021
-157.835562,24,8476.769167
-217.863877,33,8476.903429
-170.578675,25,8477.006558
-50.811531,23,8477.099638
-24.509678,34,8477.240094
182.640198,20,8477.319014
-361.469531,37,8486.327957
-289.587613,46,8486.643392
-358.397694,37,8486.803641
-294.115279,29,8486.923064
-457.108486,63,8487.182762
-191.134903,28,8487.300766
180.428096,20,8487.385135
-239.565634,22,8487.479658
241.212976,30,8487.60693
-120.44231,19,8487.684941
-410.595949,101,8488.118207
-250.544857,36,8488.266508
-37.558129,21,8488.350236
-173.058293,26,8488.45453
-358.66668,37,8488.6159
-281.810841,44,8488.80239
-249.97291,22,8488.890741
-153.421544,37,8489.043401
-242.973906,37,8489.202659
-209.540195,31,8489.339315
-67.326855,26,8489.445472
-68.885682,41,8489.620437
-294.775189,30,8489.743052
-284.890522,28,8489.857381
-370.283416,37,8490.008132
-258.00518,57,8490.243897
-205.913927,30,8490.379522
-259.291855,40,8490.553073
-69.455963,26,8490.661246
-295.522493,29,8490.780133
-200.688304,30,8490.904115
-263.116184,25,8491.009136
22.672231,43,8491.184359
-154.776101,24,8491.283707
-222.316894,19,8491.361899
-267.406602,24,8491.458905
-246.914702,23,8491.552362
-161.830919,24,8491.651295
-193.925808,42,8491.82399
-240.368053,35,8491.970691
-362.799686,37,8492.126876
-248.96883,37,8492.281027
-40.408028,22,8492.379151
-252.736929,22,8492.47113
-242.618228,22,8492.561963
-431.976934,54,8492.780005
-305.607488,31,8492.909083
-136.620706,22,8492.998686
-255.658367,24,8493.106358
-158.463878,25,8493.21293
-46.170322,56,8493.449606
-311.216165,33,8493.583409
-196.148888,31,8493.713619
-307.895077,58,8493.954286
-365.487334,39,8494.118069
-376.538881,37,8494.275681
-220.791324,19,8494.355171
-32.612643,20,8494.435529
-318.636103,45,8494.622858
-269.846632,27,8494.734197
-311.702242,44,8494.925183
-377.741654,37,8501.133202
-251.772997,22,8501.256208
-371.896305,37,8501.423889
-149.957826,22,8501.511806
-196.230211,28,8501.630459
-591.743929,101,8502.043289
-314.665135,32,8502.177087
-159.287719,26,8502.287044
-350.186753,37,8502.439694
-319.992753,46,8502.632796
-339.585363,37,8502.782466
-388.581518,41,8502.954218
-217.218166,31,8503.084278
-367.133371,37,8503.242239
-169.852126,26,8503.345005
-135.052734,21,8503.436016
-258.767814,24,8503.535267
-157.343231,26,8503.644542
40.194765,59,8503.886402
-379.020964,37,8504.03979
-405.918746,52,8504.263914
-202.284111,30,8504.554299
-810.978635,97,8504.979591
-67.519857,27,8505.100748
-315.793063,46,8505.297872
-374.989699,56,8505.550896
-355.159405,37,8505.732772
-213.598038,32,8505.9262
-43.502591,22,8506.075771
-373.122717,37,8506.265195
-275.039717,25,8506.38386
-239.730632,21,8506.465702
-283.994244,28,8506.580673
-363.315614,37,8506.730142
-220.047205,34,8506.864108
-375.742549,37,8507.012454
-299.045431,30,8507.145831
-266.398802,39,8507.314585
-284.526402,30,8507.434291
-386.653884,40,8507.596746
-223.756083,19,8507.6736
-178.799664,40,8507.840518
-284.330041,41,8508.00956
-302.730798,45,8508.192057
-162.66856,25,8508.294644
-292.100081,29,8508.409755
-163.132189,37,8508.559592
-274.012504,27,8508.676351
-125.270349,19,8508.752974
-196.314167,31,8508.888783
-352.437947,37,8509.039541
-200.122301,32,8509.169463
-359.217081,37,8509.331275
-200.925578,31,8509.459658
-298.429745,31,8509.592568
-49.731614,23,8509.687117
-273.91545,40,8509.860883
-192.696268,28,8510.003027
-63.309085,25,8518.354786
-306.763839,45,8518.600415
-197.110323,31,8518.726412
-207.467044,32,8518.858985
-162.416226,24,8518.956451
-705.220048,101,8519.377104
-374.122477,38,8519.53048
-336.924698,48,8519.725513
-227.893156,37,8519.877532
-19.168872,60,8520.124968
-369.839552,43,8520.289086
-189.912454,30,8520.412592
-145.793317,23,8520.505105
47.796294,25,8520.608254
-39.703615,21,8520.69315
-401.214945,45,8520.873969
-128.895838,34,8521.014521
-233.073324,20,8521.095069
-376.727275,37,8521.251771
-374.556497,37,8521.403502
-224.495669,20,8521.488953
-317.887389,31,8521.616131
-224.714339,34,8521.753475
-227.597569,33,8521.890221
-350.173204,49,8522.095442
-223.448215,34,8522.239633
-385.871942,37,8522.394236
-139.649025,22,8522.492078
-244.414274,67,8522.769016
-262.582016,24,8522.872459
-255.129614,38,8523.024646
-352.16125,37,8523.18153
-294.497854,28,8523.296962
-361.683694,37,8523.447846
-376.899025,40,8523.611853
-134.229691,21,8523.698674
-303.476403,45,8523.897785
56.910722,22,8523.998014
44.915052,26,8524.103749
-178.937042,27,8524.22311
-369.648576,37,8524.372359
-144.481676,24,8524.469251
-177.99746,26,8524.578122
-375.882262,38,8524.727158
-134.865586,21,8524.808928
-293.371153,29,8524.926424
-163.690191,25,8525.031272
-136.958641,20,8525.111424
-137.941598,36,8525.252037
-367.464981,100,8525.664439
-166.592505,25,8525.767696
-329.784465,47,8525.965646
-167.195379,26,8526.187297
-155.042717,24,8526.285088
-44.148974,22,8526.378382
-120.45783,19,8526.45816
-309.910223,32,8526.596319
-12.826826,37,8526.751893
-383.811362,40,8526.912289
-334.872471,33,8537.722011
-159.587205,24,8537.856163
-268.166572,27,8537.97457
-110.96986,75,8538.29128
-188.95501,30,8538.418337
-257.287946,24,8538.517191
-254.078757,36,8538.659085
-265.007166,29,8538.787382
-265.25756,38,8538.948141
-307.261146,45,8539.124786
-223.209334,19,8539.20759
-42.344026,21,8539.297951
-352.231906,37,8539.447635
-225.385912,19,8539.525735
-154.210515,37,8539.679041
-350.081953,37,8539.832025
-593.261717,101,8540.236387
-226.515093,33,8540.38205
-237.589954,23,8540.480012
-373.729596,41,8540.654751
-369.741265,37,8540.81395
-355.013989,36,8540.958467
-293.663525,29,8541.082658
-257.079602,38,8541.244302
-230.503593,34,8541.383363
-156.278364,24,8541.481043
-369.992621,37,8541.630029
-365.592102,37,8541.779402
-366.891243,37,8541.930752
-433.544922,79,8542.261689
-198.93331,32,8542.398523
-142.122406,36,8542.551116
-272.049381,26,8542.660215
-240.18354,22,8542.746962
-377.695345,37,8542.910806
-147.315768,23,8543.00437
-221.096135,18,8543.080165
-366.465331,37,8543.229614
-157.773233,37,8543.384895
-680.496898,78,8543.712481
-145.629021,22,8543.799922
-225.339743,18,8543.876988
-229.999043,20,8543.960326
-235.183204,35,8544.103978
-232.666968,50,8544.317413
-149.332804,22,8544.407741
-287.275715,41,8544.57911
-276.6856,27,8544.686694
-164.369193,27,8544.79608
-430.087874,46,8544.984838
-251.782752,22,8545.073909
-359.044436,37,8545.224024
-385.046831,37,8545.372687
-131.946978,20,8545.452927
-286.592597,31,8545.593887
-282.495696,28,8545.707898
-175.633752,27,8545.822163
-356.139421,37,8545.975054
-156.153408,23,8546.067796
-370.433775,37,8552.889836
-156.338579,25,8553.03009
-152.707789,23,8553.131001
-236.040637,21,8553.220444
-186.543159,30,8553.34451
-340.448457,35,8553.490799
-420.896473,47,8553.680931
-293.292424,28,8553.80021
-140.763637,21,8553.887086
-450.450602,50,8554.102752
-97.520927,29,8554.226282
-120.819663,19,8554.306278
-371.815005,37,8554.460675
-278.252062,27,8554.577969
-296.973044,29,8554.695892
-347.46551,36,8554.842094
57.136248,36,8554.993626
-236.081032,22,8555.084093
96.075271,45,8555.279003
-322.470745,41,8555.450877
-133.455102,20,8555.532683
-276.533219,54,8555.754992
-355.961482,37,8555.901006
-132.404219,34,8556.04842
-192.020425,29,8556.170663
-367.272338,37,8556.320009
-310.473338,43,8556.51599
-290.258878,44,8556.820723
-400.856107,59,8557.077117
-709.229476,101,8557.507613
-359.645368,37,8557.658379
-363.856995,37,8557.8314
-226.720022,47,8558.069937
-398.128591,74,8558.497097
-159.8617,24,8558.591129
-309.651591,30,8558.722029
-40.170153,37,8558.878155
-258.110678,37,8559.041694
-293.027987,32,8559.173497
-194.440124,29,8559.300768
-257.08313,24,8559.402102
-239.478848,22,8559.499293
-172.712214,27,8559.615095
-366.476577,38,8559.769094
-271.262751,27,8559.877543
-257.843068,42,8560.052895
-165.50744,25,8560.15912
-461.833717,48,8560.363542
-300.230841,32,8560.517249
-145.151008,23,8560.640372
-269.922241,38,8560.828785
4.848939,35,8560.980221
-365.623385,37,8561.13626
-362.14579,42,8561.339508
-173.356256,43,8561.514056
-353.748491,37,8561.663421
-347.245065,36,8561.813901
-46.913742,23,8569.240366
-374.514537,37,8569.445876
-292.217592,42,8569.623857
-170.777252,26,8569.727304
-141.119007,21,8569.810886
-275.285038,43,8569.986093
-353.962286,36,8570.136769
-188.118288,35,8570.278424
-162.628071,24,8570.375601
-187.448755,29,8570.495917
-233.823977,20,8570.577519
-351.942675,37,8570.727445
-335.302199,37,8570.876809
-294.393887,43,8571.06861
-117.157193,32,8571.204036
-373.01457,38,8571.35925
-392.645068,42,8571.527111
-132.79622,37,8571.68476
-209.846744,33,8571.81987
-330.515621,34,8571.961234
-86.643651,29,8572.081611
-483.039834,66,8572.353159
-119.187975,19,8572.433547
-83.992219,28,8572.548768
-48.4543,22,8572.639649
-267.61474,25,8572.751872
-266.898871,44,8572.931846
-420.116499,44,8573.106949
-807.37411,101,8573.508631
-280.360662,28,8573.626752
-643.347436,101,8574.029411
-409.220253,44,8574.201322
-272.773457,37,8574.354121
-171.723097,27,8574.462855
-39.095113,21,8574.548047
-56.236177,37,8574.696517
-138.706741,21,8574.781331
-319.302319,32,8574.914761
-250.726413,37,8575.064728
-414.929137,50,8575.267265
-204.306593,30,8575.388769
-576.084286,75,8575.694928
-260.378874,25,8575.793674
-244.477854,23,8575.886858
-401.398242,42,8576.051647
-221.261301,18,8576.123312
-399.644684,41,8576.287061
77.585195,22,8576.375626
-395.045667,46,8576.569201
-226.416224,19,8576.645974
-186.018073,29,8576.784936
-324.445039,35,8577.001669
-201.939083,44,8577.197812
-147.897866,23,8577.28967
-155.669377,25,8577.536469
-158.479071,25,8577.64072
-199.291621,30,8577.765958
-272.194652,41,8583.919277
-679.847023,101,8584.731656
-343.304076,35,8585.22855
-552.226071,101,8586.277088
-331.389197,34,8586.597024
-19.45618,50,8587.049277
-151.077194,22,8587.248812
-133.08053,21,8587.45435
-113.599256,31,8587.789505
-195.565464,32,8588.152353
-125.777781,34,8588.489303
-229.530284,19,8588.626591
-226.007832,20,8588.743055
-342.708096,51,8589.010213
-182.158703,28,8589.128538
-383.90719,41,8589.297053
-308.24977,57,8589.549476
-384.740818,40,8589.719142
-217.08713,31,8589.855009
-280.23091,28,8589.971404
-529.08511,101,8590.401928
-34.377934,54,8590.624198
-201.647533,32,8590.765249
-373.431358,37,8590.931482
-258.393699,23,8591.029407
-284.534793,27,8591.14465
-286.73117,27,8591.261006
-19.053151,32,8591.397378
-241.516708,36,8591.553676
-188.478871,29,8591.677692
-150.876951,37,8591.831179
-176.859095,28,8591.953809
-257.229354,36,8592.113224
-369.183684,39,8592.26992
-257.008463,37,8592.43525
-151.933848,37,8592.590559
-265.11399,39,8592.752
-300.524711,30,8592.894441
-343.279582,37,8593.050761
-146.560083,22,8593.140584
-294.098245,55,8593.372252
-191.006955,30,8593.500135
-216.033164,33,8593.640371
185.047349,23,8593.73695
-175.720239,37,8593.889412
-196.138295,31,8594.016163
-319.982162,36,8594.166257
-301.826042,53,8594.38053
-82.596472,27,8594.492448
-162.456967,24,8594.596079
-103.127822,30,8594.71949
-717.784071,100,8595.133008
-88.149817,53,8601.322996
-297.76008,44,8601.549888
-356.339296,37,8601.720607
-260.226234,37,8601.87533
-174.071162,28,8601.987179
-161.297708,24,8602.088592
-272.879002,26,8602.194638
-230.073299,21,8602.282059
-316.795327,32,8602.410874
-96.334302,30,8602.532514
-346.859889,56,8602.758823
-249.664037,23,8602.85325
-277.880506,28,8602.967946
-186.211986,53,8603.181257
-355.148122,37,8603.33351
-288.79148,71,8603.619952
-145.173931,23,8603.710968
-259.099601,37,8603.860111
-285.602434,29,8603.975302
-511.531569,101,8604.398761
-544.984223,71,8604.691835
-191.576659,28,8604.804053
-36.225941,21,8604.890539
-250.450188,37,8605.041376
-182.697206,40,8605.212875
-245.286649,37,8605.364757
-360.937144,37,8605.641951
-244.990539,37,8605.805929
-180.92834,39,8605.968307
-283.998291,29,8606.087829
-289.608709,55,8606.314836
-168.26585,27,8606.42121
-63.653137,44,8606.595381
49.404319,35,8606.748836
-324.218369,33,8606.911008
-207.803222,32,8607.075636
-203.895726,30,8607.217384
-335.839454,34,8607.35401
-244.450841,23,8607.444194
-159.561914,24,8607.54172
29.596693,33,8607.674752
-352.514087,37,8607.823068
-167.555128,27,8607.932782
-239.094006,21,8608.026321
-245.415468,38,8608.18925
-85.938433,28,8608.299132
-222.022245,32,8608.427428
-292.228471,30,8608.548878
-14.204763,49,8608.757872
-307.315633,35,8608.90956
66.613589,23,8609.001416
-397.920546,58,8609.246185
-352.774133,37,8609.396114
-162.895601,26,8609.503352
-333.467145,35,8609.643614
-57.946855,23,8609.750809
-675.968019,101,8619.073135
-464.339103,57,8619.313026
-340.442854,34,8619.453346
-35.126042,20,8619.534551
-123.572587,21,8619.623882
-236.667734,23,8619.719093
221.321537,32,8619.848785
-227.671332,19,8619.929938
-267.494882,41,8620.098094
-139.439471,22,8620.186421
-269.299964,51,8620.406865
-365.386654,37,8620.558748
-212.396562,32,8620.696852
-163.386201,39,8620.858746
-39.961667,22,8620.946218
-350.647484,36,8621.096689
-354.466853,37,8621.243815
-287.870111,30,8621.376467
-230.615156,19,8621.44944
-142.547002,21,8621.543307
-98.97547,30,8621.666927
-233.608703,36,8621.811108
-106.180629,32,8621.945045
-272.213699,26,8622.054351
-296.24643,30,8622.174165
-156.482357,37,8622.325909
-227.140267,20,8622.407482
-154.965561,24,8622.502674
-59.745954,25,8622.603619
-290.193795,41,8622.770746
-31.596754,34,8622.923898
-243.836248,21,8623.013742
-198.919204,43,8623.190754
-350.106374,36,8623.342075
-315.63761,51,8623.554343
-273.677352,60,8623.806961
-170.570736,25,8623.911467
-372.572072,37,8624.069585
-154.124206,23,8624.158478
-234.672687,35,8624.300767
-311.603521,30,8624.422447
-131.237631,19,8624.500092
-272.698219,48,8624.688887
-321.059081,31,8624.821567
-351.035433,36,8624.964777
-152.337542,24,8625.060326
-333.772423,46,8625.253572
-198.351215,29,8625.372104
-360.294984,41,8625.535987
-252.893929,36,8625.677352
-361.44316,37,8625.829581
-327.700463,49,8626.02663
-301.067083,29,8626.144689
-365.121505,37,8626.287993
-36.744278,21,8626.376525
193.099449,33,8626.514074
-583.935396,73,8626.815168
-219.301786,34,8626.951461
-465.938245,63,8627.206233
-73.842734,27,8633.092674
-249.247446,23,8633.371619
-266.697047,42,8633.553343
-39.977338,21,8633.642547
-266.689161,27,8633.756443
-209.548014,31,8633.881893
-318.31262,34,8634.027316
-297.918469,43,8634.215943
-156.822968,37,8634.368418
-227.344891,68,8634.650855
-366.98482,37,8634.806037
-156.832535,25,8634.913135
-65.442176,25,8635.037229
-235.859347,21,8635.128203
-372.362807,39,8635.310497
-179.221149,30,8635.456617
-240.421653,22,8635.551449
-274.409813,26,8635.655314
-352.070586,37,8635.816083
-544.583324,96,8636.225917
-285.527442,41,8636.400145
-300.741982,31,8636.530215
-224.696204,19,8636.610649
-363.722419,37,8636.768553
-345.365299,37,8636.931023
-312.116413,44,8637.115792
-210.174713,32,8637.250448
-165.6066,25,8637.357305
-100.291257,43,8637.541018
-527.679461,63,8637.802331
-161.413826,23,8637.899076
-191.829399,29,8638.025134
-245.376555,35,8638.171401
-102.38422,32,8638.306185
-475.117857,54,8638.533683
-183.509003,39,8638.699526
-499.122821,61,8638.953605
-162.772061,25,8639.062805
-276.604309,27,8639.178044
-318.351106,45,8639.440603
-238.882208,34,8639.708947
-193.912806,30,8639.950452
-353.604316,37,8640.211661
-693.877917,101,8640.951886
-320.897482,53,8641.328962
-357.005231,37,8641.548409
-285.712179,30,8641.728578
-179.628236,29,8641.861578
-470.601889,56,8642.108635
-301.804882,30,8642.234821
-479.995001,61,8642.489916
-391.819959,37,8642.641743
-171.332311,26,8642.745175
-156.437616,26,8642.850824
-156.125254,23,8642.953657
-223.972461,18,8649.571831
-78.211051,46,8649.817207
46.622477,28,8649.939183
-153.523968,24,8650.045282
-325.799071,34,8650.18288
-219.124667,18,8650.257558
75.705944,21,8650.348623
-297.865801,42,8650.520633
-139.96386,22,8650.610225
-364.344176,55,8650.836217
-561.100102,73,8651.136656
-103.3142,31,8651.269214
-265.736543,37,8651.418826
-346.252832,47,8651.61432
-159.209464,26,8651.720643
-362.087223,38,8651.877835
-63.844389,26,8651.983966
-688.83632,79,8652.317728
-185.292888,28,8652.434361
-253.074013,24,8652.533938
206.058131,22,8652.625835
-265.295105,37,8652.780226
-599.473061,101,8653.24078
-239.674891,22,8653.331214
-310.611404,33,8653.470876
-143.2127,24,8653.566416
-135.219305,22,8653.656722
-314.507773,46,8653.842044
-284.257023,41,8654.019132
-274.549899,37,8654.176825
-260.436374,56,8654.550874
-255.762969,37,8654.70556
-378.848482,38,8654.900514
-355.195231,37,8655.067696
-218.122372,33,8655.206255
-208.882809,44,8655.379926
-121.394809,20,8655.465523
-352.667504,37,8655.641581
-59.338246,40,8655.826598
-397.218896,41,8656.006233
46.06097,23,8656.104321
-120.150456,19,8656.187178
-387.073524,39,8656.350246
-253.33458,35,8656.501146
-253.219767,37,8656.656288
-659.357061,74,8656.972697
-350.100544,37,8657.135668
-273.553322,26,8657.245114
-144.401563,35,8657.386874
-239.41952,35,8657.533385
-341.150789,36,8657.682061
-36.533432,34,8657.824102
-292.591745,29,8657.944553
-242.001967,35,8658.100039
-361.837668,37,8658.25216
-287.838908,28,8658.368453
-370.127945,37,8665.915237
-37.364146,38,8666.100031
-126.417021,21,8666.185746
-406.137786,55,8666.418979
-324.055139,33,8666.557967
-184.345632,41,8666.731811
-585.483509,98,8667.14837
-250.165928,24,8667.254201
-223.26185,35,8667.393365
199.409656,21,8667.478808
-239.91563,22,8667.569362
-278.237576,30,8667.694953
-229.822137,34,8667.834679
-223.332239,32,8667.96599
-248.033065,23,8668.06081
-732.151544,92,8668.442997
-71.856843,26,8668.551469
-357.154311,37,8668.71144
-212.097882,30,8668.840279
-335.332669,38,8668.997505
-374.382572,37,8669.149385
-604.07552,101,8669.567694
-175.67654,26,8669.678042
-266.96361,26,8669.783191
-376.9047,37,8669.933471
-350.25605,37,8670.086077
-253.48871,38,8670.24209
24.044504,32,8670.376118
-167.74967,39,8670.53979
-296.967101,42,8670.714246
-238.286346,20,8670.796098
-366.436651,37,8670.952064
-364.431029,37,8671.106116
-233.344955,21,8671.199598
-387.437507,47,8671.398166
7.20304,40,8671.571458
-75.338822,27,8671.681232
-300.593248,43,8671.858754
-356.078408,37,8672.01643
-166.747919,25,8672.118136
-366.00907,37,8672.268178
-369.697899,37,8672.422696
-153.729757,23,8672.519233
-363.086974,37,8672.680618
-169.04038,25,8672.787482
-216.965188,31,8672.917759
-351.157249,37,8673.073197
-213.839465,32,8673.204163
-355.847812,37,8673.354495
-227.000391,19,8673.434698
-238.191139,34,8673.573742
-161.821357,49,8673.778029
-169.053642,37,8673.926893
-111.124199,31,8674.052598
-249.460977,37,8674.204898
-356.591705,37,8674.357658
-266.835611,41,8680.288099
-414.408685,58,8680.54058
-193.261486,29,8680.659595
-436.559791,46,8681.092444
-90.387959,41,8681.265355
-68.884558,26,8681.373257
-133.326776,21,8681.452718
85.737266,19,8681.530823
-420.528293,44,8681.718143
-353.693384,37,8681.873728
-142.888324,23,8681.980129
-127.164311,20,8682.063376
-194.88658,29,8682.210819
-396.460383,40,8682.382779
-21.005229,19,8682.487877
-251.039196,37,8682.652073
-381.666453,55,8682.879977
-679.638188,101,8683.306032
-88.468357,28,8683.42617
-266.185524,37,8683.582008
-180.197422,27,8683.6913
-327.88439,33,8683.834252
-398.213318,64,8684.112093
4.51527,40,8684.286549
-56.227479,23,8684.381719
-368.607612,37,8684.536023
-103.831633,31,8684.667424
-364.131625,37,8684.83677
-217.314115,64,8685.49773
-368.249076,37,8685.666103
-337.627202,37,8685.82926
-305.567625,32,8685.965593
-697.654354,101,8686.43657
-65.167057,25,8686.558826
-603.992029,101,8687.122325
-362.607041,37,8687.368304
-308.473714,30,8687.646711
-57.741521,23,8687.795676
-154.403645,24,8688.018033
-133.766125,21,8688.214645
-154.409754,23,8688.368185
-196.01147,29,8688.532485
-600.672259,66,8688.833965
-193.524963,28,8688.984001
-233.231801,20,8689.099336
-269.170237,38,8689.27375
-249.934829,25,8689.383774
-376.721847,37,8689.540284
-303.055406,31,8689.664672
-238.587463,23,8689.758708
-250.142583,23,8689.858306
-426.414277,101,8690.290277
-133.053481,21,8690.384222
-184.683524,28,8695.949047
-363.265551,37,8696.144489
-139.145677,22,8696.23695
-242.637555,23,8696.328804
-262.237887,37,8696.478279
-238.893737,54,8696.701992
-141.60148,35,8696.84855
-224.281386,20,8696.933978
-589.660354,101,8697.444155
-247.595334,23,8697.542755
-143.526855,22,8697.632465
-40.80108,78,8697.966042
-257.004695,25,8698.075031
-293.600493,32,8698.210577
-415.42469,46,8698.408697
-80.68079,29,8698.527947
-143.141409,22,8698.617939
-361.017015,61,8698.861998
-116.276567,18,8698.932517
-665.317993,72,8699.221904
-158.183851,24,8699.32126
-349.881498,37,8699.47741
-151.962354,36,8699.624234
-299.708252,40,8699.792106
-224.840373,34,8699.931151
-447.169505,46,8700.124521
-39.675253,22,8700.218547
-175.844062,27,8700.324836
-224.45006,19,8700.402024
-62.456407,24,8700.501044
-317.25779,31,8700.629795
-253.574204,25,8700.731293
-355.938788,51,8700.944558
-231.23652,19,8701.145479
-158.742841,24,8701.239151
-226.010178,35,8701.395949
-271.67117,25,8701.496768
-684.92932,101,8701.91018
-317.731641,61,8702.162319
-96.612621,51,8702.390942
-31.544095,36,8702.558415
-189.36111,27,8702.681074
-364.998865,37,8702.862263
-146.304629,23,8702.960524
-158.201826,24,8703.063701
-274.44243,26,8703.178169
-118.13448,18,8703.253941
-168.048624,25,8703.354057
-335.788345,35,8703.501944
-235.094016,21,8703.592023
-321.767848,44,8703.773025
-321.298967,46,8703.971698
-397.712736,101,8704.403957
-428.9345,101,8712.26432
-110.326169,31,8712.42963
-225.184748,19,8712.514098
-554.575529,81,8712.853967
-51.032779,22,8712.947637
-136.333948,23,8713.042136
-374.740289,37,8713.201255
-57.130915,23,8713.298369
64.782056,23,8713.394667
-354.96588,37,8713.548323
-226.555982,19,8713.62445
-231.543055,35,8713.762444
-72.057596,25,8713.873663
-295.815198,29,8714.001466
-364.21538,37,8714.153133
-124.468738,19,8714.232201
-150.968713,22,8714.327727
-160.88716,55,8714.555644
-227.584318,33,8714.693447
-367.421464,37,8714.845863
-571.635104,101,8715.280172
-203.293212,30,8715.40356
93.424185,33,8715.541786
-472.685617,62,8715.79498
-310.660898,33,8715.931982
-371.979819,46,8716.126812
-444.59647,62,8716.379971
-131.413678,21,8716.47244
-129.726033,19,8716.556216
-133.922868,22,8716.646513
282.164997,25,8716.747908
-290.537345,29,8716.86555
180.059334,21,8716.951455
-409.668497,59,8717.197633
-154.781962,23,8717.298643
-260.94688,37,8717.453476
-92.394585,46,8717.642858
-174.618518,39,8717.804634
-314.451045,31,8717.935351
-174.539582,80,8718.279257
-64.524226,25,8718.386352
-253.477481,37,8718.540372
-230.119922,19,8718.618672
-141.751617,23,8718.711693
-269.518074,53,8718.938052
-227.62033,19,8719.012774
-506.194374,56,8719.240372
-135.156461,21,8719.3282
-268.496275,37,8719.48085
-221.662135,19,8719.561129
-124.991876,20,8719.644935
-199.723302,31,8719.773724
-368.593353,37,8719.927338
-351.43985,37,8720.082531
-209.730451,44,8720.262017
-232.404003,32,8720.389906
-370.822489,41,8720.566716
-122.979884,19,8720.642273
-258.67262,23,8720.73528
-362.091672,43,8726.590983
-177.627038,27,8726.721152
-191.375433,29,8726.847766
-170.487047,27,8726.964904
-322.438227,45,8727.152426
-163.117293,26,8727.261187
-369.348187,37,8727.407632
-446.150722,47,8727.724012
-455.856693,72,8728.035517
-245.101624,23,8728.130671
-354.921584,37,8728.28238
-361.674311,37,8728.432655
-189.954813,44,8728.618957
-344.72861,36,8728.780742
-424.181397,60,8729.049864
-379.480063,37,8729.224006
-57.178473,24,8729.330955
-158.72137,37,8729.489914
-129.507739,19,8729.56837
-318.76624,34,8729.711473
-673.210843,76,8730.045866
-340.140724,36,8730.195868
-401.030268,42,8730.368054
-123.028576,19,8730.445527
-155.260052,23,8730.542815
-221.423168,19,8730.622652
-151.472835,37,8730.777112
-359.036608,38,8730.931902
-351.431731,37,8731.081647
-318.666309,33,8731.217336
-143.530132,34,8731.356333
-212.850719,31,8731.491993
-206.83518,31,8731.620421
-373.649047,37,8731.772325
-139.247279,22,8731.861891
-519.658341,101,8732.282494
-233.302095,35,8732.42307
-144.17894,22,8732.510742
-586.092738,101,8732.927435
-171.97557,40,8733.13371
-292.440964,32,8733.319791
-236.229552,21,8733.448948
-345.784813,36,8733.734265
-125.436957,21,8733.938539
-382.725379,37,8734.242662
-254.265638,37,8734.519906
-370.62307,37,8734.816609
-174.958987,28,8735.025302
-55.507471,23,8735.218266
-223.593064,34,8735.413219
-221.363969,19,8735.502691
-299.864007,30,8735.648463
-316.474301,32,8735.784941
-306.107547,30,8735.911658
-649.774891,86,8741.863495
-155.368467,24,8742.010444
-235.104157,34,8742.175159
-90.82891,29,8742.298291
-224.656763,19,8742.372148
-366.302962,42,8742.543647
-136.708024,35,8742.68978
-292.224556,28,8742.806275
-226.207327,19,8742.883848
-221.934283,46,8743.07625
42.884518,24,8743.175955
-343.412112,36,8743.323276
-242.742163,37,8743.477084
-131.112408,19,8743.553175
-66.074919,26,8743.663036
-205.691959,46,8743.85629
-67.482145,25,8743.958391
-224.749722,35,8744.103418
-186.212678,29,8744.230334
-216.535866,45,8744.41943
-63.39553,24,8744.520823
-251.735347,37,8744.674339
-68.021755,26,8744.780422
-159.54125,24,8744.879665
-159.076824,37,8745.035623
-625.121215,76,8745.344743
-334.763278,38,8745.515106
-414.076966,58,8745.767513
-255.064164,23,8745.864173
-103.224333,29,8745.981962
-369.000714,37,8746.134586
-256.571319,39,8746.29916
-148.674441,25,8746.406232
-166.292769,25,8746.511845
-129.075491,33,8746.648479
-354.891598,37,8746.801552
-351.436982,35,8746.944556
-266.854856,26,8747.055334
-198.343286,28,8747.171595
-311.543097,34,8747.313485
-306.447993,31,8747.603733
-188.465368,29,8747.729123
-241.063696,34,8747.868968
-428.718086,47,8748.069303
-598.789325,74,8748.377323
-296.655129,29,8748.492974
-618.982059,101,8748.948991
-272.471081,37,8749.132564
-276.391035,39,8749.309121
-233.130491,21,8749.397389
-258.765759,37,8749.546145
-353.1492,37,8749.698141
-352.110038,37,8749.863632
59.123862,24,8749.969185
-355.655429,37,8750.123331
-372.445961,37,8750.274615
-450.544766,52,8750.489729
-448.191521,61,8758.908969
252.452434,41,8759.131899
-123.845019,33,8759.26388
-171.477415,37,8759.412575
-154.210812,24,8759.508196
-43.84299,36,8759.6648
-207.188108,33,8759.805412
-221.12834,18,8759.881917
-251.109069,35,8760.023733
-79.631068,39,8760.187668
-221.412365,19,8760.266178
-321.627793,35,8760.413206
-152.623656,22,8760.504587
-60.543199,41,8760.681594
-156.945549,37,8760.837846
27.689265,43,8761.020924
-321.116776,32,8761.153953
-197.438301,29,8761.271319
-125.70328,19,8761.344621
-179.685477,41,8761.516022
-246.939453,35,8761.663153
-337.691088,38,8761.823446
-144.67332,22,8761.916226
-254.357958,37,8762.070533
-143.776889,22,8762.159401
-204.034884,31,8762.285807
-262.968764,26,8762.394242
-198.499056,30,8762.520502
-81.355581,29,8762.645131
-364.730481,37,8762.812348
-252.166567,36,8762.964281
-157.639113,24,8763.064536
-371.105687,37,8763.216032
-477.085941,67,8763.499918
-242.536617,36,8763.654322
-226.604063,19,8763.730883
-258.694709,37,8763.88755
-141.558535,22,8763.978614
-162.047795,25,8764.081028
-125.534518,20,8764.162984
-176.004393,66,8764.447275
-166.759808,51,8764.662463
-538.204212,74,8764.989601
-153.880499,37,8765.145811
-122.572297,19,8765.222968
-161.441068,38,8765.383176
-156.583604,24,8765.478277
-267.544245,38,8765.635896
-235.229623,20,8765.715476
-50.702834,23,8765.809853
-289.337133,27,8765.922472
-235.541694,21,8766.008444
-357.317025,37,8766.161369
-51.82491,65,8766.440216
-439.691784,59,8766.680651
-699.777981,101,8767.105591
-153.103432,23,8767.198759
221.862286,28,8767.317849
-252.723291,37,8767.477413
-229.473757,59,8773.635999
-55.675777,23,8773.73141
-338.118628,34,8773.87616
-347.552393,52,8774.095375
-162.946706,24,8774.192114
-92.876534,28,8774.306765
-292.344217,39,8774.466109
-65.463446,25,8774.57197
-373.754912,40,8774.736373
-298.377205,43,8775.042235
-143.829311,35,8775.191246
-204.538235,36,8775.342134
201.911842,21,8775.431699
-21.832701,32,8775.560526
-253.423589,37,8775.713677
-116.157101,19,8775.789058
-28.551876,36,8775.938819
-628.7151,101,8776.404034
-149.74686,23,8776.520369
-500.512133,101,8776.944522
-139.458927,82,8777.295343
-241.91872,22,8777.385883
-226.397687,34,8777.531111
-168.837586,43,8777.72041
-465.662871,52,8777.9304
-426.153582,65,8778.204822
-179.316042,30,8778.324967
-432.42111,48,8778.522384
-323.818111,34,8778.663537
-243.781272,21,8778.751404
-133.126166,34,8778.893846
-633.210759,101,8779.315125
-153.397723,25,8779.417368
-390.981019,40,8779.583562
-308.875379,44,8779.766339
-267.17348,40,8779.939907
-369.914628,39,8780.10477
-234.794634,35,8780.249342
-167.881781,26,8780.354576
-82.150892,27,8780.51037
-228.868082,21,8780.623504
-295.922466,43,8780.861127
-200.771188,29,8781.087783
-150.881863,22,8781.274357
-246.02226,35,8781.569094
-257.446252,24,8781.813779
-148.384722,36,8782.12669
-203.142814,30,8782.409418
-139.936977,36,8782.672071
-341.971134,34,8782.857663
-204.793153,43,8783.076307
-327.362562,47,8783.287252
-248.31481,24,8789.099176
-234.739834,21,8789.217168
-303.467902,44,8789.410092
-116.506124,18,8789.486153
-126.808901,20,8789.567714
-207.305026,33,8789.708162
-390.44254,101,8790.124673
10.754271,28,8790.241304
72.960025,22,8790.333309
-126.243268,20,8790.416967
-302.810293,29,8790.539512
-251.154538,37,8790.694395
8.674982,48,8790.892413
-237.693649,35,8791.031689
-208.378518,46,8791.21788
-397.484172,47,8791.412706
-205.101503,32,8791.548972
-479.562515,54,8791.77504
-276.855188,27,8791.88425
-128.292076,19,8791.96115
-130.411919,19,8792.039176
-381.202014,46,8792.239788
-335.875496,33,8792.374409
-161.752224,37,8792.533037
-231.570723,19,8792.607782
-143.991071,21,8792.695342
-253.002408,37,8792.841634
-121.777456,19,8792.916955
-400.367528,61,8793.168131
-357.370843,37,8793.327769
-522.433719,57,8793.573003
-315.982761,32,8793.703204
-225.926221,19,8793.782368
-304.169497,31,8793.914829
-248.420589,23,8794.02133
-462.118352,69,8794.323968
86.367683,35,8794.471083
-271.433147,25,8794.573824
-158.349404,24,8794.676478
-32.153958,62,8794.930873
-225.498647,20,8795.181992
119.931688,30,8795.314076
173.916705,27,8795.425213
-127.192861,20,8795.508088
-237.482153,35,8795.663489
-237.891733,23,8795.759211
-252.849363,37,8795.911067
-370.037644,37,8796.061395
-295.79102,34,8796.203155
-503.155258,101,8796.669299
-31.642862,20,8796.787697
-274.566801,28,8796.904544
-233.247415,35,8797.044841
-187.979214,28,8797.166042
-248.588232,22,8797.25676
-453.231039,101,8797.689571
-570.471322,101,8806.077513
-144.384633,36,8806.23439
-373.914185,52,8806.449541
-194.147145,29,8806.574061
-159.254249,26,8806.680794
-264.318529,37,8806.837392
-320.474863,33,8806.978754
-52.303127,86,8807.357551
-30.363882,20,8807.441505
158.207202,24,8807.541701
-161.078867,24,8807.64547
-213.170655,32,8807.783662
-226.771931,20,8807.86951
-151.574218,22,8807.969299
-319.567465,33,8808.103716
-252.26615,37,8808.260955
-359.272515,40,8808.432237
-362.006743,37,8808.581363
-347.830704,37,8808.737387
-54.16335,25,8808.845306
-239.497332,36,8808.995446
-253.578111,37,8809.149108
-139.599802,22,8809.238372
-403.525253,41,8809.410626
-220.798286,33,8809.551321
-178.312358,27,8809.66759
-224.508783,19,8809.741915
-135.608202,20,8809.822426
-117.499327,32,8809.955117
7.261507,34,8810.096374
-223.823826,19,8810.178357
-350.688564,35,8810.322472
-244.045581,21,8810.408275
-63.926934,26,8810.511645
-316.144938,31,8810.647186
-56.484283,24,8810.744358
-338.958424,35,8810.890572
-146.83346,25,8810.991773
-148.733809,23,8811.085816
-106.520866,30,8811.207873
-518.547917,74,8811.512675
-300.41658,31,8811.63974
-138.168177,21,8811.72776
-178.944736,27,8811.836512
-166.358509,25,8811.938759
-224.976339,19,8812.021715
-133.943228,22,8812.11299
-215.698414,75,8812.422604
-239.574942,48,8812.62197
-170.620134,40,8812.783002
-132.254847,21,8812.873506
-371.67985,40,8813.037885
-234.628141,45,8813.227595
-226.913654,20,8813.311923
-315.63332,52,8813.541611
-53.361194,23,8813.642612
-102.689886,31,8813.767327
-543.944512,64,8814.034548
-539.452863,101,8820.337806
-321.256805,33,8820.537556
-200.576933,66,8820.846759
-354.502582,60,8821.127186
-184.424532,28,8821.256236
-266.171124,39,8821.417612
-217.960522,31,8821.547923
-135.010764,37,8821.708604
-257.527241,24,8821.809186
-277.239083,40,8821.974249
59.078504,35,8822.127413
-342.164532,35,8822.270949
-360.567542,38,8822.580786
-172.093211,40,8822.749052
-167.491772,27,8822.858805
-404.982535,54,8823.090195
-225.38814,20,8823.180866
-289.685029,27,8823.299962
-249.082711,34,8823.439995
-62.346235,24,8823.543469
-242.572972,36,8823.704803
88.69335,54,8823.949546
-540.868614,101,8824.407191
-152.91606,24,8824.507063
-299.372683,36,8824.659088
-376.892022,37,8824.826436
-186.539918,28,8824.970574
-354.804268,37,8825.143105
-278.614052,51,8825.386122
-318.241187,32,8825.538777
-223.783557,19,8825.629268
-119.10222,33,8825.783971
-250.423764,35,8825.949272
-212.126483,32,8826.088097
-56.57872,26,8826.198617
-178.465529,27,8826.316903
-256.290962,24,8826.413339
-31.137951,45,8826.604346
233.453219,30,8826.73044
-163.955469,25,8826.83577
-348.573278,36,8826.992356
163.742495,23,8827.093489
-184.570474,27,8827.205382
-372.61489,37,8827.354146
-224.884466,19,8827.44646
-262.908776,37,8827.598932
-638.209811,101,8828.087978
-418.341013,43,8828.501007
-136.715876,20,8828.628512
-226.279417,20,8828.760683
-227.608452,34,8829.054755
-136.100825,22,8829.275463
-161.002736,24,8829.458701
-325.054112,34,8829.719422
-72.564328,29,8830.001277
-95.861437,43,8830.396113
-364.123082,37,8830.682476
-263.141601,37,8837.078059
-229.052677,19,8837.192728
-272.787896,27,8837.32368
59.661475,35,8837.476244
-223.84157,18,8837.549509
-231.966357,35,8837.697209
-254.579929,37,8837.844956
-150.011694,22,8837.93338
-685.839759,101,8838.360555
-190.040761,28,8838.476686
-345.78098,40,8838.644198
-170.137855,39,8838.81485
-151.215268,23,8838.911324
-109.656572,31,8839.038424
-117.64069,32,8839.176857
-370.672829,37,8839.328353
-517.179952,62,8839.582227
-151.171336,22,8839.670199
-140.262666,21,8839.755195
-186.070073,42,8839.924839
-353.475673,37,8840.082427
13.552474,28,8840.197719
-377.84198,45,8840.385978
-204.688408,31,8840.513175
-197.805766,30,8840.636068
-275.468355,41,8840.80559
-214.730676,32,8840.941105
-271.796168,25,8841.049716
-46.815902,22,8841.140651
-394.529209,68,8841.417838
-290.184895,59,8841.653042
-674.003415,101,8842.070528
-257.982771,37,8842.225511
-3.710964,50,8842.434204
-189.762448,28,8842.551981
-244.349714,21,8842.63484
43.216653,23,8842.731188
-224.080439,19,8842.809576
-258.650307,23,8842.908058
-145.770367,24,8843.010382
-235.34383,21,8843.099778
-330.745814,35,8843.245367
-312.824536,64,8843.645482
-228.546281,20,8843.741031
11.760823,29,8843.862183
-255.590508,37,8844.012391
195.970077,22,8844.103199
-156.996988,23,8844.195738
-171.647291,39,8844.363825
-732.263912,80,8844.691874
-184.536078,45,8844.900956
-253.821091,76,8845.251669
-352.880174,39,8845.411395
-399.252867,65,8845.682954
-143.941102,22,8845.770752
-156.264041,24,8854.550364
-368.931708,37,8854.774697
-312.190871,30,8854.902599
-342.421358,35,8855.048296
-363.810602,39,8855.208604
-26.532452,33,8855.348149
-194.336262,30,8855.475429
-225.585579,19,8855.553271
-375.413353,37,8855.713736
-351.315392,50,8855.910998
-199.709672,31,8856.040965
-177.97892,27,8856.15101
-250.979865,36,8856.298622
-250.290308,23,8856.390649
-56.487025,23,8856.481547
-335.665935,35,8856.63028
-357.770226,37,8856.777232
-404.229598,101,8857.204626
-238.767031,21,8857.28785
-201.313611,30,8857.407898
-514.107223,101,8857.818243
-352.246768,44,8858.002197
-612.354907,101,8858.456507
-50.104762,23,8858.56862
-353.276484,40,8858.746549
-434.245634,101,8859.159861
-123.36861,19,8859.242886
-145.621908,22,8859.332243
-95.40715,31,8859.459346
-371.619117,37,8859.605734
-227.00675,36,8859.759152
-370.425957,37,8859.909498
-164.66328,26,8860.017575
-164.523456,52,8860.234476
-355.989884,37,8860.383851
-142.820495,21,8860.466637
-186.289039,28,8860.580512
-156.996956,23,8860.684222
-251.81224,37,8860.874856
-332.111308,57,8861.119679
66.682122,37,8861.284951
-244.326935,39,8861.455698
102.30581,29,8861.579368
-61.751156,24,8861.674134
-747.259977,101,8862.091628
-219.042499,31,8862.220907
52.17314,39,8862.380906
-62.420428,24,8862.475725
-142.127722,22,8862.563624
-128.459577,44,8862.739674
-682.885663,101,8869.936509
-208.089226,45,8870.211727
-174.511125,26,8870.32679
-251.017741,38,8870.484316
43.855938,24,8870.58169
-154.877105,25,8870.680849
-192.134671,29,8870.795433
-313.622744,35,8870.93641
-364.668818,37,8871.094719
-9.261641,33,8871.226627
-410.044352,56,8871.448313
-270.527241,25,8871.549399
-300.10623,46,8871.743898
-234.026452,35,8871.886102
-241.947782,49,8872.092077
-178.833108,26,8872.198264
-131.85095,21,8872.401758
-18.436975,42,8872.573672
-222.689265,19,8872.652587
-287.818678,27,8872.766206
-134.933647,21,8872.856613
-376.870464,39,8873.02258
-276.66545,27,8873.130433
-153.437493,23,8873.225288
-309.929849,31,8873.357112
-232.804449,20,8873.443089
-372.140368,36,8873.590676
-48.043452,40,8873.751165
-347.644642,37,8873.910245
-182.681233,27,8874.043931
-502.022201,54,8874.300153
70.553541,22,8874.407728
-235.072416,34,8874.553866
-30.214614,19,8874.633453
-117.292704,33,8874.772389
108.830659,39,8874.936731
-244.72535,23,8875.030504
-39.966196,21,8875.120163
-150.019747,35,8875.261247
-237.980667,20,8875.342971
-245.629198,36,8875.484121
0.815683,29,8875.60832
-370.424118,66,8875.879126
-280.586862,40,8876.050653
-91.36462,43,8876.227341
-371.479992,37,8876.37426
-286.406193,35,8876.515521
-119.01472,19,8876.592996
-436.486873,46,8876.785313
-220.653525,47,8876.983041
-178.676276,26,8877.092926
-367.525501,37,8877.248587
-354.066603,36,8877.399219
-56.98754,23,8877.49757
19.24255,30,8877.620212
-210.614145,31,8877.746111
-759.765779,101,8878.17906
-198.881745,42,8878.426251
-41.228773,22,8878.571005
-58.377458,25,8878.789245
-240.265461,22,8878.944524
-341.510953,34,8887.714581
-309.449665,32,8887.879484
-242.770563,38,8888.046384
-226.531649,20,8888.125131
-59.22505,52,8888.367373
-314.617368,46,8888.549513
-229.246568,35,8888.695603
-369.66488,37,8888.849941
-112.42153,18,8888.921731
-310.775713,38,8889.074186
-440.986538,67,8889.34153
-77.461852,27,8889.449439
-123.978725,38,8889.604143
-274.074624,39,8889.765799
3.402117,50,8889.96448
-82.279644,29,8890.086101
42.835327,25,8890.194758
-486.882212,53,8890.404707
-232.260466,19,8890.483352
-128.246013,19,8890.56213
-130.076163,21,8890.648132
-359.304277,52,8890.862485
-264.730048,46,8891.044333
-285.77809,46,8891.228688
-220.09024,19,8891.30843
-53.752621,39,8891.468846
-166.28921,25,8891.569429
-252.084383,37,8891.725886
-362.246367,37,8891.878857
46.427774,65,8892.141974
-297.557621,28,8892.253779
-247.19465,23,8892.345573
-296.423719,30,8892.464304
-268.821406,38,8892.615114
83.574372,20,8892.695502
-511.26499,66,8892.973669
-250.650193,36,8893.124205
-276.197891,28,8893.238123
-233.058378,22,8893.329318
-248.850038,23,8893.422154
-141.100305,22,8893.508183
-89.111362,28,8893.622437
-426.814204,66,8893.896093
-156.703951,23,8893.990096
48.053235,28,8894.107318
-363.865448,52,8894.31565
-353.118839,35,8894.625663
-272.987185,26,8894.733667
-307.159283,30,8894.852539
-374.106671,37,8895.005142
-234.962483,47,8895.190214
-509.827359,55,8895.406794
-230.791151,39,8895.567296
-195.662794,29,8895.703422
-226.276181,19,8895.791271
-293.964605,31,8895.944458
-129.422564,33,8896.109986
-226.0287,19,8896.187953
-60.848684,24,8904.004079
9.074979,54,8904.323577
-417.090604,44,8904.508966
-125.92282,19,8904.587609
-38.254475,23,8904.682047
-290.317195,28,8904.796402
-372.188406,33,8904.932676
-145.428326,22,8905.022612
-282.327369,65,8905.296437
-239.949441,22,8905.388775
-122.945419,34,8905.528166
-41.792539,22,8905.61622
-234.513416,21,8905.703203
-253.652095,39,8905.861896
-117.726119,57,8906.092394
-278.502246,42,8906.261617
-299.458715,31,8906.391118
-227.734336,20,8906.471731
-186.085659,54,8906.685778
-284.74798,29,8906.80144
-240.422913,37,8906.956449
-352.412741,37,8907.112452
-58.385422,24,8907.20522
39.925463,40,8907.36794
-371.74798,37,8907.51801
-555.920417,66,8907.79372
-345.477715,37,8907.944346
-125.492429,46,8908.141377
-496.629525,91,8908.520753
-173.686797,27,8908.633428
-296.369207,42,8908.808873
-343.180838,34,8908.947554
-40.020751,21,8909.037505
-396.945205,50,8909.245455
-144.077177,22,8909.339824
-373.861107,40,8909.504546
-371.211439,56,8909.7326
-9.337452,48,8909.935402
-200.688049,29,8910.059668
-367.827747,37,8910.21745
-223.644136,19,8910.292846
-58.586101,24,8910.392893
-140.393882,21,8910.482323
-322.75596,45,8910.671567
-353.860589,37,8910.823528
-278.804222,28,8910.938197
-173.055407,26,8911.051338
-229.837764,19,8911.130502
-233.621504,34,8911.260723
-476.458298,56,8911.492369
-273.499085,27,8911.608078
-122.581858,19,8911.683312
-340.723388,34,8911.81934
-360.103682,37,8911.971316
-236.589419,23,8912.076985
-354.490741,37,8912.234778
-353.48828,37,8912.392076
-460.70338,61,8918.549054
-348.652899,37,8918.748382
-531.740099,101,8919.18128
-282.098556,28,8919.298686
-475.948649,74,8919.597757
-49.347549,79,8919.928697
-248.51325,36,8920.074582
-56.225352,24,8920.177472
-104.740332,32,8920.307797
-119.78776,19,8920.384018
-85.784413,43,8920.560739
-487.619639,101,8920.979231
-156.576943,23,8921.074219
-195.063451,44,8921.257483
-641.401718,101,8921.812603
-147.412156,23,8921.91631
-305.142578,29,8922.044395
-344.443116,35,8922.184573
123.962174,35,8922.342558
-551.481534,68,8922.637366
-259.934409,24,8922.749415
125.759498,26,8922.872263
-257.540191,25,8922.994044
-208.597362,31,8923.123203
-250.843502,37,8923.277739
-151.402653,23,8923.372246
-144.448339,37,8923.519544
-257.245759,36,8923.672638
-234.785629,33,8923.813475
-111.52944,43,8924.001266
-90.999108,28,8924.133241
55.20821,38,8924.289445
-326.70641,64,8924.55815
-370.570185,37,8924.717441
-301.508955,31,8924.850998
-85.01276,30,8924.975044
-308.949144,30,8925.097051
-291.621406,29,8925.222124
-239.180563,21,8925.311228
-183.535382,28,8925.426367
-348.898214,37,8925.584745
-468.704747,95,8925.978039
-85.435802,28,8926.093107
-551.276667,101,8926.516461
-187.120118,27,8926.632033
-534.279544,63,8926.947668
-232.732212,21,8927.064806
-133.038699,59,8927.466608
-273.122505,43,8934.404881
-249.468821,37,8934.580449
-260.023182,38,8934.739426
-149.409627,22,8934.832029
-356.82296,38,8934.992411
-152.841898,23,8935.088493
-347.615982,36,8935.235236
-132.802481,22,8935.320733
-220.693588,19,8935.398034
-173.77907,26,8935.506351
-359.10947,37,8935.65767
57.148087,53,8935.873484
-143.179288,22,8935.967232
-284.517535,28,8936.088288
-349.11118,35,8936.227757
-256.054364,23,8936.323201
-279.366221,27,8936.436803
-300.465552,30,8936.560604
-225.339654,21,8936.651246
-132.82581,21,8936.744953
-125.210855,32,8936.878039
-216.741409,31,8937.010347
39.997648,25,8937.115954
-263.215548,39,8937.278812
-161.142954,26,8937.38741
-265.763908,38,8937.548385
-381.096939,88,8937.987676
-209.104422,30,8938.15127
-93.79886,29,8938.270293
-293.114008,42,8938.451645
184.25175,20,8938.537015
-230.300429,20,8938.62107
-207.208787,30,8938.751285
-156.608654,26,8938.863617
-469.579205,90,8939.238048
-237.456866,20,8939.322961
-210.384831,31,8939.457295
-350.318681,37,8939.599959
-225.520358,20,8939.679597
-220.002975,19,8939.76165
-355.261093,37,8939.917637
-325.085758,32,8940.056592
-369.742161,37,8940.21361
-472.453822,77,8940.531651
-196.782447,29,8940.651571
-223.779283,33,8940.787165
-414.902555,46,8940.976474
-224.688305,19,8941.058732
-290.273482,29,8941.18262
-363.303058,37,8941.331247
-374.237927,37,8941.486778
-25.676162,67,8941.906633
-167.937499,27,8942.026333
-522.107825,101,8942.456258
-411.192207,42,8942.627361
-136.25627,21,8942.71011
-257.035132,37,8942.861985
-311.698957,64,8951.443438
-236.145572,21,8951.57269
-232.121293,19,8951.674612
-268.318653,37,8951.829397
-149.712136,24,8951.927834
-379.018486,53,8952.149663
-360.894458,37,8952.308088
-325.963539,46,8952.502669
47.942724,28,8952.623946
-280.164171,27,8952.734556
-217.093234,33,8952.889245
-296.567953,29,8953.011208
-252.716637,25,8953.117101
-111.662639,31,8953.247425
-189.568919,28,8953.367828
-353.456987,37,8953.528011
-558.134588,75,8953.834153
-286.026444,50,8954.046604
-35.968621,20,8954.13237
-266.369117,41,8954.309334
-224.587846,19,8954.385926
50.425989,24,8954.483946
-754.260669,101,8954.909799
-133.569573,38,8955.064274
-223.013812,20,8955.1471
-124.543619,20,8955.23155
-159.470763,26,8955.340407
-370.051732,37,8955.49415
-557.148541,101,8955.924361
-251.574996,24,8956.029921
-157.362582,24,8956.133281
-661.11812,84,8956.478295
-345.687596,36,8956.630295
-264.792071,25,8956.732885
-308.721722,31,8956.866113
-241.14583,33,8957.000639
-134.549034,21,8957.095187
-132.471885,21,8957.182114
-624.399133,77,8957.508207
-371.432472,65,8957.778192
-73.923769,28,8957.893264
-249.698531,37,8958.053272
-139.516126,22,8958.143608
-375.895253,37,8958.300843
-267.229806,26,8958.409738
-399.18446,42,8958.58867
-123.760608,32,8958.723806
-238.106908,20,8958.80178
-356.02551,36,8958.944589
-351.181795,39,8959.109639
-367.765478,37,8959.257895
-424.870374,67,8959.540036
-64.649511,24,8959.639308
-149.624058,22,8959.729016
-316.052286,33,8959.863396
-126.127896,35,8960.007729
11.537378,28,8965.808318
-170.73227,28,8965.97373
-537.83442,58,8966.234715
-150.454871,22,8966.325397
29.643495,25,8966.427726
-66.115399,25,8966.530254
-353.862028,37,8966.68018
-134.826949,22,8966.771853
-101.986642,32,8966.905734
-266.348132,38,8967.06398
-214.651954,31,8967.201606
68.234258,23,8967.300467
-401.128778,43,8967.4781
-232.316638,22,8967.569845
-260.866732,25,8967.673103
-360.251908,37,8967.823439
-160.413589,24,8967.922305
-133.592077,20,8968.011412
-169.170107,42,8968.183163
-233.747293,34,8968.329899
-145.056022,45,8968.521611
-359.26948,40,8968.683859
-261.338754,24,8968.785717
-66.68675,27,8968.904295
-204.202596,31,8969.030027
-136.657496,21,8969.2242
-258.83496,24,8969.324678
-444.726478,77,8969.658891
-221.884792,19,8969.738163
-145.075825,23,8969.833384
-329.552707,34,8969.973922
-166.290372,25,8970.083707
-184.570831,27,8970.198961
-113.34844,31,8970.325291
-716.631883,101,8970.822008
-156.956412,36,8970.969795
-270.812796,28,8971.088212
-123.636504,19,8971.169489
-233.921194,21,8971.255698
-305.036241,30,8971.379946
-136.932244,20,8971.460305
-156.699859,23,8971.562442
-192.705751,29,8971.688747
-342.630725,36,8971.834974
-270.285496,25,8971.937291
-222.776993,37,8972.08689
-160.266581,24,8972.183564
-70.879304,25,8972.290007
-497.722364,56,8972.523721
-315.201225,45,8972.713955
-219.610885,18,8972.788626
-148.323173,24,8972.88822
-377.263877,48,8973.095885
5.501558,29,8973.216096
-235.340989,35,8973.360652
-359.931732,37,8973.515951
-315.935782,31,8973.644535
-51.901413,23,8973.740296
-210.859142,43,8973.928709
-94.485916,29,8974.059187
-350.946406,37,8974.215602
-228.482447,19,8974.294718
-353.779172,37,8974.452436
-151.630366,22,8974.546307
-81.495696,27,8982.129256
-160.432157,36,8982.333155
-39.661741,36,8982.493298
-139.646432,22,8982.584833
-355.109739,37,8982.736471
-102.071469,31,8982.869005
-142.128288,22,8982.962124
-317.025119,33,8983.099279
-269.67116,37,8983.249792
-267.075007,52,8983.469985
-270.131013,74,8983.765896
-80.604661,27,8983.876977
-171.033488,27,8983.98558
-300.34287,53,8984.203029
-329.280936,36,8984.36087
-206.172105,44,8984.549958
-435.884752,54,8984.774909
-162.077724,26,8984.880471
-223.279328,33,8985.018982
-384.702582,46,8985.269838
-259.235156,25,8985.605469
-362.403282,39,8985.853595
-149.083028,23,8985.960046
-131.550072,36,8986.122492
-112.187752,31,8986.250578
-293.872336,30,8986.374696
-362.200645,37,8986.527221
-372.360704,37,8986.681968
-253.490662,50,8986.8871
-233.119214,19,8986.965497
-287.60738,30,8987.104926
-34.700656,20,8987.191355
-314.46091,31,8987.32143
-289.629693,45,8987.51092
-225.768753,33,8987.656548
16.520116,30,8987.78962
-312.33896,32,8987.923922
-83.638004,28,8988.042915
-386.604271,41,8988.227185
-222.165141,19,8988.306086
-356.470841,37,8988.46879
43.694254,24,8988.574894
-117.763868,19,8988.655615
-321.24771,33,8988.796707
-376.234639,37,8988.953408
-182.053318,28,8989.071497
-657.653256,101,8989.496881
-390.110292,101,8989.928149
-50.815235,22,8990.024828
-217.699525,57,8990.269133
-349.078646,36,8990.640158
-328.347668,32,8990.77366
-508.564555,65,8991.05487
-261.868264,28,8991.170793
-260.628959,37,8991.327029
-249.032349,36,8998.953228
-278.275101,41,8999.325256
95.870829,33,8999.541302
-349.52644,50,8999.832685
-229.364195,19,8999.928368
-375.776987,37,9000.110063
-290.360107,42,9000.293644
-274.795194,28,9000.410651
-157.440374,25,9000.522907
-361.540424,38,9000.689706
-254.854822,64,9000.962975
-126.887009,19,9001.043255
-134.590232,21,9001.12924
-282.177778,42,9001.296273
-252.272309,37,9001.458588
-139.065361,37,9001.611705
-157.774567,37,9001.765036
-152.531465,36,9001.912545
-752.224557,101,9002.335954
-303.739697,43,9002.510552
-262.201252,24,9002.613545
-515.110004,101,9003.033419
-567.983139,101,9003.456645
-352.470682,37,9003.610791
-132.329866,22,9003.706567
-233.814527,21,9003.797166
-283.111875,27,9003.910927
-377.223888,37,9004.064033
-166.188364,30,9004.184808
-154.982384,24,9004.282808
-554.550432,69,9004.566241
-244.585165,35,9004.716228
-186.97805,28,9004.829488
-140.916552,38,9004.986795
-264.718089,38,9005.147695
-252.995278,37,9005.302656
-134.654487,36,9005.449142
-272.709002,41,9005.619535
-191.412332,31,9005.748247
-345.932721,35,9005.89412
-361.487724,37,9006.049426
-434.22426,67,9006.325721
-214.257162,42,9006.492888
-282.450039,29,9006.610583
-177.46438,29,9006.728836
-351.931587,48,9006.927592
-23.634723,35,9007.071957
-329.252994,47,9007.267642
-194.384032,31,9007.393542
32.007075,44,9007.574171
-178.626404,27,9007.685461
-183.641953,31,9007.809933
-36.358413,22,9013.676819
-758.361039,101,9014.141127
-373.276789,37,9014.295694
-13.835517,31,9014.425045
-214.35945,33,9014.567712
-184.394022,27,9014.681379
-221.770222,32,9014.809437
-185.360517,28,9014.925449
-55.789239,38,9015.089619
-340.398398,36,9015.24637
106.14612,35,9015.395631
-361.7408,37,9015.555483
-191.779616,67,9015.841411
63.485881,42,9016.025232
-376.184482,37,9016.178543
-206.372644,34,9016.314942
-442.761834,66,9016.585787
-313.463966,44,9016.764001
-260.596416,37,9016.913352
-218.684367,45,9017.098691
-413.331402,43,9017.278819
-251.514521,23,9017.554514
-179.631892,27,9017.665723
-107.489847,41,9017.843819
-167.773161,25,9017.945708
-198.007494,31,9018.071786
-197.68664,31,9018.195284
98.278732,65,9018.462009
-171.626398,28,9018.576373
-222.881413,19,9018.657732
-161.352744,25,9018.78665
-332.587958,51,9019.035739
-395.834075,53,9019.247189
-86.669766,28,9019.359713
-288.343392,29,9019.480416
214.792333,48,9019.687745
-183.400641,28,9019.802041
-612.127925,101,9020.240827
181.710413,35,9020.387397
-371.577391,37,9020.541781
-85.247213,27,9020.653315
-248.553481,36,9020.7988
-127.105716,34,9020.941222
-269.223329,38,9021.104019
-57.774062,26,9021.210589
-156.863142,37,9021.36405
-369.2988,38,9021.530631
-344.552458,36,9021.680116
-167.713311,39,9021.847596
-69.307914,26,9021.956128
-192.490742,30,9022.078997
62.647125,42,9022.250401
-132.843372,34,9022.391968
-292.935789,41,9029.518917
-52.32571,36,9029.696006
-253.785688,37,9029.876112
-263.273743,37,9030.04568
-125.0344,20,9030.126912
-162.710758,51,9030.343046
-395.051159,57,9030.57832
-276.647726,42,9030.755453
-224.915647,21,9030.845071
9.057465,81,9031.18171
-362.498836,37,9031.340036
37.053848,24,9031.433236
-183.099983,51,9031.641573
-303.914977,30,9031.767141
-146.717926,23,9031.865454
-150.751142,23,9031.961687
72.323746,36,9032.112926
-321.79831,50,9032.321589
-311.647305,31,9032.450532
-241.610312,35,9032.586672
-184.212947,28,9032.705231
-218.284669,31,9032.838438
-116.058115,31,9032.968289
-346.505484,37,9033.11852
-349.557473,37,9033.267668
-177.91166,27,9033.376593
-183.026553,28,9033.483984
-48.504927,39,9033.650038
-137.425108,20,9033.726513
-236.283211,20,9033.805579
-254.781598,25,9033.904893
-367.586388,37,9034.056556
-280.694993,27,9034.166741
-221.536228,19,9034.244478
-393.316712,43,9034.423791
-120.008269,52,9034.651089
-37.842182,36,9034.795901
-403.429038,101,9035.205894
-352.46942,36,9035.356604
-140.582475,23,9035.445683
-817.748006,94,9035.830887
-54.41111,23,9035.921421
-301.52966,45,9036.103879
-372.290078,40,9036.26982
-359.170823,36,9036.414712
-264.296661,37,9036.564376
-552.683644,73,9036.870843
-161.487138,26,9036.979732
-133.234788,20,9037.062028
-137.76342,23,9037.158353
-34.320213,20,9037.239006
-425.297025,45,9037.420935
-336.503638,34,9037.727872
-144.681606,63,9038.001027
-194.88638,30,9046.077068
-52.381255,23,9046.359429
-257.46653,37,9046.800786
-359.836941,42,9047.241407
-286.481474,62,9047.655348
-119.953839,19,9047.758883
-233.360257,46,9047.971581
-236.915017,34,9048.120917
-269.806317,25,9048.227441
-111.302,33,9048.372849
-238.098372,52,9048.594411
-136.215705,20,9048.681598
-327.471934,99,9049.112118
-139.417656,22,9049.204465
-285.339379,31,9049.335635
-108.936571,51,9049.558626
-266.674347,39,9049.721658
-352.379857,37,9049.88515
54.034122,60,9050.138542
-69.149977,37,9050.301191
-247.025442,42,9050.479838
-136.41778,22,9050.571254
111.997641,31,9050.707188
-354.782086,37,9050.862395
-186.505475,28,9050.982155
-430.804111,53,9051.204768
-320.827925,46,9051.394896
-24.919688,34,9051.545264
-183.816393,28,9051.658225
-427.511399,63,9051.934613
-236.432601,36,9052.11663
-155.824024,25,9052.227782
-135.516942,20,9052.311749
-257.434922,37,9052.45973
43.547942,24,9052.569704
-169.995323,27,9052.679666
-237.802906,34,9052.819325
-454.496246,55,9053.04421
-261.976005,56,9053.285753
-234.724882,57,9053.523632
-326.216978,36,9053.6737
-268.625782,28,9053.790658
-257.839422,26,9053.901775
-134.556352,20,9053.983335
-329.367691,37,9054.140351
-224.834967,35,9054.283242
-336.563307,34,9054.421477
-707.76448,81,9054.776529
-186.988625,28,9054.892903
-519.477761,59,9055.13126
-398.968525,41,9055.304809
-161.848432,26,9055.412124
-185.39329,91,9061.738854
-121.848516,19,9061.837982
46.113017,27,9061.956829
-740.867536,101,9062.370985
-348.625453,48,9062.56828
-368.941976,41,9062.740002
-309.374939,32,9062.876578
-269.538687,28,9062.990914
-277.022127,26,9063.097434
-280.088527,26,9063.206826
-354.971582,37,9063.363063
32.687155,26,9063.472207
-263.083399,26,9063.585406
-243.584829,36,9063.735639
-181.924439,29,9063.85642
-199.661948,30,9063.987832
-182.437646,27,9064.098989
-870.485712,101,9064.517238
-235.446856,21,9064.616283
-292.06384,28,9064.743766
-51.069949,36,9064.898522
-223.113328,19,9064.968955
-46.972491,23,9065.064756
-226.138867,18,9065.136535
-376.738642,37,9065.285362
-172.307766,27,9065.393458
-300.026428,57,9065.621838
-264.594694,25,9065.726749
-140.430034,21,9066.007544
-175.85861,27,9066.125401
-474.534323,57,9066.373364
-192.585299,41,9066.549621
-370.137822,39,9066.710151
-231.984741,35,9066.85557
-153.034816,36,9067.002819
-159.652846,24,9067.110008
-735.834409,84,9067.52972
-219.28944,19,9067.615921
-467.378628,51,9067.830483
-354.237295,37,9067.991606
-254.12281,37,9068.142939
-495.003972,93,9068.551205
-363.87504,38,9068.711201
-101.610464,30,9068.838704
-164.584243,25,9068.957589
-125.459751,21,9069.069375
-160.75619,39,9069.269405
-205.201052,30,9069.402938
-47.450041,24,9069.503396
-309.820638,31,9069.631452
-208.021602,32,9069.770117
-477.163498,54,9069.99928
-175.928128,26,9070.108984
-303.976305,43,9070.280326
-170.460133,26,9070.38804
-350.382016,37,9070.54667
-161.40117,26,9077.928321
-162.02239,24,9078.072079
195.84637,48,9078.276941
-237.455197,20,9078.362598
-254.035862,37,9078.522187
53.882449,75,9078.827666
-305.150226,32,9078.964729
-143.30146,39,9079.128222
-140.355279,23,9079.225133
-404.974267,47,9079.418484
-367.134856,51,9079.632419
-219.053363,33,9079.767131
-188.252091,47,9079.961862
-520.135284,62,9080.218824
-162.106879,37,9080.366487
-189.569792,43,9080.548048
-265.510531,26,9080.659146
3.658762,35,9080.809433
-686.232324,101,9081.231532
-220.354916,54,9081.449574
-382.210909,60,9081.705694
4.423202,29,9081.826021
-2.16234,29,9081.949016
-42.019136,22,9082.042705
-362.932519,37,9082.199489
-203.763334,31,9082.326829
-421.705425,44,9082.507765
-336.587607,35,9082.649481
-141.82353,21,9082.732691
-108.256786,31,9082.866514
-370.838124,37,9083.01592
-475.148796,74,9083.319043
-264.892392,37,9083.467084
-273.716225,27,9083.574075
-193.742914,28,9083.687856
-239.169124,35,9083.826664
-207.660682,31,9083.959613
-244.774441,23,9084.05945
-32.953908,36,9084.205177
-246.831683,37,9084.356017
-535.982249,72,9084.661867
-165.146667,26,9084.768792
-211.738696,42,9084.941968
-105.435313,30,9085.066584
-286.728027,30,9085.18764
-283.801706,40,9085.348286
-132.199882,34,9085.484172
-253.453506,37,9085.638837
-325.739347,32,9085.769642
-228.377567,20,9085.853546
-233.775241,20,9085.933323
-367.881244,37,9086.085839
-685.639708,101,9092.443568
-315.706522,46,9092.654987
114.725595,28,9092.772964
-96.814557,30,9092.894203
-228.833816,21,9092.977218
-60.859926,24,9093.080848
-432.266555,45,9093.270221
-152.301567,24,9093.368167
-116.908647,19,9093.44586
-311.291574,32,9093.595791
-233.056325,34,9093.745038
-365.15574,39,9093.988249
-408.673065,65,9094.258906
-376.631829,39,9094.42745
-226.436212,18,9094.500547
-172.677171,28,9094.61815
-96.415205,29,9094.759304
-612.311379,101,9095.174417
-370.964438,37,9095.324999
-128.002931,33,9095.458934
-325.726808,46,9095.656205
-349.370962,35,9095.797078
-171.267677,27,9095.9072
-172.287872,27,9096.021172
23.276743,53,9096.244272
-267.821224,27,9096.351917
-177.971178,27,9096.464403
-216.056384,38,9096.625251
-156.023026,24,9096.725862
-157.019378,23,9096.825153
-376.37589,37,9096.975379
-292.261581,29,9097.0977
-59.736049,25,9097.199759
-120.473105,46,9097.393645
-259.666224,24,9097.49348
86.680048,37,9097.640949
-128.976625,21,9097.728376
-429.32416,58,9098.040765
-351.826181,37,9098.256274
-263.53447,37,9098.577943
-284.785957,28,9098.823266
-104.743753,33,9099.260347
-265.375053,26,9099.599632
-282.759479,29,9099.977172
-54.076462,23,9100.22284
-345.090653,35,9100.663378
-269.720728,38,9101.129183
-324.36996,32,9101.498686
-377.830589,40,9101.925133
182.682847,20,9102.160003
-244.744426,36,9102.566057
-682.466834,77,9103.283179
-165.971748,26,9103.477197
-328.700732,36,9103.766603
-220.282498,32,9103.979387
-291.065009,42,9104.180732
-177.414784,27,9104.302536
-374.538269,39,9104.462524
-204.804143,30,9104.595706
104.124478,29,9110.677457
-259.829852,25,9110.810455
-201.553312,31,9110.960674
-193.822738,47,9111.161441
288.999854,38,9111.322598
-350.126641,37,9111.475346
-498.835055,55,9111.713045
-363.923807,37,9111.873498
-189.592232,28,9112.006434
-309.351391,45,9112.198091
-150.943522,22,9112.291835
-120.42755,20,9112.379033
-221.350208,59,9112.628787
-38.977363,23,9112.725823
-292.997564,28,9112.836564
-363.749791,37,9112.993755
-212.917116,36,9113.141989
-743.6134,101,9113.588326
-424.560556,68,9113.873354
-337.134062,37,9114.028269
-434.724854,48,9114.236076
-178.831372,27,9114.342945
16.67167,28,9114.457921
-226.244065,20,9114.541815
-230.730557,21,9114.641252
-166.781753,35,9114.796524
-220.246754,19,9114.879423
-78.476834,27,9114.991118
-496.872393,56,9115.222794
-351.661302,36,9115.570648
-350.618825,37,9115.728018
-295.302298,28,9115.841046
-259.630827,37,9115.995368
-617.164227,101,9116.413528
-449.062477,47,9116.615122
-219.399133,32,9116.743605
-221.813252,34,9116.891768
-204.749946,30,9117.015505
-118.273647,35,9117.159174
-329.144547,38,9117.317693
-376.762834,38,9117.476212
-243.509548,37,9117.633739
-363.321861,37,9117.824827
-204.074697,32,9118.006671
-129.296512,20,9118.096271
-357.261715,37,9118.253889
-236.147665,33,9118.394606
-529.472263,101,9118.828666
-375.635527,39,9118.992265
-163.701284,37,9119.146939
-361.153453,37,9119.299905
-156.422124,24,9119.39821
-158.660988,25,9119.504841
-153.451147,39,9126.806887
-180.658292,29,9126.954271
-66.035547,39,9127.132569
-256.781778,37,9127.291039
-289.175381,33,9127.42692
-172.969677,26,9127.535316
-170.487618,39,9127.701491
-479.145812,73,9128.004101
-443.598633,69,9128.311824
-62.848003,25,9128.419069
-206.676883,30,9128.544236
-358.832505,37,9128.7072
-541.65713,57,9128.943462
-43.715822,36,9129.095719
-118.227303,48,9129.298908
-326.084203,32,9129.433046
-352.08651,37,9129.586886
-277.313596,29,9129.704042
214.682382,49,9129.909645
-314.076157,58,9130.145781
-262.062647,37,9130.300518
-274.977662,27,9130.412958
-145.108854,22,9130.504616
-263.019398,37,9130.659022
-215.170665,50,9130.874211
-137.935017,21,9130.95495
-182.515977,28,9131.070265
-125.263902,22,9131.158777
-547.95705,66,9131.433699
185.811352,22,9131.525202
-136.883331,21,9131.607619
-379.949011,41,9131.77623
-272.272033,40,9131.942623
-286.186379,29,9132.068049
-154.094594,25,9132.174833
-125.076984,20,9132.258576
-161.373657,25,9132.361276
8.683353,28,9132.476217
-198.075825,30,9132.602977
-328.825699,34,9132.743009
78.869183,26,9132.866531
-205.782489,43,9133.056346
-205.681001,33,9133.203927
-368.880769,37,9133.359405
139.527343,43,9133.541124
25.419984,64,9133.813427
-254.597044,25,9133.92192
-308.580986,37,9134.077437
-357.788576,37,9134.232927
-247.652822,23,9134.327256
-163.809361,25,9134.428512
-181.838011,26,9134.536862
-450.251741,63,9134.799245
-214.295385,32,9134.938867
-412.90581,45,9135.136395
-378.19651,40,9135.307924
-221.531548,33,9141.18784
-160.985013,25,9141.336651
-351.591393,39,9141.503103
-193.550314,28,9141.625458
-158.799082,28,9141.903913
-220.966392,19,9141.987443
-273.512963,41,9142.16945
-326.607536,34,9142.313659
-240.064081,35,9142.46369
-250.703303,22,9142.558562
-293.347127,55,9142.786329
-45.564297,24,9142.894906
-383.196901,60,9143.182629
-189.563552,41,9143.400582
-360.404666,38,9143.555756
-234.400922,48,9143.751382
85.815187,35,9143.898008
-299.140773,45,9144.08017
-398.272227,46,9144.275401
-161.307273,26,9144.38738
-64.066706,25,9144.49483
-244.990773,23,9144.591731
-382.873034,40,9144.76585
-149.941157,22,9144.856765
-159.417042,26,9144.967396
-322.252726,33,9145.10098
183.396581,24,9145.200592
-119.136708,19,9145.276582
-367.801809,41,9145.44796
-441.349155,59,9145.707838
-275.498307,37,9145.891694
-304.332074,45,9146.098784
-156.598329,26,9146.219314
-155.812231,25,9146.331311
-259.000553,37,9146.504692
-204.36416,31,9146.642684
-304.093814,46,9146.83867
-49.042241,23,9146.939152
-368.359176,38,9147.103686
-296.803033,65,9147.483823
-283.618095,27,9147.61788
-134.500124,22,9147.734324
-106.291422,31,9147.922176
201.032917,21,9148.035161
-71.556473,26,9148.185264
-198.64126,44,9148.517679
-60.605851,25,9148.765042
-257.961523,37,9149.262812
-352.71889,37,9149.673745
188.683516,19,9149.881337
-357.933188,37,9150.239806
54.918296,25,9150.503446
-342.216432,42,9150.882428
-415.601696,44,9151.354779
-211.876499,32,9151.682672
-351.717571,37,9152.028835
-354.772607,37,9152.262884
-229.020376,34,9152.419138
-24.969796,65,9152.700443
-179.946159,29,9158.690002
-527.624709,60,9158.99461
-209.437632,32,9159.129424
-362.67283,37,9159.284012
-628.041516,101,9159.706266
-207.925892,32,9159.834676
-343.466361,35,9159.976327
-319.646778,49,9160.181063
-597.83374,93,9160.614913
-207.188001,33,9160.767965
-332.689806,33,9160.916633
-719.801618,101,9161.335454
-299.916589,29,9161.452786
-134.978199,22,9161.54451
-274.235609,36,9161.695728
-224.930182,33,9161.834542
-194.334096,31,9161.959797
-240.129792,36,9162.122144
145.719399,56,9162.363047
-250.964278,24,9162.457083
-218.644122,32,9162.586978
-358.755376,37,9162.734736
-351.691306,37,9162.886454
102.296338,29,9163.00485
-40.021062,34,9163.148224
-452.79501,71,9163.441766
-217.998781,73,9163.924072
-101.8925,30,9164.052329
-237.039706,20,9164.139217
-359.300389,56,9164.367795
-284.792959,44,9164.546395
-226.984853,20,9164.6429
-537.479974,86,9165.010868
-252.328813,37,9165.166353
-275.973671,26,9165.267808
-367.729573,37,9165.417377
-363.876487,37,9165.56837
-45.517479,22,9165.701054
-228.890929,21,9165.837717
-321.61881,36,9166.083209
-266.660829,25,9166.207706
-412.265526,48,9166.443789
-138.368518,22,9166.556372
-168.78655,26,9166.677083
-358.5725,37,9166.859245
-287.304413,30,9166.981091
-390.823423,66,9167.270787
-164.611644,27,9167.386343
-238.883291,36,9167.537731
-367.547391,37,9167.694477
-366.444987,38,9175.13159
-226.104544,32,9175.313657
-251.048544,37,9175.470794
-153.14052,23,9175.566331
-272.465307,26,9175.673525
-225.99648,20,9175.759115
-35.378667,21,9175.837418
-554.334908,81,9176.174475
-413.261822,61,9176.423138
-348.584302,42,9176.600114
-369.110489,41,9176.767154
-260.618482,38,9176.918415
-707.744366,101,9177.326738
-382.501346,41,9177.499577
-118.067853,19,9177.570625
-340.031475,46,9177.755913
-175.093254,26,9177.861859
-138.685425,23,9177.959224
-128.803448,19,9178.043898
-146.026075,36,9178.193833
239.148022,25,9178.288005
-218.772325,32,9178.422988
-312.191323,33,9178.563477
-634.354836,75,9179.006887
-33.992234,20,9179.097027
-422.758322,101,9179.500889
-377.553497,45,9179.684693
-248.180253,24,9179.786529
-290.371502,54,9180.005228
-218.562018,18,9180.078289
-372.443338,41,9180.245935
-362.377469,38,9180.402291
-138.405474,22,9180.490681
-336.914749,35,9180.632086
-227.841185,19,9180.707202
-262.192404,40,9180.875056
-417.112773,47,9181.066039
-284.116454,29,9181.18854
-29.39829,33,9181.328311
-115.810186,19,9181.411733
-349.015921,37,9181.572363
-100.820277,44,9181.751525
-173.674868,26,9181.864301
-197.13144,29,9181.984885
-185.033384,40,9182.144705
-291.814133,30,9182.270435
-150.125476,22,9182.357274
-95.413896,29,9182.479384
-117.785519,36,9182.632376
-251.086164,23,9182.726494
-398.601972,54,9182.950527
-163.997903,25,9183.055154
-37.554129,44,9183.23688
-236.890614,34,9183.376867
-271.690818,39,9183.532041
-126.133756,20,9183.610951
-240.838399,21,9189.846666
-143.052401,37,9190.081763
-153.549017,41,9190.262169
-229.691944,19,9190.340814
-125.575225,21,9190.424658
-684.569069,101,9190.994952
-283.58198,28,9191.120347
-182.643315,26,9191.231425
-271.311555,27,9191.342385
-32.393905,49,9191.548329
-61.025038,25,9191.65141
-233.978716,20,9191.738621
-243.629988,24,9191.833768
-140.803142,22,9191.92195
85.895066,24,9192.029604
-230.852482,19,9192.107746
-224.418557,18,9192.197071
-170.999209,51,9192.434016
-192.731966,31,9192.621043
-68.853821,26,9192.727454
-354.375012,46,9192.945001
-262.546825,39,9193.114198
-150.511418,23,9193.214066
-182.308266,28,9193.354328
-115.948118,32,9193.508039
-102.174505,31,9193.637996
-180.219435,29,9193.765879
-232.115324,19,9193.847597
-202.449071,32,9193.990579
-85.288998,40,9194.167586
-151.395297,22,9194.258502
-40.948372,39,9194.419859
-163.121831,24,9194.516275
-244.139203,22,9194.60495
-178.4963,29,9194.729401
-407.153291,45,9194.912295
-160.907909,24,9195.012274
-371.476307,38,9195.170841
-339.812107,49,9195.376822
-441.581356,101,9195.793996
-264.167414,37,9195.947749
121.272954,44,9196.134114
-260.941306,36,9196.279825
-254.40105,24,9196.377753
173.60051,22,9196.513495
-200.050493,29,9196.66458
-303.262912,31,9196.860934
-247.471181,24,9197.040631
-200.520594,46,9197.394415
-363.229223,38,9197.742873
-252.08814,25,9198.059794
-213.959573,32,9198.367473
56.423385,38,9198.746092
-252.60068,49,9199.214225
96.706794,34,9199.451047
-134.569692,20,9199.59227
-382.330273,37,9199.934473
-348.424147,35,9200.223459
-48.006261,23,9200.417597
-214.475558,33,9200.632353
-258.714764,37,9200.833517
46.736929,39,9207.262999
-322.392221,33,9207.45325
-181.098161,38,9207.619689
-230.244555,33,9207.766754
-257.124584,23,9207.865436
1.799819,38,9208.026005
-162.021936,26,9208.131852
-274.016406,54,9208.354167
-179.464148,28,9208.476951
-256.988683,38,9208.632716
-171.057192,41,9208.798117
-178.926818,27,9208.913016
-230.985399,49,9209.114086
-100.745422,43,9209.297466
-156.220919,23,9209.387829
-127.262386,20,9209.468454
-353.834406,48,9209.661322
-117.530332,59,9209.907418
-331.646676,33,9210.043169
-372.295824,37,9210.193136
-758.761148,101,9210.5976
-220.611846,46,9210.794966
-255.306441,37,9210.946977
-61.609093,24,9211.043731
-186.975126,27,9211.152192
-370.695092,52,9211.370585
-280.285591,54,9211.594152
-219.702712,32,9211.725107
-177.666871,27,9211.833126
-351.207701,37,9211.982874
-438.169093,49,9212.176338
-376.780192,39,9212.340711
-485.543565,91,9212.857413
-513.316972,101,9213.287209
-362.196663,38,9213.444225
-323.2043,33,9213.58902
-220.327379,33,9213.725344
-141.125261,22,9213.813458
-401.141407,56,9214.073484
-126.737425,21,9214.172132
-150.25794,24,9214.302727
-195.488951,41,9214.472345
-227.617284,19,9214.555696
-262.184435,25,9214.663352
-319.296304,31,9214.803887
-262.11533,39,9214.967799
-758.389066,101,9215.391577
-292.264628,31,9215.511896
37.053674,30,9215.638895
-249.643507,26,9215.752665
-375.650751,39,9215.921041
13.72666,47,9223.837852
-354.283426,37,9224.018319
-247.416659,38,9224.181993
-314.776105,33,9224.324092
-353.351361,35,9224.47134
-265.58197,25,9224.577347
-64.191798,38,9224.729931
-450.332065,62,9224.990817
-296.475442,28,9225.10295
-276.967915,42,9225.28388
-515.090877,57,9225.524248
-370.950466,37,9225.667069
-331.489472,33,9225.807718
21.207455,27,9225.922343
-502.649923,101,9226.357109
-527.554922,101,9226.774541
-251.43857,22,9226.863451
-173.294663,27,9226.979753
-249.185972,37,9227.136997
-260.165333,52,9227.356211
-239.356907,40,9227.517256
-146.619074,22,9227.610736
-95.678202,29,9227.731954
-257.203315,38,9227.891998
-198.06337,30,9228.020642
-244.251443,23,9228.116664
-357.100412,37,9228.270477
-307.427624,44,9228.450125
76.964031,37,9228.60518
83.848441,64,9228.87843
-287.591565,30,9229.005037
-231.185451,50,9229.216306
-307.682971,30,9229.349405
-221.98222,19,9229.424826
-357.843346,37,9229.573712
-357.454047,37,9229.731654
-163.268298,37,9229.894204
-508.649789,101,9230.307413
-181.596095,43,9230.490473
-282.694312,27,9230.605838
-232.419716,20,9230.684753
-370.215229,37,9230.84311
-372.830245,38,9231.002521
-251.93583,37,9231.15968
-171.643525,26,9231.269347
-348.529728,35,9231.412162
-299.814923,29,9231.533592
-159.679333,24,9231.630963
-368.312788,37,9231.781
-339.954538,37,9231.936119
-120.199235,45,9232.116745
-185.672769,28,9232.234466
-160.734301,37,9238.052046
-337.607836,33,9238.242792
-366.237847,51,9238.466234
-137.702312,21,9238.562582
-293.44179,42,9238.740019
-305.42294,42,9238.917355
-135.177507,22,9239.010593
-299.671128,33,9239.147982
-336.334097,35,9239.290938
-222.59611,45,9239.6565
52.956929,26,9239.770738
-289.690101,30,9239.893981
-431.265704,53,9240.109943
-101.638475,30,9240.237113
-113.763786,18,9240.309782
-441.118315,46,9240.500418
-619.270526,101,9240.909324
-264.444954,37,9241.063931
-325.08331,32,9241.187285
-550.609454,101,9241.61674
-228.861761,19,9241.696618
-190.444911,41,9241.86575
-263.761029,37,9242.01509
-292.177067,42,9242.187646
-413.691043,58,9242.454488
-252.921998,37,9242.629722
-305.580829,46,9242.829859
-351.565583,39,9243.000126
-310.751255,35,9243.146019
-373.996046,39,9243.308746
-279.935303,29,9243.429909
-206.303769,30,9243.551873
-263.227184,37,9243.702086
-165.569907,25,9243.803934
-262.137475,37,9243.954177
-344.734932,38,9244.110045
-161.330376,55,9244.337004
-195.236511,42,9244.511072
-167.626024,25,9244.614059
-52.273502,55,9244.842898
-164.797845,26,9244.948452
-388.5322,70,9245.242206
-10.849414,34,9245.385996
116.136002,28,9245.500509
-119.368376,19,9245.580749
-161.97036,24,9245.685992
-411.066921,44,9245.872059
-364.936649,38,9246.030968
-541.706786,101,9246.456392
-264.867413,39,9246.689106
-357.46784,37,9246.919678
-355.881103,37,9254.295221
-460.497794,64,9254.590625
-409.91287,48,9254.791171
-129.877769,20,9254.874863
11.610539,41,9255.043754
-287.861475,45,9255.238537
-220.356013,34,9255.384061
-188.134201,62,9255.638202
-463.263603,49,9255.84406
-507.245917,68,9256.123972
-97.065515,29,9256.243161
-363.603974,37,9256.395992
166.360457,22,9256.490325
126.805093,43,9256.67064
-380.081099,37,9256.828402
-143.969259,49,9257.034852
-283.861854,41,9257.204443
-362.267546,37,9257.356511
-150.184324,37,9257.507636
-177.440148,27,9257.621628
-219.231475,18,9257.703271
-217.048001,33,9257.841222
-240.746405,36,9257.994438
-228.877491,20,9258.074693
-349.52088,37,9258.224856
-637.438962,69,9258.505531
-421.54025,43,9258.685767
-178.853726,27,9258.795081
-368.529796,37,9258.948512
-167.447874,37,9259.102742
-243.418439,24,9259.20172
-285.994581,27,9259.32088
-312.265091,32,9259.458233
-441.556685,48,9259.654275
-373.034271,40,9259.816282
-416.636514,60,9260.247611
-34.755852,21,9260.339935
-352.21752,35,9260.487094
-610.849753,101,9260.92241
-294.438886,31,9261.054049
-231.768974,19,9261.13399
-259.045578,37,9261.293576
-155.596136,24,9261.392702
-387.048605,55,9261.666156
-325.671243,34,9261.838418
-347.903263,37,9261.992216
-63.743799,24,9262.090552
-334.151548,101,9262.514786
-219.599186,31,9262.647092
-184.7112,42,9262.825197
-170.21273,41,9262.998684
-170.031557,25,9270.248231
-224.835413,45,9270.485519
-147.451744,24,9270.593633
-245.589867,23,9270.691315
-61.842022,41,9270.864723
-330.037246,34,9271.006115
-223.155337,19,9271.084054
-257.050861,27,9271.193201
-182.141158,44,9271.370325
192.945935,31,9271.499156
-171.712858,27,9271.611139
-328.396687,34,9271.75363
14.210546,40,9271.920797
-233.434487,20,9272.004409
-345.949226,42,9272.177992
-274.927984,27,9272.289558
-427.939532,67,9272.559527
-329.661887,38,9272.723883
-354.337557,37,9272.882161
-225.242125,20,9272.964459
-39.40141,21,9273.05221
-371.282546,53,9273.272213
-147.682362,39,9273.438762
-348.797723,34,9273.577279
-35.201929,52,9273.797069
-531.922356,71,9274.090377
-189.480412,29,9274.206084
-373.435945,40,9274.380437
58.156422,25,9274.488083
-222.542766,32,9274.619931
-340.657202,48,9274.817414
-82.53682,29,9274.939607
-351.135595,37,9275.089607
-62.131979,59,9275.328517
-206.518705,44,9275.518471
-228.698095,33,9275.653879
-220.573021,34,9275.795209
-154.32533,26,9275.900597
146.478113,29,9276.025024
-211.183772,49,9276.235441
-195.111174,31,9276.362984
-272.107036,28,9276.478536
-447.527524,101,9276.899341
-305.38049,45,9277.088446
-248.765243,37,9277.244241
-104.659864,31,9277.368093
-171.255111,25,9277.469073
-229.554134,20,9277.55247
-255.057614,38,9277.716956
-191.801861,29,9277.83569
-307.183429,36,9277.986845
-395.986419,42,9278.166871
-137.433962,23,9278.266155
-598.351501,101,9278.67719
26.1851,37,9284.709084
-490.965102,58,9285.00937
-321.54421,47,9285.208383
-447.304303,60,9285.466037
-401.393604,43,9285.685661
-222.110031,18,9285.850127
-129.954646,22,9286.093397
82.548074,34,9286.242948
-191.007392,28,9286.362968
51.365475,25,9286.473485
-277.202136,27,9286.585986
-175.12566,39,9286.755802
-382.412794,53,9287.160981
-127.204679,20,9287.244665
-73.694917,25,9287.349264
-320.154955,46,9287.545665
-128.577557,21,9287.634707
-235.792693,24,9287.7371
-161.459537,26,9287.846144
-225.864563,66,9288.124651
-74.15402,26,9288.234797
-237.839712,20,9288.321189
-264.245544,26,9288.42883
-245.764833,23,9288.545294
-345.358253,63,9288.844243
-391.681065,41,9289.019291
-238.225655,35,9289.163029
-203.547117,35,9289.309751
-261.438763,25,9289.412319
-168.989905,41,9289.581241
-234.530717,35,9289.724737
-423.923159,47,9289.928583
-121.694434,20,9290.014356
-529.793642,101,9290.434259
-274.406726,50,9290.636327
-281.791965,40,9290.80159
-416.810013,101,9291.224083
-345.525361,36,9291.374693
-375.564301,37,9291.526409
-256.10894,37,9291.674037
-161.511252,24,9291.772077
-173.637299,25,9291.872084
-56.701505,36,9292.023263
-369.115462,37,9292.178351
-144.345479,23,9292.26914
-283.202741,28,9292.385799
-183.364101,40,9292.554429
-195.906735,30,9292.692175
-221.848113,18,9292.80589
-212.285866,31,9292.9779
174.78462,22,9293.131946
-198.540332,31,9293.354326
-278.322481,87,9294.086778
-384.508505,41,9294.375427
-246.269308,23,9294.594457
-379.135311,37,9301.677849
-622.493756,101,9302.133338
-162.673887,26,9302.242713
-210.135712,32,9302.380821
-342.944116,48,9302.583314
-134.487524,22,9302.670239
-382.195594,40,9302.838125
-275.509147,51,9303.056462
-173.043894,26,9303.169966
-131.711131,22,9303.264561
-183.442481,32,9303.400977
-229.280318,19,9303.478102
-298.96948,41,9303.65589
-376.296173,37,9303.803815
-181.531674,29,9303.925031
-211.040921,32,9304.057082
-367.76859,39,9304.219246
-168.766842,27,9304.335916
-216.066741,46,9304.530948
-341.565747,34,9304.661425
-445.597406,53,9304.878555
-244.307811,23,9304.974137
-353.594031,37,9305.12221
-249.267671,35,9305.261385
-527.598551,87,9305.61437
-168.180409,26,9305.720345
-362.993124,50,9305.921961
123.591244,46,9306.116619
-255.25268,25,9306.222852
-168.622912,37,9306.371913
-584.777496,66,9306.642872
-413.039518,44,9306.82049
-220.816704,35,9306.968313
-96.038598,47,9307.166096
29.722794,26,9307.272988
-49.644284,23,9307.364782
-360.328603,37,9307.513167
-159.134632,38,9307.673321
-316.994388,30,9307.793999
-281.753387,39,9308.084469
-364.46571,37,9308.25712
-335.943827,33,9308.411484
-256.394111,35,9308.565989
-377.564016,52,9308.776082
-162.919526,38,9308.973678
-220.90194,32,9309.137869
-127.316301,51,9309.373013
-225.306372,20,9309.464386
-317.684406,44,9309.703151
-119.805528,19,9309.784731
-428.155362,45,9309.974638
-387.389446,51,9310.187758
-731.32227,101,9318.280304
-261.038559,37,9318.432267
-31.112091,74,9318.734409
-32.95087,20,9318.819645
-243.480057,34,9318.964503
-288.556157,28,9319.078428
-236.425998,48,9319.284947
-276.699618,42,9319.460493
-286.941604,30,9319.584312
-155.669754,23,9319.678401
-475.240576,63,9319.927652
-607.856435,101,9320.347806
-430.504612,59,9320.58407
-310.059711,31,9320.712965
-337.204805,41,9320.881319
39.443397,38,9321.035718
-374.856027,37,9321.184505
-141.64217,34,9321.322327
-122.606743,20,9321.403109
-176.346654,28,9321.519987
-198.399881,31,9321.643745
-216.226692,54,9321.861287
-180.248539,40,9322.032481
-496.0806,101,9322.456212
-202.942251,43,9322.632637
-258.513785,37,9322.786447
-229.294395,35,9322.929332
-169.667375,28,9323.045312
-370.639503,37,9323.20429
-297.994491,29,9323.326929
-301.396083,43,9323.504044
-405.267046,44,9323.685661
-227.34623,18,9323.759144
-38.895883,22,9323.851622
-155.991792,23,9323.945425
-255.095689,24,9324.04839
-162.077558,41,9324.219914
-508.454813,78,9324.556948
-261.200274,39,9324.717477
-681.159138,101,9325.132114
-288.372438,101,9325.548024
-191.024833,32,9325.690226
-154.837462,24,9325.788715
-349.814788,52,9326.002617
-175.015592,27,9326.114599
-139.033876,23,9326.211967
-252.375614,38,9326.369286
-444.099538,101,9332.508732
-354.911719,40,9332.6886
-77.581953,29,9332.807559
-352.39824,37,9332.955159
-159.252601,24,9333.049558
-303.618554,31,9333.174181
-392.588797,44,9333.354672
-241.19624,34,9333.502576
-94.533261,30,9333.628709
-146.968538,25,9333.730692
-373.857029,41,9333.903495
-260.040672,37,9334.055293
-132.127018,21,9334.141768
-176.185542,28,9334.256781
-593.483795,70,9334.545917
113.985992,34,9334.799157
-271.912178,58,9335.047113
-269.727952,37,9335.209502
-262.280011,26,9335.32032
-389.102721,41,9335.490593
-637.394166,88,9335.853383
-171.419053,28,9335.99339
-168.275172,39,9336.170219
-566.970372,60,9336.445833
-309.075762,32,9336.582441
-379.729304,40,9336.752748
-362.105764,37,9336.911839
-241.304766,22,9337.006238
-159.920548,25,9337.111194
-296.963347,41,9337.275871
105.811606,34,9337.420703
-353.897608,37,9337.577277
-311.532057,43,9337.755105
-324.400232,33,9337.893082
-296.529407,29,9338.013396
-337.425881,49,9338.230287
-390.805778,44,9338.418186
-368.011023,51,9338.625447
-335.62412,37,9338.775776
-189.728119,30,9338.898282
-310.08181,32,9339.037079
-332.951161,34,9339.176827
-227.074619,19,9339.254206
-275.175753,39,9339.406922
-356.639115,37,9339.569439
-116.248945,18,9339.646352
37.9959,27,9339.759185
-461.348244,101,9340.21517
-370.241684,37,9340.426969
-348.338162,37,9340.661807
-272.436164,37,9340.963623
-322.306241,33,9341.242709
-227.408795,35,9341.577797
-390.059686,61,9348.849604
-158.072759,25,9348.977687
-51.763409,23,9349.079627
-316.104827,46,9349.269854
-252.197386,37,9349.423545
-354.613077,50,9349.636994
-258.903136,37,9349.796103
-137.076162,22,9349.890313
-262.724656,24,9349.994633
-150.796287,24,9350.094591
-282.400625,40,9350.258407
-121.285291,20,9350.340552
-349.908302,37,9350.496526
58.127926,39,9350.660498
-649.483009,101,9351.059661
-362.087096,38,9351.220686
-227.527262,19,9351.300003
-143.845971,22,9351.394785
-250.425311,37,9351.54798
-66.742521,56,9351.776821
-214.652703,33,9351.913166
-403.636676,44,9352.096355
-155.746114,37,9352.258391
-341.47212,36,9352.410462
-153.745454,23,9352.501991
-277.288684,40,9352.671243
-106.036767,47,9352.861887
-373.732687,37,9353.012901
116.102203,43,9353.187702
-128.706411,20,9353.268617
-164.644747,25,9353.369647
-347.665884,51,9353.5798
-103.215326,30,9353.706083
-222.228855,59,9353.9581
-279.891846,27,9354.073126
-183.800657,26,9354.183622
-335.956075,35,9354.328885
-363.615565,37,9354.487402
-238.654609,50,9354.698901
1.999123,29,9354.820146
-92.866277,30,9354.940795
-255.707804,38,9355.092865
-413.156804,49,9355.293852
-353.375846,37,9355.449762
-210.055181,44,9355.754138
-124.897578,34,9355.899933
-241.48547,51,9356.119873
-379.040092,41,9356.288041
-344.32487,36,9356.436875
-186.219001,40,9356.59778
-242.52833,23,9356.697089
-149.529374,22,9356.788907
-305.525646,43,9356.978998
-256.424234,37,9357.134851
-390.132405,42,9357.312035
-660.042546,78,9365.212669
180.517385,25,9365.317435
-20.790471,32,9365.451022
-379.51618,56,9365.681951
-55.022444,24,9365.784428
-374.834348,40,9365.950887
-204.911914,32,9366.082841
-535.313103,56,9366.314588
-320.421552,51,9366.526065
-233.124577,21,9366.616169
-151.086069,22,9366.704364
-226.596441,32,9366.83664
-275.880811,37,9366.984547
-355.121542,37,9367.131232
-368.59516,72,9367.425444
-209.113643,34,9367.564776
-316.686895,45,9367.743994
215.918228,34,9367.888103
-473.015391,52,9368.106507
-357.24802,37,9368.274579
-420.363757,101,9368.70031
-156.208287,23,9368.791116
-305.945704,31,9368.921901
-52.190867,36,9369.083699
-201.20166,47,9369.27842
-248.948629,24,9369.378667
-491.817466,54,9369.604755
-452.625914,101,9370.028813
-369.635946,63,9370.289061
-153.680606,38,9370.444711
-257.479536,24,9370.538954
-275.115694,27,9370.646298
-351.518254,37,9370.79674
-203.723532,31,9370.921994
-134.539954,36,9371.065598
-41.804752,48,9371.265435
-328.774744,35,9371.411149
-274.632093,54,9371.630055
-254.418419,91,9372.030512
-429.962696,55,9372.26289
-180.909272,28,9372.385186
-403.005529,46,9372.572455
-149.335185,23,9372.658351
-244.532728,36,9372.822728
-251.296924,37,9372.9806
-186.39048,41,9373.160084
-364.9041,37,9373.317125
-217.55638,32,9373.447895
-327.716964,34,9379.63489
-466.435731,101,9380.117393
-158.21428,23,9380.218169
-351.914402,37,9380.385097
-190.402656,31,9380.514724
-255.885258,38,9380.664427
-356.895476,37,9380.819688
-171.673397,25,9380.927189
-136.725536,21,9381.017287
-304.514019,32,9381.145343
-242.120216,35,9381.2887
-383.311229,41,9381.469037
-170.531824,37,9381.629759
-156.450111,25,9381.734391
-83.706315,27,9381.845007
-370.83281,41,9382.01228
-353.648051,37,9382.167262
-384.527183,40,9382.338726
-523.238635,65,9382.741078
-268.879455,37,9382.898214
-258.255149,37,9383.054335
-266.087585,37,9383.207576
-228.15019,22,9383.298952
-105.74887,44,9383.481592
167.163381,23,9383.569604
-253.286653,50,9383.803168
-260.655497,37,9383.972991
-258.665057,37,9384.157527
-235.596247,35,9384.310202
-338.499565,36,9384.461827
-2.491286,61,9384.722307
-355.08341,37,9384.876858
-164.746696,25,9384.979809
-260.304301,39,9385.143983
-332.3596,33,9385.282447
-419.318391,45,9385.467167
-160.988261,26,9385.569287
-316.081527,61,9385.829636
-344.39068,43,9386.011224
-45.112764,23,9386.110485
145.089696,51,9386.32405
-414.567629,59,9386.56655
195.591654,33,9386.708616
-53.922147,24,9386.808154
-170.551055,52,9387.021985
-141.604841,22,9387.113686
-339.235286,47,9387.307689
-569.559997,101,9387.727416
-650.320852,71,9388.069321
-295.736379,31,9388.239607
-134.337165,23,9388.381089
-65.454469,48,9396.106136
-600.628618,80,9396.5
-241.502556,22,9396.593731
-181.163909,39,9396.76498
-292.625405,28,9396.883074
-368.382771,37,9397.035175
-151.034397,37,9397.190792
185.077428,19,9397.271357
85.932514,50,9397.486685
-200.977908,64,9397.750548
-263.954032,38,9397.906965
-259.442714,37,9398.059857
-39.800017,35,9398.208012
-151.844235,23,9398.308518
-333.520891,36,9398.455636
101.705311,32,9398.58883
-57.434049,24,9398.688037
-356.344146,50,9398.902332
-433.886243,46,9399.097177
-500.349633,68,9399.381579
-368.255978,37,9399.527849
-208.400147,45,9399.714937
-360.534078,37,9399.870795
-366.184369,52,9400.082557
-359.306023,37,9400.234099
-200.672797,30,9400.364078
-343.070308,61,9400.605817
-233.747969,19,9400.680331
-381.557635,47,9400.86811
29.53641,43,9401.048015
-156.67164,24,9401.15522
-201.420942,30,9401.288023
-46.511178,37,9401.437033
-615.327383,70,9401.719234
-148.85275,23,9401.812491
-436.982745,47,9402.009394
-330.313331,47,9402.210115
-311.436212,31,9402.338313
-352.910384,37,9402.497713
-354.466379,37,9402.654268
-457.376908,79,9402.977325
-360.771203,37,9403.126628
234.674895,28,9403.241485
-213.102224,47,9403.594563
-222.841757,32,9403.732016
-237.804417,35,9403.881375
-321.085066,57,9404.124175
-124.954463,32,9404.262591
-62.683857,51,9404.47634
-176.118976,28,9404.589966
-399.352533,101,9411.985432
-263.603511,27,9412.243502
-357.305429,36,9412.560841
10.651647,31,9412.774194
-347.93531,35,9412.976545
-707.090627,101,9413.40915
-234.529358,22,9413.502611
-628.813409,79,9413.83843
-367.078277,37,9413.999275
-169.784255,30,9414.123753
-349.139847,41,9414.294804
-243.023995,37,9414.442703
-363.767514,50,9414.657996
-322.600888,43,9414.843772
-174.627973,76,9415.163152
-80.856681,40,9415.328665
-239.255504,21,9415.415364
-227.273815,19,9415.496184
-192.944881,41,9415.673661
45.323892,24,9415.7898
71.751338,22,9415.89908
-238.716564,22,9415.999707
-365.44631,37,9416.15752
-344.63844,40,9416.319419
-377.291012,51,9416.534249
-202.179517,44,9416.721353
-168.07557,40,9416.888166
-240.360257,22,9416.98207
-274.613824,27,9417.10032
20.518524,28,9417.214436
-506.199102,57,9417.45384
-141.120875,23,9417.55357
50.618215,23,9417.644931
-51.869067,23,9417.739547
-425.631866,82,9418.087994
-257.730619,37,9418.248445
-272.8039,38,9418.405557
-356.354703,37,9418.558406
21.676215,27,9418.669246
-256.031167,51,9418.887684
-355.641157,37,9419.043285
125.28532,67,9419.321419
-238.052375,35,9419.475542
-187.364316,32,9419.662995
-310.261762,47,9419.879424
-372.18627,37,9420.02608
-274.448237,27,9420.135855
-283.434039,43,9420.314572
-282.136995,30,9420.437777
-137.903464,24,9420.539021
-465.27793,70,9420.827138
-354.411525,38,9426.231926
-413.46445,101,9426.744497
-417.771977,44,9426.93329
-750.52504,98,9427.330342
-55.567389,24,9427.429021
-188.472638,54,9427.655925
-252.181077,39,9427.819385
-261.619411,37,9427.977439
-330.425695,48,9428.172982
-353.700593,37,9428.340668
-283.225773,27,9428.453791
-252.578525,25,9428.55947
-63.055637,25,9428.664512
-331.347985,36,9428.813344
230.368455,46,9429.004332
-129.894737,21,9429.094019
202.441713,23,9429.189842
-156.590462,39,9429.349455
-168.165766,26,9429.579335
-266.323365,26,9429.691271
-254.687025,37,9429.851103
-298.893347,43,9430.026719
-32.969158,34,9430.169459
-223.649739,19,9430.249706
-159.292451,25,9430.348871
-397.440687,51,9430.560468
-222.895602,78,9430.898742
-156.156263,24,9431.008989
-513.386322,101,9431.465244
-71.85062,27,9431.577039
-345.05567,37,9431.732922
-150.49023,23,9431.830006
-231.01278,19,9431.907933
-52.873025,40,9432.070131
-252.162248,25,9432.17114
-548.544585,101,9432.594007
-290.419069,44,9432.784662
-136.055607,21,9432.890321
-368.400178,38,9433.057228
-342.924601,47,9433.261377
-259.01606,37,9433.41082
-185.307354,43,9433.597243
-559.957392,61,9433.85006
-236.714135,21,9433.931916
-310.62188,30,9434.05676
-526.061336,79,9434.391788
-456.409338,74,9434.709106
-54.104678,24,9434.811485
-91.401936,30,9434.939298
-276.487338,39,9443.324037
72.733843,22,9443.460907
-71.532289,40,9443.650944
-232.650136,22,9443.738306
-112.676781,46,9443.930535
-279.692157,27,9444.045293
-532.495518,72,9444.340357
-206.554657,31,9444.474748
-290.109743,28,9444.591181
-270.146856,37,9444.74062
-370.561971,37,9444.888927
-249.679897,36,9445.039785
-202.318776,31,9445.164116
-580.650114,79,9445.490578
225.10004,28,9445.605727
-589.572097,101,9446.035276
-154.39716,35,9446.189579
-400.907341,46,9446.372586
-226.797444,44,9446.552725
109.239816,48,9446.754831
-273.034549,40,9446.923791
-137.043094,22,9447.021054
-414.693138,101,9447.437615
-209.786239,45,9447.620025
-309.483549,45,9447.799663
-262.375066,66,9448.068122
-300.379278,31,9448.193432
-211.971357,31,9448.318823
-243.897985,35,9448.459829
-254.756832,37,9448.612539
-207.243456,45,9448.789077
-158.354214,24,9448.892059
-284.06715,42,9449.063708
-366.765399,40,9449.224531
-276.637614,26,9449.350559
-259.848086,37,9449.526658
-159.007262,24,9449.638833
-201.409992,30,9449.769239
-262.284285,27,9449.886669
-306.793728,46,9450.078607
-201.350517,42,9450.247306
-361.599765,38,9450.399066
-564.955904,101,9450.799332
-365.087734,37,9450.951418
-353.456043,37,9451.258693
-266.55028,63,9451.530578
146.684686,24,9451.62828
-292.091528,42,9451.795741
-718.560677,101,9461.501437
-233.847263,20,9461.579275
95.393892,33,9461.716786
-249.600117,37,9461.874877
-136.257005,22,9461.9701
-269.753814,41,9462.15409
-226.217758,34,9462.305877
-373.623782,37,9462.469757
-175.164002,27,9462.58487
-303.049403,29,9462.70066
-323.486685,45,9462.895524
-281.649155,27,9463.021513
-202.466131,33,9463.156926
-329.705931,77,9463.474993
30.716353,26,9463.577699
-163.618335,25,9463.68063
-235.012106,20,9463.759117
-64.793401,24,9463.86072
-291.105066,29,9463.989443
-189.846506,43,9464.170324
-352.175895,36,9464.315833
-176.726515,27,9464.424769
-86.39666,44,9464.607738
246.845938,42,9464.787448
-235.018951,33,9464.927843
-126.410147,65,9465.206223
-306.862874,32,9465.337416
-194.963245,42,9465.51453
-282.067195,101,9465.93592
-349.418699,37,9466.093626
-292.565871,30,9466.277347
-236.773041,49,9466.484508
-126.899243,51,9466.710748
-274.67799,39,9466.895934
108.064543,62,9467.172294
-365.675378,37,9467.329827
-245.900009,36,9467.476418
-282.678128,28,9467.590086
-462.32753,50,9467.79537
-339.324956,37,9467.946989
51.643904,23,9468.046967
-82.793824,70,9468.33728
199.381411,39,9468.519301
-283.882075,40,9468.685659
-363.190369,37,9468.841546
-221.932173,18,9468.920241
-136.822108,22,9469.011671
-335.044448,57,9469.249649
-92.195376,29,9469.370728
-262.234487,25,9469.478192
194.555647,20,9469.564807
195.130021,20,9469.651495
-243.896706,47,9469.846314
-286.624903,42,9470.033073
-512.422814,81,9476.284168
-353.034683,55,9476.519633
-479.156933,58,9476.764965
-276.888793,61,9477.023946
-20.86419,49,9477.225485
-181.967884,27,9477.334839
-132.885443,22,9477.42316
-180.820191,40,9477.584575
-406.507467,45,9477.777319
-147.672382,25,9477.883628
-144.876563,37,9478.044401
-297.394111,57,9478.290169
-78.672038,27,9478.400493
-203.13213,33,9478.536725
-349.737108,34,9478.675858
-223.816321,35,9478.828927
-350.730624,37,9478.979893
-174.858445,39,9479.142049
-210.90404,18,9479.21416
-238.951525,50,9479.42666
-126.082769,32,9479.563235
-371.797134,37,9479.852022
-450.525757,60,9480.109034
-251.510893,25,9480.214714
-255.938577,23,9480.307545
-225.688682,20,9480.388627
-300.453105,43,9480.580649
-236.555528,49,9480.791539
-120.183378,20,9480.877145
-19.903142,34,9481.018061
-141.804479,24,9481.120526
-373.018943,37,9481.27461
-236.283855,34,9481.415675
-176.242722,29,9481.56276
-358.116,37,9481.720416
-362.764463,37,9481.913996
-585.02588,101,9482.334736
-249.009625,24,9482.435177
-331.409123,65,9482.712276
-216.650634,34,9482.853969
-550.716115,62,9483.112334
-177.639563,26,9483.219554
-116.652708,33,9483.363204
-272.889432,26,9483.469124
-259.908878,62,9483.728164
-130.31185,21,9483.815041
-443.254188,67,9484.111186
-260.484035,91,9484.500135
-235.638296,21,9484.591889
-358.809716,49,9484.799699
-533.582735,101,9494.750009
-293.881132,40,9494.917528
-291.054985,29,9495.035489
-359.145585,37,9495.189391
-461.341098,59,9495.441416
-428.026026,44,9495.61824
-464.965922,52,9495.843906
-521.823354,66,9496.123737
-274.497641,25,9496.23086
-175.64336,52,9496.450438
-171.598021,39,9496.609881
-450.616107,57,9496.845672
-330.083525,36,9496.998787
-252.060903,39,9497.163199
-187.138963,28,9497.288473
-488.575807,53,9497.515417
-335.872001,37,9497.66994
25.275784,29,9497.79397
131.046085,84,9498.149326
-198.543158,42,9498.332118
-322.506308,32,9498.463447
-121.784363,19,9498.540148
-405.732279,101,9498.959132
-261.168426,37,9499.117228
-132.03949,34,9499.262279
-230.002616,19,9499.337985
-278.710152,44,9499.52092
-411.807804,58,9499.772695
-198.934444,29,9499.895417
-351.949759,39,9500.056085
-316.455207,45,9500.258029
-223.235059,34,9500.397605
-256.233461,25,9500.498514
-599.077774,101,9500.917746
-218.900548,33,9501.057738
-109.744582,31,9501.183674
-242.334396,35,9501.32713
-217.176745,34,9501.469647
-366.857687,37,9501.627538
-255.485971,37,9501.781509
-81.160517,27,9501.896034
-134.369379,21,9501.98045
38.819102,37,9502.132519
-224.702056,19,9502.212128
-282.99888,41,9502.382338
-296.125456,99,9502.965588
-350.253084,37,9511.018577
-599.282242,68,9511.623611
72.678324,24,9511.844
-376.184575,37,9512.178146
-235.087051,22,9512.386765
-224.065623,19,9512.578119
-272.041984,26,9512.803576
-272.059959,53,9513.093712
-257.715085,26,9513.20297
-226.546062,19,9513.280485
-122.073561,20,9513.361217
-269.468892,57,9513.604616
-196.676491,29,9513.717815
-389.925047,83,9514.068191
-197.348508,52,9514.288927
-257.006974,35,9514.431947
-431.772888,101,9514.854195
-160.983355,24,9514.954453
-316.813544,34,9515.095483
-242.155807,44,9515.278171
-157.874207,26,9515.387437
-70.233256,38,9515.542544
-86.208722,29,9515.663564
196.253749,32,9515.802907
-380.720484,54,9516.03525
-120.37549,19,9516.121554
-145.394975,23,9516.218327
-335.975878,36,9516.367747
-278.656308,64,9516.638153
-259.65123,49,9516.837705
-362.313226,62,9517.097887
-7.556912,41,9517.271694
-278.533643,40,9517.443752
-250.183202,24,9517.539558
-625.351683,101,9517.949882
-154.097249,37,9518.101718
188.99625,19,9518.181558
-362.777597,37,9518.334341
-257.163666,37,9518.498482
-222.523964,45,9518.687408
10.474216,52,9518.900234
-418.234028,66,9519.169352
-277.665592,40,9519.328959
-300.32535,44,9519.509075
-446.514881,46,9519.695603
-301.18161,44,9519.876894
-78.733061,90,9520.246514
-96.270028,30,9520.369678
-364.297498,40,9520.53357
-251.476611,22,9527.202462
-55.791715,24,9527.343572
-157.962122,24,9527.448209
-346.254686,48,9527.640149
-400.516933,43,9527.821677
-318.756645,34,9527.965085
-373.452902,37,9528.114296
-313.456799,32,9528.236566
-369.188802,37,9528.388516
-363.028374,36,9528.536201
-302.777658,49,9528.744005
-256.375616,24,9528.840255
-101.020479,29,9528.957496
-188.107284,28,9529.071143
-384.356619,41,9529.238729
-229.797286,34,9529.378307
-370.886984,101,9529.808857
44.189495,70,9530.108189
-158.646635,27,9530.219353
-263.867087,25,9530.319821
-135.013298,20,9530.39938
-80.911565,28,9530.517553
-354.284709,65,9530.790511
-267.95969,39,9530.950473
-376.133641,57,9531.398416
-154.996938,40,9531.559341
-539.816983,66,9531.840872
-169.078282,25,9531.942124
-287.154036,37,9532.092836
-209.52037,43,9532.27735
-155.683897,36,9532.421658
-238.974983,34,9532.57892
-75.815024,27,9532.693762
-233.078764,33,9532.859256
-238.549433,34,9533.018809
-222.13683,18,9533.134876
88.943872,31,9533.271069
-187.944661,28,9533.385418
-46.774258,24,9533.482769
-423.570156,45,9533.667546
75.275683,38,9533.832375
-240.960104,36,9533.978211
-268.360704,56,9534.219677
-58.477331,24,9534.314892
-159.003677,26,9534.417148
-357.101601,39,9534.577718
-134.323062,21,9534.667815
-48.275841,24,9534.77261
-314.95996,34,9534.911075
-306.838258,43,9535.09174
-259.503423,26,9535.198513
-236.409818,46,9535.384322
-245.85269,38,9535.534098
-325.95474,46,9535.729713
-383.811876,41,9535.898532
-208.280045,35,9546.943081
-386.048758,41,9547.169818
-175.81921,27,9547.286053
143.727881,31,9547.414896
-468.676883,81,9547.767595
-468.170389,59,9548.00982
-163.148386,24,9548.113292
-154.221774,36,9548.272468
-127.376503,21,9548.36767
-637.400611,101,9548.817091
-268.877516,37,9548.978398
-587.362856,78,9549.301716
-437.192472,72,9549.608243
-79.156401,29,9549.730958
-284.083164,29,9549.845704
-52.829581,23,9549.940313
-358.387013,37,9550.09566
-435.222538,46,9550.289657
-396.089649,41,9550.458503
-292.640702,27,9550.564988
-542.161108,101,9550.994112
-468.258388,48,9551.198517
-107.859303,32,9551.329251
-100.82247,30,9551.456672
-337.007357,33,9551.59648
-432.652248,48,9551.819179
-200.255874,31,9551.95016
-237.343165,47,9552.135839
-276.468912,38,9552.288291
-278.743261,40,9552.467565
-266.554692,27,9552.584733
9.071124,31,9552.718398
-197.623985,30,9552.854682
-134.589289,22,9552.962575
-375.161862,37,9553.120712
-231.431836,20,9553.199498
-66.775407,37,9553.35948
-323.857669,45,9553.555766
-175.392803,28,9553.677762
-264.887311,56,9553.942867
-351.728605,36,9554.113676
-326.480315,35,9554.29164
-361.687436,37,9554.466036
-292.299878,73,9554.809441
-149.498807,39,9554.999493
110.552475,32,9555.139503
-240.123397,37,9555.31324
-162.737206,38,9555.481988
-236.781824,35,9555.64542
-417.866329,43,9555.841694
-513.064042,101,9566.672763
-461.813835,64,9566.939936
-157.761273,25,9567.045638
-773.421654,93,9567.44045
-220.799075,33,9567.5766
84.326071,36,9567.733165
-503.813918,78,9568.065054
-75.695767,28,9568.178545
-372.871405,86,9568.529762
-159.459787,37,9568.687459
-251.567564,25,9568.794142
-118.650046,33,9568.933705
-112.523974,31,9569.064581
-295.32637,42,9569.238376
-177.142695,42,9569.410915
-140.478813,35,9569.558365
-151.063549,22,9569.66453
-241.878607,46,9569.849138
-172.684154,37,9569.99929
-391.625057,42,9570.170572
-140.665359,22,9570.2603
-135.394003,20,9570.34009
-321.680319,48,9570.534988
-85.462027,28,9570.644466
-181.047692,27,9570.758514
-605.744373,101,9571.158381
-395.726526,41,9571.330809
-369.091243,37,9571.491843
-384.30199,101,9571.90828
-200.091934,30,9572.034899
-314.424866,45,9572.211091
-33.766749,34,9572.351074
-169.651612,26,9572.463329
-300.167185,53,9572.677542
273.097866,47,9572.871875
-374.652778,37,9573.021971
-250.887688,22,9573.108448
-411.719225,51,9573.318139
-290.972461,42,9573.488824
-374.24284,37,9573.644083
-35.122786,84,9573.991412
-656.570768,90,9574.363781
-286.818131,27,9574.472747
-97.444146,29,9574.588479
-363.970167,38,9574.743444
-357.046364,65,9581.436179
-162.862084,36,9581.68237
-48.81685,23,9581.778773
-349.222862,37,9581.930068
-223.666826,19,9582.011414
-313.453678,55,9582.24266
-240.782212,49,9582.454058
-326.325563,58,9582.688054
-357.260456,37,9582.848836
-215.319172,35,9582.996552
-131.581396,19,9583.075787
48.664523,36,9583.224263
-299.54372,66,9583.500349
-394.272589,43,9583.689766
120.64204,43,9583.865346
-268.801646,38,9584.022886
-245.722879,37,9584.195596
-175.841578,39,9584.362863
-168.212289,38,9584.524213
-335.13908,35,9584.671813
-297.054877,45,9584.858496
-163.640267,25,9584.966598
-179.396527,27,9585.082925
-265.670952,26,9585.188413
-197.703122,44,9585.372708
-190.587853,30,9585.499346
-148.315005,22,9585.593475
-280.269668,30,9585.725252
-410.132463,71,9586.545196
-243.562038,23,9586.694937
83.514171,38,9586.874334
-779.02958,101,9587.345606
-308.284608,45,9587.535752
-361.79439,52,9587.757352
-339.06622,36,9587.912603
-126.531343,33,9588.077325
-136.511806,35,9588.246023
-311.84029,43,9588.450614
-173.748906,37,9588.608413
-357.531567,37,9588.762744
-167.943265,26,9588.871657
-264.266296,30,9589.00106
-130.310169,47,9589.203167
-362.114596,37,9589.38112
-619.983156,87,9589.771664
-191.363372,64,9590.051251
-317.205966,46,9590.24861
-139.206716,48,9590.449823
197.006493,19,9590.532578
-138.279978,49,9599.394048
-208.509056,32,9599.575332
-53.937204,24,9599.683982
-148.202468,23,9599.77977
-182.756744,77,9600.112672
186.133619,20,9600.20012
-443.766526,48,9600.399896
-652.523262,101,9600.831335
-301.299885,43,9601.013509
-537.808989,101,9601.43141
-481.89875,46,9601.610593
-240.407374,49,9601.814542
-555.947319,101,9602.242399
-359.714639,37,9602.400651
-233.231511,34,9602.547017
-382.979264,39,9602.713604
-270.593158,42,9602.89434
-327.336569,60,9603.139464
-466.154698,53,9603.35634
-157.566837,37,9603.519323
-27.28284,49,9603.720989
-48.153479,23,9603.819934
-155.358212,26,9603.924999
-314.143695,34,9604.066689
-211.263893,32,9604.200291
197.726957,23,9604.294702
-314.393467,32,9604.429441
-216.911799,56,9604.655665
-583.936428,101,9605.07374
-339.575755,34,9605.206436
-570.607075,101,9605.628765
-356.208413,35,9605.775605
-299.439213,43,9605.951574
-696.668887,95,9606.329941
-110.608014,31,9606.458163
-205.966864,31,9606.582693
-235.492181,35,9606.726216
-264.5863,26,9606.832248
-230.849004,77,9607.163035
-325.108745,35,9607.310583
164.095584,25,9607.412884
-397.353527,40,9607.57997
-250.101203,35,9607.723642
-21.201287,35,9607.876389
-361.66839,37,9614.739704
-325.122566,35,9614.924882
-80.681172,42,9615.106122
-420.632491,50,9615.498597
-361.077755,37,9615.652816
-300.750867,43,9615.828423
-397.618491,70,9616.120121
-429.291528,60,9616.36997
7.613524,46,9616.580275
-311.450494,46,9616.800128
-204.263906,30,9616.950518
-437.376198,47,9617.149054
-133.229149,21,9617.237152
-541.232513,77,9617.568424
112.643336,29,9617.685083
-350.510363,37,9617.829354
-272.812047,40,9617.997867
-174.362936,40,9618.165961
-61.574025,26,9618.271547
-253.605957,49,9618.465639
-396.776245,54,9618.688414
-153.878351,51,9618.906084
-140.841191,35,9619.04824
-368.71067,37,9619.201375
-256.024827,37,9619.360813
-163.932038,25,9619.458485
-596.605594,62,9619.715966
-642.655175,101,9620.136112
-393.568009,42,9620.301774
-319.635236,101,9620.720741
-349.257179,37,9620.933298
-377.427497,54,9621.289393
-100.830697,29,9621.508262
-230.558537,20,9621.655811
-520.624168,60,9622.140295
-156.15137,38,9622.416733
-69.626109,39,9622.672661
-410.841811,42,9622.889606
45.132528,55,9623.137822
-41.734775,47,9623.338373
-254.391829,37,9623.489059
-221.835717,47,9623.691347
-193.524608,54,9623.917548
-262.045785,38,9624.075412
-415.025997,65,9630.082415
-133.374409,21,9630.203627
-255.194147,37,9630.392064
122.761921,32,9630.529524
-337.266911,47,9630.72504
-27.524217,33,9630.866131
-556.835223,101,9631.277192
-301.395169,69,9631.570389
-336.500813,47,9631.764833
-698.060137,101,9632.183584
-244.476522,35,9632.330985
-321.181038,33,9632.469629
188.820172,38,9632.627827
-410.450615,64,9632.893625
-268.556902,39,9633.054376
-318.577558,47,9633.246231
-349.674953,95,9633.643962
34.113318,25,9633.747516
-46.166394,23,9633.845779
-134.716915,22,9633.934615
-403.719505,46,9634.125558
-234.918242,35,9634.271502
-617.919218,101,9634.699256
-123.496118,20,9634.782601
-380.255659,40,9634.942611
-308.540205,44,9635.260369
-326.220756,35,9635.409919
-146.898369,22,9635.502848
-290.185077,42,9635.677919
-171.902221,26,9635.787053
-259.248214,37,9635.935088
-349.836596,35,9636.081717
-346.014287,36,9636.229153
-231.806383,50,9636.457902
-195.934956,29,9636.590117
-351.840976,38,9636.780228
-104.319539,43,9636.966011
-71.645052,26,9637.074228
-258.811431,37,9637.221994
-371.814991,37,9637.37496
-54.393797,24,9637.470889
-354.617413,39,9637.630676
-140.275585,22,9637.722439
-321.338282,32,9637.856562
-356.676899,49,9638.059519
-200.527197,29,9638.184721
-161.342525,38,9638.347823
-240.960033,36,9638.498768
-50.080151,23,9638.592326
-358.3351,41,9638.778024
-88.534274,30,9647.829594
-100.304282,29,9648.003317
-320.092655,32,9648.155806
-465.085873,53,9648.384436
-461.520398,101,9648.805539
182.221633,20,9648.89581
-180.508931,40,9649.06713
-253.785531,41,9649.241103
-121.354259,19,9649.317724
-176.858859,30,9649.442135
-215.101094,32,9649.572994
-346.782678,37,9649.729602
-125.515825,21,9649.818686
-642.539922,101,9650.247467
-315.873562,33,9650.382894
-303.029841,32,9650.520093
-318.884294,46,9650.713322
-87.831373,30,9650.839493
-49.893985,23,9650.936203
-204.155621,32,9651.070012
-401.779145,41,9651.240386
-337.664481,47,9651.430824
-127.604552,20,9651.514356
-54.739931,36,9651.668995
-224.634571,18,9651.744106
-548.597635,70,9652.033557
-224.933408,19,9652.115421
-211.15513,43,9652.298201
179.082513,36,9652.445016
-436.120378,57,9652.689101
-155.036477,24,9652.788034
-303.295267,42,9652.964199
-227.129993,20,9653.046516
-355.698372,37,9653.201106
-64.241002,26,9653.305124
188.699726,41,9653.473426
-143.572433,24,9653.572543
-259.670598,37,9653.730619
-361.133754,37,9653.885184
-381.874467,39,9654.050374
-178.991627,53,9654.263428
-292.500868,43,9654.443722
-266.260605,26,9654.546125
-224.936635,20,9654.628116
-280.160597,43,9654.798426
-153.960242,39,9654.967021
273.209948,70,9655.256382
-140.079489,23,9655.353755
-363.469657,37,9655.506113
-74.648329,29,9655.628664
-292.047683,28,9655.739078
-161.644878,26,9655.846909
190.481166,21,9655.940108
-315.700748,31,9656.069742
142.04151,41,9656.236245
-227.030015,34,9656.380417
-149.818354,23,9662.338019
-236.415309,34,9662.529954
-695.830157,101,9662.958844
-392.278459,41,9663.129473
-554.463483,60,9663.524802
-141.38098,34,9663.66535
-68.44378,25,9663.777928
-550.484405,101,9664.202039
-227.781291,19,9664.281959
-56.305457,24,9664.386739
-449.316881,52,9664.625923
-116.715151,34,9664.779147
188.387667,23,9664.893883
24.102704,28,9665.028285
-468.869385,101,9665.45718
-158.366691,26,9665.566651
-401.815176,58,9665.821835
-242.380757,22,9665.916542
-156.974055,38,9666.076988
-58.314276,25,9666.179642
-235.683588,23,9666.279011
-233.252292,21,9666.368898
-132.795116,21,9666.452979
-206.71663,31,9666.584034
-320.133376,44,9666.758407
-266.150839,38,9666.912786
-287.248968,40,9667.084439
-147.112689,74,9667.390516
-361.568756,37,9667.538822
-349.987078,37,9667.69725
-220.09251,19,9667.778761
-258.265901,38,9667.941686
-109.640511,51,9668.153021
-197.625607,31,9668.311958
-313.979662,58,9668.566002
-269.934325,64,9668.904834
-137.717071,22,9669.020691
-362.973384,37,9669.21714
-141.70201,23,9669.345577
-315.331523,44,9669.606336
-191.636946,28,9669.871192
103.268432,18,9670.058408
-135.985686,34,9670.275338
-269.249293,42,9670.582612
-218.316151,19,9670.738563
-132.918763,21,9670.859071
-265.879183,38,9671.036842
95.821813,31,9671.169055
-105.37509,31,9671.292631
-101.780939,29,9671.412902
-65.105556,37,9671.56212
-88.110214,28,9671.67315
-262.668715,38,9671.830424
-78.554669,40,9672.0028
-117.862112,19,9677.476824
-339.844132,63,9677.796545
-738.806508,101,9678.209946
-369.434219,37,9678.360448
-325.555759,61,9678.603329
-48.486632,23,9678.700132
-229.784621,20,9678.780214
-91.370829,41,9678.956993
-35.964836,37,9679.107511
-147.900217,35,9679.250151
47.687346,73,9679.56647
-136.97815,35,9679.711703
-477.810246,70,9679.99695
-75.747424,62,9680.25418
-148.80852,22,9680.34565
-344.617557,63,9680.604456
-249.52862,49,9680.801505
-274.359371,28,9680.916332
-359.422028,52,9681.137408
-350.939094,37,9681.295705
-146.533091,23,9681.39227
-452.980533,64,9681.658359
-494.676855,101,9682.080666
-163.087445,26,9682.184751
-413.447557,101,9682.600957
164.198021,37,9682.752211
-419.268559,50,9683.079197
-125.93322,21,9683.168798
-256.355211,37,9683.33287
-320.908008,32,9683.461883
-452.644727,62,9683.716602
-156.720654,45,9683.899654
-145.822224,22,9683.991982
-525.032651,77,9684.351908
-368.504325,38,9684.535704
-229.409939,46,9684.736813
-118.147898,19,9684.817133
-61.135641,25,9684.92699
-383.451723,59,9685.178404
-245.959149,52,9685.385246
-382.413952,40,9685.546378
-31.369626,33,9685.676114
-361.982158,36,9685.824785
-426.649047,44,9686.001752
-549.754546,76,9695.714721
-381.139415,54,9695.956577
-30.092439,35,9696.107063
-162.702602,37,9696.259853
-356.595815,41,9696.433857
55.542562,33,9696.576367
205.987608,20,9696.658756
-133.476982,21,9696.746153
-16.202182,100,9697.161107
183.915947,19,9697.247035
-373.904258,37,9697.404917
-316.740333,35,9697.556221
-375.059997,71,9697.836998
-260.668673,24,9697.937463
-226.354601,19,9698.016769
-137.993912,34,9698.154828
-125.322833,34,9698.309327
-128.210743,49,9698.520657
-394.737612,38,9698.67324
-554.559193,61,9698.931812
-731.586227,101,9699.34331
-553.485907,101,9699.779428
-75.716915,40,9699.941217
-134.941816,22,9700.035952
9.11268,29,9700.156504
-315.727579,45,9700.34688
187.745105,21,9700.430979
-256.308027,37,9700.5856
-354.974045,37,9700.739885
-242.664367,22,9700.83201
-387.684851,41,9701.006575
-115.165185,32,9701.14115
21.517048,29,9701.260866
-196.914575,42,9701.437113
-120.778624,20,9701.521002
-149.58772,23,9701.61291
-383.536976,37,9701.765588
-720.851377,101,9702.185058
-531.905512,63,9702.4494
-303.371944,46,9702.639666
-485.947101,60,9702.890183
-84.60237,40,9703.049666
-264.382921,26,9703.159088
-158.766991,25,9703.263019
-347.050877,35,9703.413741
-239.988656,22,9703.504021
-161.136601,25,9703.608272
-132.649377,23,9703.705623
-331.708671,38,9703.863795
-537.744668,101,9710.002604
-393.41272,42,9710.201456
-153.316429,25,9710.313354
-60.833497,25,9710.413218
-99.548946,30,9710.537429
-139.55679,23,9710.633956
-156.323107,24,9710.733737
-148.842772,22,9710.823403
-50.687558,23,9710.918928
-279.795089,41,9711.084616
-316.62441,46,9711.426287
-331.228632,34,9711.569449
-227.724031,19,9711.647468
-276.661188,28,9711.759528
-156.013365,23,9711.85373
-719.56525,101,9712.287141
41.118151,41,9712.461552
-252.339738,38,9712.617586
-286.020309,44,9712.808118
-359.304538,61,9713.088617
-383.896114,59,9713.358128
-426.498468,44,9713.547764
-45.751056,23,9713.642438
-66.284608,41,9713.814075
-227.716966,21,9713.9044
12.55501,28,9714.02259
-53.178136,24,9714.124746
-271.005425,39,9714.282369
-128.697663,22,9714.377272
-201.418182,29,9714.504748
-481.850444,73,9714.813053
-245.6122,37,9714.96982
-298.626433,101,9715.393832
-276.875327,40,9715.559493
-166.530934,25,9715.662498
-140.373889,34,9715.805699
-118.13128,19,9715.887735
-363.398571,37,9716.051242
-101.150709,29,9716.16925
-351.762777,37,9716.319923
-159.827363,25,9716.418795
-240.953275,50,9716.630503
-343.865662,48,9716.82697
-244.095157,35,9716.976989
-270.339831,37,9717.140764
-170.402029,41,9717.355121
45.368083,47,9717.595463
-259.135693,50,9717.937707
-118.340861,19,9718.085223
-347.882551,101,9718.865854
-174.859147,25,9719.042461
-170.316414,38,9719.27133
-53.086649,24,9719.374193
-258.984566,40,9725.496793
-260.068734,66,9725.814236
-416.387151,43,9725.994688
-132.596213,22,9726.090534
-370.466646,37,9726.240663
-499.991867,67,9726.525938
-140.259877,23,9726.62431
-194.829759,29,9726.742933
-373.787889,54,9726.97587
-73.981517,26,9727.086828
-150.197943,39,9727.251769
-309.422358,42,9727.430387
198.181802,24,9727.532935
-253.56501,101,9727.962738
-156.299224,23,9728.061339
-53.685696,56,9728.338654
-228.037341,33,9728.47206
-385.309682,41,9728.640379
-228.969144,47,9728.835401
-351.493717,36,9728.98516
-259.009224,37,9729.144282
-171.58889,41,9729.309441
-122.119165,36,9729.4594
-392.250719,51,9729.677142
-252.993243,53,9729.894934
-265.752792,56,9730.125157
-661.184345,91,9730.502962
-154.335934,36,9730.65144
-256.383225,37,9730.803196
-211.073611,32,9730.93964
-333.142187,48,9731.137686
-863.607608,97,9731.666936
-48.125042,23,9731.758861
-191.720689,29,9731.878159
-440.559608,45,9732.059157
-136.874778,35,9732.204248
-234.311745,46,9732.391402
-248.454899,35,9732.535964
-322.301231,45,9732.749669
-258.54565,45,9733.01191
-181.873792,52,9733.237636
-342.409466,47,9733.431716
-181.207377,33,9733.563496
-225.570374,18,9733.631777
-132.279866,35,9733.781249
-363.202967,63,9734.05256
-101.593711,33,9734.195191
-268.747555,39,9744.082466
-108.51256,30,9744.236454
-581.05682,86,9744.631756
-278.442046,42,9744.804114
-273.51687,42,9744.97633
160.150516,38,9745.141661
-358.549914,37,9745.289654
-5.756985,30,9745.413633
-10.290875,79,9745.741315
-372.133396,71,9746.032457
-400.840264,44,9746.232153
-173.539188,43,9746.404608
-631.518333,75,9746.716355
-383.332833,101,9747.144621
-244.315691,47,9747.352276
-425.126095,47,9747.542714
-563.704277,101,9747.953452
-122.456656,20,9748.035992
-217.115356,45,9748.218818
-267.61544,38,9748.384681
14.418954,44,9748.564316
-264.081974,37,9748.719124
-188.318462,40,9748.886802
116.66641,46,9749.074817
-320.618608,45,9749.256338
-187.92171,58,9749.48622
-55.816146,24,9749.583857
-320.464048,34,9749.726294
-58.239438,24,9749.827204
-67.661808,40,9749.996911
-202.536036,32,9750.131254
-322.774966,32,9750.262978
201.750641,21,9750.345163
-390.829229,76,9750.661947
-102.346859,32,9750.798732
-224.026337,20,9750.881647
-469.171204,68,9751.152459
-123.306703,33,9751.286079
-269.800689,25,9751.394764
-148.485596,37,9751.54431
0.253991,29,9751.665305
-220.619341,34,9751.804698
-44.940031,23,9751.90439
-364.532487,37,9752.057954
-196.172392,44,9752.237181
-274.261849,40,9752.397226
-126.386077,20,9752.474495
-384.897816,101,9759.131443
-129.44117,20,9759.21503
63.952319,37,9759.364093
-650.246525,101,9759.779744
-78.045557,29,9759.902746
-252.340411,36,9760.046857
-486.638736,77,9760.364449
-364.639794,37,9760.754562
219.238656,27,9760.904897
-40.018913,22,9761.003574
-26.741717,45,9761.195573
168.015526,24,9761.298053
-310.656857,44,9761.483734
-227.743468,21,9761.577952
-125.846089,37,9761.737256
-357.383875,38,9761.937931
41.806668,41,9762.156593
-175.034544,38,9762.366045
-225.59858,33,9762.508886
-356.439399,36,9762.65058
-250.838527,37,9762.806586
-366.661666,52,9763.02497
-61.626445,24,9763.129748
39.335063,28,9763.245459
-47.08998,23,9763.339833
32.761656,26,9763.448905
76.316095,35,9763.598927
-475.420375,77,9763.924241
-129.584142,33,9764.06006
-275.504333,60,9764.307353
-226.296755,19,9764.385629
-171.434014,40,9764.554116
-160.53389,24,9764.65494
-155.660957,23,9764.748199
-126.525572,20,9764.832089
-60.879795,25,9764.932493
-240.417165,48,9765.135108
-231.170658,19,9765.215495
-113.146743,31,9765.338635
-178.430009,40,9765.510001
-345.094268,37,9765.660951
-211.112758,32,9765.802606
-205.178739,43,9765.973815
-505.589656,62,9766.354322
97.253583,33,9766.596559
-355.357536,52,9767.020265
-233.822766,20,9767.184258
-299.470973,43,9767.640708
-60.224237,24,9767.800167
-519.077698,59,9768.23031
47.427469,23,9768.3533
-361.355921,37,9768.549082
-197.482267,31,9768.681666
-484.766823,101,9775.187656
-432.938554,101,9775.615653
-496.815063,64,9775.874325
-225.071789,32,9776.00182
-353.86921,37,9776.152289
-337.322064,33,9776.288504
-305.207345,42,9776.471403
-290.02744,40,9776.644417
-302.725441,45,9776.832051
-428.886985,43,9777.014512
-194.95699,31,9777.147945
-197.605529,32,9777.281947
-351.804718,37,9777.443871
-163.479942,101,9777.85979
-101.254622,31,9777.991813
-47.126567,23,9778.091408
184.847628,23,9778.192659
-90.307885,31,9778.322052
-565.93332,101,9778.770899
-183.675088,29,9778.889999
-533.835974,68,9779.174699
-181.406731,41,9779.346927
-228.75203,21,9779.433164
-350.109885,37,9779.593423
-212.293381,46,9779.793706
-144.743182,81,9780.14222
-104.517172,42,9780.318827
-163.422823,26,9780.426278
172.761192,22,9780.517925
184.663906,19,9780.596669
-259.191128,37,9780.755804
-370.70437,39,9780.919496
-320.682337,60,9781.161376
-356.192428,37,9781.586762
-183.671415,38,9781.749023
-363.262515,37,9781.91147
-171.946459,25,9782.015896
236.219936,28,9782.133969
-281.291361,40,9782.30725
-156.265158,26,9782.416334
-657.150817,94,9782.843279
-375.467015,41,9783.049527
-51.626207,50,9783.260467
-374.386414,37,9783.411676
-260.447971,35,9783.553973
-147.885151,35,9783.69887
-398.046993,55,9792.581524
-486.029013,80,9792.998406
-568.553095,71,9793.296874
175.455044,36,9793.457274
-134.207279,21,9793.545652
-135.010583,34,9793.685006
-498.084742,78,9794.003381
-353.623584,37,9794.160518
-151.900987,99,9794.569881
-292.236944,41,9794.733764
-271.013686,31,9794.864714
-159.132622,37,9795.025263
-474.390681,101,9795.457025
-392.14088,61,9795.715743
-120.710811,20,9795.800509
-15.11731,31,9795.926173
-319.472251,47,9796.132186
-294.390011,45,9796.319204
-465.077418,85,9796.679738
-231.383839,33,9796.816718
-249.229697,38,9796.975333
88.168128,31,9797.098522
-233.645275,34,9797.236169
-166.23313,37,9797.383379
-59.261844,37,9797.541732
-376.921387,37,9797.687463
-142.027282,22,9797.782571
-648.001552,101,9798.217384
-426.675357,61,9798.473423
-262.424539,37,9798.626065
-508.347191,61,9798.874126
-292.875369,54,9799.095174
-184.65928,30,9799.219683
-176.780355,39,9799.377421
-224.904993,18,9799.452859
-330.380192,34,9799.596609
-156.827692,23,9799.686434
90.668414,44,9799.873049
-284.193707,41,9800.04578
-448.006451,63,9800.310052
7.618968,43,9800.492803
-216.027085,31,9800.616066
-72.212344,26,9800.728554
-235.810988,37,9800.885835
-317.791349,45,9801.071007
-359.925946,38,9806.8465
-209.602624,32,9807.030128
-174.717131,30,9807.156121
-275.730064,27,9807.262221
-155.983908,37,9807.422392
-528.473819,65,9807.700867
-224.247795,19,9807.778349
-384.442208,37,9807.926744
-157.106179,24,9808.029367
-384.21087,41,9808.19926
-278.612445,53,9808.421978
-341.357748,33,9808.556112
-36.45375,34,9808.699353
-330.109625,34,9808.848664
90.696107,26,9808.955285
-513.537329,101,9809.533198
-366.197525,37,9809.685802
-164.939885,38,9809.84036
-171.651033,42,9810.017595
-142.323326,36,9810.17264
-120.788855,32,9810.305558
-349.840192,37,9810.489918
-352.184965,41,9810.681093
-232.509618,44,9810.885214
-432.788696,69,9811.170409
-523.155644,60,9811.419658
-368.203941,37,9811.573236
-727.633437,79,9811.896115
-361.983094,37,9812.052054
-78.844918,40,9812.217348
-223.139076,32,9812.351626
-121.377783,20,9812.435184
72.248537,33,9812.574147
-111.565293,31,9812.704571
-280.521883,40,9812.876978
-48.971935,23,9812.973213
-111.744285,31,9813.099821
-18.394253,32,9813.229861
-274.621243,28,9813.348305
-386.614177,55,9813.573778
19.22691,27,9813.680736
-81.471021,27,9813.792265
-524.351511,101,9814.210412
-302.963231,43,9814.385806
-646.540264,87,9814.803937
42.53697,101,9815.529072
-358.671115,37,9815.800031
-271.579684,43,9816.200474
-485.237871,50,9822.77712
-21.496022,34,9822.949876
-69.041897,37,9823.111754
-366.398117,43,9823.291737
-271.947628,41,9823.467939
-226.771742,20,9823.558214
-237.919464,36,9823.709966
95.124554,33,9823.862539
-243.041202,36,9824.011837
-243.930159,24,9824.110727
-224.510804,35,9824.25817
-111.999621,18,9824.335693
-359.187034,37,9824.486051
-74.373043,42,9824.666054
-492.724601,60,9824.916518
-357.548309,37,9825.072717
-155.246207,24,9825.175815
-139.475858,22,9825.269419
-300.076915,57,9825.512137
-484.657199,90,9825.903024
-157.95202,39,9826.065009
-85.212595,43,9826.247473
-47.821861,22,9826.336274
-488.870345,53,9826.552414
-125.072861,46,9826.750977
-166.619347,26,9826.86376
-306.240011,30,9826.992004
-301.896764,45,9827.17947
-121.60132,20,9827.26286
-205.243899,31,9827.387595
-122.627101,36,9827.544941
-279.822377,40,9827.708865
-401.055598,40,9827.879235
-217.318544,44,9828.059065
-65.007172,38,9828.213601
-81.12046,28,9828.328873
143.138088,24,9828.427761
-364.624813,37,9828.588583
36.051602,26,9828.700777
-252.102459,36,9828.851046
-363.452373,37,9829.002364
-491.900839,60,9829.244009
-295.183347,101,9829.841934
204.055662,23,9829.942003
-161.043848,38,9830.104035
-187.593029,28,9830.216581
-156.879233,37,9830.372327
-331.108916,53,9830.592421
-384.02322,42,9830.776325
-545.268662,101,9831.191227
-245.725528,35,9831.337914
-280.088783,45,9838.764301
-532.700553,101,9839.253552
-71.151067,28,9839.374133
-125.248344,32,9839.52202
-63.424499,26,9839.641322
-288.587396,29,9839.759747
-292.857589,42,9839.931617
-276.894983,54,9840.169264
-325.580387,101,9840.598147
-258.904321,40,9840.764818
70.176453,41,9840.934083
-457.029032,101,9841.341085
-154.368602,25,9841.451719
-174.43613,31,9841.584035
-176.53322,26,9841.68897
13.176799,28,9841.804263
-218.147801,33,9841.93997
-402.006158,43,9842.121365
-187.330531,29,9842.243192
-138.090721,23,9842.342214
-385.598366,40,9842.51216
-159.706779,37,9842.670506
-122.955794,32,9842.804087
-304.668987,48,9843.010916
-273.413913,39,9843.179633
-136.431246,48,9843.384061
-250.473298,22,9843.475096
-349.64649,37,9843.630047
-49.527066,37,9843.792125
96.299289,40,9843.961652
-185.078153,28,9844.079053
-372.922681,37,9844.231289
-526.794487,101,9844.65653
-196.743019,32,9844.794336
-384.2305,41,9844.977207
-214.662426,31,9845.107302
-542.262139,101,9845.528223
-314.388777,60,9845.776889
-109.247499,33,9845.916108
-278.254657,41,9846.087873
-192.972446,42,9846.26861
-29.003441,88,9846.644287
-46.062487,35,9846.791527
-63.886549,25,9846.898193
195.402294,22,9846.993208
-309.131305,32,9847.130178
-127.118774,33,9847.268285
185.330139,19,9847.347751
-228.156323,31,9853.26047
-69.702774,28,9853.422383
-211.197534,47,9853.641932
-470.792096,101,9854.076768
-666.849266,101,9854.49938
-179.292196,29,9854.61948
-26.174403,34,9854.757864
-48.471692,23,9854.850745
-215.563262,47,9855.042032
-128.455136,33,9855.177876
-402.488479,101,9855.591317
-294.483902,58,9855.885193
-168.035603,51,9856.298884
-25.208107,33,9856.464969
-174.018529,26,9856.598969
-180.118335,28,9856.732057
-703.210998,101,9857.226959
-266.491688,26,9857.361295
-228.822377,19,9857.463201
-178.307463,27,9857.608992
-445.105878,52,9857.898246
-208.533672,50,9858.12426
-81.434133,28,9858.256876
-168.892797,39,9858.424133
-143.913815,37,9858.585758
-0.206025,29,9858.711891
-138.761811,37,9858.873994
-307.924653,43,9859.055652
-39.402789,22,9859.145643
-120.137778,19,9859.225823
-326.688733,32,9859.372012
-47.813518,49,9859.576299
-165.88981,38,9859.734718
-375.482536,37,9859.89134
-323.540674,34,9860.035422
-41.53133,22,9860.126095
-406.107331,44,9860.302916
60.402775,38,9860.453902
-150.124734,38,9860.607507
-72.149848,26,9860.720581
-359.165965,39,9860.893353
-62.485649,41,9861.08218
187.266961,21,9861.171324
-375.15297,41,9861.340158
-156.257084,24,9861.440723
-484.748434,71,9861.836873
-258.55375,37,9862.076161
-231.205354,37,9862.396593
-168.30159,28,9862.627801
-237.431947,34,9862.89708
-268.360876,25,9863.137103
-184.234089,28,9869.507087
82.246695,45,9869.75769
-205.423186,44,9869.947249
-396.666456,50,9870.157237
-275.784065,39,9870.315976
-210.950119,46,9870.512836
-120.339511,19,9870.594137
-116.391851,32,9870.721029
-135.364226,22,9870.812465
-140.987007,36,9870.963141
-464.312084,50,9871.178328
-128.727661,20,9871.260116
50.637984,27,9871.36825
-233.66713,48,9871.571604
-396.382015,101,9872.021741
-204.806486,30,9872.152604
-365.412459,40,9872.322562
-373.117926,37,9872.473795
-271.503701,39,9872.641136
-209.615556,32,9872.777252
-45.031533,23,9872.874468
-268.177756,38,9873.033935
39.553297,38,9873.19182
15.232623,40,9873.357623
-190.640475,28,9873.473494
-146.44928,37,9873.629526
-196.224266,84,9873.979207
-408.209677,43,9874.160671
-321.486502,46,9874.353418
-207.006151,31,9874.481507
-199.619941,36,9874.628754
8.749259,28,9874.745486
-328.647135,34,9874.888658
-178.25502,101,9875.313921
-147.382342,22,9875.405948
-227.524094,70,9875.700897
-141.095181,35,9875.856492
-255.102938,49,9876.068927
-541.651551,71,9876.368515
-330.452339,47,9876.55837
-248.610935,37,9876.716555
-450.494338,65,9877.117335
-578.020439,62,9877.371086
-152.48099,23,9877.46612
-146.643346,38,9877.62839
90.544229,31,9877.758625
-281.653092,41,9877.934647
-77.387146,39,9878.133134
-441.964985,52,9885.983622
-312.961636,47,9886.251579
-229.912139,37,9886.418798
-329.489825,71,9887.051626
-251.235786,22,9887.172079
-321.018381,33,9887.349503
-420.981723,101,9887.789734
147.648469,44,9888.007682
-156.33502,36,9888.200949
-160.334165,23,9888.310555
-398.735243,51,9888.526506
-44.63174,23,9888.624397
-257.043154,37,9888.775668
-285.336037,41,9888.95732
-179.441594,27,9889.07083
-448.103192,47,9889.270445
-145.807074,24,9889.368816
-523.533716,78,9889.706794
-380.038081,44,9889.892554
-86.206994,46,9890.089739
-175.523299,41,9890.259184
-44.099333,23,9890.353785
-322.886927,45,9890.534107
-679.148125,101,9890.940428
-252.587489,39,9891.101006
-353.36434,37,9891.263357
-351.971711,59,9891.514444
-159.043349,37,9891.669026
-35.481009,85,9892.004703
-145.056282,36,9892.151988
-57.200062,36,9892.293836
-406.741824,45,9892.479912
-54.77913,24,9892.578175
-287.306171,30,9892.702948
-223.282746,33,9892.84903
-433.848621,51,9893.059357
-394.187797,57,9893.296727
-358.100036,37,9893.446228
-431.620852,75,9893.763219
197.073666,32,9893.896138
-125.645766,21,9893.983973
-327.719669,34,9894.118241
-152.571518,22,9894.208805
-565.952592,89,9894.573707
-126.917606,38,9894.732933
-456.533807,83,9901.315937
-322.882308,101,9901.90402
-156.45852,37,9902.07919
-126.689643,34,9902.214426
-385.335108,39,9902.371549
-2.935603,35,9902.519035
-333.685692,35,9902.665471
-348.129646,51,9902.871204
-156.893299,38,9903.025886
-125.031358,49,9903.226346
-206.07512,30,9903.353535
-303.678321,45,9903.541241
-190.308374,28,9903.650001
-295.617053,66,9903.96158
34.276758,101,9904.391107
-132.320011,21,9904.476249
202.489203,39,9904.768871
-358.397691,49,9904.984892
-325.872227,32,9905.123125
-364.510998,38,9905.274769
-214.476048,34,9905.414637
-362.528266,37,9905.575267
-160.816745,39,9905.740903
-366.888867,41,9905.927874
-781.71939,101,9906.420056
-398.142406,43,9906.599607
-383.350165,37,9906.749241
-12.174857,33,9906.884216
-563.90761,60,9907.132134
-45.343577,35,9907.278779
-306.925008,47,9907.472519
-285.896175,41,9907.631326
-231.634074,21,9907.72261
-583.69053,101,9908.154339
-107.845753,31,9908.306627
-329.338418,61,9908.569442
-248.955402,36,9908.724938
-272.859426,26,9908.841373
-195.649892,48,9909.047125
-165.391048,26,9909.15714
-191.579593,27,9909.267752
-231.42645,48,9909.467672
-299.722948,42,9909.643606
-324.653827,44,9909.822534
-127.854167,20,9909.905304
-199.532842,31,9910.03174
-276.85785,40,9910.258308
-16.829553,52,9918.823089
-286.948331,41,9919.041107
211.346195,19,9919.122304
-250.987638,24,9919.2194
-138.651488,23,9919.310833
-769.862018,96,9919.717058
-389.940154,43,9919.896207
-156.795836,37,9920.048741
-306.918974,45,9920.234215
-388.007356,66,9920.508573
-107.973025,33,9920.644702
-186.660259,30,9920.764823
-125.69615,20,9920.848025
183.933023,22,9920.940365
-62.047783,24,9921.037269
-71.670118,25,9921.139171
-17.431807,20,9921.217221
-153.853789,26,9921.330839
-326.042836,37,9921.492923
-121.002651,32,9921.630013
-735.852258,101,9922.041756
-210.428973,45,9922.228297
-56.903171,23,9922.324149
-77.807419,27,9922.437501
-313.962049,57,9922.680025
-277.021479,29,9922.79844
-221.583802,37,9922.948813
-346.357106,39,9923.114679
-196.753423,41,9923.287662
-468.222918,60,9923.548704
-262.671856,24,9923.647845
-393.178708,60,9923.891646
-488.593358,70,9924.185412
63.946031,41,9924.359236
-350.483706,37,9924.514613
-54.013707,25,9924.624716
-61.403379,25,9924.728574
-92.730353,28,9924.845923
-201.608321,44,9925.025611
1.710175,34,9925.169058
-273.409251,41,9925.345899
-79.697142,43,9925.524509
-464.984328,55,9925.747457
-405.240568,42,9925.91708
-200.056075,32,9926.05295
-251.152643,36,9926.203514
-350.281526,59,9926.642196
-111.127328,31,9926.778721
-337.225532,33,9926.915348
-362.042754,38,9927.073843
-69.44937,42,9927.243931
-312.933007,33,9927.382701
-144.087416,36,9935.627127
-91.66355,28,9935.812476
-221.525917,34,9935.965828
-261.924571,37,9936.128678
-266.87447,37,9936.285859
-209.210151,52,9936.511052
-373.076883,54,9936.740105
-354.638631,37,9936.893545
-10.003877,57,9937.140719
-445.553023,48,9937.334198
-55.546162,23,9937.426236
-310.374189,30,9937.550743
-179.224992,30,9937.679631
-165.820239,39,9937.847647
-378.036013,37,9938.003443
-200.919124,30,9938.134589
-226.869463,46,9938.340389
-231.060403,37,9938.503153
-258.684736,38,9938.668806
-388.308482,42,9938.845807
19.457535,39,9939.015861
-352.303097,48,9939.21739
-181.002254,28,9939.335379
-360.359377,37,9939.487239
-341.599077,35,9939.637255
155.686173,34,9939.787071
-358.572234,37,9939.942159
-537.587822,101,9940.371589
-254.632911,37,9940.533478
-354.265695,38,9940.696997
-381.1933,37,9940.85337
-493.791276,101,9941.292016
-322.047159,31,9941.4214
4.011318,42,9941.593767
-134.077542,21,9941.682108
179.40584,21,9941.774086
-641.663042,77,9942.100601
-366.425745,37,9942.247668
-61.463621,25,9942.351369
-164.496967,26,9942.463372
-113.286203,31,9942.597734
-214.069003,49,9942.80813
-260.238551,37,9942.964791
-294.467915,31,9943.09613
180.936477,20,9943.180378
-258.003051,37,9943.329426
-236.794049,36,9943.478088
-177.685892,27,9943.593153
-730.413185,101,9944.030766
-347.673856,35,9944.176141
-129.111877,22,9944.266404
-359.35167,37,9950.127571
-15.546525,19,9950.238677
-157.451957,37,9950.41804
-214.726399,36,9950.573203
-280.678994,40,9950.736162
-192.717305,41,9950.911565
-33.785066,35,9951.054249
-301.460198,29,9951.177243
-141.987842,22,9951.263877
-288.833397,41,9951.433909
-159.257978,26,9951.54712
25.855116,31,9951.675315
93.842503,20,9951.75519
-167.57261,26,9951.864072
-5.220417,75,9952.179172
-360.687979,59,9952.418805
-356.98402,38,9952.581733
-118.94666,19,9952.657475
-219.671396,19,9952.735813
-295.515342,49,9952.942854
-217.303096,31,9953.074348
3.211827,38,9953.233306
-99.718572,29,9953.349555
160.912623,47,9953.548732
-351.812325,36,9953.854214
-267.520446,26,9953.963392
-259.689752,37,9954.119475
-117.990788,59,9954.366922
-239.915342,35,9954.519698
-563.137335,71,9954.817152
-229.867811,33,9954.952159
-280.871215,40,9955.131424
-217.300311,32,9955.27043
-300.583001,41,9955.469272
-257.347459,37,9955.632083
-57.317931,24,9955.728712
-364.470069,37,9955.882301
-355.076874,37,9956.034606
-381.928505,61,9956.290654
-59.260923,25,9956.3938
-258.060059,37,9956.546689
-578.418476,76,9956.857306
-338.293417,36,9957.005766
-161.651799,27,9957.120782
-208.378266,31,9957.252757
-130.441299,47,9957.448901
-178.260493,28,9957.563021
150.305402,26,9957.674974
-411.162982,59,9957.910245
-121.101454,32,9958.045291
-289.613779,28,9958.166958
194.487031,74,9958.472003
-350.958338,37,9958.63246
-83.871417,43,9958.808691
-348.815011,50,9966.3666
-359.626901,37,9966.536919
-183.160144,27,9966.649684
-268.241699,39,9966.813728
-225.287159,19,9966.892181
-260.969236,25,9967.001078
-58.369065,25,9967.102193
-285.471543,27,9967.213773
-277.933715,47,9967.4166
-656.569245,101,9967.840853
-257.487289,51,9968.058828
202.594506,23,9968.172807
-133.851571,45,9968.381658
-166.070676,38,9968.541773
-201.400245,40,9968.7082
-396.294522,38,9968.869517
-402.271955,69,9969.157884
-472.645706,101,9969.577562
-235.504075,20,9969.66392
-198.723858,29,9969.784335
-357.625241,37,9969.93665
-228.422129,19,9970.011258
-410.755569,68,9970.291651
-85.46765,28,9970.414913
-274.118005,27,9970.528357
-162.33966,27,9970.641686
-518.485627,101,9971.070243
-238.869998,22,9971.164128
-157.584718,37,9971.319634
192.167272,20,9971.405356
-106.138364,34,9971.54541
-198.646562,44,9971.724586
-255.644939,39,9971.88252
-38.527949,35,9972.026269
-67.033406,26,9972.130761
-147.210801,49,9972.335553
106.256319,31,9972.46575
-160.077823,26,9972.581383
-455.019913,53,9972.830403
-49.192258,37,9972.983134
-200.352759,31,9973.113476
-68.928958,40,9973.28311
-198.687287,31,9973.411682
-551.972271,60,9973.669621
252.508851,29,9973.798542
-53.482499,24,9973.898341
-193.748532,42,9974.074654
-160.957576,24,9974.173622
-119.752694,20,9974.256091
-431.738943,54,9974.664222
-157.045576,24,9974.769589
-200.013911,30,9974.896508
-55.44606,24,9975.000673
-240.977258,22,9975.098027
-108.575724,33,9982.725124
-104.442716,48,9983.067836
-149.733028,23,9983.189623
-255.92902,52,9983.418251
-157.003325,28,9983.542556
-112.268835,31,9983.671251
-350.724809,37,9983.839262
-542.58164,73,9984.156745
-162.805814,37,9984.311334
-138.901358,23,9984.407806
-456.912782,50,9984.612838
-364.894154,38,9984.769995
-121.832716,45,9984.954455
-472.768671,101,9985.378315
-376.743976,37,9985.530411
29.630416,28,9985.655534
-214.029212,46,9985.84436
-190.434239,43,9986.026347
-461.932425,53,9986.247241
-94.799013,29,9986.37787
-416.178411,62,9986.634857
-180.959458,41,9986.807449
-150.869701,25,9986.91148
-286.916315,28,9987.032507
-66.825271,25,9987.132501
-451.972726,49,9987.329012
-235.331026,20,9987.414973
-271.976683,37,9987.574722
-424.665263,53,9987.789346
-401.569465,44,9987.960948
-216.999458,51,9988.168467
-163.235982,37,9988.325202
-211.297999,36,9988.469598
-199.416052,43,9988.653193
-342.125525,34,9988.795269
-125.072534,36,9988.94914
-459.157575,52,9989.155658
-350.79559,47,9989.345378
-286.383561,40,9989.517789
-194.020786,41,9989.688723
-358.961101,37,9989.843051
-231.090391,33,9989.9742
-251.370221,35,9990.123568
-277.938849,40,9990.291412
29.033051,42,9990.465661
-136.993642,22,9990.553528
-248.015561,38,9990.709771
-350.024,37,9990.862411
-219.414656,44,9991.048702
129.173755,25,9991.15286
136.013145,29,9991.269269
-156.184493,36,9997.096312
-27.344715,43,9997.320292
-407.634776,44,9997.5196
-221.091793,47,9997.727078
-139.607925,35,9997.874415
-208.474204,44,9998.068308
-557.366569,62,9998.322563
-202.057468,57,9998.573085
-167.816731,39,9998.738669
-171.724143,39,9998.904689
-153.031295,24,9999.009895
-279.905645,45,9999.195235
-402.608844,48,9999.392126
-123.856224,32,9999.522235
177.731056,21,9999.605992
-217.947347,46,9999.793942
-140.52531,22,9999.885907
-130.822294,36,10000.037342
-123.08703,20,10000.122344
-258.758946,55,10000.350944
-352.416874,37,10000.500873
-627.310951,101,10000.919812
-177.093943,57,10001.303286
-60.599114,88,10001.673991
-159.496554,37,10001.8332
-481.505606,55,10002.065448
-256.526555,61,10002.324432
-341.826974,47,10002.546621
-246.882752,35,10002.714762
-201.204101,32,10002.860717
-354.704159,37,10003.016325
-370.79598,37,10003.164962
-52.355145,39,10003.327679
-255.132679,24,10003.428456
-34.091511,22,10003.526382
-139.428741,22,10003.622075
-287.157346,29,10003.739499
-85.947288,83,10004.090488
-253.668535,48,10004.285784
-424.272858,52,10004.504671
-157.566344,37,10004.663063
-207.811263,29,10004.783135
-91.974958,28,10004.904271
30.161311,30,10005.038615
-351.581569,38,10005.202041
-214.603633,18,10005.281044
-156.05582,50,10005.489399
-365.703305,52,10005.70793
-183.30802,42,10013.468125
-377.617652,56,10013.787879
46.101696,29,10013.916927
-211.652848,34,10014.065148
193.162943,36,10014.218353
145.742902,29,10014.339717
72.460449,59,10014.587537
-289.777208,40,10014.753602
-353.531978,37,10014.942629
-185.244868,42,10015.123938
-365.440592,39,10015.292343
-417.836783,69,10015.582408
-413.172252,48,10015.776597
-141.586475,36,10015.923061
-150.973351,25,10016.027433
-410.247288,52,10016.234855
-255.43831,37,10016.386256
-160.548952,26,10016.493576
-371.112236,37,10016.645426
-694.146347,86,10017.00886
-457.581261,48,10017.215209
-209.860225,32,10017.350726
-263.944861,72,10017.645424
76.864538,33,10017.778534
-156.586306,24,10017.874754
-14.02152,31,10018.010564
-311.250424,31,10018.135877
-133.191886,21,10018.22321
-290.718646,41,10018.391811
-55.208162,24,10018.494635
-362.020716,37,10018.66039
-116.811995,31,10018.791881
-311.084433,56,10019.023746
-172.323587,38,10019.186836
-499.020752,45,10019.382651
-50.999695,37,10019.540329
-408.460137,101,10019.968197
-252.46631,45,10020.153118
6.16983,34,10020.294565
-111.650438,18,10020.367505
-185.989941,54,10020.599105
-78.820378,90,10020.98837
154.174821,25,10021.088479
-281.988409,53,10021.305978
-421.514164,46,10021.496243
-340.934982,49,10021.69465
-187.000035,40,10021.859903
-370.977362,37,10022.025643
-386.573035,101,10030.782738
-373.921108,53,10031.222795
-248.499643,53,10031.551843
5.326203,35,10031.701053
-270.113274,55,10031.93429
196.709426,19,10032.018575
-121.543164,20,10032.107473
-261.573733,37,10032.268508
-133.699588,46,10032.455245
-263.592967,38,10032.614301
-208.444554,30,10032.747142
-239.445154,35,10032.899454
-328.110807,34,10033.037161
-533.778176,70,10033.335889
-551.631654,67,10033.614177
-373.151226,66,10033.877711
-135.121819,22,10033.971877
-267.344352,53,10034.194386
154.52495,27,10034.310461
-293.808184,52,10034.534942
-285.135322,28,10034.657456
-526.083123,67,10034.937907
-249.428429,56,10035.162649
-220.661838,33,10035.298751
-306.16168,46,10035.496372
-371.161485,37,10035.644957
-264.168179,38,10035.798509
-172.221379,28,10035.915083
-165.459664,37,10036.062886
-299.29849,29,10036.181298
102.561192,32,10036.311161
-99.80609,33,10036.444287
-320.662117,34,10036.579942
-342.502397,36,10036.725205
-302.808393,43,10036.898199
-4.3864,35,10037.04476
-258.701283,37,10037.197209
-182.756052,43,10037.368789
-198.719574,30,10037.491283
-260.518085,37,10037.645917
-186.413878,27,10037.755236
-214.928819,32,10037.888238
-90.726006,28,10038.005412
-247.712262,37,10038.15285
-131.924385,22,10038.239602
-227.069297,36,10038.388176
-321.52521,34,10038.53592
-711.027552,75,10038.847729
-221.409483,18,10038.922286
-364.704319,37,10039.074665
-776.787922,101,10045.531026
-138.589129,22,10045.636425
-159.539649,37,10045.788746
-326.781952,37,10045.947314
-552.818772,61,10046.203347
-392.286509,74,10046.508402
-77.735274,29,10046.639258
-82.920164,27,10046.758532
-104.348526,31,10046.890298
-192.372087,29,10047.016465
-154.811368,27,10047.128339
-241.222243,35,10047.269713
-133.176868,23,10047.367808
179.192322,28,10047.491023
-255.000069,38,10047.646323
-304.795665,43,10047.824452
-351.144539,37,10047.983871
4.501715,76,10048.29742
-364.61347,37,10048.446673
-297.072478,44,10048.637481
-257.263251,24,10048.736448
47.20509,24,10048.841143
-124.700099,33,10048.975254
-355.134601,41,10049.152839
-648.186702,101,10049.57026
-184.140559,30,10049.699791
-59.747888,26,10049.808937
-586.724398,65,10050.210739
-194.653656,42,10050.386157
-205.983434,42,10050.566005
-324.495841,46,10050.757426
-165.571487,37,10050.914928
-371.717426,38,10051.075574
-172.103716,39,10051.257115
-130.616338,50,10051.477894
-63.296784,24,10051.592418
-146.320415,38,10051.744235
-208.813218,44,10051.935033
-559.670201,89,10052.310619
-164.628229,24,10052.408248
-272.356177,25,10052.517869
-219.392831,45,10052.702816
-235.250223,46,10052.895868
119.546584,70,10053.180309
-206.397373,55,10053.409398
-572.203268,93,10053.802634
-374.8762,101,10062.354792
-402.972363,54,10062.63877
-385.316916,68,10062.919204
-170.00175,37,10063.073029
10.121104,29,10063.194891
-95.794348,29,10063.317954
-171.50933,92,10063.686643
-300.054191,31,10063.817611
-250.670653,50,10064.022631
-250.612476,23,10064.115526
-85.229363,28,10064.229898
-370.903408,37,10064.385614
-141.289273,24,10064.486928
-143.190025,24,10064.583224
-149.709894,23,10064.680404
-267.089299,26,10064.787595
-365.877359,66,10065.053182
-110.959223,42,10065.229914
-131.994128,21,10065.315243
-93.252819,46,10065.50355
-155.475421,37,10065.652469
115.623575,30,10065.777713
-255.59017,38,10065.937002
-310.784414,44,10066.11671
-121.184619,77,10066.433239
-209.458117,50,10066.652238
-232.225577,34,10066.795354
12.131069,30,10066.923133
-268.444328,37,10067.080758
-188.767004,40,10067.255935
-437.293446,53,10067.477318
-230.835076,19,10067.555805
-263.424464,38,10067.721967
-390.918083,61,10067.979524
-155.277974,23,10068.070383
-237.794413,53,10068.289434
-167.051271,38,10068.455412
49.904726,23,10068.560701
-262.213673,24,10068.666436
-183.853553,42,10068.84423
-121.371213,32,10068.980253
-590.492845,71,10069.274616
-140.972402,39,10069.439913
-681.042578,88,10069.806345
80.895992,20,10069.89658
-42.35791,56,10070.138781
-9.034792,44,10070.318748
-334.640122,33,10070.466511
60.574643,24,10070.56901
-272.733208,40,10070.737272
-255.008672,40,10070.906758
-445.180476,51,10076.778076
-20.365991,59,10077.181829
-309.40549,45,10077.368862
-274.408701,28,10077.483104
-221.305955,20,10077.567524
-55.703626,24,10077.669016
-348.740141,47,10077.85758
184.658948,19,10077.939125
-344.553546,38,10078.098124
-330.032423,34,10078.237774
-162.770234,52,10078.464303
194.753231,44,10078.656672
324.318039,31,10078.785555
-268.259169,39,10078.950366
-169.158327,30,10079.077418
-159.850296,38,10079.247043
-53.573915,24,10079.362539
-255.087007,37,10079.532686
-141.814438,24,10079.654226
-184.144216,29,10079.779548
-128.728665,20,10079.868236
-266.067204,37,10080.029513
-435.222634,61,10080.280641
-77.963323,28,10080.399152
-240.473099,37,10080.552848
50.537475,23,10080.649071
-223.721782,18,10080.719585
-123.269429,34,10080.867441
-191.678195,42,10081.042238
-265.748796,37,10081.195533
175.076187,21,10081.28853
-263.395868,25,10081.390975
-85.413125,28,10081.516838
-176.86659,40,10081.682683
-520.74187,101,10082.103217
-117.031457,32,10082.238954
-526.178588,59,10082.490885
-135.608369,21,10082.581523
-51.979438,25,10082.684131
-191.627462,29,10082.805524
-369.12221,37,10082.961236
-52.424873,23,10083.056598
-270.117978,37,10083.21063
-20.313731,33,10083.349479
-268.361699,25,10083.460221
-253.894365,37,10083.678336
-263.829655,71,10084.135912
-242.445706,22,10084.282656
-227.103291,20,10084.443408
-54.629906,24,10084.628956
-207.408362,44,10085.020938
-203.643247,30,10085.366808
-356.117778,37,10085.652756
-314.519597,86,10086.181639
-173.972643,26,10086.418498
119.000275,27,10086.651144
-602.0844,77,10093.301945
-365.652403,37,10093.477639
-304.64517,29,10093.599114
-427.885959,45,10093.784012
-185.477658,39,10093.948565
-18.847778,45,10094.136005
-204.424184,62,10094.391515
-58.093394,24,10094.493513
-111.092152,47,10094.690679
-68.512018,38,10094.852719
-168.552251,25,10094.957141
-258.907506,43,10095.142568
-445.755719,72,10095.443967
-382.765603,52,10095.670416
-356.079261,36,10095.820251
-158.466337,37,10095.980225
-268.724372,41,10096.142085
-293.06553,44,10096.320937
-178.134661,40,10096.489921
-274.026436,39,10096.653108
187.800537,24,10096.752953
-249.675398,26,10096.867307
-567.371747,101,10097.294979
-83.798109,30,10097.418173
-138.504536,37,10097.574396
-402.505034,89,10097.93886
-91.960472,43,10098.236683
-103.598891,30,10098.366447
-173.351955,26,10098.471976
-328.077351,35,10098.623426
-414.997845,49,10098.824253
-397.219687,42,10099.007885
-437.139562,93,10099.419781
-626.868935,81,10099.830015
-191.607697,30,10099.969487
-631.25039,101,10100.387672
-128.951328,35,10100.532905
-243.474536,24,10100.640433
-140.832345,23,10100.737377
-196.0139,29,10100.857763
-277.173051,26,10100.960999
-109.603575,30,10101.083549
-331.944351,32,10101.214161
-119.045785,34,10101.353357
-236.283833,47,10101.554476
-184.071855,40,10101.732426
-139.464245,23,10101.82982
-44.117557,23,10101.929146
-42.259896,36,10110.336122
-190.785146,40,10110.542622
-289.885702,42,10110.727179
-206.707524,33,10110.867484
-317.245941,34,10111.004035
-209.182499,47,10111.203946
-102.736427,30,10111.328589
-225.298107,47,10111.536994
-354.399923,37,10111.696141
-268.492538,28,10111.808823
-209.600372,31,10111.9392
-262.518192,37,10112.096108
-443.849218,58,10112.338403
-668.13518,101,10112.756198
-42.386638,37,10112.918225
-315.142662,31,10113.0501
-160.236362,37,10113.199842
-402.195749,43,10113.377149
-142.610972,25,10113.484676
-258.609253,37,10113.638493
-495.422174,101,10114.060709
-313.996063,45,10114.252724
-312.920547,31,10114.378911
-182.61136,41,10114.553579
-314.038567,31,10114.685374
-353.006637,37,10114.843949
-273.941648,28,10114.95934
-498.78583,101,10115.383143
-182.407394,28,10115.494736
-248.924575,37,10115.651076
-69.290895,26,10115.764564
-361.758714,39,10115.927365
-405.919648,65,10116.210207
-61.693756,25,10116.31406
-321.949985,32,10116.451702
-353.099472,37,10116.603796
-253.37169,37,10116.756142
-247.914726,38,10116.914943
-127.3791,22,10117.011177
-343.718918,37,10117.170097
108.693075,28,10117.281409
-565.111546,71,10117.579635
186.056685,43,10117.760155
213.009196,79,10118.095525
-226.616911,35,10118.238908
-115.721483,43,10118.420198
-302.82072,36,10118.570072
-12.879386,31,10118.701426
-274.597738,53,10124.661476
-284.234168,40,10124.890754
-248.949294,37,10125.061366
5.457049,42,10125.244279
-259.04281,38,10125.404038
-225.566721,33,10125.68253
-133.100326,21,10125.771274
-294.272731,99,10126.193182
-268.428552,37,10126.350891
-361.528775,36,10126.504178
-177.410503,26,10126.610223
-253.215146,37,10126.761015
-73.466375,42,10126.935992
-261.47122,37,10127.082204
-598.051567,83,10127.436117
-133.65867,21,10127.520315
-142.159595,23,10127.615424
96.276457,30,10127.74767
-61.018259,37,10127.904425
-160.330389,37,10128.054965
-162.836391,24,10128.153364
-324.790529,38,10128.315341
-635.756279,92,10128.756802
123.835431,30,10128.896045
-353.200996,40,10129.065187
-402.884495,57,10129.300883
-240.151901,78,10129.635256
-211.512688,44,10129.827838
-372.627145,37,10129.99182
-240.575943,23,10130.090216
-267.797374,31,10130.226411
-116.696153,33,10130.371947
-74.042403,26,10130.482837
143.623994,50,10130.701084
-227.419406,21,10130.792753
-61.286898,25,10130.898373
-225.375708,35,10131.039699
-187.148972,41,10131.216893
-161.735757,45,10131.40881
-281.535005,42,10131.582649
-290.719773,29,10131.706433
-139.134864,21,10131.794039
-45.364902,40,10131.961233
-187.384047,41,10132.129579
-206.296393,33,10132.277641
-272.393366,25,10132.388025
-415.807401,101,10132.918902
-242.980544,22,10133.04566
-423.892877,49,10133.416946
-308.838356,57,10133.832697
-443.553126,48,10134.234162
-2.853951,66,10141.741141
-351.750219,37,10141.909789
-301.251974,31,10142.042619
-125.613355,20,10142.128761
-47.493301,38,10142.288221
-49.129945,23,10142.405041
-157.847404,37,10142.607145
-370.265317,51,10142.827593
-293.511255,28,10142.946585
-104.367231,30,10143.07401
-50.321668,39,10143.239953
-9.990463,47,10143.424889
221.31713,29,10143.544449
-126.918773,44,10143.726501
-224.199454,33,10143.867578
-353.959909,35,10144.015516
-176.260635,29,10144.140331
-318.454638,45,10144.329067
-142.50991,22,10144.41801
-366.137662,37,10144.577519
-488.437557,53,10144.803139
-219.327844,32,10144.941549
-201.186284,32,10145.070209
-244.091513,38,10145.227248
-269.369245,25,10145.331057
-132.002559,21,10145.415642
-261.454664,37,10145.570886
-155.133686,24,10145.672855
-438.277123,48,10145.869083
-293.247605,42,10146.046766
-116.227171,32,10146.18141
-195.597205,58,10146.419891
-220.225778,46,10146.611394
-458.989506,74,10147.078371
-145.247351,72,10147.388769
-306.968099,50,10147.601968
-115.439269,19,10147.686665
-487.654372,82,10148.031092
17.704099,27,10148.145477
-133.753411,22,10148.255776
-433.330516,61,10148.555963
-169.778483,26,10148.685924
134.535692,33,10148.831558
-768.110513,101,10149.260809
-296.06763,58,10149.509635
-673.407111,87,10149.881328
-279.279723,43,10150.070345
-187.867247,42,10150.248767
29.19465,46,10150.441811
-274.822804,27,10157.611382
-20.702085,34,10157.789206
52.305902,25,10157.899286
-77.912326,29,10158.020953
-260.534634,38,10158.182416
-281.055316,29,10158.304871
-124.895098,35,10158.451452
-156.658756,24,10158.552392
-297.683001,42,10158.730828
125.905794,33,10158.87142
-359.438276,37,10159.034297
-692.574061,80,10159.371155
-489.991894,68,10159.65798
-243.196179,37,10159.817901
-443.936694,57,10160.049684
-215.60015,34,10160.195694
-263.495368,37,10160.352446
-355.503423,38,10160.508693
-278.362309,39,10160.670436
-181.518871,27,10160.784685
-248.798178,35,10160.930489
-112.051845,31,10161.066181
-273.008518,39,10161.227525
-604.697079,101,10161.650436
-42.184565,37,10161.803539
-401.750933,46,10161.996713
-409.578712,42,10162.163477
-262.61667,37,10162.319537
-370.151434,37,10162.473811
-626.117976,78,10162.803008
270.609502,22,10162.895155
-137.605964,23,10162.99385
-711.052002,101,10163.419106
-165.354641,25,10163.526609
-231.662908,47,10163.724985
-326.517871,101,10164.149448
-227.089098,20,10164.231864
-265.822114,38,10164.38898
-181.770784,28,10164.518128
-390.98345,40,10164.691093
-271.356649,37,10164.842887
-87.276374,46,10165.040894
-597.139743,73,10165.352705
-128.258015,20,10165.441175
-103.029581,31,10165.574846
-429.54754,61,10165.829679
-127.47118,37,10165.985844
-485.54731,62,10172.300342
-38.800242,37,10172.499011
-252.925919,37,10172.657706
-357.172523,37,10172.810282
-265.818376,37,10172.965759
-241.833802,48,10173.159873
-271.206487,37,10173.311524
-365.758737,39,10173.474998
-136.181712,36,10173.746459
-108.801593,30,10173.874868
-299.492234,30,10173.998332
203.261419,31,10174.128849
173.858744,21,10174.216213
-379.882644,41,10174.390135
-373.938791,37,10174.538286
194.861533,20,10174.623942
-248.326216,37,10174.7916
-347.93528,37,10174.973733
-169.041603,39,10175.152894
-274.727294,26,10175.28875
-259.966571,37,10175.444455
-568.901167,76,10175.760084
-219.563758,35,10175.904043
-513.586572,62,10176.15932
-354.44526,37,10176.313212
-209.930162,31,10176.441723
26.586909,38,10176.595878
10.428431,28,10176.707244
-258.64111,37,10176.862895
-268.88692,40,10177.022182
-145.788165,35,10177.172329
-185.580976,27,10177.287137
-320.21799,39,10177.459246
-403.639464,45,10177.641417
80.784161,32,10177.782246
-288.462917,56,10178.021507
-122.294164,47,10178.226623
-354.213741,37,10178.395145
-404.330211,43,10178.574986
-132.604976,35,10178.726014
-107.411,75,10179.056475
-121.802319,32,10179.297975
-478.983461,63,10179.743547
-5.257333,35,10180.071931
-134.459535,21,10180.285706
-409.90935,101,10181.244045
184.151761,79,10182.145883
208.607987,31,10182.498779
-255.018445,40,10182.764851
-97.557636,29,10182.92482
-351.363203,37,10183.112767
-633.191638,96,10190.37844
-250.719721,48,10190.577063
-0.257304,29,10190.695617
-70.141875,26,10190.801779
-253.776664,27,10190.918363
-282.572043,27,10191.040231
-477.267063,53,10191.259281
-255.312425,37,10191.418395
-312.882684,46,10191.61641
-313.733046,35,10191.753759
-137.386866,34,10191.899465
-220.836766,35,10192.05272
-500.807874,70,10192.356837
-244.043032,37,10192.51853
-423.757284,101,10192.951316
-426.664538,68,10193.254075
-86.222048,76,10193.571176
-407.947519,43,10193.748671
-165.324527,42,10193.92221
-149.64659,39,10194.082593
-214.914156,18,10194.158459
-149.713827,25,10194.263151
-314.785255,66,10194.539678
-322.138166,33,10194.678448
-452.071893,82,10195.02718
-139.183388,35,10195.183818
-230.890148,46,10195.37623
-151.252167,37,10195.536605
-254.867109,37,10195.698242
-548.731356,88,10196.255717
-221.388944,18,10196.334249
-53.22839,24,10196.436221
-257.586418,37,10196.589367
-141.75764,23,10196.685516
-304.920778,44,10196.877086
-103.265181,30,10197.00834
-380.9737,47,10197.208388
-321.934596,34,10197.351988
-276.766721,26,10197.463802
-176.753959,27,10197.579905
172.901344,43,10197.771782
-58.286333,26,10197.882145
-270.293876,37,10198.04081
-137.383126,22,10198.13358
-383.878592,40,10198.28917
-211.082374,31,10198.419253
-539.87424,101,10198.872024
-289.629364,49,10206.017855
-202.825329,43,10206.236057
-397.61394,47,10206.427667
-476.627861,98,10206.842315
-264.333857,37,10206.995101
-690.581951,101,10207.421667
-333.186923,101,10207.844651
-224.79135,48,10208.042859
129.87532,41,10208.209205
-450.88237,49,10208.460401
-478.595178,56,10208.698627
161.26724,47,10208.900368
-260.439881,24,10208.999375
-672.493695,101,10209.434127
-263.679657,38,10209.592559
-44.172698,23,10209.691593
-491.468218,61,10209.949712
-268.262815,75,10210.263548
-297.807759,31,10210.394962
-167.15938,26,10210.5094
-288.938805,32,10210.648893
-208.002251,31,10210.778983
-400.493623,88,10211.163872
-112.567162,43,10211.345278
-374.781701,44,10211.539079
-297.265821,42,10211.717912
-393.445573,44,10211.900174
-217.873531,35,10212.047306
-358.419229,37,10212.20262
-211.892954,34,10212.345537
-81.745342,27,10212.456032
-304.34425,43,10212.636046
-466.727594,64,10212.936671
-303.048383,47,10213.131188
-614.152631,101,10213.567539
-322.237438,61,10213.829396
-72.317677,42,10214.015247
-381.169878,54,10214.236335
-292.093472,31,10214.364564
-180.602877,41,10214.541236
-434.63908,63,10220.49621
-354.58258,37,10220.673526
-112.32687,34,10220.814866
-35.413292,21,10220.904565
-10.349158,30,10221.036177
-352.519076,83,10221.391773
-159.871368,40,10221.562914
-285.268096,41,10221.736383
-315.413666,45,10221.926823
-238.754525,35,10222.065688
-45.96431,24,10222.316478
-12.901586,31,10222.448768
-125.695051,20,10222.532197
-546.073203,76,10222.85318
-184.910692,27,10222.96363
-460.329543,101,10223.3969
-370.400135,37,10223.567347
-642.590874,75,10223.936291
-123.652977,35,10224.085659
-345.843343,78,10224.421907
-289.169849,34,10224.55799
-59.935976,38,10224.710395
85.623831,34,10224.851818
-359.351873,37,10225.014295
-316.237633,33,10225.1542
-71.037133,42,10225.32413
39.783558,40,10225.488687
-210.117092,31,10225.620047
-260.313836,25,10225.726693
-182.256104,28,10225.849686
-350.502061,37,10226.00568
-615.064365,68,10226.286874
-107.483138,30,10226.421969
-386.221994,42,10226.592274
-257.824715,37,10226.755533
-327.587757,45,10226.954819
-176.60725,27,10227.067228
-160.505786,25,10227.169678
8.996571,30,10227.293067
-275.617243,43,10227.465004
-96.576243,30,10227.593357
173.724432,22,10227.716897
47.138703,40,10227.952276
-78.341487,27,10228.099765
-722.33058,87,10228.862966
-135.16453,21,10229.066653
-175.875047,29,10229.345843
-117.343798,19,10229.543645
-66.501907,25,10229.807956
-171.85201,39,10230.232689
-252.942671,23,10230.458229
-139.464058,34,10230.795147
-117.57337,19,10231.016306
-162.073869,26,10237.468875
-250.004308,37,10237.672809
214.039108,76,10238.016319
-267.164477,43,10238.197643
-607.401763,71,10238.487412
-92.034114,28,10238.618145
-274.015057,39,10238.786254
-92.141621,28,10238.905847
-230.770895,48,10239.102085
157.313444,25,10239.206627
-347.469059,37,10239.374036
-122.384283,36,10239.527214
-175.677233,26,10239.62913
-69.609541,38,10239.785179
-160.942587,24,10239.884172
-330.598269,32,10240.020354
-318.096191,31,10240.148422
-184.204254,31,10240.278498
-612.688845,75,10240.597353
-369.031819,37,10240.752877
-125.654529,20,10240.840994
-116.516014,33,10240.988439
-356.292782,37,10241.142241
-167.109836,29,10241.26513
-188.538145,42,10241.444883
-152.587609,39,10241.609705
-404.187018,101,10242.036499
-254.844715,26,10242.142015
-214.897087,31,10242.272817
-487.313007,64,10242.560786
-217.967236,33,10242.704647
-588.782603,101,10243.125458
-356.274137,49,10243.323055
-218.175026,31,10243.452383
-488.496314,59,10243.707426
-309.077246,33,10244.036652
-275.645086,32,10244.179561
-65.353866,40,10244.347472
-347.536161,48,10244.554441
-118.265293,44,10244.740617
-191.512924,40,10244.905622
-427.815567,59,10245.167349
-165.316526,37,10245.344695
-244.583183,36,10245.512135
-339.56718,48,10245.72819
-81.465799,27,10245.84113
-139.810981,23,10245.941213
-247.191326,37,10246.100161
-264.915467,42,10246.273493
-185.222226,58,10253.851341
-290.109728,41,10254.052711
-98.147942,41,10254.236373
-322.239219,51,10254.447627
-268.273412,46,10254.644761
-285.255264,29,10254.775537
-394.753344,43,10254.979256
-447.832036,94,10255.371243
-342.843027,54,10255.596797
-54.968301,24,10255.697125
-155.191783,23,10255.79427
-213.169726,31,10255.919205
-133.369829,23,10256.012784
195.951275,75,10256.326107
-417.621972,59,10256.574083
-568.275884,77,10256.901362
-62.762374,37,10257.055174
-129.760471,37,10257.218218
-146.482373,23,10257.314223
-114.318401,33,10257.453469
148.393798,42,10257.632244
-312.825486,43,10257.810239
-268.990614,39,10257.974899
-119.863029,19,10258.050981
-619.210233,86,10258.413002
-282.954441,46,10258.655539
-391.896358,72,10258.953691
238.545742,28,10259.071467
-175.752708,39,10259.229202
-195.049709,29,10259.362156
-117.363093,45,10259.546326
-6.724463,32,10259.684534
-793.486571,91,10260.039005
-168.719255,28,10260.152139
233.164053,30,10260.278112
-121.986357,33,10260.418425
-177.795565,40,10260.590236
-257.489881,38,10260.7471
-273.830561,37,10260.901841
-277.772196,43,10261.081362
-305.347114,54,10261.300721
-443.129534,51,10261.511095
-132.579966,33,10261.655525
-299.677152,30,10261.793757
-296.654052,29,10261.925139
187.064861,46,10262.121782
-307.099537,83,10269.102514
-244.873381,23,10269.246677
-343.176568,42,10269.439267
-294.147589,29,10269.553298
-117.005212,45,10269.736901
-342.699574,37,10269.887001
-298.942838,32,10270.018289
-202.136307,45,10270.208118
-130.821529,22,10270.298876
-163.958351,39,10270.461275
-258.378396,23,10270.553444
-311.803434,73,10270.872365
-63.999829,25,10270.979146
-239.708418,22,10271.077734
169.389239,24,10271.180952
-555.201092,75,10271.791343
-263.157653,38,10271.993906
18.619792,57,10272.245727
-359.605244,37,10272.402505
-250.737418,37,10272.575184
-7.197998,35,10272.760571
-305.9136,33,10272.922591
-229.382371,19,10273.02849
-347.17458,37,10273.204929
-245.217258,23,10273.305871
-182.475354,41,10273.480191
-262.414015,25,10273.585423
-135.563802,23,10273.683239
-171.461848,26,10273.795354
-477.735579,53,10274.01789
-258.892046,26,10274.129126
-198.592507,44,10274.313707
-382.206307,40,10274.544863
-318.255927,32,10274.802914
-251.112415,37,10275.31909
-308.045376,30,10275.645307
-346.612877,39,10276.062994
-199.494027,84,10276.526529
-107.333021,42,10276.704292
-147.619735,38,10276.866636
-231.511118,20,10276.985668
-419.586922,47,10277.24762
-149.552607,22,10277.363866
-353.25988,37,10277.608321
-281.818092,28,10277.870169
-189.707233,28,10278.229243
-226.514312,20,10278.433269
-143.904524,34,10278.862687
-195.029077,45,10279.371895
151.608216,26,10279.673977
-318.219681,45,10280.237863
-144.478664,22,10280.452606
-125.428991,20,10280.671112
-189.878546,48,10281.19558
-211.741801,44,10281.686629
-204.850893,48,10282.124215
-282.147349,53,10288.827304
-180.867332,40,10289.070237
-217.072611,32,10289.212672
-379.177716,41,10289.397817
-308.083627,33,10289.544729
-97.833116,30,10289.669302
-170.218553,37,10289.825339
-405.124772,42,10290.006515
-77.999912,28,10290.126245
-323.569363,34,10290.27779
-388.360509,49,10290.482828
-269.179604,27,10290.597154
-350.825857,38,10290.758927
-142.940958,22,10290.856614
-319.075501,63,10291.11757
-200.887556,44,10291.312523
-151.163955,36,10291.464226
-350.581277,37,10291.61602
-228.881096,20,10291.699844
-152.746289,23,10291.798409
-205.109261,57,10292.040168
-298.573775,63,10292.306611
-221.591652,44,10292.489655
-190.609652,49,10292.697425
-388.534768,50,10292.91232
-234.332953,46,10293.109861
-254.516913,53,10293.321773
-479.953064,60,10293.578721
-114.026603,18,10293.657693
-231.356547,36,10293.802782
-498.839211,58,10294.043728
-250.981482,24,10294.140587
-120.901435,19,10294.227582
-303.998558,31,10294.355566
-481.413646,101,10294.782936
-165.007279,38,10294.941465
-205.536156,47,10295.140812
-150.228548,22,10295.236998
-248.944828,49,10295.442861
-166.904064,37,10295.591308
-103.485756,29,10295.84562
-122.664676,20,10295.934
-420.583698,67,10296.219508
-152.629849,35,10296.361813
-232.590864,21,10296.454049
-464.241894,51,10296.677316
-228.096336,19,10296.754352
-120.622466,19,10296.832183
-331.391393,40,10297.040216
-172.906489,27,10297.171654
0.180814,42,10297.384396
124.723174,42,10297.563447
-103.375691,30,10297.685176
-148.315835,47,10305.603336
139.527882,27,10305.759336
-32.871236,48,10305.974604
-155.896005,28,10306.105534
-135.686473,21,10306.197046
-244.089265,22,10306.291051
-169.51824,39,10306.45884
-129.078953,20,10306.538215
-111.231969,34,10306.682899
-107.782707,30,10306.808862
-135.739451,33,10306.949859
-98.704896,32,10307.080845
-127.551226,21,10307.169762
-403.020766,46,10307.358702
-335.441958,47,10307.558784
-189.405236,28,10307.686919
-360.312991,37,10307.842366
-289.40502,28,10307.962233
-328.576348,34,10308.102259
-307.800753,36,10308.248819
-114.649445,18,10308.323381
-320.295987,62,10308.581948
-272.638407,42,10308.757614
-187.078563,29,10308.874715
-625.018651,73,10309.184466
-355.426668,37,10309.3269
-158.418659,24,10309.422116
-122.493003,59,10309.672446
-328.048441,47,10309.878935
83.406153,23,10309.974789
-215.914922,44,10310.156352
-198.780026,42,10310.334188
-483.648053,75,10310.635141
-62.996859,37,10310.784069
-17.969647,33,10310.920929
-243.039487,36,10311.064718
-136.924788,52,10311.282405
-360.735904,63,10311.540318
-204.835429,33,10311.674801
-240.691049,22,10311.762383
-261.18408,43,10311.940298
-297.481428,29,10312.059746
123.939901,36,10312.216581
-154.178733,40,10312.381481
-100.28522,31,10312.510873
-181.20101,41,10312.686236
-330.162293,37,10312.841585
-292.53753,58,10313.086595
-228.639788,34,10313.232107
-266.46684,42,10313.409558
10.990135,31,10313.535994
-40.631548,22,10313.629208
-134.378067,21,10313.715807
-306.165134,31,10313.84458
-303.029706,41,10314.008087
-224.885584,35,10320.181846
-643.508766,86,10320.612416
-156.729721,39,10320.77875
-203.673674,32,10320.910764
-269.275581,26,10321.022566
-158.909079,37,10321.173885
-226.073314,36,10321.320391
-258.412443,37,10321.481499
-309.716571,31,10321.612306
-233.295726,37,10321.76421
-715.277245,101,10322.180759
-140.817873,21,10322.26219
-146.148572,34,10322.406976
-370.7755,52,10322.623033
-251.626014,25,10322.72743
-180.458501,41,10323.031683
-698.061393,101,10323.451688
-133.671781,34,10323.596592
-320.291954,51,10323.80421
-312.931933,31,10323.930403
-198.931548,29,10324.048438
-158.063628,39,10324.242432
-67.17092,26,10324.355177
-215.207505,32,10324.518341
-261.534711,39,10324.683016
-336.915162,34,10324.82256
-225.155118,51,10325.025545
-280.690191,41,10325.19297
-345.56659,35,10325.339409
-221.816165,19,10325.413767
-174.757107,26,10325.528721
-333.072457,36,10325.677113
-254.930931,37,10325.82907
-100.01931,30,10325.95755
-366.24324,37,10326.108715
-267.303515,37,10326.282456
-845.444661,100,10326.69975
-276.032484,44,10326.885568
-818.439285,95,10327.274951
-171.886918,39,10327.441054
-119.410981,45,10327.62203
-265.275271,66,10327.89717
-568.112359,101,10328.360599
-209.786223,61,10328.799716
-234.432534,49,10329.159862
-276.999862,25,10329.364657
-229.23526,51,10339.347272
-131.08828,33,10339.498542
-147.99943,37,10339.648184
-266.878626,42,10339.828152
-34.826672,20,10339.909901
-256.758988,37,10340.059867
-120.021857,19,10340.132114
-348.816569,37,10340.283689
65.033795,24,10340.385428
-313.290409,34,10340.521967
-62.381861,26,10340.630157
-254.421416,25,10340.733966
-226.1155,20,10340.813729
-234.212935,21,10340.895971
-216.352969,31,10341.02291
-160.021264,24,10341.116804
-382.07804,57,10341.352629
-380.828042,89,10341.729124
-68.896893,26,10341.834544
-277.167602,26,10341.93951
-355.559867,37,10342.09167
-236.849377,23,10342.184579
-177.657068,40,10342.343791
-132.558053,37,10342.501786
-606.926491,68,10342.778541
-251.3929,23,10342.872328
-538.985991,81,10343.219595
75.088809,34,10343.361223
-225.724181,20,10343.444262
-350.991748,63,10343.711727
125.481238,27,10343.822506
-436.572912,86,10344.176465
-490.893357,101,10344.59067
-113.133669,18,10344.663416
-161.433706,40,10344.826034
54.178459,26,10344.933005
-583.296605,101,10345.337626
-382.74317,42,10345.509708
-275.00482,30,10345.634535
-134.847125,23,10345.734122
0.131844,29,10345.851177
-252.993627,37,10345.997479
-341.570493,39,10346.157766
-259.714079,26,10346.432633
-88.707131,29,10346.5609
-171.547571,42,10346.735575
-360.230398,51,10346.9518
-701.520212,101,10347.361294
-390.480112,78,10347.724104
-218.534544,32,10347.909843
-230.944325,20,10355.828717
139.308754,44,10356.058082
-419.074184,77,10356.377407
-397.828997,47,10356.565527
-374.390548,38,10356.725638
-221.857393,19,10356.810606
-180.452861,45,10356.999624
-104.580859,30,10357.124475
-133.359816,34,10357.263263
-56.997313,37,10357.414664
-228.325649,19,10357.496282
-254.718676,24,10357.593646
-347.611584,92,10358.048957
-226.837757,19,10358.144257
-295.696918,59,10358.484037
-354.248636,36,10358.644497
-327.924632,47,10358.843966
-123.776286,32,10358.976963
-145.282514,35,10359.115991
-412.798208,47,10359.309893
-246.984609,56,10359.544121
-328.595543,53,10359.766245
-511.627668,101,10360.173647
26.075696,43,10360.344294
-254.926424,64,10360.659827
-247.972651,37,10360.842042
-301.406456,44,10361.038936
-210.192058,49,10361.240468
-232.541389,48,10361.443756
-299.608851,59,10361.684706
-379.820258,50,10361.902654
-99.826938,30,10362.033705
-116.183531,36,10362.18148
-316.746258,37,10362.339344
-127.247241,20,10362.432065
-225.205468,19,10362.511674
-198.310474,33,10362.646311
-368.712783,37,10362.794769
62.979397,23,10362.889504
-194.157912,41,10363.056323
-679.52647,101,10363.48863
-159.817041,25,10363.586936
-241.740564,22,10363.678618
-174.720778,26,10363.783519
-512.623514,64,10364.046584
-358.676068,36,10364.188015
-257.957247,49,10364.37977
-191.034927,32,10364.510559
-355.138157,37,10371.109377
-645.517193,101,10371.563565
-199.790764,41,10371.733289
-216.975309,31,10371.856876
-12.695158,30,10371.984418
-352.514583,38,10372.13932
-250.026326,48,10372.335809
-409.65158,43,10372.510974
-210.648205,37,10372.66488
-355.827758,37,10372.812572
-230.729449,21,10372.896614
-146.403177,24,10372.993725
-247.047367,49,10373.199972
-156.05722,37,10373.351224
-97.092896,32,10373.482027
-100.776093,30,10373.609755
-217.972884,46,10373.807707
-352.236533,37,10373.96047
-386.029451,73,10374.382057
-66.213324,25,10374.483836
-199.552878,45,10374.67006
60.146393,28,10374.785992
-236.74415,47,10374.986441
-127.983803,36,10375.134294
-234.298516,55,10375.350265
-125.281153,44,10375.528127
-87.992925,63,10375.789928
-533.28067,69,10376.080446
-187.098678,45,10376.298495
-221.21455,48,10376.523206
-141.385381,35,10376.671333
-602.504047,101,10377.100425
-801.138758,99,10377.509964
-313.68305,34,10377.652294
-294.852361,29,10377.768428
-225.772673,46,10377.959796
-57.634754,24,10378.060794
-240.30817,21,10378.144998
-311.953671,47,10378.343179
196.405231,33,10378.481108
-343.278996,37,10378.661893
-88.324049,28,10378.777682
-155.088403,37,10378.938025
-83.235691,29,10379.061814
-139.777565,22,10379.15178
-246.247742,49,10379.362921
-273.946615,39,10379.520589
-80.146088,27,10379.632305
-250.731303,22,10379.727617
53.353784,38,10388.037315
-210.640017,31,10388.183848
-173.806161,27,10388.318408
-220.615318,33,10388.460831
-452.517604,74,10388.767869
-125.704264,20,10388.851261
-427.868058,58,10389.090718
-97.766596,32,10389.225643
-341.772463,36,10389.376887
-727.534881,101,10389.805067
-243.017744,23,10389.909233
90.959975,35,10390.060676
-35.539633,47,10390.255921
-662.55067,95,10390.638892
-332.306993,50,10390.8475
-417.635944,45,10391.038816
-138.524471,22,10391.129856
-132.982173,34,10391.263128
-240.015797,47,10391.46028
-352.003501,37,10391.608747
-103.231396,43,10391.784668
-98.034183,29,10391.903501
-598.284919,101,10392.305814
-9.32204,48,10392.500202
-367.03161,51,10392.717335
-164.665824,48,10392.94134
-226.317126,33,10393.081416
-353.920838,37,10393.234985
91.433201,25,10393.341564
-297.903817,35,10393.493328
-348.546207,34,10393.638139
-517.272335,65,10393.913552
-384.12156,41,10394.085593
-307.80858,45,10394.267543
68.938549,88,10394.629422
-108.36026,35,10394.774324
-340.94968,48,10394.978382
-84.852065,98,10395.397067
-303.539828,56,10395.790496
-127.622778,20,10395.908421
-28.548415,34,10396.125894
-246.401572,35,10396.295685
-63.715964,53,10396.553707
-445.987047,68,10404.148672
-283.41877,28,10404.3311
-299.896382,42,10404.530226
-201.099309,34,10404.673071
-700.174879,93,10405.078269
-342.51119,49,10405.295254
-494.009383,67,10405.574905
-530.587913,59,10405.823767
-228.017505,19,10405.904592
-284.611871,42,10406.084031
-166.854203,37,10406.24789
-306.864118,76,10406.581793
109.343585,32,10406.719746
-233.603234,20,10406.803715
-304.047154,32,10406.937582
-126.408813,21,10407.026945
-175.987599,58,10407.265724
-519.293935,83,10407.605884
-215.4917,34,10407.749195
-193.471192,45,10407.937675
-211.588403,44,10408.127776
-226.714743,32,10408.259947
-33.686391,35,10408.405663
-481.503105,51,10408.630592
-343.035733,37,10408.788927
-43.311577,24,10408.895541
-231.255674,22,10408.991672
-95.663091,32,10409.12163
-67.602227,26,10409.229862
-353.918841,39,10409.400007
-332.761951,35,10409.5492
-103.951461,46,10409.743254
133.827159,52,10409.968665
-407.075256,44,10410.158879
-229.164086,33,10410.301136
-190.209465,31,10410.440563
-269.136655,93,10410.847914
-119.751482,20,10410.933886
-257.05842,23,10411.031202
-353.070137,38,10411.186809
-84.971817,30,10411.312735
-412.173352,43,10411.496709
-229.222258,33,10411.633059
-159.571232,37,10411.788158
-417.381197,49,10412.001774
-355.419966,37,10412.157936
-177.776016,40,10412.324529
-134.203658,21,10412.412194
-348.570856,60,10412.662231
-4.781973,30,10412.782352
163.071619,22,10412.879708
-243.698253,22,10418.749452
-367.361658,48,10419.032722
-234.981591,34,10419.182276
-116.783791,31,10419.312745
-357.578609,101,10419.736215
-102.923949,29,10419.863774
-154.834261,35,10420.016496
-169.663731,28,10420.135091
-250.93553,25,10420.235605
-122.504787,35,10420.377714
-127.16447,21,10420.466385
-132.00949,21,10420.554986
-260.974543,26,10420.663747
-172.355656,27,10420.774691
-367.865199,65,10421.057363
297.089332,44,10421.249204
-147.805707,37,10421.403816
-358.610805,54,10421.630838
-159.133462,26,10421.740433
-241.961867,38,10421.90116
-340.957181,34,10422.043562
-149.111211,23,10422.140501
-389.419104,101,10422.809908
-516.493436,101,10423.245468
-35.619026,21,10423.33618
-232.097255,48,10423.540865
-261.232984,37,10423.698561
-34.213889,20,10423.8031
-282.104715,29,10423.941337
2.789584,65,10424.25886
-166.716172,25,10424.367162
-265.549581,39,10424.531954
43.095447,40,10424.705351
-236.752949,51,10424.916575
137.898913,39,10425.079708
41.536362,24,10425.176601
-245.562279,37,10425.327333
-255.099105,37,10425.481136
-242.5404,24,10425.581656
-253.018474,101,10426.019168
-185.600356,28,10426.134397
-148.925804,36,10426.27676
-242.64386,36,10426.43056
-249.766983,64,10426.700386
-42.823698,22,10426.818615
-114.614104,34,10426.972182
-308.869466,101,10427.434395
-302.328315,30,10427.580282
-278.981797,28,10427.709579
-392.016787,97,10435.482096
-261.317759,50,10435.709999
-502.59627,68,10436.006016
-212.228328,32,10436.14465
-131.808536,19,10436.219936
-87.650075,29,10436.339831
-254.337516,24,10436.437746
-51.056565,24,10436.533127
-329.254168,34,10436.675616
45.216616,41,10436.845981
62.420209,39,10437.014983
-388.168791,40,10437.185516
17.348358,46,10437.370362
-149.989824,40,10437.537165
-180.453994,28,10437.654272
-230.828682,33,10437.790041
-34.767967,38,10437.951699
-252.308218,37,10438.106839
-349.850234,37,10438.262403
-117.733179,35,10438.407031
-125.237874,20,10438.492153
-379.261655,39,10438.656207
-31.887579,36,10438.808746
-230.116781,78,10439.144767
-267.740793,37,10439.300241
-202.581587,30,10439.432281
-152.600226,25,10439.537712
-246.881967,48,10439.732612
-367.677424,37,10439.890215
-113.570173,31,10440.023469
-195.321778,30,10440.166993
-249.419635,23,10440.269182
-223.482056,19,10440.344075
-349.141246,37,10440.498125
-540.855004,64,10440.769507
-189.838043,27,10440.88125
-164.21308,25,10440.987067
15.995959,30,10441.111511
-250.534492,34,10441.24971
-85.640319,41,10441.429929
-70.088,26,10441.536354
-270.926547,25,10441.642515
-264.580846,48,10441.84199
-105.681323,30,10441.973398
-171.844056,26,10442.079556
-289.398548,68,10442.361315
-52.727154,37,10442.520571
-61.318554,70,10442.817587
-54.362612,24,10442.920138
-350.084002,37,10443.073624
-599.716142,101,10443.651606
-12.308091,30,10443.791627
-67.704438,27,10443.90281
-494.166325,53,10452.086385
-315.034367,35,10452.280415
-222.604965,46,10452.484078
-458.054838,71,10452.795714
-147.690444,23,10452.937708
-410.782846,44,10453.15006
-260.199431,36,10453.308743
-261.99968,37,10453.468776
-253.931435,37,10453.619772
-196.193066,41,10453.794905
-229.384518,35,10453.947863
-344.838613,47,10454.146739
-244.918423,51,10454.365839
-230.915745,34,10454.497058
-224.272647,46,10454.73084
-305.946102,78,10455.060051
-287.473507,32,10455.19361
-255.170119,37,10455.347305
-303.524645,44,10455.548742
-121.651909,33,10455.682488
-352.662867,35,10455.824545
-259.727207,41,10455.999434
42.656911,46,10456.195562
-209.404211,48,10456.399092
-321.84724,32,10456.533261
-324.544839,101,10456.960327
-270.148791,28,10457.085187
-266.844638,39,10457.254293
-81.307597,28,10457.369779
-250.489293,52,10457.586877
-185.673676,27,10457.70298
-291.643229,53,10457.929482
-428.189278,54,10458.158685
-87.57208,29,10458.275213
-356.172344,37,10458.434243
-235.767479,47,10458.635287
-114.646288,18,10458.711413
-394.380294,73,10459.025093
-255.17644,23,10459.120844
-256.274826,24,10459.215847
-67.972438,25,10459.320706
-237.545521,21,10459.40795
-513.51589,82,10459.754006
-422.52767,45,10459.947549
-47.156701,23,10460.046794
-204.134429,43,10460.232337
55.875358,38,10460.394195
-355.336799,49,10460.598327
-202.551861,30,10460.727375
-192.046548,92,10466.799224
-247.043719,34,10466.938126
-355.913538,37,10467.089671
-382.285376,75,10467.404719
-335.352873,33,10467.545255
-82.277741,43,10467.727286
87.99317,35,10467.880142
-87.361383,28,10467.993043
-245.402699,23,10468.084407
-261.741882,54,10468.311012
-59.399743,38,10468.468689
-136.514257,38,10468.626494
-162.66051,39,10468.798073
-157.801463,37,10468.952398
-316.111876,33,10469.090961
-167.455776,38,10469.253663
-404.645334,85,10469.612321
-417.724043,57,10469.842974
-383.11443,39,10470.014931
-272.850757,43,10470.19908
-86.490127,43,10470.381373
-237.487957,35,10470.691569
-136.880146,34,10470.838633
-90.018266,28,10470.95831
-235.237291,21,10471.046629
-259.650138,26,10471.16048
-124.730321,20,10471.240597
-161.909362,28,10471.360189
-51.88135,23,10471.455884
-429.191491,101,10471.898385
-150.148855,22,10472.002966
-366.499531,39,10472.21765
-136.161897,22,10472.315302
-255.950476,37,10472.478168
-140.790117,22,10472.570871
-184.773924,27,10472.680264
-84.863461,28,10472.802893
-161.823908,25,10472.907527
-221.225945,45,10473.090129
-363.826806,66,10473.378604
-166.334808,27,10473.49363
-212.300596,30,10473.614188
-124.419923,20,10473.698506
-164.535639,39,10473.85835
-447.369738,74,10474.163763
-278.163791,42,10474.340677
-320.573075,32,10474.476488
-275.744886,38,10474.63227
-243.540443,23,10474.727378
-106.052154,30,10474.864212
-322.703006,45,10475.058518
-239.095944,48,10475.258867
-570.098366,96,10483.309529
-222.551597,47,10483.512309
-259.703873,41,10483.685282
-714.25561,101,10484.098616
-296.237716,45,10484.287568
-389.095092,55,10484.523969
-692.853105,101,10484.942718
-353.408132,35,10485.090178
-63.379592,39,10485.254982
-189.278469,39,10485.426931
-272.695611,66,10485.704075
-179.586913,39,10485.866167
-113.867908,19,10485.944748
-194.733451,41,10486.112521
194.694921,22,10486.206849
-276.073541,68,10486.494379
-152.669456,24,10486.595711
-294.992987,43,10486.775251
-272.555409,26,10486.87893
-128.921236,32,10487.014888
-439.114623,92,10487.423197
-581.671947,84,10488.238747
-111.921636,18,10488.322432
-139.183168,35,10488.467014
-209.113414,48,10488.666348
-430.531813,47,10488.872301
-128.897342,33,10489.017862
-257.447775,37,10489.185886
-145.187606,24,10489.286631
-329.503116,35,10489.434371
-327.837932,32,10489.573319
-77.744302,41,10489.738458
-407.44163,44,10489.930081
-241.243243,22,10490.034289
-356.841824,36,10490.185645
300.265868,35,10490.348751
184.380671,19,10490.434637
-220.466993,32,10490.568683
-204.232701,45,10490.756041
-341.381836,36,10490.903189
-133.871683,21,10490.991722
-153.276497,23,10491.091303
181.983346,20,10491.180042
-257.904848,37,10491.341513
-324.348711,33,10491.482755
-201.122123,32,10491.62236
-279.396596,31,10491.750993
-459.064875,85,10492.271689
-152.652283,23,10492.367676
-154.054105,24,10498.510416
54.683204,54,10498.900884
-620.147889,101,10499.786249
-128.257866,33,10499.99955
-146.361446,24,10500.147252
-331.426556,33,10500.384769
-105.02223,47,10500.654138
-350.508065,37,10500.827134
-143.788023,24,10500.928045
-391.724718,74,10501.244155
-277.907221,28,10501.357868
-364.731166,43,10501.550344
-587.614473,101,10501.993571
-240.327128,34,10502.134863
-206.957108,29,10502.255368
-284.528173,27,10502.368562
-219.813698,48,10502.567491
-124.375699,20,10502.650477
-180.457127,28,10502.765981
-306.312952,31,10502.897504
-792.41547,101,10503.338083
-74.171909,40,10503.51368
-86.819098,39,10503.674976
-418.068156,44,10503.859581
-75.529032,27,10503.973747
218.291023,33,10504.168545
-333.056764,38,10504.375148
-204.868252,30,10504.50097
-576.007539,89,10504.867948
-133.953746,33,10505.004945
-144.635677,35,10505.149943
-99.966934,30,10505.274622
-370.520948,101,10505.708063
-262.606382,40,10505.876024
-179.1551,28,10505.993546
-458.805143,101,10506.416757
-263.519422,39,10506.582098
-389.916052,57,10506.821161
-464.349638,53,10507.037535
-271.587773,26,10507.145991
-239.702329,22,10507.242976
-249.574529,53,10507.467239
-126.322677,33,10507.606433
-253.079432,24,10507.70443
-197.756493,32,10507.837277
-487.364853,62,10508.102475
-348.884303,36,10514.018117
-251.348866,48,10514.256881
-152.970004,35,10514.405243
-368.978114,37,10514.559046
-409.132926,44,10514.746285
-251.299237,23,10514.838422
-594.694136,93,10515.221465
-154.445015,23,10515.31673
-357.206669,36,10515.467126
-432.141747,62,10515.717996
-312.76628,31,10515.847649
-357.983191,64,10516.126051
-128.202065,32,10516.255789
-382.12348,58,10516.492965
-386.699475,55,10516.712857
-396.102926,76,10517.024532
-234.324112,20,10517.106548
-123.952898,21,10517.190989
-119.594815,19,10517.268813
-23.104809,50,10517.477131
-426.687043,101,10517.881829
-113.347598,18,10517.956625
-484.574143,52,10518.160712
293.979468,20,10518.397634
-257.98598,37,10518.558261
-215.451926,46,10518.749342
-257.463227,37,10518.906612
-422.27381,46,10519.092044
-149.966912,36,10519.237078
-30.876184,66,10519.51869
-64.288989,25,10519.651361
-114.203848,32,10519.798536
-100.643837,45,10520.020245
-250.534827,22,10520.111689
-146.964819,36,10520.263521
-273.241481,43,10520.447675
-21.703535,32,10520.581962
-145.366097,23,10520.678572
-143.744347,34,10520.819031
-52.879939,51,10521.025718
-103.202661,29,10521.147534
-242.67192,101,10521.555322
-42.502748,22,10521.64638
-156.189591,50,10521.853105
-235.550072,21,10521.937994
-353.266638,55,10522.168512
-456.437553,56,10522.395436
-150.457687,26,10522.500737
73.562524,33,10522.638405
-241.364802,21,10530.551134
-422.214813,57,10530.843237
-482.796757,66,10531.131724
-226.466797,47,10531.331701
-179.004616,28,10531.450691
-237.222615,44,10531.639614
64.89616,37,10531.792992
-193.481127,57,10532.036656
-174.839204,28,10532.152878
-207.405589,32,10532.29476
-186.775468,44,10532.483367
-69.567041,26,10532.595409
-371.910694,64,10532.867579
-210.69189,30,10532.991146
-123.875153,33,10533.129068
-234.316596,48,10533.333189
-247.02326,35,10533.48246
-695.560392,101,10533.904931
-226.911968,20,10533.990203
-229.095105,21,10534.076889
-414.265066,58,10534.318666
-428.24445,51,10534.531464
-217.028466,45,10534.730231
-721.402379,91,10535.099072
145.057601,40,10535.270174
-229.854155,20,10535.353858
-318.462231,35,10535.506661
-240.272279,23,10535.607012
-250.976376,35,10535.751398
-24.274911,20,10535.832489
-326.816195,35,10535.976435
-203.784414,43,10536.164878
-231.280814,48,10536.362765
-340.341637,34,10536.504465
-517.320813,66,10536.776411
-283.514738,28,10536.89659
-128.802873,21,10536.983481
63.506618,28,10537.107791
-263.874612,44,10537.291903
-274.315461,28,10537.406959
-348.288079,36,10537.562694
-474.716961,87,10537.969662
-332.949028,35,10538.121846
-64.632751,26,10538.233753
-402.25938,49,10538.434317
-264.286423,25,10538.539875
-256.150053,49,10538.743782
-421.466464,45,10538.941853
-193.119177,41,10539.1162
-94.283383,41,10544.996367
-224.276773,34,10545.187151
-162.745871,37,10545.492079
-308.93771,56,10545.721802
-227.39127,19,10545.800838
-257.279649,24,10545.901983
-354.29867,35,10546.049657
-253.731623,37,10546.202819
-450.324451,62,10546.460412
-159.328202,38,10546.629251
-318.032007,55,10546.886738
-262.540592,27,10547.014719
-355.21096,62,10547.290599
-149.438439,25,10547.398954
-286.93825,41,10547.567549
-459.680791,74,10547.875629
-191.754995,32,10548.012422
-139.618285,22,10548.10377
-374.526212,37,10548.262449
-263.880332,26,10548.380016
-454.414193,61,10548.637712
-98.487983,30,10548.765753
-525.825318,87,10549.126874
-288.852537,41,10549.30839
-10.827918,44,10549.498948
-463.062031,61,10549.760397
-356.50702,50,10549.973609
-45.311656,38,10550.131181
-368.938803,38,10550.289849
-552.290236,101,10550.724083
-152.608348,48,10550.931416
-121.735513,19,10551.028561
-111.20588,31,10551.205403
-626.673729,101,10551.933127
173.094711,23,10552.159887
-331.755387,47,10552.57803
-156.515235,23,10552.776428
-581.549213,101,10553.484875
-268.579887,39,10553.664617
-259.985417,41,10553.833768
-366.606663,101,10554.265787
-140.928811,35,10554.411036
-87.386015,28,10554.530381
-354.532415,37,10554.686707
-401.397503,63,10554.962896
-363.878601,40,10560.904059
-452.922811,51,10561.132248
-324.892485,45,10561.320779
-394.854487,52,10561.54083
-77.81907,27,10561.657756
-125.841815,34,10561.797015
-172.539606,53,10562.025788
-687.209736,101,10562.446009
-228.581885,19,10562.525584
-360.761697,37,10562.687298
-264.187749,27,10562.812226
-261.69912,37,10562.967631
-161.383395,39,10563.130528
-568.471991,101,10563.553928
-276.715851,48,10563.764464
-158.305565,24,10563.867362
-112.524449,18,10563.945063
-365.441203,38,10564.110219
-107.913792,30,10564.234285
-339.75724,51,10564.44576
27.701685,40,10564.609086
-280.260051,30,10564.735827
-574.159948,85,10565.081961
-258.13431,26,10565.193609
-263.804402,29,10565.314762
-137.068418,47,10565.511076
-394.796263,67,10565.973234
-212.549428,35,10566.120435
-157.728169,24,10566.21864
-206.28107,31,10566.340178
-282.172706,27,10566.449499
-83.120088,42,10566.623989
7.758103,31,10566.758536
-239.826698,71,10567.08705
-364.779161,37,10567.257173
-235.362548,22,10567.360144
-156.238019,51,10567.574942
-260.123325,28,10567.693913
-123.80463,21,10567.785323
-241.780278,22,10567.879273
-170.474482,39,10568.048857
-154.804242,24,10568.153616
-151.700613,36,10568.316222
-196.848466,29,10568.439094
-93.644198,29,10568.561644
-155.558549,41,10568.734733
-34.190281,23,10568.832486
-288.92937,40,10569.005155
-248.281695,52,10569.21722
-168.836746,39,10569.385605
-247.54765,24,10569.483366
-13.189938,31,10569.610507
-363.649634,37,10577.817777
-376.130373,38,10577.994834
-232.087289,21,10578.086732
-254.292989,23,10578.183044
-234.71437,22,10578.27472
-179.224286,27,10578.389084
20.429059,44,10578.570778
-123.043182,20,10578.658743
-186.417765,41,10578.834464
-187.764309,28,10578.948948
-173.647314,41,10579.114896
-98.708496,91,10579.497209
-8.54448,30,10579.622878
-270.060452,25,10579.732201
-272.89331,37,10579.889415
-240.660484,22,10579.983485
-218.499284,32,10580.113594
-593.190111,101,10580.534511
34.304593,43,10580.713806
-243.774221,36,10580.863325
-226.625629,20,10580.952795
-236.100183,34,10581.099117
-150.128402,23,10581.197918
-173.217976,44,10581.381301
-37.726281,34,10581.518413
-429.252764,67,10581.792399
-225.617512,34,10581.939167
34.358484,39,10582.0979
-49.450823,23,10582.192364
-267.88253,101,10582.601129
-362.244386,37,10582.757848
28.109677,45,10582.951417
-128.146761,34,10583.101408
-283.045688,41,10583.269606
-171.227795,26,10583.378855
-100.851685,30,10583.506974
-344.488439,35,10583.658777
-221.827878,19,10583.7385
-199.431538,65,10584.011909
88.540657,34,10584.157516
-125.660526,20,10584.244154
-302.305373,53,10584.463081
-117.948226,19,10584.542586
-521.537793,70,10584.828382
-259.461226,37,10584.980766
-237.71509,35,10585.120295
-440.089479,48,10585.316497
-229.944829,19,10585.393245
-36.533239,36,10585.54734
176.30917,23,10585.64463
-256.085523,36,10585.792435
-137.155649,22,10585.885805
-161.039488,37,10586.043487
-96.447599,29,10586.168236
60.708271,36,10592.01758
-164.884943,52,10592.294017
-312.384196,31,10592.430637
197.388692,35,10592.59931
-133.823449,34,10592.770182
-253.709678,37,10593.06328
-242.020146,22,10593.168048
-526.404335,98,10593.597286
-105.909744,32,10593.735664
-335.449248,65,10594.007261
-313.753712,101,10594.506139
-369.52478,39,10594.678751
-141.112881,22,10594.777216
-92.288122,43,10594.971144
-256.260856,37,10595.121622
-132.021589,21,10595.214554
-146.124953,36,10595.366107
-92.742871,31,10595.495907
-328.615283,54,10595.71782
-227.45039,48,10595.913252
-426.61868,46,10596.102675
-390.880398,53,10596.32838
-240.798228,47,10596.529211
-151.022763,23,10596.626731
38.511587,28,10596.746873
-260.378238,51,10596.965764
-10.51986,34,10597.108441
-193.71392,30,10597.236139
-255.523587,24,10597.336551
-187.323909,53,10597.557404
214.200409,18,10597.631254
-580.538301,88,10597.991567
-210.92468,43,10598.168918
-73.705138,27,10598.281754
-354.5919,101,10598.881686
-153.312486,24,10599.059211
-274.344191,28,10599.275453
-247.43098,24,10599.475283
-342.014856,34,10599.753853
-242.775953,22,10599.941464
-114.711362,37,10600.324979
122.85728,28,10600.588114
-215.540621,34,10600.8829
-140.417849,25,10601.089761
-513.467552,83,10601.54378
-351.124187,68,10601.837166
-113.757311,31,10601.973372
-178.832711,41,10602.141805
-186.938487,30,10602.267721
-144.822923,25,10607.806375
-353.511699,36,10608.021645
-192.438429,42,10608.217647
-157.109945,37,10608.372897
-216.8667,31,10608.50386
-4.653925,29,10608.627054
-337.445286,36,10608.778914
-177.247061,29,10608.903225
35.635121,29,10609.028108
-361.435405,51,10609.244777
-359.427109,37,10609.400756
100.492309,47,10609.597659
-232.421413,47,10609.803968
-214.181829,59,10610.039588
-191.921912,40,10610.207864
-179.257441,43,10610.384018
-224.567102,33,10610.523211
-353.111084,47,10610.720113
-242.333685,34,10610.860197
-166.695907,25,10610.96019
-23.772764,35,10611.102757
8.911048,30,10611.22177
-70.321758,54,10611.450377
-225.943518,20,10611.538341
-164.354971,26,10611.644327
-324.058102,33,10611.789214
-362.012384,37,10611.942105
-143.111365,23,10612.035091
-154.41139,24,10612.134316
-192.542364,46,10612.324707
-188.948669,41,10612.50087
193.452743,25,10612.605003
1.418171,30,10612.729056
-197.683464,56,10612.964974
-246.037891,35,10613.22435
48.77125,61,10613.482348
-238.462852,35,10613.631367
-390.933051,42,10613.8123
-93.723899,31,10613.943897
-187.504669,41,10614.116133
-359.434548,37,10614.267823
-177.968941,29,10614.386513
-142.043182,22,10614.479743
-269.821457,39,10614.661658
-132.698393,22,10614.764121
-190.71358,43,10614.965429
-710.427422,92,10615.362568
-252.475511,48,10615.567338
-420.846513,59,10615.811641
-129.547243,34,10615.949521
58.902107,38,10616.110753
-236.900889,101,10616.538296
-93.960346,70,10624.937664
-496.994333,65,10625.232948
-264.261161,27,10625.350145
-436.247781,62,10625.616051
-170.394688,39,10625.783707
-156.281384,23,10625.880562
-233.487592,22,10625.971266
-101.10006,42,10626.151329
-128.792235,36,10626.305001
-150.158529,38,10626.465298
81.504624,59,10626.7153
-240.529399,23,10626.814884
-231.111808,35,10626.963388
-173.552495,28,10627.080182
-584.188844,68,10627.366814
185.643094,19,10627.450674
-232.01512,19,10627.52854
-99.96486,47,10627.721559
-46.041166,23,10627.814787
-254.864888,48,10628.013032
5.577143,31,10628.146339
-193.380845,57,10628.41167
-247.308149,24,10628.510054
-638.11577,101,10628.933156
-265.603848,26,10629.041916
-239.849188,22,10629.131424
-137.297667,49,10629.342649
-403.988418,101,10629.768422
-241.788401,37,10629.923579
-753.739547,101,10630.348217
-278.433729,46,10630.542466
-260.750654,101,10630.976702
-315.332282,60,10631.233596
-168.31511,26,10631.343043
-343.943536,35,10631.493903
-545.59501,101,10631.910512
-468.960558,51,10632.127573
43.02167,37,10632.28393
-258.771764,37,10632.442011
-350.545629,36,10632.597239
-171.291777,40,10632.759725
-597.568224,101,10633.181393
-354.895925,37,10633.336621
-133.390407,21,10633.420697
-333.789473,51,10639.794463
-76.776841,38,10639.958661
-258.007748,37,10640.115891
-134.483839,32,10640.252466
-196.884696,33,10640.388874
-232.108063,20,10640.4695
-261.144341,40,10640.641722
-385.219158,51,10641.010383
-441.89901,71,10641.308218
-113.720977,50,10641.519267
-331.277591,34,10641.663201
-263.901829,39,10641.821194
304.996097,101,10642.281778
-254.137908,28,10642.418712
-375.048577,38,10642.616597
-229.860124,50,10642.827372
-480.135787,54,10643.067482
-51.884269,24,10643.168805
-429.850915,46,10643.361471
-54.571147,23,10643.466475
-261.85859,39,10643.636579
-136.771696,35,10643.776596
-146.404323,41,10643.961063
190.158216,23,10644.07801
-172.538934,40,10644.266634
-552.14885,101,10644.678197
-182.025729,40,10644.847744
-133.479163,32,10644.979438
-168.88128,37,10645.13064
-501.53839,74,10645.438731
-178.026708,27,10645.547842
-413.196082,39,10645.703219
-228.953205,46,10645.892658
-524.806374,62,10646.149037
-123.714053,50,10646.375135
-179.310277,31,10646.576558
-692.374082,101,10647.351352
-295.847537,43,10647.730244
-235.77655,22,10647.914695
-345.009348,36,10648.255258
-230.076302,33,10648.547949
-149.732458,26,10648.819749
54.151487,24,10649.071213
-82.578347,27,10649.326334
-225.112559,50,10649.820697
-171.325644,39,10650.053281
-713.054295,101,10657.463612
-357.358515,37,10657.632581
192.366978,20,10657.728614
-263.518655,38,10657.90388
-185.165397,29,10658.023212
-125.989652,20,10658.10219
-148.552273,25,10658.203496
-168.390908,26,10658.325437
-169.117831,52,10658.576209
-48.823514,39,10658.767346
-65.775237,53,10659.019896
-318.273159,51,10659.232441
-251.426477,22,10659.322443
-219.034081,46,10659.518445
-133.502164,20,10659.595901
-89.428938,29,10659.722518
225.062383,33,10659.859729
-574.526271,76,10660.186274
-212.411167,48,10660.391342
-362.143439,37,10660.547131
-397.297054,42,10660.722825
-143.558934,23,10660.817941
-379.888814,38,10660.985742
-307.909646,42,10661.190104
-64.840513,27,10661.312959
-116.777497,19,10661.396541
-372.586122,37,10661.587311
-174.781687,38,10661.75221
-180.53195,39,10661.924382
-221.336764,34,10662.066455
-318.172365,31,10662.198323
-324.894845,75,10662.509752
-346.331606,37,10662.666828
-312.592883,46,10662.853539
-121.612966,20,10662.937124
-317.677479,60,10663.184215
-55.145256,24,10663.443839
216.481498,28,10663.559223
-218.109103,18,10663.633493
-321.752855,48,10663.833585
-400.751333,56,10664.064883
-152.602233,37,10664.219225
-305.806906,47,10664.405696
-146.856811,39,10664.576663
-156.224224,23,10664.67276
-149.976196,23,10664.769288
-552.459231,84,10665.104733
-198.409392,29,10665.247627
-245.947493,37,10665.419517
-143.909706,22,10665.542229
-127.455525,21,10665.635183
-442.048916,60,10665.894439
-357.101103,37,10666.050322
-231.567214,21,10666.13413
-125.089763,20,10666.218027
-44.647402,91,10675.470593
-260.278366,36,10675.619582
-125.79577,21,10675.706314
-55.105052,24,10675.803929
-306.336978,35,10675.945845
-228.040257,38,10676.102084
-161.372818,37,10676.257017
-270.254441,26,10676.358734
-260.10138,24,10676.46769
-104.484744,30,10676.598537
-504.703185,101,10677.008612
-111.188176,31,10677.138778
-266.827414,42,10677.309538
-286.910703,29,10677.428659
-163.916157,25,10677.533379
-63.667667,25,10677.637991
-79.936541,29,10677.75815
-87.96675,28,10677.875807
-114.988706,31,10678.011144
-231.660464,20,10678.090556
-217.815727,33,10678.228649
-604.852281,92,10678.620493
-225.361071,20,10678.699186
-349.506788,62,10678.943647
-309.902613,30,10679.067295
-308.213338,74,10679.362161
-291.378206,42,10679.53709
-239.335963,53,10679.744462
-145.63449,39,10679.902494
-149.297642,23,10679.993924
-354.310704,61,10680.240358
-474.422018,101,10680.643676
-243.128279,38,10680.803452
-315.240858,43,10680.974128
3.329237,46,10681.174647
-232.986582,35,10681.31103
-246.745018,24,10681.410448
-152.334929,37,10681.560651
-40.135453,22,10681.646436
-169.386907,29,10681.764353
39.396269,40,10681.931709
-181.363703,41,10682.093098
-150.629071,25,10682.197823
-155.833618,23,10682.290506
-282.416713,28,10682.405981
-136.467559,47,10682.607728
-161.262411,25,10682.710589
-116.294969,35,10682.851632
-40.843589,22,10682.938282
164.970594,37,10683.091395
-159.420857,36,10683.23601
-327.227788,33,10683.36656
-260.069356,37,10683.524114
-150.558655,25,10683.629607
106.577628,31,10689.868841
-276.938544,27,10690.003308
-380.60441,64,10690.263487
-105.031653,30,10690.389449
-375.480222,39,10690.550981
-269.599192,43,10690.736936
-202.049043,32,10690.864099
-260.965544,50,10691.072635
-239.103442,22,10691.160794
5.836952,51,10691.539323
-302.90962,29,10691.662774
-222.555223,18,10691.734935
-353.60433,37,10691.885929
-301.345785,44,10692.071523
-270.912823,26,10692.176326
-254.156382,24,10692.279477
-233.59325,38,10692.435039
-181.513146,53,10692.665944
-57.500045,24,10692.788778
-76.189409,39,10692.964798
-663.449966,72,10693.297547
-835.598903,96,10693.704669
-143.078447,22,10693.795687
-265.513196,41,10693.970119
-256.964952,49,10694.176603
-151.297084,46,10694.367488
-228.971662,21,10694.455075
-98.650017,29,10694.573824
-26.264752,52,10694.796757
-167.999722,29,10694.920985
-6.06257,30,10695.050469
-238.689166,35,10695.190384
-367.417033,38,10695.352826
-352.78074,37,10695.504949
-564.110656,70,10695.798936
-148.056365,23,10695.897899
-256.277826,38,10696.060376
66.943031,34,10696.204229
190.013512,26,10696.3144
-254.495199,49,10696.529982
-158.488459,26,10696.640575
-661.014707,101,10697.20566
-239.462785,35,10697.427725
189.91981,21,10697.569824
-346.806518,39,10697.860373
-132.943982,23,10698.025837
-167.312646,48,10698.3946
-217.14612,33,10698.600014
-164.890947,37,10698.851422
-257.448903,37,10699.060602
-53.227064,52,10699.301029
-503.496782,73,10705.301835
-236.592504,21,10705.409577
-27.391263,54,10705.649287
-233.225392,20,10705.736322
-324.479876,45,10705.93152
34.527936,29,10706.051213
-219.963234,36,10706.200077
-160.148957,36,10706.353385
-205.80128,41,10706.527603
-600.439989,88,10706.911399
-265.352769,51,10707.123857
-474.216847,101,10707.543688
-43.850729,23,10707.640487
-139.133702,24,10707.738999
-139.311207,35,10707.889897
-219.557396,45,10708.082001
-402.490214,56,10708.318658
-303.716065,42,10708.492438
149.84111,26,10708.605269
-354.192942,48,10708.809879
-259.092881,37,10708.970682
-148.059685,24,10709.073758
-151.338304,36,10709.223173
-215.424321,33,10709.363778
-42.665336,95,10709.76509
185.167113,22,10709.857063
-274.905599,51,10710.070652
-388.173675,101,10710.534234
-210.127101,59,10710.801091
168.112361,22,10710.899933
-301.951329,62,10711.15949
-82.363503,27,10711.265285
-264.096864,41,10711.578003
-341.258227,38,10711.743116
-255.644476,37,10711.899039
-292.594025,30,10712.029544
-133.6284,21,10712.12141
-581.599341,93,10712.530166
-24.736531,67,10712.83946
-118.000085,51,10713.079167
-398.194452,54,10713.336108
-296.450658,43,10713.522755
-145.113854,34,10713.662988
-114.154228,31,10713.794452
-153.730657,23,10713.890222
-295.955433,41,10714.091645
-247.296017,23,10722.494173
-221.826239,19,10722.615147
-148.48481,23,10722.745298
-112.990052,31,10722.885161
-360.649645,37,10723.042621
-583.698283,101,10723.482248
-255.626062,36,10723.627178
-376.604803,39,10723.793617
-136.396231,23,10723.88843
-251.15635,37,10724.045973
-168.382086,27,10724.162248
-204.451287,47,10724.353993
-245.242817,25,10724.460996
-126.93954,20,10724.545325
-689.737497,101,10724.963197
-149.910691,22,10725.057533
-127.282859,60,10725.313756
-499.283013,101,10725.732343
29.291514,25,10725.831984
167.309108,37,10725.987207
-54.370204,25,10726.092954
-169.489497,26,10726.199953
-156.237794,23,10726.296159
-431.36476,47,10726.50229
-469.528212,58,10726.756927
-154.462672,25,10726.862152
-218.641869,19,10726.937773
-109.248636,34,10727.082073
-466.831405,101,10727.505869
-370.801085,37,10727.669959
-179.464553,53,10727.891795
-250.784793,24,10727.990438
-251.348807,36,10728.143216
-237.290109,21,10728.242796
-156.409242,36,10728.386329
-258.847953,37,10728.542954
89.594075,33,10728.679798
-51.926247,24,10728.782358
-464.07166,49,10728.991966
-235.033009,21,10729.079647
-164.190701,40,10729.242119
-195.539841,43,10729.422237
-272.379748,26,10729.534406
-275.843637,27,10729.650137
-30.362567,34,10729.802724
-371.700406,37,10729.957906
-520.909478,56,10730.206565
-362.883845,51,10730.41547
-320.770881,101,10730.864173
-190.771964,29,10731.000156
-21.366365,46,10731.217408
-107.803564,83,10737.281121
-342.107616,53,10737.508442
-112.492566,30,10737.634062
-483.971644,101,10738.065862
-372.149834,37,10738.22121
-22.645519,35,10738.366875
-176.992721,101,10738.797507
-203.035733,32,10738.929256
-309.739172,45,10739.278027
-286.936543,30,10739.403845
-126.769722,33,10739.544048
-750.319948,94,10739.94315
78.155998,23,10740.044304
-146.966071,39,10740.214072
-312.019964,42,10740.379301
-212.066127,30,10740.508232
-437.366211,46,10740.694504
-255.444319,41,10740.870925
-250.32724,35,10741.014433
-150.915752,36,10741.169286
-236.587768,84,10741.52173
-232.229777,22,10741.613318
-569.283863,89,10742.039906
-267.150798,36,10742.209378
-446.340507,48,10742.438858
-206.127029,32,10742.575512
-254.328349,25,10742.67894
-165.647826,26,10742.789379
-302.14762,48,10742.994007
-175.038999,44,10743.174579
-247.619915,23,10743.271039
-204.389009,31,10743.404982
-46.058236,38,10743.562967
-373.400512,37,10743.718388
-244.701935,48,10743.923591
80.994547,20,10744.008084
214.920576,70,10744.292315
-747.301035,101,10744.714852
-485.100149,70,10745.064276
-240.320521,35,10745.244813
-195.658696,31,10745.384634
-230.845809,20,10745.47516
-141.575796,36,10745.656743
-347.477861,40,10745.826187
-346.488446,48,10753.226977
-119.241599,19,10753.348517
-360.335981,37,10753.528549
-110.510141,30,10753.65474
29.406518,47,10753.852088
-247.532349,55,10754.091018
-704.516251,101,10754.514004
-126.877189,20,10754.596812
-396.675988,41,10754.762166
-183.563298,54,10754.98805
-284.893245,41,10755.154491
-470.578409,52,10755.372963
-177.440608,39,10755.541655
-232.672484,46,10755.731654
-149.793918,34,10755.870428
-619.528281,98,10756.286801
-164.891805,24,10756.382592
-118.842393,33,10756.524549
-188.381233,40,10756.695777
90.341164,32,10756.831748
-302.058064,29,10756.960127
-509.366156,82,10757.313868
-133.784039,21,10757.404491
-148.265149,36,10757.55098
-200.842955,43,10757.731322
-131.288077,34,10757.872457
-101.398329,29,10757.993503
-227.576257,20,10758.080048
-398.350302,46,10758.275087
-232.476462,48,10758.476174
-282.080306,43,10758.662755
-4.148048,33,10758.801295
24.337648,26,10758.916378
-645.078841,101,10759.334296
-155.648805,26,10759.445208
-338.739824,49,10759.648153
-110.805472,34,10759.790163
-333.286852,53,10760.156603
-65.992513,26,10760.27574
-207.96203,55,10760.512585
-262.490035,28,10760.626135
-388.802532,42,10760.804221
-413.222796,80,10761.149714
-135.675472,21,10761.242433
-511.890476,101,10761.713607
-279.883787,28,10761.835931
-321.860286,101,10770.470929
-482.001752,71,10770.803127
-48.135733,22,10770.894089
82.229115,21,10770.985159
-194.833426,28,10771.284435
-96.280471,59,10771.550135
-256.452586,37,10771.705463
48.195089,23,10771.796273
-244.399579,98,10772.209844
-186.516262,39,10772.375867
-584.463019,82,10772.722146
-210.284211,44,10772.908271
-123.828958,32,10773.049069
-382.64932,44,10773.237924
-290.37567,31,10773.369333
-375.139026,78,10773.7071
-129.551137,21,10773.796689
-149.271527,40,10773.966848
-308.733989,44,10774.160568
-62.969795,27,10774.277411
-67.765092,69,10774.570871
-188.924979,44,10774.769773
-377.610673,44,10774.966181
-65.434332,26,10775.076556
-233.654851,20,10775.15955
-102.468524,33,10775.296582
-279.182175,27,10775.411917
-148.352257,23,10775.510596
-132.53048,21,10775.595423
-39.65579,22,10775.685694
-40.490195,23,10775.782497
-212.167834,33,10775.917554
-427.073267,46,10776.113939
-134.335874,21,10776.203927
-283.89417,28,10776.315179
5.180861,41,10776.482224
-252.077538,25,10776.585896
-304.888981,30,10776.70705
-225.515825,45,10776.896337
-271.056572,37,10777.053504
-223.864156,20,10777.136778
-691.056854,85,10777.48479
-118.295058,31,10777.609122
-228.848513,34,10777.758986
-130.602655,22,10777.854278
-328.59042,47,10778.06079
-255.566589,37,10778.222701
-98.487446,42,10778.408565
-113.214017,18,10778.481132
-143.533255,23,10778.568184
-265.067829,38,10778.732536
-188.396305,41,10778.911711
-208.091477,43,10779.099692
-149.342032,22,10779.193346
-124.287516,35,10785.197655
32.681582,70,10785.540586
-634.018885,77,10785.866389
-232.145095,52,10786.084004
-91.613844,30,10786.213473
-443.857687,71,10786.511752
-140.458174,35,10786.655448
-106.165521,33,10786.789066
191.260321,78,10787.117965
-97.321751,29,10787.244109
-271.23792,39,10787.402553
-301.174724,78,10787.85082
-81.130315,27,10787.977988
-2.6054,42,10788.557012
-153.43263,36,10788.741095
130.689391,30,10788.866896
-106.88071,32,10789.008492
-298.518432,29,10789.12948
-126.353937,45,10789.332822
-157.12964,38,10789.511254
-586.035057,85,10789.942357
-104.769959,30,10790.07713
-255.922537,41,10790.250748
2.771254,49,10790.468989
-448.171092,101,10790.923724
-356.655165,73,10791.228145
-205.311455,44,10791.41204
-6.543298,34,10791.558884
-225.421583,19,10791.641622
-621.05255,101,10792.058703
-183.95686,27,10792.171962
-176.366079,43,10792.352326
-116.634208,19,10792.431813
-349.210188,36,10792.583484
-374.309487,64,10792.852529
-75.402012,28,10792.965889
-260.509299,36,10793.121124
41.649516,24,10793.216871
-435.974105,57,10793.459458
-217.148756,87,10793.90057
-159.105599,25,10794.042583
-281.243513,29,10794.241077
-264.526618,40,10794.539434
-358.89721,101,10801.5209
-288.668879,43,10801.722898
-241.377603,21,10801.814973
-236.037549,22,10801.904994
-314.443505,44,10802.093465
-198.548388,42,10802.265568
-140.827302,22,10802.350689
-120.766158,20,10802.433251
-352.873821,37,10802.582996
-324.935065,45,10802.769841
-152.873613,23,10802.865011
-121.732009,32,10802.997058
-402.631353,101,10803.43179
-137.518232,34,10803.574341
-334.571871,72,10803.871528
-229.996482,47,10804.077953
-143.250698,22,10804.168221
-379.311703,38,10804.322042
-31.965044,21,10804.409201
-55.948116,23,10804.506624
-267.530463,38,10804.662373
-228.054302,20,10804.739837
-578.926137,101,10805.174217
-151.986968,45,10805.355487
-142.641587,23,10805.446942
-10.238558,81,10805.7788
-245.317845,38,10805.927768
-486.626713,86,10806.285168
-263.516687,36,10806.42799
-272.44187,37,10806.582767
-233.978511,21,10806.673452
-473.120002,101,10807.080121
-333.565343,33,10807.216251
-257.1681,38,10807.373754
-519.430351,92,10807.74324
-200.881966,43,10807.917244
-272.325105,26,10808.026162
70.235166,37,10808.177963
-38.976412,81,10808.725314
201.258718,21,10808.811192
-139.072954,35,10808.954889
-189.503839,28,10809.076183
-174.047474,38,10809.23823
-686.688002,101,10809.658923
-764.647105,101,10819.627173
-232.708514,33,10819.850405
-307.329364,43,10820.039316
-297.421566,101,10820.475214
-239.61788,24,10820.577187
-160.848327,37,10820.731692
-302.966087,32,10820.866566
-119.180815,19,10820.946535
-170.240149,40,10821.112688
-225.27292,19,10821.196916
-209.141391,44,10821.382437
-233.335042,47,10821.600772
19.565727,40,10821.766048
-448.035336,60,10822.024347
41.689126,30,10822.154827
-124.706196,21,10822.2427
-215.88788,31,10822.365905
-226.552222,20,10822.446418
-472.105199,101,10822.871453
-152.284736,22,10822.968885
-70.748611,26,10823.075207
-281.660558,29,10823.199435
-251.153757,51,10823.414369
-185.147141,42,10823.589259
-567.871455,79,10823.917584
-398.979111,42,10824.092591
-260.286169,28,10824.208823
-271.65622,40,10824.379735
-168.674756,37,10824.537943
-243.799969,23,10824.633338
-333.727825,33,10824.772653
-107.998011,30,10824.898071
-484.343894,57,10825.140946
-388.179013,54,10825.371218
190.466527,23,10825.465346
-164.837256,26,10825.572996
-425.913869,59,10825.821241
-368.469372,37,10825.979517
-258.179707,37,10826.139266
-185.34585,40,10826.312453
-589.853934,98,10826.737456
-178.713212,42,10826.910273
-289.225451,43,10827.100579
-239.863632,48,10827.305817
-262.210478,24,10827.405267
-297.376194,43,10827.58113
-63.3979,24,10827.681069
-524.600432,101,10828.106207
-358.802835,41,10828.27062
-287.253932,29,10834.397094
-285.149817,42,10834.659448
-187.981641,48,10834.883002
-264.806072,39,10835.043367
-77.853427,43,10835.234472
-351.06155,37,10835.397864
-580.37307,74,10835.711577
-135.783232,22,10835.806543
-325.595482,32,10835.943409
-258.531972,37,10836.100292
-492.258852,101,10836.524906
-161.615869,25,10836.636759
-264.350064,39,10836.800721
-159.423544,38,10836.96502
-150.16806,24,10837.066442
-239.209681,57,10837.31043
-140.019759,51,10837.674153
-76.380529,28,10837.800668
-207.087612,32,10837.939456
-409.417606,101,10838.36088
-122.393711,46,10838.554767
-40.614342,38,10838.7191
-115.572036,31,10838.863754
-418.052798,46,10839.086074
-357.802178,37,10839.299141
-287.71902,101,10839.736776
-340.573475,48,10839.938028
-119.355126,19,10840.0209
-129.900418,21,10840.113731
-234.270531,53,10840.335447
-352.053787,44,10840.518193
-169.722267,27,10840.632279
-163.34956,37,10840.789888
-217.735412,44,10840.978006
-349.591689,37,10841.136025
-121.343805,20,10841.220826
-261.530227,24,10841.326161
-212.509638,31,10841.45901
235.697482,42,10841.633618
-254.821758,36,10841.785251
-351.88574,48,10841.993467
-210.000908,34,10842.13995
-245.994729,26,10842.251951
57.255326,25,10842.359662
-198.528029,43,10842.535032
-244.12595,36,10842.684654
-179.496209,28,10842.79838
-241.380442,35,10842.940234
-372.707877,44,10843.184831
20.236932,37,10843.400996
-291.494483,57,10850.527715
-184.183633,29,10850.677088
-65.568837,39,10850.851894
5.212822,38,10851.023021
-195.579615,29,10851.144253
-302.925972,30,10851.270166
-209.072056,50,10851.487027
-150.822448,40,10851.65298
-267.264214,51,10851.870102
-339.499792,46,10852.061081
-250.555123,36,10852.212471
-308.665115,43,10852.397393
-165.512143,27,10852.514489
-120.341117,19,10852.591832
-146.320448,23,10852.692081
-203.987997,31,10852.822574
-206.549001,58,10853.067624
113.237439,29,10853.188527
-318.276529,59,10853.435469
-240.342004,54,10853.659784
-257.300707,25,10853.759772
-748.859416,101,10854.175978
-8.007217,72,10854.474134
-679.152654,101,10854.896078
-157.75602,37,10855.049632
-728.669422,101,10855.474814
-86.058483,30,10855.600933
-481.931463,70,10855.896585
-293.622519,29,10856.023215
-126.055934,21,10856.111237
-100.374217,31,10856.242474
98.143445,30,10856.366394
-220.095489,34,10856.509979
-224.661164,32,10856.644787
-261.488382,41,10856.820298
-153.187766,25,10856.925923
-372.836879,87,10857.294175
112.741742,29,10857.417944
-124.006163,33,10857.560421
-238.715031,34,10857.704264
-311.975538,32,10857.836636
-146.343171,24,10857.937261
-293.84638,37,10858.23422
-225.184256,46,10858.423791
-343.23871,39,10858.590984
-330.320368,45,10858.784434
-302.366866,43,10858.969823
-309.812312,72,10869.035924
-287.495219,43,10869.340155
-164.832978,51,10869.59725
-198.551638,47,10869.809307
-191.959794,30,10869.957427
-246.190623,23,10870.052673
-246.20336,50,10870.266524
-135.421078,35,10870.421489
-58.066288,25,10870.526179
-184.23335,41,10870.70712
-415.316925,92,10871.12922
-352.627002,37,10871.299391
-203.896332,30,10871.424714
-128.273631,33,10871.561259
-409.634374,57,10871.798923
-401.701595,42,10871.979726
-275.699101,54,10872.214801
-510.260036,90,10872.601474
-228.39661,47,10872.825696
-353.45746,37,10872.983081
-136.469704,21,10873.06807
-53.308027,40,10873.239636
-249.93909,38,10873.395501
-291.676141,43,10873.57796
-345.397,68,10873.869001
-160.381962,49,10874.074825
-371.864349,37,10874.237674
-99.914345,31,10874.369886
-227.263687,32,10874.508103
-157.173009,24,10874.608383
-261.478652,38,10874.770181
-357.058401,39,10874.931932
-316.748548,46,10875.129684
-290.832901,45,10875.32665
-70.121089,27,10875.438339
-32.419498,21,10875.525323
-149.297622,47,10875.722947
-413.970274,47,10875.917869
116.387283,35,10876.072551
-280.066119,52,10876.288307
-331.564083,82,10876.631869
-53.985617,98,10877.054121
-24.845407,34,10877.19639
-119.71242,32,10877.32309
-268.657645,42,10877.496063
304.884406,23,10877.589502
-138.358368,35,10877.74198
92.427016,41,10877.927433
-292.523145,44,10884.589454
-123.999115,37,10884.76346
-227.946133,67,10885.04697
-223.052053,52,10885.267402
-135.073256,34,10885.412284
-145.711967,36,10885.566683
-314.490714,45,10885.764488
-305.154683,42,10885.940541
-138.59537,48,10886.138374
-403.033172,101,10886.555598
-56.314699,23,10886.651072
-424.41085,44,10886.834804
-35.129757,20,10886.917031
-230.98041,20,10886.994591
-349.615187,50,10887.201631
-353.1266,50,10887.416578
-90.204615,29,10887.551311
-311.946785,34,10887.692949
-307.917578,72,10888.174288
-184.07453,40,10888.351409
-173.100557,39,10888.513364
-130.600991,37,10888.671023
-137.313404,37,10888.825409
-288.163243,53,10889.045524
-252.690753,36,10889.217658
-159.369537,24,10889.332978
-200.331507,42,10889.52393
95.979262,61,10889.847784
-371.799077,101,10890.365375
-232.148393,36,10890.521179
-292.878275,30,10890.643058
-353.518646,37,10890.792976
-138.755487,34,10890.947429
-337.3775,54,10891.173765
234.031827,32,10891.316714
-263.507528,41,10891.487889
-62.211404,27,10891.5954
-222.319488,45,10891.780477
-209.37767,57,10892.028198
-394.345165,40,10892.200917
-536.499706,100,10892.614419
-162.088303,25,10892.721308
-267.44598,38,10892.888824
199.781607,32,10893.02493
159.799807,38,10893.182486
-362.598002,37,10893.34183
-116.252366,32,10893.513693
-103.544585,31,10900.892946
-53.134506,40,10901.231764
-255.492884,37,10901.394665
-120.014705,19,10901.472222
-157.951944,37,10901.632342
256.011224,39,10901.801475
-211.432244,45,10901.996644
-268.201948,41,10902.172482
-255.640896,23,10902.266458
-179.429389,27,10902.378282
-258.812953,54,10902.617312
-194.249518,43,10902.799042
-73.051571,28,10902.915376
-306.921305,101,10903.344322
-213.567094,44,10903.536071
-212.306252,31,10903.659209
-338.722136,45,10903.846219
-360.779881,51,10904.065903
-156.734097,36,10904.215399
-131.350267,21,10904.304517
-117.972287,32,10904.439519
-358.062645,80,10904.785582
-112.800835,31,10904.91472
-319.594877,56,10905.150235
-260.572529,23,10905.245967
-253.387849,27,10905.357412
-441.689862,64,10905.616369
-154.645948,39,10905.786543
-185.088858,27,10905.901136
212.282737,34,10906.041186
-140.494445,34,10906.180607
-127.308237,20,10906.264822
-233.104198,54,10906.490338
204.664379,30,10906.62417
-306.367939,30,10906.75229
-138.753414,22,10906.844616
-264.501851,24,10906.943833
-218.121996,32,10907.073878
-249.312753,49,10907.282585
-131.541203,46,10907.479973
-340.52046,49,10907.683602
-389.7347,40,10907.846711
-352.920969,37,10908.003854
-5.810996,17,10908.076596
-188.741285,30,10908.200873
-248.9883,50,10908.413956
-128.045839,36,10908.566159
-152.614407,23,10908.665217
-327.546972,34,10908.813637
-290.299515,39,10909.151083
-169.442849,26,10909.271778
-281.414635,28,10909.399739
-117.660781,32,10909.537942
-182.637045,27,10909.652271
-218.69601,32,10909.797862
-126.473303,33,10917.260849
-69.350401,26,10917.560472
-482.804107,58,10918.199289
-583.013351,101,10919.243336
-196.086604,57,10919.842512
-171.051569,37,10920.137836
-150.146628,61,10920.657201
-166.638935,26,10920.827577
-233.613684,19,10920.914742
-125.009129,34,10921.068501
-270.491795,39,10921.228865
-193.956166,30,10921.353625
-158.870513,51,10921.579226
-324.04642,33,10921.72235
187.054293,19,10921.808996
-72.664443,39,10921.995016
-346.793186,37,10922.152392
-256.502194,24,10922.257525
-133.54144,21,10922.341449
-142.812781,48,10922.540229
-180.672752,27,10922.652326
-271.011811,52,10922.877692
19.539795,30,10923.001799
-322.806102,35,10923.148232
-299.055507,42,10923.317302
-299.629643,43,10923.508045
-3.755939,44,10923.698217
-139.481005,35,10923.841947
-97.30579,29,10923.962369
-163.032812,24,10924.06328
-252.241287,26,10924.172885
-292.074266,32,10924.307788
-118.769433,19,10924.387411
-363.390704,37,10924.540229
155.777609,25,10924.645151
-216.379549,32,10924.77711
-65.885626,60,10925.029775
-223.896701,19,10925.107767
-155.147053,23,10925.199063
-349.463823,52,10925.425947
199.1454,33,10925.565687
-138.368139,23,10925.666193
-182.491458,40,10925.831613
-266.651498,37,10925.987947
-254.70981,25,10926.093239
-259.330377,40,10926.263032
-329.449751,33,10926.3997
-264.933793,38,10926.553614
-298.376358,43,10926.732873
-136.358507,22,10926.82323
-355.675923,37,10926.978909
-345.875277,35,10927.126371
-301.021923,45,10927.318225
-147.692452,22,10927.412528
-243.212072,37,10927.570072
-47.910256,23,10927.673407
-266.294528,50,10933.640076
-311.50231,44,10933.879542
-263.781999,27,10934.005295
-413.23936,101,10934.443677
-152.533644,38,10934.602969
-628.447526,81,10934.944362
-294.614522,34,10935.081763
-206.778408,30,10935.20343
-252.839816,36,10935.350479
-197.153456,83,10935.715121
-130.962595,21,10935.80732
-80.657076,27,10935.924258
-121.588337,20,10936.009639
-305.362329,56,10936.244723
-117.570428,18,10936.318009
-209.532271,45,10936.516163
-138.896474,54,10936.74242
-259.604263,41,10936.913745
-138.255395,34,10937.055253
-155.100809,25,10937.162507
-320.245938,45,10937.347681
-199.774722,42,10937.523715
-20.079668,31,10937.860165
-216.292125,45,10938.058724
-257.510819,24,10938.158792
-213.91335,44,10938.340759
-219.962906,32,10938.472755
-207.492105,41,10938.640579
-148.052257,36,10938.787361
-207.636791,43,10938.9867
-351.743408,37,10939.165108
-469.201266,60,10939.456849
-246.219853,49,10939.669053
25.378748,45,10939.861616
-226.190094,34,10940.011747
-262.496757,50,10940.221236
-32.887313,22,10940.317128
-199.722978,70,10940.613438
-337.866696,48,10940.81853
-357.734948,37,10940.969963
-98.866509,30,10941.092068
-232.418001,47,10941.292525
-356.16304,48,10941.493142
-296.734766,59,10941.735665
-150.869422,23,10941.833079
-207.573304,57,10942.084236
-371.286156,37,10942.236773
-356.734566,34,10942.378468
-63.410905,25,10942.483804
-57.219043,24,10942.584143
-268.871801,40,10951.247122
-246.773591,39,10951.422456
-44.671922,35,10951.570132
-41.382789,22,10951.659203
-402.539219,44,10951.841438
121.434803,27,10951.94859
-118.928202,57,10952.195771
-71.367577,26,10952.298959
-122.789089,45,10952.480255
-248.300754,37,10952.630068
-261.50797,24,10952.725655
-105.395686,30,10952.845494
-529.741419,101,10953.270922
-270.819252,30,10953.398733
-167.978712,25,10953.505145
-541.873301,65,10953.781479
-330.301047,59,10954.026965
-371.206054,51,10954.240742
-176.627413,40,10954.407143
194.741546,32,10954.541512
-204.908181,44,10954.730115
-354.48169,37,10954.888266
-357.250183,64,10955.154843
-282.566155,27,10955.265281
-231.217639,60,10955.520022
-335.752699,54,10955.742296
-263.147734,39,10955.903813
-19.260678,35,10956.055692
-244.498055,35,10956.201098
-204.379556,55,10956.432794
-297.15791,48,10956.629526
-246.01969,36,10956.773245
-158.95149,26,10956.886198
-371.418238,42,10957.06052
-0.046351,44,10957.240079
-211.007206,33,10957.373034
-140.64328,22,10957.465527
-0.180439,45,10957.647833
-410.212283,43,10957.819091
-226.785338,18,10957.89885
-384.771942,40,10958.061628
-331.608901,33,10958.200832
-371.421924,51,10958.460324
-79.166296,29,10958.589503
-318.963306,33,10958.723117
41.553117,37,10958.876678
-245.686914,23,10958.972139
-153.46466,34,10959.112668
-290.802298,30,10959.237085
-408.584889,73,10959.651151
-363.782974,37,10959.807544
-315.988491,47,10967.834657
-71.974397,26,10968.016205
-69.513513,101,10968.560354
-145.455064,36,10968.719331
-183.731286,29,10968.838875
-207.260325,31,10968.969405
169.195216,23,10969.068689
-212.403471,44,10969.258876
-278.858865,32,10969.388784
-21.832495,35,10969.526967
-258.553742,37,10969.679521
-100.134359,29,10969.799269
-270.957754,58,10970.046613
-262.04238,27,10970.160518
-107.790468,35,10970.305739
-133.511773,36,10970.450819
-402.996659,70,10970.756937
-149.232551,24,10970.85743
-175.311491,53,10971.083046
-513.426134,101,10971.515435
94.828241,33,10971.644928
-52.590631,23,10971.74078
-139.898366,34,10971.879966
-308.950767,42,10972.054702
-189.957166,41,10972.231306
-118.574245,43,10972.415254
-468.688909,60,10972.653242
47.566306,38,10972.819028
-29.14429,35,10972.962704
-280.074814,77,10973.278303
-727.974485,83,10973.627282
-109.451525,32,10973.763702
-229.009709,19,10973.849295
-147.770767,22,10973.945337
3.889915,30,10974.073174
-154.732549,23,10974.166532
-257.978041,39,10974.343915
-263.662642,38,10974.557727
-201.136716,30,10974.69794
-282.255531,28,10974.810267
-265.476113,38,10974.97427
-378.020653,101,10975.378647
77.461838,24,10975.480605
15.468821,27,10975.596057
-479.209819,80,10975.921446
81.142476,25,10976.023894
-156.569612,44,10976.200248
-282.654282,27,10976.311389
-559.669105,101,10983.519242
-288.449722,101,10983.930905
-582.991805,101,10984.355989
59.447294,40,10984.530683
-339.035051,101,10984.941797
-21.090967,35,10985.090442
-154.10449,36,10985.237846
-234.751064,49,10985.439563
-633.680313,70,10985.720441
-71.394947,26,10985.830183
-391.604893,42,10986.004703
-350.872405,78,10986.330899
-430.266032,46,10986.573573
-125.50966,32,10986.764553
-121.469994,20,10986.859847
-237.287659,22,10986.947074
-459.688153,84,10987.287115
-140.86447,22,10987.377366
212.586772,29,10987.498295
-53.439999,24,10987.750118
-440.465386,101,10988.187986
79.363695,20,10988.284439
-126.80157,21,10988.381651
-226.049944,35,10988.541451
-220.3955,50,10988.756087
-237.595863,24,10988.857936
-133.372657,20,10988.954593
-49.939185,23,10989.065827
-264.453863,52,10989.304615
-249.45561,67,10989.592229
-315.188213,35,10989.740959
-190.203334,28,10989.85507
-370.807953,38,10990.011354
-76.339756,26,10990.124221
-166.290835,38,10990.290173
-192.661428,41,10990.457993
-106.18952,43,10990.644489
-178.607852,51,10990.880754
-66.127053,26,10990.989679
-320.811803,32,10991.12413
-218.90316,50,10991.335736
-408.135916,60,10991.589282
144.25857,28,10991.716785
-214.131464,31,10991.843898
-284.631947,44,10992.021821
-329.45434,47,10999.74906
-136.316581,34,10999.952018
43.607865,51,11000.186471
-332.83436,101,11000.621703
-254.965522,48,11000.822681
-302.453016,60,11001.073282
-27.699282,34,11001.21491
-354.067419,50,11001.429235
152.724047,28,11001.548908
-94.649754,29,11001.666998
-187.107347,42,11001.84888
-184.121477,30,11001.969391
-159.273333,24,11002.068876
-702.686714,101,11002.496456
-499.896489,58,11002.732224
-255.053453,38,11002.89102
-227.943778,33,11003.030046
196.729161,19,11003.110869
-132.691125,35,11003.252965
-352.400103,37,11003.404612
-411.594693,43,11003.593012
-460.670575,62,11003.850764
209.59233,30,11003.974112
-319.667688,46,11004.17017
-199.431542,42,11004.338534
-425.620548,45,11004.525531
-248.536991,48,11004.735234
-86.101773,43,11004.91605
-30.556493,47,11005.115744
-299.669285,29,11005.238693
-347.777867,37,11005.389671
-624.059537,95,11005.789193
-163.749309,43,11005.973175
-403.864042,43,11006.154883
-299.903748,43,11006.340598
194.599768,22,11006.438556
-227.61221,21,11006.523076
-375.361381,51,11006.733499
-176.600215,41,11006.897676
-215.629937,33,11007.03539
-225.542646,19,11007.118421
-259.798417,26,11007.231095
-86.347567,29,11007.351144
-4.678112,29,11007.473838
-171.229892,25,11007.574688
-131.240676,21,11007.656761
53.237556,22,11007.742147
-98.461845,31,11007.871904
-188.706057,29,11007.99252
-53.441411,23,11008.088177
-215.313595,33,11008.227557
-242.896003,22,11008.322194
-352.855278,37,11014.094639
-318.919539,45,11014.523758
-444.109316,101,11014.968298
-277.289293,26,11015.075977
-365.961254,71,11015.373624
-358.191411,37,11015.531966
-170.673163,40,11015.717973
-274.601964,55,11015.97987
-300.091582,42,11016.169228
-97.916627,29,11016.297194
-252.510329,24,11016.39614
-292.234573,42,11016.573516
-243.569656,37,11016.729066
-262.438685,38,11016.889415
-147.081788,24,11016.992689
-535.608999,96,11017.407503
-174.064274,39,11017.570327
-389.742435,64,11017.833099
-275.298295,39,11018.006581
-122.326221,20,11018.095738
-35.415502,36,11018.248931
-96.229724,29,11018.370275
-140.768919,22,11018.45946
-262.6843,50,11018.67595
-114.023346,18,11018.751196
-19.548146,31,11018.885857
-229.280339,20,11018.968707
-681.764368,101,11019.378419
-205.894339,31,11019.505243
-532.001056,89,11019.894256
-85.02974,28,11020.054191
257.919521,44,11020.310727
162.015652,25,11020.559228
-604.468193,101,11021.338003
-68.982882,26,11021.538786
-501.705998,101,11022.363377
-173.25378,28,11022.492502
-248.813219,36,11022.650515
-254.019909,37,11022.808094
14.112785,30,11022.945159
-317.459222,33,11023.085252
-234.144801,36,11023.231276
-143.543014,35,11023.375146
-143.746452,35,11023.521218
-143.185862,23,11023.617282
-280.655413,40,11023.773388
-212.317378,44,11023.954818
-98.80976,43,11029.955948
-286.976022,39,11030.173638
-245.304468,23,11030.273723
-391.994827,54,11030.500311
-329.679567,45,11030.686686
-306.602188,57,11030.92588
-461.764576,49,11031.13982
-485.693469,82,11031.472877
-294.056701,101,11031.901169
-129.19768,46,11032.091278
-192.49012,30,11032.217055
-124.209226,32,11032.348814
-187.417999,29,11032.475231
129.195687,28,11032.593757
-349.728918,39,11032.764553
205.007861,39,11032.931745
-448.453097,46,11033.123457
-187.950361,42,11033.299452
82.288188,30,11033.421482
-206.669901,32,11033.555305
-101.103249,30,11033.675865
-737.867918,93,11034.067022
103.636331,56,11034.300991
-229.408673,35,11034.443608
-48.392302,37,11034.595914
-383.418198,53,11034.948303
-379.317223,73,11035.259329
-226.039157,19,11035.334992
-365.686542,39,11035.495971
-316.844638,42,11035.662558
-414.760856,69,11035.958813
154.852016,28,11036.097186
16.948979,28,11036.230204
-223.684069,33,11036.383268
-69.798632,25,11036.49081
-75.730157,52,11036.718833
-107.813061,44,11036.909291
-818.805751,96,11037.317352
-105.012732,33,11037.448964
-424.355967,64,11037.720141
-102.223542,29,11037.840866
-207.954858,30,11037.971732
-423.264951,101,11038.393616
-183.012725,28,11038.51195
-155.6844,50,11038.732322
-53.438693,36,11046.041927
-36.507125,40,11046.244566
-324.363027,33,11046.385706
170.682151,37,11046.543527
-118.254821,19,11046.625138
-208.873278,43,11046.795537
-519.078984,70,11047.088789
-140.003711,22,11047.182074
-232.258535,47,11047.381693
-299.819915,30,11047.508906
-117.152265,19,11047.591331
-154.261671,37,11047.746188
-226.686334,19,11047.825797
-66.122133,25,11047.928266
-230.883872,48,11048.138124
-316.490634,48,11048.357984
102.529914,32,11048.493379
-177.43196,26,11048.611522
-47.160108,49,11048.817785
-355.537031,37,11048.97599
-376.036176,101,11049.39981
-214.567543,34,11049.544125
-189.712945,42,11049.725381
-261.772592,25,11049.837322
-150.348587,35,11049.98518
-164.423293,38,11050.147208
-118.519317,45,11050.333956
-356.421401,37,11050.489803
-233.560259,34,11050.631048
-213.158941,32,11050.76526
-66.266012,26,11050.875118
-290.373446,29,11050.995204
-187.1514,28,11051.113491
-288.455645,29,11051.236728
-761.594928,101,11051.670411
-152.060957,25,11051.775812
-303.852451,43,11051.956052
-87.992008,28,11052.074531
-415.998865,101,11052.497315
-134.626416,47,11052.69523
-555.28566,101,11053.135062
-237.95496,45,11053.312171
-129.685831,33,11053.454884
-250.685536,52,11053.674108
167.47308,23,11053.774839
-178.609385,32,11053.902416
-418.001021,101,11054.383799
-315.636168,57,11054.764775
-254.11735,55,11060.885735
-253.743576,49,11061.095382
-117.816933,19,11061.174648
-342.671052,49,11061.566826
-288.905147,28,11061.684535
-288.527898,29,11061.816196
-180.195728,40,11061.987979
-438.685064,52,11062.202223
-270.019263,56,11062.434663
-98.076339,50,11062.66289
-593.319965,101,11063.145927
-188.070135,30,11063.27805
-8.672516,33,11063.424135
-197.647925,30,11063.55296
-323.577001,68,11063.846039
-169.996065,28,11063.968186
-231.34476,19,11064.047131
-121.660115,32,11064.189724
-234.189969,48,11064.389609
-131.241186,21,11064.479975
112.555919,46,11064.676895
-238.964719,46,11064.873118
-148.673194,22,11064.961857
199.872767,24,11065.062729
-183.648389,39,11065.223161
-246.77196,48,11065.420478
-36.512991,22,11065.512112
-191.322884,45,11065.697632
-267.00465,40,11065.864366
-411.53815,46,11066.058409
-109.192756,30,11066.186685
-243.263581,24,11066.283691
-136.937804,36,11066.458351
-345.647715,35,11066.630108
-165.472731,25,11066.747558
-323.728386,32,11066.918294
-50.724113,39,11067.192199
-710.051635,101,11068.062275
244.444062,43,11068.462091
-212.572526,58,11069.000335
-356.165322,37,11069.427256
-142.411076,35,11069.684148
-194.068659,57,11069.994363
-167.905857,39,11070.16682
-164.702096,40,11070.334981
-466.46965,101,11070.762269
149.148777,28,11070.888284
-197.872597,31,11071.020983
-414.425437,58,11077.209864
-215.786459,44,11077.464563
-303.085555,46,11077.672459
-396.373812,101,11078.105884
-364.485712,37,11078.271021
-307.363111,43,11078.461086
-136.746017,21,11078.546458
4.657071,44,11078.736431
-234.557049,36,11078.892087
-51.459329,24,11078.992347
182.678699,22,11079.091807
-334.288761,45,11079.278046
-242.10404,50,11079.483474
-104.55496,43,11079.665772
-166.260966,27,11079.783062
-119.335539,19,11079.86851
-235.753661,22,11079.964161
-281.857744,57,11080.20658
-197.731009,42,11080.381983
-200.346857,31,11080.520034
-311.060668,31,11080.662194
-353.547189,36,11080.819574
269.319698,81,11081.155569
-310.239797,32,11081.282835
-71.095985,26,11081.389435
-171.91945,26,11081.493963
-345.156222,50,11081.703712
-325.979643,43,11081.886539
45.317677,38,11082.050028
-412.735796,46,11082.245281
-227.931804,19,11082.326551
-218.10732,43,11082.518451
-218.333906,60,11082.970554
-294.185686,66,11083.34977
-284.087125,54,11083.578878
-332.502259,33,11083.731654
-591.031359,79,11084.099685
-60.1992,26,11084.238146
-196.58976,43,11084.450572
-120.67086,35,11084.600031
-204.918889,31,11084.732937
-70.918724,39,11084.900646
-64.085949,25,11085.008307
-192.004469,42,11085.192269
-533.638261,56,11085.420151
-59.544798,51,11085.635713
65.756279,33,11085.770785
-259.954242,88,11086.133583
-155.248573,35,11086.279616
-548.28609,64,11095.145265
-149.872691,37,11095.307141
-179.984019,42,11095.480726
-165.668691,51,11095.695269
-137.478136,34,11095.84078
-104.231296,32,11095.976037
-321.170967,34,11096.120271
-219.909166,31,11096.250953
-332.936425,49,11096.448274
-245.99369,37,11096.603166
-256.546983,37,11096.75701
-126.348239,46,11096.960914
-153.259252,52,11097.183503
-248.410062,58,11097.435607
-171.730936,25,11097.536491
-313.105393,32,11097.673757
-296.892515,31,11097.811806
-257.966795,38,11097.977625
-117.41457,32,11098.110709
-356.258819,48,11098.305583
-577.10768,62,11098.565642
-330.140655,47,11098.762411
52.546829,22,11098.852876
-737.307834,97,11099.262238
-464.584688,93,11099.662378
-285.54777,28,11099.785118
-276.592355,42,11099.970419
-194.853972,29,11100.088953
-203.717263,29,11100.215313
-235.580782,48,11100.415887
-148.392873,24,11100.513754
-349.938293,44,11100.702716
-289.198409,45,11100.883895
-239.129209,46,11101.078808
-399.542108,44,11101.257979
-150.439824,22,11101.348698
-248.333543,35,11101.492241
-159.072363,26,11101.606365
-229.132752,21,11101.699895
-253.322006,35,11101.852233
-172.023504,42,11102.025693
-263.607241,24,11102.122897
-291.478185,56,11102.36543
-31.49112,37,11102.525123
-88.410997,55,11102.766833
-215.733069,32,11102.90466
-466.254151,49,11103.11511
-273.829088,26,11103.224199
-251.084335,37,11103.371935
-214.928589,31,11103.504727
-271.761412,38,11109.530344
186.00316,22,11109.656005
-405.597332,82,11110.029917
-71.63744,26,11110.141595
-228.409934,19,11110.224047
-126.441894,20,11110.306089
-372.653532,51,11110.516431
-207.460166,30,11110.640427
-415.087543,43,11111.003947
-102.668059,30,11111.129191
-220.251026,32,11111.261645
-131.382389,20,11111.34812
-291.262043,41,11111.518432
-115.61456,18,11111.5929
55.705845,69,11111.884955
-252.26829,35,11112.038528
-350.846937,37,11112.220833
-304.120835,30,11112.358273
-128.375378,35,11112.522859
-454.686819,60,11112.782872
-232.247562,22,11112.877676
-342.519,69,11113.181829
-381.301354,101,11113.608806
-26.189453,35,11113.757002
-683.523895,101,11114.18505
-412.655825,60,11114.437458
-235.116755,21,11114.523142
-317.011789,44,11114.716256
-217.941395,45,11114.917926
-163.674915,29,11115.041988
-206.567265,43,11115.217506
-131.822336,33,11115.351436
-460.011432,52,11115.583171
-358.547015,37,11115.753718
-105.166011,31,11115.880335
-241.384564,33,11116.017263
-29.528948,47,11116.212752
-424.635805,78,11116.659309
-547.388838,70,11117.166626
-329.569588,33,11117.444547
-110.975269,31,11117.768144
-339.879075,33,11118.036909
-226.507512,19,11118.24192
-147.08113,39,11118.641857
-213.82249,33,11118.868275
-250.185752,49,11119.123453
-135.270331,33,11119.271669
-132.223061,37,11119.425392
-270.759971,29,11119.549762
-311.844671,43,11119.735447
-300.009669,56,11125.570188
-261.06551,37,11125.737234
-225.272629,18,11125.810353
-37.171946,49,11126.01507
-160.443619,24,11126.117937
-202.410331,42,11126.290912
-323.893405,34,11126.436868
-83.841193,27,11126.546423
-153.871048,24,11126.647742
-106.917319,32,11126.776354
-218.847543,33,11126.9114
-248.527922,24,11127.017222
-71.867128,54,11127.239352
-257.032189,23,11127.336949
-254.810982,37,11127.493864
-249.881351,48,11127.695704
-89.308649,29,11127.813634
36.011643,37,11127.967856
-374.901515,37,11128.124685
-343.491221,52,11128.344829
-170.47212,37,11128.500842
-149.170108,36,11128.652468
-270.686187,25,11128.755525
-105.386642,31,11128.892093
-331.208347,34,11129.038675
-115.413971,32,11129.175693
-443.173711,52,11129.391866
-45.857645,39,11129.564553
205.808397,20,11129.651374
-249.267904,37,11129.806317
-367.506876,47,11130.001942
-292.311543,41,11130.175496
-127.176945,21,11130.259113
-274.590917,25,11130.361443
-258.585621,53,11130.591664
200.857036,21,11130.6774
-377.74425,53,11130.906485
-67.892742,39,11131.296757
-70.928296,26,11131.406747
-392.952773,35,11131.553838
-385.507925,41,11131.723935
-39.113642,22,11131.817981
89.392886,21,11131.911157
-121.28198,20,11131.999778
-141.567118,90,11132.386337
3.769784,41,11132.577619
-58.382993,26,11132.699227
-442.034839,60,11132.993107
-135.252666,22,11133.087307
-168.794134,36,11133.232868
-158.951682,42,11133.407339
-321.661876,34,11133.546323
-164.499883,57,11133.788984
-103.615226,33,11133.933203
-231.912399,48,11134.134718
-123.42376,36,11134.287406
-215.884975,33,11142.102789
-452.165535,77,11142.474816
-209.809313,30,11142.604688
-327.823005,38,11142.766768
-232.608852,34,11142.927653
-620.746262,101,11143.351992
43.066639,42,11143.529028
-276.472417,52,11143.759504
-361.831901,71,11144.061607
-309.58877,44,11144.249884
-257.798633,27,11144.358082
-194.101232,42,11144.531851
-152.367932,35,11144.674699
-252.201481,39,11144.838105
-191.753075,28,11144.954052
-213.801809,45,11145.147726
-160.103271,24,11145.24488
26.488671,42,11145.424071
-368.224641,52,11145.640929
-246.56786,36,11145.790053
72.191812,35,11145.946257
-341.741524,48,11146.145828
-93.741737,30,11146.271075
-115.042509,19,11146.348765
-17.436663,61,11146.6004
-259.452097,37,11146.753987
-189.269784,42,11146.933752
-69.072239,52,11147.150419
-157.072206,39,11147.319263
-13.996002,35,11147.469807
-360.419062,47,11147.66859
5.365033,30,11147.797467
-213.31411,44,11147.979727
-134.659768,34,11148.131008
-324.941894,33,11148.271053
-149.695663,37,11148.421415
-63.558384,25,11148.524979
-264.827236,51,11148.737718
-149.468978,22,11148.829917
-254.206566,37,11148.983735
-478.886448,73,11149.299994
-226.950064,19,11149.38215
-39.239644,22,11149.476089
-182.639457,27,11149.589401
-215.506809,32,11149.740731
-602.056314,101,11150.180644
-231.270291,35,11150.327856
-131.034856,34,11150.473233
-535.901539,101,11156.596608
-118.665373,46,11156.813013
-403.3503,45,11156.996833
-167.673128,39,11157.164841
-213.747993,44,11157.346006
-254.683902,38,11157.507773
-252.275517,36,11157.652494
-437.823226,60,11157.907709
194.978445,25,11158.213427
-217.322973,44,11158.394583
-395.455726,55,11158.629496
-73.415212,26,11158.74622
-81.164719,27,11158.869794
-249.168894,49,11159.090747
-220.327769,32,11159.224459
-382.966702,70,11159.521956
-289.80376,55,11159.757909
-631.994064,101,11160.240239
-126.128887,20,11160.328586
-202.33479,44,11160.51414
-10.069794,34,11160.662876
-106.426752,48,11160.863613
-366.775236,51,11161.08782
-131.903564,35,11161.237695
-142.953133,22,11161.328663
-14.449613,32,11161.459973
-54.170872,37,11161.615
-256.556875,37,11161.769044
-243.434702,58,11162.010763
-143.123118,36,11162.167168
-134.521331,21,11162.259365
-351.799197,42,11162.435538
-63.899945,25,11162.540525
-352.423581,37,11162.70174
2.574971,29,11162.818596
-217.657835,46,11163.010276
-154.876271,39,11163.170787
-260.138392,37,11163.328568
-598.807457,101,11163.776296
-407.428987,101,11164.252456
-470.52346,101,11164.93081
-411.191403,43,11165.226906
-205.519648,57,11165.776055
-416.57548,77,11166.510515
-42.751557,22,11173.100559
-251.100008,25,11173.254485
-66.774439,25,11173.376903
-232.400368,20,11173.469749
-68.430861,27,11173.594114
-179.190422,65,11173.880435
130.248839,42,11174.060743
-198.16074,42,11174.233394
-6.614189,66,11174.544058
-184.517004,29,11174.689907
-193.957046,36,11174.859307
-261.481105,52,11175.083317
-214.267953,31,11175.21288
-127.193571,20,11175.297037
-287.648303,47,11175.487878
94.952338,37,11175.639008
-138.986593,22,11175.727858
-134.125338,21,11175.817161
-119.544916,20,11175.900845
-159.73007,49,11176.115064
-348.848061,71,11176.408779
-110.697052,31,11176.535577
-170.092977,52,11176.763935
-326.088854,32,11176.897774
-247.614325,34,11177.043152
-227.749099,21,11177.129677
-227.021419,20,11177.214231
-313.632405,62,11177.490352
-109.263363,32,11177.625436
-224.405041,71,11177.923051
-115.665541,31,11178.052266
-224.232105,20,11178.135266
-385.155126,39,11178.301462
-382.779984,54,11178.529852
-402.539733,54,11178.758358
-132.12191,22,11178.852658
-138.946125,23,11178.953855
-204.300014,50,11179.168441
-634.524077,101,11179.743513
-590.018875,82,11180.088643
-171.484092,37,11180.236901
-241.70634,24,11180.335354
-267.483703,37,11180.489297
-252.997584,48,11180.717891
-317.297239,45,11180.918975
-565.98441,101,11181.392727
-31.445983,60,11181.653201
-412.407442,44,11181.845447
-133.278259,37,11182.000712
7.024175,32,11189.769646
-59.543658,24,11189.917462
-253.109171,36,11190.092217
-179.233477,30,11190.218184
-250.488229,36,11190.374012
39.650011,24,11190.478798
-305.191028,58,11190.725243
-335.453866,54,11190.949471
-240.473073,33,11191.091204
-597.676128,70,11191.380789
-73.962473,26,11191.496872
-385.117968,47,11191.694562
-200.23376,41,11191.870499
-124.503653,59,11192.118146
-152.765942,24,11192.225415
-441.840353,52,11192.435831
-297.940304,42,11192.611209
-271.671666,31,11192.742488
-235.758029,32,11192.870962
-442.065616,73,11193.193614
-256.096039,39,11193.352735
54.762963,23,11193.449811
-130.186406,36,11193.599527
-227.417172,49,11193.816201
-219.817424,45,11194.003671
-171.656831,39,11194.17261
-104.372114,30,11194.296442
-170.876167,92,11194.695704
-199.317598,31,11194.826018
-276.913178,26,11194.938247
-14.914423,19,11195.023791
-177.105607,27,11195.142183
-64.105,25,11195.246804
-254.359905,37,11195.40441
179.428662,20,11195.493288
-105.019733,46,11195.693459
-142.44872,35,11195.856277
-167.520125,37,11196.01734
-384.623024,50,11196.238561
85.417408,31,11196.360062
-128.217421,20,11196.442757
-271.560978,41,11196.610873
-143.701402,22,11196.702177
-231.663464,34,11196.844781
-115.96173,18,11196.923973
-236.280371,47,11197.125486
-352.798836,37,11197.280535
-313.780194,32,11197.411757
-259.141594,28,11197.526517
-560.827951,101,11197.949609
-180.218103,27,11198.060501
-221.11949,35,11198.208944
120.54041,28,11198.33331
-183.498083,44,11198.524225
-136.827969,36,11204.356772
-150.130011,22,11204.466723
19.237721,43,11204.653371
-436.790421,45,11204.840175
-310.342199,44,11205.032902
-56.035459,25,11205.137923
-358.407743,39,11205.301389
-355.408802,37,11205.45855
95.250406,31,11205.593899
-241.977914,36,11205.746095
-188.673169,29,11205.865387
-254.280069,37,11206.017111
-253.3286,35,11206.166956
-111.102202,33,11206.486722
-52.792335,50,11206.698771
19.450411,34,11206.841566
-168.811088,73,11207.150755
-414.372107,79,11207.489278
-234.021873,47,11207.682656
-241.571966,38,11207.850759
-340.158176,37,11208.014699
-197.552255,29,11208.135296
-208.050467,45,11208.322954
-80.649368,29,11208.468834
61.67862,40,11208.655225
-256.916806,37,11208.825236
-165.739761,40,11209.000856
-138.670769,23,11209.096758
-145.703494,23,11209.191616
-207.724577,31,11209.325718
-197.814064,44,11209.504836
-108.542612,17,11209.578675
-168.59875,25,11209.688792
-200.668976,45,11209.886081
-158.007652,37,11210.048919
-287.671798,51,11210.258237
-264.086426,37,11210.415296
181.207233,20,11210.500616
54.508114,39,11210.663641
-637.390248,90,11211.029014
38.039342,25,11211.136137
23.302461,35,11211.28279
-229.591812,19,11211.359934
-143.171203,39,11211.52645
-774.470911,91,11211.910157
14.605834,44,11212.104182
-122.266569,33,11212.241689
-326.39567,37,11212.40221
-695.791587,101,11212.910733
-384.607127,43,11213.163307
-271.340544,52,11221.758229
-664.63131,101,11222.221214
-140.82774,23,11222.316072
-499.208289,101,11222.733666
-178.574743,41,11222.91775
-263.054351,26,11223.03897
-429.420223,101,11223.550476
-277.992169,40,11223.735057
-182.236956,29,11223.855231
-205.839965,45,11224.056144
-234.803988,34,11224.243316
-64.123637,26,11224.351042
-164.987461,25,11224.457487
-291.563471,60,11224.709463
-162.836953,25,11224.82931
-61.10429,37,11225.00636
-284.831571,53,11225.22537
-687.567394,101,11225.676653
-132.117532,33,11225.826078
-86.533987,28,11225.959452
-205.72414,30,11226.094411
-564.254943,94,11226.63493
-234.735996,34,11226.79578
3.54762,29,11226.923651
-144.93414,38,11227.114341
181.402526,20,11227.223457
-352.862781,37,11227.450644
-300.144762,44,11227.747282
-64.814594,25,11227.884136
-114.495485,44,11228.082946
-197.771509,42,11228.25927
-198.721225,30,11228.407967
-378.899645,66,11228.680605
-303.770146,35,11228.839931
-227.627528,19,11228.916568
-436.447464,101,11229.496139
-134.23352,21,11229.585125
-255.633664,101,11230.006589
-359.632794,55,11230.234963
-247.477495,37,11230.413749
-382.448991,54,11230.707352
-183.578307,41,11230.879419
-126.805539,21,11230.96923
13.299733,30,11231.094438
-293.160873,46,11231.286427
-357.963083,37,11239.211063
-186.440323,55,11239.465347
72.457089,22,11239.555751
102.326847,29,11239.67508
-600.507516,101,11240.113234
173.540596,21,11240.206341
-226.830128,18,11240.281928
-329.32021,47,11240.492813
-176.758886,27,11240.604904
-237.796816,23,11240.700471
-499.751478,101,11241.119439
-336.199265,33,11241.25411
-376.075141,39,11241.411624
-196.758719,29,11241.536131
-511.313937,63,11241.800632
-255.814372,37,11241.953452
-44.864251,84,11242.299106
-211.473889,44,11242.482404
-260.790868,49,11242.686592
-350.445155,37,11242.842311
-228.534097,21,11242.930032
40.137009,27,11243.041767
-167.529599,38,11243.205495
-161.516743,25,11243.310254
-420.519003,63,11243.572688
-232.772794,46,11243.772989
157.44654,48,11243.97444
-319.792727,32,11244.113867
-161.684403,37,11244.267547
-229.822128,33,11244.403903
132.200251,25,11244.512255
-172.715893,39,11244.681411
-463.54256,49,11244.881433
-134.308906,33,11245.022313
-353.315266,37,11245.173775
-361.047573,50,11245.377926
-150.710496,24,11245.481538
-148.002917,50,11245.696178
-45.426406,49,11245.903473
-372.821035,37,11246.057781
-270.651669,38,11246.217913
-451.978118,101,11246.654948
-229.966858,62,11246.912075
-388.521683,101,11247.342801
-99.09339,30,11247.465784
-310.094826,63,11253.663291
-72.909376,27,11253.833561
-86.893566,42,11254.036537
-306.080672,38,11254.206442
-493.788219,58,11254.444492
-358.553462,52,11254.659205
-222.056018,33,11254.801574
-142.458535,35,11254.953358
-146.107036,53,11255.178985
-402.11389,41,11255.35106
-148.207098,26,11255.461714
-194.060332,41,11255.634562
-223.625009,18,11255.712146
-173.69979,28,11255.832681
178.095322,21,11255.922512
-210.529502,33,11256.067417
-168.887393,38,11256.412659
-351.102432,37,11256.566462
-149.332761,22,11256.659594
39.358211,41,11256.834715
-186.408586,40,11257.008145
-280.021692,28,11257.122954
-130.921824,34,11257.255729
160.573762,24,11257.361688
-282.593774,30,11257.48948
-158.332662,24,11257.599551
-147.545738,35,11257.764197
-310.741452,38,11257.964451
-609.953369,79,11258.318238
-298.527903,42,11258.534988
35.889817,57,11258.791497
-166.006712,26,11258.906428
-189.707597,44,11259.094394
-55.595963,23,11259.191074
-128.083016,22,11259.28072
-190.156261,53,11259.509075
-232.257734,36,11259.660364
-258.353262,38,11259.825104
-65.462501,26,11259.934176
-166.174043,67,11260.221203
-198.782513,31,11260.432728
-221.388998,34,11260.691984
-225.691856,35,11260.880655
-131.235931,22,11260.984886
-134.285641,34,11261.143613
-115.851308,97,11261.593177
-136.016566,36,11261.794214
-80.237893,42,11262.114454
-105.34941,30,11262.27485
-158.671327,41,11262.511141
-25.645442,36,11262.710538
-388.398904,44,11262.981485
-305.332997,101,11263.906341
-208.846285,44,11270.274501
-344.542188,52,11270.510755
-700.150689,101,11270.927678
-223.202466,33,11271.067991
-228.455406,21,11271.154053
-456.085652,48,11271.355491
-255.862124,36,11271.514419
-550.666497,58,11271.753642
197.362457,22,11271.843354
-416.381413,59,11272.091222
-248.348297,49,11272.294927
-284.633083,43,11272.480679
-301.59134,29,11272.599025
-67.068703,26,11272.713854
-300.606115,48,11272.919269
-229.016186,36,11273.075009
-387.826803,52,11273.284938
-167.539163,39,11273.453923
-358.853542,51,11273.661142
-107.80715,32,11273.797198
-549.946021,101,11274.219157
-130.389519,47,11274.4226
-112.266954,18,11274.497952
-52.654272,23,11274.592119
-76.155462,27,11274.702236
-168.195621,25,11274.806933
-369.31231,74,11275.124012
-102.699939,43,11275.310191
-210.385965,34,11275.456293
-140.809581,22,11275.545963
-40.638628,59,11275.788128
10.537433,44,11275.974382
-289.582962,29,11276.095697
-508.420898,101,11276.526685
-233.889375,50,11276.732132
-209.893135,31,11276.860575
-341.731264,36,11277.014819
-102.70988,43,11277.297315
-237.566341,36,11277.447705
-95.149958,32,11277.577005
-64.602086,25,11277.681606
-270.031269,53,11277.908913
-70.9187,27,11278.031309
-202.748501,30,11278.159787
-236.294359,35,11278.311308
-127.276285,20,11278.39336
-64.788747,27,11278.510735
-292.088406,59,11278.759937
-292.189585,55,11287.10491
-416.277757,57,11287.434341
-275.916761,40,11287.640041
-296.694205,42,11287.839968
-116.920375,34,11288.022188
-214.938979,47,11288.263338
-52.739994,24,11288.417277
-361.695533,37,11288.579206
-531.740405,101,11289.032113
-218.298357,32,11289.166023
95.165221,36,11289.314883
-182.47279,42,11289.485773
-355.774886,37,11289.635335
-160.658207,51,11289.854131
-126.89954,33,11289.991184
-252.663232,36,11290.147006
-582.550947,68,11290.427927
-159.706707,35,11290.565153
-218.368826,45,11290.759662
-266.508548,28,11290.908902
-135.626203,37,11291.083271
-136.457135,34,11291.224925
-135.770635,34,11291.374448
-256.355115,37,11291.538128
-262.599096,25,11291.639834
-356.818045,37,11291.792096
-254.809977,23,11291.886366
-128.831112,21,11291.977648
-263.768394,52,11292.194891
-70.270464,26,11292.309285
-733.846066,101,11292.748707
-346.52114,42,11292.933995
-144.177074,34,11293.076646
-659.302882,101,11293.506151
-161.210551,26,11293.615664
-253.925226,37,11293.774594
-144.155391,35,11293.918875
-57.285484,24,11294.016551
-351.757797,37,11294.177962
-220.904124,19,11294.256261
-473.998817,68,11294.541218
204.112773,53,11294.755352
-138.337502,86,11295.12128
-500.603168,101,11295.542873
-245.359457,43,11295.723298
-98.949516,29,11295.849383
-186.778916,29,11295.970996
-307.155064,44,11302.119197
-126.585198,20,11302.216401
-67.089551,27,11302.334085
199.242002,23,11302.433463
-257.077927,24,11302.529515
-57.080777,37,11302.687789
-227.322998,33,11302.826042
-112.231072,33,11302.965196
-183.808465,38,11303.129189
-63.955685,54,11303.34385
-558.302645,62,11303.614753
-237.271442,23,11303.712942
-46.229389,36,11303.863022
191.141302,20,11303.950924
-224.380094,32,11304.084307
-402.534832,55,11304.318816
-522.701522,101,11304.749021
-314.297418,33,11305.021391
-371.146988,37,11305.187492
120.735685,46,11305.382429
-38.811835,23,11305.480739
-223.890445,32,11305.618105
-204.714182,29,11305.733622
-354.083376,68,11306.024196
79.222777,35,11306.175113
17.420568,47,11306.39624
-48.724049,25,11306.521319
-251.100231,24,11306.644027
203.098439,23,11306.75286
-374.955976,56,11307.00646
-106.091754,44,11307.181651
-228.650559,19,11307.265666
-357.658249,51,11307.481685
-242.617736,49,11307.687251
-290.084571,44,11307.873498
-250.918539,23,11307.973021
-145.200761,35,11308.111376
-396.125556,42,11308.282645
-104.637417,43,11308.464973
-276.997904,40,11308.644025
-98.119116,44,11308.836653
-276.478907,39,11308.999144
-221.369632,44,11309.181772
-384.432417,44,11309.366083
-113.512674,18,11309.441495
-244.083528,24,11309.551816
-305.461635,30,11309.686028
-228.926984,48,11309.887489
-197.952808,29,11310.012346
-153.933109,25,11310.124101
193.310791,20,11310.208024
-277.581107,58,11310.453206
-366.418779,37,11310.696362
-187.7213,59,11311.160026
-258.332397,38,11318.62724
-298.05141,30,11318.772374
-389.450301,40,11318.943767
-252.093434,37,11319.10095
-121.515332,33,11319.243244
-107.071423,42,11319.415346
-202.240387,29,11319.533288
-271.182381,37,11319.687106
-459.64002,101,11320.119465
-156.017251,37,11320.279363
-310.954588,34,11320.421732
-233.929772,34,11320.567264
-323.741377,64,11320.844484
-288.225897,29,11320.97749
-227.486047,19,11321.086379
-210.696687,44,11321.317972
-8.624057,31,11321.457261
-116.25626,34,11321.608679
-324.908617,61,11321.884802
182.339706,25,11321.988508
-671.015169,90,11322.366029
-210.797842,33,11322.505762
-143.500828,35,11322.659408
-147.439294,23,11322.750986
-119.005797,19,11322.835769
-176.188064,27,11322.949842
71.092426,22,11323.042609
3.092409,30,11323.163533
-735.696447,101,11323.586567
-206.489684,45,11323.773347
-159.375795,26,11323.883761
-248.244103,35,11324.026245
-129.684585,45,11324.21391
-111.963366,18,11324.28807
-261.603621,27,11324.400506
-212.779959,31,11324.529732
-298.495998,44,11324.714703
-49.005125,22,11324.804846
-348.806674,36,11324.961291
-368.852597,55,11325.205114
-328.010177,32,11325.335112
-299.1187,30,11325.459039
-186.536468,27,11325.579647
-254.548764,35,11325.722162
-379.907962,40,11325.893984
-52.026191,41,11326.265973
-327.71762,46,11326.456417
-268.666937,26,11326.558882
-105.304528,53,11326.783289
-133.421052,33,11326.920627
-416.655446,62,11327.17918
-298.366861,40,11327.345055
-396.147006,43,11336.424611
-184.691484,41,11336.646037
-318.547189,44,11336.843488
-412.3973,63,11337.11241
-213.300321,32,11337.248183
-281.235409,43,11337.439274
-266.721214,56,11337.677613
-124.158717,32,11337.809535
-169.161297,41,11337.986583
-99.390525,41,11338.166968
-148.794475,22,11338.273986
-546.332156,101,11338.69223
-273.211182,40,11338.858505
-250.184785,39,11339.037746
-87.275015,29,11339.162873
-182.645661,28,11339.279412
-136.000009,22,11339.371415
-141.461968,23,11339.466201
24.961249,30,11339.581911
60.153482,40,11339.75089
-74.198284,26,11339.86456
12.368846,31,11339.991993
-122.338828,20,11340.069564
-373.958045,63,11340.33712
-129.143723,20,11340.419185
-81.914687,27,11340.52865
-237.919412,22,11340.612426
-347.820744,50,11340.824806
-361.613333,52,11341.046464
195.563321,36,11341.199563
-39.13598,49,11341.411025
-216.910817,32,11341.54959
-231.555113,21,11341.640288
-231.585815,37,11341.819435
-56.191169,42,11342.013021
-212.409137,45,11342.19904
109.079423,50,11342.403398
-237.097784,37,11342.559642
-209.764907,45,11342.744786
-351.314908,37,11342.899441
-355.924264,36,11343.054677
-292.556825,29,11343.180296
-154.258354,38,11343.339863
-247.189386,39,11343.497696
-198.355397,29,11343.621936
-148.198116,34,11343.806717
-49.645987,49,11344.039876
-225.974553,49,11344.274719
-266.826357,41,11344.480631
-191.395833,41,11344.905205
89.154954,23,11345.517219
-251.537274,36,11346.439158
61.659203,40,11346.871413
-102.680093,29,11347.252615
-751.443242,84,11357.686035
-402.18436,70,11357.986137
-113.707339,32,11358.113911
-510.236339,62,11358.36957
-307.86161,42,11358.548759
-208.010325,33,11358.683788
-157.142255,24,11358.782046
-70.398341,26,11358.887467
-33.513553,37,11359.04744
-243.806092,61,11359.307313
-615.409803,65,11359.577808
-214.000678,57,11359.807679
-765.162553,88,11360.190426
-242.634243,49,11360.400282
-621.501335,91,11361.057865
-112.294912,60,11361.338441
-260.723929,38,11361.529846
-55.90196,24,11361.643058
-139.33457,22,11361.737031
-115.22943,32,11361.876317
-309.577877,59,11362.122309
-274.175241,27,11362.27377
-63.42264,25,11362.403291
-284.934799,29,11362.562928
-91.963866,29,11362.724444
-430.646774,101,11363.171842
112.110689,47,11363.374383
-165.674704,50,11363.581949
-11.406613,38,11363.744121
-291.871015,41,11363.913659
-403.395891,74,11364.204827
-257.843847,61,11364.47112
-279.860152,44,11364.651426
-52.669052,24,11364.757821
-502.01751,51,11364.970467
-232.204199,34,11365.10693
-148.45902,35,11365.248187
117.024964,28,11365.367343
-135.640328,34,11365.514651
31.578553,41,11365.685198
-256.511852,23,11365.782985
-485.92575,90,11366.172723
-188.055688,41,11366.34468
-320.805478,33,11366.518161
-129.729308,33,11375.07477
-189.306685,31,11375.234748
-540.824794,72,11375.588355
-257.064291,35,11375.75078
-427.855071,77,11376.088601
-361.174507,37,11376.24035
226.923181,27,11376.348212
-59.232778,40,11376.509431
-411.01289,101,11376.918569
-314.547297,45,11377.107196
-448.59051,63,11377.403014
-210.283093,32,11377.597785
-74.154928,27,11377.749614
-287.138504,29,11377.920522
-435.718938,72,11378.323397
-226.763565,19,11378.417494
28.419353,38,11378.590821
-324.875149,46,11378.801405
-350.480971,55,11379.03874
-321.589739,38,11379.189188
-270.0374,38,11379.348208
-151.522972,22,11379.43583
-431.197374,72,11379.740669
-299.186357,30,11379.863434
-258.882264,50,11380.085545
-300.009585,57,11380.330152
-232.82031,46,11380.527309
-111.594553,31,11380.65697
-242.856013,49,11380.864705
-474.578147,67,11381.145051
-330.206069,37,11381.306039
-267.561394,26,11381.421557
-710.680159,101,11381.845622
45.079199,40,11382.024675
-71.235514,26,11382.134567
-122.66448,32,11382.268024
-221.428186,48,11382.481288
-138.834799,23,11382.580087
-224.446833,32,11382.71543
-231.11828,47,11382.917909
-208.791426,58,11383.161074
-351.482809,37,11383.475894
-376.354334,53,11383.691471
86.288731,31,11383.82615
-162.557556,24,11383.927787
-378.271061,45,11384.10886
-405.716948,73,11394.415062
-270.032249,41,11394.818119
-329.511011,48,11395.158429
-639.602917,101,11395.667444
-549.313484,66,11395.953239
-221.494615,20,11396.036474
-220.904094,34,11396.178023
-314.893678,57,11396.427779
136.111945,41,11396.607843
-118.91275,45,11396.800651
-222.695238,19,11396.879683
-99.636813,30,11397.009325
-259.377894,37,11397.166134
-302.647147,30,11397.293914
-341.069435,46,11397.483571
-287.067209,32,11397.617233
-165.289156,40,11397.78045
94.848674,24,11397.892662
-157.013547,23,11397.985478
-141.787359,22,11398.079798
278.636982,55,11398.3133
85.39658,31,11398.443133
-181.579616,30,11398.565407
-252.864138,37,11398.721806
-340.490874,50,11398.927776
-264.773065,37,11399.086699
-96.414554,30,11399.217068
-240.797067,47,11399.416919
-339.340613,57,11399.660923
-121.620705,20,11399.751556
-265.386053,25,11399.85856
-351.914846,35,11400.009943
-320.180416,46,11400.202921
-149.499567,22,11400.292489
103.297369,37,11400.446891
-189.601068,42,11400.628508
-271.722756,37,11400.785027
-294.598025,43,11400.969462
21.782986,54,11401.204422
-165.032574,25,11401.310526
-172.952921,50,11401.518521
-283.004925,39,11401.686966
-266.160151,45,11401.872052
-220.813483,52,11402.099861
-164.822223,38,11402.259008
-193.236858,28,11402.372942
-225.346042,85,11402.726962
-258.638897,55,11402.964995
-408.192955,69,11403.253136
-190.570976,29,11409.384927
196.698128,19,11409.500956
-670.49131,101,11409.944598
-232.319855,20,11410.021297
-166.280641,37,11410.177065
-301.979144,42,11410.351722
-192.314806,41,11410.520389
-121.299379,21,11410.60285
-278.055589,59,11410.855198
-462.808403,64,11411.114102
-223.127802,18,11411.186377
-212.626661,45,11411.375258
-240.509976,47,11411.575406
-183.313568,28,11411.69221
-189.242299,47,11411.889399
-171.065232,26,11411.997154
-42.816728,35,11412.143201
-243.024208,48,11412.350524
-67.301351,26,11412.466756
-190.943326,44,11412.650516
-214.478178,44,11412.852421
-389.095042,79,11413.371836
-261.200607,39,11413.550047
-105.11319,30,11413.677649
-176.770793,27,11413.788956
-214.81745,44,11413.986901
-358.868434,40,11414.160638
-411.86002,41,11414.329029
-269.552043,28,11414.451721
-444.738421,67,11414.797686
-262.866282,25,11414.92796
-429.788497,45,11415.124965
-466.365415,54,11415.361906
-131.462862,36,11415.508392
-177.436068,27,11415.619871
-311.517162,42,11415.796987
-225.091316,32,11415.936474
-326.456025,72,11416.244662
-100.873743,45,11416.439136
-24.242783,32,11416.582071
-355.777469,35,11416.741348
-143.311291,35,11416.892337
-222.110164,20,11416.976696
90.829456,34,11417.118239
-62.884767,25,11417.224486
-247.036318,49,11417.434099
-260.134678,24,11417.530767
-218.251834,45,11417.727922
-333.375857,59,11417.98711
-264.924568,71,11418.284667
-280.292526,30,11425.749608
-287.032256,41,11425.962772
-225.410768,36,11426.116884
-268.719729,38,11426.270683
183.897944,50,11426.487338
-149.435705,22,11426.582617
-342.309363,33,11426.72217
-358.976316,37,11426.880619
-393.964603,39,11427.046001
-264.211026,38,11427.203027
-383.004363,55,11427.423019
-312.530468,49,11427.624316
-68.009357,38,11427.779041
-130.819061,36,11427.929264
-359.437482,67,11428.211606
-154.966881,49,11428.418426
88.931515,34,11428.573261
-341.581753,60,11428.81631
-275.654892,25,11428.923911
-219.185975,32,11429.059342
-175.863259,27,11429.169679
-428.057514,48,11429.367691
-272.716923,28,11429.486152
-419.782864,62,11429.744575
-355.740811,63,11430.017312
-390.925729,41,11430.192223
-116.79644,34,11430.331664
-147.684228,23,11430.427972
-170.332698,39,11430.591212
-199.896779,29,11430.710664
-416.438685,81,11431.05503
-327.162508,38,11431.217085
-127.749318,33,11431.356419
-226.902507,60,11431.611214
-231.370219,20,11431.689045
-348.808937,35,11431.823094
124.582178,33,11431.96622
-778.775006,101,11432.393993
-321.936356,50,11432.607029
-142.722096,23,11432.700775
-26.734812,35,11432.838804
-385.144263,56,11433.084131
-168.254305,25,11433.186568
203.943549,23,11433.279075
-104.583572,33,11433.424511
-267.604931,28,11433.544571
-231.324498,50,11433.755628
-198.978225,43,11433.937007
-166.102002,73,11434.527116
33.021544,44,11442.201449
160.379546,24,11442.442459
-246.057101,23,11442.664794
76.491692,35,11443.094327
-136.600752,23,11443.335886
-549.264115,75,11444.270762
-156.147953,40,11444.610223
-89.365099,43,11444.910418
-95.665213,43,11445.151252
-133.186061,33,11445.289133
-225.646335,32,11445.432695
-178.632062,39,11445.60747
-152.546649,36,11445.760805
-30.152673,34,11445.907414
192.754758,20,11445.994647
-9.271376,34,11446.144567
-330.290799,45,11446.343747
-314.938511,34,11446.487923
-363.923224,69,11446.781404
-313.173584,43,11446.962
-147.329236,24,11447.058253
-259.338509,39,11447.222926
201.488811,31,11447.352277
-204.008478,43,11447.539023
-224.639674,19,11447.613028
-274.079739,45,11447.813369
-167.488561,52,11448.028649
-296.736809,28,11448.15411
-176.247074,26,11448.257483
-664.186247,101,11448.703581
-67.896272,41,11448.874718
-198.031791,42,11449.047246
-249.708486,39,11449.208208
-235.268496,34,11449.349284
-653.094948,88,11449.740001
-358.575402,38,11449.902807
-595.6418,101,11450.338698
-146.421321,35,11450.483326
-106.120009,60,11450.722444
-392.877927,46,11450.912048
-215.946992,31,11451.039918
226.305126,27,11451.154913
-361.016015,36,11451.313375
-304.761609,29,11451.435379
-116.148099,32,11451.569204
-26.277858,32,11451.704677
68.21878,37,11451.873938
71.854064,36,11452.02411
-159.896533,41,11452.199629
-377.076713,40,11452.383743
-580.372714,101,11458.94507
-236.629371,40,11459.113164
-141.527734,23,11459.212794
-132.023944,46,11459.418509
-324.015477,33,11459.553235
88.994063,34,11459.693146
-229.22847,33,11459.827844
-312.292917,34,11459.972121
-434.809993,101,11460.395267
-455.77711,53,11460.628887
-147.941737,35,11460.768957
-267.455355,38,11460.925603
-267.656718,53,11461.147327
-148.210259,39,11461.313229
-370.707079,55,11461.543454
-226.625025,19,11461.621335
171.416128,23,11461.720286
-393.789998,69,11462.037428
-302.393879,43,11462.221294
-240.614659,22,11462.310445
-262.13587,37,11462.466668
-284.469739,28,11462.581499
98.72722,21,11462.667542
-566.116364,101,11463.2518
-283.191829,61,11463.523133
-268.573253,27,11463.638523
-636.082361,95,11464.027963
-103.002454,29,11464.154904
-434.903555,46,11464.365208
-76.96551,30,11464.515843
46.968935,23,11464.624569
-310.150544,44,11464.84593
225.05,32,11464.979275
-248.574718,37,11465.137868
-239.712122,36,11465.288744
-241.290639,34,11465.437904
-311.78764,30,11465.566914
-147.141023,49,11465.772679
-231.430858,45,11465.960271
-284.72049,27,11466.07339
-144.84219,38,11466.236725
-63.821559,25,11466.350822
-280.114336,26,11466.456159
9.170177,65,11466.734992
-367.917562,53,11466.957628
89.254476,57,11467.203063
-192.618403,55,11467.432443
-329.638806,47,11475.544242
-145.350848,35,11475.736248
-88.434387,44,11475.943888
-387.467997,67,11476.221183
-121.32071,32,11476.357343
-100.156679,29,11476.480062
-347.771975,52,11476.701136
-470.587341,63,11476.966816
103.126798,65,11477.236884
-167.896856,39,11477.402121
-579.79205,101,11477.830865
214.847396,29,11477.958005
-568.32782,81,11478.29479
-220.768887,58,11478.544331
-181.389556,83,11478.883478
-129.799253,22,11478.974522
-287.054982,55,11479.214846
-460.498755,76,11479.517732
-268.25366,39,11479.678168
-285.172303,26,11479.786028
-212.820292,45,11479.974491
-289.978503,33,11480.110518
-76.801223,53,11480.330253
-114.87544,32,11480.45776
-352.366743,38,11480.615157
-278.76849,57,11480.843851
-122.062011,34,11480.984762
-149.424616,37,11481.134636
-409.031457,43,11481.316423
-162.558881,47,11481.511724
96.239975,33,11481.642153
-364.729383,37,11481.78719
-12.965237,31,11481.918586
197.657954,24,11482.016857
-403.044201,55,11482.245748
-264.24362,37,11482.394502
-211.921416,31,11482.521767
-352.772778,37,11482.682381
-344.680905,35,11482.825562
-525.427991,101,11483.249584
-591.092511,101,11483.66564
-345.821542,34,11483.803303
-217.027053,19,11483.882899
-280.395425,83,11490.364046
-138.981001,35,11490.517221
171.381834,34,11490.658572
-145.023412,35,11490.802059
-120.159165,32,11490.937681
-344.980718,48,11491.140943
-123.122072,32,11491.271303
-228.585112,46,11491.467122
-415.146118,101,11491.888389
-43.167717,22,11491.998717
-150.70843,22,11492.09046
336.200164,28,11492.225098
-392.921897,53,11492.469988
-138.953464,24,11492.5795
115.918635,63,11492.848411
-240.701429,37,11493.003283
-289.099147,52,11493.220893
-91.876413,44,11493.40689
-259.815041,35,11493.554861
-260.023542,54,11493.783848
-50.59378,72,11494.093174
-425.896513,45,11494.288152
-131.423059,33,11494.441638
-235.44473,20,11494.52886
-157.086299,23,11494.632445
-162.931196,42,11494.810707
-605.599058,100,11495.238835
215.04372,40,11495.416649
-58.051558,56,11495.655523
-37.431664,41,11495.821155
-168.203133,25,11495.925318
-41.392948,37,11496.077597
-242.493939,35,11496.274238
-258.805096,25,11496.412568
-202.489873,31,11496.58475
-496.894045,57,11496.980522
-353.629965,37,11497.284548
-231.114717,59,11497.959199
-216.187806,47,11498.484108
-307.432615,58,11499.143466
-276.365692,40,11499.541402
-246.773003,49,11500.027829
-313.984279,31,11500.378246
-512.802107,82,11501.193322
-232.699832,47,11501.447103
-208.928911,48,11501.711561
-248.250944,24,11501.833439
-151.210886,34,11507.891522
-193.96179,42,11508.100959
-90.678966,30,11508.231303
-348.804498,37,11508.384523
-222.884706,88,11508.749663
-668.774362,101,11509.172117
-94.716519,30,11509.294522
-163.416163,24,11509.393706
-87.210521,40,11509.559481
-102.779142,31,11509.694603
-280.209252,101,11510.136244
-230.747021,33,11510.268658
-150.802881,61,11510.519086
-52.689693,24,11510.616085
-21.196738,33,11510.752955
-316.743344,57,11510.98586
-97.988204,29,11511.109486
-103.124674,30,11511.233556
-352.442196,49,11511.4351
-148.211905,49,11511.633936
-85.473365,42,11511.812847
-238.811915,46,11512.001279
-746.026936,101,11512.563465
-237.685171,67,11512.849654
-238.083837,35,11513.001887
-131.221073,37,11513.15303
-216.881849,46,11513.337725
-111.899163,33,11513.474416
-288.445097,89,11513.850047
-258.966934,23,11513.951803
-220.546235,48,11514.152085
-210.392727,32,11514.295968
-128.189899,37,11514.457581
-133.027554,36,11514.604864
83.543008,20,11514.691566
-178.620354,65,11515.030261
-182.872169,28,11515.162073
-342.601014,62,11515.438412
67.871983,35,11515.589232
-184.139376,29,11515.71051
-347.637775,101,11516.139772
-252.676378,62,11516.399864
-294.255434,47,11516.595964
-352.610813,37,11525.272941
-382.528579,66,11525.561682
-430.775781,44,11525.742153
-276.424412,28,11525.854731
-351.47392,36,11526.00508
-252.554605,37,11526.156163
-371.883119,37,11526.30591
87.113874,33,11526.445281
-199.36766,32,11526.578556
-367.980564,37,11526.725644
-74.52135,39,11526.881088
-174.9886,27,11526.990007
-336.182921,51,11527.198769
70.61892,34,11527.338347
37.267441,29,11527.454588
-52.973768,40,11527.616245
-224.230587,35,11527.756718
-92.325229,30,11527.881684
-270.311273,49,11528.085942
-613.479911,93,11528.516238
-79.132479,39,11528.669864
-239.617061,36,11528.821331
-229.137367,35,11528.9681
-259.564697,23,11529.06515
-193.884339,29,11529.176856
-214.244169,45,11529.358896
-252.347929,50,11529.568827
-258.525445,40,11529.734015
-249.074343,35,11529.874218
-333.398604,50,11530.081908
-172.683876,75,11530.392855
-673.054378,101,11530.807478
-142.63211,35,11530.946076
-577.528069,61,11531.191601
-409.737886,44,11531.372151
-142.077769,23,11531.466599
-223.428396,53,11531.681487
-264.351078,37,11531.82691
-370.073712,37,11531.977651
-76.120938,29,11532.099123
49.746074,23,11532.194557
-284.740803,30,11532.31468
-137.257843,24,11532.414614
-297.592844,84,11532.800606
-272.884733,53,11533.036848
-266.965816,25,11533.151544
-184.579862,57,11533.38781
-226.982637,20,11533.466556
-72.50363,27,11533.576476
-317.391156,101,11540.234677
-300.364133,44,11540.443389
-332.696124,48,11540.796604
-693.994712,85,11541.156283
-282.703605,27,11541.272906
-262.263965,37,11541.422048
-191.21554,41,11541.596353
-151.711418,35,11541.740416
-248.298624,48,11541.966163
-254.679476,24,11542.075767
-124.221284,34,11542.268364
-239.639823,22,11542.36532
-231.177583,46,11542.562257
-102.76591,43,11542.747056
-146.3006,37,11542.905317
104.047532,38,11543.074005
-208.451126,31,11543.202861
-343.658623,34,11543.343322
-320.647353,45,11543.53495
-422.810142,46,11543.73874
-261.576988,37,11543.893387
-365.899884,39,11544.062125
-125.634131,47,11544.257192
-370.287659,37,11544.414176
61.620671,34,11544.567369
-224.317102,33,11544.705764
-90.647401,41,11544.876136
-227.908775,36,11545.029027
-269.894526,38,11545.18936
-126.731149,35,11545.331519
-10.907591,34,11545.475229
-305.110596,46,11545.671881
-241.517597,35,11545.822531
-12.527502,34,11545.960974
-196.392735,43,11546.186419
-373.804621,37,11546.38854
-58.425907,24,11546.557709
-237.818421,47,11546.927449
-125.069637,45,11547.275232
-245.328719,35,11547.53977
-267.702609,26,11547.744103
-92.769345,28,11547.967694
-187.171981,42,11548.256926
-200.808167,44,11548.526035
185.234269,25,11548.704254
109.311338,31,11548.940826
127.100007,31,11549.145792
-324.303255,58,11549.48899
-128.145275,33,11549.639641
-78.794671,28,11549.761384
-357.718149,37,11549.919716
-311.032259,30,11550.044145
-265.585284,52,11555.822908
-165.053026,26,11555.968663
-625.596217,100,11556.386256
-252.613646,51,11556.589776
-68.581858,39,11556.752912
-322.768174,45,11556.944134
-319.578507,60,11557.191597
-98.62371,30,11557.312046
-343.126816,52,11557.53693
-286.548281,40,11557.706154
-252.150467,39,11557.879507
-216.761711,31,11558.001026
-179.223152,27,11558.116329
-680.303815,101,11558.575309
-286.477858,42,11558.755002
-368.59271,66,11559.033574
-350.5792,37,11559.181802
-181.528686,43,11559.358724
-581.990017,78,11559.682105
-64.735869,25,11559.787093
-269.32929,39,11559.948943
-9.63398,30,11560.073312
-90.312327,30,11560.197041
-436.720702,49,11560.403152
-324.788764,47,11560.618932
-113.504687,66,11560.920079
-353.177522,47,11561.261449
-61.922217,41,11561.436101
-291.168452,42,11561.617812
-193.98496,41,11561.793741
-303.332208,30,11561.922191
23.059631,42,11562.097474
-492.329863,101,11562.555788
-254.702419,40,11562.745709
-189.815067,41,11562.925732
-473.935031,54,11563.161284
-441.540017,51,11563.376965
-516.27448,73,11563.681746
-367.39954,39,11563.849115
-261.660693,49,11564.059233
-247.640956,39,11564.224717
-15.418606,32,11564.352873
-71.348237,40,11564.522169
-427.936958,62,11572.442705
-232.736944,21,11572.543855
-41.85444,46,11572.748651
202.372341,32,11572.882985
-350.067546,44,11573.065483
-282.136111,41,11573.24392
-225.590926,45,11573.424769
-200.398995,30,11573.547908
-400.113633,69,11573.835192
92.946487,76,11574.156913
36.700459,41,11574.320723
-165.356309,26,11574.428514
-79.428945,54,11574.652564
-303.751214,47,11574.871105
-165.35666,26,11574.979169
8.537548,44,11575.163339
-157.20512,24,11575.267063
-130.170473,22,11575.35367
-309.211617,45,11575.53512
-136.131742,48,11575.730345
-261.199889,52,11575.942462
-178.586634,26,11576.050098
-131.012145,34,11576.198327
198.427024,25,11576.302838
-231.211172,61,11576.562286
-89.942641,30,11576.685733
-177.114024,26,11576.795158
-358.096317,49,11577.006853
-135.340515,35,11577.156131
-330.273664,36,11577.298503
-416.02536,46,11577.486325
-185.146822,29,11577.608916
-478.981169,101,11578.029412
-278.449053,52,11578.247603
-317.262204,33,11578.386556
-136.304252,21,11578.506741
-383.199575,37,11578.676609
-222.162047,32,11578.805939
-632.561599,93,11579.186949
-103.859089,30,11579.316215
-375.350104,54,11579.546488
-641.773289,101,11579.947593
-233.54534,48,11580.143575
-350.996593,37,11580.30782
-264.159184,27,11580.417992
-655.451139,101,11580.84209
-192.035411,44,11586.755011
-119.144013,19,11586.86583
-8.448477,30,11587.00037
-87.255367,43,11587.17854
-569.989331,68,11587.458099
-489.95213,55,11587.687691
-331.157051,38,11588.033528
-173.026384,26,11588.140355
-96.969472,45,11588.33693
46.732703,23,11588.437172
-570.135366,101,11588.858537
-486.210567,87,11589.263757
-65.459691,26,11589.384285
1.848168,47,11589.60506
-119.21904,20,11589.692447
-145.691452,23,11589.785372
-178.593772,29,11589.909227
-305.567805,31,11590.091682
-389.509067,56,11590.40178
-563.400797,101,11590.838277
-334.052091,47,11591.035348
-103.510658,31,11591.16206
-156.926043,27,11591.286781
-246.04705,49,11591.49586
65.297649,71,11591.785262
-206.352034,33,11591.919447
-163.381657,24,11592.02129
-194.75207,31,11592.143844
-230.533845,21,11592.234544
-237.111228,23,11592.331505
-243.326403,33,11592.474454
-217.957435,32,11592.607225
-46.915529,35,11592.76245
-295.424069,29,11592.889262
-151.138354,22,11592.983527
-250.811298,25,11593.088274
-211.713715,43,11593.267786
-133.593473,21,11593.374304
-254.765185,39,11593.597948
-353.076228,37,11593.828848
-564.693492,65,11594.386868
-629.827286,101,11595.268932
-234.869761,49,11595.599681
-300.926398,43,11595.817952
-265.033965,39,11596.001778
-325.351436,36,11596.155612
-84.589147,29,11596.283398
-342.449721,64,11596.557892
-340.870288,49,11596.765261
-154.314906,37,11602.391011
-291.939908,29,11602.543478
-426.304398,101,11602.956862
-356.425653,53,11603.181213
166.305476,23,11603.272753
-134.734329,23,11603.369762
-539.769275,101,11603.77988
-320.548081,32,11603.915345
-243.576076,48,11604.118559
-141.820495,22,11604.20991
-97.095773,43,11604.386601
390.868417,65,11604.651161
-406.826026,101,11605.079528
-427.033049,47,11605.279805
-99.204175,29,11605.409654
-287.626915,40,11605.580822
-178.26183,52,11605.795526
-121.092054,20,11605.880967
-227.042836,37,11606.039414
4.025064,31,11606.170543
-357.927357,35,11606.310839
-140.461402,38,11606.475436
-282.023445,55,11606.702959
-329.745828,45,11606.896972
-29.749267,34,11607.047077
-138.658393,55,11607.282187
-355.098558,49,11607.482089
-70.754553,25,11607.584928
-230.779094,62,11607.951197
-145.700672,22,11608.042209
-232.474594,35,11608.195109
-104.366964,44,11608.378521
-112.376566,18,11608.449736
36.805426,30,11608.575556
-119.849699,32,11608.714115
-269.473899,41,11608.888413
-335.721154,33,11609.029198
-228.236001,35,11609.183303
-356.388908,37,11609.357005
30.116151,38,11609.547224
-266.106652,50,11609.761701
-217.084069,66,11610.034911
-98.488865,32,11610.166743
-255.447086,37,11610.322116
-140.01252,38,11610.480371
-335.715646,48,11610.68964
-349.80301,62,11610.957696
5.818225,64,11618.708113
-266.242605,101,11619.13841
-190.345914,41,11619.313318
-236.735832,79,11619.644989
-342.252877,36,11619.800247
-414.508195,44,11619.979208
-385.12217,42,11620.153493
-358.041642,66,11620.429722
-22.766721,36,11620.578117
-317.56942,45,11620.775145
-228.419336,21,11620.870104
-389.61109,40,11621.040269
-113.71521,35,11621.186265
-111.532404,31,11621.313858
-283.819821,28,11621.431885
-190.386928,41,11621.601505
-64.914568,25,11621.702807
85.294586,40,11621.878113
-259.521425,38,11622.036702
-74.666828,26,11622.140782
-152.867066,27,11622.253192
-136.816257,21,11622.344256
-382.285507,53,11622.559274
-87.577908,28,11622.680789
5.960026,41,11622.857212
-139.911625,49,11623.068948
-142.136496,24,11623.170105
-236.567241,48,11623.362915
-374.565029,51,11623.572236
-146.590352,23,11623.668665
-314.293859,46,11623.865151
-132.880361,34,11624.011229
-278.689194,26,11624.117046
-253.784241,51,11624.337983
-103.186903,30,11624.468273
-125.472576,32,11624.614758
-385.837031,57,11624.856943
-164.527996,27,11624.97468
-439.932164,73,11625.281129
-303.168184,58,11625.518177
-241.768168,24,11625.620972
-279.306792,44,11625.804972
-270.852841,37,11625.963135
-279.054378,40,11626.134731
-227.114278,33,11626.271177
-288.548902,32,11626.4078
-293.721056,53,11626.627471
-135.185969,23,11626.727893
-204.804317,31,11626.857143
-53.294793,23,11626.954642
-112.916614,33,11627.09647
-275.717595,41,11632.975753
194.36029,20,11633.100266
-111.595579,58,11633.363099
-117.102889,45,11633.552338
-258.957423,38,11633.711569
-337.114429,39,11633.879143
-272.230995,27,11633.99746
-238.973201,47,11634.195401
-73.559427,26,11634.300212
-139.735933,22,11634.392705
-348.309126,48,11634.761861
-319.078719,33,11634.901531
140.242216,28,11635.022015
-92.196812,42,11635.204962
-120.801396,19,11635.283379
-236.115825,33,11635.415842
-262.109038,70,11635.712083
-231.830942,22,11635.809834
-379.173564,101,11636.254907
-349.214309,36,11636.413851
-131.173548,48,11636.640765
-217.483511,48,11636.851146
-78.827611,27,11636.964687
192.755858,23,11637.064867
-123.545901,58,11637.304931
-528.135273,101,11637.741383
-160.371831,36,11637.892184
-717.270059,86,11638.262783
-78.74307,43,11638.452322
-126.937872,45,11638.648341
-182.522969,41,11638.825452
-139.99568,22,11638.913939
-310.625473,57,11639.150937
-149.818199,53,11639.363289
-177.991419,27,11639.4783
-158.22107,50,11639.676506
-256.561719,37,11639.830359
-377.592176,39,11639.997056
-240.579086,49,11640.203347
-491.427975,53,11640.464223
-241.925779,48,11640.729084
-123.120136,21,11640.853686
-106.002029,42,11641.265809
-161.210029,24,11641.453153
-120.163478,20,11641.596922
-281.853064,41,11641.856284
-219.236883,33,11642.086932
-264.200912,27,11642.292512
-462.389876,101,11648.815604
-18.608945,37,11649.012039
-19.491916,34,11649.16304
-215.293756,44,11649.346622
-78.094371,27,11649.462424
-347.760638,49,11649.666395
194.125862,22,11649.758487
63.333439,72,11650.066333
-231.824331,46,11650.260335
-511.628182,64,11650.526081
186.511535,19,11650.604263
-251.530364,37,11650.756662
-72.354304,26,11650.864671
-351.700127,37,11651.01999
-108.998937,30,11651.145042
-105.115348,30,11651.269247
-287.057698,41,11651.442498
-358.799396,38,11651.607234
-154.681063,37,11651.761828
-81.298388,27,11651.882876
-111.93632,44,11652.070966
-227.660115,21,11652.158885
-486.811506,49,11652.354335
-357.747059,37,11652.517562
-254.484637,37,11652.695628
-86.957657,42,11652.881866
-190.652572,31,11653.014777
-483.818295,101,11653.455565
22.324889,50,11653.67393
-456.536728,57,11653.91722
154.765761,25,11654.026479
-128.12732,99,11654.454497
-62.179249,25,11654.558447
-254.494824,37,11654.710349
-51.576439,24,11654.807808
-203.904386,30,11655.062375
-146.376394,23,11655.163365
-109.585022,56,11655.395441
-130.718163,38,11655.557206
-308.310965,50,11655.764674
-159.069667,24,11655.867701
-387.755438,56,11656.12193
-24.556641,21,11656.228179
-269.646511,39,11656.406384
-285.827344,41,11656.613473
-355.671036,37,11656.770743
-95.867508,29,11656.893511
-90.773355,28,11657.012867
-368.1977,37,11657.173078
-521.756724,101,11657.605045
-572.592052,60,11665.393724
-174.195141,40,11665.57584
-99.657366,30,11665.698799
-248.802381,22,11665.791092
-170.754229,37,11665.946386
-205.0372,54,11666.179331
-159.176852,24,11666.277994
-120.653373,45,11666.475847
-502.10381,92,11666.876953
-357.634461,62,11667.134208
-324.950763,56,11667.362392
125.722768,59,11667.603584
46.269084,23,11667.699476
-325.049702,32,11667.830852
-144.612045,61,11668.099822
170.151713,22,11668.195544
186.973443,19,11668.273999
-165.095891,37,11668.426152
-99.784871,45,11668.609105
-491.133104,66,11668.895711
-301.628637,56,11669.125381
-226.57925,53,11669.339855
-362.537973,37,11669.495137
-303.683795,43,11669.675314
-244.125234,22,11669.766636
-253.743273,39,11669.929715
-99.967739,31,11670.058038
-213.92782,34,11670.194672
-98.092999,29,11670.317924
-148.314602,22,11670.405878
-332.353331,50,11670.614979
-260.47659,37,11670.766838
-375.396794,101,11671.196248
-601.974911,67,11671.478558
-147.133596,23,11671.571359
-373.425585,37,11671.715842
-362.115352,37,11671.869768
-157.351314,23,11671.971377
-608.756239,75,11672.271121
-372.97158,68,11672.543243
-190.779735,39,11672.70907
-200.465004,54,11672.931238
-341.768594,54,11673.157772
-158.129289,24,11673.258131
-327.250567,46,11673.444794
-101.02487,29,11673.565748
-153.377813,37,11673.721294
-228.482054,20,11679.689719
-91.273262,31,11679.882138
34.797183,49,11680.110976
-97.250973,29,11680.235067
-188.622676,29,11680.359634
-235.605163,36,11680.506058
-1.178149,33,11680.645491
-227.992117,48,11680.853921
-404.617974,101,11681.285534
-130.156302,60,11681.545811
-213.977221,45,11681.872436
-318.007881,64,11682.152322
-430.62134,101,11682.607499
-328.263378,34,11682.755212
-67.552553,42,11682.939377
-529.690145,60,11683.208328
-208.834058,33,11683.366971
-141.662958,35,11683.520542
-85.260553,30,11683.655121
-600.771385,101,11684.093004
-368.9155,37,11684.250817
-382.736015,40,11684.41944
-165.034184,25,11684.523627
-176.245089,42,11684.696056
-226.239662,35,11684.846223
-193.793791,31,11684.980326
-253.747476,52,11685.196611
63.710918,37,11685.356058
-331.013933,33,11685.495805
-58.629894,48,11685.696338
-164.026278,38,11685.854645
-19.220861,47,11686.060608
-282.309525,42,11686.238948
-173.606552,37,11686.398548
-417.044064,44,11686.589896
-109.628528,34,11686.730664
-110.057062,30,11686.862621
-140.956865,47,11687.069382
-328.578429,34,11687.210513
-205.626824,56,11687.514247
-402.6292,43,11687.768919
-388.714919,41,11688.140515
-263.671723,37,11688.437942
-198.216068,31,11688.74336
-112.962397,44,11689.105031
-385.176934,42,11689.425338
-148.143275,35,11689.657989
-455.643701,61,11696.684411
-312.619644,45,11696.892017
-118.617917,32,11697.030725
-64.830851,25,11697.134321
-157.34463,37,11697.29077
13.476835,43,11697.499083
-224.790796,74,11697.830965
-323.098018,34,11697.986569
-472.881126,101,11698.407192
-125.169072,20,11698.492011
-277.761306,52,11698.715769
-81.99359,27,11698.827501
-262.048157,53,11699.057214
7.07309,29,11699.178775
-407.994236,44,11699.356161
-232.130071,33,11699.490048
-199.459216,57,11699.721191
-159.888716,36,11699.872973
111.068949,54,11700.10788
-312.499217,45,11700.29034
-227.60642,21,11700.37437
201.543991,29,11700.499336
35.894346,40,11700.670177
-155.989135,40,11700.840476
-138.315347,22,11700.933171
-328.101602,45,11701.11621
40.877,24,11701.2133
-114.318309,31,11701.34288
-382.296422,37,11701.493372
-115.631106,32,11701.6278
-569.671787,61,11701.875767
-210.517381,33,11702.013772
-67.038684,40,11702.178715
-141.522269,22,11702.270837
-472.857902,101,11702.689366
-132.112039,21,11702.774138
16.42797,54,11703.139389
-121.388163,31,11703.271284
101.372219,40,11703.436212
-102.584411,30,11703.562269
-12.340921,47,11703.769335
-206.488645,42,11703.943389
-105.337598,43,11704.121152
-391.233509,43,11704.301473
-408.065133,42,11704.507384
-266.8448,24,11704.630259
7.325423,45,11704.838629
-224.610802,20,11704.928633
-278.454542,69,11705.225146
-1.917322,47,11715.641123
-148.900463,38,11715.868499
-242.761186,47,11716.074004
-242.337161,24,11716.186649
-202.944518,43,11716.358854
-168.722197,27,11716.481121
-133.405189,37,11716.640587
-330.318509,38,11716.795823
74.593702,59,11717.043085
-303.584411,101,11717.473127
-134.582131,34,11717.605651
-246.510993,47,11717.805731
163.469274,24,11717.908905
-141.68272,35,11718.054626
-162.761188,24,11718.150417
-481.60833,91,11718.524905
-267.655454,38,11718.682081
-184.085392,27,11718.788074
-65.127099,25,11718.892611
26.886622,51,11719.10051
-386.806252,101,11719.528983
-44.664873,37,11719.680789
-57.257633,40,11719.841429
-251.747045,39,11720.001374
-25.951872,48,11720.203198
-263.066911,27,11720.313433
-513.72946,96,11720.707438
-261.780453,29,11720.830042
-120.974469,33,11720.970248
-255.460321,54,11721.18883
-174.156737,26,11721.292587
-185.621513,42,11721.461755
-83.187767,28,11721.575993
-130.145032,46,11721.763557
0.821139,48,11721.96716
-126.143395,20,11722.066044
-390.547797,40,11722.245182
-464.057953,75,11722.562927
-138.980404,63,11722.826354
-126.952962,19,11722.903524
-67.623737,25,11723.003821
-210.87197,46,11723.194002
-157.705036,37,11723.345549
-45.86001,23,11723.439937
-344.380245,66,11723.713269
-114.765382,58,11723.946387
-30.247042,36,11724.099442
-179.112028,42,11730.667031
-200.400903,43,11730.901794
-332.643693,68,11731.197432
-201.309998,43,11731.380491
-76.501532,40,11731.545396
-372.152589,37,11731.701906
-209.134928,30,11731.826974
-130.232584,59,11732.070478
-295.488992,41,11732.24242
-321.149159,60,11732.503592
-272.034428,28,11732.618864
-348.943696,63,11732.89494
-179.835804,40,11733.251003
-416.250308,57,11733.502581
65.12706,37,11733.663363
-94.164583,42,11733.838827
-295.638565,81,11734.177248
-680.929544,101,11734.62574
-222.546808,46,11734.857904
-215.759575,44,11735.04909
-153.738921,23,11735.1427
-168.928315,24,11735.241195
-493.058645,101,11735.67794
-215.109607,44,11735.867491
-134.149853,38,11736.031266
36.730833,82,11736.38199
-106.791798,43,11736.560205
-204.885895,30,11736.685886
-385.526869,62,11736.947227
-177.033194,41,11737.123328
-53.880673,24,11737.22393
-230.115345,37,11737.384947
-310.980661,30,11737.514531
-357.37899,37,11737.678172
-115.08982,33,11737.813035
-350.02831,37,11737.978485
-125.058107,47,11738.180029
-90.953816,31,11738.324989
-356.57974,37,11738.490059
-223.465655,59,11738.797009
-337.302051,73,11739.277598
47.482899,40,11739.580211
-3.611529,33,11739.857397
-462.454501,63,11740.483537
-310.569574,46,11747.241604
-51.068804,28,11747.369603
-273.464223,40,11747.544221
-266.00102,37,11747.697965
-406.47084,61,11747.955863
-164.533672,37,11748.109724
-616.666069,81,11748.457373
-396.095987,43,11748.638176
-104.334733,29,11748.761074
-315.636852,45,11748.960121
-352.675662,36,11749.114104
13.443012,59,11749.364042
-131.187681,47,11749.568031
-133.021941,21,11749.655093
-56.069961,23,11749.756175
-382.094954,64,11750.029589
-264.648101,59,11750.288012
-157.008384,28,11750.406594
-241.574769,47,11750.601581
-355.321633,37,11750.752006
-266.865024,39,11750.918038
-11.744208,30,11751.046869
-203.351335,32,11751.181472
-199.995205,30,11751.304437
-306.714106,30,11751.432729
-105.762112,45,11751.622055
-68.559687,27,11751.741088
-409.147365,48,11751.946579
-299.124083,30,11752.075014
-352.703141,93,11752.470263
-67.139579,40,11752.634709
175.849798,21,11752.727781
-585.180301,101,11753.137307
-279.995801,63,11753.409223
-372.917562,37,11753.566568
-658.197589,88,11753.927257
-153.589533,49,11754.244054
-17.228225,32,11754.375222
-269.341879,39,11754.541527
62.384732,37,11754.695041
-456.624054,101,11755.119868
169.357178,23,11755.213718
-210.635121,31,11755.346938
88.948864,33,11755.490312
-170.574631,25,11755.59624
-17.062689,35,11755.750284
-363.320104,39,11762.60743
-64.100057,25,11762.854708
-213.643303,33,11763.240664
-437.047701,61,11763.797065
-374.687279,37,11764.095797
-49.135239,24,11764.254147
-724.281351,101,11764.759976
-308.025056,35,11764.975164
-135.549416,49,11765.292813
-353.430497,37,11765.501052
-132.264562,37,11765.654137
-249.943127,24,11765.757775
107.813558,29,11765.876288
-511.730366,63,11766.161054
-132.207914,47,11766.376103
71.776585,49,11766.586796
-349.446924,37,11766.732509
-128.214778,35,11766.879217
32.342172,37,11767.038972
-103.197219,30,11767.163905
-320.615412,33,11767.303268
-379.635309,40,11767.473128
-132.450358,47,11767.678629
-371.821125,37,11767.843207
-165.567349,25,11767.952425
-294.719504,28,11768.068549
-194.083875,54,11768.306001
97.28529,40,11768.516898
-73.978557,26,11768.634216
-254.030272,24,11768.735957
-322.650189,67,11769.013722
37.648668,49,11769.218015
-152.292442,39,11769.375208
-154.148537,37,11769.534204
-47.132059,24,11769.632974
-145.593911,36,11769.783507
-264.556082,38,11769.944258
-247.04765,50,11770.154056
-359.519658,37,11770.30853
-308.957563,44,11770.494318
-76.735688,40,11770.667225
227.617289,29,11770.792676
-116.183654,33,11770.93507
-206.334603,45,11771.125661
-158.705332,37,11771.276326
-217.84524,44,11771.46903
-256.674285,37,11771.622803
-83.959653,27,11771.731146
-118.831449,19,11771.809381
-232.534167,22,11771.899169
-249.908836,35,11772.048311
-223.81824,31,11772.176353
41.677354,24,11772.278431
-136.50947,23,11772.374965
-366.508975,37,11778.275165
-615.421189,72,11778.636618
-177.653402,40,11778.80581
-271.649835,51,11779.026775
-352.515887,37,11779.18159
-358.35411,36,11779.331644
-360.374839,37,11779.494436
-182.641525,41,11779.667185
-202.892291,43,11779.864781
-344.158359,49,11780.070502
-134.720581,34,11780.212826
-193.791553,30,11780.334109
640.754567,43,11780.515828
-451.586444,53,11780.746303
-506.080368,81,11781.082123
-371.437838,37,11781.366712
-375.860889,40,11781.535273
-187.789183,28,11781.658002
-63.863899,45,11781.851753
226.168935,29,11781.975707
-123.789353,34,11782.120404
-231.402724,49,11782.324962
-322.708056,44,11782.535896
-146.639504,48,11782.78042
116.72301,27,11782.900827
-362.647297,38,11783.066882
-306.482144,54,11783.292963
-218.597163,33,11783.432275
-285.003392,40,11783.603809
-252.563253,39,11783.770391
-435.323588,62,11784.039059
-102.431983,82,11784.38364
-249.792621,23,11784.483283
-236.78818,48,11784.690874
-231.476903,47,11784.895947
-197.792034,30,11785.017962
-118.581731,19,11785.097895
199.946909,23,11785.193254
-336.137034,47,11785.395928
-338.379446,51,11785.608711
-165.645662,38,11785.771024
-179.808935,40,11785.947837
-228.679338,44,11786.140123
-357.398245,37,11786.294967
-759.183076,101,11786.782454
-224.836821,19,11786.916355
-157.012382,23,11787.096334
-291.880843,45,11787.496812
-352.011166,37,11795.058437
-296.610765,62,11795.366633
13.389731,44,11795.545765
-194.451486,55,11795.781762
165.532889,78,11796.105856
199.472488,39,11796.269614
-340.965709,38,11796.431934
-127.797162,20,11796.514025
-371.052203,37,11796.662458
-191.928987,32,11796.798586
-271.714946,40,11796.964814
-368.451106,39,11797.127972
-280.196106,51,11797.335466
-276.534197,42,11797.513678
-168.99202,27,11797.621309
-411.689921,50,11797.833057
-190.671554,42,11798.026849
182.827388,72,11798.339285
-178.566517,40,11798.50399
-352.817134,49,11798.703824
-252.104207,36,11798.853376
-53.155205,49,11799.061579
-249.411752,36,11799.213787
-328.751798,42,11799.381158
-146.283452,38,11799.536558
-216.604755,44,11799.715859
-131.216036,36,11799.858943
-446.528689,101,11800.26658
-321.65306,59,11800.527691
-156.450691,23,11800.623051
-107.492727,47,11800.820383
-128.532948,20,11800.90516
-251.568687,26,11801.013535
-147.531851,23,11801.103876
97.261202,22,11801.197358
-347.953772,71,11801.488439
-210.501036,46,11801.67618
-116.310979,33,11801.810582
-140.884441,47,11802.005305
-271.594107,39,11802.170712
-519.931444,61,11802.608419
-45.675595,23,11802.715991
-82.353429,28,11802.830832
-133.671061,34,11802.985112
-143.4972,60,11803.236056
-251.788484,35,11803.382866
-228.621678,42,11803.559878
-355.01087,37,11803.722309
-152.989756,24,11812.503885
-76.702152,27,11812.670346
-240.62106,49,11812.904207
-202.172855,32,11813.039081
-329.720164,101,11813.488921
-282.304728,29,11813.611753
37.326294,96,11814.025791
-179.037115,40,11814.196481
4.193145,29,11814.32222
-120.488569,32,11814.459894
-188.182362,41,11814.626315
-146.874853,34,11814.777217
-85.421918,28,11814.89637
-55.343008,24,11814.98891
-130.245575,35,11815.133776
-268.234129,42,11815.307985
-141.669092,35,11815.453422
-372.390389,37,11815.610093
-371.147847,37,11815.767427
-238.816605,37,11815.916952
-127.518521,33,11816.056159
-536.534962,59,11816.309571
-100.403234,29,11816.429478
-803.260764,98,11816.832104
-244.166764,34,11816.9735
-222.999277,35,11817.117267
30.79027,39,11817.277451
-344.122459,38,11817.432356
-219.070101,45,11817.624811
-73.887961,28,11817.745219
-340.302407,61,11817.992191
-53.615728,54,11818.223782
-192.39602,28,11818.33551
-290.373615,55,11818.565787
-339.223413,48,11818.76332
164.777994,61,11819.024912
-120.755319,45,11819.214998
-479.198896,101,11819.633038
-263.00438,25,11819.733265
91.887953,30,11819.857384
-139.920188,23,11819.952427
-82.760757,41,11820.125208
-204.217202,44,11820.308028
-210.599119,30,11820.432682
-192.861489,44,11820.616923
-7.902873,32,11820.743633
-49.164789,37,11820.893648
-379.881013,39,11821.051686
60.978474,24,11826.928573
-279.697264,29,11827.093632
-49.642036,35,11827.264771
-33.53368,37,11827.421273
-332.899833,37,11827.576834
-235.157282,34,11827.721945
-306.431701,31,11827.85742
34.85202,25,11827.956754
-467.277385,59,11828.205424
-313.764158,36,11828.383656
-211.041084,44,11828.566116
-266.04568,37,11828.720697
197.700175,32,11828.857264
-169.705735,36,11829.0074
-354.626295,37,11829.163757
-56.274757,23,11829.261479
-195.108619,32,11829.392192
-584.211549,74,11829.707108
-104.311309,30,11829.82902
-269.099036,27,11829.939994
119.047731,62,11830.201326
-235.31291,21,11830.454149
-243.468281,45,11830.646939
-350.661839,37,11830.808735
-340.409845,61,11831.067496
-229.244237,59,11831.31867
-250.407745,23,11831.413222
-279.541805,41,11831.609307
-88.990083,29,11831.809433
-341.268944,35,11832.05132
-196.855044,31,11832.195701
-356.999669,37,11832.364723
-612.1801,90,11832.754396
-381.701521,101,11833.206309
-256.163502,37,11833.360938
222.41128,28,11833.483313
-367.74549,37,11833.634919
-534.92794,101,11834.066738
189.550937,35,11834.220245
-89.00641,41,11834.392618
-353.213818,37,11834.55923
-241.285387,24,11834.660578
-375.577399,37,11834.820982
-306.821463,30,11834.952477
-295.196183,42,11835.132606
-368.31787,37,11835.283371
-236.247486,21,11835.373571
-205.408959,32,11835.506843
-323.541934,46,11835.701845
-151.1757,25,11835.804181
-349.286303,36,11836.035845
-33.139848,51,11843.099006
-219.534318,32,11843.273859
-238.047328,23,11843.377752
-353.591427,52,11843.604494
-80.464217,27,11843.722495
-91.349434,54,11843.955513
-470.018705,101,11844.378682
-214.64452,61,11844.626935
-120.708645,44,11844.815396
-440.551975,50,11845.027867
-108.872359,45,11845.207557
-589.91107,71,11845.505083
-255.02642,37,11845.663342
-68.896193,39,11845.835266
-165.364572,25,11845.935783
-231.089363,36,11846.08785
-256.547564,39,11846.251685
-347.280313,36,11846.399847
-191.492486,45,11846.590409
-26.884417,63,11846.855852
205.34385,37,11847.015878
-90.880032,29,11847.140762
-416.435457,69,11847.436977
-348.015802,36,11847.591233
-373.79126,37,11847.744663
-295.243531,31,11847.878446
-161.415687,26,11847.994595
-265.703669,52,11848.2068
-118.862712,32,11848.336279
-91.049859,28,11848.453615
-188.57664,40,11848.627998
-269.738347,42,11848.807007
-213.753399,57,11849.058942
-145.225726,35,11849.213704
-128.515746,33,11849.353324
-376.485281,101,11849.777439
-502.485228,59,11850.026937
-334.311706,46,11850.224986
-204.337384,33,11850.369053
-59.072808,24,11850.466141
178.211912,37,11850.61944
227.776897,42,11850.792255
-467.875097,51,11851.180895
-286.279019,59,11851.438304
-25.994805,34,11851.58437
-169.567858,43,11851.764469
-66.014072,25,11851.866376
-204.202274,42,11859.478533
-121.216186,47,11859.699186
-128.888984,51,11859.910273
-290.992437,41,11860.086952
-312.660233,44,11860.26937
-249.940262,36,11860.424325
-108.948879,33,11860.564429
-266.697142,101,11861.082164
-336.782534,47,11861.284628
-146.764222,34,11861.433075
-244.476244,24,11861.529856
-226.035657,46,11861.721019
-56.675349,23,11861.822746
-333.802108,37,11861.986317
-481.684583,101,11862.435866
-216.004529,46,11862.63002
-685.977787,101,11863.065903
-346.541528,38,11863.227041
-422.591786,44,11863.422918
-330.309658,49,11863.628801
-136.218353,34,11863.771226
-242.243067,34,11863.921345
-350.181944,101,11864.343216
-385.071537,43,11864.523429
88.822336,44,11864.711018
-201.270428,30,11864.834746
-99.428247,56,11865.076168
-242.56495,49,11865.290476
-244.262468,35,11865.442961
97.475193,64,11865.712331
-373.988762,41,11865.885196
-364.256129,50,11866.092618
-213.30763,45,11866.287398
-685.875741,81,11866.630497
-271.545247,26,11866.740999
-225.143032,36,11866.898264
-132.671992,54,11867.119664
-140.942213,22,11867.212597
-355.402498,51,11867.424937
-120.170386,32,11867.561966
215.662325,31,11867.694539
-114.929256,18,11867.770491
-187.342419,40,11867.942679
-218.576805,33,11868.076915
-239.511083,48,11874.099512
-154.469816,23,11874.226409
-169.50815,51,11874.447917
-198.23249,45,11874.640522
-57.858076,37,11874.798045
-269.475285,101,11875.223204
-105.119871,30,11875.35148
-566.990501,101,11875.783167
-248.730571,36,11875.936994
-156.339956,39,11876.102161
-357.396678,37,11876.253897
-64.669345,37,11876.408927
-359.296126,38,11876.56304
-666.730614,101,11876.994215
-345.277452,36,11877.152872
-364.792104,51,11877.367674
-153.383378,52,11877.594362
197.417896,19,11877.673981
115.553167,29,11878.015825
-99.552276,31,11878.152913
-300.71165,56,11878.390852
-26.032037,65,11878.677307
-161.058005,26,11878.786458
-108.832829,30,11878.909489
-413.865611,101,11879.347656
-259.975159,37,11879.500719
-337.748474,48,11879.714212
-196.345003,30,11879.844484
-315.978748,33,11879.998456
119.206364,29,11880.161603
-99.541686,32,11880.304614
84.817962,34,11880.452498
-204.41568,43,11880.630887
-528.325319,76,11880.950621
-123.184967,35,11881.096072
-418.397921,78,11881.42953
-399.059713,101,11881.855067
-336.270821,35,11882.00572
-373.627759,66,11882.290057
-149.723189,22,11882.385398
-223.3596,33,11882.529734
-330.672641,33,11882.668849
-385.612409,54,11882.89849
15.741001,80,11891.385252
-215.244034,44,11891.588732
-241.91947,35,11891.735003
-235.596101,49,11891.945927
-175.677834,28,11892.062868
186.029682,22,11892.161421
-334.232606,59,11892.41034
-160.341755,38,11892.570007
-428.60427,46,11892.771066
-271.346718,39,11892.933578
-137.71783,35,11893.083876
-114.562853,31,11893.210254
-249.318793,25,11893.319783
-358.381487,48,11893.521872
-220.422276,32,11893.6563
-250.001056,37,11893.81365
-464.341025,66,11894.088875
-193.386921,42,11894.265885
-323.805419,33,11894.406332
-169.819416,41,11894.586738
-399.729783,42,11894.770129
-277.061784,45,11894.956991
-267.548676,37,11895.113922
191.638804,20,11895.198161
-273.377726,29,11895.319185
-197.149228,46,11895.51812
-256.557734,37,11895.677522
-250.659636,26,11895.801786
-135.248299,23,11895.90463
-389.719005,66,11896.176059
-276.882533,29,11896.29614
-118.473675,31,11896.428532
-155.803693,35,11896.57372
-308.906911,45,11896.766778
-268.121374,28,11896.880166
-405.212817,61,11897.139799
-272.460476,27,11897.251027
-303.124845,34,11897.395454
-332.893137,48,11897.591648
-111.829454,48,11897.800589
-21.875926,39,11897.959895
-53.427536,23,11898.05412
-247.261794,101,11898.481941
16.831856,31,11898.606049
-126.151717,21,11898.692124
-233.670756,34,11898.835813
-188.702617,55,11899.073707
-270.086469,38,11899.227202
-375.440531,42,11899.398504
-202.259748,47,11899.755992
-139.928306,22,11899.854786
-191.643442,41,11900.029898
-186.655015,44,11907.293316
145.948935,26,11907.496907
-259.853246,38,11907.768612
-229.518223,20,11907.861882
-229.81553,34,11908.004885
47.779467,39,11908.171473
-167.27758,38,11908.339041
-58.483931,49,11908.548688
-178.761098,43,11908.726945
112.829391,89,11909.125314
-347.375873,35,11909.271423
-405.686402,72,11909.591667
-164.857273,37,11909.745436
-266.406069,39,11909.911762
190.809412,39,11910.076059
-507.380741,55,11910.304547
-225.4644,20,11910.392134
-411.5193,44,11910.589679
-144.528913,24,11910.688365
-139.476656,24,11910.792007
-518.850555,72,11911.101728
-240.581281,38,11911.257995
-134.446088,58,11911.508637
-93.894368,42,11911.682003
-197.819643,30,11911.811328
187.164951,19,11911.893746
-138.892273,23,11911.991501
-208.759934,52,11912.208387
-36.393025,33,11912.344837
-7.348163,30,11912.471476
-296.245877,59,11912.724384
-122.84909,20,11912.80687
-162.390153,38,11912.968108
-364.255086,52,11913.190791
-112.947298,31,11913.31887
-302.8807,52,11913.547156
-50.176001,39,11913.709354
-223.659847,51,11913.925194
-232.048895,47,11914.117828
-211.654875,58,11914.361573
-246.040574,49,11914.573262
-223.126343,44,11914.760567
-165.281355,37,11914.919504
-468.884447,101,11915.341305
-193.904455,30,11915.470587
-386.985317,71,11915.776136
-400.71012,54,11916.0061
-101.773198,43,11922.03935
-321.177014,101,11922.476093
-241.813353,23,11922.570338
-283.706804,29,11922.692057
-275.48457,35,11922.842865
-213.019762,31,11922.990958
-137.449401,48,11923.197629
-133.981933,47,11923.398955
-416.905837,51,11923.6177
-73.946695,26,11923.718178
-140.293795,35,11923.862529
47.759427,27,11923.978437
0.788913,29,11924.099991
-1.831376,29,11924.229751
-189.006513,39,11924.387617
-152.718324,25,11924.488161
-100.906452,101,11924.923265
-163.624117,44,11925.112565
45.679004,23,11925.20783
-316.89269,32,11925.336663
-271.256934,37,11925.491448
-277.771362,43,11925.672077
-162.4793,25,11925.77507
-414.523183,62,11926.035093
-310.886651,62,11926.447389
-331.200046,70,11926.752237
-216.932398,32,11926.887802
-95.780267,43,11927.068906
-692.803285,101,11927.514762
-132.81247,34,11927.674506
-324.370286,49,11927.900819
-247.873801,24,11928.006
-28.886465,36,11928.164322
-267.983063,37,11928.32664
-377.317284,44,11928.517423
-269.141557,41,11928.697283
-145.732518,23,11928.798692
-238.374232,36,11928.95344
-118.885767,33,11929.098131
242.561916,37,11929.251512
-244.019216,35,11929.393913
-362.844271,38,11929.564791
-232.81272,20,11929.653852
-310.708456,31,11929.787775
-169.870267,28,11929.91439
-362.831976,51,11930.124275
-127.716634,36,11930.275553
-91.826166,31,11930.411291
-212.915627,45,11930.592526
-209.764473,48,11930.802302
-101.399301,29,11939.20449
-86.143769,53,11939.472428
-649.52711,79,11939.794609
-322.008876,35,11939.940704
-690.953108,101,11940.347182
109.423518,28,11940.46173
-215.765382,47,11940.655785
-15.191525,35,11940.801269
-260.265242,38,11940.968465
-375.683558,73,11941.281163
-526.9403,59,11941.529921
-338.455796,48,11941.728955
157.540697,37,11941.892457
-194.411316,41,11942.063047
-387.876976,54,11942.289711
-291.828884,53,11942.51395
83.837754,24,11942.612448
-209.380287,31,11942.742652
-245.731638,36,11942.890997
-55.201743,25,11942.994622
-105.173017,46,11943.197038
-178.088801,26,11943.300443
-276.08949,39,11943.458328
-271.350751,75,11943.766819
-283.111811,64,11944.02697
187.783911,40,11944.196376
-206.702704,30,11944.317031
24.645692,37,11944.464591
173.042575,43,11944.638506
-247.926132,23,11944.730544
-264.835223,52,11944.938731
-46.172648,23,11945.037002
-65.857422,25,11945.142045
-254.06113,51,11945.351706
-441.887633,43,11945.526742
-225.709222,46,11945.720913
-256.764614,36,11945.868853
-256.536628,24,11945.968121
-215.343695,31,11946.097094
-246.970505,48,11946.301419
-250.995649,37,11946.46298
-15.804129,34,11946.600985
-362.121607,37,11946.765572
-725.626526,80,11947.088088
-271.36128,40,11947.250532
-377.710436,87,11947.612432
-397.59088,52,11954.379094
-108.382698,32,11954.526394
-373.113719,39,11954.688737
-364.714829,37,11954.847074
-71.063485,39,11955.008336
-257.074987,23,11955.108386
-200.645797,42,11955.286137
101.448536,45,11955.481986
-101.215137,33,11955.630599
111.119611,31,11955.809746
-136.392029,22,11955.913977
-162.326577,26,11956.029518
-296.290817,30,11956.157942
128.680581,25,11956.269495
-151.847529,23,11956.372871
4.11497,45,11956.569614
-248.150609,48,11956.775192
-212.245664,30,11956.899911
-532.135656,87,11957.263853
-352.029375,37,11957.417795
-313.542227,58,11957.658766
-40.267008,34,11957.810651
-126.130564,21,11957.89631
-348.426506,37,11958.054069
-185.242367,30,11958.183281
105.031175,72,11958.49599
-312.052056,44,11958.675048
-107.141958,30,11958.804739
-368.056186,51,11959.01263
-282.77025,45,11959.19712
-53.959873,24,11959.299041
-129.220211,47,11959.493259
-330.49313,56,11959.743403
4.690044,29,11959.902058
-151.211783,37,11960.103452
-488.870354,57,11960.512705
71.104752,36,11960.779707
-218.709765,35,11961.092846
-381.113662,43,11961.565164
-229.986264,36,11961.835009
-128.50843,60,11962.105091
-195.502478,56,11962.334679
-393.573149,75,11962.657765
-240.15365,39,11962.827705
-226.267326,19,11962.912514
-105.451403,56,11963.143167
-40.249232,39,11963.311663
-137.993953,46,11963.503042
-236.703084,21,11963.590148
-388.085104,52,11963.811952
-196.612675,54,11969.8459
-416.735771,47,11970.070533
-304.916259,30,11970.193485
-257.818032,25,11970.300152
152.239108,26,11970.409861
-296.530777,34,11970.55492
-277.921012,28,11970.675044
-266.575678,101,11971.101416
-10.953225,48,11971.304083
-343.905819,37,11971.460924
-145.47368,23,11971.559729
-447.376606,51,11971.776213
-334.597885,47,11971.965088
-174.866978,41,11972.135599
-162.054792,24,11972.237822
-111.555059,58,11972.491289
71.862555,52,11972.708845
-317.383736,33,11972.846831
-61.770193,27,11972.964258
-247.789379,35,11973.107315
-198.830683,28,11973.217767
-328.06788,35,11973.360936
-531.097102,57,11973.601378
-112.165606,18,11973.678532
-114.54804,59,11973.937932
-185.382657,40,11974.108069
-161.91146,26,11974.21526
-605.448831,74,11974.667625
-247.266332,38,11974.837453
-78.316539,27,11974.954696
-175.580434,29,11975.080091
-244.699361,46,11975.272063
-223.919073,46,11975.46311
-349.907148,47,11975.656553
-391.413246,40,11975.844385
-390.723145,42,11976.042197
-235.811738,35,11976.207801
-306.717873,30,11976.336851
-104.28315,42,11976.50722
-139.00742,36,11976.659826
54.147958,39,11976.835903
2.575707,63,11977.096897
-103.728111,30,11977.219956
-278.835916,65,11977.498659
37.754924,39,11977.662887
-300.944893,65,11977.935124
-146.962416,36,11978.081916
103.192974,33,11978.225757
-188.974924,31,11978.361259
-119.433664,32,11978.50146
-146.316252,37,11987.298798
-68.511074,67,11987.644909
58.531251,44,11987.834253
-320.484401,31,11987.971059
-216.043559,32,11988.108409
215.841453,31,11988.243805
-139.357151,36,11988.39828
-122.066242,32,11988.533188
-193.215785,56,11988.774384
-71.470096,26,11988.887184
-270.88136,101,11989.313411
-203.0021,44,11989.502862
-252.800795,101,11989.954869
29.033197,39,11990.126525
-93.174103,28,11990.244174
-112.944269,48,11990.454096
-141.228799,38,11990.615954
-167.447746,42,11990.908776
-66.080678,27,11991.028917
-202.008862,42,11991.207206
-270.96752,37,11991.36346
-81.608507,53,11991.586749
-322.115361,33,11991.719064
-349.818765,65,11991.997729
-235.674666,21,11992.082935
-133.505721,21,11992.170347
-143.382744,36,11992.322821
-255.773658,50,11992.539353
-97.101403,31,11992.700655
-125.776861,20,11992.868857
-91.816085,45,11993.275643
-236.472423,67,11993.5915
-209.852579,44,11993.796093
-264.034644,50,11994.00837
-44.979032,50,11994.234027
-46.688337,63,11994.516605
-250.652765,56,11994.757859
-200.665102,43,11994.93823
-418.542475,101,11995.35354
-436.550873,101,11995.786937
-220.786511,59,11996.045716
202.916239,20,11996.133903
115.129097,44,11996.315928
137.578311,42,11996.493775
-200.185313,31,12002.308594
-133.983747,36,12002.505586
-211.05649,32,12002.646758
-211.17562,30,12002.766231
-201.393236,31,12003.057138
-318.030176,44,12003.25036
-238.326693,36,12003.400746
-229.741806,33,12003.540579
204.083541,20,12003.626135
-166.277472,39,12003.797055
-237.530642,42,12003.978205
-157.028729,24,12004.080386
-242.108761,24,12004.18685
-118.791939,61,12004.434726
-221.835784,35,12004.57478
-528.100808,101,12004.999426
-46.300001,38,12005.171983
-246.586106,37,12005.341546
-282.710601,29,12005.479269
-177.542349,67,12005.76701
-274.40755,37,12005.923848
-126.994935,34,12006.065537
-419.008611,56,12006.299974
-44.030241,35,12006.45152
-266.412882,39,12006.614887
-188.582942,40,12006.777708
-698.375023,101,12007.213246
-245.190307,48,12007.422062
-85.560597,30,12007.553986
-210.210508,44,12007.744392
-28.98948,45,12007.937518
-229.590456,36,12008.089203
-199.396165,29,12008.212535
-271.758055,37,12008.396028
-51.836985,74,12008.722343
-189.163215,42,12008.906025
-112.744696,18,12008.983454
-162.424438,49,12009.190019
-119.195833,19,12009.263971
-348.438672,37,12009.46206
97.996731,61,12009.782547
-271.733009,40,12010.008757
-283.423685,54,12010.311216
-220.357448,48,12010.653405
-45.312809,35,12010.957895
-124.907939,20,12011.133154
145.31879,93,12011.58653
-378.28169,40,12011.759952
-22.37574,20,12011.842926
-255.873076,23,12017.511038
-114.232926,31,12017.701952
-301.022886,57,12017.960507
-89.832505,29,12018.081292
-321.379276,44,12018.272156
-241.732811,71,12018.569025
-245.395384,37,12018.723493
-136.175169,23,12018.820152
-520.789256,101,12019.249032
-124.19724,36,12019.397576
-363.37749,41,12019.566797
-253.785955,39,12019.729157
13.197564,44,12019.911935
-353.148628,37,12020.07112
-245.827383,36,12020.224873
-120.689378,33,12020.362719
-173.700359,40,12020.536556
-135.886516,36,12020.690753
-171.829584,29,12020.810241
-277.895009,27,12020.921179
-350.600577,36,12021.065243
-202.355589,43,12021.237192
-67.628598,39,12021.401007
-138.349015,46,12021.584705
-165.330975,26,12021.690913
-168.158959,25,12021.795187
-224.843548,34,12021.938804
39.639705,30,12022.065078
-136.052509,37,12022.222091
-492.850943,70,12022.512622
-252.51794,48,12022.85999
-143.941418,53,12023.084839
-428.583206,44,12023.280881
-61.380511,26,12023.390923
-403.418863,42,12023.568865
-147.607827,23,12023.662825
-264.299015,27,12023.77438
-256.311082,35,12023.932417
-129.267471,45,12024.149853
-277.362797,27,12024.282093
204.768646,20,12024.376906
-45.711573,23,12024.471694
-271.783469,41,12024.638888
-340.236849,37,12024.799577
-535.888622,101,12025.229658
-237.480531,34,12025.372873
-59.764178,25,12025.483232
-182.155188,45,12025.672746
-224.471412,33,12025.812489
-143.790935,49,12026.021585
-350.75815,101,12035.658858
-174.223318,39,12035.872211
-232.042785,47,12036.093811
-386.494435,77,12036.417536
192.937651,20,12036.509513
-121.587021,45,12036.697563
-6.081714,44,12036.879599
-95.192214,29,12037.001866
-134.577213,36,12037.158723
-221.092331,32,12037.294373
-229.20478,46,12037.492139
-247.614108,48,12037.692855
-62.129352,25,12037.801193
-472.227163,50,12038.006177
-119.617722,32,12038.142253
-367.351832,37,12038.297692
-453.103577,56,12038.548438
-784.860737,101,12038.981016
-265.851497,38,12039.14255
-323.05746,39,12039.30972
-202.04901,30,12039.431861
-175.469839,40,12039.596548
-318.266948,32,12039.72534
-206.601873,42,12039.899985
-187.920408,39,12040.064816
-363.410976,50,12040.27376
-314.854443,33,12040.408335
0.722234,56,12040.647589
-535.267591,101,12041.078958
-303.422131,42,12041.259718
-185.28792,29,12041.383965
8.260959,29,12041.511633
-456.064294,77,12041.852989
115.777852,43,12042.046136
-107.248883,46,12042.24337
-109.63078,44,12042.427436
-234.559173,35,12042.573546
-142.942727,35,12042.718358
-157.517584,24,12042.830854
-100.688185,30,12042.961242
-101.997064,30,12043.089803
-344.708359,101,12043.519034
-275.391317,101,12043.952612
116.157011,33,12044.091579
-355.022538,37,12044.246487
-201.300314,29,12044.364185
-274.686064,39,12050.774421
-67.304104,41,12050.963652
-158.251688,50,12051.173539
-115.148361,31,12051.305534
-366.316706,39,12051.466049
-111.86654,32,12051.598867
-308.97944,44,12051.971642
-345.588493,68,12052.263478
-506.748704,60,12052.541127
-222.516989,45,12052.754171
-264.620889,50,12052.973198
58.06715,38,12053.128716
-140.168155,35,12053.271852
-560.153265,70,12053.558637
48.761688,39,12053.745191
-367.746295,39,12053.939555
-315.950371,33,12054.089138
-345.583847,37,12054.242076
-296.83028,56,12054.485058
-270.854568,39,12054.655536
-413.167023,90,12055.036475
-128.177184,60,12055.300184
75.611866,40,12055.464725
-120.06998,44,12055.647894
15.135237,27,12055.755529
-147.843295,37,12055.904657
-221.970134,32,12056.028707
-68.437808,26,12056.138976
-105.042118,30,12056.260653
-592.781546,101,12056.69338
-526.2415,101,12057.112163
-385.869267,72,12057.406602
-196.127808,43,12057.585134
-308.044688,29,12057.715494
-247.15122,36,12057.959781
-221.095237,45,12058.273288
101.137093,37,12058.614861
-292.502878,30,12058.869397
-22.736554,34,12059.148649
-48.118792,23,12059.396851
-244.745696,48,12059.831349
5.080265,41,12060.228534
-517.428822,86,12060.673652
-221.565027,45,12060.860418
-398.654786,57,12067.464689
-255.525613,36,12067.629825
-224.189143,33,12067.778155
-60.035201,25,12067.884847
-140.240125,35,12068.035385
-480.884637,52,12068.245506
-414.699764,75,12068.626221
-264.09893,36,12068.774154
-241.685796,48,12068.981971
-185.841454,40,12069.14844
-363.728808,37,12069.302877
135.522235,62,12069.566538
-331.287711,48,12069.768221
-372.637018,37,12069.937821
-376.93222,56,12070.183228
-153.851248,25,12070.283426
-195.915583,55,12070.514675
-278.474825,26,12070.625127
-229.058472,35,12070.785279
14.405808,43,12070.971364
-208.628873,31,12071.100133
-89.391833,30,12071.220105
-254.275392,36,12071.36883
22.134099,42,12071.549701
205.86498,31,12071.730543
-357.644752,37,12071.922329
-39.668731,22,12072.01576
-326.679218,34,12072.155198
-556.840261,65,12072.425286
-156.369912,24,12072.554375
-125.09755,20,12072.674841
-13.719203,47,12072.923583
-190.904945,30,12073.051915
-82.253285,42,12073.401958
-336.807638,55,12073.658176
-198.028363,31,12073.800867
187.030306,25,12073.911479
-136.557809,22,12074.008818
-401.958766,54,12074.25645
-160.109945,25,12074.37259
-94.607267,30,12074.574084
-308.760689,60,12074.911195
-350.243141,42,12075.095581
-89.109303,75,12075.407033
-149.234774,35,12075.55076
-304.555206,55,12075.800973
-83.731259,28,12075.923063
287.581875,19,12076.006736
-210.077495,45,12076.193572
-215.449512,33,12076.336104
198.971267,36,12076.490457
-108.394432,30,12076.621453
-253.20194,41,12087.004863
-298.414357,56,12087.246016
-60.797484,51,12087.469577
207.149043,31,12087.602762
-273.581568,39,12087.767458
-230.297444,36,12087.913489
-306.04577,35,12088.058289
-93.08106,42,12088.229372
-336.544738,44,12088.41128
-347.639074,60,12088.65467
-328.395325,46,12088.844641
202.555974,40,12089.007177
-316.030164,45,12089.191884
-273.746673,42,12089.363206
-17.359315,49,12089.563833
-226.594555,18,12089.638015
-200.354034,31,12089.764192
-104.300494,32,12089.899764
-266.215709,39,12090.06547
-198.316172,44,12090.24617
-338.107121,47,12090.437796
-763.392598,86,12090.812007
-171.658755,39,12090.972986
-428.719981,101,12091.372763
13.024233,31,12091.503787
-144.843909,47,12091.692716
-206.673387,42,12091.864329
-233.886332,34,12092.016217
-382.570785,40,12092.18975
-482.876982,101,12092.597991
-116.253819,45,12092.778728
-125.450734,21,12092.864494
34.242221,59,12093.100154
-173.147352,40,12093.260186
-257.842747,39,12093.422518
-169.611627,54,12093.646064
-374.520525,42,12093.818996
-416.428931,73,12094.124344
-307.838825,34,12094.264505
-434.907579,64,12094.5294
-293.029323,28,12094.642881
-211.300479,49,12094.863592
-94.590798,30,12094.987959
-143.293817,37,12095.140623
175.629628,35,12095.280928
-385.615084,40,12101.803371
-354.849678,62,12102.093498
-276.233232,38,12102.248843
19.72146,27,12102.360104
98.632494,32,12102.497235
-151.804168,38,12102.655238
-241.483878,49,12102.863728
-156.109644,38,12103.037655
-252.829292,24,12103.136676
-92.312553,55,12103.504897
-322.313958,34,12103.655907
-166.841764,41,12103.83418
-335.523746,35,12103.97831
-149.944271,23,12104.080251
-133.077048,22,12104.171623
-342.839355,34,12104.315017
-393.716106,41,12104.494718
-162.088886,66,12104.785066
-147.454106,40,12104.976407
-152.737316,38,12105.177901
186.614796,19,12105.258228
-268.545919,40,12105.424109
-106.325787,31,12105.552893
-408.924048,52,12105.770253
-127.952278,48,12105.976363
-93.710762,54,12106.199456
-164.655807,25,12106.311414
69.664474,34,12106.451278
-398.293595,44,12106.637696
197.458574,19,12106.71729
-41.796229,38,12106.893726
-218.257739,58,12107.156651
40.799799,24,12107.262983
-775.159905,101,12107.684175
-471.951669,50,12107.89963
-479.013815,53,12108.130553
-92.710404,42,12108.302078
-9.11232,63,12108.577266
-323.973672,101,12109.021706
-150.510224,37,12109.237078
-81.303812,52,12109.555892
17.890085,27,12109.795697
-14.555704,31,12110.045637
-47.341061,23,12110.240834
-518.510084,70,12110.983126
-171.259691,27,12111.212828
-216.379918,31,12111.400942
-282.574722,52,12111.629046
-580.668197,101,12118.022081
-282.593215,27,12118.158453
-195.428768,30,12118.310003
-191.942445,41,12118.498514
-121.259509,60,12118.782409
-433.343229,47,12118.984752
-72.887065,26,12119.095923
-511.214965,75,12119.563014
197.374262,21,12119.656241
-355.166239,62,12119.927678
-336.7656,37,12120.080177
-472.480125,101,12120.519331
-224.725534,45,12120.726433
359.671334,38,12120.88386
-205.7335,43,12121.070565
-185.477348,41,12121.238801
-227.118758,47,12121.438104
-205.260915,43,12121.622229
-65.732586,25,12121.730548
159.149618,35,12121.878491
-192.117404,41,12122.050038
-287.43681,40,12122.223226
-429.377839,47,12122.422834
-317.902909,34,12122.566281
-481.849845,70,12122.868292
-181.746787,27,12122.979995
-141.181411,36,12123.139542
-224.465709,45,12123.329623
-235.454692,46,12123.523881
-0.910063,67,12123.896582
-150.471236,36,12124.05772
-430.755691,46,12124.438959
-221.992727,44,12124.624394
-56.259112,24,12124.737979
-119.010344,45,12124.989339
-238.578077,34,12125.131784
-147.571118,36,12125.293895
-262.805519,40,12125.463865
-138.690399,37,12125.62353
38.239236,42,12125.835234
-388.203037,52,12126.087926
-140.541115,22,12126.182765
-237.698221,37,12126.343331
-195.003126,42,12126.52295
-220.335368,32,12126.665236
-7.38341,30,12126.787397
-387.411502,76,12127.112874
-128.9467,47,12135.231752
-170.800831,39,12135.42965
-46.158005,23,12135.524586
-301.060651,56,12135.764483
-234.99618,48,12135.973532
-90.902904,28,12136.089514
-87.711365,28,12136.208819
-382.275029,42,12136.382057
-222.606457,46,12136.568908
-222.597687,34,12136.717238
-308.596341,55,12136.955124
-68.687543,26,12137.069435
-490.21375,57,12137.31627
-440.858904,49,12137.525599
-449.610279,60,12137.7778
-392.900375,46,12137.970195
-161.187123,37,12138.129347
-6.693221,30,12138.250985
-107.370676,33,12138.389107
-75.922476,27,12138.503901
-243.089386,50,12138.722538
63.176423,34,12138.868748
-117.836222,19,12138.9464
-101.714598,42,12139.121296
-223.633484,59,12139.377614
-125.634999,20,12139.462519
-448.866102,101,12139.878654
170.666807,39,12140.044872
-353.367099,37,12140.204067
-416.016077,101,12140.614354
-254.576801,36,12140.770612
-382.923768,41,12140.945205
-324.893153,46,12141.147697
-187.272488,41,12141.319461
-258.265736,38,12141.475484
-227.696894,46,12141.666169
-86.915931,55,12141.9073
-182.611224,40,12142.080754
-289.372729,55,12142.309565
-245.966366,22,12142.398612
-161.575067,25,12142.5075
9.418287,31,12142.645246
-33.366813,21,12142.731468
-145.602054,47,12142.920973
-439.681998,47,12143.112142
-376.703961,101,12143.537885
-166.908023,40,12143.703883
-104.309568,60,12149.678713
-273.01698,27,12149.802206
-98.523964,29,12149.927772
-188.946468,41,12150.096635
-180.874533,26,12150.207548
-315.618705,31,12150.338274
-387.1321,40,12150.501184
-360.844267,51,12150.716612
-398.583287,78,12151.109414
-253.30301,27,12151.22818
-53.73331,24,12151.32901
-139.795745,35,12151.635915
-122.19168,20,12151.718602
-432.490953,47,12151.927875
-346.700364,37,12152.084325
-359.558359,36,12152.234421
-174.956661,40,12152.406799
-190.252911,41,12152.578573
99.369858,36,12152.73256
-331.021062,35,12152.911469
131.839456,43,12153.123011
-148.491013,37,12153.285801
50.453548,36,12153.438072
-190.092237,42,12153.618164
-182.113413,27,12153.733376
-288.405712,29,12153.857046
-359.588307,38,12154.011425
-372.439924,37,12154.163367
174.306023,22,12154.254149
-209.869805,33,12154.394767
-243.552374,37,12154.552719
-133.450424,21,12154.637499
-237.417039,36,12154.792064
-207.328981,56,12155.030471
-147.930565,23,12155.123859
-88.138721,28,12155.247003
-265.930822,52,12155.472423
-100.962583,29,12155.598973
-101.910944,30,12155.726759
-22.321816,35,12155.875747
-441.306117,61,12156.130189
-221.747848,19,12156.206258
-281.015286,55,12156.443878
-130.461773,36,12156.596584
-337.62521,36,12156.748091
-484.458717,93,12157.196599
-60.823189,52,12157.499952
-291.266275,27,12157.769126
-420.604168,88,12158.530621
-691.741719,101,12159.506112
-403.452839,67,12166.065305
-1.359596,32,12166.244312
-59.980274,24,12166.35835
-207.697806,31,12166.502759
-143.795816,36,12166.655877
-51.271489,36,12166.809489
-237.814498,37,12166.962536
-347.11254,101,12167.397357
-513.961446,101,12167.815212
-53.956589,24,12167.917394
-67.497874,26,12168.02607
-124.278962,59,12168.275875
-119.576701,55,12168.515626
-84.830105,44,12168.71587
67.630336,37,12168.877858
-121.304102,37,12169.029347
-323.867841,48,12169.233886
-124.159279,47,12169.43555
-49.26631,35,12169.577539
98.605544,19,12169.655252
-276.541433,43,12169.831667
-128.830074,36,12169.986128
-144.029765,35,12170.514043
-257.169365,27,12170.715965
-57.404839,24,12170.859645
-49.300603,25,12170.993522
-301.138107,30,12171.157267
-27.313857,32,12171.327167
-473.083665,78,12171.697927
76.89461,36,12171.845406
12.383357,45,12172.040649
-433.465423,61,12172.294305
-268.814522,39,12172.467477
-167.112438,25,12172.575075
-263.666649,38,12172.736041
-164.218552,38,12172.900941
-547.779547,101,12173.476439
-50.900129,23,12173.578298
-240.75265,37,12173.726237
319.030211,30,12173.854318
-353.375639,50,12174.062108
-443.583936,80,12174.407854
96.773995,19,12174.485614
-384.166066,71,12174.778761
89.159748,32,12174.917359
-160.54643,39,12175.084307
-175.959234,40,12175.288006
-305.75614,44,12175.499145
-275.639847,43,12183.07966
-54.870437,25,12183.217788
-298.436285,45,12183.405862
-110.236157,32,12183.546454
-167.339925,41,12183.728415
-284.227596,42,12183.912211
-459.766873,101,12184.333325
-66.527823,25,12184.441171
-121.251214,45,12184.630408
-264.398451,26,12184.74021
-167.81297,25,12184.847265
-224.645278,101,12185.291063
-71.85242,51,12185.500201
-224.778882,33,12185.636659
104.410321,45,12185.833516
-223.512151,45,12186.026459
-140.666899,38,12186.182496
140.756438,30,12186.308965
-143.002894,38,12186.471947
-287.929518,42,12186.650243
-103.083161,30,12186.777811
-133.547797,35,12186.922928
-228.206796,45,12187.11951
-357.395854,37,12187.275449
-124.79512,33,12187.410267
-206.137282,42,12187.585991
212.494341,32,12187.724515
-365.450194,101,12188.154756
-198.097029,29,12188.270792
-344.239967,36,12188.441546
165.749738,24,12188.552819
-233.020593,33,12188.693755
-134.943405,37,12188.856787
-397.288825,67,12189.142892
-402.745669,46,12189.336575
-572.350124,101,12189.769823
-323.419729,58,12190.014277
-203.058293,31,12190.146184
-213.750699,44,12190.31827
-284.154145,41,12190.485839
-359.575333,65,12190.764724
-255.074109,48,12190.971154
-154.686904,23,12191.069277
-299.40135,45,12191.264998
-169.94158,28,12191.38344
74.918246,46,12191.577163
-16.399715,32,12191.714857
-166.886898,48,12198.193944
219.436472,33,12198.345174
-345.580444,48,12198.55107
137.001539,45,12198.735135
-281.343619,53,12198.961803
-194.93877,42,12199.146598
-188.048949,40,12199.318009
-149.260999,40,12199.482222
-121.712082,33,12199.62246
-139.98406,23,12199.727457
-151.40827,22,12199.820113
-339.64029,47,12200.01453
-385.369984,81,12200.527695
-245.099322,21,12200.61671
-301.046907,56,12200.853256
-139.804187,47,12201.050028
-296.482435,29,12201.17038
-228.500394,45,12201.357939
-318.643516,101,12201.801261
-609.877953,101,12202.26437
-119.184154,19,12202.343134
25.017659,31,12202.470069
-112.04052,46,12202.656869
-16.210976,38,12202.818708
-191.946687,46,12203.022211
-301.84235,30,12203.148544
-144.153479,56,12203.388715
-325.00339,46,12203.585993
-261.944561,50,12203.793992
-163.603602,38,12203.95776
-66.993948,101,12204.389788
-302.429873,101,12204.818218
-278.81776,53,12205.048743
-283.881824,31,12205.182572
-344.074081,74,12205.493914
-354.783081,36,12205.650265
-289.638423,53,12205.879787
-213.251951,32,12206.051375
39.097119,52,12206.339505
-363.476626,38,12206.632975
-41.724777,23,12206.856721
-356.989423,47,12207.218183
-69.655829,38,12207.525226
-366.402486,37,12214.159962
-391.657152,38,12214.370842
-227.388324,35,12214.521976
-129.87296,37,12214.682723
-175.962823,41,12214.858309
-158.156637,23,12214.953073
179.107659,21,12215.043725
-123.206073,45,12215.232405
-147.839447,26,12215.338081
-219.57418,46,12215.534116
-192.929121,31,12215.66393
-338.782197,35,12215.817415
-288.374539,41,12215.994428
-538.991527,101,12216.427873
55.12218,38,12216.581623
-126.644498,20,12216.66552
-133.2183,33,12216.806602
-355.679301,66,12217.090563
-221.065556,45,12217.278799
0.207872,29,12217.4034
-325.869575,46,12217.616413
-131.051422,46,12217.811116
-398.844977,46,12218.002821
-359.504675,74,12218.31052
-10.209103,36,12218.47168
-261.153804,52,12218.696708
-128.441313,48,12218.903896
-74.851462,27,12219.014966
-212.693598,45,12219.203602
-343.880957,34,12219.342556
-302.067917,32,12219.475986
177.079024,35,12219.628297
104.983348,17,12219.706175
-84.770557,31,12219.832293
-188.981666,42,12220.010969
-192.415556,42,12220.185771
-322.218339,32,12220.316011
-148.810843,25,12220.422657
-120.736428,57,12220.664817
-530.80599,72,12220.968612
-147.510755,50,12221.314847
-278.404777,46,12221.511323
161.549109,25,12221.619632
-235.596088,36,12221.767412
-371.443805,37,12221.925661
-128.294626,20,12222.009658
-232.838398,34,12222.14705
-222.676366,45,12222.337335
-408.017245,45,12222.554789
-64.490276,25,12222.669467
39.908002,39,12222.853671
-343.617549,49,12231.324865
-53.907469,23,12231.480029
-355.625866,36,12231.650734
-236.782915,48,12231.862661
-212.294545,45,12232.049543
9.546912,30,12232.172111
-328.475899,101,12232.598683
-585.792397,101,12233.034287
-338.840136,53,12233.251449
-173.191343,52,12233.462268
-179.064639,43,12233.644749
-258.468655,37,12233.799264
-217.980658,51,12234.016417
-115.103246,48,12234.215381
-80.705424,27,12234.32657
-286.992797,45,12234.515246
-199.139223,56,12234.753919
-376.28063,38,12234.913589
-108.945969,43,12235.101164
-527.859083,101,12235.513214
-98.563499,30,12235.642784
94.044588,36,12235.788498
-165.983101,37,12235.951831
-200.439386,30,12236.078489
-440.792136,50,12236.28721
-262.27754,50,12236.494926
-364.133568,37,12236.655422
-291.909078,55,12236.894436
-299.049564,63,12237.156114
-470.725543,55,12237.381944
-236.552781,74,12237.691524
-293.132038,82,12238.04013
-318.11049,61,12238.289946
-234.265507,23,12238.387998
-396.655013,42,12238.566724
-94.788258,56,12238.795709
-300.687604,29,12238.920901
-258.842863,37,12239.07904
-415.099495,101,12239.505163
-305.479363,31,12239.624883
-291.475125,55,12239.851025
-52.711138,24,12239.950028
-271.91517,26,12245.788464
-125.23805,32,12245.961683
-137.721605,34,12246.110063
174.528912,22,12246.206909
-382.266307,43,12246.390141
53.972072,23,12246.488082
-275.776801,27,12246.600965
-214.272882,44,12246.78965
-362.195006,67,12247.079692
-14.001467,48,12247.279533
48.061984,23,12247.376316
-208.587417,31,12247.510185
-191.432583,41,12247.680814
-240.392095,36,12247.829019
-153.430666,37,12247.989517
-326.222886,60,12248.240006
-548.411186,101,12248.83574
-275.448547,55,12249.081477
-300.236118,55,12249.317321
-285.040338,56,12249.558755
136.335007,61,12249.826459
-292.463208,30,12249.975272
-83.667417,28,12250.099677
-128.533586,47,12250.345128
-342.142662,38,12250.506697
-163.852658,26,12250.61996
-257.456579,47,12250.821013
20.41902,43,12251.004079
187.462517,19,12251.089398
-281.727904,27,12251.202636
162.719905,24,12251.306391
-176.698766,28,12251.424412
-220.056432,46,12251.612866
-255.734366,35,12251.767509
168.513643,23,12251.866364
-293.764396,54,12252.096661
-158.667167,40,12252.269939
-345.402208,35,12252.421758
-268.361348,40,12252.591053
-195.470191,41,12252.7773
-42.641643,35,12252.923985
-213.95661,18,12252.998282
-578.415824,101,12253.417418
-390.424078,42,12253.600137
-204.659688,31,12253.73752
-430.842693,88,12254.154627
-374.640736,40,12254.37673
-254.828462,35,12254.620572
-235.901314,35,12254.897792
-126.556622,46,12262.306674
-263.68506,50,12262.59013
-151.435523,50,12262.81571
-203.38548,31,12262.960979
-486.048032,91,12263.364572
74.32198,22,12263.461927
-270.923478,52,12263.689953
-120.748923,32,12263.834345
-237.199646,50,12264.054821
-564.865181,101,12264.486594
-197.36261,42,12264.662196
-242.526531,47,12264.854099
-150.609349,22,12264.951454
-328.204344,101,12265.367389
-133.225703,23,12265.464492
-280.935943,52,12265.680448
72.517356,40,12265.847537
-70.555352,37,12265.99908
-245.689043,49,12266.201454
-162.398935,37,12266.353478
-341.823947,45,12266.546061
-181.480654,38,12266.696585
-177.880306,43,12266.934223
-216.972053,45,12267.144076
-62.46858,24,12267.251786
-321.719253,45,12267.457178
-368.192037,37,12267.613013
-122.732027,32,12267.749826
-345.156293,53,12267.969503
-233.755479,33,12268.104303
-194.844114,56,12268.344647
-216.564273,42,12268.533085
-84.983161,29,12268.657974
-383.26594,69,12268.950267
-124.559261,47,12269.146643
49.582035,39,12269.31207
-112.13373,31,12269.440785
-522.729426,101,12270.063294
25.622724,82,12270.417282
-499.431703,101,12270.841564
-301.332041,34,12270.977836
-247.418803,34,12271.116066
-544.745211,62,12278.971664
-556.621008,101,12279.450464
-130.475407,21,12279.537105
-70.316153,26,12279.643831
110.812615,30,12279.769457
-219.081991,32,12279.903732
-220.767464,34,12280.048259
165.561533,25,12280.152294
-6.769594,31,12280.282684
-177.123392,29,12280.403389
-182.424983,40,12280.569888
-221.179184,48,12280.767462
-84.224024,28,12280.884211
102.387103,29,12281.008338
-322.096755,35,12281.148902
-251.02331,37,12281.306408
-247.761535,39,12281.475038
-311.101221,31,12281.602044
-225.429584,45,12281.799155
30.662962,74,12282.112918
-281.199417,28,12282.231677
0.097183,29,12282.354254
-125.529286,32,12282.489757
-393.564901,42,12282.669023
-170.608513,42,12282.848575
-216.503687,34,12283.003532
-54.863415,51,12283.220759
-221.045268,33,12283.354261
-263.695367,53,12283.575013
31.725634,62,12283.839149
-224.143449,36,12283.993427
-204.771106,44,12284.180725
-44.620361,23,12284.274477
-356.432394,37,12284.429993
-508.86777,62,12284.693789
-250.464606,39,12284.848942
-168.03556,39,12285.017926
-145.461187,37,12285.172554
41.013566,41,12285.33756
185.523983,42,12285.506229
-116.440562,60,12285.752829
-100.339855,29,12285.879899
-251.495218,49,12286.084695
-118.846816,32,12286.217707
-64.44935,25,12286.31968
-221.009089,32,12286.457931
-202.514227,43,12286.629771
-276.200259,39,12286.791528
-88.649728,40,12286.966506
-278.260166,39,12287.136055
-193.649065,42,12287.320414
-256.058321,39,12287.48736
-230.36917,34,12293.882485
-174.492322,28,12294.043452
-22.11364,48,12294.260748
-156.729753,37,12294.415235
-224.445642,33,12294.561227
186.031012,42,12294.73998
-273.850329,39,12294.908125
-114.847987,31,12295.04218
-305.900598,45,12295.229901
-245.343182,56,12295.463722
74.570601,21,12295.554904
-242.768668,73,12295.865842
53.806159,38,12296.019776
-247.780498,50,12296.233087
-415.828724,69,12296.529108
-459.275549,57,12296.768509
-246.46584,48,12296.972589
-86.702416,28,12297.090086
-91.052296,41,12297.43309
-549.532646,65,12297.712128
-218.662512,33,12297.847597
-352.171248,51,12298.074822
-55.660569,37,12298.230019
-246.069284,37,12298.386629
-259.262356,50,12298.5965
-250.91422,36,12298.746295
-329.672126,33,12298.881463
-228.132673,46,12299.075198
-304.344981,30,12299.202126
-201.694393,43,12299.378879
213.435806,63,12299.643837
16.836352,42,12299.818531
-253.077692,40,12300.013515
-243.489046,48,12300.237269
-317.447001,44,12300.456569
-138.427305,35,12300.608434
-30.84212,34,12300.752622
-184.166526,42,12300.927713
-467.269595,101,12301.34399
-230.856247,50,12301.558411
-204.103384,32,12301.700068
-186.688703,28,12301.815907
-442.880292,48,12302.019601
-198.059924,42,12302.194891
-298.767259,101,12302.625469
-52.64722,25,12302.726899
-207.587301,101,12311.371191
-166.943483,26,12311.496892
-312.792481,58,12311.774788
-451.616856,101,12312.204233
-358.134196,36,12312.353803
-260.434162,50,12312.56695
235.300599,30,12312.700967
-200.616349,41,12312.877504
-197.40913,59,12313.123504
-200.934171,31,12313.247953
198.263241,19,12313.33011
-403.90467,43,12313.514569
-265.883831,52,12313.817678
-341.225847,36,12313.987428
-286.32995,101,12314.412799
-133.941189,37,12314.581314
-140.524262,48,12314.781318
-120.05417,34,12314.924586
-28.089899,45,12315.110486
-220.338504,50,12315.324147
-244.048965,47,12315.522906
-186.84817,28,12315.642425
-19.954517,35,12315.788483
-141.022751,34,12315.926878
-232.196338,46,12316.126083
-210.005934,45,12316.319337
-464.931562,99,12316.744428
-201.218243,43,12316.924112
-146.030549,23,12317.021425
-189.683192,67,12317.29745
95.842861,33,12317.436531
-159.24308,36,12317.588214
-201.237416,44,12317.779495
-79.30707,27,12317.891716
-118.6082,19,12317.970896
-188.301681,41,12318.143974
-229.884525,46,12318.328617
-276.338738,64,12318.595981
-574.136114,97,12319.15279
-159.51947,37,12319.307928
-267.535892,39,12319.479706
35.715386,61,12319.733898
-314.878672,49,12319.94609
-362.34079,37,12327.536671
-152.017127,34,12327.747959
-45.769378,24,12327.85967
-244.707946,37,12328.014076
-136.363625,35,12328.162993
-172.911968,52,12328.388794
-188.405021,41,12328.567873
-135.17034,37,12328.729899
366.867715,101,12329.15924
-628.343496,96,12329.5697
-357.02498,37,12329.725701
-463.745875,101,12330.150825
-643.219094,95,12330.558421
119.001543,64,12330.831455
-229.526314,34,12330.973138
-420.146275,47,12331.163661
-180.776719,29,12331.28343
-97.405331,44,12331.469858
-191.856817,30,12331.599018
-264.63072,43,12331.791956
207.014739,20,12331.877961
-132.516449,22,12331.973006
-208.629936,86,12332.331863
-371.019139,37,12332.492194
-225.121903,33,12332.629781
-217.407287,31,12332.770292
-128.737552,33,12332.918104
-236.576102,34,12333.06149
-150.486625,36,12333.213712
-154.044684,24,12333.31485
-784.013138,101,12333.741022
-370.478796,57,12333.976564
-60.412843,24,12334.090556
-355.985655,37,12334.257107
-119.075112,19,12334.337936
-173.119946,27,12334.455237
-348.407112,48,12334.657365
-230.400304,101,12335.078984
-54.956952,37,12335.234711
-222.880764,33,12335.388908
178.01759,36,12335.543298
-176.874652,27,12335.653361
-363.191541,51,12335.873143
-310.068618,32,12336.008333
-288.970576,54,12341.961705
-503.744659,83,12342.392657
-174.872556,26,12342.510822
-123.712359,32,12342.65719
-401.4742,43,12342.847531
-131.113821,34,12342.994711
94.52309,33,12343.13279
-342.88224,34,12343.276841
100.804041,29,12343.401411
-267.610384,43,12343.590974
-124.628878,35,12343.734219
-60.583059,37,12343.892492
-145.654235,24,12343.991972
-115.944585,31,12344.122975
-49.629934,37,12344.274528
-293.236537,27,12344.386997
32.693864,41,12344.561172
-46.994173,23,12344.659734
-310.489627,55,12344.887448
-587.223616,82,12345.22476
-367.620323,55,12345.456498
-535.734476,101,12346.077673
-458.734643,101,12346.520253
-241.378587,36,12346.673617
-298.22714,31,12346.813002
-60.337302,25,12346.918793
-161.390166,42,12347.091941
-158.38597,26,12347.215518
-17.178832,76,12348.051133
196.081102,22,12348.145565
-363.824318,37,12348.304192
-309.39066,31,12348.438731
-259.454489,38,12348.598417
200.447624,82,12348.957013
-158.439982,23,12349.052368
-263.766599,40,12349.221757
-189.573268,42,12349.39588
-357.9269,101,12349.814911
-95.468453,30,12349.939886
-220.589186,34,12350.083237
-128.827519,48,12350.286399
-127.534038,36,12350.441794
-89.512285,31,12350.57355
-428.708553,64,12350.844178
-506.116208,57,12351.090433
-194.471234,30,12351.221479
-100.447113,29,12351.34584
-351.765945,37,12359.571045
-80.738289,27,12359.737136
-232.901212,60,12360.004341
-350.568586,37,12360.163264
-160.437341,41,12360.330759
-7.851161,34,12360.475191
-285.416371,41,12360.641047
-218.286555,34,12360.782646
-331.643382,46,12360.976501
-64.089479,25,12361.075365
-32.703794,34,12361.216196
-273.180413,51,12361.425033
-149.734861,87,12361.794965
-244.483686,50,12362.009318
-374.262688,37,12362.159196
-344.259168,36,12362.306169
-598.337331,97,12362.71665
-112.025946,64,12362.98764
-469.468808,87,12363.340563
-107.481883,44,12363.523272
-500.745187,58,12363.760569
-278.592263,53,12363.97368
-227.087097,46,12364.166346
-306.252742,58,12364.406986
-282.3773,43,12364.581486
-187.620333,43,12364.770938
-156.10161,50,12364.979255
-266.477275,37,12365.140176
-154.869973,39,12365.304974
-303.504328,31,12365.42631
122.797399,34,12365.567345
-312.264606,33,12365.703919
42.045437,24,12365.79979
206.164008,33,12365.931702
-225.31028,47,12366.122313
-114.304226,35,12366.263012
-107.907043,30,12366.381974
-356.839405,53,12366.594938
-196.219892,30,12366.717337
-214.986106,33,12366.854186
69.445173,51,12367.06637
-38.038089,23,12367.160906
-287.16728,30,12367.280419
-413.857751,48,12367.477088
-631.025252,63,12367.913733
-351.503958,37,12368.075924
-227.069963,32,12368.207985
78.187974,78,12376.680201
-148.900672,48,12376.92125
-258.602738,62,12377.199844
-139.369388,23,12377.296856
173.606884,35,12377.450313
-323.096006,36,12377.609065
-247.011548,25,12377.713566
-123.425162,20,12377.800443
6.23522,51,12378.024353
-353.453547,37,12378.179973
-187.235104,41,12378.347661
-72.237648,27,12378.461643
-265.795226,52,12378.669416
-197.554869,32,12378.802968
-328.572848,32,12378.944664
-271.465881,42,12379.123166
-250.134246,24,12379.225704
-178.423841,28,12379.341953
-64.862206,25,12379.445519
-214.789227,44,12379.627085
-126.421854,35,12379.789438
-136.861044,46,12379.97931
3.34201,32,12380.113999
-112.957323,33,12380.255934
-20.518754,48,12380.454428
-237.536865,34,12380.590364
-53.12997,24,12380.688215
-353.652573,37,12380.850079
-32.644041,34,12380.992696
-102.567062,31,12381.114862
-125.543881,35,12381.254382
-231.026137,46,12381.438071
-121.552416,36,12381.588903
-174.110905,37,12381.738667
-53.349507,24,12381.840536
-263.650872,41,12382.013268
-321.521752,45,12382.202794
-374.85879,37,12382.352673
-52.186633,24,12382.451898
-223.094469,35,12382.594819
-297.615545,43,12382.778965
48.124198,23,12382.875257
-266.40746,101,12383.29964
-62.964243,26,12383.415466
-342.808752,33,12383.553334
-214.917055,45,12383.743616
-284.410545,57,12383.9793
-244.175592,48,12384.179064
44.612608,41,12384.341442
-46.525916,23,12384.436921
-93.013968,32,12384.570802
-102.990224,42,12384.751085
-85.551844,28,12384.867391
-306.954428,44,12385.051116
-277.431299,38,12391.232821
24.446511,29,12391.376103
-141.455967,36,12391.535674
-32.55672,22,12391.626633
-121.257802,32,12391.764739
-66.305098,39,12391.924196
-150.027841,36,12392.085376
-184.034126,54,12392.32474
-165.072663,24,12392.426847
-94.443274,42,12392.610575
-238.388664,36,12392.756691
-387.851246,41,12392.944274
-231.197622,45,12393.18313
-112.704038,36,12393.332024
-150.259623,27,12393.443252
-128.562221,21,12393.530699
81.132825,52,12393.741365
-268.663693,38,12393.893619
-355.814262,51,12394.099878
-170.95317,37,12394.252031
-265.823337,52,12394.461052
-142.647301,47,12394.652004
-132.147463,47,12394.84043
-421.331028,54,12395.06335
-249.032292,37,12395.40698
-278.97315,42,12395.586622
149.088686,59,12395.834939
-210.484795,46,12396.030689
-340.384607,37,12396.184131
-220.578834,31,12396.309498
-317.064118,46,12396.502625
-211.506959,44,12396.717121
-256.598466,36,12396.876699
-242.537671,55,12397.123508
160.705694,24,12397.229645
82.619511,44,12397.418013
-138.73795,37,12397.566117
-267.131806,52,12397.783326
-166.685582,38,12397.939988
-286.095269,41,12398.115653
-388.736128,41,12398.306129
91.243213,43,12398.510051
-297.885622,45,12398.695813
-303.038409,43,12398.87694
60.064122,23,12398.972358
-528.918009,101,12399.390523
-331.551476,33,12399.521448
-735.083663,86,12399.87063
-226.31723,101,12409.302053
-270.193883,70,12409.61389
-145.867244,23,12409.707139
-401.974924,56,12409.943261
-67.479122,26,12410.05172
78.508792,53,12410.285673
-193.736515,41,12410.45705
-329.591779,66,12410.738697
-91.773277,43,12410.91915
-316.699367,46,12411.113585
-35.068113,37,12411.276575
14.229037,40,12411.435561
49.127137,85,12411.796619
-130.606115,22,12411.888835
-60.777976,25,12411.992854
-338.237005,36,12412.150474
-188.004759,41,12412.320305
-269.493876,25,12412.430386
-158.8635,24,12412.529637
-40.525242,47,12412.724061
-221.934443,18,12412.799322
-251.929467,62,12413.062274
-108.412878,43,12413.239314
-221.159187,46,12413.434855
-9.835437,44,12413.618677
-381.21877,50,12413.827789
-363.271702,38,12413.993832
-118.74184,47,12414.195505
-159.740576,27,12414.305019
-136.78033,46,12414.495274
-129.344586,34,12414.640834
-257.706394,37,12414.798872
-336.146233,60,12415.039691
82.825102,42,12415.217761
-38.349753,35,12415.362509
-520.860438,75,12415.670149
262.039188,38,12415.833539
-103.210006,33,12415.968477
-323.226019,45,12416.1575
-112.850692,31,12416.291556
-544.62593,84,12416.645648
-335.972493,40,12416.814904
-305.17539,43,12416.992131
-258.487976,23,12417.087749
-82.855286,27,12417.19882
-403.284887,70,12417.492571
-49.630345,49,12425.922849
-147.838082,38,12426.154521
-167.318241,38,12426.436718
-310.889993,49,12427.024404
-292.165644,46,12427.476087
-200.387474,31,12427.782934
-469.921724,52,12428.057219
-45.120701,23,12428.164788
-306.914212,30,12428.313133
-255.349968,35,12428.492027
-108.867058,33,12428.638071
-160.016128,41,12428.809855
62.714073,34,12428.961858
-383.639177,65,12429.230985
-156.129048,26,12429.339097
-165.263478,39,12429.510508
-61.687638,37,12429.660518
-180.873005,44,12429.847141
37.494672,41,12430.022849
-98.12403,42,12430.204418
-127.309001,33,12430.341449
-177.579392,41,12430.5128
-347.444314,44,12430.69885
-183.805586,30,12430.831736
-321.249073,32,12430.974826
-350.802219,37,12431.135804
-66.986131,98,12431.562891
189.863416,20,12431.647573
-265.860765,39,12431.808028
-204.525312,56,12432.044476
-241.291962,46,12432.227431
-341.662805,101,12432.645815
-24.611145,47,12432.842389
-330.56095,46,12433.022152
-85.857203,41,12433.190127
-152.201768,25,12433.293085
-236.399625,37,12433.451929
-355.438988,101,12433.882353
-120.07596,35,12434.088149
-268.84429,38,12434.280156
-67.649118,26,12434.389543
-145.462465,49,12434.589872
-256.01505,52,12434.801535
32.73275,42,12434.973121
-354.769673,37,12435.12287
-485.009484,101,12435.570738
-167.379826,25,12435.672767
-153.198755,47,12441.613801
-58.249093,25,12441.731291
-149.113571,39,12441.89446
-265.399973,42,12442.072536
-87.187806,28,12442.192022
-201.973589,43,12442.373698
-107.277874,44,12442.558151
-151.331475,36,12442.707691
-370.112947,37,12442.866301
-132.706967,37,12443.020856
-74.344642,26,12443.125744
-208.78816,33,12443.269266
110.760595,40,12443.43944
106.644656,31,12443.574076
28.460536,42,12443.751516
179.97616,20,12443.832984
-250.120832,48,12444.038287
-206.968456,56,12444.272583
-137.67969,38,12444.431867
-213.370939,33,12444.562818
-139.273156,48,12444.775224
-157.627213,26,12444.883434
-210.515789,33,12445.026052
-410.9325,42,12445.197428
-72.682138,81,12445.537136
-247.531236,37,12445.697531
-55.263326,94,12446.224668
-183.800684,40,12446.385316
-332.567478,49,12446.593525
-452.589772,69,12446.886706
-243.187468,23,12446.980689
-127.539158,46,12447.177633
-81.620115,28,12447.295033
-44.040265,50,12447.540041
-305.090853,53,12447.792139
-213.502514,43,12447.96963
-189.52753,42,12448.15297
-262.579192,37,12448.313492
-98.722739,31,12448.44623
-128.436011,38,12448.614241
6.559613,47,12448.807018
-38.739039,21,12448.892621
60.081009,38,12449.05344
-146.82238,37,12449.205842
-130.615496,46,12449.394912
-198.055819,65,12449.673574
-602.240356,76,12449.997888
-251.970848,24,12450.095375
-186.960881,40,12450.260532
-331.865103,37,12458.907247
-313.097522,33,12459.067841
-335.856298,101,12459.498915
-176.542703,29,12459.624222
-157.269453,51,12459.841553
-289.789043,54,12460.065892
-319.73026,45,12460.255626
-174.82982,29,12460.376296
-176.268596,29,12460.501336
-138.455622,48,12460.742084
203.099285,23,12460.853477
-108.157139,34,12461.004242
-332.637778,59,12461.257784
-370.488783,55,12461.479423
-189.186646,41,12461.645043
-271.732209,40,12461.814215
-168.670491,42,12461.987292
-196.878681,64,12462.24936
-206.692761,43,12462.435182
-232.417394,46,12462.625317
-373.171174,37,12462.782374
-173.072841,41,12462.95521
12.4507,31,12463.093268
-106.120507,33,12463.233742
129.042412,28,12463.346653
-208.041082,31,12463.47677
-801.961977,101,12463.913788
-206.521305,46,12464.105284
-230.119907,48,12464.306213
-17.071929,46,12464.4922
-64.912055,38,12464.648928
-202.445351,32,12464.783063
-46.266224,35,12464.927369
-359.05201,37,12465.07823
-336.17073,49,12465.281713
-242.486043,35,12465.42019
-344.487382,37,12465.573872
-148.070348,39,12465.736842
-235.693867,51,12465.958213
-372.599318,38,12466.11373
109.208846,72,12466.416047
-145.71977,36,12466.561315
2.288813,42,12466.738263
-121.163441,33,12466.873471
-313.911557,69,12467.169161
102.814727,32,12467.295211
96.231067,36,12473.156289
-265.30852,40,12473.385377
-89.873509,28,12473.511841
-288.409209,57,12473.92973
-125.333543,47,12474.135947
-1.04582,55,12474.37038
-249.122191,22,12474.459932
-150.665527,35,12474.602119
-402.618701,57,12474.840756
-114.329954,35,12474.994412
-226.515515,45,12475.193553
-242.686785,47,12475.381844
31.006865,41,12475.557223
-275.883647,43,12475.730094
-450.533184,68,12476.034841
-237.296578,34,12476.187678
-33.419095,48,12476.425606
-226.760895,33,12476.567151
-666.237974,80,12476.905603
-310.007853,65,12477.172654
135.606643,45,12477.353658
-71.370271,54,12477.585565
-272.07065,54,12477.818737
-231.887283,20,12477.903917
-40.837413,23,12478.002314
-46.413516,23,12478.10355
-372.639511,37,12478.260512
-127.516052,33,12478.397222
-264.234765,38,12478.559788
-170.303865,29,12478.683123
-233.356309,47,12478.881866
-492.021426,101,12479.319718
-133.730896,37,12479.475685
-209.170565,33,12479.615687
-17.778595,31,12479.750866
-588.640644,101,12480.178876
-201.6736,42,12480.422788
-425.633013,60,12480.868552
-170.98251,39,12481.1517
-374.501758,37,12481.417394
-252.507405,50,12481.794438
-201.500295,44,12482.133562
-708.117155,93,12482.720569
-461.226317,101,12489.957121
-139.149889,34,12490.15598
-166.866253,26,12490.269546
-380.270173,54,12490.501016
-114.054565,19,12490.586852
-139.582092,24,12490.684003
-141.708636,23,12490.784531
-88.387551,30,12490.912414
-83.77392,43,12491.099009
-183.774149,54,12491.32782
-185.288697,40,12491.500512
-346.625172,46,12491.691127
-139.927648,22,12491.785356
-31.902111,37,12491.942192
-78.40691,27,12492.052349
-211.977885,43,12492.230249
-63.626828,25,12492.334386
-102.465179,45,12492.518354
-216.931886,34,12492.664816
-146.202168,37,12492.844573
-319.665551,39,12493.012792
-189.976993,55,12493.241352
-251.952681,36,12493.387891
-137.920015,37,12493.547504
-204.409964,30,12493.673436
-131.66886,22,12493.77762
-159.96647,51,12494.002653
-219.797949,44,12494.189561
-611.366393,88,12494.558816
-446.627796,83,12494.934406
-269.678953,39,12495.218541
-452.163477,69,12495.517528
-108.317626,30,12495.650192
-348.486829,37,12495.812069
-320.641429,35,12495.965409
-128.104775,35,12496.110586
-150.51436,22,12496.199454
-126.895281,45,12496.405117
-363.849439,37,12496.579842
-153.035795,36,12496.74392
-357.190433,47,12496.95014
-149.551191,48,12497.147783
-251.878654,22,12497.241799
-187.818463,40,12497.414536
-130.340088,23,12497.507002
-126.339201,33,12497.646649
-92.819309,29,12497.770208
-222.798355,45,12497.961506
-136.822493,34,12498.107956
-99.986206,47,12498.305985
-72.174857,90,12498.695615
-151.784005,48,12498.893972
-297.3213,29,12507.271142
-8.987984,33,12507.460593
-229.893711,58,12507.709078
-264.235015,26,12507.811941
-296.682815,44,12507.993708
-214.295908,33,12508.12466
-310.552915,45,12508.306234
-332.691285,101,12508.738085
-41.56778,35,12508.882947
-428.233128,69,12509.166307
49.52581,52,12509.378728
-168.479564,26,12509.4826
-132.466082,36,12509.626518
-138.016687,36,12509.784758
-176.160683,52,12509.999881
-333.590253,48,12510.206657
-117.448062,32,12510.341132
-444.483131,71,12510.626612
-73.276541,43,12510.807505
-107.727201,32,12510.943732
-277.318538,43,12511.119656
-157.934584,26,12511.232725
-47.237209,40,12511.393719
-225.325214,18,12511.469633
-432.124622,101,12511.896196
-181.438528,27,12512.010458
-249.38148,36,12512.163588
3.522271,40,12512.329052
-277.665549,39,12512.494842
-209.263298,31,12512.622941
-139.956802,63,12512.898299
-2.792543,30,12513.016416
-13.10269,33,12513.148305
-468.314896,101,12513.571125
-100.347356,29,12513.685923
-217.584874,45,12513.873951
-217.468802,32,12514.008352
-149.907229,24,12514.107604
-310.859495,42,12514.285832
-262.212564,38,12514.442215
-112.576219,32,12514.577135
-257.059307,39,12514.7418
-371.700665,84,12515.10652
-88.260999,28,12515.226495
-14.347717,46,12515.42093
-71.085695,38,12515.575106
-292.083965,32,12515.713515
-102.55971,31,12521.644421
-184.743129,42,12521.861822
-153.214764,40,12522.032087
-367.114085,37,12522.185303
33.219648,32,12522.323936
-137.056666,61,12522.730984
-328.746002,34,12522.88963
-142.089924,35,12523.040856
-157.869659,52,12523.260241
-213.790803,47,12523.457856
-138.674783,38,12523.616575
-164.674848,26,12523.725146
-117.318823,32,12523.882645
-157.079747,38,12524.05502
-163.370042,94,12524.470888
-129.595243,33,12524.606636
-256.993658,24,12524.71222
-220.526356,46,12524.909105
116.852267,30,12525.042326
-332.766601,101,12525.464652
-226.372972,46,12525.666897
-269.106936,39,12525.835717
94.663146,33,12525.975693
-150.630814,39,12526.149684
-669.604649,77,12526.484228
16.952747,42,12526.657523
200.77799,18,12526.732639
-158.330994,36,12526.879929
-225.659112,37,12527.040971
-32.422556,36,12527.193869
-339.98534,47,12527.39226
-119.475698,47,12527.596145
-470.059112,61,12527.866235
-270.234068,37,12528.025822
178.625819,37,12528.23209
56.507498,38,12528.443608
-155.551791,24,12528.650937
-382.138905,45,12529.125836
-456.670896,61,12529.675968
-173.275214,50,12530.142205
-187.007151,53,12530.741333
-215.427586,44,12531.096839
-471.984097,57,12531.561479
-66.694517,25,12531.777354
-227.870999,21,12531.943999
-187.73108,31,12532.128124
121.937345,80,12532.465488
-127.776853,34,12538.315736
-459.172957,59,12538.630351
-118.88277,20,12538.711034
-103.325911,43,12538.889589
-148.316009,37,12539.053109
-85.528706,29,12539.176175
-169.605753,27,12539.288968
-189.799981,27,12539.405542
-157.067302,25,12539.509954
199.366449,27,12539.625897
-245.909737,48,12539.817505
-207.673866,33,12539.953978
-57.706753,24,12540.053657
-97.962413,31,12540.181476
-52.498238,37,12540.333814
-184.149122,40,12540.507086
-248.18547,39,12540.667899
-126.304346,59,12540.928562
-188.539172,40,12541.103319
35.636804,40,12541.269589
-351.944365,37,12541.428036
-242.05546,38,12541.586702
-207.34271,30,12541.712979
-240.124256,47,12541.910094
-105.874829,32,12542.049174
18.779826,28,12542.169616
-341.405365,36,12542.32122
-308.333427,43,12542.502858
-96.019095,30,12542.630963
-354.183966,52,12542.847247
-213.472533,44,12543.035181
-117.49185,46,12543.232931
-213.555165,34,12543.382104
66.11812,81,12543.721602
-390.240686,41,12544.053351
-147.322713,23,12544.146955
-181.150592,40,12544.31091
179.141769,21,12544.397832
-746.895686,101,12544.82323
-128.326657,48,12545.035549
-270.667956,31,12545.164325
-543.409274,101,12545.578
-27.554972,36,12545.734724
94.996819,87,12546.160699
50.507459,28,12546.325565
-175.718145,39,12546.496372
272.48736,33,12546.6412
-129.932541,21,12546.727351
-230.098382,36,12546.893604
-100.764008,30,12547.057232
-116.351087,32,12547.19114
-46.306204,23,12547.294688
-152.150082,37,12555.359379
-249.268564,23,12555.477418
-269.420505,101,12555.901164
-406.125055,75,12556.218745
-218.421879,47,12556.411767
-309.778347,32,12556.549198
-79.543159,29,12556.67869
-331.942691,52,12556.89112
-353.184323,50,12557.099593
-197.70931,42,12557.268426
-31.049621,47,12557.4596
-332.631429,45,12557.651284
-158.671139,38,12557.819421
-233.166345,22,12557.915081
-68.204575,37,12558.081142
-55.715102,23,12558.174275
-180.419974,40,12558.338387
-326.414654,36,12558.487314
-76.914285,60,12558.74272
-236.623767,48,12558.949047
-325.846427,57,12559.184064
-234.487007,38,12559.334927
-259.797981,39,12559.497425
-352.388145,37,12559.653938
206.391222,24,12559.753017
-177.377712,29,12559.875455
-306.977669,32,12560.019454
-26.474488,38,12560.18363
-85.812893,28,12560.29758
-265.907839,27,12560.412415
-77.182489,26,12560.520903
-319.383159,59,12560.773693
86.957172,33,12560.917608
-167.8026,29,12561.040775
-219.285603,35,12561.19017
-47.521292,23,12561.288132
-123.827562,35,12561.43426
-136.829389,47,12561.631364
-364.804574,41,12561.802996
-175.484661,26,12561.90988
-391.704534,40,12562.08525
-184.11658,28,12562.209842
-170.486388,40,12562.376492
-225.902199,45,12562.563152
-260.108092,50,12562.77313
-353.249234,38,12562.930111
-208.284818,33,12563.07216
-312.949986,44,12563.259513
-137.329773,47,12563.461889
-193.422586,39,12563.625236
-288.753047,101,12569.734203
-47.512176,23,12569.8411
-241.682928,40,12570.013822
-227.746317,21,12570.101377
-153.517275,48,12570.298198
-220.205574,36,12570.444903
-129.138041,22,12570.539358
-307.579605,44,12570.718777
-187.705979,30,12570.846828
-169.977849,37,12571.193528
-121.628259,20,12571.278447
-262.780849,40,12571.449634
-218.222058,45,12571.641591
135.337239,24,12571.744444
-72.698103,29,12571.867479
-98.428365,29,12571.986969
81.107642,35,12572.139742
-334.162594,36,12572.298494
-285.059071,44,12572.498964
-128.736821,33,12572.641221
336.025264,49,12572.869824
-74.972065,27,12572.983347
-201.373223,41,12573.157409
-233.37835,47,12573.356063
-123.598782,21,12573.449651
-148.071411,52,12573.665798
-65.582243,37,12573.82253
-107.661602,43,12574.006002
-103.848998,44,12574.190596
-138.36236,54,12574.429348
-379.473244,54,12574.667396
-131.124548,48,12574.866093
212.786629,55,12575.097457
-229.892222,35,12575.255177
452.757792,50,12575.466267
-26.720237,49,12575.676699
-371.419089,37,12575.846404
-44.101624,35,12575.99273
-253.037709,37,12576.14519
-219.531508,45,12576.335451
-74.338618,27,12576.45323
-188.053381,30,12576.605074
-135.126528,37,12576.824723
-226.680295,46,12577.085326
-363.132609,37,12577.428611
-99.079028,42,12577.807429
-513.722528,101,12578.862828
-153.32781,39,12579.239256
-68.902651,38,12579.603761
-118.136563,44,12580.119788
164.118979,37,12580.432235
-24.520938,20,12580.553559
-168.319801,27,12586.864671
-273.61342,101,12587.350322
-60.79288,25,12587.456632
-365.163543,39,12587.619106
-151.98226,53,12587.83741
-254.658274,61,12588.083416
-134.137886,36,12588.224405
-378.80556,40,12588.391079
-497.22871,70,12588.668536
-195.987849,43,12588.850504
-307.949472,55,12589.085455
-203.385506,43,12589.261741
209.755794,39,12589.428825
298.657515,22,12589.520076
-162.572353,25,12589.626264
199.263989,19,12589.713261
-33.692041,36,12589.872211
-153.400212,27,12589.985433
-203.236669,55,12590.224031
-167.282019,30,12590.36334
-158.763475,40,12590.543382
-284.246854,43,12590.72491
-285.262719,42,12590.904704
-30.941779,46,12591.096357
86.188269,44,12591.314158
-676.529337,87,12591.676178
-184.834375,28,12591.791713
-235.409349,21,12591.88238
-212.120703,33,12592.020571
-450.02837,71,12592.31829
-203.098246,46,12592.508845
-172.015819,54,12592.740072
-149.244224,23,12592.979438
-397.708407,89,12593.525474
-123.551071,47,12594.079219
-263.383593,37,12594.26293
-154.651052,37,12594.423538
-235.823943,47,12594.619071
-438.183978,56,12594.878399
-309.690441,34,12595.037099
-218.014479,48,12595.265249
-319.641179,62,12595.561361
-76.22623,27,12595.679319
-166.55745,56,12595.911759
-591.705392,101,12596.350841
-144.308929,36,12603.879533
-337.563799,37,12604.049645
-154.215002,23,12604.145644
-355.443141,101,12604.570972
-91.545315,29,12604.698582
-157.905512,26,12604.820302
-34.064739,50,12605.034993
-348.659424,37,12605.187878
-185.889539,30,12605.314103
-501.644041,101,12605.745279
-214.981689,44,12605.924688
162.394918,25,12606.030248
198.664953,22,12606.12725
-146.649737,37,12606.280608
-257.696167,51,12606.495213
-365.156979,37,12606.649034
-314.47584,44,12606.831276
-347.420159,52,12607.051157
-224.610246,35,12607.20572
-365.121595,37,12607.357177
-129.755162,34,12607.503517
-356.654772,37,12607.658313
-9.920466,31,12607.790518
-217.622718,45,12607.975687
-128.102105,40,12608.147673
-259.398696,37,12608.306025
-205.248422,58,12608.592349
-146.566571,23,12608.692732
-218.398843,45,12608.892047
-87.003821,29,12609.016038
-302.061827,45,12609.214261
-269.429174,37,12609.374362
-73.589321,26,12609.486442
-174.323546,39,12609.648353
-227.383657,45,12609.832933
-106.689863,44,12610.015609
-140.97084,33,12610.155295
-78.110216,46,12610.340869
189.55847,56,12610.582195
-107.336791,45,12610.770039
79.432339,35,12610.916317
-50.475128,38,12611.066817
-154.582033,25,12611.172662
-330.387362,34,12611.318107
-53.315623,24,12611.421325
-125.375432,44,12611.611
-388.04512,101,12612.019813
-68.126807,101,12618.15366
-177.790282,54,12618.451923
-304.045071,45,12618.638566
-293.565138,41,12618.815854
-706.977033,101,12619.229776
-167.3844,37,12619.38381
-143.365369,23,12619.480494
-482.182263,50,12619.683037
-581.359241,101,12620.246066
-67.191942,38,12620.407002
-174.258127,25,12620.513474
-77.449133,27,12620.623956
-623.49779,68,12620.904075
-108.490149,33,12621.039438
86.217176,79,12621.411106
-78.784719,61,12621.710816
-138.856123,22,12621.803731
-370.094766,37,12621.961095
-220.151268,32,12622.101337
-113.529854,31,12622.233433
-197.421215,42,12622.410474
-164.988848,37,12622.565562
-209.977453,30,12622.694638
-358.966137,37,12622.849739
-305.604226,33,12622.999886
-432.179879,59,12623.249461
-157.389965,25,12623.356653
-294.663133,28,12623.47606
199.319523,24,12623.577676
-314.178173,57,12623.814618
-53.324905,38,12623.977794
-373.737937,51,12624.188338
-139.957117,23,12624.288763
-273.973381,26,12624.405523
-274.014631,52,12624.632482
-314.435735,56,12624.870974
-484.69542,89,12625.242591
-139.707022,38,12625.398242
-497.857792,66,12625.712396
141.440737,44,12625.960639
-205.370586,43,12626.296545
-133.766516,47,12626.719483
-144.751808,34,12627.184045
-366.553902,37,12627.617219
-136.312475,101,12628.919007
-216.212183,44,12637.082367
-220.007574,44,12637.301864
-232.538552,49,12637.504308
-48.272594,23,12637.598433
-311.781425,63,12637.84881
-230.640215,45,12638.029733
-233.382503,39,12638.192122
-180.281447,57,12638.428417
-556.88603,101,12638.841606
-252.582637,40,12639.011577
-352.803653,55,12639.235975
-138.493245,35,12639.391156
-65.415919,27,12639.50934
-112.207393,62,12639.772528
-10.031656,34,12639.919915
-519.135706,68,12640.198876
-326.77381,34,12640.339278
-359.155978,38,12640.492836
-217.568352,43,12640.662211
-373.413069,37,12640.810122
-218.758558,45,12641.004659
-486.024163,97,12641.416687
-118.186209,45,12641.607032
-261.20829,25,12641.71031
-470.648461,65,12641.982813
-89.799362,31,12642.109657
148.625264,51,12642.323171
-335.593769,47,12642.516283
-247.668049,48,12642.716831
-521.013702,57,12642.963172
-274.548032,40,12643.133833
-264.759491,24,12643.228731
-212.136909,31,12643.519504
80.190309,36,12643.66774
-89.507149,41,12643.852943
-434.327267,46,12644.040714
301.505386,29,12644.159947
-150.406969,23,12644.257136
-258.458197,38,12644.419476
-220.448364,47,12644.611464
-179.270829,40,12644.781632
-213.719198,45,12645.01253
-26.049674,33,12645.18109
-233.054136,19,12645.271506
186.615231,22,12645.365164
-195.763894,30,12645.499261
-226.395516,46,12645.699311
-360.315828,37,12653.378
-150.67017,36,12653.585357
-167.827854,67,12653.881457
134.365413,41,12654.059235
186.713489,19,12654.141218
-232.082048,46,12654.334219
-231.497115,20,12654.411763
-206.438977,30,12654.534976
-118.553173,34,12654.682957
-65.48013,25,12654.787132
-95.60009,32,12654.924063
-57.784168,37,12655.076194
-378.356939,40,12655.241718
-154.565364,40,12655.422052
-359.988366,38,12655.578944
-191.79004,42,12655.757025
-119.676411,32,12655.884297
-333.50384,44,12656.062918
-667.95857,101,12656.49252
-125.219024,34,12656.637751
26.181401,41,12656.807734
-188.176172,42,12656.99267
-113.370043,30,12657.117748
-168.489831,37,12657.272709
-361.700389,37,12657.429762
-40.081607,37,12657.580619
-13.302061,34,12657.719432
-259.864025,36,12657.868127
-154.250305,23,12657.963167
-317.567566,33,12658.10215
-235.607372,46,12658.294232
-216.216919,32,12658.434392
-172.795179,26,12658.539206
-256.418808,38,12658.705197
-258.059139,40,12658.873782
-119.211944,44,12659.067306
-256.056528,66,12659.343004
-171.050353,26,12659.451293
-118.597597,19,12659.533892
14.081196,44,12659.725624
188.367043,19,12659.809606
-216.795906,44,12659.999315
-73.044673,27,12660.110721
-427.433042,43,12660.291571
-218.759507,44,12660.486197
-348.212943,37,12660.64634
-374.739175,40,12660.813429
-191.47025,41,12660.981584
-136.85525,34,12661.122231
-259.228604,38,12661.285295
-199.524032,55,12661.517494
-299.135446,85,12661.87888
-196.735032,29,12662.000976
-288.40253,82,12668.041885
-414.277358,43,12668.224337
-288.097361,53,12668.482918
-372.928899,50,12668.701471
-139.18178,34,12668.843739
-141.271577,24,12668.946788
-214.832998,48,12669.149922
-226.651871,45,12669.34387
-217.078699,46,12669.529242
-595.438405,68,12669.807279
-246.588656,49,12670.016216
-113.925562,31,12670.276131
-420.389358,64,12670.55845
-313.282606,43,12670.745436
-150.806332,39,12670.917239
-163.50596,53,12671.139626
-128.498156,47,12671.351339
-360.049882,39,12671.544978
-280.691944,53,12671.814771
-138.55017,34,12671.961829
-140.492844,34,12672.101427
-395.65385,41,12672.266216
-129.591897,21,12672.354225
-86.835585,30,12672.483201
-140.467165,34,12672.63163
-198.553612,43,12672.851395
-146.637293,49,12673.067648
-251.516536,37,12673.221554
-150.163106,39,12673.389826
-318.226054,82,12673.732982
-397.818695,44,12673.916909
-55.856955,36,12674.07495
-369.809195,39,12674.232502
-309.641749,42,12674.401261
188.029184,23,12674.500669
-235.391766,36,12674.650003
-155.963667,36,12674.801578
-45.770028,23,12674.900591
166.13354,23,12675.01513
-222.037179,33,12675.209498
-160.187542,38,12675.401934
-147.328684,35,12675.53977
-222.133479,35,12675.721552
-377.417481,41,12675.938005
115.294893,43,12676.178699
-372.001425,39,12676.455562
-161.48794,38,12676.754282
86.685458,32,12677.063092
-124.31611,47,12677.540603
-175.138433,39,12685.867143
-273.635993,28,12686.033984
-160.144262,48,12686.238361
-171.965016,40,12686.400068
-249.548056,36,12686.54441
-601.079019,101,12686.976859
-185.964991,39,12687.141876
204.019411,20,12687.227314
-30.835299,33,12687.366968
-131.251817,48,12687.573511
-452.890173,101,12688.00581
-498.492934,94,12688.40146
-103.900262,30,12688.531207
-177.503707,55,12688.767935
-116.842258,35,12688.922619
166.353742,37,12689.078482
-155.250989,25,12689.189941
-367.554954,101,12689.609285
-138.896341,24,12689.713722
261.170029,53,12689.945296
-112.215159,32,12690.081475
126.972538,48,12690.27938
-219.537968,46,12690.475743
-81.985069,27,12690.596654
42.484586,40,12690.764461
-170.198115,37,12690.922555
-504.157126,101,12691.342459
-154.534798,26,12691.448441
-298.654917,29,12691.565586
-282.212132,41,12691.732615
-100.503833,56,12691.976337
-406.159695,46,12692.172304
-157.49541,26,12692.287489
-532.657231,58,12692.533038
100.960148,72,12692.970667
7.861109,32,12693.098941
-51.560281,25,12693.208144
-375.064704,37,12693.365114
-263.463341,52,12693.593347
-60.474686,41,12693.761032
-278.099037,66,12694.052265
-441.338736,101,12694.521769
-217.524916,59,12701.949573
-200.867721,44,12702.188831
-321.067599,40,12702.35913
126.864843,47,12702.562952
-222.465564,44,12702.755197
-193.693225,41,12702.935808
-255.959001,35,12703.092214
-417.044987,60,12703.347231
-29.237045,34,12703.494573
-242.70131,38,12703.655218
-92.267809,29,12703.780687
-52.629265,24,12703.87768
-159.008859,37,12704.03343
-35.29501,34,12704.178051
-204.290137,42,12704.354487
-181.499985,44,12704.539264
-234.857132,36,12704.693988
23.198156,29,12704.811074
-236.715691,21,12704.903307
-262.087759,53,12705.13468
-121.635674,19,12705.217016
-170.722853,28,12705.329073
-361.098192,47,12705.526457
-156.64134,23,12705.616782
-266.550429,79,12705.943512
30.932514,41,12706.111599
-148.184374,25,12706.217412
167.26235,23,12706.313174
-426.462534,47,12706.508401
-389.70151,57,12706.745288
-488.705734,55,12706.977643
85.940984,34,12707.134485
-53.532793,24,12707.238178
-279.810716,28,12707.34941
-170.822518,50,12707.556898
-294.790965,47,12707.748229
-126.800575,33,12707.890828
-243.841745,53,12708.108796
-123.120683,45,12708.293262
117.425026,79,12708.627715
-305.671984,42,12708.803294
-130.117225,33,12708.945514
-203.575138,45,12709.132053
-328.806487,37,12709.28314
-94.7327,29,12709.4015
-293.758636,45,12709.590101
-315.186553,33,12709.734971
60.265825,24,12709.835512
-514.932977,101,12710.253804
159.244707,37,12710.412641
-351.925001,32,12710.552966
-281.594362,26,12716.450114
146.470869,67,12716.78481
-273.436232,52,12716.999728
-58.659186,26,12717.108352
-571.768235,96,12717.497143
162.711613,24,12717.596468
-93.688304,30,12717.718184
-491.727771,83,12718.047494
-210.177428,44,12718.229026
-139.971348,37,12718.386667
-112.309798,33,12718.518086
-14.358383,33,12718.657044
-414.837333,56,12718.888494
-205.671916,43,12719.250556
-350.312497,49,12719.453191
-204.504414,44,12719.629012
-144.05423,23,12719.731538
97.494708,30,12719.858072
-344.781321,59,12720.104634
-481.678852,72,12720.404612
-3.429989,31,12720.532807
-242.519008,59,12720.790193
45.500726,39,12720.986726
-120.744772,32,12721.130238
-102.232645,56,12721.417155
-130.240892,33,12721.555851
183.383177,48,12721.754422
-455.325454,51,12721.971567
-143.696198,34,12722.108151
-39.166109,21,12722.197522
-181.67663,40,12722.363219
-145.686924,24,12722.463108
-272.601082,41,12722.633661
-45.867377,23,12722.734847
-373.705265,37,12722.886643
-34.421281,36,12723.041378
-277.019677,57,12723.280696
-121.618817,59,12723.529706
-235.463318,33,12723.673495
-32.944932,33,12723.818741
-220.25481,38,12723.98302
3.869421,32,12724.169991
-97.395164,33,12724.320598
-253.417527,23,12724.416541
-155.248573,24,12724.5122
126.740268,79,12724.831639
-322.619999,36,12724.982581
-547.922856,101,12733.659191
-338.43796,59,12733.953275
-131.599233,49,12734.165896
-321.234512,31,12734.294983
-71.57042,52,12734.514675
-226.436884,33,12734.647399
-310.418651,43,12734.839099
-185.155229,54,12735.066897
-224.551633,51,12735.273273
-146.376941,23,12735.369989
-68.04638,26,12735.478777
-338.845891,61,12735.728209
-211.426368,32,12735.862114
-212.918277,45,12736.048924
-237.021885,101,12736.485643
-204.668017,42,12736.705257
-485.674757,67,12737.002409
77.244887,35,12737.148659
-151.060241,22,12737.235138
-19.668168,47,12737.436055
-413.517489,49,12737.640839
-223.407959,45,12737.822619
-225.093221,20,12737.899759
-202.854757,45,12738.092441
-362.70751,38,12738.254145
-39.103803,37,12738.405822
94.273571,33,12738.541859
-156.690883,38,12738.705849
-360.37197,75,12739.015153
-297.619766,29,12739.141273
-183.559255,96,12739.556423
-308.58389,44,12739.757067
-112.488212,33,12739.898704
-147.812933,49,12740.106081
-375.598002,101,12740.527625
-370.508785,63,12740.805043
-203.267391,42,12741.159519
-317.11775,33,12741.305529
-41.986013,35,12741.454925
-474.764475,52,12741.67188
-183.342656,31,12741.797139
-132.358491,34,12741.942437
-388.488365,40,12742.111747
-182.768266,44,12742.310048
-351.942565,34,12742.476881
-254.35672,38,12750.317815
-155.410412,40,12750.528572
-154.141636,48,12750.742142
-326.203317,44,12750.932443
-115.703658,49,12751.148567
-181.456804,27,12751.264601
-272.129949,54,12751.498235
-265.472692,37,12751.652531
-407.423767,101,12752.089288
-196.526555,41,12752.267428
-223.540484,79,12752.59842
-343.98854,61,12752.853538
-282.796965,28,12752.97593
-142.070527,38,12753.12771
-140.87772,39,12753.290008
-179.502029,38,12753.45196
-425.07909,101,12753.897094
-255.258359,101,12754.315835
-164.05386,40,12754.486654
-225.771361,18,12754.564514
-100.235015,30,12754.691555
-100.904144,30,12754.814548
-141.052931,23,12754.909853
-321.336358,45,12755.100661
-151.549223,36,12755.244469
-192.966191,41,12755.416025
-344.992298,65,12755.687678
-94.359918,29,12755.811363
-198.428641,43,12755.993059
-227.32829,19,12756.075809
-155.588412,37,12756.237458
-107.830243,32,12756.375316
-277.674047,54,12756.616542
-192.798441,28,12756.745416
-71.123621,26,12756.859762
-256.201916,64,12757.127204
-87.05577,30,12757.25584
-232.647028,20,12757.338301
-73.07162,26,12757.447586
-232.623251,48,12757.643157
-484.45953,92,12758.03839
-354.401262,37,12758.195283
-85.251794,40,12758.380302
-124.6934,20,12758.476144
-151.315356,50,12758.700217
-350.212664,37,12758.859327
-204.09725,43,12764.733235
-489.155829,54,12765.021108
-372.717291,37,12765.185478
102.574892,32,12765.329891
-205.392378,30,12765.459539
-354.077299,50,12765.68848
-344.946031,101,12766.128552
50.382823,35,12766.278881
-29.423729,72,12766.583258
-25.993576,35,12766.735706
-169.777682,42,12766.906917
-252.680459,48,12767.098158
-195.227284,41,12767.266299
-375.049868,40,12767.434846
-137.812853,52,12767.649264
-128.754227,20,12767.734095
-100.589318,44,12767.921884
-76.694788,27,12768.153178
-135.9626,34,12768.299252
-68.255841,26,12768.410562
-84.559431,28,12768.537624
12.79426,98,12768.95213
-196.950546,29,12769.074857
111.814739,35,12769.219432
-191.580603,40,12769.381888
-387.179938,53,12769.636627
46.998859,23,12769.753462
-398.533334,71,12770.09881
-159.265892,25,12770.203095
-190.565583,31,12770.329096
-206.555658,46,12770.518017
-284.4904,31,12770.651937
-167.400866,37,12770.814048
88.027649,34,12770.961965
107.482077,31,12771.094121
-322.407812,39,12771.255229
-554.125279,75,12771.57268
-350.968031,37,12771.724303
-146.11208,38,12771.878941
-367.524316,37,12772.043356
-210.697031,58,12772.286221
-165.058619,51,12772.501275
-324.022411,59,12772.768863
-9.988097,44,12772.957141
-155.886839,23,12773.049396
-112.273396,46,12773.245628
-280.953162,29,12773.368443
-230.949547,47,12773.567547
-356.688239,49,12781.499922
-330.330741,34,12781.682219
-151.70053,24,12781.786168
10.286894,76,12782.115852
-354.389222,39,12782.276966
-182.610577,42,12782.447023
-103.96192,43,12782.626968
110.377916,32,12782.761057
-348.28476,36,12782.907641
-10.669496,31,12783.04111
-192.535637,31,12783.170345
-447.828085,76,12783.485516
-255.875209,36,12783.637822
-135.967432,22,12783.729866
-331.41794,46,12783.920107
-478.696138,101,12784.332654
-209.079752,43,12784.514936
-228.756187,47,12784.712152
-526.093213,93,12785.089432
-369.661213,37,12785.238754
-197.979043,42,12785.412403
-175.780668,38,12785.570955
-133.154307,34,12785.721224
-219.663894,44,12785.904871
-122.988276,35,12786.047033
-209.953419,45,12786.229777
-275.540948,101,12786.655053
-267.928405,26,12786.761705
165.719867,23,12786.856573
-274.020039,38,12787.006427
-314.768391,59,12787.24234
167.010741,36,12787.39266
-166.618396,37,12787.564361
-432.284318,57,12787.80532
-208.810818,43,12787.977325
-727.972169,101,12788.407919
-48.515886,40,12788.601367
-165.225135,50,12788.81173
-95.412615,30,12788.938218
-222.316571,45,12789.317795
-231.632092,49,12789.545112
-162.329557,38,12789.70423
150.954781,44,12789.884134
85.166352,41,12790.049436
-178.423356,46,12798.179944
-310.819614,33,12798.378812
33.996892,41,12798.573361
-129.065367,33,12798.720169
-77.510251,28,12798.844723
-170.081076,37,12799.003768
-459.344953,56,12799.240759
-168.000036,51,12799.451898
-94.127255,31,12799.582109
-348.875984,37,12799.737528
21.574648,27,12799.853506
-241.444709,37,12800.011798
-145.808795,23,12800.111981
150.469536,46,12800.323305
-238.335629,47,12800.522264
-28.15875,45,12800.707371
-81.962459,28,12800.829671
-156.721333,23,12800.925066
88.202669,34,12801.072649
-322.737883,34,12801.218891
-162.89239,24,12801.313022
-372.982332,37,12801.464455
-179.125198,52,12801.681148
-77.645726,39,12801.844084
-119.577308,19,12801.928374
-364.134782,37,12802.085512
-44.708324,24,12802.184053
231.926663,31,12802.308909
-173.49815,27,12802.423054
-559.002081,63,12802.68746
-339.419769,36,12802.842743
167.651904,37,12803.001411
-316.425344,56,12803.234854
-235.583256,47,12803.447925
-230.290293,46,12803.62869
-151.109077,22,12803.721152
-130.232115,73,12804.021338
-326.818974,33,12804.160194
-14.941424,31,12804.293728
-129.274621,34,12804.439116
-229.465451,36,12804.587872
-426.362143,71,12804.890437
-113.743397,19,12804.969951
-262.857311,41,12805.142891
-305.137966,33,12805.278732
-252.732223,37,12805.43244
-74.144265,53,12805.658268
-259.195002,36,12805.810528
-166.429569,38,12805.97247
104.434911,52,12806.192328
-806.492819,89,12806.550356
-231.833602,47,12806.7446
-113.233461,19,12806.824293
-561.989033,97,12813.147
-371.232083,69,12813.43604
-161.049593,25,12813.53675
-97.758319,42,12813.712108
-218.702118,45,12813.903575
-226.23463,33,12814.040799
-77.713156,27,12814.150624
-564.285649,101,12814.58192
-149.121029,37,12814.746111
-230.329069,47,12814.943256
-239.518202,46,12815.133023
-303.387831,30,12815.256626
-476.188219,51,12815.466467
-140.310622,36,12815.621404
-173.855469,37,12815.778172
-61.076322,24,12815.876404
-80.545014,45,12816.067839
-389.863061,41,12816.239195
-485.214932,81,12816.70981
-222.290185,20,12816.798542
-328.295405,37,12816.946424
-461.642598,51,12817.157255
-61.06153,39,12817.314013
-121.55387,44,12817.492766
-258.61494,37,12817.643904
-149.807593,24,12817.761402
-10.541327,45,12817.977792
-138.510081,33,12818.144749
-104.708166,32,12818.286173
-220.458635,44,12818.469006
-265.142165,40,12818.644223
-47.446056,39,12818.804584
-280.700094,38,12818.979408
-81.244564,27,12819.093915
-279.812422,39,12819.257215
-7.228541,93,12819.649387
121.796232,29,12819.771264
-186.657013,72,12820.076734
-76.206508,63,12820.344444
-102.387404,30,12820.476773
-121.86699,36,12820.62539
-250.498,37,12820.793603
-196.758514,43,12820.973306
-348.245594,37,12821.125637
-26.596112,33,12821.262027
-133.985179,36,12821.416374
-136.613725,33,12821.550857
-163.693268,27,12829.001772
-70.992211,26,12829.160527
-269.885735,38,12829.343181
-330.267288,64,12829.62368
-251.885052,49,12829.853756
-133.88229,22,12829.950906
-286.206821,40,12830.11186
-82.574994,28,12830.222464
-168.327951,41,12830.391996
-391.428009,58,12830.634055
-163.383895,38,12830.791772
-689.975469,89,12831.162939
-104.605555,56,12831.402265
-578.511666,101,12831.823177
-139.227529,48,12832.029249
-303.344915,43,12832.209277
-176.706007,27,12832.321554
-90.3309,41,12832.494019
-118.064477,43,12832.670885
-72.081516,37,12832.828207
-146.491113,24,12832.928698
-143.01917,60,12833.19137
104.787171,31,12833.322812
-165.831714,40,12833.490879
-187.999399,40,12833.654066
-366.134187,101,12834.082312
-331.774558,35,12834.222887
-135.800876,47,12834.415862
-151.366898,39,12834.57726
-176.646406,28,12834.693727
-20.823835,33,12834.826479
4.889425,86,12835.18802
-357.384495,37,12835.341982
-194.542224,41,12835.510405
-211.361794,43,12835.69109
-160.544545,37,12835.848868
-195.012125,31,12835.980084
100.53041,51,12836.189686
-117.490494,46,12836.375884
-272.650325,81,12836.71613
227.988444,27,12836.830739
-345.168935,36,12836.981795
-95.406772,30,12837.246118
-210.806824,45,12837.432897
-140.897008,24,12837.538098
98.222391,45,12837.733927
-234.334653,46,12844.556417
-182.897735,40,12844.873979
-315.901489,57,12845.411174
-157.425333,38,12845.738033
-126.756751,20,12845.852387
-203.598689,45,12846.06195
-203.011166,43,12846.237143
-387.360807,61,12846.497407
-107.281607,47,12846.694617
-109.148236,33,12846.830567
-245.334923,47,12847.034511
-142.362299,37,12847.189501
-266.07649,101,12847.622641
20.771675,71,12847.922791
-32.917282,36,12848.078961
-353.587185,37,12848.235556
67.096068,36,12848.413989
-393.336193,42,12848.60027
-580.193187,101,12849.034937
-144.771033,49,12849.233691
-200.409431,42,12849.411503
-255.63819,37,12849.573418
-219.295338,20,12849.655637
-44.717867,42,12849.832456
-352.118432,40,12850.000352
-339.114212,35,12850.145571
-378.454176,39,12850.304141
-167.271737,38,12850.461779
-126.329819,47,12850.654012
39.355999,79,12850.98628
-95.97287,29,12851.107197
-134.313195,37,12851.264405
290.030872,37,12851.419971
-203.58367,42,12851.59209
-157.810193,23,12851.691285
-86.479097,39,12851.851952
-367.924546,37,12852.007066
-240.404596,65,12852.280099
-409.139719,72,12852.575616
-103.47853,33,12852.726035
-296.107366,41,12852.915134
-126.086315,33,12853.056844
-47.713742,24,12853.159685
-215.033707,44,12853.3516
-110.007712,30,12853.478277
-115.300717,47,12853.673682
-69.042343,28,12859.602689
-270.273303,40,12859.841474
-272.189166,25,12859.951119
-221.005626,44,12860.139829
-156.871152,37,12860.288271
-214.958533,44,12860.468522
-200.986109,44,12860.646846
-350.920959,37,12860.805679
-205.215051,31,12860.938014
-40.585803,47,12861.134509
-143.403721,47,12861.334912
-259.664514,64,12861.595768
98.191124,33,12861.743778
-193.235638,64,12862.024538
-59.922464,25,12862.129765
-222.294719,35,12862.283726
-266.9857,38,12862.442892
-189.204836,40,12862.620535
-352.588927,37,12862.774486
-154.702828,36,12862.925225
-70.910575,27,12863.043584
-354.707431,37,12863.195453
-272.702635,37,12863.344396
-205.401255,42,12863.522209
-84.373042,40,12863.818947
-225.404832,49,12864.028162
-145.543727,47,12864.224957
-130.772931,33,12864.3657
-334.879493,34,12864.501666
-122.242292,47,12864.696533
-160.188625,37,12864.848457
-284.969024,46,12865.064479
-232.460586,101,12865.525491
-183.17618,39,12865.689847
-204.462089,32,12865.826561
-165.698632,38,12865.988303
-216.098587,56,12866.226517
-132.592698,33,12866.363286
-77.698069,27,12866.476627
-100.831089,29,12866.594648
14.168351,31,12866.725321
-419.404165,101,12867.150488
-146.640629,35,12867.298763
-131.707057,48,12867.497929
-266.645543,52,12867.714791
-341.125805,51,12867.92504
-267.935201,39,12868.087177
-53.124071,24,12868.191024
-281.897412,53,12868.414773
-173.102238,37,12876.03848
-144.52414,23,12876.159243
-412.912267,44,12876.350505
-4.163742,44,12876.529727
-61.233613,50,12876.748666
-158.175464,37,12876.903877
-61.778758,25,12877.007017
-354.456714,78,12877.341919
-366.699001,46,12877.53097
-352.285394,37,12877.685287
-235.437207,51,12877.896027
-346.918745,37,12878.053178
-295.865262,41,12878.224984
-248.531899,49,12878.436401
-142.38251,34,12878.578057
-141.147486,22,12878.668443
-265.27326,38,12878.834768
-231.693348,19,12878.913619
-46.149631,51,12879.12924
-144.233782,49,12879.332866
169.403031,23,12879.436132
-183.694354,39,12879.602102
-400.590242,65,12879.870686
-261.367696,37,12880.032129
-78.044339,53,12880.260294
-102.763209,33,12880.396949
-330.872852,33,12880.541576
-111.582036,36,12880.694725
-380.025073,101,12881.114735
-194.142837,41,12881.28656
-108.329031,33,12881.428994
-240.865459,47,12881.62075
-278.992691,81,12881.955401
-373.998239,37,12882.105076
-211.237422,31,12882.237399
-275.161295,41,12882.411509
-106.209448,30,12882.538915
-221.396372,44,12882.718959
-175.681357,26,12882.828498
-348.726383,37,12882.992115
195.289932,20,12883.077603
-34.426947,36,12883.227378
-134.246951,47,12883.425624
-395.475318,43,12883.602339
-234.205098,49,12883.825468
-22.708994,33,12883.967803
198.659146,24,12884.072802
-148.900149,23,12884.173235
-523.903654,65,12884.454064
22.703244,26,12884.70147
-759.768891,101,12891.960744
-500.617924,59,12892.558457
-77.954183,70,12893.31699
-17.641353,46,12893.810657
-256.962466,51,12894.45065
-251.706434,22,12894.550133
-662.542015,91,12894.961399
-256.246267,51,12895.183315
-152.21936,48,12895.387241
-4.916378,31,12895.522758
-408.480122,42,12895.701732
-233.702323,37,12895.856942
1.672854,57,12896.106219
119.920611,34,12896.257276
-180.838141,28,12896.383217
72.667718,49,12896.59192
-93.429217,28,12896.70816
-233.996667,33,12896.843685
51.54713,58,12897.107731
-137.826875,46,12897.310364
-707.010937,101,12897.761466
-202.858152,42,12897.938889
-486.377973,78,12898.270218
-131.201732,45,12898.460709
-69.72844,42,12898.635507
-283.045649,28,12898.755479
-265.09538,52,12898.983139
-224.629605,33,12899.120509
-218.23325,34,12899.261648
-23.373905,32,12899.408475
-228.426366,34,12899.55492
-307.138714,35,12899.698446
-294.586953,101,12900.124757
-206.40367,43,12900.306696
86.753041,34,12900.450353
-239.915876,37,12900.605682
-141.084993,48,12900.80767
-144.316233,42,12900.98362
150.078632,41,12901.155142
-364.536259,56,12901.39459
-449.444855,101,12901.829018
19.366371,43,12907.77216
-157.590927,23,12907.89034
-41.951272,34,12908.033872
-459.256669,63,12908.309627
-56.427387,24,12908.432102
-134.949441,47,12908.624477
-477.878735,73,12908.925013
-181.530437,28,12909.039456
98.903401,46,12909.235083
-98.23852,31,12909.368481
-181.616767,42,12909.539779
184.369862,73,12909.843841
122.601389,29,12909.9702
-115.049803,32,12910.105725
-294.411846,30,12910.229522
-270.556089,57,12910.474758
-45.945375,23,12910.56846
-118.548656,32,12910.699177
-324.106528,34,12910.836229
-681.152043,101,12911.261918
-328.810364,33,12911.395387
-69.623966,27,12911.506443
190.087857,23,12911.598846
-150.233402,23,12911.699876
-263.418379,37,12911.853915
-175.535392,27,12911.965815
-303.486326,53,12912.327207
-214.838187,43,12912.521501
-371.222779,44,12912.707036
-126.671314,21,12912.791122
-209.515748,35,12912.93997
-105.084216,33,12913.078805
-224.991269,47,12913.285104
-269.898231,30,12913.40746
-86.524495,28,12913.539535
-278.869476,56,12913.808345
-389.582029,40,12913.984549
-30.663152,47,12914.184155
-73.688011,26,12914.295412
-305.038135,43,12914.474759
84.804258,34,12914.610866
-350.910099,37,12914.766772
-153.355526,39,12914.925163
-124.970497,45,12915.115049
-166.93108,37,12915.271609
-248.19998,50,12915.47854
-33.848085,34,12915.617878
-203.2073,33,12915.76129
-168.39714,54,12915.987015
-210.691254,45,12916.184941
-89.861306,30,12916.370638
-142.267213,22,12916.490542
-114.319215,44,12925.177487
-176.464423,44,12925.410197
-203.279129,46,12925.593874
-69.782429,37,12925.748353
-125.305552,21,12925.834311
-125.668816,32,12925.970815
-112.372739,32,12926.102977
-81.838986,44,12926.291494
-207.898485,32,12926.429807
-46.231696,36,12926.583575
-777.591068,95,12926.968313
-207.388649,30,12927.093824
-208.274775,101,12927.512572
-346.872013,39,12927.675288
-84.1037,40,12927.847017
-274.039794,37,12928.00492
-126.111485,45,12928.187689
-295.906032,55,12928.418095
-132.405384,33,12928.54997
-198.926669,101,12928.973618
-148.908574,48,12929.168486
-216.390893,32,12929.298234
-78.88443,27,12929.412726
-101.325249,42,12929.58407
-231.915079,47,12929.77236
-141.933241,34,12929.917958
-518.753193,61,12930.184901
-115.507819,31,12930.313107
-246.821878,47,12930.509604
-150.518765,39,12930.66555
-350.921002,37,12930.812135
-286.850273,77,12931.139229
-663.441123,101,12931.568589
-543.128943,81,12931.914145
169.102143,22,12932.008284
-241.059081,42,12932.186563
-42.634414,23,12932.28484
183.775564,34,12932.427064
-171.458622,37,12932.575767
-190.96631,42,12932.744777
-244.530618,34,12932.891531
-291.159188,53,12933.106718
-293.859286,57,12933.347841
-112.001981,44,12933.538115
-118.435053,46,12939.615426
-261.313042,49,12939.877685
-116.301136,31,12940.156358
-299.272685,45,12940.352098
-281.454179,40,12940.519523
-5.558175,57,12940.75347
-7.327239,31,12940.887176
211.540064,30,12941.014162
-148.117503,24,12941.115185
-115.609492,32,12941.250791
-192.095332,42,12941.453771
-104.950246,42,12941.648029
-268.072351,56,12941.899869
-0.877356,78,12942.242458
-170.857542,52,12942.465475
-398.903184,57,12942.70585
-39.378238,48,12942.918115
-197.64063,41,12943.098068
-191.023731,40,12943.265227
-112.43636,44,12943.447645
-133.650551,34,12943.589059
-166.043201,37,12943.744606
-459.04345,60,12943.997109
-216.899681,67,12944.284902
-125.115274,46,12944.477308
-340.777924,47,12944.680016
-62.991733,27,12944.794943
-352.600972,59,12945.033925
-49.263767,39,12945.192532
-107.270918,30,12945.319187
-355.290113,36,12945.46981
-136.384338,22,12945.55719
-553.463496,68,12945.964228
162.220818,40,12946.269998
-135.985725,22,12946.420903
-292.154588,43,12946.747232
-92.718886,52,12947.224148
-382.730671,40,12947.621659
46.11532,24,12947.8716
-328.765627,34,12948.188466
-191.944128,45,12948.523532
-211.238605,32,12948.721208
-274.865747,27,12948.865868
-296.310852,56,12949.097476
-139.162583,35,12949.246856
-442.183555,53,12949.4806
-494.459211,67,12949.797932
-330.955078,58,12950.045514
-515.544304,101,12955.972173
38.344795,42,12956.139173
-97.946376,29,12956.2585
48.240891,39,12956.425456
-280.081082,28,12956.539371
-194.753672,42,12956.715862
-101.804655,33,12956.856166
-120.891017,33,12956.994539
154.419649,42,12957.173596
-379.064215,37,12957.323989
-160.22336,39,12957.490643
-245.949823,38,12957.651087
-87.261893,29,12957.775778
-263.320625,37,12957.930787
-392.466009,53,12958.154138
-247.348501,49,12958.348368
-56.993553,26,12958.457288
-76.383696,42,12958.633488
-172.08727,38,12958.799466
-180.153123,43,12958.990135
-67.579074,38,12959.15093
-525.58325,101,12959.573113
-44.431272,51,12959.784916
-54.511394,24,12959.886132
-254.270745,37,12960.039709
-213.817461,64,12960.309162
-51.739777,24,12960.412544
-328.940299,46,12960.730607
-248.795779,52,12960.946465
-254.032803,48,12961.140303
-359.065005,37,12961.296039
-189.94298,44,12961.483365
-112.284227,31,12961.613493
-67.41798,37,12961.762744
-265.892596,67,12962.047497
-326.298484,67,12962.326308
-217.463313,46,12962.524752
-106.144328,30,12962.652788
-32.672465,37,12962.834977
-120.095704,20,12962.929176
-179.834962,45,12963.139282
-244.190329,47,12963.339042
-226.806574,49,12963.542671
-68.226719,26,12963.649386
-288.876281,53,12963.87561
-228.88931,47,12964.075532
-255.259613,38,12964.234995
-253.08511,26,12972.225917
-54.862295,23,12972.379366
37.193219,25,12972.503042
-89.251184,53,12972.748071
-298.085306,42,12972.926006
-164.364458,27,12973.034342
-118.940764,33,12973.178242
-187.655791,41,12973.355009
-228.986528,47,12973.550173
-398.297234,42,12973.722533
-221.351654,44,12973.904051
-65.616447,25,12974.009734
-227.235912,19,12974.089319
-542.212391,92,12974.535348
-300.540098,101,12974.967064
-167.233367,42,12975.145304
-676.658858,101,12975.556818
-283.021158,40,12975.729262
-365.339423,52,12975.953625
-379.351961,101,12976.373355
-173.136174,52,12976.584909
32.313134,41,12976.753719
223.88688,30,12976.885414
-348.7493,38,12977.048943
-38.330307,48,12977.248472
-213.810314,31,12977.377477
-198.376101,33,12977.519613
61.750073,37,12977.675211
-289.248153,39,12977.837339
-132.58085,36,12977.983793
-56.994954,24,12978.083766
-120.969629,45,12978.274916
-285.161964,40,12978.443991
-260.914932,23,12978.539853
-725.810129,101,12978.964631
-194.004439,31,12979.097703
-153.623802,24,12979.195189
-174.720931,39,12979.356671
-205.046442,42,12979.528242
36.486817,37,12979.678623
-138.075083,23,12979.774737
-470.037936,101,12980.198818
-161.009176,40,12980.367247
-235.369708,22,12980.463456
-240.793836,60,12980.717533
-75.730878,27,12980.832167
-152.037727,25,12980.941962
-206.800956,33,12986.796921
-308.963707,44,12987.026612
54.817034,38,12987.199701
-312.21325,50,12987.416105
-158.937109,38,12987.734612
-300.565439,89,12988.121554
-200.735853,43,12988.293242
-160.358942,39,12988.453612
-193.22135,30,12988.573359
3.511686,29,12988.690302
-107.386889,30,12988.816219
-245.850769,35,12988.986509
-109.032842,42,12989.176457
-84.13864,29,12989.307486
-123.200717,33,12989.447138
-254.519137,49,12989.662125
-307.5064,44,12989.857646
-286.407928,29,12989.984063
-75.454334,29,12990.1115
-358.117812,37,12990.267044
-359.969932,37,12990.426096
-208.053664,43,12990.603293
-425.66554,61,12990.850095
-647.412448,80,12991.181258
-504.418497,75,12991.499802
93.017634,77,12991.83044
-350.656199,37,12991.992499
94.751484,27,12992.11181
-356.837908,37,12992.265771
-342.344087,37,12992.417636
-406.677199,43,12992.591222
54.272721,39,12992.752766
-140.836249,36,12992.902458
-61.316272,25,12993.007613
-621.933778,91,12993.509704
-235.975879,47,12993.850491
-161.863554,24,12994.010076
-163.532542,37,12994.297938
-168.677814,37,12994.613146
-204.262786,42,12995.038008
-245.254477,24,12995.243892
-108.340759,57,12995.723918
-103.116768,44,12996.090789
76.91307,49,12996.48261
-363.782329,40,12996.66606
-17.062033,34,12996.808258
-197.109229,29,12996.934062
-260.535449,50,12997.147074
-346.522629,36,13002.969356
-167.67008,41,13003.169322
-369.63335,57,13003.405759
-167.69831,51,13003.62921
202.9531,23,13003.719512
157.833745,37,13003.87318
-214.729722,46,13004.057561
-178.572089,39,13004.220472
-145.158468,36,13004.375027
-347.045652,36,13004.52128
-38.263406,22,13004.616368
-435.92167,47,13004.812343
18.279215,42,13004.984221
-56.930396,24,13005.08779
-207.638817,42,13005.264877
-219.73398,44,13005.448235
-323.874568,44,13005.630061
-157.67422,40,13005.791841
272.814533,23,13005.888221
-45.623215,23,13005.983067
-30.327359,33,13006.11794
-256.95028,49,13006.322008
-496.032675,101,13006.741514
-62.820135,25,13006.845517
-203.273097,42,13007.022815
-106.296061,31,13007.160209
-157.653427,41,13007.326508
-95.281995,29,13007.449823
-61.475315,38,13007.603086
-339.492186,60,13007.856463
-264.282016,38,13008.017014
-171.54264,39,13008.379163
-441.311369,60,13008.6444
-82.920284,40,13008.823143
-4.273585,30,13008.951167
-169.909129,49,13009.157972
-186.910324,41,13009.328157
-92.175131,53,13009.555304
-371.052004,38,13009.740358
-180.094686,39,13009.962622
-130.947237,46,13010.152573
-290.664129,28,13010.270814
156.085731,26,13010.384205
20.30925,28,13010.511568
-203.615173,44,13010.702292
-93.794995,41,13010.876445
-506.064424,86,13011.240557
-409.701237,47,13011.441701
-202.311029,43,13011.619109
-138.173225,22,13011.710954
-61.030978,24,13018.812841
-325.239426,101,13019.28981
-349.388019,74,13019.596712
-63.013117,25,13019.702685
-79.34529,27,13019.812966
-237.864868,36,13019.962792
-464.751831,101,13020.384323
-353.477315,37,13020.546241
-79.885462,27,13020.658103
-50.363513,39,13020.820819
-163.559728,26,13020.927789
-203.694756,44,13021.108629
-357.183455,65,13021.377496
-264.815819,94,13021.778044
205.247463,20,13021.863413
-224.768778,19,13021.941929
-60.079328,25,13022.046329
287.346948,19,13022.127963
-327.90245,32,13022.258536
-204.017069,33,13022.398369
-304.187626,31,13022.527379
-398.139761,40,13022.693067
-353.832568,37,13022.847283
-377.983163,37,13023.005571
-175.45021,57,13023.245402
-55.506986,23,13023.340976
-197.713428,41,13023.509068
-210.449973,32,13023.653668
-85.130367,28,13023.76874
-505.3146,57,13024.003521
-155.696548,37,13024.157238
-374.829363,37,13024.301984
-98.669246,30,13024.427133
-209.28301,33,13024.570998
-686.760271,84,13024.917508
-150.831313,37,13025.082143
-113.825394,63,13025.3555
-256.783056,70,13025.638135
-741.206642,101,13026.069193
156.799175,26,13026.184233
-376.858466,37,13026.330372
-344.34834,34,13026.473747
-46.114303,23,13026.570296
-273.802269,101,13026.994807
179.685859,37,13027.147448
-190.57146,29,13027.269279
-453.45088,51,13033.439451
-222.85823,49,13033.686208
-366.202572,36,13033.852143
-584.702819,65,13034.142194
-327.604062,45,13034.327755
-257.248011,36,13034.48242
-247.305197,35,13034.663305
-72.272976,42,13034.977009
-161.981582,37,13035.136097
-156.362401,23,13035.234284
-230.445309,47,13035.43253
-406.367317,101,13035.873289
-350.589689,38,13036.038737
-374.935015,37,13036.195229
-146.498057,26,13036.306604
-179.823542,27,13036.424417
-108.598845,31,13036.623868
102.982688,32,13036.855459
-211.760568,44,13037.104364
-234.127366,22,13037.197223
-534.835823,79,13037.520489
-135.570324,22,13037.609199
163.671931,38,13037.775372
-173.505332,39,13037.943044
-316.860641,45,13038.136549
-205.230049,30,13038.256401
-146.40674,23,13038.355196
-112.892331,31,13038.480979
-132.117772,23,13038.576113
-271.451508,53,13038.79575
-374.24385,37,13038.950556
-115.805389,63,13039.211705
-682.756989,79,13039.542178
199.422707,26,13039.647506
211.442575,31,13039.78297
-626.446721,101,13040.208828
-2.678531,44,13040.392169
-73.551075,27,13040.506075
-227.202555,35,13040.658128
-182.102795,31,13040.837756
-140.073911,35,13041.084227
-373.930389,37,13041.296467
82.777513,39,13041.609127
-252.593699,49,13041.958186
-366.976128,63,13042.506794
-601.957645,67,13043.026507
-192.012829,42,13043.228524
-182.420065,43,13043.410248
-2.766765,45,13049.331548
-132.375844,21,13049.445194
44.344263,23,13049.550226
-103.22194,33,13049.70151
-205.349522,43,13049.887194
-293.579421,45,13050.069926
-290.028239,42,13050.248613
41.094887,40,13050.41446
208.475514,31,13050.542545
-90.299633,30,13050.675796
-243.985567,22,13050.763073
-202.444767,55,13051.016029
-48.713497,23,13051.113065
15.219078,30,13051.253696
-371.95829,37,13051.433212
-281.722821,39,13051.605967
-224.56122,20,13051.688609
-356.050734,69,13051.979961
-199.252879,41,13052.145688
-153.725039,39,13052.321396
-354.9615,37,13052.542624
111.999436,44,13052.764087
-268.921501,25,13052.896768
-199.055639,42,13053.095864
-134.43993,35,13053.305498
-148.232699,62,13053.614898
-113.994333,33,13053.763138
-361.034172,51,13053.982503
-119.921868,34,13054.123912
-140.369831,38,13054.300976
-77.899848,27,13054.413191
-155.163515,40,13054.585191
-231.100408,34,13054.734452
139.055791,24,13054.838329
-341.531035,37,13055.006418
68.263802,23,13055.110088
10.534527,29,13055.228595
-206.041992,31,13055.360574
-122.368739,36,13055.651114
-203.196362,33,13055.787675
-655.356316,101,13056.202504
-136.223079,47,13056.390122
-440.138562,50,13056.590068
-193.250964,41,13056.756011
-218.979243,62,13057.012569
-351.97472,37,13057.198584
-130.174207,48,13057.449431
-301.508594,43,13057.642964
-212.339702,32,13057.799915
-486.746374,101,13058.240305
-357.225701,37,13058.43506
-133.827219,21,13058.532301
-151.318628,36,13067.497739
-86.211117,41,13067.701114
-256.002605,37,13067.86164
-13.064484,32,13067.998238
-48.790058,22,13068.087459
-256.415611,37,13068.24685
-267.844626,43,13068.44268
-215.991214,45,13068.630001
-286.369041,59,13068.877766
-141.972465,37,13069.031938
-64.946405,25,13069.136354
-352.379023,37,13069.289732
-201.813663,32,13069.428984
-181.602854,41,13069.604627
-240.617495,34,13069.751929
-333.68813,36,13069.89818
-128.605972,22,13069.988287
-337.081987,35,13070.128407
-254.644621,40,13070.29673
-155.119885,36,13070.44966
-67.178654,25,13070.555375
-214.362794,34,13070.704293
-50.344035,40,13070.876065
-186.717598,29,13070.999927
-182.107198,40,13071.168262
-219.48129,35,13071.313168
-61.544154,51,13071.528757
-6.621071,57,13071.77052
-225.621146,35,13071.922045
-406.249294,57,13072.163631
-244.900775,35,13072.311916
-353.411553,101,13072.741717
-227.346363,35,13072.886041
-217.218527,48,13073.085204
-269.771171,40,13073.247727
-181.018019,38,13073.399877
-219.583897,20,13073.47705
-207.279437,31,13073.608022
-35.517595,34,13073.749061
-365.910131,38,13073.906991
-274.667077,101,13074.349977
-111.881926,32,13074.494544
-314.726029,57,13074.746664
-143.37525,25,13074.86138
-234.032989,34,13075.004937
-140.010129,22,13075.097422
-211.359845,35,13075.245465
-139.278253,35,13075.390338
-196.065576,43,13075.570696
196.343882,21,13075.655014
-142.569848,51,13075.867497
-130.103113,34,13076.006265
-148.268961,22,13082.389137
-134.841381,47,13082.677549
-210.789793,60,13082.952701
-201.13854,45,13083.144182
-228.301419,50,13083.349517
-284.046961,41,13083.517102
-181.286524,39,13083.673372
-454.746619,47,13083.862852
-170.360723,37,13084.016315
-673.304974,81,13084.56644
-201.694511,30,13084.685456
-114.141242,56,13084.916075
-137.461526,49,13085.123177
-169.18615,38,13085.280168
-355.051144,37,13085.440524
190.090036,34,13085.603069
-115.907899,33,13085.752925
-215.10802,31,13085.9047
-207.007533,43,13086.090962
-293.60684,31,13086.21938
-121.517619,33,13086.357679
-462.685054,52,13086.633219
-253.345971,37,13086.83746
74.251004,24,13086.97138
-202.968506,42,13087.279468
-256.866838,41,13087.6764
145.839024,28,13088.226082
-246.738765,36,13088.875261
-276.547624,41,13089.362625
-430.103823,49,13089.678883
-267.561309,52,13090.14786
-252.185007,55,13090.685987
-366.296714,51,13091.175824
-135.708473,22,13091.405182
-237.614706,23,13091.611492
21.457118,44,13092.088003
-259.15335,35,13092.47329
-229.257281,49,13092.879685
-242.069246,38,13093.083721
-30.232557,37,13093.264809
-237.467013,46,13093.470272
-61.735297,25,13093.576581
-364.1695,66,13093.864118
-269.050963,30,13093.987196
-346.819691,37,13094.145502
-669.087062,101,13094.585534
-137.319212,23,13094.685198
-362.222404,37,13094.838996
-167.308697,39,13095.004395
-259.647728,37,13102.575047
-351.899087,37,13102.769327
-85.219719,99,13103.185252
-228.462215,34,13103.322915
-155.5559,23,13103.41641
-105.484635,92,13103.800693
-437.323657,48,13103.997525
-222.910376,32,13104.123804
-160.162188,42,13104.297761
-149.125922,39,13104.462494
-225.169641,45,13104.655139
-482.51681,54,13104.878084
-211.468875,42,13105.046655
-35.936588,37,13105.198771
-115.987074,32,13105.32988
-213.311349,43,13105.51616
-170.340573,28,13105.636722
-411.979575,63,13105.902604
-161.528816,39,13106.068175
146.10336,28,13106.1851
-272.774387,41,13106.344672
-224.404914,32,13106.470849
-515.568896,86,13106.839094
-212.791895,43,13107.02192
73.813554,35,13107.16574
-212.718704,43,13107.360176
-16.147702,34,13107.51251
-224.448916,44,13107.698303
-164.039996,24,13107.798086
-234.894658,47,13107.992652
-233.221112,47,13108.183839
-166.15095,37,13108.340743
-358.018716,37,13108.489732
-92.270279,31,13108.618614
207.638807,30,13108.967134
-194.867992,41,13109.142145
-140.067077,22,13109.235517
-109.931417,31,13109.36599
-72.002751,37,13109.549108
-116.567429,19,13109.631072
139.450503,30,13109.76813
-190.418007,42,13109.943002
-137.900451,22,13110.033588
-217.76777,31,13110.173341
-236.679771,46,13110.397528
-73.833441,27,13110.526211
94.090608,39,13110.708198
-258.808494,37,13110.865448
-37.69192,35,13111.019601
22.0452,29,13111.138593
-226.799015,45,13111.322888
-129.671531,33,13121.731382
-238.02443,77,13122.13662
-94.809995,29,13122.260193
-371.472423,37,13122.414342
-129.057029,20,13122.494362
-416.960467,70,13122.804749
-22.689237,35,13122.957481
-249.58384,53,13123.176815
-254.333829,51,13123.40399
17.436788,43,13123.588783
-371.020648,54,13123.814844
-324.647153,35,13123.961321
-335.966558,52,13124.169721
-119.478485,32,13124.310871
-204.533166,31,13124.440225
238.791542,29,13124.562209
-154.444522,49,13124.768204
-216.3993,46,13124.966897
-321.383313,34,13125.109979
-485.336209,56,13125.351593
-137.073056,34,13125.492859
-251.817739,22,13125.582909
309.647637,28,13125.698987
-281.899322,43,13125.880912
-370.911694,37,13126.031689
-146.615934,23,13126.124933
-124.855305,65,13126.398362
-213.638025,45,13126.582728
-280.246845,52,13126.806725
-26.318241,36,13126.962504
-131.884999,22,13127.058596
-169.693732,37,13127.21631
-180.163417,40,13127.388649
-206.030017,30,13127.51722
-143.449655,23,13127.61023
-214.252619,44,13127.794496
-122.394507,20,13127.882776
-128.226935,49,13128.103717
-36.71255,38,13128.268886
-399.709612,58,13128.513157
-90.306048,28,13128.632824
-5.28481,33,13128.774969
-138.625822,35,13128.923418
-222.906137,35,13129.078243
-477.294577,101,13129.506963
-302.140973,42,13129.676889
-253.406096,37,13129.82932
-336.375579,36,13129.980937
-529.491493,101,13130.417747
-53.984621,24,13136.340244
-72.364002,26,13136.503056
-451.117606,97,13136.987715
-204.525871,43,13137.180642
-127.508297,33,13137.327951
-113.911944,52,13137.562316
-126.33675,45,13137.755996
-91.767255,55,13137.984891
188.053213,33,13138.123647
-154.983865,23,13138.220739
-23.169541,35,13138.371189
-139.581138,23,13138.4692
-199.487669,47,13138.792352
-61.139114,24,13138.889693
-148.48882,22,13138.981692
69.221966,42,13139.168738
-40.685489,22,13139.27008
-149.637931,22,13139.363607
-10.918288,32,13139.503735
-154.897407,38,13139.663796
-75.655535,44,13139.852592
-223.259723,31,13139.978109
-209.850156,32,13140.109895
-129.997007,57,13140.375992
-137.854592,22,13140.486933
-252.917359,50,13140.719865
-298.633881,56,13140.977046
-52.34484,23,13141.076657
-231.408616,47,13141.269656
-625.548336,88,13141.637742
-246.054508,52,13141.852563
-126.790686,47,13142.05449
-365.271564,39,13142.21875
-260.653097,51,13142.445414
-390.329686,42,13142.619754
-53.806187,23,13142.717298
-139.169455,35,13142.869415
-197.046751,31,13143.008233
73.033038,21,13143.098727
-301.172639,46,13143.294717
-150.231636,48,13143.494356
-262.236748,37,13143.655856
-277.449517,52,13143.875786
-100.382887,30,13143.997641
-355.930778,37,13144.141965
-166.929773,37,13144.297756
162.230952,25,13144.4069
-103.147167,30,13144.547416
-42.439124,35,13144.748464
-329.748084,44,13145.059378
-76.696152,27,13145.261902
-203.273349,43,13145.558405
-104.653421,31,13145.854561
-281.953655,40,13153.462307
11.403371,57,13153.737281
-147.976526,26,13153.845189
-225.084812,45,13154.034809
-199.936325,57,13154.274593
-241.007534,38,13154.431378
-33.769772,46,13154.667695
-148.661809,55,13154.896888
-359.536793,37,13155.050513
-280.801949,45,13155.232142
-352.26757,101,13155.66552
-79.903902,27,13155.776441
-99.593838,31,13155.904461
-169.796977,41,13156.093748
-49.519106,48,13156.300118
-61.434182,37,13156.462781
-546.004632,101,13156.896765
-124.38933,57,13157.172197
-266.194212,38,13157.406146
-45.595873,89,13157.81063
-117.046904,19,13157.898402
-310.633209,32,13158.024328
26.200005,27,13158.140031
-345.469412,36,13158.288443
-96.947719,30,13158.411994
-271.719439,51,13158.620592
-195.301445,41,13158.792929
-173.394709,39,13158.95687
-177.989435,39,13159.123539
-81.593041,42,13159.296755
-54.818802,52,13159.511391
206.351635,40,13159.683266
-324.416275,67,13159.957659
-149.617482,38,13160.121845
-141.413411,25,13160.223361
-235.277912,48,13160.563181
-331.10127,34,13160.720032
-138.980832,36,13160.879733
81.013949,20,13160.960237
-125.072007,32,13161.094454
-216.631157,34,13161.237764
-364.46561,37,13161.387042
-330.412526,46,13161.581189
-135.338059,34,13161.745444
-268.346726,37,13161.92335
-50.634532,39,13162.112426
102.091919,37,13162.264061
-382.531221,40,13171.865461
-203.560634,42,13172.096108
-365.354285,37,13172.279832
-244.763236,38,13172.449848
-134.154152,23,13172.554061
-374.08586,50,13172.774405
-320.195857,32,13172.917772
-108.396664,30,13173.053346
-213.132021,45,13173.246541
-264.089259,76,13173.568302
-340.962777,44,13173.749128
-197.887529,44,13173.934244
-250.427177,35,13174.082798
97.654864,22,13174.183644
-82.963341,28,13174.308656
-247.456575,48,13174.525636
-557.749308,80,13174.887828
7.544728,39,13175.05757
-570.458267,73,13175.366594
-273.768996,54,13175.604441
-22.585895,45,13175.792375
-268.975167,31,13175.925095
-46.593101,23,13176.026649
-410.86593,49,13176.232829
-146.304701,47,13176.423214
-262.35093,37,13176.577754
-127.51478,21,13176.665066
-261.992924,38,13176.823174
-101.551152,42,13176.997039
203.312258,23,13177.095745
-487.057186,66,13177.370302
-261.351511,72,13177.675736
-210.131807,43,13177.851449
-82.32645,28,13177.968667
-274.855126,41,13178.134868
-273.395552,55,13178.364148
-140.436226,34,13178.505687
-97.846842,41,13178.680566
-103.007862,42,13178.854463
-21.071126,35,13179.006035
-105.376944,42,13179.184016
-59.308661,25,13179.299386
-229.946386,47,13179.497304
-140.823824,38,13179.648873
-193.804085,28,13179.76792
-51.029562,24,13179.866
-367.108049,67,13180.150614
-54.398081,36,13180.297646
-257.753879,25,13180.402694
-312.121602,33,13180.545557
-129.943401,33,13186.817411
-307.339955,32,13187.009676
-263.423147,101,13187.453812
-131.973699,33,13187.582392
-192.977317,44,13187.762666
-31.210666,48,13187.960498
-208.604799,46,13188.152805
-110.883128,45,13188.347389
-217.885223,46,13188.532339
181.019455,23,13188.634388
186.840236,38,13188.795849
45.923853,40,13188.967697
-297.608853,40,13189.128377
-136.568158,40,13189.288105
-338.628059,39,13189.606576
195.390893,20,13189.705306
-77.301347,53,13189.942794
-147.659783,59,13190.192601
-203.601596,42,13190.371194
199.858731,31,13190.501769
-615.36902,98,13190.937273
-181.267112,40,13191.118121
-464.16571,60,13191.415553
-134.200796,33,13191.584196
-114.179626,45,13191.864296
45.774792,49,13192.088774
-158.939077,36,13192.234254
-328.685432,78,13192.560293
38.165347,43,13192.747217
-357.77701,37,13192.902257
-123.936813,33,13193.037677
-111.758587,31,13193.167494
-246.766358,54,13193.400166
-196.143593,41,13193.568021
-103.038984,29,13193.686779
-319.169413,46,13193.874754
87.856378,62,13194.137497
-349.952889,37,13194.435805
-349.804116,71,13194.975177
-66.532626,38,13195.16784
-266.436822,38,13195.392526
-150.609171,48,13195.652624
-201.004336,46,13195.971383
-184.531643,44,13196.317237
-358.631873,37,13196.642033
-116.495307,31,13196.971221
-143.35474,48,13203.469238
-12.871444,47,13203.681404
-273.757228,101,13204.113063
-285.108096,53,13204.335241
-116.12118,32,13204.469111
-233.147235,51,13204.685035
76.399361,49,13204.892199
-407.376258,41,13205.060638
-160.250449,24,13205.157023
-233.978151,46,13205.345947
-70.886037,38,13205.498524
-166.706388,37,13205.652781
-110.011976,43,13205.831924
-257.947769,37,13205.983789
-137.706761,22,13206.074129
-460.19687,49,13206.275424
-154.400721,48,13206.475283
-333.281885,78,13206.795286
-50.75058,40,13206.965204
-91.834947,42,13207.140263
53.181488,60,13207.386617
-264.370874,55,13207.616602
-203.017961,42,13207.789708
-443.382438,101,13208.216458
-40.602867,37,13208.391568
67.706908,44,13208.568107
-282.610284,28,13208.685559
-122.767587,47,13208.879874
-333.8086,47,13209.077867
-347.235407,77,13209.408541
-153.796365,24,13209.507759
-153.010396,24,13209.603465
-97.613516,31,13209.724281
-64.623717,41,13209.887243
105.388915,30,13210.006685
-209.730369,43,13210.178827
-80.582524,28,13210.290888
-18.885712,31,13210.575886
-411.000916,41,13210.750802
68.786369,35,13210.896198
-680.147843,101,13211.310635
-445.942311,101,13211.746848
-140.888235,34,13211.932185
-231.898058,46,13222.447929
96.544444,31,13222.629212
-272.130563,39,13222.80456
-354.449094,37,13222.961025
-58.811753,25,13223.065149
-219.38468,46,13223.257419
323.518434,31,13223.389601
-466.73179,69,13223.683739
-176.324331,40,13223.861244
-537.68203,56,13224.095007
-476.928502,62,13224.355134
25.963693,41,13224.517022
-376.539414,37,13224.660724
-56.358903,23,13224.752289
-196.753328,31,13224.881024
-201.396073,30,13225.000096
-132.230729,22,13225.090322
-234.916091,34,13225.234616
-113.226989,32,13225.364914
-270.937494,40,13225.524117
-283.2161,67,13225.801403
-98.943546,32,13225.940576
-67.63463,55,13226.169102
-376.597169,41,13226.335477
-43.233497,38,13226.505619
-198.713989,31,13226.634593
-352.365839,37,13226.784008
-355.349591,101,13227.207718
140.339649,24,13227.308356
30.801143,41,13227.471589
-221.671489,45,13227.658151
-444.96553,53,13227.887883
-300.093953,29,13228.010699
-102.764732,32,13228.142257
-267.964153,37,13228.29459
-380.882408,39,13228.452728
-112.444902,31,13228.574692
-160.823054,24,13228.676824
-150.727556,24,13228.771887
108.294117,41,13228.947525
-46.730006,40,13229.1083
-165.415571,39,13229.267324
-362.158802,37,13229.418512
-163.863852,50,13229.622336
-113.76221,32,13229.758238
-148.787697,23,13229.859027
72.941071,33,13229.997324
-415.275824,49,13230.198076
65.611668,46,13230.387935
-232.876338,59,13230.633744
-270.430252,25,13230.738072
-376.47195,67,13237.343276
-236.542818,20,13237.4677
-119.929893,20,13237.574397
-80.759575,28,13237.693604
-474.566256,50,13237.901513
-128.568013,33,13238.040318
182.548201,20,13238.125414
-231.450569,47,13238.323161
-304.238916,101,13238.748233
-376.676502,46,13238.943183
-589.750859,71,13239.24097
-149.767768,40,13239.409529
-260.905391,50,13239.61715
-347.895907,37,13239.774245
-257.500362,53,13240.004206
205.567054,26,13240.11557
-203.223483,32,13240.249428
-113.570595,61,13240.671536
-157.291494,49,13240.884393
-202.321802,32,13241.023037
-151.498722,48,13241.227872
-374.443256,37,13241.388849
-341.864923,37,13241.549502
-168.19186,38,13241.712107
-297.534616,43,13241.926871
-192.064297,28,13242.059421
-11.211482,33,13242.213878
-365.522624,61,13242.472868
324.755038,30,13242.603606
-707.482958,101,13243.045797
-305.526108,55,13243.279982
-163.060085,37,13243.442428
-204.825268,43,13243.623781
-157.288553,26,13243.731792
-133.780894,34,13243.887272
-10.233266,43,13244.065188
190.972792,24,13244.165362
-5.858004,32,13244.305001
-80.009828,27,13244.423462
-318.076703,63,13244.684771
-377.025926,52,13244.898096
-204.880558,33,13245.028126
57.226818,35,13245.172651
19.725901,28,13245.292146
-576.126833,71,13245.585763
-206.039369,32,13245.716945
72.396698,33,13245.855192
-161.001672,29,13245.987162
