#{"t_start": 1736948020.4055412, "env_id": "gymnasium_env/PingPongEnv-v0"}
r,l,t
-273.056987,37,16.287245
-240.515772,37,16.449346
-250.513168,37,16.631333
-259.245429,37,16.782959
-247.874075,37,16.926759
-252.662735,37,17.069915
-103.084492,51,17.264945
-259.42902,37,17.410997
-276.058001,37,17.557298
-281.351778,37,17.696731
-28.303796,35,17.832028
117.553141,30,17.942312
-262.254292,37,18.08641
-193.454927,31,18.219785
-246.577333,37,18.367376
-246.614709,37,18.519497
-249.847904,37,18.653421
-258.958611,37,18.808159
-277.020979,37,18.963891
-255.381445,37,19.10358
-32.650292,22,19.183515
-251.189141,37,19.327414
-282.632389,37,19.474651
-250.265047,37,19.618368
-250.696374,37,20.092686
-30.912202,24,20.189439
-272.443821,37,20.32156
-248.461107,37,20.466448
-255.484981,37,37.105497
-276.405895,37,37.285919
-286.483924,37,37.431982
-258.487961,37,37.570496
-243.527137,37,37.708765
-260.773493,37,38.10801
-266.557643,37,38.261841
-259.097264,37,38.411796
-247.384424,37,38.555586
-290.820108,37,38.700482
-255.370578,37,38.874742
-275.44769,37,39.009594
-264.503043,37,39.140746
-255.792731,37,39.389031
-276.618405,37,39.535958
-285.974607,37,39.682692
-251.833218,37,39.826539
-263.073781,37,39.978843
-293.871308,42,40.150634
-245.57271,37,40.340038
-259.00446,37,40.554416
-277.832742,37,40.723474
-239.054753,37,40.854577
-265.047144,37,40.997375
-265.713004,37,41.130205
-260.029433,37,41.268886
-241.664339,37,41.398069
-262.475966,37,41.534022
-241.988552,37,55.267985
-251.361279,37,55.426987
-251.357556,37,55.566824
-263.426891,37,55.732978
-258.356468,37,55.875276
-242.865265,37,56.008922
-256.204712,37,56.157725
-259.092845,37,56.56899
-248.347829,37,56.71945
-249.281199,37,56.859998
-270.336824,37,57.002464
-260.305236,37,57.144808
-271.072181,37,57.28266
-256.253861,37,57.422084
-259.363652,37,57.56867
-244.395481,37,57.71318
-270.214486,37,57.854785
-265.1707,37,57.993938
-251.407067,37,58.133492
-266.361122,37,58.276116
-266.382543,37,58.419726
-276.853845,37,58.551688
-268.433148,37,58.69843
-264.069384,37,58.846294
-273.093722,37,58.983444
-243.860193,37,59.111247
-275.672582,37,59.257366
-252.683756,37,73.428355
-245.918347,37,73.615896
-253.498207,37,73.761736
-221.060412,47,73.938156
-244.67419,37,74.079465
-272.249739,37,74.208764
-283.226557,37,74.347086
-253.366694,37,74.487405
-275.298678,37,74.624923
-262.199777,37,74.763847
-240.816747,37,74.908792
-258.641743,37,75.048581
-249.174219,37,75.181289
-277.275622,37,75.943412
-253.606952,37,76.150906
-252.513986,37,76.303246
-240.067753,37,76.45547
-261.619144,37,76.601875
-266.315456,37,76.736749
-250.963927,37,76.884797
-272.580825,37,77.026574
-248.873482,37,77.198687
-270.592373,37,77.342814
-258.454141,37,77.485517
-264.367758,37,77.626243
-276.019877,37,77.763123
-276.989293,37,77.899468
-252.402199,37,78.030848
-252.404796,37,95.03626
-257.82535,37,95.208822
-277.739868,37,95.347415
-278.274728,37,95.482737
-257.648878,37,95.626873
-250.099682,37,95.768874
-256.795428,37,95.907843
-256.697,37,96.052446
-263.047213,37,96.193261
-252.185575,37,96.334061
-264.303303,37,96.472911
-268.557789,37,96.608753
-255.362181,37,96.748953
-248.694924,37,96.892854
-276.572196,37,97.030238
-237.53788,37,97.163336
-252.653901,37,97.301825
-263.233185,37,97.435144
-255.414011,37,97.570975
-259.877112,37,97.711639
-265.192263,37,97.854191
-263.938339,37,97.984668
-258.443624,37,98.125923
-224.349475,34,98.257277
-263.850088,37,98.398006
-266.469382,37,98.526677
-252.35763,37,98.679806
-261.491377,37,112.7597
-255.893604,37,112.950343
-245.321582,37,113.097367
-253.777271,37,113.230583
-257.734703,37,113.362766
-251.797496,37,113.507602
-267.408591,37,113.643251
-275.307674,37,113.776969
-261.015983,37,113.914655
-268.734361,37,114.062097
-274.211797,37,114.201588
-288.002469,37,114.343365
-263.709286,37,114.481057
-253.992601,37,114.616946
-263.715246,37,114.75702
-269.118693,37,114.91305
-267.505098,37,115.045435
-259.815072,37,115.18633
-263.598932,37,115.335586
-250.953823,37,115.472224
-268.644698,37,115.602057
-76.58698,29,115.707343
-284.010781,37,115.843384
-263.882822,37,115.983764
-260.571168,37,116.117712
-260.42523,37,116.258138
-256.388003,37,116.398144
-276.015519,37,116.534699
-274.528704,37,129.705385
-267.886337,37,129.896478
-281.760047,37,130.039583
-249.887113,37,130.181801
-278.752359,37,130.317031
-259.471286,37,130.45231
-266.26701,37,130.589963
-242.707164,37,130.733027
-252.842505,37,130.871371
-244.296472,37,131.012305
-275.982855,37,131.151255
-246.955095,37,131.288761
-251.783223,37,131.433472
-274.366832,37,131.571842
-273.479962,37,131.96255
-272.259613,40,132.211315
-254.007015,37,132.370559
-77.661068,29,132.480055
-246.188709,37,132.617744
-292.246214,37,132.757171
-153.281689,24,132.847615
-298.394401,37,132.98473
-272.967481,37,133.121685
-287.954526,37,133.256495
-242.316052,37,133.390189
-251.845259,37,133.524256
-152.601768,24,133.618239
-246.647263,37,133.758596
-249.520396,37,134.026597
-298.325424,37,149.403922
-248.44998,37,149.951502
-273.498748,37,150.115596
-287.686275,37,150.262316
-92.017951,30,150.410149
-247.167005,37,150.618674
-265.744585,37,150.814645
-242.609479,37,151.003367
-260.041595,37,151.200335
-272.63268,37,151.391946
-230.958543,37,151.587339
-267.420497,37,151.741957
-241.099282,37,151.878248
-265.076277,37,152.010496
-266.290725,37,152.156608
-249.681316,37,152.294189
-250.116037,37,152.429582
-250.035037,37,152.568379
-260.361153,37,152.705367
-254.263497,37,152.836422
-251.696834,37,152.973206
-257.180513,37,153.109579
-187.821814,43,153.261246
-255.973383,37,153.40197
-252.360845,37,153.540603
-250.248798,37,153.679862
-259.326784,37,153.814212
-251.200553,37,167.450872
-256.417161,37,167.658748
-241.998349,37,167.805018
-257.157942,37,167.937689
-193.292134,31,168.053682
-275.389282,37,168.197419
-256.340474,37,168.621993
-250.447446,37,168.785499
-280.715339,37,168.925016
-265.361717,37,169.061843
-271.952736,37,169.205215
-249.358247,37,169.35221
-291.803385,37,169.491172
-211.006691,32,169.603626
-265.682031,37,169.747292
-291.865821,37,169.883472
-275.902985,37,170.029171
-215.945738,32,170.146448
-263.96433,37,170.291526
-269.900161,37,170.427322
-269.14008,37,170.560951
-293.055702,37,170.704238
-244.369681,37,170.836183
-255.22353,37,170.9726
-255.667197,37,171.113537
-161.34387,25,171.208086
-248.038254,37,171.349776
-283.322633,37,171.488934
-261.32649,37,171.621033
-249.410234,37,186.421882
-265.894426,37,186.830401
-261.812523,37,187.046925
-175.116411,29,187.160626
-258.548223,37,187.294749
-295.902264,37,187.438102
-254.151243,37,187.570062
-245.467246,37,187.710256
-261.216103,37,187.849366
-242.692216,37,187.984696
-254.481201,37,188.124452
-242.229135,37,188.266408
-263.041562,37,188.403197
-260.942611,37,188.538032
-269.822396,37,188.677295
-255.93389,37,188.815732
-245.659033,37,188.95447
-135.13739,23,189.038798
-280.069897,37,189.18135
-258.243881,37,189.324411
-234.897716,39,189.478085
-266.201384,37,189.615722
-251.901817,37,189.748729
-22.060477,22,189.832856
-279.238385,37,189.974087
-243.091308,37,190.190621
-290.087206,37,190.325772
-272.244967,37,190.457348
-257.004248,37,190.595335
-271.494375,37,203.634329
-260.497746,37,203.791665
-264.391014,37,203.930168
-287.598496,37,204.065202
-269.501758,37,204.201715
-270.229073,37,204.340539
-237.831529,37,204.490382
-283.963072,37,204.624359
-252.133561,37,204.764576
-263.140199,37,204.899534
-250.052882,37,205.035862
-269.851365,37,205.168063
-246.520207,39,205.73929
-272.815699,37,205.917005
-243.508248,37,206.061534
-248.233225,37,206.201028
-268.717067,37,206.339164
-269.545832,37,206.478147
-264.554258,37,206.618766
-253.895038,37,206.759738
-259.943161,37,206.896248
-278.120603,37,207.043145
-242.015161,37,207.186067
-258.03789,37,207.33053
-264.681046,37,207.47318
-270.976398,37,207.610985
-258.90944,37,207.751543
-290.299092,37,222.828715
-276.556528,37,223.004129
-147.549423,25,223.099614
-301.810651,45,223.262163
-288.667573,37,223.401911
-250.568468,37,223.543948
-248.186068,37,223.684968
-244.676589,37,223.82669
-265.448779,37,224.046472
-256.583675,37,224.413269
-258.758111,37,224.551106
-255.023041,38,224.704037
-203.168878,32,224.859571
-234.675758,37,225.005724
-277.853639,37,225.140512
-240.438446,37,225.281208
-236.487666,37,225.420868
-279.463919,37,225.560395
-248.745285,37,225.706132
-262.074406,37,225.847734
-256.605891,37,225.99171
-250.619366,37,226.131708
-258.718531,37,226.277187
-227.934909,36,226.415489
-285.711195,37,226.549529
-242.949818,37,226.698392
-279.912219,37,226.850095
-266.30716,37,226.989129
-247.85355,37,239.895779
-250.353933,37,240.069844
-260.473248,37,240.216049
-255.080653,37,240.357271
-254.755477,37,240.505978
-286.379029,37,240.642486
-272.588741,37,240.77437
-253.66093,37,240.922752
-273.832499,37,241.061195
-258.664507,37,241.204115
-268.760266,37,241.353497
-236.744438,35,241.492928
-251.243536,37,241.632938
-270.778237,37,241.776026
-271.869677,37,241.914351
-246.189971,37,242.055155
-278.394144,37,242.198262
-253.620195,37,242.344984
-271.005612,37,242.482593
-281.674649,37,242.616906
-268.693485,37,242.753083
-255.277267,37,242.893102
-250.236909,37,243.038744
-282.178404,37,243.34107
-316.545068,46,243.680537
-246.236245,37,243.819943
-267.543117,37,243.952558
-246.330993,37,244.090238
-254.039394,37,257.50425
-273.450926,37,257.659822
-254.39289,37,257.801252
-281.686672,37,257.948119
-264.110736,37,258.095401
-275.915936,37,258.230392
-243.087976,37,258.366197
-238.300176,37,258.507316
-294.340284,37,258.651934
-270.724445,37,258.792834
-274.394217,37,258.9378
-260.092345,37,259.077959
-271.556692,37,259.217453
-263.338303,37,259.355327
-287.613753,37,259.492481
-257.089594,37,259.630761
-271.61427,37,259.776596
-259.937612,37,259.911744
-232.916385,37,260.048014
-262.908477,37,260.186849
-262.607935,37,260.331205
-274.94419,37,260.48423
-268.150021,37,260.627382
-259.668154,37,260.773035
-247.576284,37,260.916696
-249.441454,37,261.057025
-253.413247,37,261.328869
-289.156573,37,276.699609
-262.345644,37,276.884846
-268.906135,37,277.024125
-267.581278,37,277.160656
-212.320259,33,277.284456
-275.035558,37,277.422952
-243.749617,37,277.558663
-276.655283,37,277.694416
-253.504769,37,277.830438
-265.831516,37,277.964927
-269.502723,37,278.107553
-236.83175,37,278.247137
-255.056854,37,278.386308
-256.507563,37,278.521763
19.891336,34,278.653653
-256.059308,37,278.798498
-258.231467,37,278.937353
-253.429877,37,279.079214
-263.078624,37,279.216974
-234.277398,37,279.350709
-269.108668,37,279.489026
-247.314904,37,279.621748
-279.164301,37,279.753333
-253.709731,37,279.890025
-261.763617,37,280.024112
-254.849018,37,280.164623
-247.493808,37,280.297669
-338.296937,67,294.835793
-272.463511,37,295.031557
-275.767264,37,295.18179
-272.229976,37,295.317408
-280.775364,37,295.455643
-150.71044,37,295.599068
-281.148087,37,295.738338
-259.883949,37,295.881828
-260.608598,37,296.024217
-260.604574,37,296.161383
-270.593571,37,296.297022
-261.39832,37,296.435287
-174.806205,28,296.540527
-278.841066,37,296.675304
-269.46785,37,296.812678
-302.827958,37,296.947072
-183.151209,30,297.06213
-249.62273,37,297.210528
-242.081383,37,297.360155
-261.367341,37,297.50176
-278.898947,37,297.638421
-60.12921,28,297.738085
-240.298161,37,297.876953
-270.782502,37,298.017579
-253.153927,37,298.161098
-266.449416,37,298.300159
-251.779529,37,298.436392
-255.354724,37,298.580024
-220.177508,35,298.71503
-241.221623,37,312.093575
-252.056851,37,312.269383
-239.198917,36,312.406932
-280.335109,37,312.83378
-259.918211,37,312.971091
-243.263793,37,313.11368
-252.202657,37,313.252128
-273.43843,37,313.396491
-253.087712,37,313.545407
-252.037737,37,313.685379
-253.608575,37,313.824089
-254.618001,37,313.969879
-236.567457,37,314.111153
-265.403506,37,314.250168
-249.689907,37,314.39841
-171.243981,29,314.512592
-261.5423,37,314.666902
-251.845515,37,314.818119
-246.866783,37,314.969642
-252.019112,37,315.108145
-234.36705,36,315.240628
-263.314917,37,315.373156
-259.71819,37,315.515612
-253.956198,37,315.656754
-245.546662,37,315.787956
-270.622275,37,315.926658
-103.023122,33,316.052714
-294.060158,37,316.192344
-206.433981,33,329.072318
-242.826572,37,329.246791
-253.891071,37,329.388029
-261.414749,37,329.525545
-257.877671,37,329.664575
-251.984968,37,329.80969
-247.456886,37,329.951997
-177.832266,28,330.057732
-251.598836,37,330.202045
-252.361295,37,330.341106
-244.54773,37,330.478111
-256.642442,37,330.615092
-282.502548,37,330.870196
-261.672845,37,331.014336
-263.086083,37,331.162762
-260.042695,37,331.417124
-266.759389,37,331.732035
-281.652204,37,331.879537
-276.662413,37,332.026291
-256.489349,37,332.164714
-201.273908,32,332.286376
-260.898938,37,332.430172
-275.150991,37,332.57014
-274.1453,37,332.708737
-261.028258,37,332.846627
-271.952529,37,332.993897
-268.933454,37,333.130308
-259.184084,37,333.270199
-242.190964,37,348.92649
-270.013373,37,349.105649
-269.120191,37,349.238912
-240.935805,37,349.389143
-246.64842,37,349.534327
-293.590765,43,349.701019
-279.025099,37,349.841045
-263.079074,37,349.985006
-241.985428,37,350.129994
-267.353946,37,350.275654
-258.059241,37,350.416669
-276.622914,37,350.958731
-160.699016,27,351.080633
-264.096968,37,351.233701
-244.01732,37,351.3765
-263.486603,37,351.526625
-246.615988,37,351.663272
-282.28116,37,351.816081
-274.342215,47,351.994611
-264.673604,37,352.134075
-246.468757,37,352.283489
-254.395663,37,352.423605
-259.768063,37,352.56667
-271.295239,37,352.706391
-198.28065,30,352.822046
-248.97055,37,352.968888
-280.408282,37,353.110304
-250.229583,37,353.247817
-244.822337,37,366.563809
-276.926469,37,366.723018
-237.923668,37,366.863543
-255.046958,37,367.007549
-249.372558,37,367.178862
59.103197,27,367.285559
-278.862696,37,367.425417
-284.35795,37,367.561984
-239.768486,37,367.696546
-257.705287,37,367.842061
-115.433883,33,367.961058
-259.843896,39,368.103793
-244.97367,37,368.243155
-260.289417,37,368.383129
-257.900458,37,368.519303
-269.665652,37,368.666775
-251.057338,37,368.80129
-261.504114,37,368.936214
-240.319405,37,369.076798
-238.3041,37,369.222729
-242.799343,37,369.361937
-256.709581,37,369.519837
-248.982474,37,370.034032
-256.023389,37,370.180832
-248.196189,37,370.328701
-245.250264,37,370.465568
-266.141733,37,370.603432
-250.657895,37,370.809057
-271.053028,37,385.610621
-255.244115,37,385.776397
-223.416749,36,385.932232
-272.470141,37,386.094573
-250.021299,37,386.243602
-263.5214,37,386.382276
-280.351619,37,386.523385
-277.572359,37,386.669779
-265.764748,37,386.810343
-250.016972,37,386.951469
-241.587213,37,387.093516
-252.520936,37,387.236965
-268.985728,37,387.374081
-278.942117,37,387.514958
-240.428651,37,387.656797
-644.359187,101,388.03332
-31.386516,23,388.113961
-276.216366,37,388.253824
-270.837978,37,388.388053
-241.793329,37,388.522182
-259.031823,37,388.665778
-293.981125,37,389.107539
-149.48753,36,389.266691
-251.68103,37,389.42457
-247.780783,37,389.687911
-241.082682,37,389.833595
-257.292926,37,406.539918
-262.814921,37,406.72486
-253.716483,37,406.865251
-264.69856,37,407.002382
-259.455755,37,407.143922
-249.936546,37,407.282282
-252.33097,37,407.4239
-264.681438,37,407.652975
-276.48872,37,408.035674
-266.765949,37,408.191323
-244.040493,37,408.379676
-284.264213,42,408.590394
-252.865022,37,408.777014
-279.651384,37,408.936562
-247.496995,37,409.083779
-249.07028,37,409.224331
-267.348741,37,409.37129
-263.071917,37,409.513254
-241.377739,37,409.662628
-243.14074,37,409.802205
-252.942048,37,409.946573
-250.313703,37,410.089196
-260.656168,37,410.223623
-280.357138,37,410.362182
-273.251704,37,410.506514
-242.300953,37,410.648181
-256.119347,37,410.792799
-283.118646,37,410.942621
-247.909616,37,424.028454
-238.304173,37,424.189838
-283.646601,37,424.332925
-247.387933,37,424.469022
-245.581795,37,424.621403
-248.421391,37,424.758778
-234.30601,36,424.896862
-257.368727,37,425.044303
-274.078671,37,425.187569
-267.040263,37,425.3311
-264.187934,37,425.469067
-235.902803,37,425.608591
-105.929873,34,425.738287
-272.701536,37,425.876453
-254.047893,37,426.023946
-244.648445,37,426.158717
-252.505267,37,426.300989
-246.523608,37,426.44484
-283.02789,37,426.59005
-266.619891,37,427.001204
-278.747194,37,427.164919
-253.131894,37,427.31162
-269.549909,37,427.455585
-248.445017,37,427.606255
-259.040838,37,427.747707
-248.203765,37,427.887579
-279.331244,37,428.029844
-260.295602,37,440.669334
-273.513988,37,440.86864
-283.006907,37,441.017043
-245.680809,37,441.154831
-250.923766,37,441.30142
-249.596249,37,441.439153
-274.042118,37,441.579229
-268.948591,37,441.719727
-252.052005,37,441.855858
-251.601855,37,442.001588
-248.64845,37,442.146822
-243.853668,37,442.289433
-269.724178,37,442.429465
-251.00374,37,442.574083
-273.942411,37,442.715665
-261.088128,37,442.855412
-240.568444,37,442.997656
-249.543204,37,443.137098
-281.749304,37,443.278355
-280.521502,37,443.42312
-256.70922,37,443.564292
-244.21095,37,443.706809
-7.442219,33,443.840272
-247.028072,37,443.984626
-268.367903,37,444.128816
-266.428153,37,444.272733
-202.755363,33,444.394297
-247.175537,37,444.540642
-262.45187,37,458.124296
-240.22498,37,458.315212
-188.917379,29,458.431485
-254.321319,37,458.5692
-240.793212,37,458.702941
-286.019034,37,458.84947
-275.515052,37,458.989755
-76.583927,29,459.098477
-277.510113,37,459.239412
-249.646376,37,459.38982
-254.939053,37,459.538249
-252.804938,37,459.677835
-237.321898,37,459.942351
-264.963796,37,460.080875
-274.342753,37,460.218732
-264.794749,37,460.36327
-243.25721,37,460.508633
-242.10081,37,460.650758
-253.500455,37,460.797125
-255.579436,37,460.938477
-287.524101,37,461.084215
-256.720512,37,461.2158
-251.416786,37,461.346613
-273.178045,37,461.48824
-284.924657,37,461.625944
-274.536026,37,461.766496
-270.904943,37,461.905379
-238.391488,37,462.042255
-282.512876,37,478.163986
-276.609929,37,478.364433
-249.613708,37,478.525676
-246.16689,37,478.666131
-275.830078,37,478.803443
-247.488391,37,478.944015
-256.258473,37,479.085302
-264.695387,37,479.223737
-248.840393,38,479.368284
-265.488931,37,479.517252
-256.244037,37,479.65709
-281.099027,37,479.799797
-248.472747,37,479.936874
-259.785191,37,480.07235
-179.775736,32,480.197712
-268.663647,37,480.346562
-251.985098,37,480.487414
-242.164071,37,480.631375
-244.16572,37,480.771883
-248.998858,37,480.912548
-278.516772,37,481.060095
-256.24925,37,481.20326
-259.699029,37,481.340454
-281.342496,37,481.480179
-265.127783,39,481.627938
-275.753643,37,481.766872
-256.494567,37,481.913315
-109.404543,35,482.044134
-248.923008,37,495.414344
-258.329342,37,495.600684
-7.24559,32,495.725042
-248.49157,37,495.861307
-272.819587,37,496.006935
-249.97011,37,496.148145
-278.554793,37,496.48256
-246.472228,37,496.70956
-248.595547,37,497.022096
-245.672964,37,497.230773
-266.327335,37,497.392514
-278.994689,37,497.535633
-249.66785,37,497.674827
-274.166316,37,497.809901
-243.984154,37,497.956787
-268.331996,37,498.098794
-267.598247,37,498.245018
-242.390611,37,498.391822
-295.49869,37,498.534375
-272.337162,37,498.675844
-239.403034,37,498.819868
-263.833287,37,498.958891
-277.873906,37,499.090803
-251.74712,37,499.222101
-262.765398,37,499.374422
-256.543475,37,499.52701
-246.241876,37,499.670479
-250.158344,37,499.814245
-251.180625,37,2584.941865
-247.115465,37,2585.119027
-252.432674,37,2585.256933
-243.185314,37,2585.395799
-273.608384,37,2585.536962
-264.470668,37,2585.695421
-252.709018,37,2585.855738
-278.599414,37,2585.994406
-277.909435,37,2586.137289
-271.351059,37,2586.274195
-251.198592,37,2586.427115
-237.405067,37,2586.571349
-241.597017,37,2586.711817
-277.809054,37,2586.860995
-375.597816,57,2587.123349
-259.352866,37,2587.260094
-254.019982,37,2587.397171
-65.44948,29,2587.500342
-257.29152,37,2587.670716
-249.844944,37,2587.81206
-285.241998,37,2587.952456
-192.005544,46,2588.126128
-262.65364,37,2588.264109
-261.806966,37,2588.406984
-269.035307,37,2588.679337
-279.699333,37,2588.820279
-262.286463,37,2588.959373
-266.777604,37,2611.703103
-259.339544,37,2611.88452
-242.556423,37,2612.319287
-253.617654,37,2612.467411
-293.934901,37,2612.607938
-261.884578,37,2612.745722
-257.207911,37,2612.901597
-247.787656,37,2613.041696
-247.968317,37,2613.176512
-265.697251,37,2613.317995
-247.679078,37,2613.455374
-246.873387,37,2613.586863
-32.902842,36,2613.719235
-260.306504,37,2613.854969
-257.311144,37,2613.992937
-263.998921,37,2614.141654
-257.366069,37,2614.283784
-255.267423,37,2614.425334
-251.041266,37,2614.561153
-280.285468,37,2614.71617
-270.654162,37,2614.87043
-255.614558,37,2615.00538
-267.662134,37,2615.146767
-257.512047,37,2615.283154
-250.320565,37,2615.429267
-269.363877,37,2615.565376
-255.935807,37,2615.710407
-245.841908,37,2615.850134
-253.695987,37,2629.667008
-268.869046,37,2629.84951
-278.782833,37,2629.998144
-232.643492,37,2630.140778
-268.105944,37,2630.281247
-272.346543,37,2630.418138
-249.220652,37,2630.561788
-258.593858,37,2630.698464
-215.467411,34,2630.89133
-241.039192,37,2631.320858
-241.715504,37,2631.500131
-271.811103,37,2631.644673
-294.222133,37,2631.789252
-258.038339,37,2631.925288
-134.130207,55,2632.13009
-254.593971,37,2632.276686
-271.981057,37,2632.411826
-256.260186,37,2632.552283
-241.268739,36,2632.691328
-271.040117,37,2632.834917
-230.332513,36,2632.985226
-263.247404,37,2633.117707
-243.8887,37,2633.256141
-244.096958,37,2633.395994
-271.194512,37,2633.53284
-239.975546,37,2633.682546
-25.956487,22,2633.765807
-264.852386,37,2646.9279
-152.320829,25,2647.074456
-262.207873,37,2647.24186
-252.231332,37,2647.392261
-239.186617,37,2647.533813
-272.937835,37,2647.668376
-278.236663,37,2647.807711
-268.656461,37,2647.952093
-239.986014,37,2648.094995
-277.391757,37,2648.233414
-252.625488,37,2648.381169
-250.360224,37,2648.524123
-275.767348,37,2648.667669
-253.761847,37,2648.812922
-82.899216,32,2648.931539
-262.702211,37,2649.073437
-251.326898,37,2649.212614
-250.505209,37,2649.351979
-242.705874,37,2649.491463
-262.528859,37,2649.637578
-186.538818,31,2649.963786
-259.283677,37,2650.214217
-237.091603,37,2650.354527
-259.56207,37,2650.505256
-253.290641,37,2650.641108
-236.095012,37,2650.777162
-240.680638,37,2650.915892
-241.050839,37,2651.056454
-252.151684,37,2651.188712
-260.508131,37,2663.973451
-260.822475,37,2664.142192
-248.260786,37,2664.279354
-278.594041,37,2664.42093
-289.726218,37,2664.56143
-251.721923,37,2664.704453
-243.434583,37,2664.855744
-275.646586,37,2664.996702
-123.78636,36,2665.131363
-238.794776,37,2665.279218
-264.040642,37,2665.549952
-249.28986,37,2665.701679
-247.088089,37,2665.83711
-234.538448,37,2665.974512
-240.565509,37,2666.115722
-277.796717,37,2666.247858
-260.879699,37,2666.4044
-238.887909,37,2666.550657
-251.272366,37,2666.693205
-253.476719,37,2666.835077
-272.110209,37,2666.975427
-271.060567,37,2667.111496
-293.424652,37,2667.256742
-261.07422,37,2667.389298
-240.92375,37,2667.525231
-248.870083,37,2667.663103
-258.535051,37,2667.808057
-252.905275,37,2684.032109
-265.970374,37,2684.229796
-274.541926,37,2684.381136
-244.779849,37,2684.526986
-32.636841,23,2684.608155
-251.92805,37,2684.744918
-240.512844,37,2684.887955
-267.948146,37,2685.018091
-256.309743,37,2685.162422
-284.976388,37,2685.300457
-242.740422,37,2685.43695
-264.614959,37,2685.571352
-249.765664,37,2685.713861
-246.111135,37,2685.856223
-246.580716,37,2685.995303
-258.890575,37,2686.14318
-256.801749,37,2686.284855
-297.441398,37,2686.42643
-260.759067,37,2686.562957
-260.919297,37,2686.699294
-247.212726,37,2686.839105
-45.637467,37,2686.989926
-266.211345,37,2687.127178
-239.9276,37,2687.264838
-253.05317,37,2687.400455
-28.695725,21,2687.482633
-247.914607,37,2687.623817
-274.427569,37,2687.765352
-274.725454,37,2687.892924
-257.266156,37,2703.134161
-185.995548,29,2703.317262
-267.40733,37,2703.485083
-133.579916,35,2703.615035
-241.025398,37,2703.753989
-256.499697,37,2703.90174
-281.505434,37,2704.046783
-275.036623,37,2704.20373
-160.542336,40,2704.348415
-264.241411,37,2704.484479
-277.332198,37,2704.618269
-243.432971,37,2704.765906
-256.978458,37,2704.905855
-242.683926,37,2705.045299
-244.391734,37,2705.194959
-266.746433,37,2705.326894
-268.08137,37,2705.471325
-251.998374,37,2705.611929
-260.721009,37,2705.748753
-269.110901,37,2705.898337
-257.791365,37,2706.133759
-144.289441,37,2706.385489
-237.109099,37,2706.590722
-262.488661,37,2706.807392
-245.888931,37,2707.047021
-267.727083,37,2707.303572
-264.320506,37,2707.535928
-258.122058,37,2707.710617
-264.650551,37,2728.496357
-244.023639,37,2728.664625
-272.868336,37,2728.815112
-241.353281,37,2728.976385
-246.881233,37,2729.117591
-251.703126,37,2729.262491
-268.777851,37,2729.414516
-247.309822,37,2729.559717
-254.703165,37,2729.865268
-250.756979,37,2730.014359
-242.510134,37,2730.153334
-241.900402,37,2730.31425
-249.628917,37,2730.508654
-267.11434,37,2730.70997
-278.313038,37,2730.873059
-266.910468,37,2731.029273
-271.466235,37,2731.163435
-257.580574,37,2731.318706
-243.639394,37,2731.463558
-260.256191,37,2731.607849
-257.949425,37,2731.767702
-246.252601,37,2731.912999
-246.451317,37,2732.060204
-283.266382,37,2732.204066
-210.060249,33,2732.441057
-155.843082,37,2732.598764
-223.156499,35,2732.737713
-246.490007,37,2732.87963
-259.070013,37,2747.479032
-245.087529,37,2747.641853
-277.614824,37,2747.778604
-261.073458,37,2747.914898
-249.423623,37,2748.048842
-243.582692,37,2748.184437
-148.272648,37,2748.31597
-277.232436,37,2748.458697
-248.805082,37,2748.595778
-263.727559,37,2748.729293
-268.717118,37,2748.862607
-262.917552,37,2749.001629
-258.330761,37,2749.132183
-253.204086,37,2749.268834
-244.56228,37,2749.403611
-249.383431,38,2749.54699
-256.136324,37,2749.681673
-158.831731,27,2749.78697
-247.80243,37,2749.928196
-259.248586,37,2750.070009
-142.74368,40,2750.209726
-508.765476,78,2750.497594
-285.300146,37,2750.63262
-277.723744,37,2750.776619
-272.091902,37,2750.919763
-288.122606,37,2751.055682
-238.675617,37,2765.017625
-255.618046,37,2765.207195
-242.259178,37,2765.362932
-264.258516,37,2765.531962
-280.122226,37,2765.669615
-239.090063,37,2765.80433
-214.862268,48,2765.983969
-256.302759,37,2766.124056
-284.004833,37,2766.266801
-243.577788,37,2766.400179
-258.272486,37,2766.53174
-253.71694,37,2766.670294
-262.647937,37,2766.803411
-244.257337,37,2766.935439
-244.465678,37,2767.069767
-8.674532,34,2767.191678
-242.489121,37,2767.333562
-256.838625,37,2767.472173
-289.642623,37,2767.686222
-210.468421,33,2767.80447
-242.442711,37,2767.941957
-276.330478,37,2768.081494
-243.665494,37,2768.214238
-281.594776,37,2768.356245
-269.18473,37,2768.496556
-286.120105,37,2768.634778
-248.388862,37,2768.766352
-250.988526,37,2768.903474
-257.165965,37,2782.188069
-283.066016,37,2782.356642
-247.592567,37,2782.490765
-268.811334,37,2782.620121
-281.237921,37,2782.764723
-272.909257,37,2782.892614
-252.777287,37,2783.027537
-278.459434,37,2783.165818
-274.33462,37,2783.303056
-247.838488,37,2783.441623
-246.803403,37,2783.585175
-243.781786,37,2783.721745
-240.224265,37,2783.856446
-260.485444,37,2784.001562
-141.415875,37,2784.141893
-251.684569,37,2784.280921
-244.378998,37,2784.416599
-261.215611,37,2784.558301
-260.585196,37,2784.698856
-271.577078,37,2784.840631
-295.526323,37,2784.981863
-272.976759,37,2785.122091
-266.924711,37,2785.258818
-261.599938,37,2785.391538
-296.706247,37,2785.530547
-246.263598,37,2785.668988
-255.412107,37,2785.809322
-265.759971,37,2785.943777
-255.187198,37,2798.840627
-85.674643,31,2798.979084
-262.828543,37,2799.121287
-248.954335,37,2799.257552
-246.302381,37,2799.391236
-268.966756,37,2799.537929
-264.331285,37,2799.67528
-245.566913,37,2799.816755
-460.534327,67,2800.407873
-245.577924,37,2800.681953
-267.829189,37,2800.825305
-275.725716,37,2800.973658
-225.629823,34,2801.098931
-254.564436,37,2801.240848
-261.663592,37,2801.383911
-260.475403,37,2801.524877
-244.791724,37,2801.6653
-142.530526,37,2801.799529
-269.476999,37,2801.938524
-51.649939,28,2802.045975
-250.002593,37,2802.181944
-259.424909,37,2802.325127
-238.569583,37,2802.471391
-258.361793,37,2802.612276
-251.28776,37,2802.750202
-256.382993,37,2802.891795
-250.32644,37,2803.027351
-249.798034,37,2818.904652
-276.000249,37,2819.084985
-244.684121,37,2819.487181
-264.219928,37,2819.6303
-248.143729,37,2819.770103
-257.331474,37,2819.922953
-118.381852,34,2820.054936
-34.546364,22,2820.132862
-260.029747,37,2820.271284
-267.444977,37,2820.407482
-241.582256,37,2820.540967
-251.612005,37,2820.681464
-268.633467,37,2820.817751
-133.426,21,2820.892404
-241.414575,37,2821.026121
-248.927636,37,2821.157479
-235.997688,37,2821.298032
-237.111346,37,2821.431845
-362.381861,101,2821.819237
14.35394,30,2821.931242
-249.305591,37,2822.072402
-246.191506,37,2822.206985
-265.465163,37,2822.35006
-264.753075,37,2822.490287
-243.405003,37,2822.623346
-260.609296,37,2822.762551
-205.436397,33,2822.92456
-280.059783,37,2835.744861
-250.56865,37,2835.918847
-257.866622,37,2836.051904
-245.21025,37,2836.196156
-263.911696,37,2836.327052
-241.734546,37,2836.460362
-150.547767,37,2836.596128
-261.641596,37,2836.733205
-204.963234,32,2836.86696
-269.149305,37,2837.025075
-251.508016,37,2837.169687
-199.789089,32,2837.294792
-281.99434,37,2837.427137
-266.539193,37,2837.582473
-254.170563,37,2837.811543
-267.818305,37,2837.972014
-267.107787,37,2838.116088
-253.039055,37,2838.256049
-263.677883,37,2838.399074
-245.794297,37,2838.671324
-259.465885,37,2838.941907
-261.363976,37,2839.075116
-243.923797,37,2839.212525
-247.790425,37,2839.350174
-275.182662,37,2839.486686
-243.971696,37,2839.621227
-163.613781,26,2839.722213
-173.281229,29,2839.83109
-238.750313,37,2839.984223
-247.711976,37,2852.760458
-264.170193,37,2852.922236
-261.40962,37,2853.049342
-262.359012,37,2853.190699
-243.059991,37,2853.319582
-249.759209,37,2853.458737
-5.752072,33,2853.573771
-250.275145,37,2853.713194
-249.005937,37,2853.848712
-256.858252,37,2853.988774
-262.535041,37,2854.133912
-273.499108,37,2854.267037
-195.837205,31,2854.377516
-251.024196,37,2854.513896
-143.543187,37,2854.659739
-255.475085,37,2854.794948
-279.982496,37,2854.930702
-190.945924,31,2855.043617
-265.411803,37,2855.181313
-271.393431,37,2855.316023
-276.720062,37,2855.45174
-246.213444,37,2855.577447
-269.511575,37,2855.718658
-273.000903,37,2855.973841
-141.94353,39,2856.126831
-156.692146,26,2856.222452
-245.963514,37,2856.363413
-240.413906,37,2856.498557
-278.867595,37,2871.213385
-244.192093,37,2871.386973
-159.097725,26,2871.478665
-248.539845,37,2871.61673
-265.29596,37,2871.762381
-257.675901,37,2871.898421
-268.686493,37,2872.039126
-259.818567,37,2872.175968
-383.465314,76,2872.456401
-273.716181,37,2872.596893
-280.687551,37,2872.734984
-267.992188,37,2872.871332
-247.846957,37,2873.00217
-271.007983,37,2873.145537
-251.33065,37,2873.285232
-76.478219,29,2873.395151
-253.390733,37,2873.530117
-255.536187,37,2873.663459
-132.569741,36,2873.800318
-266.035647,37,2873.936589
-257.43211,37,2874.080376
-244.483995,37,2874.215906
-243.614721,37,2874.355313
602.320889,32,2874.475273
-141.396798,37,2874.611155
-262.659447,37,2874.757601
-263.244588,37,2874.901193
-243.757387,37,2889.411614
-250.594334,37,2889.590959
-252.918102,40,2889.746097
-39.968446,37,2889.889137
-169.380848,28,2889.998922
-247.639277,37,2890.137461
-248.377692,37,2890.272854
-272.169584,37,2890.402867
-133.705721,36,2890.534111
-261.146079,37,2890.669257
-252.977984,37,2890.806642
-245.030741,37,2890.948811
-269.621017,37,2891.085758
-251.699331,37,2891.218165
-260.615713,37,2891.347083
-278.882213,37,2891.483657
-273.380798,37,2891.624219
-252.204002,37,2891.763147
-241.911258,37,2891.903883
-249.768073,37,2892.048501
-247.732717,37,2892.176412
-247.601499,37,2892.311956
-244.852886,37,2892.456672
-249.072334,37,2892.594177
-254.47942,37,2892.724756
-258.727264,37,2892.850272
-246.428769,37,2892.994448
-88.078843,32,2893.111289
-246.506191,37,2907.419807
-243.572352,37,2907.610061
-259.95351,37,2907.75998
-174.226712,28,2907.86742
-276.177011,37,2908.007784
-148.921892,37,2908.139619
-143.324548,37,2908.277761
-244.995015,37,2908.413977
-146.987206,25,2908.511857
-32.929507,22,2908.592224
-264.482535,37,2908.724473
-261.685346,37,2908.867049
-248.109482,37,2908.999453
-248.618897,37,2909.137515
-266.284508,37,2909.270894
-246.36911,37,2909.405305
-231.639977,39,2909.552527
-253.991375,37,2909.691525
-255.52161,37,2909.828854
-248.048833,37,2909.977612
-258.368556,37,2910.110626
-267.3317,37,2910.247011
-253.331928,37,2910.389839
-253.313983,37,2910.525141
-242.967305,37,2910.678241
-253.217918,37,2910.817895
-251.001372,37,2910.954981
-102.332874,32,2911.070509
-254.630933,37,2911.20855
-264.782887,37,2924.409665
-244.5827,37,2924.607981
-253.498141,37,2924.75274
-268.04522,37,2924.892195
-269.227662,37,2925.040659
-262.688906,37,2925.170406
-242.245957,37,2925.300923
-140.779976,37,2925.42952
-269.446417,37,2925.561191
-279.052523,37,2926.258254
-258.118479,37,2926.453378
-263.308869,37,2926.618946
-281.713832,37,2926.759737
-278.4394,37,2926.89336
-248.175439,37,2927.032769
-280.861337,37,2927.163813
-244.376767,37,2927.307554
-258.660776,37,2927.437779
-273.268906,42,2927.589481
-249.99866,39,2927.735831
-262.413243,37,2927.872446
-265.769827,37,2928.011209
-252.693289,37,2928.146974
-272.566846,37,2928.276338
-261.558052,37,2928.401681
-223.051585,34,2928.520063
-246.453849,37,2928.66332
-189.770831,31,2928.768244
-266.712352,37,2946.484245
-242.682037,37,2946.642029
-249.506817,37,2946.777925
-243.90089,37,2947.230694
-251.519587,37,2947.366585
-241.656688,37,2947.49599
-258.092838,37,2947.628253
-247.489335,37,2947.788698
-261.12124,37,2947.919338
-262.960548,37,2948.044562
-256.806193,37,2948.176953
-249.875871,37,2948.319089
-266.692412,37,2948.456712
-253.159669,37,2948.589538
-205.637444,32,2948.703335
-59.251128,43,2948.863544
-58.160798,101,2949.22889
-214.353551,35,2949.35505
146.104311,29,2949.461371
88.342765,34,2949.58915
-278.466356,37,2949.721363
-248.844078,37,2949.85521
-255.492657,37,2949.99495
-256.615502,37,2950.125757
-249.063333,37,2950.254195
-249.853176,37,2950.38548
-259.527215,37,2963.994759
-273.262968,37,2964.159084
-243.773179,37,2964.289692
-259.645606,37,2964.425426
-224.402462,36,2964.555674
-191.472842,31,2964.669782
-244.106995,37,2964.800018
-248.415313,37,2964.945771
-259.04326,37,2965.074399
-225.170968,36,2965.203727
-276.806452,37,2965.353928
-261.694433,42,2965.74618
-254.149874,37,2965.878546
-277.253677,37,2966.016309
-262.506849,37,2966.153934
-255.914047,37,2966.293055
-240.049263,37,2966.426657
-252.188045,37,2966.562073
-247.088788,37,2966.695361
-239.267597,37,2966.826377
-11.227906,34,2966.95304
-256.167943,37,2967.092898
-260.98791,37,2967.228284
-87.973009,30,2967.344751
-285.974423,44,2967.499106
-249.729405,37,2967.636508
-248.126247,37,2967.769924
-266.566608,37,2967.905703
-254.813323,37,2980.780581
-268.479378,37,2980.948771
-245.679314,37,2981.079832
-243.137002,37,2981.209006
-177.334952,30,2981.3191
-266.587196,37,2981.453868
-259.539361,37,2981.588153
-257.77966,37,2981.724741
-241.874033,37,2981.85254
-256.650836,37,2981.985952
-271.263878,37,2982.11929
-228.063374,35,2982.242716
-264.571914,37,2982.373598
-247.33722,37,2982.5167
-270.511388,37,2982.643562
-264.328492,37,2982.774587
-269.031198,37,2982.907797
-255.525785,38,2983.0444
-260.43523,37,2983.17704
-73.757343,29,2983.282014
-271.852983,37,2983.413246
-243.993597,37,2983.548615
-160.108178,27,2983.650725
-247.07816,37,2984.043391
-248.571712,37,2984.362188
-330.195752,50,2984.545409
-273.614232,37,2984.681467
-267.97452,37,2984.82262
-246.321043,37,2999.066025
-247.604701,37,2999.230577
-252.337986,37,2999.361227
-247.806227,37,2999.492612
-248.244351,37,2999.6233
-245.776992,37,2999.7598
-243.49227,37,2999.892219
-261.843807,37,3000.026441
-248.292208,37,3000.158783
-253.149574,37,3000.292346
-242.005445,37,3000.423708
-266.953614,37,3000.552248
-249.363442,37,3000.681764
-255.963807,37,3000.818368
-261.326161,37,3000.954702
-240.231445,37,3001.084458
-258.235848,37,3001.215102
-265.964631,37,3001.349792
-191.273932,33,3001.465894
-275.545548,37,3001.603704
-144.102743,39,3001.748781
-244.887646,37,3001.885385
-252.011627,38,3002.018382
-245.765899,37,3002.145575
-272.079523,37,3002.571668
-276.087097,41,3002.769262
-239.957348,37,3002.914691
-263.669645,37,3015.756646
-283.082819,37,3015.946431
-79.97601,28,3016.070553
-261.277709,37,3016.209624
-188.599896,31,3016.314816
-254.530893,37,3016.440962
-262.760731,37,3016.578777
7.844398,31,3016.684919
-8.914307,32,3016.797251
-46.807831,37,3016.927163
-252.633199,37,3017.062748
-84.449198,43,3017.217105
-267.754845,37,3017.347112
-249.167061,37,3017.478134
-141.202813,37,3017.612737
-258.767427,37,3017.745311
-251.209623,37,3017.879093
-258.85004,37,3018.014069
-257.408168,37,3018.148919
-262.694709,37,3018.280415
-158.821512,26,3018.381671
-269.788003,37,3018.512331
-251.934376,37,3018.642712
-243.830526,37,3018.774677
-268.157853,37,3018.901728
-75.345421,42,3019.053688
-249.066762,37,3019.17764
-250.292134,37,3019.300437
-255.949985,37,3019.435051
-139.199708,37,3032.794301
-266.627595,37,3032.949243
-258.697416,37,3033.075929
-256.754048,37,3033.206775
-40.207504,37,3033.340662
-247.585424,37,3033.471557
-258.084723,37,3033.598514
-248.889372,37,3033.736212
-268.589507,37,3033.873492
-278.95004,37,3034.005387
-251.106015,37,3034.137064
-140.908196,37,3034.26997
-239.879391,36,3034.398503
-49.475047,37,3034.526581
-272.156083,37,3034.65785
-149.308867,37,3034.798171
-249.988121,37,3034.930498
-254.772848,37,3035.07043
-248.841882,37,3035.201629
-251.941541,37,3035.336287
-246.274714,37,3035.466987
-242.550448,37,3035.600181
-273.968243,37,3035.737052
-258.85174,37,3035.864933
-251.821737,37,3036.002746
-264.519397,37,3036.139323
-219.892992,35,3036.265978
-254.459782,37,3036.39755
-267.66701,37,3234.696341
-245.029358,37,3234.862
-275.254173,37,3235.00352
-28.494187,35,3235.123381
-267.741067,37,3235.255834
-249.610664,37,3235.397712
-242.473399,37,3235.526739
-241.075119,37,3235.656494
-23.096083,35,3235.910324
-249.389799,37,3236.051759
-197.888352,35,3236.176504
-86.773897,45,3236.355727
-267.470916,37,3236.49621
-145.360653,37,3236.626509
-267.205242,37,3236.760221
-242.430727,37,3236.890546
-267.424233,37,3237.027879
-183.301835,33,3237.144519
-263.734107,37,3237.278955
-250.031704,37,3237.42424
-259.474041,37,3237.559131
-250.856173,37,3237.692885
-270.006976,37,3237.831753
-245.453157,37,3237.968739
-257.473852,37,3238.097243
-271.952958,42,3238.256879
-243.524328,37,3238.390003
-247.541022,37,3255.423656
-272.920641,37,3255.607848
-173.704702,41,3255.768212
-145.571911,37,3255.896527
-266.247176,37,3256.031355
-248.147566,37,3256.17352
-242.40384,37,3256.309646
-241.446222,37,3256.440877
-258.73403,37,3256.579421
-163.624923,28,3256.684777
-242.034333,37,3256.819496
-243.074402,37,3256.955668
-252.661603,37,3257.084047
-263.523168,37,3257.208782
-251.622105,37,3257.338954
-243.073283,37,3257.473099
-277.076107,42,3257.622374
-258.030961,37,3257.754021
-254.414266,37,3257.885833
-258.643958,37,3258.015053
-274.889648,37,3258.144957
-268.884828,37,3258.275992
-268.603499,37,3258.405207
-262.761932,37,3258.538778
-273.311216,37,3258.67589
-254.387242,37,3258.811918
-255.214135,37,3258.948415
-269.483628,37,3259.079722
-250.537897,37,3273.963226
-239.6096,37,3274.122644
-251.029393,37,3274.246285
-257.19698,37,3274.376279
-256.563234,37,3274.513714
-139.278493,24,3274.600616
-247.289887,37,3274.724982
-255.150721,37,3274.854875
-244.781043,37,3274.980083
-197.30623,32,3275.090464
-40.912519,37,3275.226729
-248.82895,37,3275.353927
-168.127138,30,3275.456864
-264.662272,37,3275.590296
-255.643076,37,3275.725093
-250.16873,37,3275.855422
-17.958677,34,3275.978924
-273.726552,37,3276.111838
-243.58613,37,3276.243099
-124.711029,38,3276.389251
-269.880835,37,3276.522041
-267.924281,37,3276.656863
-197.927763,32,3276.775136
-248.783083,37,3276.917471
-256.997083,37,3277.045311
-255.75597,37,3277.179136
-271.381556,37,3277.305298
-256.74936,37,3277.436871
-141.075418,24,3277.516843
-263.529309,37,3291.378703
-241.085463,37,3291.538265
-261.548422,37,3291.675452
-247.367863,37,3291.810399
-176.93326,27,3291.903667
-248.928956,37,3292.046204
-251.406738,37,3292.181797
-309.24322,55,3292.388029
-238.36639,37,3292.528863
-235.658754,37,3292.659527
-262.424997,37,3292.79592
-258.526741,37,3292.935697
-262.611204,37,3293.06884
-253.064862,37,3293.201738
-142.31339,40,3293.34564
-249.43965,37,3293.483144
-259.349673,37,3293.616668
-247.715037,37,3293.747666
-242.36054,37,3293.882415
-218.813136,32,3294.000209
-674.185457,101,3294.487713
-253.350092,37,3294.616752
-263.834944,37,3294.74702
-248.694731,37,3294.889577
-259.80977,37,3295.019326
-250.789984,37,3309.494764
-250.640985,37,3309.704679
-242.52805,37,3309.84664
-28.64882,35,3309.969559
-151.203182,24,3310.0563
-39.274624,39,3310.197271
-247.892813,37,3310.326347
-165.68372,54,3310.523517
-193.499142,44,3310.685579
-263.478496,37,3310.82314
-91.637489,31,3310.930577
-255.921168,37,3311.062887
-279.05907,37,3311.197653
-45.278681,40,3311.355631
-250.341929,37,3311.484155
-245.825883,37,3311.614762
-265.553552,37,3311.74528
-151.412703,27,3311.840419
-38.749707,24,3311.928692
-268.510066,37,3312.058674
-252.511083,37,3312.194534
-200.035997,48,3312.367766
-87.598403,29,3312.472274
-274.843783,37,3312.605371
69.779298,21,3312.67582
-643.023811,101,3313.038342
-170.367656,30,3313.147311
-271.515361,37,3326.457455
-250.650946,37,3326.642707
-257.046641,37,3326.785544
-265.419438,37,3326.914761
-267.162149,37,3327.047307
-241.79954,37,3327.190191
-185.536475,30,3327.297701
-274.362018,37,3327.426904
-260.247238,37,3327.562816
-256.899756,37,3327.699078
-264.030722,37,3327.831838
-257.099956,37,3327.967682
-242.78858,37,3328.096077
-260.13653,37,3328.225698
-256.311799,37,3328.358764
-246.993557,37,3328.494294
-237.304524,37,3328.627689
-237.429124,42,3328.78436
-267.642756,39,3328.93188
-1.808994,32,3329.048539
-344.86276,59,3329.262236
-262.102808,37,3329.399112
-251.084547,37,3329.526391
-255.364328,37,3329.66269
-160.978518,40,3329.809883
-259.331114,37,3329.941202
-249.881886,37,3330.078144
-174.906369,31,3330.195039
-76.044484,29,3343.380576
-252.350795,37,3343.544833
-208.656157,34,3343.668844
-239.732719,37,3343.806039
-266.445059,37,3343.939022
-242.072855,37,3344.079258
-257.133228,37,3344.213262
-257.873213,37,3344.350533
-257.146423,37,3344.480616
-255.058147,37,3344.611911
-250.726899,37,3344.742579
-267.319788,37,3344.873378
-258.595185,37,3345.014251
-253.684345,37,3345.144017
-259.439972,37,3345.275254
-175.115537,28,3345.376767
-249.114758,37,3345.512086
-258.354679,37,3345.645206
-264.555958,37,3345.78325
-248.277761,37,3345.916174
-260.038341,37,3346.049245
-43.9153,37,3346.179824
-243.860067,37,3346.322591
-246.373331,37,3346.453971
-256.938684,37,3346.588635
-243.853826,37,3346.724944
-326.432268,49,3346.913874
-269.27254,37,3347.045717
-262.718848,37,3360.994856
-251.084972,37,3361.152968
-278.109625,37,3361.28541
-270.490005,37,3361.42277
-272.549719,37,3361.563081
-259.353385,37,3361.692479
-248.611504,37,3361.822906
-259.720767,37,3362.073378
-239.497609,37,3362.205822
-265.468907,37,3362.349898
-240.528835,37,3362.484722
-252.633618,37,3362.622627
-275.841107,37,3362.759275
-144.893324,37,3362.894971
-651.294395,101,3363.264306
-250.518227,37,3363.398484
-276.741794,37,3363.528363
-20.193211,34,3363.654744
-250.783628,37,3363.793324
-264.121114,37,3363.928433
-363.762384,59,3364.141216
-247.897055,37,3364.273502
-265.243255,37,3364.409998
-263.851056,37,3364.550159
-181.238902,29,3364.653472
-248.329596,37,3382.208603
-156.922548,39,3382.392895
-253.77457,37,3382.527334
-245.69975,37,3382.655449
-265.94591,37,3382.794536
-516.486789,80,3383.086564
-243.298155,37,3383.215952
-259.664485,37,3383.346671
-154.213583,26,3383.436984
-247.76986,37,3383.570449
-244.132894,37,3383.704308
-258.678591,37,3383.834617
-258.312728,37,3383.971086
-244.639579,37,3384.105404
-254.859673,37,3384.238735
-251.816066,37,3384.366536
-268.776846,37,3384.497251
-260.91429,37,3384.627859
-178.698692,30,3384.725224
-272.746766,37,3384.859401
-250.317902,37,3384.995606
-224.006639,39,3385.128587
-246.838828,37,3385.265808
-240.048644,37,3385.395773
-261.688837,37,3385.531955
-248.961975,37,3385.664786
-146.938409,50,3385.844127
-245.456404,37,3399.396894
-249.161143,37,3399.565409
-192.319938,33,3399.692367
-519.846625,101,3400.046193
-261.467913,37,3400.183034
-252.309678,37,3400.312805
-265.381217,37,3400.447034
-268.604816,37,3400.588338
-245.326029,37,3400.724006
-254.604329,37,3400.863578
-259.039514,37,3400.990157
-263.181474,37,3401.127732
-251.192378,37,3401.267097
-262.215263,37,3401.407404
-253.555744,37,3401.543314
-242.822733,37,3401.673566
-244.444133,37,3401.806318
-262.992084,37,3401.940187
-262.571193,37,3402.072844
-166.210443,41,3402.21557
-281.807971,37,3402.344382
-245.79794,37,3402.481279
-273.545375,37,3402.609681
-252.097853,37,3402.751253
-243.618453,37,3402.871045
-272.217694,37,3403.003195
-243.986941,37,3416.337376
-240.980985,37,3416.496352
-157.192377,24,3416.584303
-149.701895,23,3416.664814
-260.617098,37,3416.799092
-205.397225,37,3416.927815
-25.358529,37,3417.062455
-270.545906,37,3417.194574
-163.178695,28,3417.293003
-245.186554,37,3417.427029
-97.772645,58,3417.627381
-260.946134,37,3417.758193
-251.377596,37,3417.891292
-251.108482,37,3418.031657
-344.646679,59,3418.247681
-144.225094,37,3418.374451
-271.469551,37,3418.507697
-45.607157,37,3418.642998
-263.657915,37,3418.770388
-270.586233,37,3418.908789
-275.863718,41,3419.055618
-142.234419,38,3419.309505
-249.130053,37,3419.44565
-251.904479,37,3419.582046
-246.291825,37,3419.715227
-305.866389,45,3419.861737
-251.345272,37,3420.006756
-136.523384,36,3434.572445
-269.651538,37,3434.741155
-269.967362,37,3434.873439
-245.409678,37,3435.001328
-255.900484,37,3435.140278
-210.302359,33,3435.259394
-190.211508,30,3435.37317
-349.153649,51,3435.550061
-194.191383,31,3435.664732
-253.165646,37,3435.798482
-246.84687,37,3435.932509
-259.933378,37,3436.064804
-280.730057,41,3436.207964
-271.950084,37,3436.347924
-263.500326,37,3436.487319
-144.515656,37,3436.619281
-246.36619,37,3436.751399
-257.812834,37,3436.882139
-267.450753,54,3437.089626
-13.049307,34,3437.207847
-269.075604,37,3437.34149
-273.879635,37,3437.465861
-267.160355,37,3437.591297
-4.037475,33,3437.715135
-261.72604,37,3437.853691
-159.168988,27,3437.943374
-41.629066,37,3438.073564
-255.490857,37,3438.212162
-261.416703,37,3450.746154
-259.770899,37,3450.892188
-239.056992,37,3451.026926
-165.448173,29,3451.127729
-240.515877,37,3451.266902
-239.910235,37,3451.399706
-247.446695,37,3451.539745
-270.90546,37,3451.67934
-250.243735,36,3451.808659
-255.32686,37,3451.937944
-267.777365,37,3452.066042
-270.059112,37,3452.192186
-246.828816,37,3452.321975
-259.007217,37,3452.458569
-249.903234,37,3452.594824
-271.648433,37,3452.735078
-19.427432,34,3452.853612
-265.631283,37,3452.978296
-241.169617,37,3453.10145
-190.165799,31,3453.212543
-256.08273,37,3453.343457
-254.119404,37,3453.476679
-250.020964,37,3453.608788
-251.1182,37,3453.739369
-136.601415,36,3453.874153
-263.763619,37,3454.009112
-242.080349,37,3454.14564
-243.923585,37,3454.280533
-193.496325,37,3467.208427
-245.909819,37,3467.374605
-39.929527,37,3467.508197
-247.351496,37,3467.645261
-243.660766,37,3467.780117
-275.010271,37,3467.907319
-243.449638,37,3468.041477
-240.959817,37,3468.293079
-267.53861,37,3468.572964
-248.91587,37,3468.704478
-263.358715,37,3468.84644
-254.723935,37,3468.971448
-267.784272,37,3469.112326
-228.628995,41,3469.260194
-249.519007,37,3469.401295
-193.244163,32,3469.513004
-278.238596,43,3469.669586
-258.501906,37,3469.800263
-43.838223,37,3469.934305
-268.705646,37,3470.067585
-17.851254,36,3470.191606
-245.005604,37,3470.330116
-257.636676,37,3470.495319
5.617152,31,3470.604679
-262.383112,37,3470.739711
-255.463726,37,3470.874048
-278.447133,37,3471.005716
-264.574055,37,3483.577446
-250.860794,37,3483.76533
-252.367456,37,3483.912627
-239.928555,37,3484.045119
-266.428944,37,3484.18122
-147.324108,37,3484.312115
-320.852584,50,3484.491442
-435.480487,69,3484.871673
-260.396296,37,3485.006522
-239.573258,37,3485.134171
-105.037338,45,3485.289613
-255.444518,37,3485.424978
-242.284037,37,3485.558336
-268.714691,37,3485.691463
-144.625742,40,3485.83272
-251.689863,37,3485.959069
-241.119304,37,3486.091411
-122.594078,48,3486.256414
-499.985939,101,3486.920469
-533.62615,101,3487.502088
-256.282151,37,3487.634699
-252.290862,37,3487.768242
-233.257336,35,3487.890094
-246.413638,37,3504.345572
-256.248627,37,3504.516602
-257.055216,37,3504.648037
-393.306416,58,3504.87414
-75.20712,71,3505.126487
-266.567421,37,3505.256268
-264.513459,37,3505.384782
-306.332461,46,3505.870808
-245.463574,37,3506.012928
-256.987278,37,3506.147221
-301.246,53,3506.345112
-268.409366,37,3506.476037
-281.506056,37,3506.609411
-261.104024,37,3506.737018
-162.447165,27,3506.831614
-265.13109,37,3506.959856
-150.248875,41,3507.10047
-248.289885,37,3507.230979
-142.728153,37,3507.364617
-284.275912,37,3507.500814
-142.409085,37,3507.636087
-266.340953,37,3507.775569
-256.073861,37,3507.910433
-140.741524,37,3508.046792
-282.921029,37,3508.178834
-244.53995,37,3508.312829
-253.536037,37,3521.263975
-255.710018,37,3521.417356
68.397014,36,3521.553478
-274.946559,37,3521.686211
-677.211029,101,3522.066615
-284.55175,37,3522.198924
-238.696799,37,3522.330187
-268.875317,37,3522.461943
-259.553878,37,3522.595461
-243.055166,37,3522.726084
-34.631585,36,3522.85341
-244.608412,37,3522.984322
-261.983457,37,3523.114979
-271.61904,37,3523.247125
-38.040326,36,3523.376789
-254.520017,37,3523.516142
-242.49525,37,3523.64732
-255.038044,37,3523.777046
-262.796817,37,3523.908712
-28.518236,35,3524.032847
-243.656609,37,3524.156438
-254.371559,37,3524.281069
-255.399542,42,3524.424751
-277.991608,37,3524.556072
-261.731341,40,3524.751155
-269.042561,37,3538.280623
-247.707352,37,3538.473538
-107.13504,47,3538.653491
-281.337888,37,3538.787768
-139.814171,37,3538.922843
-244.041532,37,3539.055074
-272.28608,37,3539.188657
-286.962385,37,3539.322464
-263.438723,37,3539.458229
-272.742608,37,3539.586672
-259.199035,37,3539.726076
-244.944141,37,3539.854812
-278.828586,37,3539.986693
-138.881543,37,3540.115939
-264.890664,37,3540.244681
-252.865067,37,3540.375345
-259.412334,37,3540.511844
-101.85372,45,3540.671761
-171.38897,31,3540.78478
-30.698502,36,3540.911237
-249.938866,37,3541.04227
-239.289345,37,3541.508608
-256.783048,37,3542.126293
-259.374645,37,3542.283433
-372.43622,54,3542.536381
-258.453182,41,3542.700918
-294.56091,49,3542.875483
-256.815202,37,4060.937482
-241.06537,37,4061.092996
6.109775,31,4061.213369
-252.398966,37,4061.343914
-258.765644,37,4061.475956
-59.518166,42,4061.627391
-255.315975,41,4061.770568
-241.297788,37,4061.90991
-254.39136,37,4062.037716
-248.161076,37,4062.174127
-254.680384,37,4062.317414
-249.972686,37,4062.446041
-249.416748,37,4062.576119
-264.812852,37,4062.703911
-251.435792,37,4062.833755
-26.064665,35,4062.95162
-249.303168,37,4063.090783
-279.531388,37,4063.22448
-244.986476,37,4063.353588
119.101368,30,4063.454438
-192.632601,45,4063.618506
-265.109969,44,4063.783385
-264.892913,37,4063.91298
-42.728856,37,4064.040157
-254.396552,37,4064.179168
-13.271044,33,4064.303755
-242.677352,37,4064.435812
-275.341049,37,4080.372156
-146.703776,37,4080.566128
-272.495331,37,4080.725993
-240.908241,37,4080.853513
-271.651534,37,4080.9838
-111.152845,46,4081.144187
-257.383728,37,4081.302184
-251.626195,37,4081.44928
-243.185466,37,4081.589514
-56.579538,26,4081.695379
-244.738464,37,4081.85872
-259.950663,37,4082.000009
-250.31958,37,4082.132111
5.996976,33,4082.24772
-241.734133,37,4082.380809
-261.263519,37,4082.541313
-254.743268,37,4082.682739
-248.005026,37,4082.819707
-169.721724,28,4082.923326
0.138653,31,4083.039582
-264.802701,37,4083.178443
-275.787796,37,4083.350783
51.643967,28,4083.452144
-250.565434,37,4083.595435
-252.580338,37,4083.721324
-253.595313,39,4083.871574
-141.0604,37,4084.003164
-254.987899,37,4084.131913
-275.180872,37,4084.25797
-151.384698,40,4097.278993
-218.412801,38,4097.420916
-257.806429,37,4097.560141
-255.426645,38,4097.694227
-247.550325,37,4097.826945
-238.313763,37,4097.959938
-130.116404,35,4098.082155
-275.166485,37,4098.21501
-174.812233,28,4098.312848
-267.792875,37,4098.443133
-280.005696,37,4098.578365
-245.605107,38,4098.718008
-254.093866,37,4098.854453
-249.797727,37,4098.983417
-165.172809,28,4099.079799
-284.095894,37,4099.214232
-258.654984,37,4099.336622
-144.854929,37,4099.458665
-294.487662,44,4099.607871
-266.074735,37,4099.738741
-274.336835,37,4099.871363
-252.529703,37,4099.997852
-278.476835,37,4100.132983
-93.173075,44,4100.288724
73.722055,36,4100.417392
-262.706212,37,4100.551942
-251.699869,37,4100.683108
-248.754547,37,4100.819847
-261.755894,37,4114.654083
-266.311131,37,4114.80996
-45.279389,37,4114.948047
-269.794453,37,4115.078025
-138.965137,39,4115.21788
-267.919192,37,4115.343475
-270.826485,54,4115.966461
-253.163431,37,4116.099851
-258.312203,37,4116.226989
-257.628593,37,4116.35289
-35.15821,36,4116.481634
-275.850889,37,4116.61751
-241.321739,37,4116.752553
-152.075281,25,4116.839011
-124.975664,36,4116.963749
-253.489936,37,4117.089252
-276.2093,37,4117.217366
-255.072158,37,4117.347731
-123.605463,48,4117.517597
-222.32748,35,4117.639797
-250.493737,37,4117.766729
-244.076052,37,4117.895449
-241.570537,37,4118.026573
-289.906468,37,4118.150155
-261.755304,37,4118.285225
-131.168752,36,4118.416258
-254.208966,37,4118.540659
-251.974111,37,4133.31442
-141.216565,37,4133.481939
-264.621267,37,4133.61604
-259.596893,37,4133.745589
-197.108308,33,4133.864419
-248.733327,37,4133.996515
-267.266293,37,4134.119746
-264.276706,37,4134.248431
-247.52215,37,4134.381833
-254.974169,37,4134.532937
-242.023943,37,4134.683407
-265.936092,37,4134.816221
-143.401611,37,4134.950897
-252.49872,37,4135.082307
-264.080906,37,4135.209893
-461.360479,64,4135.74286
-237.423398,37,4135.944914
-26.388363,35,4136.080605
-259.432523,37,4136.210631
-256.104335,37,4136.346874
-268.555393,37,4136.474305
-275.929966,37,4136.62612
-250.122565,37,4136.816229
-243.304481,37,4136.945462
-265.024744,37,4137.076606
-247.691475,37,4137.210497
-257.89623,40,4137.350851
-242.25605,37,4149.981389
-268.124326,37,4150.15053
-679.908382,100,4150.511015
-251.236643,37,4150.643204
-249.723737,37,4150.771153
-255.623743,37,4150.90728
-152.867737,37,4151.042619
-248.206944,37,4151.17939
-282.688129,45,4151.33807
-138.986635,37,4151.466825
-142.610531,37,4151.597573
-11.943657,35,4151.714143
-246.541719,37,4151.844456
-263.922887,37,4151.973703
-254.683671,37,4152.106505
-256.806095,37,4152.232419
-265.873768,37,4152.361383
-236.444324,37,4152.488296
25.515013,28,4152.590744
-25.202651,35,4152.713417
-144.712972,40,4152.851135
-44.2785,37,4152.974602
-241.778183,37,4153.109216
-262.582685,37,4153.238763
-266.899151,37,4153.370231
-258.241119,37,4153.498671
-252.38201,37,4166.812198
-261.542356,37,4166.988952
-204.054608,65,4167.227376
-287.620841,49,4167.408125
-264.932223,37,4167.537559
-129.208618,35,4167.660069
-265.59407,37,4167.788508
-253.700624,37,4167.921887
-98.38787,31,4168.03528
-255.979108,37,4168.173051
-156.746522,25,4168.258748
174.41239,36,4168.380353
18.106976,29,4168.485294
-265.538817,37,4168.614897
-251.588353,37,4168.74818
-218.329527,36,4168.870273
-269.033192,37,4169.002221
-256.574607,37,4169.126673
-266.488914,37,4169.258159
-242.718165,37,4169.395243
-265.168941,37,4169.668196
-254.973851,37,4169.804966
-262.922672,37,4169.938383
-259.900631,37,4170.066043
-172.293326,42,4170.210928
-264.666002,42,4170.369216
-247.851445,37,4170.49361
-46.083598,37,4185.681513
-143.791383,37,4185.8533
-265.208373,37,4185.984677
-240.278719,37,4186.11806
-253.076536,37,4186.251488
-136.739282,38,4186.388745
-253.846781,37,4186.520691
-142.735432,37,4186.654257
-256.577541,37,4187.061291
-269.809139,37,4187.191914
-255.941463,37,4187.327858
-178.614983,29,4187.432495
-262.215713,37,4187.557272
-281.558349,44,4187.718385
-161.592769,55,4187.913263
-261.930471,37,4188.045081
-256.672075,37,4188.17786
-209.474155,35,4188.305313
-265.559727,37,4188.447945
-260.199277,37,4188.581629
-264.127551,37,4188.716482
-176.406341,30,4188.816573
-182.588738,30,4188.922311
-267.816724,37,4189.047915
-254.428456,37,4189.175336
-158.654412,42,4189.32473
-248.312544,37,4189.449445
-252.2105,37,4189.573903
-255.778052,37,4202.487377
-258.853533,37,4202.645481
-202.025847,31,4202.765782
-260.811432,37,4202.901603
-269.380763,37,4203.038293
-222.982852,47,4203.200467
-135.516973,36,4203.330851
-252.339572,37,4203.457328
-243.284138,37,4203.586268
-33.095209,36,4203.715608
-252.281996,37,4203.843317
-281.689385,57,4204.048058
-247.830937,37,4204.176829
-257.754867,37,4204.305894
222.275413,101,4204.703105
-158.720249,26,4204.80135
-296.54921,46,4204.975619
-140.418838,37,4205.10261
-248.877062,37,4205.236291
-83.531928,44,4205.406029
-139.945029,37,4205.540185
-271.170721,37,4205.672664
-610.157023,101,4206.024717
-271.653924,37,4219.273665
-240.217489,37,4219.445391
-253.858054,38,4219.581777
3.072483,33,4219.698887
-266.867928,37,4219.828037
-269.075927,37,4219.959943
-270.975554,37,4220.083243
-266.065942,37,4220.206116
-214.565527,42,4220.362507
-269.002027,37,4220.499422
-244.317727,37,4220.632517
-286.052161,37,4220.766334
-146.166933,37,4220.891395
-269.34335,37,4221.025418
-257.611405,37,4221.150907
-247.529059,37,4221.276588
-270.817926,37,4221.403757
-270.365401,37,4221.529501
-265.258907,37,4221.66315
-255.352288,37,4221.796481
-261.614733,37,4221.923436
-251.285698,37,4222.052952
-241.27665,36,4222.18643
-250.215017,37,4222.311349
-144.830119,37,4222.436159
-271.493847,37,4222.5715
-240.277927,37,4222.697494
-269.595476,37,4222.827441
-251.486624,37,4236.179439
-250.233758,37,4236.338468
99.765485,32,4236.459053
-260.291004,37,4236.601904
-257.055066,37,4236.735851
-262.377723,37,4236.868488
-247.106013,37,4237.175711
-152.071557,37,4237.319741
-38.257722,36,4237.46318
-269.13178,37,4237.599989
-152.069845,37,4237.728451
-275.521217,41,4237.873866
-40.82349,37,4238.005164
-272.61125,37,4238.139384
-69.102857,43,4238.291315
-34.796716,46,4238.45863
-264.247632,37,4238.673767
-141.988578,24,4238.754744
-258.114461,37,4238.886422
-261.552526,37,4239.015239
-5.38649,33,4239.133674
-261.810734,37,4239.263156
-257.757557,37,4239.406344
-280.503558,37,4239.539534
-263.456123,37,4239.670019
-260.509418,37,4239.801879
-257.508653,37,4239.944712
-267.542332,37,4240.074298
-76.291763,42,4255.180749
-244.056013,37,4255.329244
-263.870705,37,4255.465931
-254.209125,37,4255.599694
-242.176145,37,4255.731539
192.206347,32,4255.847278
-269.293752,37,4255.978776
-269.129341,37,4256.114008
-199.035882,32,4256.233096
-269.387913,37,4256.363339
-261.576667,37,4256.516848
-246.962911,37,4256.695927
-179.989782,30,4256.808391
-262.25485,37,4256.939256
-257.053292,37,4257.068765
-260.237972,37,4257.195795
-252.215803,37,4257.325051
-241.911276,37,4257.472049
-260.232465,37,4257.60611
-268.373062,37,4257.739683
-243.247404,37,4257.882326
65.943127,37,4258.009357
-260.545893,37,4258.14113
-144.864642,37,4258.275917
-159.901179,37,4258.409065
-256.098294,37,4258.538856
-267.78336,37,4258.667235
-2.340939,32,4258.787012
-261.475803,37,4272.133586
-144.784986,37,4272.289941
-264.926103,37,4272.4262
-266.593737,37,4272.552919
-266.37073,37,4272.684116
-255.336394,37,4272.817898
-259.577943,37,4272.952227
-241.296667,37,4273.085422
-260.019489,37,4273.217628
-239.688082,37,4273.341897
-33.007771,36,4273.471811
-250.727831,37,4273.601856
-265.820203,37,4273.736075
-245.34955,37,4273.867231
5.154835,31,4273.974706
-243.758117,37,4274.104463
-197.746725,32,4274.216707
-287.038421,37,4274.362043
-240.319074,37,4274.49685
-236.090814,36,4274.625364
-159.860479,29,4274.727265
-157.877535,37,4274.86786
-469.126112,70,4275.120721
-251.473071,38,4275.256413
-134.249624,35,4275.390517
-278.866794,37,4275.523897
-194.599813,31,4275.64101
-242.94124,37,4288.962326
-282.243641,37,4289.163345
-271.225534,37,4289.312731
-120.961144,33,4289.429459
-267.074754,37,4289.565553
-160.366953,26,4289.653984
-253.55318,37,4289.780189
-29.327239,37,4289.913876
-243.494009,37,4290.043993
-164.647325,28,4290.142859
-248.057313,37,4290.27626
-292.016196,45,4290.446446
-11.483581,34,4290.56485
-255.57557,37,4290.6988
-141.939192,37,4290.831827
-258.854789,37,4290.963964
-248.392402,37,4291.090866
-254.459589,42,4291.237636
-241.164494,37,4291.370441
-262.944416,37,4291.509423
-268.877929,37,4291.76168
-230.999434,36,4291.893844
-243.870657,37,4292.028908
-249.496967,37,4292.161293
-248.879076,38,4292.299134
-253.863406,37,4292.433463
-267.036007,37,4292.559836
101.16164,32,4292.661698
-236.193118,36,4307.447367
-269.35805,48,4307.683688
-155.222114,41,4307.840837
-266.594325,37,4307.97706
-147.092993,37,4308.10691
-271.31229,37,4308.240025
-243.743783,37,4308.366196
-243.573465,37,4308.504552
-256.232455,37,4308.6361
-232.184921,34,4308.760409
-246.590643,37,4308.886766
-262.50446,37,4309.017605
-251.487286,37,4309.148743
-265.328522,37,4309.275426
-16.422228,34,4309.395344
-253.877631,37,4309.524125
-128.520791,35,4309.644084
-249.881398,37,4309.773219
-264.932335,37,4309.907853
-269.562617,37,4310.040801
-155.864866,37,4310.183387
-287.691214,37,4310.322052
-244.284852,38,4310.468884
-461.718256,82,4310.771251
-270.696968,37,4310.903716
-217.496279,34,4311.029114
-246.927715,37,4311.15902
-555.240973,101,4324.700416
-243.423843,37,4324.838563
-236.13687,49,4325.031739
-275.147422,37,4325.167332
-245.055233,37,4325.303708
-248.275639,37,4325.444392
-255.459142,42,4325.599025
-254.87176,37,4325.731047
-287.206127,37,4325.865443
-251.032661,37,4325.995676
-242.126788,37,4326.130036
-246.561027,37,4326.267619
-272.830713,37,4326.414866
-25.104746,35,4326.541978
-264.413833,37,4326.674315
-273.851787,37,4326.821167
-261.496932,37,4326.951553
-345.946686,52,4327.136461
-75.131202,29,4327.239461
-245.508916,37,4327.371242
-247.037975,37,4327.497075
-250.776422,37,4327.628952
-259.830388,37,4327.769682
-246.718743,37,4327.903881
-282.344174,37,4328.038791
-223.231232,34,4341.25134
-258.16237,37,4341.430459
-267.199699,37,4341.568553
-71.97092,27,4341.666508
-136.052134,36,4341.789525
-133.964827,36,4341.918806
-122.100132,49,4342.098877
-264.001942,37,4342.237864
-263.663052,37,4342.37627
-265.953076,43,4342.531592
-269.396672,37,4342.673189
-249.195032,37,4342.808294
-261.078037,37,4342.94265
-251.159469,37,4343.068403
-262.956032,37,4343.212129
-141.328568,37,4343.400977
-247.771682,37,4343.575609
-281.295881,45,4343.740902
-97.689464,31,4343.849332
-266.866863,37,4343.981986
-267.694512,37,4344.114045
-266.251751,37,4344.254217
-248.924317,37,4344.389092
-240.355138,37,4344.524026
-146.293959,37,4344.661354
-258.271464,37,4344.795753
-254.319914,37,4344.92434
-241.979282,37,4345.058416
-36.946857,37,4357.939454
-182.74302,30,4358.066709
-9.999086,35,4358.194642
-272.156313,37,4358.325674
-162.546499,27,4358.424136
-43.444695,37,4358.749381
14.120635,29,4359.029247
-265.419505,37,4359.1657
-54.545248,93,4359.513581
-265.970347,37,4359.64929
-265.290543,37,4359.786618
-152.782806,37,4359.92541
-16.467214,34,4360.046537
-245.174336,37,4360.173393
-243.833089,37,4360.307619
-166.191229,25,4360.400642
-251.024793,37,4360.536354
-117.654752,53,4360.725939
-23.435435,35,4360.863642
-140.949098,37,4360.997918
-284.386264,37,4361.127654
-248.946348,37,4361.260465
-260.146123,37,4361.3921
-261.022059,37,4361.520494
-258.037235,37,4361.654747
-75.379986,42,4361.804081
11.789429,30,4361.913324
-42.769625,37,4463.684295
-81.585197,43,4463.915982
-563.768563,79,4464.227972
33.937569,31,4464.347024
180.174316,33,4464.474102
-177.604993,28,4464.574659
-364.464364,52,4464.75833
-268.890667,37,4464.883385
-241.780085,37,4465.012118
-253.139351,37,4465.148234
-257.798314,37,4465.281163
-61.901583,26,4465.368826
-263.416193,37,4465.502598
-243.572728,37,4465.6302
-253.787225,37,4465.770024
-271.38937,37,4465.896888
-143.097067,37,4466.029639
-249.735203,37,4466.205972
-264.84934,37,4466.351451
-193.223234,33,4466.465111
-268.875105,37,4466.594858
62.388594,37,4466.724755
-266.006544,37,4466.861891
-5.990889,33,4466.97809
-218.722582,34,4467.098966
-151.224249,37,4467.231464
-230.766689,40,4467.365853
-162.309994,41,4482.293927
-262.170802,37,4482.436443
-243.750175,44,4482.601975
-245.983908,37,4482.730714
-268.7919,37,4482.862087
-469.663118,92,4483.196484
-74.511412,29,4483.299717
-269.21954,37,4483.433799
-273.022075,37,4483.57301
-185.329596,33,4483.687823
-274.325802,37,4483.822596
-280.866456,37,4483.9522
-265.325007,37,4484.077786
-242.239638,37,4484.203599
-278.935528,37,4484.329691
-628.148581,101,4484.674082
-252.201012,37,4484.814425
-277.435467,37,4484.950214
-268.623351,37,4485.079122
20.297551,27,4485.179988
-150.2294,24,4485.268547
-270.343425,37,4485.396446
-272.446326,37,4485.535317
-538.119984,99,4499.433594
-375.845131,57,4499.683694
-253.450669,37,4499.81122
-266.490286,37,4500.033105
-274.265978,37,4500.171886
-286.233948,37,4500.306103
-262.683798,37,4500.436873
-172.504928,32,4500.556318
-251.09348,37,4500.689423
-251.748027,37,4500.819519
-721.471796,101,4501.443458
-262.997706,37,4501.573996
-214.511698,33,4501.684724
-151.235806,37,4501.811018
-92.795743,31,4501.934083
-115.475732,49,4502.11219
-234.868852,36,4502.360985
-263.790841,37,4502.499508
-141.339475,37,4502.628261
-14.68044,33,4502.751519
-268.087442,37,4502.889082
-345.832167,66,4503.132618
-259.643198,37,4503.26962
-256.045964,37,4503.402668
-192.602169,60,4518.312209
-43.256024,80,4518.647974
-214.045507,36,4518.775954
-257.563583,37,4518.901848
-257.315532,40,4519.040866
-263.622357,37,4519.171436
-667.016222,101,4519.831522
-46.907309,39,4519.969343
-131.445834,47,4520.137213
-247.762768,37,4520.275182
-271.341622,37,4520.404633
-234.801028,37,4520.538174
-1.351256,32,4520.645647
-253.371025,37,4520.784447
-273.054011,37,4520.917925
-23.087473,35,4521.037411
-206.402682,34,4521.153543
-71.660761,28,4521.2573
-255.443434,37,4521.385269
-150.365736,37,4521.515631
-13.057407,33,4521.635543
-270.144383,37,4521.760504
-269.13941,37,4521.890192
-14.152639,33,4522.002484
-197.160564,66,4522.245684
-270.171565,37,4535.050113
-262.215537,52,4535.258456
-259.512342,37,4535.386745
-254.479303,37,4535.51511
-259.205495,37,4535.651997
-261.916584,37,4535.79033
-155.584795,26,4535.880132
-143.745382,37,4536.006343
-246.896352,37,4536.139578
-142.85339,37,4536.277602
-266.323458,37,4536.412366
-83.30522,29,4536.525203
-88.044314,28,4536.624251
-193.218738,35,4536.751104
-214.720553,34,4536.86692
-56.17389,28,4536.965027
-247.868196,37,4537.097402
-263.623071,37,4537.227261
-271.22578,37,4537.359011
-256.448083,37,4537.491834
-337.942178,59,4537.705783
-255.252421,37,4537.838471
-251.457674,37,4538.234241
-231.399863,43,4538.39812
-130.419348,35,4538.534888
-240.967795,37,4538.66711
-56.103428,41,4538.805914
-243.354353,37,4551.619605
-20.061671,34,4551.777451
-281.563705,37,4551.916022
-295.309171,44,4552.072582
48.03551,42,4552.219843
-139.135949,36,4552.350192
-246.474437,37,4552.490035
-249.04696,37,4552.622516
-268.646963,37,4552.748891
-172.86806,33,4552.870274
-249.302352,37,4553.0099
-153.054185,24,4553.093716
-268.275865,37,4553.22248
-248.069387,37,4553.347277
-160.610883,26,4553.436323
-28.71956,38,4553.561926
-97.776403,31,4553.67123
-260.387633,37,4553.809191
-274.146897,37,4553.942443
-266.496918,37,4554.068643
-134.285766,36,4554.19579
-100.404925,32,4554.30269
-283.062552,37,4554.441898
-184.482045,30,4554.544126
-86.808666,29,4554.641859
-229.440756,39,4554.778616
-248.123286,37,4554.908277
-243.12866,37,4555.041025
-257.480673,37,4555.169038
-148.180857,37,4568.927707
-31.383264,36,4569.097859
-93.317104,30,4569.204599
-251.93441,37,4569.342516
12.562559,30,4569.452832
-260.176853,37,4569.75423
-253.583349,37,4569.885908
-245.070267,37,4570.027934
-253.685616,53,4570.216506
-258.585931,37,4570.419092
-55.60127,39,4570.551577
-304.394287,54,4570.747849
-261.766802,37,4570.886733
-271.232085,37,4571.02223
-259.42551,37,4571.14594
-239.564434,37,4571.272021
-135.021751,35,4571.396195
-286.238816,37,4571.52992
-191.43892,43,4571.680341
-264.772361,54,4571.875953
-144.29664,37,4572.005074
-333.963179,66,4572.241793
-250.027269,37,4572.367476
-178.809325,32,4572.480296
-32.991286,36,4572.603237
-224.492653,37,4572.741152
-248.640627,37,4588.299954
-270.033412,56,4588.548283
-248.620145,37,4588.679254
-264.660458,37,4588.806999
-114.517642,47,4588.98087
-68.695523,32,4589.093769
-251.341803,37,4589.234104
-283.567732,37,4589.36386
-271.095407,37,4589.503715
-145.879806,22,4589.582934
-128.64533,34,4589.703548
42.200867,25,4589.795631
-88.619372,44,4589.966282
-257.665247,37,4590.096785
-269.339323,37,4590.227416
-163.636884,26,4590.323175
-244.055355,37,4590.459471
-0.509867,32,4590.57905
-247.29795,37,4590.708748
-256.192708,37,4590.836066
-265.08172,37,4590.9752
-36.156678,36,4591.096467
-246.512277,37,4591.226752
-245.669725,37,4591.35693
-110.640982,49,4591.551594
-242.241329,37,4591.67784
-269.469276,37,4591.805693
-163.201939,28,4591.89863
-281.950254,37,4604.781735
-288.638666,37,4605.188031
-248.021832,37,4605.339306
-74.569307,28,4605.440885
-12.526608,33,4605.561304
-264.799992,37,4605.696516
-254.10322,39,4605.835719
-30.392924,36,4605.96362
-46.49506,37,4606.091861
-39.545874,37,4606.219887
-244.951139,37,4606.350808
-143.56249,37,4606.48186
-126.748414,35,4606.599121
-259.44206,37,4606.725658
-148.125431,37,4606.852203
-245.71186,37,4607.003169
-136.774359,36,4607.142596
-46.938098,38,4607.280925
-65.467481,26,4607.374613
-244.208916,37,4607.509049
-259.593235,37,4607.63931
-278.471019,37,4607.767886
-114.541068,48,4607.935546
-86.51189,29,4608.044195
-13.086351,35,4608.168986
-142.556676,37,4608.29293
17.280503,29,4608.396187
-330.881812,48,4608.560974
-145.762164,37,4622.847271
-257.356692,38,4623.037544
-161.589605,41,4623.199726
-123.569851,33,4623.322843
-285.12113,37,4623.457376
-235.045984,38,4623.850479
-1.152735,34,4623.998245
-263.615128,37,4624.130285
-147.662425,56,4624.336407
-0.907042,32,4624.456467
-142.224468,37,4624.589101
-148.32894,37,4624.726042
-269.829514,37,4624.856411
-11.186231,33,4624.972335
-276.519369,37,4625.100969
-174.88059,28,4625.201316
-217.895946,35,4625.323982
-153.295685,23,4625.407452
-280.317131,37,4625.531808
-122.677035,35,4625.784258
-146.045699,23,4625.870536
-152.751831,37,4626.003613
-265.98944,37,4626.14083
-36.233421,36,4626.262669
-148.771685,37,4626.392551
-279.94545,42,4626.53746
-141.588938,40,4626.673743
-259.947892,37,4626.806909
-250.296346,37,4626.944507
-254.579969,37,4643.052986
-245.328692,37,4643.205196
-269.500903,37,4643.337543
8.097437,29,4643.456699
-259.359759,37,4643.58681
-58.550137,40,4643.723962
-268.306969,37,4643.861338
408.399666,31,4643.976031
-58.677077,37,4644.106606
60.120564,37,4644.238328
-149.053093,37,4644.379175
-260.035643,37,4644.519391
-146.48963,37,4644.65138
-147.264397,37,4644.779226
-255.904366,37,4644.924424
-480.938754,89,4645.240013
-267.183993,46,4645.402952
-233.90333,36,4645.536793
-433.144472,101,4645.902698
-260.343196,37,4646.040839
-42.101658,37,4646.17223
-254.280765,37,4646.300975
-184.42346,43,4646.454674
-48.779632,37,4646.589279
-246.93629,37,4663.169246
85.995322,34,4663.366028
-274.093466,37,4663.595733
-54.644556,23,4663.699684
-166.553103,28,4663.799509
-241.666919,37,4663.943808
-275.619552,37,4664.076376
-126.483365,34,4664.196417
-182.592933,33,4664.316766
-259.364017,37,4664.454786
-143.426789,37,4664.580705
29.936823,26,4664.664749
-38.957031,37,4664.79715
7.317655,31,4664.905205
-18.829713,35,4665.030894
-285.896755,37,4665.165361
-267.641344,37,4665.304573
-255.413143,37,4665.433404
-267.53417,37,4665.634164
16.508762,32,4665.744372
-265.7979,37,4665.88465
25.898801,27,4665.980113
-253.961498,37,4666.116206
-245.101493,37,4666.240584
-54.292847,41,4666.467519
-136.804996,24,4666.584255
-278.857792,37,4666.719221
-279.604463,37,4666.870707
-68.971624,28,4666.97281
-233.922892,35,4667.107734
-268.939898,37,4682.05615
-265.262612,37,4682.238487
-266.34962,37,4682.381337
-147.17873,23,4682.466262
-256.935224,37,4682.599139
-123.347141,34,4682.721987
-256.505698,37,4682.857188
-276.209725,37,4682.99149
-169.213302,28,4683.099523
-282.891637,37,4683.226478
-265.435312,37,4683.356705
-273.63416,42,4683.523545
-225.782578,35,4683.647124
-145.500531,37,4683.787101
-269.867008,37,4683.919884
-254.670521,37,4684.050093
-269.816372,37,4684.197539
-150.002458,37,4684.335054
-41.614442,37,4684.476306
-251.944817,37,4684.609558
-152.893127,24,4684.694975
-19.512809,34,4684.816866
-191.229065,44,4684.977468
-157.225377,37,4685.115301
-147.289098,37,4685.246019
-134.485315,37,4685.376849
-246.844497,37,4685.519283
-41.800542,37,4685.652905
-149.294048,26,4685.74055
-30.033063,37,4699.94047
-354.37647,54,4700.174521
-170.715972,28,4700.508259
-270.563799,37,4700.828283
-259.201982,37,4700.96657
-66.893108,28,4701.069418
-257.587795,37,4701.207787
-258.354445,37,4701.333396
-257.786225,37,4701.462077
-253.104385,37,4701.587817
-265.528012,37,4701.714655
-28.417187,35,4701.848007
-88.053279,30,4701.95163
-9.549152,33,4702.07185
-120.695687,34,4702.191727
-251.962129,37,4702.329517
-275.578248,37,4702.462202
-263.169375,37,4702.596559
-126.571451,35,4702.7311
-241.234967,37,4702.86342
-43.145818,37,4702.99369
-18.298649,34,4703.121689
-264.74338,37,4703.254559
-265.136493,37,4703.38423
10.631898,31,4703.499816
-272.149239,37,4703.637373
-72.693589,42,4703.780366
-251.904174,37,4703.931235
-252.184249,37,4720.493033
-278.790623,37,4720.678633
-284.563091,37,4720.824862
-135.378832,36,4720.958912
-259.789639,37,4721.088045
-243.488212,37,4721.218791
-270.186594,37,4721.353319
-265.684064,37,4721.496884
-140.634915,72,4721.752009
-23.000919,35,4721.887755
-208.919636,34,4722.014798
-234.471361,54,4722.214977
-247.729453,37,4722.350734
-248.405433,37,4722.481476
-43.956449,37,4722.60817
-157.356881,27,4722.705513
-194.785144,32,4722.823082
-262.739376,37,4722.954406
-15.065064,34,4723.076049
-271.227504,37,4723.215844
-273.484759,37,4723.345461
-247.798199,37,4723.493708
-227.175396,37,4723.632894
-245.117746,39,4723.773202
-271.286002,37,4723.907433
9.524674,31,4724.015517
-45.490336,37,4724.146111
-241.277223,37,4737.366425
-275.999333,37,4737.873364
-256.414623,37,4738.008112
-171.395349,27,4738.120412
-166.178625,41,4738.265176
-148.545624,27,4738.360579
-170.167616,33,4738.484589
-276.500834,37,4738.620244
-159.247912,37,4738.745083
-264.706514,37,4738.874707
-118.811715,34,4738.995528
-260.381412,37,4739.140917
-261.998642,37,4739.283126
-66.872579,26,4739.380134
-269.9496,37,4739.521104
-277.620042,41,4739.675641
-143.326167,35,4739.797678
-659.149829,101,4740.182276
-142.477513,37,4740.315378
-148.237409,37,4740.448458
-153.645079,37,4740.5878
-139.825143,26,4740.680382
-31.17344,36,4740.812234
-142.266158,37,4740.940483
-252.253703,37,4741.076004
-244.3949,37,4741.2038
-31.681214,36,4741.32744
-186.568947,30,4741.42951
-196.783241,43,4756.005342
-253.230024,37,4756.147223
-256.835048,37,4756.287859
-150.648502,23,4756.367407
-267.369453,37,4756.500817
-263.523227,37,4756.636589
-263.547166,37,4756.771198
-133.425928,36,4756.892966
-343.78326,53,4757.349966
-146.743219,23,4757.435606
-136.778383,37,4757.582838
-15.842445,37,4757.719002
-275.184427,37,4757.86248
-15.680489,33,4757.978419
-260.421954,37,4758.103384
55.164878,28,4758.20154
-128.770609,35,4758.323341
-55.175982,28,4758.419571
-152.157541,24,4758.626849
-262.63516,37,4758.761913
-1.209563,32,4758.87447
-255.625089,37,4759.016057
-44.871529,36,4759.144765
-37.751517,36,4759.277151
-281.240655,37,4759.414425
-264.972661,37,4759.557926
-261.891474,37,4759.686911
-145.966378,37,4759.818787
-281.397354,37,4759.952986
-284.561983,37,11978.017698
-144.157065,36,11978.158545
-251.753268,37,11978.30268
-251.067447,37,11978.437295
-260.74548,37,11978.565901
-25.264716,35,11978.685459
-263.60532,37,11978.811603
-25.910313,35,11978.943036
-35.690168,36,11979.070013
-37.478654,37,11979.201397
-288.609638,43,11979.347788
-5.705939,32,11979.460478
-152.518987,24,11979.540902
-572.789498,101,11979.90274
-136.678639,37,11980.061884
67.945949,37,11980.195169
-257.963075,37,11980.321005
-665.172008,101,11980.76217
-44.93157,37,11980.909125
-239.199185,37,11981.109214
-262.120268,37,11981.292938
-262.164569,37,11981.458471
-267.346456,37,11981.610659
-53.517267,38,11981.799227
-247.844017,37,12525.994848
-142.853214,37,12526.227027
-48.038722,38,12526.404324
-294.548178,46,12526.585055
-293.475831,58,12526.855804
-158.66923,25,12526.965561
-260.537636,37,12527.109959
-161.399477,78,12527.408846
-133.740359,50,12527.579388
-223.656607,35,12527.70435
-285.154927,37,12527.830503
-261.27579,37,12527.971379
-259.965036,37,12528.096583
-254.815515,37,12528.233642
-361.876318,67,12528.483325
-260.020376,37,12528.659726
-44.974997,37,12528.84281
-188.641532,32,12528.989567
-257.410534,38,12529.186017
-262.456132,37,12529.324101
-54.193087,37,12529.486093
-153.679927,37,12529.637648
-193.641767,31,12529.749453
-254.16338,37,12529.881065
-261.216438,37,12530.012548
-255.548741,37,12530.145196
93.241883,33,12546.361575
-38.848502,37,12546.507916
-156.768687,37,12546.640413
-261.581251,37,12546.772478
-146.980934,37,12546.921512
-266.852967,37,12547.048783
-256.043082,37,12547.180632
-26.29024,35,12547.298495
-142.330755,37,12547.428875
-242.267817,37,12547.562042
-269.63039,37,12547.687091
-271.707213,37,12547.80903
-146.041849,37,12547.946592
-240.404238,37,12548.079682
-248.911114,37,12548.213372
-139.865774,37,12548.333228
-445.896604,101,12548.694677
-59.067893,24,12548.782451
-43.983386,37,12548.90979
-248.726832,37,12549.037624
-259.872286,37,12549.163565
-247.253735,37,12549.292711
-160.99858,40,12549.432639
-138.94836,37,12549.5586
-260.976065,37,12549.690784
-151.36896,37,12549.815849
-29.992253,35,12573.110698
-240.706387,37,12573.287181
-265.941042,37,12573.419437
16.020503,30,12573.720082
-41.627108,37,12573.873558
-269.852711,37,12574.040905
-258.044969,37,12574.181525
-26.181763,34,12574.328624
-264.514215,37,12574.464904
-258.927177,39,12574.625155
-264.411889,37,12574.765679
-246.095824,37,12574.905708
-16.621835,34,12575.025387
-25.846965,34,12575.147732
-41.050937,36,12575.315514
-145.472694,37,12575.4623
-165.96536,40,12575.621939
2.782258,32,12575.742604
-247.914856,37,12575.878697
-162.361014,27,12575.980066
-257.930993,37,12576.120817
-257.329737,37,12576.25158
-286.70692,37,12576.385986
-71.2779,27,12576.487061
-242.094075,37,12576.622311
-243.487982,37,12576.766476
-253.614772,37,12576.916691
-149.754689,37,12577.06534
-262.259518,37,12577.202729
-256.041411,37,12595.489495
-269.869967,37,12595.651235
-202.645131,45,12595.81223
-258.578418,39,12595.957263
-10.310417,33,12596.080464
-263.129245,37,12596.217644
-254.031667,37,12596.352632
-276.135115,37,12596.488774
-252.321301,37,12596.624112
-153.542745,37,12596.75498
-273.900232,37,12596.884738
-151.312294,36,12597.01085
-15.790782,34,12597.129558
6.132077,31,12597.232313
-257.090371,37,12597.378151
-208.530289,34,12597.509089
-275.278655,37,12597.644025
-148.296256,37,12597.782244
-145.632937,37,12597.922112
-21.944623,34,12598.045599
-265.250306,37,12598.169267
-237.4955,38,12598.317566
-158.184126,30,12598.422028
-33.442467,36,12598.551841
-257.440853,37,12598.685929
-169.692308,31,12598.804339
-278.848776,37,12598.958638
-255.104281,37,12599.091236
-124.304323,35,12613.080882
-141.475497,37,12613.254939
-56.581824,24,12613.355937
-141.692249,37,12613.486635
-551.01642,83,12613.770919
-34.022213,36,12613.900576
-306.764395,47,12614.070047
-144.175859,37,12614.321523
-142.441916,37,12614.625738
-262.18809,37,12614.766913
-85.809395,29,12614.873567
-33.320976,36,12615.007331
-251.902411,37,12615.14636
-196.368728,32,12615.258654
-28.018466,35,12615.382615
-145.908559,37,12615.512423
-28.445237,35,12615.633763
-239.372262,37,12615.766534
-264.210563,37,12615.896828
-262.357684,37,12616.029005
-256.930242,37,12616.17296
-44.587644,37,12616.310553
-276.09992,37,12616.438655
-150.191742,23,12616.527386
-177.412649,31,12616.642927
-252.720256,37,12616.773072
-253.934413,37,12616.911051
-145.947039,37,12617.045091
-273.071337,37,12631.483381
-185.518546,43,12631.66521
-243.561616,37,12631.790398
-149.956111,23,12631.877028
-84.286221,30,12631.983993
-267.050893,37,12632.120861
-61.635038,39,12632.31422
-149.652241,24,12632.426449
-34.22584,36,12632.556576
-149.148131,24,12632.651833
-131.421325,35,12633.048045
-264.011191,37,12633.197794
-176.262448,29,12633.306976
-249.063306,37,12633.446768
-147.228547,37,12633.583472
-73.492465,28,12633.680129
-4.940649,33,12633.814366
-44.90395,37,12633.945118
-146.106927,24,12634.19516
-271.865086,37,12634.32534
-60.067001,25,12634.413772
-243.247219,37,12634.537592
-255.548333,37,12634.681321
-134.400104,37,12634.819688
-129.644159,36,12634.94389
-138.41043,37,12635.07819
-281.390157,37,12635.209927
-16.731525,35,12635.3418
-283.622435,44,12635.494409
-214.846038,34,12635.611725
-259.453512,37,12656.633988
-0.890863,34,12656.801414
-10.77362,32,12656.924742
-267.792703,37,12657.068414
-270.552188,37,12657.216606
-57.453047,24,12657.311993
-34.35851,36,12657.452212
-263.788571,37,12657.592955
-278.548491,37,12657.72987
-254.94568,37,12657.88492
-18.25243,34,12658.022172
-462.159464,101,12658.413023
-169.46299,27,12658.526231
-110.411295,34,12658.655246
-76.662598,28,12658.751634
-257.432613,37,12658.890211
-245.052408,37,12659.022343
-184.237865,31,12659.135126
-262.033119,37,12659.274576
-161.968901,27,12659.381349
-246.086448,37,12659.516761
-249.114365,37,12659.645838
-148.395147,37,12659.803409
-142.647397,37,12659.949782
-334.903211,67,12660.197309
-256.76057,37,12660.334931
-171.046226,41,12675.141683
-246.681848,37,12675.334054
-274.613783,37,12675.472507
-277.914563,37,12675.603094
-14.817652,34,12675.720278
49.152057,26,12675.810977
-26.026586,35,12675.933469
-280.429127,37,12676.064707
-91.920855,29,12676.16504
-146.531337,37,12676.297296
14.99603,30,12676.405715
-148.930839,23,12676.487642
-244.074317,37,12676.609421
-148.709535,23,12676.690948
-606.302383,101,12677.051162
-249.64619,37,12677.180814
-32.540052,36,12677.307088
-151.077247,24,12677.394793
-256.631612,37,12677.52208
-166.657149,28,12677.62154
-252.248711,37,12677.767327
-263.764668,37,12677.901645
24.49007,28,12678.006808
-132.945887,36,12678.133709
-146.686982,24,12678.214053
-44.370811,37,12678.343986
-257.15537,37,12678.474029
-88.885826,30,12678.579142
-140.30525,39,12678.718381
-161.038433,27,12678.819889
-259.380441,37,12693.650996
-135.687756,36,12693.801733
-220.644661,34,12693.930268
-254.156553,37,12694.065017
-158.715544,37,12694.195329
-24.46212,35,12694.313
-23.942683,35,12694.438518
-38.906767,37,12694.564568
-66.877459,26,12694.65177
-142.040165,37,12694.776059
-80.229665,29,12694.875945
-260.033136,37,12695.014266
-136.107973,36,12695.141075
-23.586521,34,12695.261977
-279.648438,37,12695.399158
-257.036978,37,12695.548043
-276.598286,37,12695.681883
-144.234251,23,12695.762085
-268.316272,40,12695.906865
69.826904,36,12696.040496
-266.315904,37,12696.170716
-253.796897,37,12696.30055
-254.436463,37,12696.432319
-197.212538,35,12696.549581
-144.4912,37,12696.673075
-476.531231,73,12696.934715
-253.173158,37,12697.066118
-619.378866,101,12712.136163
-261.101419,37,12712.447055
-149.064305,37,12712.611815
-239.996011,37,12712.743383
-509.161295,101,12713.122279
1.247662,32,12713.231905
-247.922288,37,12713.360972
12.902341,29,12713.464235
-162.764231,39,12713.609767
-265.411077,37,12713.758782
-83.13416,29,12713.879326
-156.187026,41,12714.028882
-265.45011,37,12714.164547
-263.513615,37,12714.301998
-265.137897,37,12714.436525
-110.296266,33,12714.552859
-11.405813,33,12714.669069
-160.518931,26,12714.769924
-503.159856,78,12715.050767
-215.12779,41,12715.191098
-152.901455,27,12715.285483
-144.043166,37,12715.425813
-9.426317,33,12715.543327
-260.836635,37,12715.672347
-156.240259,37,12715.805015
-140.940605,37,12733.784643
-282.895868,37,12733.956132
-204.475455,34,12734.077019
-60.183858,27,12734.173888
-289.871748,37,12734.31486
-183.478027,29,12734.413981
-8.885291,33,12734.529263
-39.29898,36,12734.661615
-69.802656,45,12734.835497
-165.251586,28,12734.941311
-155.273648,37,12735.071866
-26.386042,35,12735.194867
-350.901227,53,12735.385005
-243.502343,37,12735.514059
-205.018343,33,12735.631138
-273.915546,37,12735.769579
-274.353434,37,12735.900742
-265.664792,37,12736.039826
-142.364573,37,12736.177419
-263.992417,37,12736.312808
-151.80651,25,12736.406561
-284.749958,37,12736.557991
-230.738665,52,12736.870373
-101.572709,46,12737.065916
-17.940582,34,12737.188465
-326.43521,50,12737.375536
-150.254225,37,12737.539174
-19.170391,34,12752.121172
-145.917618,37,12752.313368
-33.40071,36,12752.461347
-243.892918,37,12752.656744
-261.691834,37,12752.818296
-62.678481,27,12752.909698
-262.637058,37,12753.095433
-34.873173,35,12753.224765
-88.20272,29,12753.328979
-288.729437,37,12753.467688
-46.131366,25,12753.553442
26.056255,27,12753.647643
-260.272048,37,12753.776074
-26.850557,35,12753.897374
-91.718937,47,12754.070419
-246.776045,37,12754.20407
-117.117628,33,12754.325845
-140.513831,36,12754.461146
7.777505,30,12754.563164
-125.473782,34,12754.681649
-45.445702,37,12754.813765
-28.585271,35,12754.938322
-141.624231,37,12755.062717
-274.231926,37,12755.190905
-59.914917,25,12755.279254
-140.728697,37,12755.414105
-261.071602,37,12755.545946
-168.206714,29,12755.648164
-67.41958,26,12755.743629
-226.760542,35,12755.868854
-243.975417,37,12770.546017
-282.886594,37,12770.749473
-142.94323,37,12770.888711
-258.395175,37,12771.01965
-177.485979,30,12771.125297
-186.489705,55,12771.323795
-158.204976,24,12771.412747
-159.634057,27,12771.503284
-43.224434,37,12771.628887
-46.734982,37,12771.762584
-99.24452,31,12771.881033
-263.056329,37,12772.013594
-273.793599,37,12772.143364
-285.919216,37,12772.279144
-155.667989,37,12772.412575
-274.347909,37,12772.541618
-246.157235,37,12772.670794
-285.464716,37,12772.917372
-177.56712,29,12773.020936
-262.72015,37,12773.161036
-283.823135,37,12773.303729
-275.576707,37,12773.434019
-266.265709,37,12773.573841
-46.352642,36,12773.707566
-252.778535,37,12773.84694
-259.77134,37,12773.995595
-250.852421,37,12774.141032
-261.635125,37,12774.292867
-571.310145,101,12797.09266
-247.279721,37,12797.270559
-154.371668,37,12797.404392
-242.262928,37,12797.538331
-259.040179,37,12797.708251
-159.080528,37,12797.866186
-168.731282,33,12798.019171
-143.011872,37,12798.175265
-257.23813,37,12798.4706
-288.950934,37,12798.747987
-138.544486,37,12798.920716
-126.418661,62,12799.17074
-48.845401,37,12799.312076
-30.326598,36,12799.444294
-12.251824,33,12799.560992
-243.290864,37,12799.773624
-263.883416,37,12799.932233
-144.677292,25,12800.025765
35.312143,43,12800.187256
-23.089698,35,12800.32342
-306.257666,58,12800.629528
-19.978492,34,12801.153965
-255.171344,37,12801.401446
-47.579955,37,12801.581472
-146.117676,23,12801.671671
-34.239566,38,12801.845087
-101.91024,31,12801.980836
-268.674185,37,12820.959873
-172.403502,28,12821.075834
-263.92096,37,12821.21957
-257.225979,37,12821.354972
-214.964698,34,12821.478738
-184.794769,30,12821.594016
-147.361283,37,12821.734039
-261.131695,37,12821.874562
-25.446635,34,12822.000882
-160.416329,28,12822.102076
-547.946831,79,12822.428283
-269.490284,37,12822.572191
-61.135136,25,12822.662558
-215.664149,49,12822.84098
9.027801,31,12822.953673
-267.825151,37,12823.096256
-41.104673,37,12823.232673
-33.306395,36,12823.357903
-278.464402,37,12823.499485
-225.773563,36,12823.627686
-131.836564,35,12823.753284
-8.140454,33,12823.892474
-10.570704,33,12824.015419
-305.417033,46,12824.195003
-142.093772,37,12824.346973
-481.147792,81,12824.649142
-259.307983,37,12838.903595
-8.537603,32,12839.055845
-22.628551,35,12839.191289
-268.660954,40,12839.552107
-560.209172,92,12839.972063
-270.004863,37,12840.111319
-66.047897,27,12840.209956
-128.227384,34,12840.340026
-76.749708,29,12840.440745
-127.262241,35,12840.573555
-83.568411,42,12840.724822
-31.489107,36,12840.844717
-44.447026,37,12840.973806
-250.031263,37,12841.10892
21.909105,28,12841.213806
-270.005673,37,12841.348268
-284.599333,37,12841.48495
-245.773367,37,12841.6225
-246.64584,50,12841.950758
-260.746966,40,12842.196626
-151.169813,37,12842.394423
-250.666511,37,12842.533509
-264.50991,37,12842.676459
-138.192553,37,12842.820228
-260.58533,37,12842.945799
-244.283541,37,12843.070521
-114.627361,32,12843.185876
-20.154416,34,12857.699138
-257.565178,37,12858.146021
-31.490931,36,12858.494845
-261.518156,37,12858.628341
-261.577326,37,12858.765523
-152.870175,37,12858.907753
-85.984679,30,12859.008487
-265.525041,40,12859.148321
-80.469025,30,12859.25727
75.038029,36,12859.387013
-384.536113,58,12859.587041
-14.40222,33,12859.710504
-197.12985,63,12859.935811
-160.54354,26,12860.024178
-281.763213,37,12860.160244
-268.530708,37,12860.283301
-245.385669,36,12860.404777
-322.593763,100,12860.761363
-197.836762,74,12861.047374
-89.551986,30,12861.153874
-33.03993,36,12861.284302
12.791335,29,12861.383764
-252.195816,37,12861.521948
-22.037358,34,12861.636688
9.500929,30,12861.744608
-184.87788,30,12884.078746
-37.201825,36,12884.260968
-258.291808,37,12884.410385
-611.299606,85,12884.722528
-264.088611,37,12885.000711
-182.180189,27,12885.113259
-256.912694,37,12885.254028
-266.848819,37,12885.401125
-291.893682,37,12885.537206
-153.20034,37,12885.666309
-270.645886,37,12885.806102
-154.196109,37,12885.948754
-285.971128,37,12886.095718
-273.600987,37,12886.232889
-142.624679,37,12886.366425
-259.011587,37,12886.495931
-1.554414,31,12886.625297
-242.490358,37,12886.763759
-93.166061,30,12886.877509
-46.492315,37,12887.019408
-248.309192,51,12887.213682
-246.783374,37,12887.340461
-258.232591,37,12887.475311
-272.05896,37,12887.613319
-44.102173,37,12887.751455
-140.162907,38,12887.897269
-152.58225,37,12888.030016
-147.449727,37,12905.092341
-72.010758,26,12905.212748
-122.054034,39,12905.372079
-115.746327,34,12905.491931
-166.363082,32,12905.604778
-220.12631,38,12905.742598
-17.684466,34,12905.864189
-6.640047,32,12905.981475
-44.600897,37,12906.114725
-44.361319,37,12906.248123
-244.91415,37,12906.379833
-257.590113,37,12906.509691
-148.375543,37,12906.644946
-151.238477,37,12906.77729
-704.473473,101,12907.142744
-143.867281,37,12907.28152
-273.772267,37,12907.414513
-30.451102,35,12907.537328
4.303804,31,12907.646998
-672.472112,101,12908.022482
-249.637458,37,12908.154378
-154.093694,37,12908.288178
85.324294,34,12908.410019
-53.391517,24,12908.495808
-143.132303,36,12908.630764
-258.506042,37,12924.053623
-469.618749,93,12924.459388
-260.114323,37,12924.599839
-131.013798,36,12924.734047
-268.533095,37,12924.866968
-279.199199,37,12924.99846
-146.844307,37,12925.127823
-147.811989,25,12925.218202
-193.369067,35,12925.344715
-143.876041,36,12925.482319
-266.722837,37,12925.610031
-161.414328,25,12925.704089
-185.133798,42,12925.860846
-693.654308,99,12926.360015
-263.926501,37,12926.485731
-186.327323,30,12926.592181
-256.896562,37,12926.72498
-252.438734,37,12926.85561
-21.453775,34,12926.980503
-62.309396,25,12927.075113
-146.541599,37,12927.204362
-181.481202,35,12927.33359
-5.345112,32,12927.449925
-139.934545,37,12927.58067
-611.891481,101,12944.683439
-207.838047,32,12944.869383
-47.56299,37,12945.021198
-275.954655,37,12945.158468
-147.426634,23,12945.241797
-13.618678,33,12945.36763
-91.378041,31,12945.478868
-248.624142,37,12945.608551
-283.867437,37,12945.745549
-356.099433,66,12945.976988
-238.234932,39,12946.112429
-31.458731,36,12946.237855
-251.866478,37,12946.373713
-43.244498,25,12946.462114
-233.941235,36,12946.588383
-148.767197,37,12946.715589
-256.157515,37,12946.862672
-256.210854,37,12947.004608
-157.599843,37,12947.141231
-254.979354,37,12947.280458
-44.893633,37,12947.415763
-151.719845,37,12947.544693
-156.711641,37,12947.676667
-157.3173,37,12947.81849
-43.454881,37,12947.94695
17.002063,29,12948.054843
-86.337362,29,12948.159817
-297.643015,59,12948.388954
-29.541008,35,12963.438515
-156.507354,37,12963.633674
-242.873567,37,12963.786895
-251.981757,37,12963.915951
14.256514,30,12964.031747
-35.275252,36,12964.164752
-181.933891,30,12964.277457
-127.730789,34,12964.398009
-132.381209,36,12964.533092
-40.35775,37,12964.668503
-241.499616,36,12964.793565
-153.531252,37,12964.931784
-153.403906,25,12965.02388
-295.809688,37,12965.163069
-289.0745,37,12965.304399
-240.72323,37,12965.43696
-42.622785,37,12965.564818
-192.056869,34,12965.691866
-46.640894,37,12965.833059
-145.655872,37,12965.971507
-134.527747,35,12966.095483
-118.355634,33,12966.230888
-43.07982,36,12966.361564
-253.400247,37,12966.488196
-154.203455,25,12966.581128
-40.471272,37,12966.724668
-616.859695,99,12967.085881
-233.181764,36,12967.215431
-148.943346,37,12982.450401
-43.524538,37,12982.622947
-72.435769,27,12982.733436
-291.028345,37,12982.878835
-261.641684,37,12983.016408
-251.583602,37,12983.155802
-259.859628,37,12983.291136
-583.506248,87,12983.601676
-148.122491,37,12983.748346
-31.072907,35,12983.885894
-151.821481,24,12983.978165
-82.316638,28,12984.087388
-161.307455,27,12984.185434
-291.88076,58,12984.404369
-3.963544,32,12984.512844
-30.926404,36,12984.640786
-38.936888,37,12984.777218
-148.530942,37,12984.909509
0.652495,32,12985.021771
-262.896265,37,12985.15788
-269.3621,37,12985.289863
-210.153502,59,12985.50332
-31.596965,35,12985.622967
-40.930885,37,12985.75503
-258.194006,37,12985.896043
2.923225,31,12986.011432
-279.139179,37,12986.145454
-261.248578,37,13001.71644
-149.674588,37,13002.039004
24.1653,28,13002.144911
-96.917383,31,13002.274533
-139.084689,37,13002.449763
-254.49002,51,13002.638906
-260.534012,37,13002.775071
9.530357,30,13002.884897
-295.280873,37,13003.025261
-123.873006,34,13003.180171
-23.558211,35,13003.325437
-155.633907,37,13003.466716
-32.366236,36,13003.601355
-48.109958,37,13003.744388
-95.892148,30,13003.854014
-267.617303,37,13003.998674
-286.084605,37,13004.140931
-254.875586,37,13004.275679
8.003111,30,13004.389224
-249.92752,37,13004.531837
-286.825043,37,13004.672802
-240.36014,37,13004.812287
-153.073571,37,13004.944837
-248.22234,37,13005.072024
-164.853199,37,13005.201719
-35.381841,36,13005.330051
-37.084707,37,13005.463605
-144.69395,37,13005.589163
-267.237684,40,13023.411777
-259.790314,37,13023.598036
-283.839453,37,13023.736005
-145.572097,37,13023.877073
-279.228202,37,13024.033756
-35.155479,35,13024.162412
-153.170309,37,13024.311979
-143.324081,37,13024.452664
-43.420757,36,13024.581862
-617.152225,101,13024.957864
-243.177528,37,13025.089527
-151.985588,37,13025.228559
-253.13848,37,13025.35683
-143.840881,24,13025.444509
-36.673878,35,13025.576549
-273.737812,37,13025.717775
-160.22382,37,13025.857094
-2.715001,32,13025.976393
-144.778825,37,13026.112595
-152.608258,24,13026.2006
-261.607687,37,13026.336728
-154.621996,37,13026.474339
-292.004322,37,13026.610919
-5.46393,33,13026.734024
-267.433736,37,13026.871813
-290.812094,37,13027.00676
5.26073,31,13027.123923
-30.091553,35,13041.946725
-143.249293,37,13042.12879
-261.344118,37,13042.269366
-248.379569,37,13042.403118
-261.882188,37,13042.535348
2.908806,32,13042.651007
1.417948,32,13042.769721
-14.303056,34,13042.895785
-268.665729,37,13043.037643
-171.987665,28,13043.139898
-149.369477,37,13043.276296
-145.326856,23,13043.359064
-30.177448,36,13043.486245
-17.768969,34,13043.60738
21.51612,28,13043.709044
-134.446179,35,13043.841624
-253.397852,37,13043.976027
35.354191,26,13044.069334
-168.903736,31,13044.178441
-17.869056,34,13044.302663
-279.666525,37,13044.435294
-152.11726,37,13044.575648
-12.985608,33,13044.696983
-157.661741,26,13044.791104
34.321787,26,13044.89185
21.760042,29,13045.006055
60.694688,27,13045.108314
-581.879849,101,13045.485878
-244.2244,37,13045.617133
-180.679808,34,13061.202593
-56.663452,52,13061.46594
-159.406343,37,13061.614107
-260.527258,37,13061.751298
-451.302541,97,13062.105166
-2.395453,31,13062.223909
-250.716485,39,13062.38782
-291.45394,37,13062.522412
-42.545967,37,13062.65924
-33.913592,36,13062.797121
-254.580431,37,13062.936022
-258.408071,37,13063.071255
-263.736183,37,13063.204772
-150.04697,37,13063.460911
-175.571263,33,13063.587785
-29.654303,35,13063.715694
-150.266699,24,13063.808667
-35.083407,36,13063.942577
-259.517101,37,13064.083897
-27.401979,34,13064.209896
-268.326978,37,13064.350168
-105.129544,31,13064.460197
-155.682386,37,13064.616628
-153.222389,25,13064.716697
-12.694183,33,13064.851749
-261.958702,37,13064.989074
-242.606585,37,13065.132996
-142.486526,37,13081.443905
-69.915716,27,13081.5935
-191.038254,32,13081.73827
-599.723207,101,13082.140475
-175.93067,30,13082.253883
-74.492849,28,13082.356458
-38.952523,36,13082.496871
1.345799,31,13082.608312
-269.917708,37,13082.741233
-262.529244,37,13083.074829
-235.220635,47,13083.34521
12.38524,30,13083.459938
-252.939724,37,13083.596612
22.352774,28,13083.696982
-44.792228,37,13083.834657
-101.780845,31,13083.948217
-264.181971,37,13084.081234
-182.589936,30,13084.190893
-33.473297,36,13084.318201
-152.674266,37,13084.45999
-109.114938,46,13084.630339
-118.621218,33,13084.74613
-54.098954,24,13084.836901
-272.950349,37,13084.977921
-32.408284,36,13085.110263
-143.151796,26,13085.202297
-264.208069,37,13085.337653
-16.018763,34,13085.467843
-260.115422,37,13085.600618
-36.310193,36,13099.453467
-31.057715,35,13099.597815
-100.401017,31,13099.710895
-244.38364,37,13099.850385
-258.283759,37,13099.984831
-142.690488,37,13100.119944
-286.625936,37,13100.256852
-166.102346,41,13100.405822
-129.786871,34,13100.526139
-280.549491,45,13100.688877
-72.678173,27,13100.79285
-161.355483,42,13100.955887
-98.940172,30,13101.067296
34.363582,26,13101.164065
-243.086353,37,13101.293716
-123.725485,34,13101.423206
-193.394078,33,13101.539459
-253.927306,51,13101.7212
-172.216722,27,13101.820867
39.426571,26,13101.913112
-155.734124,37,13102.045301
13.993345,29,13102.153795
-152.017587,37,13102.288254
-40.679045,37,13102.420677
-137.635501,36,13102.547694
-238.203659,37,13102.682914
-282.185426,37,13102.819048
-36.863514,36,13102.946263
-278.010046,37,13103.089128
-150.876775,37,13118.288685
-152.642553,37,13118.445872
-126.072556,35,13118.56987
-23.16438,35,13118.694902
-40.741721,37,13118.832033
-153.246231,24,13118.919779
-244.949398,37,13119.053327
22.224087,28,13119.154035
-42.399526,37,13119.279784
-181.516649,30,13119.387046
-255.161935,37,13119.525896
-156.606973,26,13119.622452
-178.101173,30,13119.726079
-188.52843,34,13119.848171
-148.872102,37,13119.98213
-244.772637,37,13120.109994
-156.307112,37,13120.256231
-36.30257,36,13120.379873
-161.834891,26,13120.467976
-195.040893,36,13120.593214
-152.94615,37,13120.726796
-263.770638,37,13120.859543
-235.576978,36,13120.997866
-252.725146,37,13121.131911
-146.021393,37,13121.266783
-17.058916,34,13121.377806
-263.781278,37,13121.506871
-141.74648,24,13121.592111
-245.384477,37,13121.722851
-405.360141,59,13136.414601
-141.985199,22,13136.500954
-152.904566,37,13136.645197
-24.800312,34,13136.767832
-19.289221,34,13136.886856
-9.719611,61,13137.114649
-132.025463,34,13137.234509
-163.898611,26,13137.333482
-144.142369,23,13137.417643
-162.05851,51,13137.611138
-260.065214,37,13137.766391
-41.451257,37,13137.914332
-281.609796,37,13138.060881
-243.212407,37,13138.194005
-179.712864,30,13138.30212
-261.724341,37,13138.430144
60.103633,35,13138.559427
-262.782696,37,13138.701896
-31.530479,36,13138.830109
-159.345811,37,13138.962559
24.432941,27,13139.077399
-86.877478,29,13139.186896
-192.608999,35,13139.31518
-58.617421,37,13139.45274
-246.429733,37,13139.585795
8.435324,30,13139.69037
-15.629526,34,13139.807636
-262.647573,37,13139.94052
-145.367874,37,13140.082157
-225.426298,54,13158.396212
-263.38337,37,13158.539438
-59.020234,27,13158.636072
4.655962,31,13158.755297
-70.181249,28,13158.861003
-41.139354,37,13158.998174
-25.026211,34,13159.128121
-122.719072,34,13159.250287
-158.303552,37,13159.387514
-36.40222,36,13159.52235
-4.661827,32,13159.641026
-30.178092,35,13159.770841
-17.781079,34,13159.899397
-249.755152,37,13160.036455
-3.145341,31,13160.15591
-126.638207,34,13160.276788
-247.244751,37,13160.410993
-157.19902,37,13160.549986
114.023,30,13160.657067
-217.173778,35,13160.788514
-253.205713,37,13160.935571
-140.255116,36,13161.355416
-31.278767,35,13161.595861
-27.661309,35,13161.734406
-144.461284,37,13161.873707
-165.572781,27,13161.97418
-256.778528,37,13162.119518
-40.119619,37,13162.25402
-126.262213,34,13162.379331
-168.073638,28,13162.482267
-244.367382,37,13176.890017
-158.592199,37,13177.048918
-161.739103,37,13177.193714
-137.943113,54,13177.38973
-161.113432,37,13177.525317
-134.132697,35,13177.654726
-264.012509,37,13177.787991
-159.622099,27,13177.885694
-48.531728,37,13178.022043
-1.829687,32,13178.133747
24.269883,27,13178.229035
-144.612582,37,13178.361868
-27.864331,35,13178.495714
-33.110312,36,13178.620936
-153.198179,37,13178.760844
91.627709,33,13178.873481
-33.351656,36,13179.018248
-131.345781,35,13179.1533
-42.419353,37,13179.564984
-267.858429,37,13179.720465
-243.378929,37,13179.855868
14.96409,30,13179.966585
-158.196485,25,13180.061192
-23.632936,35,13180.185909
-283.508127,37,13180.324414
-440.160641,101,13180.705622
-32.085875,35,13180.831751
-277.214112,37,13195.60008
-252.102189,37,13195.760986
-165.898167,37,13195.892329
-111.53495,34,13196.021666
-270.017968,37,13196.173865
-32.644899,36,13196.30445
-41.737189,37,13196.43359
-148.683037,36,13196.572524
-144.297227,37,13196.70713
24.088304,28,13196.804721
-263.293038,37,13196.943811
-66.814493,26,13197.03816
-243.585376,37,13197.180849
-63.487474,26,13197.279276
-149.583462,23,13197.358821
-147.501885,37,13197.618434
-280.74144,47,13197.799263
-18.208801,34,13197.920723
-43.154011,37,13198.047427
-187.231686,42,13198.212316
-139.732849,37,13198.347108
-279.599022,37,13198.484403
-169.92763,28,13198.583782
-165.238788,28,13198.703375
-154.482886,37,13198.853323
-60.884054,26,13198.964874
-249.100131,37,13199.105133
-243.149485,37,13199.241919
-257.986991,37,13199.376148
