#{"t_start": 1736948032.780108, "env_id": "gymnasium_env/PingPongEnv-v0"}
r,l,t
-256.525198,39,3.933157
-245.909839,37,4.084018
-282.441271,37,4.268107
-272.015523,37,4.419841
-247.211485,37,4.563487
-245.66414,37,4.704109
-264.317183,37,4.846376
-253.110713,37,4.994318
-249.688488,37,5.138927
-253.225064,37,5.276674
-271.115474,37,5.422179
-271.114914,37,5.558796
-294.444649,37,5.703584
-286.379715,37,5.858604
-144.701896,25,5.957583
-255.067163,37,6.110161
-245.462056,37,6.247493
-256.794074,37,6.397737
-241.965984,37,6.552562
-254.459192,37,6.696845
-279.370856,37,6.830826
-266.492645,37,6.979053
-278.696786,37,7.126306
-77.113972,29,7.23776
-243.354802,37,7.709636
-282.724265,37,7.857597
-247.349301,37,7.995907
-276.545812,37,8.140319
-260.906815,37,24.799275
-278.740724,37,24.957824
-270.654839,37,25.103513
-284.809555,37,25.241439
-247.389099,37,25.374739
-258.470627,37,25.786499
-243.467015,37,25.930857
-296.668675,37,26.085874
-245.267945,37,26.224424
-265.174187,37,26.404439
-152.438998,27,26.505566
-241.877164,37,26.640815
-142.063192,37,26.771578
-244.158958,37,27.022246
-249.067576,37,27.167579
-285.061557,37,27.313294
-276.803342,37,27.457937
-294.152793,37,27.610197
-271.760286,37,27.758133
-255.273829,37,27.943247
-266.253373,37,28.16016
-238.859476,37,28.336118
-252.38132,37,28.466115
-265.073003,37,28.608749
-284.311304,37,28.742823
-252.493289,37,28.881876
-283.727227,37,29.009755
-250.815171,37,29.146442
-272.57102,37,42.877064
-275.43864,37,43.036428
-246.776734,37,43.177485
-246.909357,37,43.34629
-277.181519,37,43.488008
-273.453503,37,43.621148
-250.210617,37,43.769906
-247.958732,37,44.179254
-259.050959,37,44.330102
-255.286609,37,44.471324
-259.013641,37,44.616444
-247.393257,37,44.756236
-243.129043,37,44.896364
-267.894368,37,45.035276
-252.040445,37,45.179313
-266.351387,37,45.32398
-244.652975,37,45.462286
-262.214742,37,45.60726
-280.165856,37,45.745779
-261.526419,37,45.886842
-249.941082,37,46.03137
-248.953773,37,46.163961
-266.493767,37,46.309988
-249.268541,37,46.454228
-273.777975,37,46.595552
-247.085396,37,46.723132
-284.19235,37,46.867849
-258.097742,37,61.031662
-253.867444,37,61.227495
-280.802257,37,61.374149
-243.662662,37,61.511883
-261.367312,37,61.651176
-277.03923,37,61.78595
-256.223643,37,61.921624
-282.349224,37,62.062101
-238.59943,37,62.19865
-289.448415,37,62.33675
-249.10214,37,62.481291
-268.237828,37,62.620827
-271.497719,37,62.759073
-271.609362,37,62.890541
-268.61875,37,63.717747
-277.141579,37,63.872265
-261.612388,37,64.02395
-250.128523,37,64.173369
-274.234962,37,64.313737
-248.782332,37,64.454283
-252.096747,37,64.597105
-271.392543,37,64.767883
-261.736363,37,64.916137
-250.446238,37,65.058633
-298.578326,37,65.201775
-244.639828,37,65.33962
-261.717921,37,65.478001
-247.526289,37,65.609647
-257.776686,37,82.588773
-252.730197,37,82.778607
-269.977557,37,82.924292
-251.816131,37,83.059709
-265.783427,37,83.196666
-250.292424,37,83.342375
-248.239582,37,83.48121
-251.14766,37,83.625317
-280.470434,37,83.765923
-248.452111,37,83.909138
-246.163301,37,84.048636
-270.992292,37,84.181965
-282.984898,37,84.323806
-252.159385,37,84.465086
-210.586168,32,84.582206
-248.126016,37,84.723184
-284.819251,37,84.854349
-277.098955,37,84.991502
-269.161378,37,85.127462
-265.202775,37,85.267455
-83.706947,32,85.388523
-257.796531,37,85.526996
-249.334894,37,85.655424
-249.667476,37,85.802811
-256.870494,37,85.946899
-268.99394,37,86.080984
-250.492423,37,86.222063
-258.781416,37,86.362
-258.197253,39,100.489245
-275.226289,37,100.647914
-268.186475,37,100.788662
-55.830717,62,101.016125
-287.130914,37,101.155741
-260.559388,37,101.289391
-289.061508,37,101.426236
-262.871845,37,101.563767
-289.702718,37,101.713649
-268.252103,37,101.849588
-240.381711,37,101.991643
-253.943854,37,102.130551
-248.226413,37,102.266631
-281.600098,37,102.41047
-267.68456,37,102.563878
-245.001988,37,102.693997
-277.649949,37,102.833135
-180.02198,70,103.108886
-262.716623,37,103.236398
-274.252228,37,103.373263
-275.926279,37,103.509476
-258.299908,37,103.646117
-278.450897,37,103.782921
-249.883337,37,103.926121
-258.909015,37,104.059734
-267.272526,37,104.202193
-260.484435,37,117.393155
-247.82907,37,117.565561
-239.865916,37,117.708933
-254.003954,37,117.847964
-265.651067,37,117.978453
-282.04274,37,118.115105
-269.304511,37,118.252838
-238.669947,37,118.398642
-269.680665,37,118.536391
-275.146788,37,118.675954
-284.079588,37,118.814092
-278.578003,37,118.955706
-245.971568,37,119.094289
-286.498072,37,119.236004
-269.326535,37,119.667089
-250.012529,37,119.872349
-252.926579,37,120.023794
-265.686604,37,120.164524
-277.201905,37,120.302847
-235.515748,37,120.439707
-266.041887,37,120.578125
-265.879568,37,120.714332
-285.249259,37,120.846576
-245.629482,37,120.984951
-260.487843,37,121.116811
-248.800827,37,121.260335
-289.814838,37,121.402212
-286.17806,37,121.669855
-267.552898,37,137.055253
-273.198709,37,137.601248
-258.024531,37,137.759494
-243.15396,37,137.904085
-262.809999,37,138.106174
-265.256135,37,138.30491
-255.053965,37,138.491542
-260.851177,37,138.684835
-221.887985,33,138.867563
-255.099706,37,139.057951
-250.052372,37,139.241505
-288.71787,37,139.393129
-245.220444,37,139.52883
-242.642576,37,139.664649
-238.162778,37,139.810042
-254.577229,37,139.948664
-246.917922,37,140.084008
-257.021574,37,140.222167
-271.475207,37,140.357211
-249.133252,37,140.485569
-253.057036,37,140.627917
-252.959752,37,140.760159
-246.64396,37,140.892327
-254.66543,37,141.034026
-273.48899,37,141.171385
-243.604846,37,141.310336
-253.759614,37,141.445663
-273.482709,37,155.085182
-243.482414,37,155.291853
-282.312468,37,155.436342
-271.269993,37,155.569065
-261.940482,37,155.709491
-270.333488,37,155.85141
-251.459871,37,156.280853
-260.332237,37,156.442461
-290.183885,37,156.577892
-292.943415,37,156.71534
-274.45085,37,156.862825
-263.251489,37,157.006593
-284.140106,37,157.142318
-280.527255,37,157.284713
-257.308285,37,157.419974
-260.853243,37,157.562564
-269.105579,37,157.701447
-267.172072,37,157.840612
-249.787048,37,157.975928
-257.155255,37,158.118826
-263.069924,37,158.256777
-277.581483,37,158.391866
-279.906087,37,158.524577
-266.853287,37,158.669419
-269.629,37,158.809014
-269.893287,37,158.946805
-238.362615,37,159.084699
-64.293964,29,159.191544
-260.46168,37,173.962004
-282.625617,37,174.157582
-249.110046,37,174.610123
-273.637888,37,174.755742
-280.985808,37,174.892208
-293.583912,37,175.033141
-249.026873,37,175.168299
-263.721437,37,175.309956
-284.156524,37,175.443742
-253.911186,37,175.583945
-238.229997,37,175.722592
-274.060697,37,175.862116
-244.738351,37,176.001938
-239.538573,35,176.131969
-270.739734,37,176.267154
-266.992823,37,176.405666
-247.72453,37,176.544564
-279.071083,37,176.682202
-272.56657,37,176.826023
-261.768864,37,176.965694
-260.975248,37,177.112045
-280.216283,37,177.250533
-253.156679,37,177.382937
-300.266825,37,177.525031
-270.366096,37,177.664446
-290.682643,37,177.882416
-275.465036,37,178.013071
-275.965389,37,178.148973
-47.054242,26,191.09406
-250.128292,37,191.290043
-238.120521,37,191.44085
-33.855828,24,191.53153
-122.692044,34,191.65591
-202.501392,47,191.829011
101.133575,32,191.948503
-268.264717,37,192.099107
-271.963583,37,192.234375
-245.035252,37,192.373492
-252.622505,37,192.507006
-291.610346,37,192.645567
-252.230378,37,192.777903
-242.119001,37,193.260492
-139.337134,36,193.516466
-256.740059,37,193.662318
-275.109632,37,193.796455
-255.041836,37,193.936486
-261.017033,37,194.076443
-267.209555,37,194.217593
-249.395758,37,194.357917
-292.589474,37,194.497907
-264.695218,37,194.641667
-277.154137,37,194.782987
-273.73813,37,194.928943
-253.319844,37,195.064809
-31.285185,43,195.231126
-235.697721,37,195.372061
-256.207192,37,210.446522
-264.30836,37,210.623093
-252.950464,37,210.760926
-140.891107,37,210.897797
-224.939213,34,211.025288
-242.393209,37,211.167212
-258.445821,37,211.308574
-248.277176,37,211.448661
-257.775396,37,211.663906
-261.664368,37,212.036201
-289.54862,37,212.174593
-260.855872,37,212.320551
-233.565882,37,212.499183
-280.330428,37,212.643089
-258.509775,37,212.779266
-272.897259,37,212.917616
-244.701608,37,213.058206
-246.101863,37,213.198478
-260.065602,37,213.342938
-262.266003,37,213.485952
-276.891635,37,213.633474
-252.179147,37,213.770834
-243.605776,37,213.915194
-277.618037,37,214.058376
-259.129197,37,214.194106
-287.330333,37,214.342743
-84.70811,33,214.477281
-273.554861,37,214.61683
-259.148951,37,227.524039
-253.737783,37,227.697549
-257.273956,37,227.843542
-253.319629,37,227.984312
-257.129677,37,228.133894
-253.546545,37,228.269722
-245.714544,37,228.401477
-286.722146,37,228.550586
-261.809422,37,228.688564
-259.626325,37,228.831323
-259.362831,37,228.980689
-253.247593,37,229.126282
-247.305256,37,229.266484
-254.048135,37,229.411549
-269.144213,37,229.54953
-265.093638,37,229.68974
-248.062685,37,229.833847
-263.150128,37,229.979704
-267.654876,37,230.119046
-270.14221,37,230.251022
-273.046299,37,230.38792
-263.155609,37,230.528213
-276.109045,37,230.673626
-272.347481,37,231.020684
-261.482634,37,231.277261
-267.711585,37,231.423943
-265.47119,37,231.557299
-221.458418,34,231.678248
-245.055267,37,245.084178
-273.301073,37,245.246253
-40.080773,37,245.393146
-279.040149,37,245.538427
-266.433867,37,245.684179
-270.395174,37,245.824227
-260.440943,37,245.957299
-254.000462,37,246.095349
-247.170537,37,246.242873
-264.308874,37,246.382451
-276.825092,37,246.528759
-274.948609,37,246.670947
-271.26476,37,246.807703
-366.813071,65,247.046745
-256.984261,37,247.185631
-256.470941,37,247.332443
-249.032452,37,247.466385
-270.270909,37,247.608869
-283.703146,37,247.743171
-273.944253,37,247.882745
-252.076731,37,248.034656
-263.801197,37,248.178444
-174.63677,29,248.29245
-249.7267,37,248.439191
-262.715841,37,248.578741
-255.249629,37,248.717822
-293.076151,37,248.994197
-250.731303,37,264.380919
-219.251231,35,264.544234
-250.990935,37,264.680865
-271.802222,37,264.818955
-289.054004,37,264.954872
-251.980804,37,265.093299
-264.91688,37,265.234069
-276.140146,37,265.367301
-254.677076,37,265.497957
-251.478037,43,265.661241
-271.151097,37,265.800504
-262.382654,37,265.941765
-31.880408,35,266.073183
-269.220864,37,266.212398
-285.94179,37,266.353561
-252.037137,37,266.493717
-248.112301,37,266.632733
-298.979162,37,266.776251
-256.287435,37,266.912011
-54.495977,38,267.053968
-266.333346,37,267.186774
-269.603379,37,267.319446
-254.225039,37,267.453724
-249.914287,37,267.592027
-275.038176,37,267.726275
-292.77086,37,267.862481
-255.181464,37,268.005001
-285.13652,37,268.137414
-263.006161,37,282.606405
-272.169445,37,282.769887
-260.235825,37,282.907456
-263.172963,37,283.047229
-251.667709,37,283.187473
-272.413579,37,283.324685
-247.162749,37,283.470312
-190.801229,30,283.585286
-244.963589,37,283.726279
-252.002652,37,283.860276
-269.597503,37,284.001464
-273.381271,37,284.137627
-261.13453,37,284.272945
-259.986568,37,284.408063
-253.214294,37,284.545611
-270.217844,37,284.685544
-244.032015,37,284.833279
-258.480315,37,284.983762
-289.559006,37,285.125141
-264.523602,37,285.261637
-149.958092,26,285.353529
-264.099777,37,285.493173
-238.875207,37,285.63366
-242.15428,37,285.774487
-249.132542,37,285.916206
-253.130754,37,286.052735
-264.575299,37,286.193765
-250.130038,37,286.338501
-261.508709,37,299.71647
-288.76944,37,299.893176
-255.629178,37,300.034572
-256.322474,37,300.461035
-260.215063,37,300.59864
-303.849733,37,300.741422
-253.297792,37,300.879584
-70.164382,29,300.993451
-279.471441,37,301.136005
-277.273618,37,301.282655
-271.700746,37,301.423536
-263.298976,37,301.567167
-231.800905,35,301.70181
-261.452549,37,301.840635
-249.709269,37,301.988513
-268.973692,37,302.132195
-261.321566,37,302.287138
-268.376733,37,302.433417
-257.626051,37,302.588425
-246.71564,37,302.726366
-271.46577,37,302.864138
-273.847864,37,302.996145
-278.032506,37,303.138795
-266.335601,37,303.280383
-245.369186,37,303.411163
-279.278421,37,303.550464
-259.238025,37,303.692692
-252.183034,37,303.829694
-247.486155,37,316.73508
-269.081147,37,316.901764
-254.021939,37,317.040633
-243.696297,37,317.179114
-235.687238,37,317.322222
-259.631836,37,317.462339
-264.105298,37,317.604495
-271.510562,37,317.748758
-267.396851,37,317.884905
-373.052362,55,318.095291
-262.747286,37,318.230368
-250.183319,37,318.487065
-263.23514,37,318.630621
-287.098742,37,318.778032
-265.179141,37,319.011854
-244.470426,37,319.347533
-156.327633,26,319.457645
-251.356058,37,319.600888
-245.839556,37,319.737573
-271.072058,37,319.880786
-273.85798,37,320.023294
-241.792983,37,320.164302
-248.178516,37,320.301472
-243.939695,37,320.440009
-130.201479,36,320.580397
-244.619866,37,320.717538
-117.962006,33,320.842719
-251.908506,37,336.48377
-259.635013,37,336.671257
-257.163113,37,336.81637
-270.579992,37,336.96089
-90.95614,35,337.093776
-250.351847,37,337.244423
-287.431296,37,337.3834
-134.5425,37,337.524764
-265.460551,37,337.673944
-268.044225,37,337.814078
-257.597974,37,337.96328
-244.454592,37,338.442336
-255.242306,37,338.657928
-276.270567,37,338.810764
-245.395395,37,338.958796
-263.497287,37,339.107964
-242.684478,37,339.246976
-44.187573,24,339.347604
-262.420571,37,339.489757
-253.789642,37,339.628644
-259.647889,37,339.770684
-253.717894,37,339.918952
-264.784773,37,340.05828
-232.52999,36,340.199248
-254.835556,37,340.337356
-274.033255,37,340.476457
-254.356304,37,340.626417
-275.543634,37,340.766967
-239.745668,37,354.027086
-254.535358,37,354.2282
-268.481599,37,354.380478
-265.488657,37,354.518297
-289.532458,37,354.671168
-154.753168,38,354.839397
-256.532385,37,354.986722
-251.801479,37,355.125777
-241.410243,37,355.260221
-259.769152,37,355.39586
-268.181655,37,355.540926
-255.181372,37,355.671208
-256.568379,37,355.810621
-290.872325,37,355.944428
-273.552159,37,356.090841
-264.365834,37,356.227868
-250.61381,37,356.366564
-254.540145,37,356.503703
-274.532013,37,356.644273
-249.722792,37,356.786349
-268.232137,37,356.931711
-156.11067,27,357.026952
-237.94927,37,357.536095
-125.395298,43,357.727434
-234.812607,37,357.873916
-246.28627,37,358.018621
-258.755064,37,358.159205
-251.882786,37,358.295499
-259.712945,39,373.122798
-243.543761,37,373.325525
-242.551572,37,373.485262
-245.116399,37,373.645109
-252.017422,37,373.808534
-253.955619,37,373.948764
-243.70437,37,374.084689
-269.390535,37,374.228352
-241.654448,37,374.373644
-267.21905,37,374.515503
-284.034664,37,374.652842
-265.369014,37,374.798896
-263.574695,37,374.936768
-300.270894,37,375.075673
-271.982215,37,375.219692
-283.373876,37,375.359736
-255.878281,37,375.490583
-266.111591,37,375.634562
-260.828113,37,375.767661
-259.028575,37,375.905203
-246.169401,37,376.038573
-143.581659,37,376.181107
-37.893135,25,376.27529
-283.345526,37,376.683022
-249.112982,37,376.879614
-282.888283,37,377.03741
-248.997982,37,377.30205
-256.516898,37,377.443891
-249.006895,37,394.147754
-263.188812,37,394.335789
-252.203665,37,394.479181
-253.208364,37,394.615103
-262.246215,37,394.756477
-246.206628,37,394.894594
-274.742747,37,395.038173
-255.366696,37,395.199992
-241.378448,37,395.648768
-235.170679,39,395.808166
-280.756675,37,395.997377
-254.041707,37,396.190581
-252.612066,37,396.373181
-287.072499,37,396.534556
-241.374237,37,396.683703
-243.012455,37,396.826143
-225.371915,35,396.961599
-253.614626,37,397.105918
-109.566673,32,397.230052
-265.207342,37,397.37305
-248.128954,37,397.519856
-250.774346,37,397.661667
-267.069347,37,397.80151
-252.992228,37,397.935127
-240.617352,37,398.079675
-243.769573,37,398.221539
-266.481252,37,398.367899
-305.93562,37,398.513252
-282.520615,37,411.589979
-150.738804,25,411.711047
-261.477617,37,411.856955
-268.715415,37,412.001346
-279.899497,37,412.142336
-260.04679,37,412.28997
-154.193241,42,412.450623
-264.593056,37,412.591454
-260.255803,37,412.736102
-237.20745,37,412.881354
-268.926478,37,413.020546
-267.50444,37,413.157767
-275.691479,37,413.300006
-247.480746,37,413.441489
-237.038146,37,413.57836
-247.301198,37,413.721544
-264.829569,37,413.864688
-293.90681,37,414.004429
-250.585676,38,414.155222
-240.454038,37,414.498388
-275.880098,37,414.730171
-261.509537,37,414.874305
-254.916802,37,415.018952
-257.3736,37,415.164919
-243.136073,37,415.316254
-242.582248,37,415.454782
-249.115454,37,415.595311
-262.106802,37,415.735588
-250.94638,37,428.416514
-260.235679,37,428.581452
-300.119131,37,428.722286
-262.145143,37,428.866853
-265.50349,37,429.005718
-259.182134,37,429.147692
-249.089164,37,429.287295
-277.246882,37,429.423031
-239.85639,37,429.570758
-261.027799,37,429.71093
-258.581122,37,429.850802
-278.936877,37,429.996566
-249.593352,37,430.139044
-254.893353,37,430.285722
-264.308501,37,430.423997
-264.234637,37,430.566039
-245.576762,37,430.705091
-247.374267,37,430.844289
-251.713713,37,430.988929
-288.121561,37,431.130038
-263.358317,38,431.277522
-275.862281,37,431.425196
-246.260132,37,431.570217
-250.894994,37,431.710786
-245.793861,37,431.858975
-276.747526,37,431.997795
-255.239837,37,432.135657
-259.689752,37,445.711415
-282.49067,37,445.911796
-268.277773,37,446.064046
-252.979134,37,446.200758
-268.59032,37,446.334927
-258.374365,37,446.481583
-274.257925,37,446.620689
-261.125586,37,446.758
-269.760225,37,446.902314
-287.59911,37,447.048896
-250.269899,37,447.198355
-278.002336,37,447.342775
-244.933518,37,447.603689
-250.217244,37,447.743247
-232.988837,35,447.870344
-158.010961,37,448.016921
-260.911801,37,448.163819
-273.965843,37,448.301974
-264.218812,37,448.450458
-246.417629,37,448.593198
-241.646588,37,448.734654
-243.255491,37,448.86505
-257.712455,37,448.999677
-255.778108,37,449.138904
-253.725043,37,449.278874
-249.529115,37,449.423768
-240.200338,37,449.558571
-251.591178,37,449.6929
-264.830604,37,465.832972
62.21965,37,466.02217
-206.31499,33,466.166888
-246.684145,37,466.304121
-242.963872,36,466.437609
-239.918248,37,466.580037
-241.859155,37,466.719722
-269.658785,37,466.858836
-260.354411,37,467.000281
-268.333653,37,467.14914
-256.206509,37,467.287812
-239.787072,37,467.431981
-248.639095,37,467.56825
-253.312694,37,467.703937
-250.55006,37,467.848472
-250.405405,37,467.997498
-248.014411,37,468.136686
-257.571365,37,468.280912
-255.736397,37,468.419785
-276.855217,37,468.56179
-259.001381,37,468.709569
-248.506858,37,468.852309
-284.308704,37,468.990726
-242.48833,37,469.131175
-250.848086,37,469.272548
-265.147471,37,469.409922
-272.626464,37,469.555476
-154.290699,26,469.655395
-274.55851,37,483.018353
-269.053817,37,483.208577
-247.849628,37,483.352569
-259.107789,37,483.488726
-252.653966,37,483.634694
-254.111895,37,483.775703
-246.639475,37,484.110037
-239.756268,37,484.337103
-263.702604,37,484.650301
-275.491082,37,484.858033
-262.671358,37,485.020381
-276.603523,37,485.16338
-288.678458,37,485.302388
-232.066962,38,485.44063
-251.39921,37,485.587276
-252.722677,37,485.729809
-253.580793,37,485.876382
-264.663661,37,486.023525
-257.650788,37,486.165183
-255.559832,37,486.307037
-158.178714,28,486.41561
-243.918642,37,486.558103
-282.607815,37,486.691024
-277.096276,37,486.822838
-281.22462,37,486.966241
-255.623019,37,487.122124
-244.02133,37,487.265049
-252.516105,37,487.408683
-98.262242,32,2572.492092
-255.73527,37,2572.688041
-242.63742,37,2572.837906
-276.793103,37,2572.971712
-277.605528,37,2573.115234
-251.942953,37,2573.260832
-247.145982,37,2573.425101
-248.55141,37,2573.570327
-256.210643,37,2573.715679
-248.740839,37,2573.851202
-261.217916,37,2574.00104
-246.654507,37,2574.143779
-259.807847,37,2574.28494
-254.280797,37,2574.434297
-274.393831,37,2574.580234
-238.102699,37,2574.762924
-231.072682,36,2574.899781
-268.014343,37,2575.035654
-273.328658,37,2575.176328
-268.62902,37,2575.3427
-252.888496,37,2575.482821
-247.671089,37,2575.618327
-275.437634,37,2575.7614
-284.3201,37,2575.899477
-248.401863,37,2576.043309
-244.974523,37,2576.313926
-258.848498,37,2576.456073
-267.615178,37,2576.594876
-241.647954,36,2599.341798
-243.391268,37,2599.515873
-268.937226,37,2599.952424
-271.763582,37,2600.099442
-272.81848,37,2600.239115
-247.277927,37,2600.376678
-243.969182,37,2600.532954
-249.674452,37,2600.672521
-259.442824,37,2600.807209
-255.100845,37,2600.950109
-246.810523,37,2601.086369
-287.362342,37,2601.217829
-253.481618,37,2601.353145
-282.341895,37,2601.489231
-278.418483,37,2601.627476
-244.930803,37,2601.776557
-258.117553,37,2601.918014
-273.892643,37,2602.060668
-272.888688,37,2602.198256
-286.197278,37,2602.351889
-285.067391,37,2602.504991
-270.824054,37,2602.642188
-245.173826,37,2602.781152
-261.923569,37,2602.918173
-257.927853,37,2603.066162
-246.775411,37,2603.199759
-247.20536,37,2603.345567
-258.235897,37,2603.488144
-260.996822,37,2617.307777
-281.426983,37,2617.484075
-240.427912,37,2617.633522
-260.59566,37,2617.77451
-244.483797,37,2617.917083
-247.472245,37,2618.053334
-239.437177,37,2618.196319
-283.635196,37,2618.334273
-251.339668,37,2618.536673
-257.180551,37,2618.974093
-252.479624,37,2619.146921
-264.910355,37,2619.291792
-245.135081,37,2619.434502
-264.96457,37,2619.571879
-194.539291,35,2619.701823
-244.663876,37,2619.846909
-282.453808,37,2619.983393
-262.186715,37,2620.125221
-270.597214,37,2620.265696
-242.408318,37,2620.402898
-258.742996,37,2620.552796
-256.198422,37,2620.698974
-244.44441,37,2620.828848
-252.003173,37,2620.974396
-269.340768,37,2621.110436
-249.815384,37,2621.254174
-243.017417,37,2621.399652
-294.400795,37,2634.567185
-247.041496,37,2634.770793
-268.231379,37,2634.924964
-254.072114,37,2635.069035
-276.74559,37,2635.208175
-273.191074,37,2635.346815
-251.61097,37,2635.492404
-266.545322,37,2635.629535
-241.936598,37,2635.775668
-257.557638,37,2635.914929
-247.476488,37,2636.060985
-258.611167,37,2636.204944
-265.578734,37,2636.350207
-259.788795,37,2636.487809
-181.723697,29,2636.599297
-299.297813,37,2636.743081
-241.333835,37,2636.879995
-242.487307,37,2637.016172
-233.707177,35,2637.156015
-254.354437,37,2637.299133
-236.155811,37,2637.744278
-38.177071,35,2637.897484
-323.905135,52,2638.096064
-261.627342,37,2638.233568
-247.090558,37,2638.376008
-262.180043,37,2638.504241
-260.65247,37,2638.652008
-286.066994,37,2638.782723
-248.815523,37,2651.554414
-279.237866,37,2651.734365
-246.480137,37,2651.873759
-272.645705,37,2652.011247
-240.086755,37,2652.154976
-256.943105,37,2652.294725
-244.926236,37,2652.446612
-237.836409,37,2652.586817
-246.515367,37,2652.726523
-270.841772,37,2652.874217
-248.439635,37,2653.015083
-254.926072,37,2653.294613
-250.050104,37,2653.43687
-261.994886,37,2653.567533
-249.608978,37,2653.711626
-258.159977,37,2653.846859
-259.502281,37,2653.991317
-281.882049,37,2654.148663
-256.339028,37,2654.288528
-252.823511,37,2654.430355
-246.97736,37,2654.571308
-248.1143,37,2654.71147
-278.977414,37,2654.850881
-277.416847,37,2654.989424
-268.472031,37,2655.125709
-239.48042,37,2655.25944
-299.966275,37,2655.402628
-56.384329,26,2655.503767
-223.808963,36,2671.746933
-271.268472,37,2671.929261
-238.022717,37,2672.072696
-378.125477,66,2672.317636
-265.4451,37,2672.46317
-266.949354,37,2672.600315
-251.013307,37,2672.73679
-283.112214,37,2672.874536
-242.535935,37,2673.015974
-271.104861,37,2673.150963
-249.015453,37,2673.287569
-256.948407,37,2673.431983
-260.046146,37,2673.571014
-258.637428,37,2673.717938
-233.563297,36,2673.856956
-261.013127,37,2673.997306
-249.161337,37,2674.13602
-260.800821,37,2674.272584
-271.064614,37,2674.405912
-256.161169,37,2674.556242
-276.671596,37,2674.70036
-254.157033,37,2674.839212
-280.754694,37,2674.972082
-255.871988,37,2675.114854
-268.097672,37,2675.255821
-252.972561,37,2675.396489
-259.022321,37,2675.523231
-267.725763,37,2690.768025
-278.934266,37,2690.989188
-271.530743,37,2691.144343
-358.899952,55,2691.350029
-273.105318,37,2691.494399
-284.963876,37,2691.642007
-244.928305,37,2691.802089
-182.278665,34,2691.922187
-267.324637,37,2692.06226
-275.581694,37,2692.199175
-270.0873,37,2692.336841
-256.891239,37,2692.478777
-210.014745,33,2692.603872
-245.423761,37,2692.747665
-81.460166,28,2692.857426
-265.987278,37,2692.990243
-241.559305,37,2693.140542
-251.172897,37,2693.274706
-22.773282,19,2693.347911
-286.620995,37,2693.498719
-238.724378,33,2693.692019
-279.54935,37,2693.948003
-170.9913,30,2694.101838
50.056579,28,2694.278607
-241.568145,37,2694.497003
-274.347364,39,2694.749806
-255.1273,37,2694.987723
-241.402456,37,2695.221053
-270.915045,37,2715.970053
-284.801203,37,2716.187393
-249.231832,37,2716.340812
-240.948919,37,2716.492207
-250.940013,37,2716.645384
-246.58154,37,2716.788953
-248.597659,37,2716.932591
-272.770848,37,2717.088882
-274.306094,37,2717.248166
-280.516107,37,2717.541578
-267.448288,37,2717.683917
-265.117181,37,2717.827191
-246.886105,37,2717.983417
-40.374888,25,2718.130669
-266.058293,37,2718.333035
-262.828096,37,2718.495006
-258.001282,37,2718.652477
-274.318756,37,2718.786626
-147.160699,37,2718.941777
-255.622363,37,2719.087023
-252.43195,37,2719.230252
-224.504262,36,2719.38764
-261.107573,37,2719.533467
-266.871474,37,2719.679213
-258.644685,37,2719.82328
-266.415187,37,2720.076767
-241.523891,37,2720.234544
-253.096128,37,2720.378492
-248.187123,37,2720.523566
-285.733807,37,2735.125917
-240.89731,37,2735.283533
-235.27093,39,2735.427495
-270.376431,37,2735.566366
-254.05207,37,2735.695224
-268.460327,37,2735.832537
-252.10754,37,2735.963922
-252.927303,37,2736.106456
-251.77624,37,2736.242673
-245.064058,37,2736.37523
-254.530479,37,2736.513153
-249.253252,37,2736.649372
-253.523527,37,2736.780503
-245.099181,37,2736.920747
-183.250162,28,2737.018739
-253.718671,37,2737.159999
-262.925017,37,2737.294694
-247.123531,37,2737.436905
-260.463121,37,2737.578238
-292.431141,37,2737.717612
-267.004782,37,2737.847535
-265.840074,37,2737.986374
-243.99488,37,2738.120879
-181.19182,27,2738.218866
-257.742049,37,2738.357855
-273.201882,37,2738.503158
-281.432796,37,2738.642407
-240.367949,37,2738.776109
-244.586985,37,2752.778098
-255.677384,37,2752.950983
-270.492541,37,2753.105796
-257.618756,37,2753.258039
-160.225268,37,2753.393948
-258.773211,37,2753.530879
-239.684876,37,2753.667873
-275.638999,37,2753.811556
-253.121979,37,2753.94912
-280.855713,41,2754.098008
-275.979546,37,2754.232501
-262.123817,38,2754.368154
-248.775828,37,2754.503567
-243.774323,37,2754.638185
-252.657072,37,2754.772838
-252.2967,37,2754.909072
-284.336668,37,2755.050576
-251.552301,37,2755.259766
-264.47158,37,2755.398804
-254.322023,37,2755.531914
-272.20816,37,2755.670656
-229.313993,35,2755.802591
-269.38364,37,2755.936383
-249.94025,37,2756.081757
-286.7211,37,2756.219429
-243.069609,37,2756.349441
-247.534572,37,2756.485556
-262.07701,37,2769.757269
42.673526,40,2769.948461
-236.500805,37,2770.085608
-203.115432,32,2770.200958
-249.977576,37,2770.336768
-260.564562,37,2770.473019
-253.34152,37,2770.606761
-237.40351,36,2770.736259
-280.648229,37,2770.871228
-250.747984,37,2771.013455
-253.28371,37,2771.149648
-265.734838,37,2771.292877
-261.203995,37,2771.428267
-270.696858,37,2771.574309
-256.843816,37,2771.707198
-158.625545,28,2771.812794
-250.486977,37,2771.957573
-188.451441,30,2772.067802
-148.788356,39,2772.215638
-276.718871,37,2772.353617
-245.106072,37,2772.498975
-269.788849,37,2772.638892
-261.688247,37,2772.781904
-251.889258,37,2772.91628
-273.820022,37,2773.046891
-245.920446,37,2773.186188
-209.662733,46,2773.359357
-269.02997,37,2773.496163
-206.376111,33,2786.343723
-266.15892,37,2786.53518
-276.362779,37,2786.68129
-258.100097,37,2786.814522
-286.010909,37,2786.956262
-269.755267,37,2787.097196
-264.283115,37,2787.233167
-195.729922,32,2787.354593
-247.315665,37,2787.502299
-665.882382,101,2788.346902
-271.341825,37,2788.492824
-270.697949,37,2788.639115
-264.904681,37,2788.778597
-256.885674,37,2788.922356
-263.366516,37,2789.065593
-247.782716,37,2789.201425
-271.309265,37,2789.343092
-266.593117,40,2789.485679
-265.368386,37,2789.628529
-265.733418,37,2789.771629
-238.205295,37,2789.911526
-247.582315,37,2790.054049
-243.548299,37,2790.196145
-248.15409,37,2790.338805
-249.372807,37,2790.47667
-244.637698,37,2790.61393
-265.309604,37,2806.478705
-274.668354,37,2806.663149
-259.270389,37,2807.043224
-244.8043,37,2807.213571
-263.470005,37,2807.358358
-196.267656,32,2807.481186
-160.84795,26,2807.59233
-244.779051,37,2807.727195
-180.425278,28,2807.832374
-245.35261,37,2807.963566
-249.021336,37,2808.102788
-266.476533,37,2808.240606
-263.334838,37,2808.376867
-252.845731,37,2808.511239
-263.842841,37,2808.646186
-141.204046,37,2808.777314
-264.190278,37,2808.916388
-251.022724,37,2809.051724
-244.75629,37,2809.196954
-270.09732,37,2809.334632
-269.747991,37,2809.476999
-237.811958,37,2809.618632
-474.550477,70,2809.8808
-256.185319,37,2810.01653
-272.550211,37,2810.152721
-269.99229,37,2810.295118
-269.766993,37,2810.433637
-250.747822,37,2810.631797
-256.596356,37,2823.4483
-258.657025,37,2823.605879
-250.783921,37,2823.73568
-354.260305,51,2823.927916
94.718078,32,2824.042062
-246.235576,37,2824.176283
-242.709587,37,2824.306754
-243.509784,37,2824.464119
-260.804844,37,2824.619627
-250.399257,37,2824.769257
-244.012977,37,2824.910656
-257.217425,37,2825.041672
-285.350901,37,2825.197814
201.59819,32,2825.401626
-244.811351,37,2825.562595
-259.417489,37,2825.714455
-250.4215,37,2825.85354
-264.48829,37,2825.995021
-257.579046,37,2826.220306
-265.081477,37,2826.542146
-248.8581,37,2826.676855
-270.619149,37,2826.810426
-273.133555,37,2826.945028
-241.129303,37,2827.084703
-252.164968,37,2827.219834
-244.649589,37,2827.361838
-248.924502,37,2827.505617
56.054253,26,2827.61347
-243.051909,37,2840.390027
-250.294108,37,2840.549895
-253.711401,37,2840.676838
-246.112693,37,2840.818427
-248.533415,37,2840.947317
-245.870381,37,2841.086208
-254.215613,37,2841.217778
-175.731098,30,2841.328
-274.252772,37,2841.464976
-228.653353,35,2841.597822
-98.699791,32,2841.719908
-262.499419,37,2841.859286
-256.964082,37,2841.99166
-255.316422,37,2842.127346
-274.36616,37,2842.270083
-258.502975,37,2842.407574
-270.011992,37,2842.544662
-256.766884,37,2842.678415
-267.371787,37,2842.815784
-253.102876,37,2842.950401
-251.469802,37,2843.086258
-259.081246,37,2843.212609
-262.587673,37,2843.353681
-260.002685,37,2843.609306
-264.798209,37,2843.753848
-251.73961,37,2843.889698
-259.42625,37,2844.028571
-251.935798,38,2844.173205
-254.880298,37,2858.900621
-264.315789,37,2859.055516
-264.817585,37,2859.189403
-259.010856,37,2859.334552
-242.862401,37,2859.471787
-250.946164,37,2859.610709
-262.653285,37,2859.755486
-324.063541,49,2859.929456
-276.097918,41,2860.083856
-41.216135,24,2860.173608
-280.387455,42,2860.334938
-247.260076,37,2860.465966
-91.100826,31,2860.575372
-277.22983,37,2860.723505
-245.228182,37,2860.860761
-265.831301,37,2860.999138
-261.620619,37,2861.134927
-250.152456,37,2861.270162
-254.827336,37,2861.408123
-218.111988,33,2861.531395
-271.626171,37,2861.673739
-247.235211,37,2861.810959
-254.653514,37,2861.9503
-278.272904,37,2862.087146
-250.686575,37,2862.225167
-261.960732,37,2862.365897
-251.319542,37,2862.511211
-205.859079,30,2862.626001
-58.107177,40,2877.185891
-163.616261,27,2877.296485
-266.772774,37,2877.432824
-247.230576,37,2877.583965
-266.934375,37,2877.717988
-179.553404,44,2877.883851
-268.174747,37,2878.01334
-245.253463,37,2878.148696
-264.066331,37,2878.282467
-248.366694,37,2878.42067
-259.991908,37,2878.562962
-41.070259,24,2878.656178
-254.6769,37,2878.782871
-269.167577,37,2878.91265
-265.761868,37,2879.049595
-267.980142,37,2879.184785
-248.387599,37,2879.323526
-240.364601,37,2879.467078
-261.140772,37,2879.607904
-224.15126,35,2879.739568
-241.264823,37,2879.870671
-276.082408,37,2880.013536
-246.315456,37,2880.144586
-250.893568,37,2880.286655
-246.121709,37,2880.415145
-240.519783,36,2880.545423
-268.717381,37,2880.680441
-247.791752,37,2880.819058
-177.670881,42,2895.193848
-270.029022,37,2895.349004
-238.76814,37,2895.490772
-271.415138,37,2895.631178
-258.431724,37,2895.763181
-256.451474,37,2895.901023
-260.574144,37,2896.036918
-246.46629,39,2896.186911
-279.970652,37,2896.319562
-258.401625,37,2896.463443
-246.883945,37,2896.59283
-260.803623,37,2896.730503
-184.415177,29,2896.83661
-258.454238,37,2896.96851
-463.959437,75,2897.245955
-262.806771,37,2897.392118
-248.184006,37,2897.52883
-243.680155,37,2897.672264
-200.702333,32,2897.793819
-247.010264,37,2897.92873
-251.596959,37,2898.067012
-254.117665,37,2898.205195
-257.110215,37,2898.357197
-259.914111,37,2898.493996
-269.238317,37,2898.632776
-240.137634,37,2898.769195
-248.296476,37,2911.935959
-261.425139,37,2912.142621
-244.355654,37,2912.309503
-235.527567,37,2912.447287
-250.21925,37,2912.59444
-263.795656,37,2912.732838
-160.353919,29,2912.834524
-247.511329,73,2913.087747
-244.603334,37,2913.230254
-266.877668,37,2913.928484
-251.370756,37,2914.130771
-237.784503,37,2914.28278
-280.306633,37,2914.423396
-259.171576,37,2914.551991
-251.228928,37,2914.691325
-248.946588,37,2914.831732
-272.505279,37,2914.96881
-140.003677,37,2915.10001
-247.642299,37,2915.237176
-268.487606,37,2915.374393
-257.306416,37,2915.508951
-249.769649,37,2915.649974
-243.659199,37,2915.7839
-266.554757,37,2915.914038
-254.233465,37,2916.039717
-239.783216,37,2916.168064
-153.604075,40,2916.321354
-275.610597,37,2933.996244
-246.815439,37,2934.183449
-247.06185,37,2934.326464
-106.789338,33,2934.444266
-242.670742,37,2934.900975
-145.696625,37,2935.031766
-259.06872,37,2935.160312
-257.669704,37,2935.314099
-243.760132,37,2935.456196
-273.17095,37,2935.581434
-247.170247,37,2935.712741
-254.116086,37,2935.847991
-255.360136,37,2935.984462
-248.403057,37,2936.121379
-243.571917,37,2936.258381
-139.404717,37,2936.389031
-268.638841,37,2936.531062
11.975989,32,2936.640895
-198.403996,47,2936.808554
-244.032116,37,2936.94698
-247.8807,37,2937.079744
-254.516181,37,2937.220085
-262.359499,37,2937.35204
-242.216766,37,2937.486066
-264.596128,37,2937.625884
-246.86528,37,2937.756389
-261.487775,37,2937.88485
-270.395027,37,2938.016475
-187.402568,32,2951.602115
-276.627551,37,2951.770959
-246.125062,37,2951.900714
-239.718913,37,2952.038311
-203.46203,32,2952.154902
-250.141296,37,2952.290742
-255.432036,39,2952.427487
-142.767082,37,2952.573681
-239.325729,37,2952.701685
-255.372417,37,2952.834142
-264.220763,37,2953.006919
-524.334817,74,2953.491517
-243.996483,37,2953.628636
-253.872173,37,2953.765501
-238.331336,37,2953.90615
-252.552376,37,2954.039006
-254.024443,37,2954.174222
-246.201937,37,2954.308122
-78.898077,29,2954.412776
-275.192937,37,2954.546729
-190.625161,29,2954.652296
-255.027799,37,2954.786839
-246.693242,37,2954.934829
-263.712994,37,2955.068007
-238.82642,37,2955.201509
-267.642512,37,2955.332132
-190.465865,29,2955.441485
-427.305808,62,2968.408467
-253.845593,37,2968.576038
-246.896486,37,2968.707279
-271.757381,37,2968.836412
-248.584613,37,2968.972347
-252.737255,37,2969.104871
-267.006414,37,2969.239117
-265.496889,37,2969.375562
-273.528653,37,2969.504984
-143.996262,37,2969.638346
-258.409473,37,2969.76904
-243.421218,37,2969.902689
-186.509216,30,2970.009448
-274.064964,37,2970.150594
-257.069243,37,2970.27726
-248.696434,37,2970.407899
-257.076357,37,2970.54308
-143.084705,37,2970.674952
-260.219488,37,2970.808194
-250.030021,37,2970.939889
-248.337223,37,2971.075187
-247.348391,37,2971.210116
-244.510668,37,2971.348619
-253.011109,37,2971.915251
-244.084157,37,2972.064301
-242.948249,37,2972.196126
-270.099832,37,2972.329876
-68.054335,27,2972.435134
-241.910148,38,2986.680046
-243.557827,37,2986.844816
-260.40577,37,2986.978876
15.619501,30,2987.087179
-331.594112,51,2987.268338
-244.951566,37,2987.401663
-53.839017,27,2987.500154
-265.435382,37,2987.635017
-269.845489,37,2987.766302
-457.540549,63,2987.989641
-186.951399,43,2988.140739
-264.93855,37,2988.268542
-262.849323,37,2988.402711
-241.110685,37,2988.541976
-170.042445,29,2988.643739
-247.13934,37,2988.778179
-250.226167,37,2988.908322
-240.826976,37,2989.037871
-611.307564,92,2989.380632
-204.757817,32,2989.499313
-184.48542,30,2989.604501
-243.198271,37,2989.736155
-289.139986,43,2990.163803
-252.124521,37,2990.353499
-279.31208,37,2990.506388
-244.167789,37,2990.641746
-249.63949,37,3003.520676
-278.871661,37,3003.69408
-246.603272,37,3003.833108
-247.603561,37,3003.956928
-93.257633,31,3004.064544
-255.626003,37,3004.201814
-266.774648,37,3004.330243
-246.735691,37,3004.458746
-269.103116,37,3004.591764
-246.062258,37,3004.727219
-248.276251,37,3004.856337
-255.258781,37,3004.987772
-249.913704,37,3005.117944
-243.74242,37,3005.256458
-242.364631,37,3005.385812
-251.340289,37,3005.518928
-65.366529,27,3005.618289
-264.383217,37,3005.754323
-245.185999,37,3005.888485
-261.378828,37,3006.027439
-252.358788,37,3006.156942
-237.802603,37,3006.285916
-140.085392,37,3006.419914
-267.903518,37,3006.545499
-241.476267,37,3006.680588
-280.039328,37,3006.804728
-252.362095,37,3006.927444
-268.109045,37,3007.062402
-248.370079,37,3020.422278
-255.781366,37,3020.576464
-255.741685,37,3020.703302
21.299899,44,3020.858515
-266.07579,37,3020.992206
-250.676664,37,3021.122538
-248.01696,37,3021.250387
-251.824152,37,3021.389127
-246.792826,37,3021.52481
-258.206173,37,3021.655817
-254.621771,37,3021.789633
-243.708881,37,3021.922227
-252.400452,37,3022.053592
-258.070215,37,3022.179928
-259.939727,37,3022.3131
-247.466683,37,3022.452423
-35.964161,38,3022.59096
-247.412741,37,3022.730145
-41.844862,37,3022.864505
-263.857078,37,3022.995826
-239.618833,37,3023.127544
-263.359487,37,3023.260449
-244.645617,37,3023.39451
-191.649281,29,3023.496347
-265.73791,37,3023.634912
-148.363175,37,3023.770422
-133.606689,36,3023.900625
-192.237529,31,3024.010768
-142.906552,37,3222.302613
-278.26706,37,3222.472794
-249.510315,37,3222.617333
-253.197388,37,3222.744188
-271.948435,37,3222.876253
-262.892766,37,3223.016862
-40.384701,37,3223.147024
-228.858009,35,3223.269189
-320.696866,63,3223.630895
-200.992772,33,3223.747916
-264.756685,37,3223.897029
-274.995158,37,3224.037125
-268.868642,37,3224.169227
-269.468737,37,3224.307769
-253.607344,37,3224.437983
-65.67467,42,3224.586076
-250.816649,37,3224.72619
-62.442367,40,3224.871594
-30.185563,80,3225.169697
-269.710441,37,3225.303498
-261.022049,37,3225.43952
-236.91342,37,3225.578791
-259.741047,37,3225.706252
-252.29854,37,3225.843063
-162.130542,39,3225.989258
-257.136306,37,3243.007715
-269.975529,37,3243.202842
-259.24442,39,3243.35542
-242.420288,37,3243.485347
-260.066566,37,3243.622702
-331.624829,49,3243.809294
-255.754771,37,3243.944006
-260.185793,37,3244.074988
-257.240113,37,3244.214633
-242.211264,37,3244.355254
-256.324,37,3244.490477
-282.431979,37,3244.621065
-252.295285,37,3244.745933
-255.67886,37,3244.873569
-158.760291,27,3244.970813
-248.584956,37,3245.104142
-248.924308,37,3245.235608
-266.579481,37,3245.367844
-275.247693,37,3245.497177
-160.535574,28,3245.596883
-273.791651,37,3245.727162
-232.22469,36,3245.854851
-22.699015,34,3245.975931
-240.78332,37,3246.105427
-272.673287,37,3246.241921
-252.126,37,3246.381044
-72.586745,26,3246.47552
38.062907,48,3246.646359
-206.863627,61,3261.627086
-314.054402,50,3261.819451
-256.823935,37,3261.945124
-267.955297,37,3262.076957
-250.374528,37,3262.213716
-247.812444,37,3262.338332
-245.689265,37,3262.468268
-264.075027,37,3262.59453
-253.005182,37,3262.724172
-153.027886,51,3262.906309
-273.117506,37,3263.028801
-242.572496,37,3263.16603
-251.189971,37,3263.294279
-249.66768,37,3263.430247
-145.132564,37,3263.557629
-267.277552,37,3263.698551
-240.059507,37,3263.82768
-254.347377,37,3263.96951
-242.437034,37,3264.103834
-272.804908,37,3264.238002
-248.580143,37,3264.373532
-240.59093,37,3264.514735
-255.271153,37,3264.645745
-165.165173,27,3264.744424
-248.884755,37,3264.872324
-250.779127,37,3265.001933
-251.094513,37,3265.127809
-259.94842,37,3278.982844
-32.356287,21,3279.08029
-11.243552,33,3279.211095
-259.35596,37,3279.346962
-274.391901,37,3279.476884
-243.718013,37,3279.617503
-247.277361,37,3279.75423
-38.730114,37,3279.895833
-246.657117,37,3280.034415
-254.5498,37,3280.171383
-241.401028,37,3280.300277
-241.217567,37,3280.438272
-272.473134,37,3280.577295
-262.830054,37,3280.711307
-245.750727,37,3280.841961
-260.735523,37,3280.977356
-253.092694,37,3281.114741
-272.642109,37,3281.246684
-272.519243,37,3281.378942
-257.554843,37,3281.513947
-268.023135,37,3281.648786
-251.970418,37,3281.781847
-264.378216,37,3282.040508
-247.94314,37,3282.173161
-250.552937,37,3282.301515
-247.604544,37,3282.433078
-276.04251,37,3282.574837
-35.279658,36,3282.704768
-253.105287,37,3297.216085
-247.981188,37,3297.39148
-253.187505,37,3297.527867
-251.122497,37,3297.658651
-248.716216,37,3297.791459
-246.936125,37,3297.921141
-129.613584,35,3298.048637
-270.827166,37,3298.183412
24.471493,29,3298.292371
-243.850205,37,3298.427478
-189.454536,31,3298.537036
-259.087656,37,3298.668175
-143.129744,37,3298.802964
-255.215357,37,3298.949207
-252.186015,37,3299.079661
-121.137581,34,3299.19957
-255.160681,37,3299.332941
-248.781795,37,3299.459708
-260.868857,37,3299.594681
-272.761648,37,3299.728082
-248.597366,37,3299.860069
-77.909186,29,3299.967393
-267.016574,37,3300.099823
-272.074797,37,3300.233208
-196.856235,46,3300.38998
-247.84959,37,3300.521106
-247.299728,37,3300.657407
-242.131409,37,3300.7911
-247.148793,37,3314.11421
-258.081093,37,3314.28946
-45.205953,37,3314.428731
-266.790605,37,3314.560336
8.40409,39,3314.702523
-269.077442,37,3314.840439
-263.81406,37,3314.972389
-242.960507,37,3315.106093
-265.396295,37,3315.242644
-246.755888,37,3315.372901
-251.378237,37,3315.506888
-239.655117,37,3315.645088
-223.704871,39,3315.776517
-261.917644,37,3315.910472
-207.521054,39,3316.051491
-246.688491,37,3316.185813
-248.451939,37,3316.317174
-262.685161,37,3316.463045
-263.567393,37,3316.597596
-255.669812,37,3316.72816
-251.356412,37,3316.868605
-254.999729,37,3317.004513
-239.341099,37,3317.134066
-199.099389,34,3317.257143
1.860335,32,3317.376396
-243.610465,37,3317.511608
-257.760886,37,3317.646816
-265.784306,37,3317.78443
-269.013964,37,3330.995041
-245.849994,37,3331.160876
-256.894369,47,3331.328238
-267.601195,37,3331.46695
-241.471626,37,3331.601163
-274.931951,37,3331.740379
-92.326325,31,3331.853303
-256.79909,37,3331.993861
-32.408748,52,3332.173243
-264.595176,37,3332.308539
-31.466687,38,3332.445821
-256.10253,37,3332.581344
-191.870218,32,3332.691158
-259.311084,37,3332.823527
-248.291476,37,3332.96045
-252.997529,37,3333.093154
-248.42979,37,3333.227237
-248.18008,37,3333.364879
-250.811802,37,3333.49619
-273.377119,37,3333.632321
4.462743,31,3333.740062
-260.735908,41,3333.888053
-42.069477,37,3334.02867
-253.174047,37,3334.162093
13.856768,30,3334.270085
-249.976655,37,3334.414329
-255.167804,37,3334.551129
-266.041608,37,3348.441469
-250.025894,37,3348.639521
-278.15918,37,3348.790118
-279.110076,37,3348.922897
-162.935041,27,3349.023603
-227.367684,35,3349.156199
-252.060378,37,3349.287514
-263.242965,37,3349.420256
-119.960255,71,3349.785492
-248.312196,37,3349.929147
-4.938775,34,3350.061008
-143.432333,37,3350.19508
-262.755663,37,3350.33128
-278.438347,37,3350.47235
-227.793425,34,3350.59328
-252.278051,37,3350.732018
-263.809019,37,3350.863139
-267.826872,37,3350.996851
-257.923051,37,3351.129321
-281.077354,37,3351.262284
-249.354204,37,3351.402643
-266.211496,37,3351.538044
-6.574956,32,3351.653299
-244.574348,37,3351.785236
-249.676622,37,3351.921041
-166.577268,28,3352.022309
-255.64384,37,3352.161272
-251.272548,37,3352.294908
-240.774509,37,3369.856909
-241.10725,37,3370.028903
-256.254565,37,3370.161283
-245.522746,37,3370.290485
-271.855788,37,3370.429708
-47.216698,25,3370.524475
-257.620549,37,3370.656265
-260.82318,37,3370.788059
-31.388037,37,3370.919466
-270.256248,37,3371.047771
-114.788184,35,3371.170727
-273.892014,37,3371.305776
-255.087058,37,3371.436877
-89.006522,31,3371.551285
-269.94247,37,3371.684101
-253.305604,37,3371.818806
-263.804595,37,3371.950001
-312.643723,55,3372.145138
-249.395145,37,3372.272501
-172.390734,41,3372.411858
-264.861664,37,3372.548092
-265.282364,37,3372.678941
-241.573607,37,3372.809801
-243.08582,37,3372.941666
-247.465448,37,3373.073345
-45.521629,37,3373.212902
-261.04206,37,3373.343626
-247.815904,37,3373.474709
-251.329676,37,3387.031048
-267.537728,37,3387.196585
-241.483784,37,3387.336669
-1.924178,32,3387.453286
-113.840625,35,3387.577785
-278.186796,37,3387.700919
-241.408029,37,3387.84186
-253.675329,37,3387.969708
-239.478193,37,3388.102011
-127.568816,35,3388.238826
-186.030601,30,3388.347229
-265.094064,37,3388.486893
-151.449809,24,3388.56849
-254.32712,37,3388.704078
-264.393538,37,3388.841221
-205.647499,36,3388.981885
-242.498796,37,3389.114819
-147.481911,37,3389.248838
-82.25718,29,3389.350786
-274.167921,37,3389.480849
-255.082659,37,3389.617848
-281.322517,37,3389.751084
-249.625089,37,3389.874549
-259.028217,37,3390.007137
-247.173582,37,3390.148169
-248.48857,37,3390.279168
-164.056904,28,3390.382057
-282.597341,42,3390.517596
-252.290895,37,3390.650921
-260.297668,37,3403.995312
-275.45474,37,3404.147362
-241.075274,37,3404.277932
-271.561969,37,3404.411702
-156.037424,27,3404.506014
-249.918486,37,3404.638311
-499.905913,79,3404.920046
-237.387959,36,3405.050095
-257.033369,37,3405.176831
-250.089113,37,3405.309726
-279.854735,37,3405.442574
-263.555859,37,3405.573432
-197.31345,32,3405.697416
-253.717913,37,3405.83278
-246.499128,37,3405.960607
-265.659068,37,3406.093761
-242.629995,37,3406.228824
-247.829628,37,3406.356419
-270.564886,37,3406.491097
-265.504129,37,3406.625515
-253.17646,37,3406.880126
-263.598389,37,3407.013347
-253.148197,37,3407.149888
-256.997881,37,3407.285409
-260.343518,37,3407.4105
-33.335919,36,3407.532289
-269.934766,47,3422.118313
-250.165407,37,3422.311021
-254.548751,37,3422.44549
-269.327154,37,3422.575163
-245.433074,37,3422.714084
-259.673973,37,3422.851308
-249.200075,37,3422.984447
-238.025418,37,3423.118346
-47.049528,37,3423.249178
-254.176141,37,3423.382626
-266.119152,37,3423.514737
-224.132526,35,3423.645376
-32.819084,36,3423.770677
-243.841359,37,3423.902738
-164.423441,27,3424.006724
-290.801951,47,3424.182808
-253.804074,37,3424.312715
-236.990327,37,3424.443949
-227.151317,35,3424.57057
-267.342409,37,3424.712751
-250.702529,38,3424.845487
-76.525589,30,3424.955169
-241.457559,37,3425.078958
-97.090696,32,3425.18526
40.65177,44,3425.352743
-260.945491,37,3425.487221
-237.811033,37,3425.611307
-285.459594,37,3425.74984
-263.473142,42,3438.269608
-262.041775,37,3438.443516
-265.402299,37,3438.582116
-155.074065,40,3438.727561
-237.227998,37,3438.86262
-256.307183,37,3438.994248
-249.382481,37,3439.133452
58.89232,37,3439.272185
-258.290902,37,3439.40475
-267.664837,37,3439.539006
-252.956155,37,3439.664208
-254.728786,37,3439.79242
-244.051372,37,3439.921015
-245.832409,37,3440.053834
-251.215669,37,3440.191843
-275.150529,37,3440.333408
-243.228837,37,3440.461299
-274.674699,37,3440.587424
54.317624,40,3440.722033
-241.413651,37,3440.853106
-264.492593,37,3440.983447
-157.271149,54,3441.175513
-267.0479,37,3441.309405
-252.585449,37,3441.448257
-255.728031,37,3441.578073
-243.654556,37,3441.71355
-275.452823,37,3441.85201
-257.238359,37,3454.761094
60.752507,37,3454.938945
-247.456068,37,3455.082989
-341.117451,59,3455.297268
-145.801981,37,3455.430519
-269.931227,37,3455.559833
-246.728031,37,3455.694594
-264.750744,37,3455.991886
-239.296307,36,3456.220372
-262.217455,37,3456.36139
-266.436549,37,3456.494483
-163.983622,27,3456.584233
-142.285025,37,3456.724257
-282.112759,37,3456.854263
-242.895245,37,3457.001435
-241.116535,37,3457.128818
-243.313205,37,3457.262705
-253.553171,37,3457.394565
-250.270992,37,3457.531286
-253.501139,37,3457.665595
-255.990652,37,3457.794181
-261.767287,37,3457.928182
-251.536333,37,3458.095554
-145.639536,37,3458.225318
-272.547239,37,3458.358589
-259.247059,37,3458.49414
14.946749,32,3458.609756
82.020332,35,3458.742973
-168.650808,28,3471.300308
-172.021125,30,3471.444744
-249.154453,37,3471.58458
-243.622745,37,3471.714175
-160.763126,28,3471.818666
-316.568189,57,3472.021906
-255.424979,37,3472.151799
80.88116,36,3472.414884
-230.060336,36,3472.546037
-264.851011,37,3472.676855
-73.151789,43,3472.830582
-283.573994,37,3472.955069
-304.302692,45,3473.118779
-256.346962,37,3473.248803
-248.062615,37,3473.385686
-268.853736,37,3473.511192
-154.687501,37,3473.639448
-249.655952,37,3473.768009
-274.629358,37,3473.902617
-42.985026,37,3474.04188
-247.214963,37,3474.166486
-218.342088,34,3474.683362
-234.528754,48,3474.974597
-244.611044,37,3475.115815
-0.674773,32,3475.230966
-245.281768,37,3475.363598
-41.422207,37,3475.490903
-245.165752,37,3491.931137
-250.713514,37,3492.116105
-270.667207,37,3492.249301
-275.239078,37,3492.388177
-168.804337,27,3492.4974
-16.511615,48,3492.666422
-155.280556,23,3492.749858
-246.361969,37,3492.87944
-249.990624,37,3493.0073
-267.402228,37,3493.441191
-258.373892,37,3493.606579
-242.362266,37,3493.740696
-250.920437,37,3493.87283
-265.659615,37,3494.015065
-272.56397,37,3494.142394
-42.735021,37,3494.274616
-256.45977,37,3494.403363
-276.535116,37,3494.529635
-258.661756,37,3494.662407
-194.022956,34,3494.771958
-270.804373,37,3494.91375
-266.041461,37,3495.041545
-276.502062,37,3495.183035
-246.767818,37,3495.315481
-184.428987,31,3495.433439
-239.336926,37,3495.565351
-266.141331,37,3495.70125
-72.298265,28,3495.802169
-268.063987,37,3495.936444
-263.966693,37,3508.886272
-252.555924,37,3509.040406
-261.593894,37,3509.180924
-241.712876,37,3509.313945
-123.621147,35,3509.451407
-272.708088,37,3509.586099
-280.969013,37,3509.723469
-253.862082,37,3509.855915
-253.035874,37,3509.986279
-273.857904,37,3510.118903
-247.767591,37,3510.252232
-248.501995,37,3510.38066
-225.72131,36,3510.512344
-245.178014,37,3510.640355
-262.514925,37,3510.771177
-251.79662,37,3510.90341
-706.175368,101,3511.270789
-258.517603,37,3511.400243
-253.347628,37,3511.5322
-627.101325,101,3511.874942
-254.917615,37,3512.002788
-260.323848,37,3512.130834
-277.517761,37,3512.266943
-255.384685,37,3512.67025
-284.583255,37,3526.012689
-13.674474,34,3526.170253
-269.870634,37,3526.308023
-269.420641,37,3526.438918
-259.710026,37,3526.572607
-270.299391,37,3526.706955
-249.743331,37,3526.837802
-251.049315,37,3526.97473
-241.523079,37,3527.108688
-249.168283,37,3527.238271
-251.227362,37,3527.374151
-264.951873,37,3527.505062
-167.893607,27,3527.602905
-263.838878,37,3527.733712
-232.814184,34,3527.853549
-259.673628,37,3527.983913
-257.489431,37,3528.118338
-200.468203,32,3528.232635
-271.581259,37,3528.366275
-146.799734,37,3528.49473
-140.795591,37,3528.625486
-275.205207,37,3529.020861
-146.720323,37,3529.372246
-241.317424,37,3529.93689
-274.097709,37,3530.047084
-258.089728,38,3530.196484
-264.253039,37,3530.345547
-256.996098,37,3530.4787
-261.068247,37,4048.532387
-246.122675,37,4048.690682
-242.517106,37,4048.836685
-273.377045,37,4048.967139
-255.564522,37,4049.099041
-257.264634,37,4049.235866
-265.332566,37,4049.364567
-17.556916,35,4049.495073
-144.671509,37,4049.623802
-112.424563,33,4049.742381
-258.6496,37,4049.882039
-91.007404,30,4049.992945
-138.385531,36,4050.122518
-193.279909,31,4050.225094
-251.304321,37,4050.355817
-264.157843,37,4050.486174
-33.776773,36,4050.607277
-34.295821,37,4050.7438
-251.534615,37,4050.877141
-164.012082,27,4050.973326
-262.200953,37,4051.102046
-254.211929,37,4051.234271
-489.95697,101,4051.595742
-277.194205,37,4051.736402
-194.011491,31,4051.853668
-262.011081,37,4051.98461
-94.276392,31,4052.098678
-262.845848,37,4068.044655
-170.161729,54,4068.310449
-236.10911,37,4068.44527
-161.545116,39,4068.579918
-251.116457,37,4068.711705
-263.900058,37,4068.861047
-258.550449,37,4069.003802
-256.488815,37,4069.149404
-260.775218,37,4069.295129
-241.156256,36,4069.450431
-259.73925,37,4069.600786
-26.205175,35,4069.726061
-133.724487,35,4069.84614
-246.775639,37,4069.980999
-145.609368,37,4070.117017
-153.194049,26,4070.241075
-248.211863,37,4070.378777
-261.148909,37,4070.516059
-246.27661,37,4070.652537
-266.975537,37,4070.787766
-260.754659,37,4070.964312
-254.665639,37,4071.100708
-259.040087,37,4071.239136
-240.1629,37,4071.367144
-256.973618,37,4071.510163
20.011434,29,4071.612971
-257.515409,37,4071.743304
-259.519501,37,4071.867791
-257.428167,37,4084.871118
-156.411085,27,4084.984892
45.671766,26,4085.074911
-252.295128,37,4085.212765
-76.083969,45,4085.375572
-41.474287,37,4085.508565
-142.793109,37,4085.632176
-269.277587,37,4085.764852
-163.828036,29,4085.870245
-144.278232,37,4085.999156
-260.245468,37,4086.134838
-273.832459,37,4086.267877
-269.124102,37,4086.400084
-131.984389,36,4086.534002
-244.558382,37,4086.663444
-74.103115,41,4086.808552
-270.691795,37,4086.932692
-249.207395,37,4087.053945
-250.257362,37,4087.178738
-148.82955,24,4087.262899
-140.966619,37,4087.399627
-255.345554,37,4087.52652
-207.945555,35,4087.64718
-241.896491,37,4087.781927
-143.565769,24,4087.866156
-246.99536,37,4087.995864
-253.829272,37,4088.131127
-180.458962,30,4088.23812
-63.083117,30,4088.35094
-245.327048,37,4102.134185
-160.713273,27,4102.284492
-208.182876,32,4102.419394
-245.110091,37,4102.55927
-266.101792,37,4102.688446
-247.832735,37,4102.817591
-680.036709,101,4103.605578
24.911316,29,4103.709574
-153.127797,25,4103.796213
-264.186304,37,4103.924778
-94.506136,32,4104.036292
-250.492598,37,4104.16517
-257.694763,37,4104.303597
-259.611235,37,4104.436449
-240.504876,35,4104.558522
-246.37806,37,4104.682636
-252.148567,37,4104.81215
-270.064721,37,4104.937917
-278.739771,37,4105.069621
801.172168,34,4105.19266
-254.637865,37,4105.313046
-242.649859,37,4105.445553
-254.634912,37,4105.570918
-141.579641,37,4105.703843
-260.31243,37,4105.832936
-267.768461,37,4105.965615
62.482828,37,4106.097454
-239.822687,37,4120.837403
-220.091441,50,4121.076455
-141.463555,37,4121.209713
-7.551773,33,4121.325401
-261.275275,37,4121.459706
-247.732668,37,4121.595693
-263.610534,37,4121.722108
-261.179266,37,4121.847295
-267.608945,37,4121.98052
-150.542837,23,4122.061126
-244.668252,37,4122.226026
-443.546702,63,4122.457586
-265.465498,37,4122.593338
-251.45825,37,4122.723388
-90.029278,45,4122.880562
-240.430307,37,4123.009054
-264.67849,37,4123.512634
-241.467857,37,4123.661094
-257.115288,37,4123.796261
-268.07845,37,4123.93145
-254.467939,37,4124.053218
-265.4508,37,4124.182027
-249.051399,37,4124.390679
-252.34282,37,4124.525665
-279.904474,37,4124.659557
-40.981263,37,4124.788543
-249.836559,37,4124.921703
-242.26093,37,4137.527543
182.825201,34,4137.697571
-282.136584,37,4137.843229
-251.835577,37,4137.978652
-55.706204,47,4138.146004
-215.422299,46,4138.304705
-78.062977,28,4138.404347
-263.941751,37,4138.541094
-279.114747,37,4138.677256
-247.522505,37,4138.813234
-239.040227,37,4138.941768
-267.164646,37,4139.073926
-173.905023,41,4139.217807
-247.812409,37,4139.341886
-145.765919,26,4139.432663
-244.959149,37,4139.56229
-67.150772,41,4139.709576
-233.976452,60,4139.920265
-151.224682,27,4140.011217
-281.926196,37,4140.136811
-106.38012,32,4140.249843
-258.273894,37,4140.381855
-246.960772,37,4140.506554
-248.898544,37,4140.633713
-256.0771,37,4140.767099
-251.54459,37,4140.895659
-246.207505,37,4141.028997
-244.003079,37,4141.155093
-255.148406,37,4154.489409
-33.722291,36,4154.644556
-173.518012,41,4154.794861
-260.060823,37,4154.934294
-207.683549,34,4155.053505
-145.735037,37,4155.18286
-260.537338,37,4155.313117
-244.560583,37,4155.447242
-266.735603,37,4155.576752
-274.49786,37,4155.709445
-145.371518,37,4155.850385
-125.538623,38,4155.980014
-255.619509,37,4156.108777
-259.614491,37,4156.238582
-28.339069,35,4156.364135
-253.398979,37,4156.490433
-243.146879,37,4156.622784
-136.96088,35,4156.739503
-225.166983,34,4156.859647
-262.142964,37,4156.994959
-285.281521,37,4157.268621
-117.595073,34,4157.396059
-247.760129,37,4157.52904
-248.019831,37,4157.656581
-263.535376,37,4157.788086
-88.467002,44,4157.946375
-265.269542,37,4158.078119
-142.183812,37,4173.249088
-38.870663,36,4173.422652
-148.325565,37,4173.564543
-188.418986,44,4173.720401
2.892382,33,4173.836201
-67.039002,41,4173.987798
-42.900059,37,4174.120556
-108.071884,33,4174.23882
-269.539637,37,4174.622744
-177.602338,30,4174.754183
-156.136472,24,4174.839308
-278.119834,37,4174.972906
-251.721621,37,4175.102369
-267.499583,37,4175.228899
-104.917572,32,4175.349937
-248.329632,37,4175.478712
-357.856929,52,4175.665181
-247.623348,37,4175.797295
-277.280272,37,4175.932844
-261.821457,37,4176.075493
-269.048494,37,4176.209156
-140.319237,50,4176.386412
-252.390026,37,4176.509997
-260.957716,37,4176.642181
-672.979394,101,4176.990843
-255.127153,37,4177.116311
-254.418706,37,4189.985232
-247.924265,37,4190.17699
-16.660228,34,4190.307375
4.861073,45,4190.479273
-258.526838,37,4190.619967
-252.278376,37,4190.746096
-245.137848,37,4190.873925
-253.106896,37,4191.007591
-42.869484,37,4191.133415
-227.818176,36,4191.260533
-171.355818,28,4191.360774
-248.487741,37,4191.488201
-257.836163,37,4191.624872
-148.789672,23,4191.702287
-250.903298,37,4191.834187
-250.900773,37,4191.964029
-271.608591,37,4192.096037
-178.32042,31,4192.237845
-254.792688,37,4192.37865
-245.743169,37,4192.516574
-262.751274,37,4192.648662
-144.283913,37,4192.780572
-155.976316,29,4192.890934
-140.54984,37,4193.02961
-289.756611,37,4193.163654
-260.299218,37,4193.295178
-138.667608,24,4193.37641
-40.459775,37,4193.509896
-226.414023,34,4193.628168
-253.615472,37,4206.865996
-257.393904,37,4207.043871
-262.827184,37,4207.178154
-258.062952,37,4207.311976
-278.291061,37,4207.441812
-272.269848,37,4207.56995
-272.654249,37,4207.696976
-264.937197,37,4207.819893
-141.784819,37,4207.954447
-263.145433,37,4208.092613
-253.360327,38,4208.23079
-364.622811,60,4208.445738
-283.590775,37,4208.576931
-274.220001,37,4208.70044
-275.678219,37,4208.827593
-67.150993,28,4208.924505
-282.386122,44,4209.074702
-246.60232,37,4209.206158
-263.523646,37,4209.336357
-145.022225,37,4209.469132
-166.762195,28,4209.563179
-254.100712,37,4209.695416
-250.620656,37,4209.831776
5.12224,31,4209.934809
-248.807295,37,4210.059731
-270.52222,37,4210.195051
-170.936562,41,4210.335784
-652.019408,101,4223.938371
-152.11239,37,4224.077625
-250.428243,37,4224.22264
-240.42212,37,4224.355616
-271.293338,37,4224.488609
-268.426984,37,4224.795292
-254.98051,37,4224.940061
-269.553162,37,4225.086367
-249.874423,37,4225.223308
-251.716139,37,4225.351945
-42.12605,37,4225.484583
-379.317395,69,4225.731676
-37.935513,36,4225.856474
-130.296871,35,4225.978391
-149.941043,37,4226.179489
-272.772226,37,4226.330256
-268.372431,37,4226.458037
-259.549543,37,4226.585652
-244.843805,37,4226.719246
-270.894841,37,4226.849877
-269.562296,37,4226.990252
-34.085857,36,4227.120976
-270.047626,37,4227.256853
-9.284604,33,4227.372152
-240.224157,37,4227.51027
-255.42459,37,4227.645814
-123.570029,34,4242.685674
-245.035924,37,4242.868169
-100.089485,45,4243.034355
-264.670926,37,4243.168972
-268.159184,37,4243.303594
-28.553104,36,4243.433008
-277.979464,37,4243.563602
-252.343661,37,4243.694526
-248.516203,37,4243.836649
-148.203388,37,4243.967982
-252.752383,37,4244.109289
-200.048417,32,4244.279271
-161.26902,28,4244.383954
-262.261843,37,4244.516716
-152.782598,27,4244.607938
-257.297085,37,4244.737049
-244.645507,37,4244.868749
-180.636782,29,4244.972091
12.27159,50,4245.162152
-258.210474,37,4245.301372
-250.713039,37,4245.43291
-264.854268,37,4245.570109
-173.215474,32,4245.680683
-273.034188,37,4245.819839
-225.774714,35,4245.942437
-238.101564,37,4246.075617
-249.699598,37,4246.204301
-247.746733,37,4246.339554
-36.135838,36,4259.642804
-250.126672,37,4259.828161
-272.233672,37,4259.97124
-253.973965,37,4260.105767
16.828919,30,4260.208155
-258.920117,37,4260.337764
-146.678745,37,4260.47258
-163.839811,37,4260.609603
38.493349,31,4260.721954
-256.245611,37,4260.853181
-248.087312,37,4260.975564
-147.566834,37,4261.109658
-54.202017,41,4261.253214
-261.70185,37,4261.386053
-254.610124,37,4261.517529
0.305179,52,4261.698881
-148.9072,37,4261.831128
-260.505074,37,4261.97224
-247.974922,37,4262.110409
-249.643589,37,4262.242672
-250.089643,37,4262.371893
-115.396809,34,4262.503939
-267.156676,37,4262.645526
-175.070147,41,4262.782539
-205.551328,39,4262.928173
-179.329651,44,4263.092109
-204.321655,38,4263.230028
-26.083568,37,4276.53999
-13.984234,34,4276.72781
-284.272294,37,4276.889184
-249.06335,37,4277.027285
2.335614,31,4277.133382
-265.258751,37,4277.264213
-138.429701,37,4277.392878
-144.331302,37,4277.527385
-110.062338,33,4277.64148
-42.355923,37,4277.772965
-142.741775,37,4277.908997
-35.346587,36,4278.044421
-267.04662,42,4278.192028
-254.274897,37,4278.326193
-142.96126,37,4278.458983
-22.666497,38,4278.594096
-140.62095,37,4278.721097
-251.161165,37,4278.849718
-251.357183,37,4278.984501
-259.185135,37,4279.123661
-277.068994,37,4279.374476
8.268896,30,4279.485498
-198.138772,33,4279.605446
-243.933253,37,4279.742707
-251.626455,37,4279.872161
-256.692773,37,4280.004315
-102.068106,35,4280.132374
-256.837886,37,4280.250076
-192.51494,35,4280.369949
-250.70879,37,4295.194923
-241.556886,37,4295.363783
-57.170301,41,4295.513366
-193.657684,36,4295.65041
46.98042,40,4295.791771
-258.544288,37,4295.916788
-264.748303,37,4296.047598
-243.110789,37,4296.186613
-266.133665,37,4296.317649
-255.189796,37,4296.446599
-244.818345,37,4296.574199
-255.264532,37,4296.7113
-271.972812,37,4296.838976
-516.326767,101,4297.186252
-75.748257,42,4297.334694
-184.784828,30,4297.441755
-255.832952,37,4297.574436
-107.042335,32,4297.688443
-264.738354,37,4297.831899
-257.042753,37,4297.973139
-160.580337,28,4298.081233
57.649206,27,4298.173834
-256.884629,37,4298.316332
-159.871359,37,4298.452732
-273.225082,37,4298.588271
-155.087631,26,4298.678383
-75.30795,27,4298.777466
-490.024588,101,4312.313009
-288.809615,41,4312.470326
-266.165008,37,4312.612015
-168.949331,30,4312.723766
-279.203585,37,4312.864988
-257.028411,37,4313.007447
-257.13463,45,4313.169865
-262.73358,37,4313.305533
-145.04084,37,4313.432621
-181.912356,34,4313.554563
-277.338014,37,4313.690969
-243.46615,37,4313.825945
-245.201204,37,4313.969323
-255.542445,37,4314.111312
-241.051615,37,4314.244798
-258.840407,37,4314.380876
-262.699527,37,4314.520181
-141.811549,37,4314.654247
-266.028789,37,4314.783229
-248.887927,37,4314.913775
-637.555162,101,4315.275523
-144.800034,37,4315.409433
-166.58769,28,4315.512732
-244.946961,37,4315.648058
-246.859451,37,4328.867783
-266.251978,37,4329.048807
-279.810602,37,4329.189346
-142.185174,37,4329.320093
-247.582471,37,4329.446413
-279.91156,37,4329.585701
-263.58771,37,4329.718484
-285.307208,37,4329.857943
-262.126203,37,4329.99437
-86.653717,45,4330.159204
-55.185782,37,4330.300672
-251.395994,37,4330.435882
-290.845901,37,4330.569805
-69.275591,28,4330.664439
-151.770758,23,4330.749563
-253.878433,37,4330.898511
-177.965792,30,4331.066103
-135.87514,36,4331.226986
-56.415709,24,4331.316749
-249.060233,37,4331.444259
-268.08259,37,4331.579783
-146.612164,37,4331.710765
-284.51983,37,4331.846944
-33.615593,36,4331.980478
-125.495956,49,4332.157526
-254.156503,37,4332.296801
-242.068744,37,4332.431215
-249.37258,37,4332.558022
-273.296106,37,4332.692226
-19.507666,35,4345.56813
-250.393871,39,4345.724495
-261.928005,37,4345.861417
-263.76644,37,4345.993947
-129.711036,35,4346.116216
-262.803917,37,4346.598789
-254.203356,37,4346.759675
-275.508152,37,4346.889787
-244.323645,37,4347.021992
-214.904901,34,4347.158778
-285.710432,37,4347.295871
-197.500139,32,4347.414104
-266.587808,37,4347.552647
-266.240704,37,4347.684059
-173.022653,47,4347.848966
-51.052556,37,4347.983402
-42.221528,39,4348.126351
-264.965681,37,4348.256604
-245.68813,37,4348.396243
-266.160811,37,4348.535959
-263.979815,37,4348.670219
-203.971099,34,4348.790064
-267.006247,37,4348.921679
-267.402214,40,4349.063552
-273.700096,60,4349.278499
-270.404415,37,4349.410118
-243.459624,37,4349.544894
-153.084008,26,4451.270554
-241.027443,37,4451.433047
-151.649955,37,4451.626428
-219.631945,35,4451.759931
-247.134947,37,4451.912975
-302.5891,51,4452.1054
-280.877918,37,4452.240477
-289.92754,42,4452.385454
-262.511606,37,4452.510668
-309.430388,56,4452.714521
-260.116374,37,4452.848228
-252.176663,37,4452.972366
-257.87808,37,4453.104809
-253.771415,37,4453.235826
-254.56857,37,4453.371254
-277.440424,37,4453.499702
-144.008183,37,4453.626242
-271.964869,37,4453.786675
-248.280189,37,4453.953314
-252.482052,37,4454.082466
-159.281564,37,4454.212088
-1.872693,32,4454.322784
-88.629245,44,4454.48548
-263.332937,37,4454.618442
-147.330459,37,4454.744804
-250.14307,37,4454.882739
-153.023905,37,4455.003556
-29.640683,78,4470.07402
-244.012674,52,4470.268084
-245.581976,37,4470.39525
-260.804896,37,4470.528265
-242.824675,38,4470.667833
-257.31599,37,4470.802261
-263.906759,37,4470.933514
-257.012863,37,4471.070632
-260.451994,37,4471.20735
-246.750904,37,4471.335735
-520.257928,78,4471.613002
-555.231872,101,4471.957048
-268.839146,37,4472.086157
-269.416212,37,4472.210981
-127.258943,34,4472.328928
-250.961562,37,4472.468464
-251.525898,37,4472.602858
-180.121447,29,4472.702403
-285.464947,37,4472.837951
-149.288115,24,4472.924153
-256.483647,37,4473.052783
-265.718824,37,4473.196593
-234.940133,39,4473.345554
-13.437771,33,4473.461396
-250.069549,37,4487.1672
-282.350327,37,4487.306955
-156.712587,37,4487.434749
-259.557526,37,4487.656181
-23.7545,37,4487.79531
-278.113657,37,4487.929455
-254.695573,37,4488.060393
-272.256024,37,4488.198767
12.869392,29,4488.30183
-142.76513,25,4488.386892
-248.516372,37,4488.607301
-257.630103,37,4488.925746
-366.222048,56,4489.115327
-250.827944,37,4489.24585
-256.409538,37,4489.375407
-154.685309,39,4489.513964
-270.621929,37,4489.650334
-153.063592,37,4489.783665
-158.683002,28,4490.010052
-25.861305,35,4490.135921
-144.860281,37,4490.264367
-246.734265,37,4490.405103
-149.270779,37,4490.53944
-277.296191,37,4490.670875
-152.489889,23,4490.765103
-185.908068,34,4490.889404
-275.49296,37,4491.022582
-429.261176,61,4505.933921
-247.900304,37,4506.112226
-261.937531,37,4506.251181
24.563804,30,4506.356132
-150.548223,26,4506.446807
-170.660144,29,4506.545925
-253.583262,37,4506.674916
-43.92569,37,4506.806598
-144.246424,37,4507.234033
99.259817,63,4507.463225
-244.165602,37,4507.592696
-268.686862,37,4507.724062
-261.20027,37,4507.862987
-239.074581,36,4507.993483
-254.781551,40,4508.133312
-484.452128,82,4508.43013
-219.759411,34,4508.548567
-127.923818,38,4508.677253
-37.761593,36,4508.802651
-30.943502,35,4508.930221
-273.686253,43,4509.083277
-200.473859,38,4509.216366
-262.265966,37,4509.342031
-263.033061,37,4509.472783
-156.809543,37,4509.598976
-264.765325,37,4509.729745
-265.059813,37,4509.869177
-229.402432,37,4522.672895
-278.124398,37,4522.827607
-257.486603,37,4522.962372
-285.791678,37,4523.090653
-149.353582,37,4523.220518
-43.242752,37,4523.354383
-168.579345,28,4523.45772
-253.16222,37,4523.584082
-272.256232,37,4523.716027
-598.895943,101,4524.089529
-268.693805,37,4524.227078
-279.073173,37,4524.360107
-179.589322,29,4524.459428
-260.720379,37,4524.588424
51.234777,28,4524.689063
-148.237904,37,4524.820819
-261.954921,37,4524.950093
-154.237151,25,4525.039517
-39.758765,38,4525.174615
-267.508216,37,4525.309498
-244.467271,37,4525.442527
-252.295513,37,4525.817125
-124.299344,34,4525.972852
-154.675857,37,4526.104529
-78.10957,45,4526.275121
-264.436848,37,4526.405636
-245.196685,37,4539.199842
-3.996666,32,4539.356675
-185.512011,35,4539.499344
-42.44153,37,4539.626145
-139.061662,36,4539.755763
-262.852123,37,4539.886362
-48.159701,38,4540.029351
-274.363036,37,4540.165239
-247.066929,37,4540.291553
-204.175602,39,4540.430803
-98.658294,47,4540.604758
8.463251,31,4540.715597
-250.58149,37,4540.84614
-344.156746,53,4541.023076
-271.947019,37,4541.146702
-67.381429,26,4541.237494
-284.866827,37,4541.375908
-39.618017,36,4541.502752
-220.751077,35,4541.627171
-194.28702,36,4541.750463
-162.801236,26,4541.84099
-317.607369,73,4542.104988
-280.123376,54,4542.284961
-155.702616,26,4542.375262
-47.311615,37,4542.506384
-246.656136,37,4542.637775
-254.04577,37,4542.771476
-147.758835,24,4542.852661
4.723633,30,4556.603733
-64.814759,41,4556.772985
-152.943711,37,4556.908704
-130.732433,36,4557.045379
-236.823177,37,4557.339102
-243.780449,37,4557.478973
-160.769275,26,4557.576683
-523.698617,101,4558.012052
-161.902703,41,4558.150621
-26.955076,35,4558.276844
-248.083995,37,4558.409657
-191.27583,31,4558.53005
-191.058484,31,4558.6428
-22.456512,34,4558.756162
-146.136154,37,4558.882172
-273.552334,37,4559.013588
-251.25711,37,4559.144929
-328.749266,54,4559.335477
-263.599704,37,4559.473821
-135.447887,36,4559.597672
-74.961811,43,4559.751483
-39.245076,37,4559.882355
-246.313982,37,4560.009282
-48.889148,39,4560.144098
-290.340225,43,4560.294282
-267.129661,37,4560.436705
-193.232736,37,4576.023455
-44.397623,37,4576.171558
-114.151133,36,4576.299561
-215.533294,35,4576.421525
-145.681584,36,4576.551749
-251.059528,37,4576.687009
-333.11932,52,4576.876627
-270.508639,37,4577.009136
-130.780733,34,4577.137695
-109.417509,33,4577.25428
-276.087618,37,4577.388966
-206.07233,59,4577.612751
-145.170293,37,4577.744622
-288.086689,37,4577.877327
10.816474,32,4577.996421
-255.082942,37,4578.13071
-150.157416,41,4578.281236
-163.390535,29,4578.379427
-39.655767,37,4578.511744
-272.810209,37,4578.646904
-138.645499,37,4578.773806
-268.74378,37,4578.901579
-46.550852,37,4579.043854
-583.490964,101,4579.404444
-186.484595,30,4579.505167
-262.476577,37,4592.311414
-247.084001,37,4592.788966
-262.570251,37,4592.946767
-382.500844,70,4593.201504
-389.960357,73,4593.463502
-143.272594,37,4593.594061
-147.588801,37,4593.723235
131.959142,28,4593.81659
-252.387644,37,4593.948413
-267.332069,37,4594.080396
-162.338569,28,4594.175381
-419.702063,64,4594.393783
-246.522229,37,4594.532339
-156.551634,37,4594.674162
-175.194212,30,4594.792555
-11.28108,32,4594.908484
-287.174101,37,4595.043202
-243.65025,72,4595.292904
21.795203,29,4595.398167
-279.386597,37,4595.529436
-144.304174,37,4595.664814
-220.544983,34,4595.785829
-29.448439,35,4595.905692
-251.265164,37,4596.0352
-152.531527,24,4596.119135
-99.096711,46,4596.284985
-149.643442,37,4610.606774
-21.502981,33,4610.751004
62.463833,26,4610.846215
-33.98846,35,4610.973483
-265.899616,37,4611.107542
-275.893733,37,4611.517908
-238.91845,36,4611.652873
-241.96809,37,4611.787986
-167.417218,28,4611.889675
62.272173,37,4612.028573
-295.272476,47,4612.198163
-279.292957,37,4612.331586
-257.059706,37,4612.465409
-129.277327,36,4612.592631
-143.565302,37,4612.720506
-154.525887,37,4612.852131
-254.58271,37,4612.985152
-248.149094,37,4613.111653
-273.902429,37,4613.366761
-269.892172,37,4613.505005
-256.306967,37,4613.638782
-260.439114,37,4613.774718
-327.906608,48,4613.942423
-128.839494,34,4614.065044
-144.807186,37,4614.183602
-263.627415,37,4614.312128
-133.123279,69,4614.56304
-574.767405,91,4630.886175
-252.059881,37,4631.028647
-276.978492,37,4631.167479
-265.726465,37,4631.29446
-206.907997,38,4631.431067
-286.212354,37,4631.560547
-246.280997,37,4631.697595
-262.373973,37,4631.829566
-275.523721,37,4631.968115
-150.174681,37,4632.107897
-259.27524,37,4632.242771
-269.62404,37,4632.373036
-161.517141,40,4632.525448
-257.767409,40,4632.670478
-204.984807,39,4632.811504
-259.246889,37,4632.937689
-153.443335,25,4633.026716
-154.300114,37,4633.165183
-251.810811,37,4633.29449
-275.834107,37,4633.429065
-263.06905,37,4633.564068
-155.162967,37,4633.705993
-255.436109,37,4633.833402
-187.871283,43,4633.980653
-257.168833,37,4634.12032
-250.301562,37,4634.251243
-265.066768,37,4650.861999
-276.613101,37,4651.064135
-268.200533,37,4651.289544
-73.417098,28,4651.394371
-266.658746,37,4651.528299
-255.733462,37,4651.669712
-255.539043,37,4651.800318
-255.619201,37,4651.934058
-122.999283,35,4652.062734
-152.750397,26,4652.154015
-123.688957,35,4652.267781
-241.156083,52,4652.449433
-267.762594,37,4652.578846
-144.557295,37,4652.709635
-147.316467,37,4652.85074
-282.418502,37,4652.988468
-147.682833,23,4653.067484
-186.240406,35,4653.261551
-140.150504,37,4653.389408
-243.656926,37,4653.529978
-147.772827,24,4653.616249
-151.989826,37,4653.749545
-149.465649,37,4653.875798
-284.054615,37,4654.084639
-261.424945,37,4654.259209
-205.01846,45,4654.430758
-248.961628,37,4654.568628
-265.752346,37,4654.710308
-177.878763,30,4669.605638
-146.605804,37,4669.808113
-281.311164,37,4669.959206
-3.646917,32,4670.076831
9.627978,31,4670.188308
-160.732544,27,4670.285646
-256.262556,37,4670.422229
-164.871739,32,4670.532775
-152.244031,24,4670.623342
-256.420371,37,4670.761651
-155.909107,26,4670.850005
-76.62761,60,4671.065128
3.03532,31,4671.190739
-50.442192,37,4671.321179
-241.613073,37,4671.46053
-25.46954,35,4671.583565
-265.442999,37,4671.724679
-257.56987,37,4671.865995
-87.797963,44,4672.028724
-55.361227,24,4672.119368
13.884232,29,4672.225672
-278.223854,37,4672.357723
-265.049605,37,4672.489533
-531.907737,93,4672.830324
-259.715831,37,4672.96083
-153.792179,37,4673.098211
-265.798228,37,4673.234691
-80.894724,28,4673.335369
-142.225088,37,4687.515654
-144.219203,52,4687.759137
-157.314254,52,4688.205003
-138.3529,25,4688.455643
-248.39471,37,4688.594017
-548.726947,101,4688.956535
-478.844929,101,4689.303328
-267.645023,37,4689.439919
-258.259288,37,4689.572175
-240.588706,37,4689.706446
-324.13653,59,4689.920373
-270.891806,37,4690.053943
-285.830096,37,4690.190174
-241.941777,37,4690.330983
-239.103052,35,4690.456169
-168.055623,63,4690.676083
-152.032069,37,4690.820376
24.606173,29,4690.922922
-254.412511,37,4691.052948
-8.415121,32,4691.169295
-148.184895,38,4691.304915
-143.926134,37,4691.438905
-259.774982,37,4691.586257
-231.42937,36,4708.156786
-254.41785,37,4708.335526
21.842407,28,4708.444988
-423.215683,71,4708.69953
-435.850259,101,4709.06861
-284.278988,37,4709.206954
-15.130982,34,4709.322541
51.727057,41,4709.480224
-274.24762,37,4709.620371
-39.226833,37,4709.767691
-113.268929,46,4709.925121
-161.132108,37,4710.055335
-27.672711,35,4710.181203
-156.996678,41,4710.323907
-118.756722,34,4710.450335
-9.631178,33,4710.566487
-275.772044,37,4710.699551
-244.269275,37,4710.838567
-52.090407,42,4710.985847
-124.27038,35,4711.132095
-229.986531,47,4711.30136
-105.86343,32,4711.417815
-96.441969,30,4711.527975
-253.097552,37,4711.659734
-66.306124,27,4711.751136
-252.549361,37,4724.967316
-214.058891,35,4725.470196
-415.147783,74,4725.755325
-25.951408,35,4725.87692
-274.931264,37,4726.010744
11.792655,31,4726.126799
-265.311049,37,4726.261866
-245.305782,37,4726.38457
-392.646821,101,4726.758118
-154.288172,37,4726.899354
-87.266143,44,4727.066017
-229.214875,35,4727.198021
-249.202568,37,4727.332072
-142.761878,37,4727.460881
-33.655163,36,4727.607226
-0.750489,31,4727.72431
-151.47543,24,4727.814263
-178.146871,30,4727.921876
-271.190899,37,4728.053549
-270.650226,37,4728.196054
-256.381515,37,4728.326238
-151.552084,37,4728.462764
-150.307034,37,4728.589965
-257.814231,37,4728.727447
-36.282868,36,4728.846964
-258.514328,37,4728.977245
-30.556705,35,4743.46306
-361.225251,68,4743.770577
-128.438742,34,4743.899683
-187.928786,30,4744.005053
-123.423364,34,4744.128046
-287.52266,37,4744.264584
-282.861882,55,4744.456322
-63.182907,29,4744.557454
-236.295667,36,4744.94819
-245.207139,37,4745.092477
-263.109567,37,4745.238543
-103.827057,31,4745.354566
-50.375699,39,4745.504259
-244.832593,37,4745.631007
76.386149,35,4745.750225
-171.575271,31,4745.862471
-140.232476,37,4745.988527
-269.56936,37,4746.239225
-131.915005,35,4746.369175
-149.10305,37,4746.49784
-286.042095,37,4746.639484
-127.535136,23,4746.721555
-154.063829,38,4746.858763
-262.857376,37,4746.998258
-146.011555,37,4747.141889
-153.889657,37,4747.27723
-164.359387,27,4747.370329
-32.533084,36,4747.495965
-256.691676,37,11965.522986
-269.13871,37,11965.701862
-268.139212,37,11965.848694
-275.725947,37,11965.981563
-149.529381,37,11966.114462
-270.491569,37,11966.238921
-256.216644,37,11966.37049
-131.446712,36,11966.498272
-275.750463,37,11966.637066
-269.599857,37,11966.767309
-11.007979,32,11966.877389
-237.639077,36,11966.999193
-143.081401,37,11967.129034
-52.958363,24,11967.212868
-23.082716,34,11967.340961
-155.281597,23,11967.420905
-251.475717,37,11967.553513
13.362057,30,11967.680607
-48.958198,37,11967.814116
-144.86066,37,11967.941847
-172.709029,26,11968.068057
-68.24278,41,11968.221825
-264.943055,37,11968.393353
-290.693681,37,11968.541405
-42.677298,37,11968.740632
-28.928686,38,11968.930788
-157.245439,26,11969.048599
-9.718584,33,11969.186287
-69.278091,42,11969.379358
20.144707,28,11969.514122
-255.011553,37,12513.756611
1.47099,32,12513.93517
-13.891071,33,12514.070878
43.02049,39,12514.219196
-102.559195,32,12514.36918
-162.143856,37,12514.547707
-151.677561,37,12514.694912
-26.085076,34,12514.832866
-574.091126,101,12515.190067
-36.634632,36,12515.31766
-46.632313,25,12515.400248
-154.785057,37,12515.538206
-202.014495,31,12515.649455
-183.071031,29,12515.747965
-150.854472,37,12515.8965
-610.412354,88,12516.230101
-251.106624,37,12516.430488
-160.577277,26,12516.549938
-31.701446,35,12516.726328
-214.166202,36,12516.877867
-26.126485,35,12517.014333
-256.099119,37,12517.183618
-262.29257,37,12517.329539
-141.015524,37,12517.452405
51.174457,38,12517.591904
-169.156418,30,12517.702416
-81.693303,29,12533.849378
-262.473401,37,12534.04416
-250.434996,37,12534.179655
-48.064322,37,12534.313111
-285.210721,37,12534.444324
-281.702926,37,12534.591394
-242.996634,37,12534.716521
-256.185225,37,12534.846611
-124.205452,35,12534.969615
-170.811917,33,12535.084676
-50.550223,38,12535.219259
-144.009056,37,12535.34344
19.978373,29,12535.4413
-628.056063,101,12535.805544
-147.156479,37,12535.932211
-281.738232,37,12536.068411
-158.447888,37,12536.201086
-40.17578,37,12536.326506
-158.49127,37,12536.458314
79.222499,31,12536.564054
-279.040398,37,12536.689188
-263.462603,37,12536.81972
-29.516893,35,12536.93935
-269.037745,37,12537.070757
-100.573437,31,12537.175746
-244.256943,37,12537.306542
-256.015563,37,12537.433392
-17.322846,34,12560.718468
-286.566798,37,12560.900189
-90.491894,31,12561.013491
-144.063866,37,12561.335422
-273.199131,37,12561.489973
-177.701592,31,12561.621906
-262.406091,37,12561.776517
7.417886,31,12561.899597
-160.594764,37,12562.047129
-7.610162,33,12562.16972
-254.272118,37,12562.321607
-159.406258,37,12562.456269
-317.184747,46,12562.631036
-250.290276,37,12562.763739
-20.775642,34,12562.92331
-139.452664,37,12563.070958
-253.822734,37,12563.218545
-150.613381,23,12563.302676
-158.997406,27,12563.405423
-260.780873,37,12563.546458
-290.674086,37,12563.68355
25.080055,41,12563.833244
-260.265786,37,12563.969696
-23.169309,35,12564.095538
-277.815672,37,12564.231003
-148.734591,37,12564.369632
-59.832126,37,12564.526517
-267.143261,53,12564.732628
-159.488637,30,12564.842193
-258.329196,37,12583.137577
-253.849425,37,12583.292286
-149.467195,37,12583.426389
-67.343863,26,12583.518808
-23.26753,34,12583.644403
-193.530291,44,12583.811855
-256.266763,37,12583.947141
-160.099096,25,12584.03864
-165.002305,27,12584.141921
-246.037867,37,12584.270504
-46.572968,37,12584.405904
-25.145722,35,12584.524861
-481.504284,83,12584.811941
-139.112374,36,12584.942222
-268.432659,37,12585.090716
-141.172002,37,12585.225961
-276.601235,37,12585.367535
-580.019992,101,12585.733939
-284.335782,37,12585.862344
-212.698081,34,12585.992853
-75.802826,28,12586.094602
-250.185853,37,12586.224588
-148.757968,37,12586.360408
-235.346515,51,12586.568287
-181.085355,35,12586.697336
-113.085178,33,12600.666587
-42.27711,37,12600.849435
-288.985771,37,12601.000256
-269.840479,37,12601.133073
-131.37692,35,12601.249158
-146.34737,37,12601.376951
-150.717141,37,12601.511891
-156.686447,26,12601.602578
-265.408889,37,12601.736348
-267.314327,37,12602.135762
-200.327495,45,12602.318841
-147.683272,37,12602.465887
-284.877111,37,12602.602423
-205.865925,49,12602.783835
-273.926215,37,12602.91133
-253.399415,37,12603.043194
-191.578249,31,12603.154501
-17.582854,34,12603.27167
-134.578188,36,12603.401502
36.716793,36,12603.529353
49.114044,30,12603.636355
-259.308675,37,12603.779757
-163.05598,37,12603.915097
-248.555141,37,12604.044561
-268.322221,37,12604.185777
-291.79776,45,12604.34502
-260.393886,37,12604.481735
-268.012739,37,12604.616294
-149.56815,37,12619.020289
-332.835175,54,12619.278653
-45.82738,37,12619.404956
-151.975964,24,12619.492907
-135.350039,36,12619.622252
-194.901734,45,12619.796154
-282.000924,37,12619.989474
-41.700508,37,12620.14022
46.853581,31,12620.253451
-162.90186,26,12620.394334
-9.279107,32,12620.749156
-153.317509,24,12620.834978
-265.685453,37,12620.978399
-204.18907,34,12621.103791
-11.943154,34,12621.226951
-155.116053,37,12621.362625
-267.328587,37,12621.512523
-272.090562,37,12621.800107
-251.763026,37,12621.933227
-282.358493,37,12622.062509
-144.838553,37,12622.191446
-146.243817,37,12622.33052
-151.966009,37,12622.468077
-325.717322,60,12622.68017
-259.547515,37,12622.812627
-278.427786,37,12622.94978
-27.329495,35,12623.071835
-263.496872,37,12623.201629
-81.437242,28,12644.135499
-263.991451,37,12644.350729
-269.390715,37,12644.504101
-272.047281,37,12644.645222
-151.68131,37,12644.798475
-272.658123,37,12644.943831
-268.246203,37,12645.087319
-266.472835,37,12645.228287
-168.524422,33,12645.348534
-282.148601,37,12645.503056
-254.667467,37,12645.653182
-601.309954,101,12646.045786
-255.320039,37,12646.193968
-251.807957,37,12646.334208
-83.473702,30,12646.446681
-94.541315,45,12646.60312
-148.374364,36,12646.733485
-258.885745,37,12646.87595
-24.170335,35,12647.009262
-272.475437,37,12647.144335
-43.916087,37,12647.273421
-250.39104,37,12647.430413
-136.960249,37,12647.577078
-273.040296,37,12647.718065
-267.56169,37,12647.847569
-150.23892,37,12647.98364
57.342437,37,12662.787186
-263.292682,37,12662.975034
-20.030548,34,12663.100186
-83.989223,42,12663.248214
-62.91844,27,12663.339624
-261.450128,37,12663.471516
-124.554724,34,12663.590953
-142.947657,37,12663.717053
-97.318874,33,12663.838525
-275.514393,37,12663.967692
-264.215941,37,12664.101858
-266.422704,43,12664.243418
-159.839482,37,12664.372501
-145.102982,37,12664.503921
-287.277316,37,12664.638541
-136.9534,37,12664.769678
-58.774912,26,12664.863836
-29.290894,35,12664.985333
-176.594293,29,12665.08599
-104.199478,31,12665.197658
-274.10933,41,12665.353577
-179.576759,42,12665.510433
-256.962986,37,12665.643334
-45.237914,37,12665.775054
-22.167233,34,12665.885842
-92.498334,30,12665.997379
-247.189776,37,12666.128228
-205.328962,51,12666.305708
-334.976287,64,12681.219954
-258.639727,43,12681.413949
-256.241162,39,12681.56152
-259.586623,37,12681.69746
-155.277658,37,12681.826689
-245.513039,41,12681.966001
-278.258168,45,12682.125821
-140.563978,37,12682.249231
-54.677045,23,12682.326545
-14.033633,33,12682.439939
-243.882463,37,12682.570426
-294.646128,37,12682.706044
-176.516962,29,12682.806675
-274.345454,37,12682.942668
-45.130654,37,12683.08006
-305.596765,59,12683.305225
-281.493157,37,12683.436156
-398.079908,59,12683.651931
9.283505,29,12683.757585
-258.425463,37,12683.886092
-16.812675,34,12684.008973
-247.923718,37,12684.134121
-60.436031,26,12684.222803
-233.69932,37,12684.345898
-251.050674,37,12684.4792
-144.46204,23,12684.562706
-41.879786,37,12684.693121
-274.709081,37,12699.44579
-259.370255,37,12699.655739
-43.104267,37,12699.806013
-81.49781,28,12700.077755
-240.330548,37,12700.242493
-273.523006,37,12700.373277
77.500442,35,12700.5043
-207.212175,46,12700.680561
-43.557651,37,12700.807409
-257.624079,37,12700.939751
-146.280663,37,12701.068227
-26.65063,35,12701.197344
-18.294845,34,12701.328932
-283.521803,37,12701.487864
-28.38793,35,12701.614991
-136.418229,35,12701.743071
-337.914434,64,12701.980301
-250.962012,37,12702.113859
-264.202477,38,12702.246901
-272.529227,37,12702.385791
-46.220882,37,12702.523417
-243.435525,36,12702.651754
-15.985819,33,12702.765933
69.169673,36,12702.888795
-140.895107,37,12703.026325
-291.645941,37,12703.159833
-250.803272,37,12703.289022
-144.473901,37,12703.421896
-246.236876,37,12721.398118
-149.434181,37,12721.572786
-146.547228,37,12721.7044
-162.806818,26,12721.797411
-110.901977,34,12721.92722
-218.081168,36,12722.051438
22.893123,28,12722.149307
-267.752292,37,12722.285028
-279.443237,37,12722.432032
-291.385497,37,12722.568593
-252.826153,37,12722.699184
-65.534768,27,12722.792762
-161.982407,41,12722.938399
-144.405452,37,12723.071531
-241.546014,37,12723.200221
-151.073665,23,12723.2848
-265.768676,37,12723.422606
-5.00571,33,12723.537601
53.370865,25,12723.63256
-152.339254,37,12723.771185
-36.648129,35,12723.897323
-162.47609,37,12724.037179
-155.21555,26,12724.13521
-288.068475,37,12724.350373
-159.498855,26,12724.503666
-265.306548,37,12724.662933
-49.923078,37,12724.799373
-54.692096,37,12724.931216
-138.066778,37,12725.088903
-273.132084,37,12725.231983
-256.95951,37,12739.868035
-277.932046,42,12740.052241
-626.884485,101,12740.506424
-493.638806,101,12740.922548
-252.95616,37,12741.061625
47.221718,24,12741.142831
-698.027679,101,12741.498404
-247.402832,37,12741.631563
-252.447983,37,12741.767961
-14.060509,54,12741.964242
-149.291728,24,12742.057082
-432.132327,84,12742.351289
-41.442567,37,12742.482256
-124.296351,35,12742.599321
-146.502099,37,12742.728287
-22.473348,34,12742.84476
-99.122429,31,12742.959618
-151.979784,24,12743.044545
-165.91937,28,12743.145398
-149.73009,24,12743.232192
-257.263996,37,12743.364044
-182.778956,30,12743.468522
-49.398261,37,12743.606044
-161.725377,26,12758.281902
-77.896509,28,12758.416711
-245.908822,37,12758.551686
-0.825705,31,12758.660558
-13.823271,33,12758.776549
-140.530356,37,12758.91102
-261.523019,37,12759.046765
-278.95017,37,12759.171511
28.467628,27,12759.263935
-45.382758,36,12759.393037
-162.675029,37,12759.534955
-143.648816,37,12759.663116
-148.742953,36,12759.79326
-135.028614,37,12759.926822
-149.666296,24,12760.015382
-122.912837,35,12760.138018
-148.759695,37,12760.267912
-141.072338,37,12760.511334
-35.209829,36,12760.641713
-592.499077,101,12761.019974
-241.703227,37,12761.152309
61.87006,37,12761.292053
-21.98147,34,12761.418135
5.72667,31,12761.541954
-603.418941,101,12761.94666
-159.641987,37,12762.081306
-51.605239,38,12784.61119
-118.515967,33,12784.790438
-365.615602,67,12785.055928
-155.386217,27,12785.155362
-147.176964,37,12785.321652
15.10389,30,12785.45652
-25.967888,35,12785.59994
-5.446281,32,12785.746726
-143.148364,37,12785.959648
-267.28455,46,12786.356917
-130.32033,70,12786.670818
-257.30787,37,12786.81388
-364.781135,53,12787.014337
-143.151016,37,12787.145874
-149.232523,37,12787.333503
13.838786,31,12787.492249
-1.649799,33,12787.616265
-129.839358,35,12787.745982
-147.971657,23,12787.833181
-29.845815,34,12787.964353
-252.463679,37,12788.111516
-114.03702,32,12788.31533
-277.884434,37,12788.937434
-83.793714,29,12789.066155
-279.419021,37,12789.251013
-47.745909,37,12789.406373
-140.188898,37,12789.575028
-252.072873,37,12808.54796
-272.77857,37,12808.707307
-317.301689,61,12808.938931
-264.980213,37,12809.072082
-272.24451,37,12809.213174
9.782799,30,12809.329765
-44.582914,37,12809.46604
-261.533996,37,12809.606135
-40.341336,37,12809.738756
-19.434977,33,12809.868057
-157.003979,37,12810.034962
-102.841527,32,12810.161901
-154.758795,37,12810.295116
-62.081568,25,12810.385981
-97.877919,30,12810.493237
-162.122595,25,12810.585118
-196.198657,32,12810.705906
-247.579958,37,12810.846264
-9.908905,33,12810.959277
-263.68568,37,12811.099335
-254.272393,37,12811.233617
-244.934483,37,12811.363704
-285.477708,37,12811.520366
-359.586797,64,12811.758656
-147.787151,38,12811.923403
-245.584091,37,12812.064754
-258.586523,37,12812.200804
-271.586537,37,12812.341317
-335.54777,48,12826.663201
-252.579908,37,12826.806558
-31.477672,35,12827.044913
36.757921,26,12827.317234
-269.539909,54,12827.526614
-155.814088,27,12827.620456
-279.814714,37,12827.765894
-214.526964,43,12827.924879
-155.203187,37,12828.057777
-468.226854,101,12828.422244
-291.512983,37,12828.548529
-262.120771,37,12828.679803
-42.543167,37,12828.817356
-6.165462,32,12828.935034
-361.585961,54,12829.135378
-143.385025,37,12829.272989
-145.048143,37,12829.532442
-151.509386,25,12829.69305
-238.733869,37,12829.919856
-260.015548,37,12830.080233
-284.600469,37,12830.222314
-455.763999,101,12830.58957
-150.317269,37,12830.718803
-261.737288,37,12845.184605
-253.940831,37,12845.394014
-157.093936,25,12845.831067
-708.857413,101,12846.362388
-253.020661,37,12846.503544
-25.885814,35,12846.6244
-265.895884,37,12846.75274
-275.894475,37,12846.887916
-275.970439,37,12847.020931
24.432707,28,12847.118241
-285.76284,37,12847.248245
-142.933887,37,12847.379254
-46.459854,37,12847.511319
-255.280803,37,12847.643757
-46.085063,36,12847.775859
-44.477866,37,12847.901308
394.865144,49,12848.069732
-264.533153,37,12848.209771
-26.99555,34,12848.325985
-221.638618,35,12848.451596
-262.816233,37,12848.598256
-524.274462,76,12848.871768
-141.944769,26,12848.961002
-207.181729,33,12849.08192
-41.066844,37,12849.208197
-266.537164,37,12849.343626
117.045811,30,12871.651624
-245.821932,37,12871.860754
-275.44623,37,12872.009436
-148.477927,22,12872.093778
-23.323271,34,12872.224245
-148.415744,23,12872.301471
-33.534193,35,12872.549412
-259.845058,37,12872.722444
-18.276133,34,12872.853117
-184.107183,30,12872.961401
-153.031186,52,12873.164693
-261.855582,39,12873.304136
-186.934956,30,12873.41435
-265.133113,37,12873.555347
-148.04185,37,12873.698807
29.306073,27,12873.801856
22.036095,29,12873.904874
-246.133567,37,12874.046289
-143.623768,37,12874.182802
-157.612582,37,12874.328125
-273.04638,37,12874.464437
-204.422745,34,12874.594789
-245.737944,37,12874.737998
-140.527802,37,12874.871801
-260.537982,37,12875.002977
-289.37389,37,12875.141327
-43.779157,37,12875.27305
-71.005312,27,12875.381639
-31.34452,35,12875.510727
-262.760381,37,12875.646168
-140.960884,36,12892.699633
-2.694767,32,12892.849086
-280.771173,37,12892.999384
-265.374937,37,12893.12861
-231.19261,35,12893.253002
-196.688409,30,12893.36131
-34.376332,36,12893.491587
-158.846243,37,12893.62582
-278.805072,37,12893.760053
-444.979148,88,12894.073459
-141.591035,36,12894.201654
-193.424468,35,12894.331626
-248.79249,37,12894.465543
-259.195655,37,12894.597849
-141.969895,37,12894.72941
-150.41389,38,12894.872105
-109.503682,32,12894.99005
-252.597153,37,12895.116095
-151.527669,38,12895.252926
-174.102373,29,12895.36137
-158.494481,29,12895.467095
-260.481729,37,12895.603724
-43.671626,37,12895.741319
-11.569382,34,12895.862745
-16.679664,34,12895.981289
-151.729844,24,12896.069684
-260.405692,37,12896.204314
-268.318207,37,12896.341616
14.104836,30,12911.768068
-171.848441,30,12911.915989
-157.077612,29,12912.025878
-102.883031,31,12912.140018
-70.071649,28,12912.241757
25.595709,28,12912.347361
-154.190308,23,12912.429943
-141.753914,37,12912.559503
-292.464244,37,12912.693339
-30.42731,35,12912.818264
-117.461571,33,12912.937058
-281.573276,37,12913.076524
-226.606391,35,12913.199292
-35.927621,36,12913.331222
-31.929968,35,12913.464349
86.545489,34,12913.591257
-150.36068,24,12913.677794
-252.246002,37,12913.945723
-265.562371,37,12914.07764
-128.600627,34,12914.196561
-25.327481,34,12914.31641
-1.309223,32,12914.430428
-30.563989,36,12914.55673
-490.730292,71,12914.817625
-288.387227,37,12914.953057
-257.009985,37,12915.089616
-117.066231,33,12915.204282
-157.991061,27,12915.298268
13.124833,30,12915.402269
-60.374912,26,12915.520348
-161.07779,25,12932.362381
-130.26611,35,12932.539448
-260.210402,37,12932.683082
-297.350868,37,12932.821311
-554.479393,83,12933.122868
197.611023,67,12933.366271
-21.315971,34,12933.483772
-156.189564,24,12933.569171
-147.535243,37,12933.697486
-143.404013,37,12933.820394
-172.802004,57,12934.033416
-354.674515,80,12934.310937
-151.736675,25,12934.405849
-274.214203,37,12934.552826
-45.45286,37,12934.692079
-3.02994,32,12934.811601
-161.96696,37,12934.946062
-147.242239,23,12935.032183
-147.332269,37,12935.162466
-280.489842,41,12935.308926
-256.924628,37,12935.449016
-40.244273,37,12935.578865
-154.704316,37,12935.71431
-281.136602,37,12935.859869
-263.966298,37,12936.000213
-24.479362,35,12936.120491
-514.212087,101,12951.490053
-265.056005,37,12951.628085
-145.636381,37,12951.766084
-228.198815,36,12951.900373
-27.290371,35,12952.025686
-268.337018,37,12952.164611
-127.026495,34,12952.288392
-145.326616,37,12952.416869
-12.946959,33,12952.541962
-58.720386,24,12952.628043
-134.728981,36,12952.765047
-251.55619,37,12952.906348
-176.425475,34,12953.030453
-262.799234,37,12953.156846
-290.564626,37,12953.294609
-25.811374,35,12953.424744
-52.274984,23,12953.519481
-259.288557,37,12953.649298
-25.443223,35,12953.786111
-31.300609,35,12953.918699
-15.203195,33,12954.034492
-176.630629,30,12954.138795
-510.19418,101,12954.515595
-283.04434,37,12954.650512
-138.606162,35,12954.778336
-159.718055,27,12954.875215
-260.859289,37,12970.12393
-24.954949,33,12970.273889
-19.61249,34,12970.40607
-46.16691,37,12970.553319
-261.95036,37,12970.690466
-149.281572,23,12970.775069
-10.356123,33,12970.895829
-142.702936,37,12971.02887
-44.412597,37,12971.157898
-256.268711,37,12971.295388
-152.849311,24,12971.397518
-567.470768,101,12971.782403
-83.924892,28,12971.889362
-340.279778,73,12972.151084
-180.288494,30,12972.257099
-282.328175,37,12972.393797
-251.189675,37,12972.526976
1.822081,31,12972.635364
-146.039713,23,12972.717882
-478.961215,101,12973.085193
-246.835185,37,12973.212609
-188.500697,33,12973.329871
-181.248727,32,12973.448673
-278.20584,37,12973.585765
-91.95324,29,12973.690152
84.608142,34,12989.214039
-245.443638,37,12989.572231
-260.090206,37,12989.712833
-147.080984,23,12989.799776
-17.376538,34,12989.953718
-30.22514,35,12990.107995
-280.339759,37,12990.246611
-25.311765,35,12990.373127
-25.424133,35,12990.50143
-144.753006,37,12990.641878
-139.39006,36,12990.803727
-158.323608,37,12990.957068
-256.678841,37,12991.09844
-90.387692,29,12991.206628
-40.71406,37,12991.347846
-3.333509,32,12991.463797
-292.124312,37,12991.610865
-263.951884,37,12991.753447
-236.542105,41,12991.903395
-41.818245,37,12992.044305
-165.882725,37,12992.184649
-241.650326,37,12992.329013
-36.657008,36,12992.460603
-37.37007,36,12992.589418
-128.504444,35,12992.709904
-20.603631,34,12992.829272
-158.043184,37,12992.961582
-218.525495,59,12993.167678
-292.991087,37,12993.305191
-658.120995,101,13011.398141
-59.7419,25,13011.496043
-274.207402,37,13011.653303
-269.121201,37,13011.789705
-157.205958,37,13011.939301
14.990275,30,13012.050634
-258.307756,37,13012.188302
-55.594532,37,13012.325891
-42.98968,37,13012.458671
-257.656581,42,13012.61803
-137.496471,35,13012.742554
-571.831915,82,13013.040303
-260.39731,37,13013.176318
-66.044539,26,13013.273744
-257.327081,37,13013.412948
-146.731649,23,13013.503989
-172.322312,30,13013.614121
-250.415102,37,13013.752108
-278.587257,37,13013.88992
42.089188,25,13013.979202
-281.735859,37,13014.115024
-145.174604,37,13014.251806
-287.910024,37,13014.390647
-279.121473,37,13014.525887
-188.389788,30,13014.638073
-279.26593,37,13014.775546
10.030547,30,13029.584372
-38.813962,36,13029.762544
-167.211359,40,13029.90849
-111.661765,32,13030.026508
-158.30309,37,13030.158838
-537.599384,85,13030.466413
-145.643978,37,13030.613045
22.160661,28,13030.718229
-46.908266,38,13030.858359
-264.327574,37,13030.989736
-146.589538,37,13031.120134
-257.832693,37,13031.253538
-36.892927,35,13031.381778
-161.407726,37,13031.516875
-152.175292,37,13031.651296
-15.309037,34,13031.771331
-31.64093,35,13031.898399
-31.291871,35,13032.025694
-254.121675,37,13032.163221
1.824172,31,13032.280057
-31.178983,35,13032.406763
22.499521,28,13032.514109
-145.465835,27,13032.621343
-254.725916,37,13032.761637
29.019708,27,13032.86617
-46.568346,37,13033.008905
-53.632526,38,13033.142526
-28.653494,35,13033.267177
-258.051165,37,13048.886183
-105.026178,45,13049.100666
-154.271548,37,13049.25195
-259.563032,51,13049.432976
-171.429465,28,13049.537719
-259.430025,37,13049.675207
-157.284119,25,13049.766945
-56.656594,24,13049.859952
-257.7948,37,13050.014942
-258.399824,37,13050.149987
-1.078542,32,13050.269419
-283.413195,37,13050.407219
-11.264489,33,13050.534454
-251.690175,37,13050.671446
-125.056949,35,13050.796104
-272.964414,37,13051.050366
-291.297984,37,13051.194519
-261.635242,37,13051.328311
-128.890267,34,13051.458116
-255.457085,37,13051.599972
-266.149085,37,13051.735853
95.830713,33,13051.858188
62.823451,37,13051.999361
-262.187164,37,13052.1373
-261.298908,37,13052.285683
-260.814651,37,13052.446524
-260.937729,37,13052.582689
-273.437104,42,13052.744298
-256.99047,37,13052.878416
-40.808938,37,13069.252832
-18.22264,33,13069.391764
-92.578369,30,13069.503204
-259.443633,37,13069.63977
-224.937754,44,13069.831984
-155.767831,37,13069.96698
-162.627094,26,13070.064682
29.917217,26,13070.166325
-163.665647,26,13070.260753
-113.037731,33,13070.37878
-30.991179,35,13070.712281
-271.621431,37,13070.93741
19.517219,30,13071.048381
-43.04013,37,13071.194328
-145.586214,37,13071.324001
-598.456474,84,13071.633522
-153.711618,37,13071.767358
-14.672329,34,13071.890605
-259.547943,37,13072.026709
-252.75614,37,13072.166086
-87.123228,43,13072.320955
-290.95717,37,13072.457088
-253.64974,37,13072.597891
-15.06687,34,13072.723094
22.906658,29,13072.825646
-164.11662,37,13072.961009
-395.591651,87,13086.971852
-26.619282,35,13087.141904
-22.081369,35,13087.275777
-290.875357,37,13087.419659
-22.102432,34,13087.539429
-153.135152,37,13087.673737
-64.287301,25,13087.763708
84.977793,27,13087.86326
-146.073615,37,13088.001748
-259.219698,37,13088.1324
-263.404429,37,13088.265095
-252.206155,37,13088.4068
-205.578984,34,13088.53881
-291.684627,37,13088.676697
-263.534566,37,13088.811414
-246.040905,37,13088.941264
-152.509826,37,13089.082344
-256.808933,37,13089.214074
-14.882473,33,13089.330899
-68.627261,27,13089.430182
-159.810916,37,13089.561721
-125.979081,35,13089.688787
-140.307437,37,13089.828238
-155.580585,26,13089.919556
-47.351386,37,13090.051873
-62.436501,25,13090.14028
-270.259489,37,13090.274583
-32.485201,35,13090.400389
-154.184991,37,13090.533576
-17.015654,34,13090.659785
-12.445435,33,13105.823185
-269.906642,37,13106.006573
-262.380272,37,13106.137832
-148.771717,37,13106.270114
-265.035194,37,13106.406937
-174.641622,29,13106.5153
-5.249014,32,13106.631709
-260.63859,37,13106.7604
-2.199865,32,13106.874866
-280.182588,37,13107.003895
-148.012803,37,13107.140629
-280.003173,37,13107.27592
-23.097585,34,13107.395943
-154.188523,37,13107.530231
-38.151445,36,13107.65945
-142.124858,37,13107.791737
17.049162,30,13107.907187
-180.450246,29,13108.007212
-244.809353,37,13108.129775
-239.762014,37,13108.260884
-148.500653,37,13108.399094
-32.779289,36,13108.532071
-290.46169,37,13108.670602
-39.381991,37,13108.800356
-156.211059,26,13108.897534
-7.153348,33,13109.004927
-40.974747,37,13109.134195
-244.177139,37,13109.26917
-246.8289,37,13109.397558
-27.666604,35,13123.997824
4.985225,30,13124.11751
-277.24081,37,13124.262105
-251.521618,37,13124.394989
7.090613,30,13124.498471
-9.569014,33,13124.619018
-49.740437,23,13124.703657
-20.703047,34,13124.833607
-62.341341,37,13124.966963
-167.133038,28,13125.068919
-157.370417,37,13125.214649
-150.375344,37,13125.361334
-260.860974,37,13125.51552
21.094593,28,13125.623305
21.26106,28,13125.729687
-128.490775,34,13125.853625
-255.296791,37,13125.986137
-245.623842,37,13126.119417
-148.49531,37,13126.258894
-18.221806,33,13126.379008
-240.681371,42,13126.531907
25.230685,28,13126.643715
-247.619779,37,13126.785392
-46.840517,37,13126.918633
-248.715724,37,13127.058691
-103.043046,31,13127.17023
-18.261218,33,13127.284677
-57.003015,27,13127.379632
-285.693042,37,13127.512849
-22.232554,35,13127.640807
-151.185301,37,13145.831829
-157.599104,25,13145.971782
-63.479574,26,13146.088464
-246.954947,37,13146.222648
-57.572827,24,13146.316542
-251.08169,37,13146.45548
-144.906705,22,13146.537901
-270.199874,37,13146.673878
-143.280865,37,13146.811642
-286.111961,37,13146.946309
-262.446746,37,13147.086133
-7.471406,33,13147.204137
-40.852229,37,13147.344065
-87.511133,29,13147.450583
-261.02191,37,13147.592215
-140.036301,37,13147.731
-22.191541,34,13147.859576
-42.553771,37,13147.989601
-284.010063,37,13148.131823
-285.883078,45,13148.290856
-172.194663,29,13148.399554
-137.549609,36,13148.544053
-274.06198,37,13148.85817
-26.337034,35,13149.206444
-49.927326,37,13149.354467
-262.324204,37,13149.492678
-449.932569,101,13149.874085
-21.836111,35,13150.002386
-264.183936,37,13164.364881
-32.961495,35,13164.551066
-255.016729,37,13164.700416
-147.883295,23,13164.790778
12.656703,29,13164.903279
-28.89675,35,13165.02534
-214.238259,42,13165.177283
-8.573752,32,13165.295002
-155.002037,37,13165.428482
-270.191716,37,13165.558171
-258.847342,37,13165.699363
-142.364063,37,13165.827868
5.624852,31,13165.936842
-137.583199,36,13166.070948
-63.989905,26,13166.165986
-67.333239,28,13166.266298
-143.712159,23,13166.354932
-66.275415,26,13166.448125
-261.114424,37,13166.58308
-36.701736,36,13166.72406
-73.975043,29,13166.990743
-37.024197,36,13167.247793
-160.619385,37,13167.402803
-269.96818,44,13167.558304
-25.10745,35,13167.694581
-62.042503,25,13167.78032
-248.362373,37,13167.920807
-163.017813,28,13168.02068
-77.685011,28,13168.123424
-126.872009,34,13168.258365
-143.109194,37,13168.396084
-53.520716,38,13183.142039
-7.655541,33,13183.304699
-22.304145,35,13183.437085
-70.153327,27,13183.535038
-0.836932,31,13183.653154
-256.955593,37,13183.80553
-640.250145,101,13184.168939
-620.897728,90,13184.501389
-63.915705,39,13184.640647
-151.761243,36,13184.780004
-61.256575,37,13184.918538
-240.474957,37,13185.173117
-76.55561,29,13185.284068
-30.529795,35,13185.418601
-367.064029,63,13185.64119
-262.781377,37,13185.784544
-127.775902,34,13185.910158
9.754323,31,13186.024177
15.886796,30,13186.134099
-241.360495,37,13186.273324
-43.337396,37,13186.429381
-161.135401,37,13186.584292
-136.407473,35,13186.718021
-249.108074,52,13186.909211
-21.507819,34,13187.031294
