#{"t_start": 1736963266.824072, "env_id": "gymnasium_env/PingPongEnv-v0"}
r,l,t
-240.94971,37,19.959245
-259.227847,37,20.132351
-239.238632,37,20.305642
-250.199181,37,20.470455
-252.018973,37,20.645643
-289.155974,37,20.809436
-259.764371,37,20.97655
-321.054078,46,21.175688
-261.448029,37,21.338395
-246.705217,37,21.502676
-254.45703,37,21.667122
-258.684024,37,21.82668
-275.98686,37,21.988767
-277.639298,37,22.589837
-269.520839,37,22.778157
-247.907909,37,22.988918
-192.157637,31,23.24761
-252.029554,37,23.508131
-252.589011,37,23.744855
-252.478818,37,23.965921
-247.125294,37,24.204236
-270.10267,37,24.396093
-263.566946,37,24.616069
-269.332671,37,24.820965
-265.612794,37,25.312617
-240.082739,37,25.827468
-279.879847,42,26.284566
-244.570782,37,26.760271
-257.467987,37,27.158777
-254.935083,37,28.011281
-275.281092,37,29.112606
-293.906808,37,29.601782
-257.663742,37,30.038304
-262.363308,37,30.410441
-266.838418,37,30.612093
-292.183191,37,30.78737
-264.211664,37,30.955904
-279.895436,37,31.11204
-259.110839,37,31.278514
-248.738541,37,31.448672
-303.160195,37,31.617204
-263.343123,37,31.769634
-263.80839,37,31.923276
-283.846633,37,32.077517
-252.095033,37,32.249255
-262.254612,37,32.40602
-268.494674,37,32.584637
-277.112379,37,32.751958
-253.652061,37,32.947303
-249.756338,37,33.112824
-251.932492,37,33.283168
-251.535762,37,33.47705
-264.744032,37,33.652388
-258.945887,37,33.811101
-272.38182,37,33.96794
-276.473277,37,1119.546448
54.191373,51,1119.854774
-269.667536,37,1120.03017
-268.022648,37,1120.205669
-254.843363,37,1120.38843
-248.544227,37,1120.561528
-244.365097,37,1120.726821
-158.825573,26,1120.838121
-253.969254,37,1121.009921
-265.846079,37,1121.188197
-238.028942,37,1121.349938
-271.658173,40,1121.538588
-253.987429,37,1121.704149
-260.190778,37,1121.92383
-240.79524,37,1122.147067
-271.224087,37,1122.501657
-277.268222,37,1122.729028
-492.518791,76,1123.345843
-273.099628,37,1124.184649
-256.035358,37,1124.505828
-243.433523,37,1124.698923
-260.784339,37,1124.8956
-258.443696,37,1125.074878
-288.144136,37,1125.251147
-249.424311,37,1125.445117
-278.85626,37,1125.712033
-248.581446,37,1125.936623
-265.114865,37,1126.124478
-251.580854,37,1126.780611
-251.617403,37,1127.006235
-250.015529,37,1127.238955
-274.398626,37,1127.50587
-284.274603,37,1127.718946
-254.86753,37,1127.904359
-268.234366,37,1128.072206
-271.096704,37,1128.232699
-292.288969,37,1128.410837
-262.806861,37,1128.578252
-247.827912,37,1128.735087
-253.953193,37,1128.921857
-247.243534,36,1129.097757
-282.322517,37,1129.257262
-257.925977,37,1129.428424
-274.064266,37,1129.604692
-258.382119,37,1129.777773
-252.917113,37,1129.955774
-270.199925,37,1130.107386
-289.843392,37,1130.273063
-247.941965,37,1130.439905
-248.108547,37,1130.619901
-251.509517,37,1130.840851
-273.791892,37,1131.041575
-250.480154,37,1131.209315
-254.155359,37,1131.387455
-246.756041,37,1143.626565
-232.569861,36,1143.79693
-277.982898,37,1143.951954
-264.953543,37,1144.100297
-257.091234,37,1144.25426
-258.89164,37,1144.401762
-530.374265,101,1144.802792
-244.102703,37,1144.958943
-110.143693,32,1145.085891
-271.148176,37,1145.244616
-270.138601,37,1145.50131
-247.403354,37,1145.665419
-240.027049,37,1145.855843
-240.294844,37,1146.059629
-274.147667,37,1146.21482
-254.148439,37,1146.373135
-277.876573,37,1146.545948
-233.334657,36,1146.716668
-255.327944,37,1146.891932
-249.209775,37,1147.045742
-291.984691,37,1147.208318
-246.945524,37,1147.375786
-272.730317,37,1147.576082
-263.630978,37,1147.769346
-262.349199,37,1147.937639
-233.014945,36,1148.110559
-253.076818,37,1148.281068
-260.080319,37,1148.450072
-250.26163,37,1148.640026
-261.868756,37,1148.812172
-247.459286,37,1148.974157
-277.166931,37,1149.145258
-256.315227,37,1149.363346
-273.172272,37,1149.538238
-263.240562,37,1149.726802
-250.73303,37,1149.891753
-244.007621,37,1150.096458
-255.271731,37,1150.274687
-239.852725,37,1150.436338
-278.98867,37,1150.600656
-259.057109,37,1150.76885
-295.601173,37,1151.357174
-257.921263,37,1151.605771
-231.030791,35,1151.800452
-262.515088,37,1151.995785
-76.04116,37,1152.159649
-293.965563,37,1152.324897
-273.249795,37,1152.497118
-278.559051,37,1152.672961
-279.194,37,1152.828244
-252.936673,37,1152.989758
-254.394067,37,1153.152414
-258.08832,37,1153.31511
-282.265662,37,1153.472095
-242.790555,37,1161.717667
-267.400459,37,1161.906593
-269.053186,37,1162.061338
-247.270356,37,1162.352239
-278.868384,37,1162.52114
-292.769549,37,1162.706807
-273.475042,37,1162.866189
-243.285086,37,1163.013939
-167.267501,28,1163.135608
-263.64886,37,1163.293327
-247.967341,37,1163.447
-270.270961,37,1163.604133
-254.083824,37,1163.763195
-273.865862,37,1163.91614
-247.940596,37,1164.077789
-273.99616,37,1164.226633
-259.370514,37,1164.381082
-259.252508,37,1164.533796
-284.630176,37,1164.694816
-229.38726,35,1164.853144
-274.499589,37,1165.005599
-501.938534,71,1165.304492
-250.025524,37,1165.458687
-249.92759,37,1165.605846
-248.726731,37,1165.758917
-247.470917,37,1165.910405
-253.803598,37,1166.066885
-254.538407,37,1166.220557
-251.762098,37,1166.382637
-263.902371,37,1166.559598
-285.098074,37,1166.743369
-252.175022,37,1166.922578
-143.616653,39,1167.090381
-263.095016,37,1167.266489
-243.688671,38,1167.446872
-274.495239,37,1167.620028
-253.920511,37,1167.891064
-249.059211,37,1168.132813
-155.538157,25,1168.420908
-266.568504,37,1168.812298
-247.703074,37,1169.191043
-257.05756,37,1169.583335
-202.945348,31,1169.944273
-287.351485,37,1170.314349
-251.950577,37,1170.769637
-147.128448,37,1171.11859
-271.766023,37,1171.339567
-279.314941,37,1171.542789
-53.306051,24,1171.645417
-237.164643,37,1171.800187
-236.855459,36,1171.960945
-273.688744,37,1172.117696
-262.711528,37,1172.263672
-250.144255,37,1172.41562
-275.059588,37,1172.572885
-271.953588,37,1179.319388
-255.577968,37,1179.526098
-240.325697,37,1179.694073
-243.249809,37,1179.846464
-269.585623,37,1179.995497
-245.385457,37,1180.143528
-247.131491,37,1180.305855
-265.527974,37,1180.469372
-249.952134,37,1180.650506
-247.902426,37,1180.809272
-277.576907,37,1180.969704
-242.730838,37,1181.127597
-69.890553,28,1181.243754
-245.726712,37,1181.396267
-241.875636,37,1181.556118
-228.720291,35,1181.693499
-249.694266,37,1181.847718
-268.992264,37,1181.996841
-245.823937,37,1182.152015
-263.397991,37,1182.311949
-255.492756,37,1182.461693
-259.827184,37,1182.612193
-261.809654,37,1182.759355
-264.551204,37,1182.913695
-238.277851,37,1183.067141
-265.094375,37,1183.231165
-37.434699,23,1183.327368
-263.127576,37,1183.480568
-263.909611,37,1183.639425
-252.426912,37,1183.806056
-414.896267,57,1184.043816
-270.20426,37,1184.196911
-265.646642,37,1184.490986
-246.228686,37,1184.644068
-238.955999,37,1184.792234
-247.631417,37,1184.949934
-243.940667,37,1185.102914
-256.075289,37,1185.256046
-247.784327,37,1185.405874
-286.08546,37,1185.565794
-264.338415,37,1185.718457
-309.551719,101,1186.146156
-280.526675,37,1186.301741
-244.139402,37,1186.457933
-263.868402,37,1186.606853
-262.011869,37,1186.758703
-267.234709,37,1186.928319
-278.987561,37,1187.087905
-282.303555,37,1187.243654
-283.082583,42,1187.414937
-283.370828,37,1187.567583
-264.418226,37,1187.717378
-223.58629,34,1187.861702
-252.622485,37,1188.023598
-190.470169,31,1196.96373
-174.202067,29,1197.121773
75.555762,22,1197.224707
-267.552992,37,1197.388897
-161.020521,26,1197.512604
-274.435824,37,1197.666673
-263.455987,37,1197.823934
-271.135341,37,1197.980532
-290.12113,37,1198.130613
-289.018715,37,1198.276407
-270.613924,37,1198.428836
-241.00791,37,1198.582532
-248.367252,37,1198.731092
-235.428623,37,1198.888151
-248.610275,37,1199.040297
-254.188553,37,1199.192238
-238.387965,37,1199.345425
-265.959068,37,1199.496749
-240.700367,37,1199.645648
-248.507609,37,1199.79675
-126.363511,21,1199.879911
-252.888605,37,1200.031639
-264.822817,37,1200.182782
-241.168928,37,1200.333729
-242.813992,37,1200.483115
-277.799295,37,1200.635302
-257.154337,37,1200.779016
-255.438169,37,1200.935211
-272.62922,37,1201.088365
-261.338461,37,1201.238754
-249.635071,37,1201.387394
-275.117513,37,1201.537272
-260.150985,37,1201.680973
-275.098789,37,1201.832714
-268.49523,37,1201.983155
-275.235244,37,1202.144387
-254.498882,37,1202.298024
-263.935827,37,1202.440746
-235.504351,37,1202.588894
-248.154616,37,1202.737937
-248.70987,37,1202.885662
-248.356399,37,1203.035985
-260.038582,37,1203.184084
-244.245691,37,1203.330956
-278.460697,86,1203.665278
-251.199816,37,1203.811104
-285.512652,37,1203.962242
-250.083076,37,1204.109399
-257.714873,37,1204.25805
-241.216417,37,1204.418417
-245.360412,37,1204.567119
-194.102593,31,1204.687179
-180.932178,30,1204.808921
-252.954423,37,1204.960711
-239.772988,37,1205.112664
-257.459273,37,1205.271881
-242.457574,37,1212.198838
-241.118391,37,1212.38457
-254.580735,37,1212.560404
73.410695,21,1212.656978
-258.23688,37,1212.823035
-248.879313,37,1212.970215
-265.228237,37,1213.255007
-241.652108,37,1213.410487
-258.010173,37,1213.569182
-259.95802,37,1213.723646
-273.121555,37,1213.867852
-50.705178,26,1213.971504
-238.099584,37,1214.12171
-257.970093,37,1214.273912
-271.995361,37,1214.42437
-260.164934,37,1214.575753
-247.348112,37,1214.723605
-246.574148,37,1214.872614
-260.962353,37,1215.022663
-256.156895,37,1215.174262
-256.225099,37,1215.322828
-269.257093,37,1215.469804
-266.033822,37,1215.654319
-113.34375,35,1215.799917
-260.86648,37,1215.958628
-236.34025,37,1216.109044
-280.807232,37,1216.249331
-250.682607,37,1216.397348
-276.754613,37,1216.542545
-259.592385,37,1216.691987
-240.682941,37,1216.841659
-247.556905,37,1216.996797
-278.924328,37,1217.147536
-268.776797,37,1217.300839
-238.082889,37,1217.453917
-233.036076,37,1217.606084
-243.752479,37,1217.7632
-284.362753,42,1217.937751
-236.208645,37,1218.091061
-281.305065,37,1218.241006
-200.841221,31,1218.580662
-249.488379,37,1219.110538
-250.468015,37,1219.379929
-270.837959,37,1219.665277
-262.585904,37,1220.037356
-240.92223,37,1220.366154
-266.999339,37,1220.758899
-265.886827,37,1221.135071
-242.896551,37,1221.561949
-243.456551,37,1221.989894
-267.798295,37,1222.285207
-258.921001,37,1222.520543
-246.191028,37,1222.724643
-246.101993,37,1222.885324
-175.196167,29,1223.006398
-258.495991,37,1223.153486
-197.186219,32,1229.894909
-245.514981,37,1230.104487
-608.433941,101,1230.534123
-258.113056,37,1230.681134
-246.827766,37,1230.832514
-269.148755,37,1230.983279
-266.85851,37,1231.129101
-191.94566,30,1231.249559
-269.982201,37,1231.392553
-240.615738,37,1231.540794
-259.534458,37,1231.695275
-145.184148,23,1231.791483
-259.916635,37,1231.939597
-249.524863,37,1232.088032
-242.181791,37,1232.242233
-256.334451,37,1232.3984
-263.229796,37,1232.551882
-246.016158,37,1232.700991
-247.758108,37,1232.855999
-239.512196,37,1233.006158
-274.053931,37,1233.15559
-297.267769,37,1233.305437
-247.615815,37,1233.458377
-240.66528,37,1233.613435
-246.1046,37,1233.762064
-237.782302,37,1233.911879
-180.43587,28,1234.025557
-248.074172,37,1234.17372
-268.590662,37,1234.321248
-249.705055,37,1234.469397
-267.014535,37,1234.622636
-14.016091,20,1234.700583
-270.372093,37,1234.854999
-248.882224,37,1234.999172
-238.657276,37,1235.158476
-242.352418,37,1235.447125
-294.781182,44,1235.628619
-230.351785,36,1235.883379
-265.305028,41,1236.052296
-246.411372,37,1236.199332
96.322979,18,1236.274116
-279.139959,37,1236.41747
-256.812908,37,1236.617537
-246.896144,37,1236.816425
-255.718444,37,1237.01625
-257.930302,37,1237.173005
-242.051831,37,1237.322892
-255.946679,37,1237.479539
-241.142556,37,1237.635987
-252.451867,37,1237.789932
-247.938863,37,1238.085828
-148.431991,37,1238.239736
-258.64396,37,1238.399472
-257.099066,37,1238.555595
-146.956431,39,1238.71345
-259.381869,37,1247.79198
-280.547158,41,1248.049293
-253.861761,37,1248.226549
-247.061286,37,1248.379705
-237.66601,37,1248.527128
-226.752662,35,1248.667809
-264.445283,37,1248.817784
-241.165462,37,1248.979362
-269.314165,39,1249.130208
-243.464767,37,1249.273576
-241.43733,37,1249.429832
-263.217547,37,1249.583438
-351.923401,50,1249.783668
-246.514485,37,1249.931292
-258.490014,37,1250.078707
-257.629225,37,1250.224202
-268.149218,37,1250.378865
-259.603043,37,1250.530566
-255.846014,37,1250.67983
-251.471607,37,1250.827156
-251.811201,37,1250.973069
-151.535748,26,1251.082599
-240.048558,36,1251.228427
-266.354015,37,1251.38083
-260.538352,37,1251.531788
-591.735747,101,1251.941308
-265.134995,37,1252.096235
-266.99551,37,1252.242872
-250.609518,37,1252.387765
-239.731774,37,1252.542288
-269.028902,37,1252.693592
-252.022719,37,1252.845931
-179.951748,29,1252.965313
-236.44011,37,1253.118287
-244.134083,37,1253.271466
-256.169995,37,1253.422317
-232.845829,37,1253.566009
-255.927986,37,1253.716718
-231.088861,37,1253.860808
-278.801902,42,1254.028442
-242.714079,37,1254.181473
-266.995579,37,1254.337032
-265.857101,37,1254.480262
-249.534278,37,1254.627271
-292.35229,57,1254.865612
-117.075345,38,1255.01322
-241.861853,37,1255.162282
-244.556868,37,1255.309827
-268.516627,37,1255.469356
-240.76389,37,1255.65975
-264.348267,37,1255.851252
-239.312408,37,1256.059183
-247.674052,37,1256.244446
-225.916793,36,1263.358266
-266.891893,37,1263.580652
-250.608898,37,1263.746764
-249.971082,37,1263.892933
-247.170105,37,1264.038561
-242.337199,37,1264.185477
-247.995903,37,1264.335948
-247.175977,37,1264.481245
-146.933212,24,1264.573846
-264.854076,37,1264.842997
-267.803401,37,1264.998212
-247.923409,37,1265.145248
-235.493773,37,1265.295028
-270.211064,41,1265.457917
-47.404885,26,1265.560388
-245.826817,37,1265.714713
-266.00621,37,1265.862192
-256.657097,37,1266.009116
-531.150611,94,1266.383794
-123.59433,37,1266.531062
-216.52686,34,1266.667799
-245.36117,37,1266.813185
-140.189143,24,1266.915121
-148.171876,24,1267.013459
-277.24008,37,1267.160828
-254.279065,37,1267.313713
-266.187107,37,1267.458338
-156.582449,39,1267.61262
-270.708513,37,1267.760599
-255.849132,37,1267.914572
-262.51836,37,1268.059876
-277.004495,37,1268.207743
-241.530073,37,1268.356549
-258.827172,37,1268.51066
-229.550607,37,1268.659234
-268.491082,37,1268.805501
-249.844135,37,1268.95793
-240.829091,37,1269.104448
-249.044556,37,1269.248952
-279.671337,37,1269.394397
-261.428493,37,1269.541426
-260.802069,37,1269.690515
-246.312519,37,1269.835439
-257.988211,37,1269.987034
-259.709029,37,1270.136228
-239.782526,37,1270.317359
-270.49597,37,1270.522319
-268.59434,37,1270.778927
-131.698496,22,1270.946378
-250.375773,37,1271.234517
-263.588917,37,1271.525183
-264.767429,37,1271.818764
-250.779743,37,1272.21707
-255.257284,37,1272.614227
-256.063225,37,1272.955303
-249.409782,37,1273.278133
-253.621344,37,1280.938305
-12.599616,20,1281.048658
-270.09414,37,1281.218789
-254.890595,37,1281.375525
-241.577551,37,1281.53148
-262.073926,37,1281.683807
-258.09948,37,1281.836276
-156.429812,25,1281.95007
-38.120709,23,1282.044609
-253.060395,37,1282.197832
-269.538275,37,1282.343051
-30.924487,23,1282.436324
-233.620979,36,1282.575265
-249.148527,37,1282.72193
-260.24944,37,1282.872368
-243.084647,37,1283.024395
-260.56534,37,1283.175524
-278.696791,37,1283.323952
-257.29602,37,1283.470923
-251.56161,37,1283.616388
-255.418041,37,1283.766594
-253.219467,37,1283.915209
-256.975471,37,1284.062025
-256.266431,37,1284.205134
-269.152683,37,1284.346341
-260.867937,37,1284.494567
-242.454038,37,1284.64063
-118.97152,34,1284.781153
-274.319896,37,1284.927697
-281.934055,37,1285.072719
-267.866569,37,1285.224522
-256.069127,37,1285.371983
-254.452355,37,1285.519581
-264.961563,37,1285.664618
-246.706665,37,1285.806169
-271.081906,45,1285.98801
-166.861267,26,1286.087065
-252.334385,37,1286.237398
-249.713444,37,1286.390303
-142.064212,37,1286.674922
-253.289608,37,1286.830579
-259.7082,37,1286.979537
-231.449753,36,1287.125738
-40.790981,25,1287.225894
-264.367224,37,1287.375596
-249.745187,37,1287.52441
-30.794152,35,1287.668124
-243.239128,37,1287.818592
-190.500978,33,1287.947644
-244.705891,37,1288.107099
-273.316241,37,1288.252335
-250.321736,37,1288.401199
-262.292135,37,1288.606336
-183.020646,44,1288.798708
-264.596388,37,1288.949424
-194.535783,30,1289.069861
-254.480383,37,1289.217999
-244.664853,37,1289.365823
-256.656046,39,1297.991766
-258.345865,37,1298.145786
-262.633364,37,1298.300579
-214.87549,34,1298.441628
-248.176377,37,1298.590023
-51.137898,25,1298.691385
-250.892399,37,1298.844156
-241.253883,37,1298.99292
-255.233988,37,1299.143303
-253.130157,37,1299.290017
-25.198308,22,1299.383464
-254.546185,37,1299.530191
-258.116198,37,1299.686433
-260.335048,37,1299.839067
-256.252355,37,1299.979868
-240.482751,37,1300.131501
-265.125118,37,1300.278331
-283.668858,37,1300.42448
-236.372169,37,1300.572778
-256.027132,37,1300.72504
-65.048439,48,1300.913852
-239.803747,37,1301.064462
-244.055681,37,1301.210103
-259.329464,37,1301.36006
-243.118724,37,1301.508781
-241.689789,37,1301.660038
-258.46938,37,1301.810712
-177.083497,28,1301.922659
-257.331606,37,1302.082792
-257.563115,40,1302.241365
-311.290046,67,1302.510953
-263.522923,37,1302.662103
-247.131524,37,1302.806853
-257.442971,37,1302.951326
-139.853422,23,1303.042685
-36.085069,23,1303.13791
-254.047164,37,1303.287064
-254.645344,37,1303.437602
-239.299995,37,1303.584205
-253.852952,37,1303.729571
-248.432273,37,1303.875925
71.640937,23,1303.965861
-242.17219,37,1304.114805
-141.022367,37,1304.262087
-252.255047,38,1304.41521
-240.379056,37,1304.55994
-244.073358,37,1304.708291
-257.948425,37,1304.855496
-251.125696,37,1304.997911
-235.873766,37,1305.141716
-248.969265,37,1305.28972
-275.125838,37,1305.435873
-236.544587,36,1305.582596
-233.926337,39,1305.734611
-252.874922,37,1305.880615
-171.171703,30,1306.000539
-248.694692,37,1312.64364
-172.710155,27,1312.787608
-253.761924,37,1312.935768
-262.149543,37,1313.077494
-292.208889,37,1313.219925
-241.673772,37,1313.370706
-242.069151,37,1313.519473
-246.520415,37,1313.661034
-207.917518,32,1313.786215
-270.441913,37,1313.932376
-147.560335,24,1314.026334
-244.627355,37,1314.175275
-249.003978,37,1314.451248
-304.768299,48,1314.635492
-241.689355,37,1314.784453
-246.765205,37,1314.932856
-256.220929,37,1315.082016
-248.932128,37,1315.225646
-245.741399,37,1315.376362
-154.63301,26,1315.477844
-230.989326,37,1315.62735
-280.054744,37,1315.772747
-261.086619,37,1315.915701
-237.786581,37,1316.060293
-270.670385,37,1316.206181
-251.663624,37,1316.351033
-276.760136,37,1316.502912
-47.311472,26,1316.606958
-271.358082,37,1316.750565
-203.235749,63,1316.99917
-235.702353,37,1317.148369
-248.658465,37,1317.290497
-240.548723,50,1317.489986
-96.989505,72,1317.784671
-233.54618,37,1317.932877
-247.885709,37,1318.074725
-210.719744,33,1318.20441
-248.371458,37,1318.350181
-197.626888,33,1318.482227
-243.894678,37,1318.62659
-240.227448,37,1318.77192
-238.059994,37,1318.921815
-251.602703,37,1319.065164
-249.48304,37,1319.207123
-258.700892,37,1319.351822
-252.437215,37,1319.499134
-167.64194,59,1319.730072
-234.023058,37,1319.945171
-171.714732,29,1320.109406
-159.055949,26,1320.298297
-280.186622,37,1320.566357
-255.680187,37,1320.858614
-257.98801,37,1321.124395
-230.894477,57,1321.564242
-279.403549,37,1329.830493
-495.694173,69,1330.148711
-255.724799,37,1330.321806
-234.014146,37,1330.474152
-275.793693,37,1330.625965
-273.186514,37,1330.773256
-255.628474,37,1330.921493
-283.227528,37,1331.071956
-269.641809,37,1331.219626
-247.541375,37,1331.374953
-239.451293,37,1331.524305
-265.926845,37,1331.670285
-241.714636,37,1331.826422
-273.732891,37,1331.979821
-271.881009,37,1332.14043
-238.966978,37,1332.289483
-261.952763,37,1332.435445
-262.940003,37,1332.579891
-237.399234,37,1332.721617
-250.593917,37,1332.870728
-264.36575,37,1333.018398
-236.021795,36,1333.162694
-252.908406,37,1333.30883
-261.901808,37,1333.451743
-111.734565,35,1333.589241
-252.900244,37,1333.742294
-141.448032,24,1333.83828
-243.113729,37,1333.98609
-257.620255,37,1334.132183
-240.421476,37,1334.276166
-99.973958,51,1334.477377
-279.854335,37,1334.62051
-257.311155,37,1334.761946
-237.42191,37,1334.907804
-253.15503,37,1335.047421
-248.96811,37,1335.197433
-312.836481,50,1335.391931
-252.339274,37,1335.539428
-262.688974,37,1335.686967
-270.578624,37,1335.963847
-244.861099,37,1336.117816
-239.901968,37,1336.270794
-253.39005,37,1336.423199
-259.557172,37,1336.57042
-638.040039,82,1336.909643
-176.151278,28,1337.026762
-247.548779,37,1337.17357
-237.937582,37,1337.3187
-138.904482,23,1337.410501
-243.424056,37,1337.568442
-273.14288,37,1337.716832
-234.825434,37,1337.862332
-247.20751,37,1338.014527
55.116699,25,1338.108181
-244.317316,37,1347.929516
-178.652415,32,1348.08445
-244.026931,37,1348.243854
-258.203464,37,1348.385341
-236.769712,37,1348.534227
-240.450013,37,1348.681857
-253.053886,37,1348.828628
-244.860233,37,1348.979038
-256.710427,37,1349.124002
-255.121127,37,1349.26756
-248.761267,37,1349.417773
-254.019483,37,1349.56542
-147.154339,38,1349.717613
-243.401131,37,1349.864437
-253.378231,37,1350.012349
-249.772643,37,1350.157185
-279.408421,37,1350.299134
-243.55549,37,1350.443381
-168.457244,26,1350.546729
-244.550731,37,1350.691142
-253.216103,37,1350.841816
-166.427973,26,1350.940262
-239.912969,37,1351.090419
-246.238862,37,1351.237549
-233.22124,37,1351.39635
-236.586801,37,1351.539337
-245.879272,37,1351.687286
-256.25967,37,1351.840602
-172.195212,26,1351.945163
-247.556446,37,1352.101353
-255.00194,37,1352.252481
-248.28402,37,1352.401397
-246.982654,37,1352.550767
-243.244083,37,1352.700102
-264.830782,37,1352.852197
-227.701322,36,1352.991317
-265.600573,37,1353.134663
-256.841324,37,1353.278877
-154.954977,40,1353.439519
-234.312739,36,1353.583045
-49.308628,27,1353.693331
-247.4482,37,1353.844006
-242.989445,37,1353.993022
-209.096499,69,1354.266544
-248.07609,37,1354.413914
-259.570815,37,1354.565089
-248.206553,37,1354.709674
-235.505395,37,1354.860508
-96.883781,35,1354.997164
-256.105809,37,1355.138987
-244.677656,37,1355.299462
-265.537691,37,1355.447505
-89.961331,31,1355.577165
-187.485503,31,1355.701288
-643.905437,101,1362.377053
-256.426309,37,1362.613866
-243.266156,37,1362.775612
-231.681886,37,1362.925269
-261.380235,37,1363.07905
-239.768885,37,1363.224896
-293.363591,37,1363.369448
-246.779286,37,1363.510212
-130.444935,39,1363.668099
-163.776765,26,1363.769651
-266.853057,41,1363.932276
-241.249658,37,1364.080394
-134.026405,36,1364.221614
-259.933317,39,1364.37583
-246.713264,37,1364.526719
-254.684552,37,1364.789911
-279.664846,37,1364.9381
5.04405,32,1365.07565
-265.003692,37,1365.225047
-242.348779,37,1365.369405
-65.927725,27,1365.473781
-248.884774,37,1365.619951
-262.002543,37,1365.767461
-261.67961,37,1365.913003
-246.893309,37,1366.062503
-238.065212,37,1366.210022
-234.157667,37,1366.356099
-169.3362,28,1366.468632
-250.734797,37,1366.615361
-248.147162,37,1366.764851
-188.231774,31,1366.885978
-38.544058,25,1366.986628
-246.679415,37,1367.140652
-235.803816,37,1367.295804
-250.724924,37,1367.443217
-246.210506,37,1367.596424
-260.226487,37,1367.751394
-249.873691,37,1367.895381
-260.366833,37,1368.04584
-261.226127,37,1368.192123
-256.268374,37,1368.347512
-270.267834,37,1368.492241
-236.694621,37,1368.644199
-181.726215,31,1368.767058
-244.657861,37,1368.914282
-239.842797,37,1369.054963
-242.839995,37,1369.197577
-219.828439,34,1369.335716
-261.130046,37,1369.483907
-242.431643,37,1369.627719
-269.534102,37,1369.772323
-136.667141,37,1369.91914
-250.172701,37,1370.074934
-244.990018,37,1370.299234
-258.602314,37,1370.542605
-241.543609,37,1370.849803
-244.487818,37,1371.119368
-58.456068,27,1379.651941
-251.906505,37,1379.860869
-238.931573,37,1380.013718
-270.119771,37,1380.166233
-242.078556,37,1380.30984
-169.012055,30,1380.428538
-258.229883,37,1380.581494
-268.304126,42,1380.744884
-254.281291,37,1380.89163
-256.948343,37,1381.042342
-291.411617,37,1381.199054
-252.407534,37,1381.344356
-134.107892,35,1381.48428
-121.414667,34,1381.61921
-253.70725,37,1381.773552
-239.936168,37,1381.922669
-250.995724,37,1382.072113
-255.524597,37,1382.216969
-245.318559,37,1382.363774
-246.140348,37,1382.510675
-271.344702,37,1382.662336
-167.708634,26,1382.761668
-277.123684,37,1382.977757
-251.982822,37,1383.133547
-236.397944,37,1383.28191
-250.852429,37,1383.433845
-254.137193,37,1383.58383
-136.434598,24,1383.682331
16.130525,30,1383.80089
-434.01455,61,1384.045061
-222.660814,34,1384.185402
11.522851,30,1384.308006
-243.991941,37,1384.456616
-246.363724,37,1384.601068
-251.523985,37,1384.747287
-254.09295,37,1384.892581
-52.3078,27,1384.999849
-244.488679,37,1385.14467
-258.964198,37,1385.301826
-140.190786,56,1385.52343
-253.819822,37,1385.666766
-262.680259,37,1385.812819
-250.154607,37,1385.963412
-265.79247,37,1386.11073
-150.048937,25,1386.209878
-594.482517,101,1386.720426
-240.483525,37,1386.867744
-252.556143,37,1387.022129
-297.930176,37,1387.166968
-281.831947,37,1387.317802
-256.683114,37,1387.464965
-187.799482,30,1387.584172
-252.174768,37,1387.730375
-265.901241,37,1387.883361
-235.959393,37,1388.030139
-252.609428,37,1396.257787
-267.981217,37,1396.440146
-246.108386,37,1396.584804
-252.1759,37,1396.73959
-274.402189,37,1396.889268
-254.764695,37,1397.046708
-134.119609,37,1397.20886
-203.713364,53,1397.41359
-243.463684,37,1397.556782
-246.111022,37,1397.706351
-261.929199,37,1397.855424
-324.143955,50,1398.053535
-261.792067,37,1398.196983
-260.263585,37,1398.341992
-279.131119,37,1398.48847
-277.592676,37,1398.633496
-239.235638,37,1398.78936
-253.801008,37,1398.938402
-256.355146,37,1399.085071
-238.771865,41,1399.250942
-108.657348,33,1399.379111
-244.921541,37,1399.530503
-147.420644,24,1399.632929
-240.961445,37,1399.780335
-244.868706,37,1399.931079
-254.589146,37,1400.078552
-260.621049,37,1400.22694
-244.738708,37,1400.373865
-269.791411,37,1400.524969
-66.492568,27,1400.629935
-254.145232,37,1400.778677
-180.019819,28,1400.892482
-257.567969,37,1401.033219
-167.095149,40,1401.199041
-266.384178,37,1401.347797
-265.512759,37,1401.49226
-268.270654,37,1401.637088
-205.583797,33,1401.768914
-243.572942,37,1401.925895
-267.226025,37,1402.08273
-245.217412,37,1402.225972
-238.793171,37,1402.371553
-185.136873,30,1402.487223
-259.3339,37,1402.637258
-240.806578,37,1402.785398
-160.176183,26,1402.893359
-257.011716,37,1403.03996
-200.018735,31,1403.166263
-268.351464,37,1403.313356
-37.742052,36,1403.460108
-193.407371,32,1403.585418
-177.801952,41,1403.748428
-144.213206,24,1403.841587
-136.921063,36,1403.98466
-223.453901,35,1404.131944
-166.036211,28,1404.252199
-280.034756,37,1404.399804
-252.699337,37,1956.784533
-244.299319,37,1957.070649
-259.430607,37,1957.402011
-239.737741,37,1957.711677
-264.34164,37,1958.110834
-250.83851,37,1959.142008
-238.54461,37,1959.642562
-245.660091,37,1959.882394
-245.169793,37,1960.104926
-247.935759,38,1960.377788
-16.096376,20,1960.529047
-247.287673,37,1960.901076
-197.49686,32,1961.52056
-255.805109,37,1961.830865
-275.403321,43,1962.188724
-238.229795,37,1962.593897
-239.374259,37,1962.891281
-247.426692,37,1963.501791
-247.270752,37,1963.82491
-341.651622,50,1964.251801
-241.41736,37,1964.436982
-246.98377,37,1964.611578
-245.704955,37,1964.776771
-250.627179,37,1964.943784
-245.612573,37,1965.096046
-245.4359,37,1965.252123
-250.876361,37,1965.416199
-253.000309,37,1965.604097
-236.134231,37,1965.773358
-242.655179,37,1965.940942
-261.775841,37,1966.095932
-251.382795,37,1966.264587
-255.572847,37,1966.429765
-248.365051,38,1966.619132
-250.298607,37,1966.791168
-240.30199,37,1966.948032
-150.564533,26,1967.067336
-252.446531,37,1967.226465
-124.484705,19,1967.320185
-271.176637,37,1967.520477
-276.827492,37,1967.727681
-255.000134,37,1967.96173
47.688718,26,1968.124532
-274.411555,37,1968.342634
-276.331327,37,1968.54666
-273.630631,37,1968.740993
-255.808176,37,1968.965774
-276.394626,37,1969.221102
-245.454196,37,1969.48674
-252.813646,37,1970.021445
-135.753107,35,1970.475285
-274.153234,37,1971.021049
-269.450185,37,1971.519902
-618.090081,94,1972.794765
-283.410516,37,1973.331137
-256.440606,37,1992.933
-248.156155,37,1993.117782
-10.767258,39,1993.317939
-250.152606,37,1993.525912
-144.724871,37,1993.72427
-251.082681,37,1993.909648
-263.991054,37,1994.102203
-239.566663,37,1994.268917
-238.294539,37,1994.447256
-250.395146,37,1994.61905
-243.20329,37,1994.792676
-266.387603,40,1994.973955
-256.982363,37,1995.140261
-95.898344,31,1995.281422
-249.961575,37,1995.45476
-243.85878,37,1995.626473
-262.817031,37,1995.796176
-257.290894,35,1995.958281
-254.648068,37,1996.125177
-271.762356,37,1996.289781
-227.805823,35,1996.452815
-255.412483,37,1996.619809
-251.358084,37,1996.785298
-247.097715,38,1996.954934
-160.342086,27,1997.077005
-293.555729,42,1997.265232
-242.195009,37,1997.426841
-278.818087,43,1997.641537
-255.022756,37,1997.822122
-32.010181,22,1997.922808
-724.153495,101,1998.411208
-259.575694,37,1998.608938
-262.250584,37,1998.801226
-245.845888,37,1998.985695
-225.846072,36,1999.173959
-250.976324,37,1999.373343
-205.061821,34,1999.552813
-244.324872,37,1999.807068
-255.198332,37,2000.031271
-233.321857,37,2000.301965
-63.996066,26,2000.506483
-260.004935,37,2000.810991
-31.205176,23,2001.01197
-203.470256,30,2001.169687
-258.853209,37,2001.336892
-240.929776,37,2001.495909
-243.67364,37,2001.814305
-248.126805,37,2001.992181
-140.609052,23,2002.090391
-228.511218,36,2002.270213
-245.200987,37,2002.481569
-244.299167,37,2002.675012
-261.228824,37,2002.841654
-280.385731,42,2003.043041
-269.764965,37,2003.227728
-282.509354,37,2020.751855
-240.942224,37,2020.947599
-258.78319,37,2021.111717
-268.584395,37,2021.269029
-266.275668,37,2021.443694
-192.338155,82,2021.838942
-275.868992,37,2022.010648
-249.671753,37,2022.193377
-242.788733,37,2022.35895
-252.041341,37,2022.522532
-147.47108,24,2022.625249
-247.136284,37,2022.796016
-33.991948,22,2022.88945
-241.887639,37,2023.040702
-270.772859,37,2023.221141
-193.419446,31,2023.355021
-249.486641,37,2023.515156
-250.5211,37,2023.669592
-244.116341,37,2023.822765
-258.128015,37,2023.979462
-246.230351,37,2024.135268
-230.804889,36,2024.297712
-255.94571,37,2024.463102
-249.654946,37,2024.619005
-218.735604,35,2024.776076
-60.66146,27,2024.90534
-274.820307,37,2025.063855
-263.288095,37,2025.216877
-257.278403,37,2025.37608
-248.043352,37,2025.538282
-245.318947,37,2025.687754
-241.721931,37,2025.837281
-253.234168,37,2025.991035
-262.066,37,2026.163776
-241.644941,37,2026.347431
-257.172314,37,2026.511563
-255.964836,37,2026.672391
-245.057116,37,2026.838992
-313.601071,47,2027.049136
-247.240249,37,2027.208482
-74.2573,28,2027.327688
-261.300356,37,2027.480456
-237.210459,37,2027.638164
-260.124216,37,2027.791537
-244.164501,37,2027.956117
-155.927614,26,2028.071144
-286.788073,37,2028.241508
-241.919819,37,2028.398229
-231.267068,37,2028.559949
-253.670399,37,2028.725041
-257.228717,37,2028.885987
-251.651542,37,2029.041086
-252.33862,37,2029.198892
-248.379459,37,2029.369378
-254.302277,37,2029.57681
-261.488207,37,2029.780905
-258.184688,37,2041.290847
-247.201584,37,2041.584592
-258.142104,37,2041.818661
-267.770947,37,2042.15295
-258.205266,37,2042.683397
-261.810615,37,2042.890767
-236.216355,36,2043.045351
-242.06072,37,2043.222329
-253.440494,37,2043.397824
-131.101573,22,2043.491915
-256.756187,37,2043.646959
-67.528855,28,2043.76519
-224.229525,35,2043.908055
-243.819871,37,2044.06637
179.168156,23,2044.16879
-37.542629,25,2044.334526
-241.346664,37,2044.622228
-243.253959,37,2044.840933
-89.479005,30,2044.973528
-262.414417,37,2045.142123
-244.007898,37,2045.307672
-254.67631,37,2045.606794
-250.230303,37,2045.76976
-237.560101,37,2045.945402
-235.711145,37,2046.107257
-84.555908,30,2046.244694
-260.360495,37,2046.403896
-275.964292,37,2046.565205
-221.36527,33,2046.704505
-251.655344,37,2046.869541
-155.124473,37,2047.02346
-109.989281,36,2047.17576
-236.233345,37,2047.354231
-249.447688,37,2047.515239
-261.204262,37,2047.685592
-100.624974,32,2047.825714
-240.656847,37,2047.990885
-240.994181,37,2048.146977
-263.893663,37,2048.317727
-255.684768,37,2048.475526
-33.048195,23,2048.569465
-241.366892,37,2048.724985
-241.124001,37,2048.876956
-264.011135,37,2049.033321
-255.252777,37,2049.199748
-640.863338,88,2049.62391
-236.340815,37,2049.804833
-255.274048,37,2050.087416
-245.539104,37,2050.26837
-289.413527,44,2050.45885
-252.213423,37,2050.627055
-242.956105,37,2050.7979
-265.843735,37,2050.964124
-279.763432,37,2051.201011
-251.717354,37,2051.448957
-274.865699,37,2052.363436
-260.499526,40,2073.038337
-279.472981,37,2073.452281
-146.067723,24,2073.752055
-254.638863,37,2074.119508
-276.55354,37,2074.318391
-284.446179,37,2074.497871
-244.924713,37,2074.67144
-245.649496,37,2074.832402
-249.633675,37,2074.987019
-252.138514,37,2075.14152
-230.385435,35,2075.286428
-237.574334,37,2075.439241
-271.719076,37,2075.589393
-248.60867,37,2075.739048
-260.044253,37,2075.896192
-257.192224,37,2076.042396
-513.314701,101,2076.481686
-236.754558,37,2076.653558
-227.206498,35,2076.802303
-238.073534,37,2076.993926
-260.410067,37,2077.156526
-255.703734,37,2077.315011
-278.333488,37,2077.487834
-61.195817,27,2077.606425
-268.134101,37,2077.766493
-257.702611,37,2077.927944
-252.956864,37,2078.083165
-247.69843,37,2078.248564
-658.336787,101,2078.678527
-259.011937,37,2078.829419
-246.972221,37,2078.98565
-256.292519,37,2079.139855
-238.39938,37,2079.305648
-304.55413,45,2079.495281
-268.706281,37,2079.649829
-241.971744,37,2079.804253
-268.733392,37,2079.95233
-267.970564,37,2080.098894
-260.585545,37,2080.255541
-255.140813,37,2080.412177
-236.40023,36,2080.561747
-257.858735,37,2080.711746
-232.41669,37,2080.863274
-248.82896,37,2081.011006
-240.563419,37,2081.163083
-260.9688,37,2081.320631
-251.2826,37,2081.601058
-272.523529,37,2081.759475
-257.892192,37,2081.900748
-244.622291,37,2082.054444
-254.647967,37,2082.226442
-238.174645,36,2082.384057
-243.046189,37,2092.105057
-264.073107,37,2092.322657
-255.331373,37,2092.942873
-268.244248,37,2093.167696
-244.003187,37,2093.365919
-265.307334,37,2093.56049
-263.848103,37,2093.742027
-249.956044,37,2093.895469
-274.219724,42,2094.074093
-245.372032,37,2094.228868
-231.4194,34,2094.374837
-242.599069,37,2094.536828
-235.201421,37,2094.693091
-240.098296,37,2094.868051
-252.492674,37,2095.021805
-271.695695,37,2095.17544
-255.131017,37,2095.324846
-271.762415,37,2095.471822
-258.854789,37,2095.615352
-263.573481,37,2095.773604
-276.170622,37,2095.920784
-237.813671,37,2096.064128
-195.404642,35,2096.207137
-266.849965,37,2096.359831
-239.647266,54,2096.583554
-248.656378,37,2096.737179
-137.238879,24,2096.833149
-268.184244,37,2096.980896
-236.250145,37,2097.133554
-257.446816,37,2097.284507
-236.86341,37,2097.434563
-240.011837,37,2097.625653
-253.884595,37,2097.838428
-261.530473,37,2098.004165
-259.862738,37,2098.17134
-251.653203,37,2098.332804
-234.961562,37,2098.482313
-231.787912,34,2098.620256
-245.465328,37,2098.773917
-244.956693,37,2098.916865
-152.672397,26,2099.029463
87.357379,19,2099.108222
-259.287849,37,2099.255729
-240.60127,37,2099.40121
-243.166718,37,2099.551295
-233.924777,37,2099.694519
-239.824584,37,2099.843828
-255.210161,37,2099.997375
-225.229773,35,2100.140073
-236.494917,37,2100.292471
-257.708093,37,2100.451744
-264.531438,37,2100.598737
-250.120173,37,2100.750524
-244.958736,37,2101.077128
-256.353102,37,2101.573533
-155.113087,26,2101.699959
-250.589185,37,2101.8512
-256.346475,37,2109.173526
-37.343392,24,2109.301163
-252.85557,37,2109.463263
-104.151597,35,2109.605013
-106.913265,36,2109.749808
-385.649407,58,2109.988638
-132.107326,22,2110.080194
-267.147769,37,2110.221559
-258.867425,37,2110.378
-250.477125,37,2110.533528
-243.625702,37,2110.6829
-243.386623,37,2110.834438
-275.389689,43,2111.010664
-179.781977,29,2111.129267
-92.534759,31,2111.264369
-257.958202,37,2111.414254
-256.678452,37,2111.565528
-252.421243,37,2111.717481
-273.134684,37,2112.19284
-242.9467,37,2112.397535
-254.025419,37,2112.552647
-142.669532,23,2112.647235
-276.286385,37,2112.80229
-273.715882,37,2112.956973
-273.494305,37,2113.287289
-262.420902,37,2113.449112
-246.673783,37,2113.609824
-149.490306,26,2113.720279
-272.69918,37,2113.880431
-271.324809,37,2114.035208
-239.998783,37,2114.19359
-247.48927,37,2114.356674
-251.359724,37,2114.508968
-252.638401,37,2114.653886
-261.649934,37,2114.808173
-268.498252,37,2114.963243
-261.66644,37,2115.114656
-235.973356,37,2115.265207
-267.133053,37,2115.418043
-136.211793,37,2115.569685
-234.961885,37,2115.722721
-275.077908,37,2115.877961
-247.3508,37,2116.03548
-242.238555,37,2116.281019
-85.940734,30,2116.408479
-246.492141,37,2116.567292
-242.135328,37,2116.720823
-243.556306,37,2116.878018
-240.516647,37,2117.032595
-255.650367,37,2117.182671
-274.000119,37,2117.338258
-249.332918,37,2117.488035
-264.732341,37,2117.638396
-291.019159,42,2117.819099
-241.134558,37,2117.983793
-247.621949,37,2118.144064
-195.439674,31,2118.282118
-251.539693,37,2134.230752
-244.949065,37,2134.717194
-251.019775,37,2134.913471
-249.701267,37,2135.070311
-257.591634,37,2135.228247
-265.542611,37,2135.395707
-247.068169,37,2135.559186
-112.172884,33,2135.726067
-135.591503,23,2135.822294
-241.095847,37,2135.98438
-257.955708,37,2136.134695
-157.5534,26,2136.251233
-183.174578,30,2136.39347
-269.150216,37,2136.556258
-182.252647,30,2136.682268
-95.118776,33,2136.820956
-244.848624,37,2136.975749
-242.384828,37,2137.148647
-267.088143,37,2137.315889
-244.006429,37,2137.476165
-268.889982,37,2137.629366
-237.906709,37,2137.79525
-255.743031,37,2137.942584
-239.3488,37,2138.094015
-249.875182,37,2138.244972
-241.648954,37,2138.411823
-250.110396,37,2138.561416
-261.603348,37,2138.72122
-233.358401,37,2138.879639
-237.234065,37,2139.059031
-244.635273,37,2139.207858
-252.788734,37,2139.359707
-243.413578,37,2139.517634
-229.36757,36,2139.678418
-262.827945,37,2139.82856
-123.474837,35,2139.97992
-237.035062,38,2140.146904
-138.518531,37,2140.304587
-261.372372,37,2140.45165
-100.831762,32,2140.580364
-251.624278,37,2140.72513
-236.702928,37,2140.870148
-237.369615,37,2141.025974
-141.38174,23,2141.121429
-236.937743,35,2141.261729
-262.593389,37,2141.409647
-241.508711,37,2141.564792
-223.795967,34,2141.700744
-154.859231,37,2141.845448
-262.784182,37,2141.995776
-205.501497,44,2142.17303
-252.096361,37,2142.320386
-254.619638,37,2142.466695
-242.534164,37,2142.758034
-264.069365,37,2142.923715
-275.116217,37,2143.071515
-243.428049,37,2143.224922
-267.567538,37,2151.329191
-239.702367,37,2151.531894
-148.511721,25,2151.65165
-264.608273,37,2151.800159
-261.957284,37,2151.959394
-263.893316,37,2152.108551
-268.114586,37,2152.254625
-391.107691,60,2152.850972
-244.567394,37,2153.017802
-149.860066,24,2153.125331
-252.693869,37,2153.340821
-137.630716,23,2153.447263
-268.374347,37,2153.607818
-197.334843,31,2153.738329
-237.810036,36,2153.890186
-236.812677,37,2154.041464
-237.766551,37,2154.206687
-238.699918,37,2154.361227
-243.076234,37,2154.538238
-244.550176,37,2154.693228
-141.206763,24,2154.801712
-264.141909,37,2154.972588
-263.270235,40,2155.151484
-276.731649,43,2155.325144
-241.66097,37,2155.485689
-232.291672,37,2155.639038
-258.968154,37,2155.799046
-257.997704,37,2155.957282
-246.048201,37,2156.116185
-251.185585,37,2156.269408
-267.725603,37,2156.43
-261.514358,37,2156.586643
-237.081231,37,2156.742322
-260.009355,37,2156.894407
-251.159977,37,2157.044695
-251.840882,37,2157.195743
-257.690782,37,2157.351681
-109.49543,33,2157.493037
-276.561354,37,2157.642398
-249.686654,37,2157.807536
-247.704893,37,2157.960318
-182.063279,30,2158.084147
-264.923519,37,2158.245931
-249.643343,37,2158.407019
-235.593279,37,2158.564154
-227.706215,37,2158.724206
-249.780304,37,2158.877819
-251.302111,37,2159.027267
-241.963916,37,2159.177438
-256.041054,37,2159.323079
-271.094177,37,2159.467139
-245.947507,37,2159.615121
-268.384108,37,2159.759914
-236.838216,37,2159.906057
-257.597804,37,2160.058852
-237.973302,37,2160.207025
-255.578958,37,2167.451053
-237.711052,37,2167.646326
-243.594042,37,2167.808436
-242.204573,37,2167.966482
-206.180167,32,2168.101125
-130.085978,22,2168.196133
-248.987669,37,2168.352483
-244.025614,37,2168.508883
-239.643302,37,2168.662268
-269.632626,37,2168.815745
-240.114543,37,2168.962471
-156.474835,37,2169.119091
-251.47335,37,2169.273907
-242.620651,37,2169.42267
-24.041012,21,2169.502209
-260.635551,37,2169.654577
-98.870653,31,2169.789581
-240.803203,37,2169.995245
-234.598646,36,2170.148831
-249.573031,37,2170.296696
-224.365527,35,2170.439348
-238.274051,37,2170.586543
-263.853708,37,2170.732271
-254.203677,37,2170.87823
-245.550289,37,2171.111728
-213.328939,34,2171.248832
-222.144192,34,2171.388523
-255.949495,37,2171.701392
-245.537431,37,2172.167331
-254.475515,37,2172.327329
-236.194482,37,2172.482674
-254.816832,37,2172.640999
-243.943474,37,2172.799981
-277.519274,37,2172.952893
-203.727592,33,2173.09835
-258.62362,37,2173.261599
-262.788066,37,2173.426907
-240.118653,37,2173.58101
-253.457502,37,2173.740929
-253.52325,37,2173.896128
-263.223865,37,2174.046417
-169.210537,28,2174.164322
6.044559,31,2174.299452
-165.210695,28,2174.421937
-108.159839,29,2174.54217
-259.894071,37,2174.682814
-261.876396,37,2174.830657
-252.355572,37,2174.991821
-262.312979,37,2175.150599
-280.976024,37,2175.309557
-262.280209,37,2175.465141
-253.388879,37,2175.630402
-267.690767,37,2175.786604
-246.144199,37,2175.93424
-238.833656,37,2176.086758
-256.938897,37,2176.240363
-234.838374,37,2176.400027
-274.197766,37,2176.554663
12.08041,37,2187.664274
-234.812895,37,2187.899
-241.233313,37,2188.053563
-252.775426,37,2188.204097
-250.743439,37,2188.385246
-248.832734,37,2188.541294
-265.098448,37,2188.694385
-253.194724,37,2188.850351
-185.704795,31,2188.9797
-251.365764,37,2189.133107
-267.559518,37,2189.281641
-244.253779,37,2189.436996
-292.893714,45,2189.622545
-243.667855,37,2189.778541
-234.113209,37,2189.925187
-258.115208,37,2190.075261
-255.477355,37,2190.224178
-249.126026,37,2190.377035
-256.721438,37,2190.526274
-267.512533,37,2190.677259
-242.685886,37,2191.346636
-240.425853,37,2191.937159
-238.73331,37,2192.180473
-141.3941,23,2192.292204
-246.106062,37,2192.453289
-261.277355,37,2192.614435
-244.456081,37,2192.764676
-243.968795,37,2192.915616
-55.275202,26,2193.026286
-216.070361,34,2193.172071
-242.817051,37,2193.339441
-155.462527,26,2193.450822
-171.383159,29,2193.571143
-257.511715,37,2193.7464
-251.535386,37,2193.895242
-258.08773,37,2194.049546
-233.031586,37,2194.20243
-270.140066,37,2194.359737
-247.859633,37,2194.51456
-267.177191,37,2194.667894
-253.74142,37,2194.815127
-230.758963,37,2194.972509
-256.512583,37,2195.127431
-244.27861,37,2195.290819
-216.043853,35,2195.436483
-158.893682,25,2195.539223
-244.233234,37,2195.692768
-258.848943,37,2195.843182
33.385834,29,2195.965281
-245.164348,37,2196.108509
-264.007069,37,2196.267827
-270.105098,37,2196.427851
-134.481439,36,2196.579974
-204.378646,33,2196.721969
-258.226103,37,2196.879459
-233.430698,37,2197.026353
-250.315385,37,2197.174591
-249.413534,37,2204.276515
-259.134014,37,2204.547188
-241.512211,37,2204.806135
-243.544063,37,2205.098792
-260.521149,37,2205.434203
-4.857073,45,2205.815141
-55.639879,49,2206.100393
-262.012854,37,2206.296572
-255.518823,37,2206.457625
-254.488091,37,2206.612136
-26.114997,22,2206.706693
-239.492354,37,2206.864256
-254.6459,37,2207.023648
-35.367475,21,2207.112357
-238.017476,37,2207.267963
121.993061,42,2207.451392
-270.143016,37,2207.596646
-256.571909,37,2207.749382
-255.179866,37,2207.901216
-260.769204,37,2208.054299
-260.977826,37,2208.207333
-261.591827,37,2208.364161
-243.893284,37,2208.516802
-22.97783,21,2208.598372
-260.446886,37,2208.75737
-262.282323,37,2208.903697
-247.050755,37,2209.048667
-246.241666,37,2209.195378
-256.540746,37,2209.637228
-237.463026,37,2209.901371
-260.416786,40,2210.087218
-248.701572,37,2210.239675
-274.475349,37,2210.395371
-241.301811,56,2210.621817
-202.895221,42,2210.797758
-238.987072,37,2210.949693
-239.762005,37,2211.143007
-242.338361,37,2211.293396
-258.748076,37,2211.446098
-254.311055,37,2211.603773
-253.78442,37,2211.762666
-239.127197,37,2211.928966
-241.056347,37,2212.092497
-274.700264,37,2212.245809
-272.420266,37,2212.402042
-159.489565,26,2212.514786
-254.952352,37,2212.717539
-62.191437,29,2212.869148
-158.153084,26,2212.986313
-235.48237,37,2213.14215
-263.383674,37,2213.296485
-216.756959,34,2213.445223
143.12588,26,2213.556492
-164.172954,26,2213.665338
-252.967131,37,2213.815739
-257.807277,37,2213.979558
-253.630743,37,2214.134776
32.249496,46,2220.690459
-248.788384,37,2220.877689
-55.354286,37,2221.027283
-196.332064,32,2221.158001
-239.875297,36,2221.310483
-257.626888,37,2221.779718
-194.748131,30,2221.921389
-255.971712,37,2222.082092
-277.124265,37,2222.235942
-246.459905,37,2222.399129
-256.003584,37,2222.55676
-204.26768,33,2222.704076
-254.660095,37,2222.865516
-273.258432,37,2223.020758
-265.511619,37,2223.179658
-237.702614,37,2223.344719
-235.337119,37,2223.500145
-255.419669,37,2223.653701
-246.848476,37,2223.813155
-275.709924,37,2223.965627
-233.828631,37,2224.123779
-241.999876,37,2224.286501
-130.514658,22,2224.415956
-168.778618,40,2224.643504
-259.360557,37,2224.79833
-245.666164,37,2224.947634
-262.763044,37,2225.104945
-264.880358,40,2225.263309
-242.866015,37,2225.419741
-255.80185,37,2225.68626
-262.553829,37,2225.942701
-44.374717,25,2226.053572
-257.118257,37,2226.208935
-268.606945,37,2226.360717
-246.740271,37,2226.510982
-232.582141,37,2226.673143
-276.110739,37,2226.820008
-256.994066,37,2226.974242
-240.157917,37,2227.134859
-243.888855,37,2227.289799
-266.889254,37,2227.444351
-170.911958,44,2227.628862
-252.369331,37,2227.781118
-248.085296,37,2228.285276
-248.488971,37,2228.480389
-237.481883,37,2228.635968
-259.405186,37,2228.786286
-226.868308,35,2228.936424
-252.589057,37,2229.08966
-259.260796,37,2229.23425
-252.050304,37,2229.378414
-251.917853,37,2229.522414
-236.326831,37,2229.677803
-272.627699,37,2229.828429
-185.427569,43,2230.002988
-257.63027,37,2230.150077
-263.933819,37,2239.304607
-239.285163,37,2239.479511
-263.123715,37,2239.631226
-274.478778,37,2239.783189
-182.044551,30,2239.912186
-259.255934,37,2240.070757
-240.653331,37,2240.230639
-324.738264,47,2240.421344
-176.783718,29,2240.542526
-250.639985,37,2240.697336
-244.352022,37,2240.849347
-251.544128,37,2240.999496
-242.920593,37,2241.15837
-251.908398,37,2241.315795
-256.102932,37,2241.473718
-285.430651,37,2241.626539
-246.71304,37,2241.776166
-253.96178,37,2241.932091
-275.675158,37,2242.085919
-254.424104,37,2242.251187
-247.819311,37,2242.439407
-281.753092,37,2242.59579
-242.571346,37,2242.750332
-266.507087,37,2242.910333
-229.352804,36,2243.052508
-252.780105,37,2243.200407
-269.135829,37,2243.377843
-253.370297,37,2243.524195
-256.863099,37,2243.676128
-261.628667,37,2243.826538
-249.385688,37,2243.981797
-243.461494,37,2244.122344
-254.774662,37,2244.273599
-244.984181,37,2244.427483
-157.279638,26,2244.532107
-257.368059,37,2244.67886
-126.772346,21,2244.764376
-260.050612,37,2244.917124
-247.140205,95,2245.313163
-284.102099,43,2245.517477
-208.093355,33,2245.660781
-238.622838,37,2245.809059
-259.239879,37,2245.970852
-258.725296,37,2246.13272
-250.740613,37,2246.287647
-259.08686,39,2246.450551
-158.062826,26,2246.556999
-228.362901,36,2246.704886
-39.968929,24,2246.800878
-269.412444,37,2246.959021
-244.255457,39,2247.121857
-166.006881,39,2247.281611
-243.889616,37,2247.434469
-112.445839,35,2247.57706
-240.147418,37,2248.024796
-14.524939,20,2256.131394
-271.708484,37,2256.335765
-247.976331,37,2256.523508
73.914829,21,2256.737753
-95.956635,44,2256.923823
-233.754131,37,2257.080094
-246.154451,37,2257.237367
-47.538048,38,2257.395301
-232.614567,35,2257.544074
-265.495031,37,2257.709792
-219.638536,51,2257.927276
-246.195198,37,2258.076504
-186.971453,31,2258.209053
-263.318092,37,2258.366445
-144.052234,24,2258.469401
-249.975689,37,2258.625724
-244.281051,37,2258.777462
-123.397922,34,2258.911296
-371.477146,58,2259.159219
-243.037768,37,2259.304341
-244.452276,37,2259.459536
-31.173072,22,2259.550571
-266.322151,37,2259.717358
-40.010612,25,2259.82301
59.000173,25,2259.92728
-256.348,37,2260.083808
-245.153894,37,2260.24093
-136.303197,37,2260.389452
-147.071183,36,2260.530972
-254.965807,37,2260.689887
-178.526491,29,2260.80769
-264.014267,37,2260.964031
-97.767164,31,2261.094253
-223.806705,35,2261.234774
-252.278133,37,2261.393914
-262.214654,37,2261.538116
-256.87757,37,2261.688473
-244.567829,37,2261.842743
-234.130662,37,2262.00535
-232.408954,37,2262.157623
-236.396072,37,2262.34983
-34.850444,25,2262.481246
-261.209446,37,2262.745283
-132.985584,37,2263.104753
-219.357886,34,2263.352201
-118.581363,35,2263.650577
62.313759,25,2263.83399
-244.287991,37,2264.145812
-251.671721,37,2264.407271
-253.839409,37,2264.614753
-237.389581,37,2264.844116
-328.389767,72,2265.198888
-198.19231,31,2265.331223
-229.730164,37,2265.489629
-274.848406,37,2265.63601
-250.275783,37,2265.797072
-255.47125,37,2265.93895
-259.887966,37,2272.944863
-249.27775,37,2273.15612
-97.200892,32,2273.299979
-242.283217,37,2273.46636
-235.421677,36,2273.611981
-257.710956,37,2273.763554
-246.772122,37,2273.920225
-200.060837,33,2274.079915
-248.724396,37,2274.248145
-243.273121,37,2274.404054
-243.265959,37,2274.559973
-245.67901,37,2274.720587
-256.046095,37,2274.874547
-250.134963,37,2275.025037
-242.633913,37,2275.187311
-142.04324,24,2275.29003
-262.595413,37,2275.449799
-244.203749,37,2275.603283
-257.788152,37,2275.764073
-259.5481,37,2275.924936
-67.287653,28,2276.046668
-255.809306,39,2276.212884
-201.177202,31,2276.803949
-236.73311,37,2276.987472
-251.674275,37,2277.149789
-231.543209,37,2277.307058
-240.606747,37,2277.462078
-224.80591,34,2277.608233
-247.579011,37,2277.771195
-238.189258,37,2277.921662
-237.958635,37,2278.074075
-258.136729,37,2278.225116
-270.933782,37,2278.422612
-259.344955,37,2278.727393
-243.598437,37,2278.8784
-240.036745,37,2279.048319
-263.61522,37,2279.216736
-249.135555,37,2279.376879
-247.997348,37,2279.5438
-257.10528,37,2279.707913
-274.007172,42,2279.896223
-258.246949,37,2280.051695
-261.008553,37,2280.202953
-28.466277,22,2280.294393
-238.911399,37,2280.44598
-228.495773,37,2280.614952
-244.524698,37,2280.779614
-247.553939,37,2280.935779
-72.082512,29,2281.056244
-252.448379,37,2281.215391
-113.917328,34,2281.344949
-648.649284,101,2282.1118
-251.385843,37,2282.280337
-254.379599,37,2282.448809
-264.496308,37,2282.595628
-254.595291,37,2291.050306
-376.010005,60,2291.363862
-257.144368,37,2291.512916
-238.642078,37,2291.677757
-281.003682,37,2291.857581
-257.006268,37,2292.020957
-160.452901,40,2292.19165
-259.274539,37,2292.347482
-325.45789,65,2292.619605
-260.206732,37,2292.778548
-250.489338,37,2292.939147
-247.173218,37,2293.097011
-236.477172,37,2293.256037
-244.017713,36,2293.407426
-244.047009,37,2293.557763
-236.246727,37,2293.71551
-251.902703,37,2293.8709
-258.250686,37,2294.030464
-244.062973,37,2294.193843
-322.676236,54,2294.41774
-256.756854,37,2294.588951
-147.335145,37,2294.755874
-236.069236,37,2295.269667
-172.464927,28,2295.412359
-251.139103,37,2295.578898
-134.531396,22,2295.680566
-253.375829,40,2295.862069
-235.650374,37,2296.012956
-225.844636,34,2296.148897
-266.565734,37,2296.302307
-245.125011,37,2296.461377
-256.225792,37,2296.618078
-218.559637,34,2296.757979
-257.034336,37,2296.908803
-187.090091,43,2297.091059
-169.709792,28,2297.212039
-235.872574,37,2297.377274
-269.228653,37,2297.52193
-261.162083,37,2297.676591
-249.398335,37,2297.825933
-254.547578,37,2297.982106
-264.273705,37,2298.134104
-236.758439,37,2298.28694
-250.062099,37,2298.467818
-243.113094,37,2298.641444
-269.659811,37,2298.803664
-248.307515,37,2298.975775
-251.471932,37,2299.142022
-252.158079,37,2299.298563
-251.235673,37,2299.449843
-241.274616,37,2299.609228
-9.08642,19,2299.686554
-256.417861,37,2299.835295
-276.243589,37,2299.985178
-252.034363,37,2300.135982
-255.996361,37,2307.827084
-179.637021,28,2307.979893
-247.762479,37,2308.150572
-259.374255,37,2308.29745
-230.777281,36,2308.456663
-246.255007,37,2308.627452
17.326942,30,2308.891519
-245.250664,37,2309.057632
-107.356092,32,2309.203415
-241.775326,37,2309.36283
-237.249876,37,2309.529996
-138.661838,37,2309.699434
-234.249956,37,2309.877462
-247.247686,37,2310.048957
-339.63451,67,2310.323761
-54.365467,27,2310.43467
-720.949735,101,2310.861857
-238.334751,37,2311.033715
-249.806912,37,2311.196115
-252.808795,37,2311.364135
-256.405275,37,2311.547954
-259.294149,37,2312.078577
-267.818621,37,2312.357469
-132.17107,22,2312.478113
-250.124787,37,2312.635411
-8.808522,36,2312.777969
-193.551432,33,2312.917077
-367.306861,53,2313.13476
-238.28026,37,2313.295383
-251.532172,37,2313.465891
-238.914061,37,2313.871066
-255.010386,37,2314.041807
-248.791297,37,2314.228602
-141.708705,37,2314.474739
-245.938572,37,2314.695821
-162.148231,27,2314.847939
-239.04336,37,2315.099947
-249.04417,37,2315.398357
-246.876732,37,2315.707016
-284.31496,43,2316.038897
-226.263838,35,2316.297902
-234.411069,36,2316.51974
-243.951418,37,2316.69269
-244.509668,37,2316.853974
71.855034,20,2316.936731
-266.663929,37,2317.090081
-578.947939,101,2317.519526
-51.162173,25,2317.626372
-248.501634,37,2317.792855
-268.249071,37,2317.960511
-150.924282,27,2318.073109
-252.003867,37,2318.216561
-33.395343,22,2318.305173
-236.895357,37,2318.485404
-244.192068,37,2325.544259
-268.423747,37,2325.718727
-168.428364,27,2325.827936
-308.157444,46,2326.015584
-159.025112,25,2326.11632
-249.24766,37,2326.263659
-256.63865,40,2326.434678
-240.659078,37,2326.5875
-254.35377,37,2326.738084
-274.033342,37,2326.896055
-257.28644,37,2327.044173
-250.730841,37,2327.196734
-112.156056,36,2327.344117
-68.177552,28,2327.465342
-256.509376,37,2327.621297
-259.084513,37,2327.768937
-238.685774,37,2327.92718
-10.99072,19,2328.006975
-240.666369,37,2328.158833
-243.836401,37,2328.306594
-258.920382,37,2328.465787
-277.672735,37,2328.614317
-242.603892,37,2328.773505
-241.722479,37,2328.922549
-254.306327,37,2329.07201
-240.92413,37,2329.221578
73.562761,22,2329.311968
-247.723831,37,2329.459182
-256.19696,37,2329.608453
-137.432928,23,2329.702111
-239.32041,37,2329.85891
-152.922111,40,2330.027864
-250.71341,37,2330.180116
-249.644727,37,2330.339392
-246.015095,37,2330.498166
-266.848261,37,2330.659874
43.155108,47,2330.998029
-251.262235,37,2331.15027
40.499771,27,2331.271495
-241.405828,37,2331.431935
-259.765233,37,2331.589469
-472.200232,72,2331.894375
-120.390263,35,2332.050171
-244.081165,37,2332.656427
-234.78673,37,2332.855603
-247.452649,37,2333.013175
-242.200979,37,2333.164776
-319.68718,45,2333.353228
-245.491737,37,2333.52138
-250.261712,37,2333.681965
-234.421897,37,2333.837457
-267.24819,37,2334.002205
-236.768181,37,2334.158345
-144.50444,37,2334.311627
-241.714275,37,2334.462986
-265.550477,37,2334.611346
-265.02245,37,2343.979725
-250.576087,37,2344.150684
-249.597115,37,2344.302337
-187.214118,29,2344.445173
-240.912058,37,2344.604503
-242.363516,37,2344.799808
-228.265782,35,2344.995671
-266.535453,37,2345.156391
-31.326754,42,2345.330245
-125.409556,21,2345.411012
-138.848043,23,2345.508314
-219.175055,35,2345.658086
-264.106121,37,2345.810776
-240.455752,37,2345.966751
-141.865941,37,2346.126618
-257.499168,37,2346.27947
-258.180411,37,2346.434895
-245.145727,37,2346.585035
-190.509873,31,2346.719389
-252.420826,37,2346.881312
-256.24942,37,2347.028425
-232.513592,37,2347.189383
-262.751351,37,2347.342339
-269.67999,42,2347.525494
-264.095617,37,2347.682764
-238.319049,37,2347.839581
-238.791802,37,2347.990745
-245.562932,37,2348.150031
-247.65756,37,2348.310157
-251.86953,37,2348.471615
-262.408607,37,2348.628375
-133.70923,23,2348.725105
-255.255106,37,2348.887875
-251.21366,37,2349.036353
-244.313325,37,2349.190568
-240.027532,37,2349.344923
-257.427618,37,2349.498703
-151.331939,25,2349.60605
-131.102561,22,2349.694126
-258.971023,37,2349.840587
-265.84543,37,2349.992025
-246.891089,37,2350.169289
-139.475232,37,2350.320992
-152.334639,37,2350.469944
-352.688019,49,2350.674803
-238.252541,37,2350.83091
-271.78315,37,2350.987516
-175.489416,27,2351.096712
-228.600849,35,2351.243268
-257.442119,37,2351.404166
-174.917354,30,2351.527665
-245.12422,37,2351.679665
-263.855307,37,2351.834095
-259.346905,37,2351.984095
-244.632324,37,2352.142531
-257.679839,37,2352.296584
-252.663024,37,2352.465877
-252.657187,37,2360.672257
-38.042269,22,2360.82689
-255.3272,37,2361.013847
-146.641173,37,2361.167837
-255.743481,37,2361.321715
-355.325803,72,2361.617273
17.841116,31,2361.746517
-259.906052,37,2361.895008
-144.890426,25,2362.105468
-179.267837,42,2362.341571
-151.715492,27,2362.447771
-261.953937,37,2362.600229
-256.381091,37,2362.758673
-644.453085,92,2363.151642
-242.509883,37,2363.31051
-33.964466,37,2363.472944
2.997936,36,2363.631732
-263.961911,37,2363.805103
-267.413593,37,2363.958203
-233.895239,37,2364.101101
-23.945543,21,2364.191861
-254.059738,37,2364.339551
-306.52591,46,2364.527951
-260.04773,37,2364.681972
-261.470046,37,2364.825908
-218.37271,34,2364.97476
-239.608079,37,2365.130025
-239.083398,37,2365.286144
-209.750573,36,2365.437925
-147.291404,37,2365.596709
-236.22928,50,2365.800722
-234.644851,37,2365.953117
-159.45206,26,2366.061296
-257.160811,37,2366.221496
-52.160889,26,2366.334911
-260.383338,37,2366.49145
-582.558428,101,2366.908079
-254.697843,37,2367.065214
-74.193287,30,2367.193843
-252.575438,37,2367.347733
-256.236109,37,2367.507346
-245.979728,37,2367.723846
-115.82561,34,2367.926309
-260.281165,37,2368.243825
-260.001625,37,2368.660382
19.649953,28,2368.949677
-256.887548,37,2369.27664
-53.284017,27,2369.476369
62.890996,36,2369.802257
-259.581454,37,2370.03911
-86.548709,31,2370.209025
-257.811503,37,2370.362719
-236.06571,37,2370.515712
-249.467656,37,2370.661186
-256.281797,37,2382.796458
-245.026807,37,2383.013403
-101.373237,32,2383.19228
-256.372817,37,2383.412206
-247.306381,37,2383.61911
-240.889725,37,2383.826956
-243.630584,37,2384.029168
-260.741967,37,2384.233813
-263.36555,37,2384.515877
-264.810966,37,2384.874291
-251.557612,37,2385.231925
-250.019158,37,2385.612146
-252.228404,41,2385.955147
-163.169929,27,2386.181954
-223.984907,34,2387.093507
-243.938673,37,2387.528208
-260.215104,37,2387.925437
-599.854754,101,2388.858035
-222.077584,35,2389.174392
-247.816041,37,2389.538076
-14.820898,19,2389.763452
-264.062389,37,2390.105199
-256.855406,37,2390.450093
-139.231528,23,2390.649555
-247.448783,37,2391.547213
45.369023,48,2392.032536
-245.784635,37,2392.400892
-61.159888,28,2392.677784
-256.219514,37,2393.01321
-63.562757,27,2393.262224
-265.458721,37,2393.625232
-276.006381,42,2393.98376
-242.313735,37,2394.307809
-134.559579,22,2394.515007
-241.890678,37,2394.88254
-254.100096,37,2395.262207
-238.602516,37,2395.613096
-245.348969,37,2396.222564
-273.85317,37,2396.57403
-239.858007,37,2396.916914
-246.055297,37,2397.247958
-251.499666,37,2397.564559
-235.939448,37,2397.91073
-69.31852,45,2398.336808
-262.934038,37,2398.677286
-300.797147,47,2399.106231
-248.998617,37,2399.439516
-132.368713,22,2399.644225
-61.183323,27,2399.869593
-431.991247,69,2400.440881
-251.727614,37,2400.757979
-190.289927,44,2401.10428
-189.725352,31,2401.363722
-248.682289,37,2401.682427
-229.569914,37,2402.500024
-256.549785,37,2423.801857
-272.767393,37,2424.062838
-240.658289,37,2424.346857
-128.723785,22,2424.494153
-249.014316,37,2424.748273
-67.650784,28,2424.950127
-264.308492,37,2425.233375
-252.062538,37,2425.507438
-252.731691,37,2425.825015
-260.965338,37,2426.102463
-251.413973,37,2426.383221
-200.490369,67,2426.907828
-259.372024,37,2427.222301
-272.864878,37,2427.518387
-240.928671,37,2427.834504
-254.598263,37,2428.142251
-248.311749,38,2428.414122
-261.490964,37,2428.607763
-236.766892,37,2428.823614
-249.922898,37,2429.056662
-265.645684,37,2429.379031
-254.446877,37,2429.661584
-244.700451,37,2429.918409
-197.203571,60,2430.361643
-238.449775,37,2430.625488
-195.795391,30,2430.835739
-250.167262,37,2431.116758
-249.611531,37,2431.373281
-252.209565,37,2431.616129
-255.849703,37,2431.877851
-99.546967,33,2432.630865
-252.021677,37,2433.042814
-245.087258,37,2433.334942
-313.845499,45,2433.667866
-246.420775,37,2434.29924
-256.14006,37,2434.59397
-236.763375,37,2434.852681
-243.56052,37,2435.118806
-237.444728,37,2435.392299
-273.63638,37,2435.644582
-168.838329,30,2435.863289
-245.837971,37,2436.181594
-267.801367,37,2436.44805
-244.303741,37,2436.712899
-256.535545,37,2436.97862
-252.464837,37,2437.242538
-239.986851,37,2437.504272
-250.470149,37,2437.779717
-249.369884,37,2438.058635
-235.469412,37,2438.345608
-275.265804,42,2438.671957
-268.851434,37,2438.949035
-249.263032,37,2439.221775
-91.363387,90,2453.917726
-236.903593,37,2454.2987
-246.484088,37,2454.873951
-98.408327,32,2455.134982
-129.503288,22,2455.293433
-274.522036,42,2455.570566
-128.492311,21,2455.723499
-33.751661,38,2456.008102
-28.448588,21,2456.172794
-263.449224,37,2456.452872
-19.480005,20,2456.59413
-29.758851,21,2456.755793
-147.195857,26,2456.945265
-237.671043,37,2457.225258
-203.168124,33,2457.722145
-185.655477,45,2458.115053
-244.203729,39,2458.43052
-818.047273,101,2459.245276
-250.183815,37,2459.527344
-237.032996,37,2459.818903
-150.181106,37,2460.090893
-250.603149,37,2460.356957
-236.252761,36,2460.608218
-216.52461,40,2460.91147
-219.235468,34,2461.183544
-274.942946,37,2461.448309
-86.923448,58,2461.875998
-248.94652,37,2462.51989
-205.882857,32,2463.13916
-250.108374,37,2463.532514
-192.661528,30,2463.85572
-233.990994,37,2464.254964
-144.572835,26,2464.541625
-198.651345,30,2464.902429
70.132055,21,2465.248446
-263.85852,37,2465.84071
-205.672627,33,2466.359235
-245.909199,37,2466.805086
-198.6707,30,2467.125859
-242.946352,38,2467.474567
-140.35845,37,2467.749052
-197.772752,33,2467.986899
-161.477494,28,2468.198723
-189.394151,30,2468.435654
-244.929256,37,2468.719582
-244.016862,37,2468.991208
-246.617135,37,2469.259657
-249.319951,37,2469.533414
-254.606027,37,2469.803221
-242.822684,37,2470.082167
-237.466243,37,2470.368598
-156.966698,27,2470.565526
-267.138869,37,2470.856649
-250.070674,37,2471.138834
-242.397478,37,2471.413602
-22.849043,20,2471.544697
-259.323628,38,2471.808114
-263.789473,37,2472.090246
-255.184739,37,2486.978018
-72.936844,27,2487.192487
-236.936417,37,2487.461026
-240.066396,37,2487.738644
-267.614186,37,2488.022995
-243.61911,37,2488.281952
-249.669661,37,2488.546822
-263.829757,37,2488.814197
-263.41754,37,2489.073884
-257.067397,37,2489.33761
-36.20732,23,2489.512018
-238.170142,37,2489.775152
-249.129341,40,2490.062645
-255.002781,37,2490.321575
-280.143082,37,2490.584732
-268.232181,37,2490.909775
-240.181763,37,2491.182497
-248.685274,37,2491.478372
-241.955795,37,2491.770765
-262.48911,37,2492.034838
-241.995503,37,2492.563509
-126.051881,35,2493.268865
-121.63018,19,2493.431972
-253.400657,38,2493.709259
-264.36163,37,2493.9872
34.491482,53,2494.370383
-188.117663,32,2494.960296
-230.261223,37,2495.268971
-256.866105,37,2495.541763
-125.710083,21,2495.686848
-265.061072,37,2495.968292
-80.637546,28,2496.157196
-137.8953,24,2496.314035
-256.543458,37,2496.59506
-217.428986,33,2496.892638
-256.12485,37,2497.205616
-277.890613,37,2497.523903
-51.405856,24,2497.704977
-237.574438,37,2497.991583
-232.655152,37,2498.280424
-248.493113,37,2498.57421
-260.878844,37,2498.869694
-172.027357,41,2499.350028
-259.102776,37,2499.629549
-260.561014,37,2499.915063
-232.713484,36,2500.183593
-258.779406,37,2500.424511
-266.029204,37,2500.679353
-234.897372,37,2500.937057
-258.642009,37,2501.197525
-585.639705,101,2501.907508
-111.256582,34,2502.144916
-446.533858,70,2502.653894
-243.130476,37,2502.934216
-261.835672,37,2503.189299
-18.876312,19,2503.320202
-257.814236,37,2520.105352
-163.772439,40,2520.373811
-259.65254,37,2520.621797
-147.34635,24,2520.830208
-259.828414,37,2521.10468
-226.718907,36,2521.38098
7.449245,31,2521.59848
-269.916884,37,2521.872225
-254.980505,37,2522.152264
-279.255005,37,2522.467143
-127.76827,21,2522.953953
-39.037263,24,2523.492022
-616.320374,101,2524.317544
-31.343406,22,2524.489209
-248.195784,37,2524.764677
-259.213488,37,2525.059446
-279.296944,37,2525.341743
-234.562169,37,2525.61738
-263.969707,37,2525.883023
-258.059812,37,2526.15829
-139.234835,36,2526.424071
-128.541493,23,2526.593942
-175.15468,30,2526.821694
-266.647131,37,2527.08257
-277.407242,45,2527.412007
-195.703668,32,2527.649365
-239.655857,37,2527.928474
-243.851231,37,2528.202174
-153.409291,27,2528.392676
-264.453627,37,2528.663347
-268.726696,37,2528.909027
-257.263313,37,2529.156752
-15.989751,35,2529.407864
-245.291995,37,2529.669325
-265.807405,37,2529.926337
-145.808482,24,2530.093212
-257.348155,37,2530.353116
-256.516697,37,2530.653261
-176.057465,28,2530.867363
-262.040038,37,2531.117097
-247.144438,37,2531.390505
-222.432191,36,2531.654606
-254.970095,37,2531.94245
-233.381273,35,2532.192275
-149.18335,37,2532.478709
-236.201937,37,2532.755211
-202.631076,47,2533.44833
-264.326442,37,2533.860793
-237.69443,37,2534.0995
-235.914608,37,2534.342825
-252.063488,37,2534.626717
-384.799109,56,2535.066755
-265.174821,41,2535.36904
144.463768,26,2535.567111
-149.765842,23,2535.726963
-260.729571,37,2536.003034
-272.19208,37,2549.440039
-29.959158,21,2549.619874
-132.527561,21,2549.783305
-133.088528,36,2550.042325
-261.698898,37,2550.308945
-243.930608,37,2550.563341
-250.482679,37,2550.819789
69.040118,23,2550.998852
-233.322074,36,2551.245614
-240.161322,37,2551.587697
-258.473184,37,2551.843701
-178.87767,56,2552.226267
-261.190656,37,2552.483335
-249.577271,39,2553.212455
-257.02683,40,2554.558517
-264.153167,37,2555.175169
-259.447678,37,2555.506603
-278.710531,41,2555.849245
-259.44043,40,2556.153593
-122.644668,20,2556.303407
-140.319575,24,2556.471027
-267.272841,37,2556.72734
60.560817,23,2556.897694
-249.418473,37,2557.167982
-204.394181,32,2557.418803
-235.257272,37,2557.675736
-249.02741,37,2557.937007
-196.782002,31,2558.153585
-238.561718,37,2558.413375
-237.920592,37,2558.700678
-139.097265,47,2559.028995
-251.780928,37,2559.31428
-157.345668,25,2559.483566
-253.324274,37,2559.78116
-275.214269,43,2560.1177
-268.325524,37,2560.378978
-94.244204,29,2560.581777
-227.146265,39,2560.983882
-250.961044,37,2561.354723
-245.325724,37,2561.738827
-263.556152,37,2562.221355
-73.734066,29,2562.559655
-262.336798,38,2562.92197
-236.979886,37,2563.355302
-8.130858,19,2563.562754
-216.274317,34,2563.969773
-254.173083,37,2564.409947
-238.557923,37,2565.595817
-260.425809,37,2565.966588
-153.966196,25,2566.183186
-156.051325,27,2566.375365
-138.564539,23,2566.558953
-378.483509,56,2566.960362
-417.917423,67,2567.461628
-56.299865,28,2567.663146
-250.752156,38,2567.933513
-259.398618,37,2568.192989
-73.648477,40,2568.487192
-123.419922,21,2568.645647
-241.015284,37,2581.753817
-160.464712,42,2582.035703
-20.233513,20,2582.151398
-237.49629,37,2582.421987
-265.590217,37,2582.709584
-269.719524,37,2583.563484
-233.546175,36,2583.934254
-36.188335,22,2584.08178
-251.744324,37,2584.347028
-246.330948,37,2584.605841
-201.501427,46,2585.427146
-136.693439,36,2585.739686
37.729121,37,2586.029475
-249.992762,37,2586.396025
-260.311326,37,2586.707186
-257.832838,37,2586.955391
-253.686077,37,2587.199771
-250.375989,37,2587.46534
-125.98637,34,2587.709884
-255.208297,37,2587.976366
-238.648096,37,2588.22878
-249.110448,37,2588.509041
-258.833974,37,2588.764389
-242.05827,37,2589.026534
-258.778551,37,2589.274692
-43.46769,37,2589.542176
-251.350673,37,2589.82393
-141.986216,23,2589.979852
-251.409115,37,2590.234712
-273.964392,42,2590.541025
-234.730415,37,2590.801126
-156.988466,26,2590.996191
-241.412637,37,2591.246084
-227.187704,36,2591.507142
-213.323727,34,2591.752767
-261.78565,37,2592.028499
-237.591763,37,2592.306976
-86.742576,32,2592.537642
-259.043251,37,2592.794846
-126.762181,22,2592.953439
-238.629792,37,2593.178359
-252.367296,37,2593.455435
-262.740849,37,2593.763643
-250.476469,37,2594.028846
-252.818219,37,2594.490999
-250.591148,37,2594.772971
-254.084421,37,2595.034736
-251.131322,37,2595.299412
-358.014297,51,2595.663544
-237.823381,37,2595.940982
-261.555847,37,2596.19516
-248.886984,37,2596.451105
-258.306926,37,2596.720961
-181.343163,29,2596.937606
-248.908,37,2597.202882
-266.620171,37,2597.468137
-267.491025,37,2597.755542
-241.60726,37,2615.004976
-247.061072,37,2615.314431
-135.837162,22,2615.466687
-261.744152,37,2615.726163
-266.027332,37,2615.996371
-128.492937,22,2616.154256
-248.126554,36,2616.408259
-61.596609,26,2616.589394
-247.986235,37,2616.851514
51.184519,27,2617.034231
-245.072428,37,2617.284009
-37.394234,23,2617.455334
-148.051751,39,2617.741225
-139.350209,22,2617.92387
-138.081436,23,2618.085497
-242.429624,37,2618.352354
-58.003542,46,2618.683335
-241.293335,37,2618.993042
69.711607,80,2619.581138
-257.418592,37,2619.843321
-241.921898,37,2620.091838
-20.926994,22,2620.237864
-246.903416,37,2620.484645
155.109566,27,2620.671863
-254.365593,37,2620.927779
-80.721042,28,2621.121387
-248.856907,37,2621.364429
-235.343733,37,2621.633043
-232.732041,37,2621.936236
119.67639,51,2622.372101
-261.95697,37,2622.678242
-243.954891,37,2622.933129
-252.660688,37,2623.187611
-236.881191,37,2623.452449
-249.297913,37,2623.743639
-264.005323,37,2623.998695
-248.530359,37,2624.250035
-150.295422,25,2624.410112
-146.514839,24,2624.582745
-259.886029,37,2624.836417
-44.940679,24,2625.006891
-235.894886,37,2625.724316
-260.664207,39,2626.022249
-237.961034,37,2626.295313
-260.756821,37,2626.552157
-306.341008,48,2626.88581
-157.952324,26,2627.069095
-222.233618,33,2627.303713
-258.840714,37,2627.562215
-239.535486,37,2627.812016
-85.537374,33,2628.049647
-253.965457,37,2628.31817
-253.303254,37,2628.589507
-243.938131,37,2628.866002
-460.867625,75,2629.405301
-254.067328,37,2629.669519
-290.408526,44,2629.987589
-47.899616,26,2644.158989
-263.966804,37,2644.42173
-195.486342,31,2645.144977
-235.413627,37,2645.437271
-108.844986,31,2645.661942
-253.695134,37,2645.925016
-246.41631,37,2646.212182
-29.462608,23,2646.372747
-246.50222,37,2646.620314
-260.179122,37,2646.879557
-262.641628,37,2647.149779
-246.335972,37,2647.412638
-206.468023,34,2647.673621
-242.717224,37,2647.924187
-275.939437,56,2648.355054
-272.988957,37,2648.609917
-147.695344,37,2648.89081
-247.491138,37,2649.340768
-214.389323,34,2649.580329
-236.179169,37,2649.849357
-240.204779,37,2650.132509
-133.595177,22,2650.292186
-249.080976,38,2650.578434
-144.549505,25,2650.740919
-250.637347,39,2651.028125
-137.964976,23,2651.183294
-249.429125,39,2651.407738
-190.946428,30,2651.616008
-265.127695,37,2651.892219
-258.55902,37,2652.155518
-93.598721,48,2652.524357
-248.657274,37,2652.784717
-253.850905,37,2653.0627
-252.339889,37,2653.36532
-238.223216,40,2653.681356
-126.26959,21,2653.859912
-71.772657,39,2654.169349
-161.291634,26,2654.343081
-258.327197,37,2654.641744
-247.835952,37,2655.016675
-255.451956,37,2655.382253
-149.395406,24,2655.628309
-254.564642,40,2656.091591
-102.79665,31,2656.559501
-237.576028,37,2656.950367
-374.476342,61,2657.587345
-263.36209,37,2657.968597
-243.391124,37,2658.394774
-264.097613,37,2658.878242
-253.395348,37,2659.352931
-243.417591,37,2659.782289
-52.580003,26,2660.065825
-20.884092,21,2660.220115
-32.986883,22,2660.412503
-265.186258,37,2660.684736
-213.352768,32,2660.913829
-144.544965,25,2661.087403
-243.262314,37,2661.361239
-16.119949,19,2661.499159
-267.19591,37,2677.680557
-51.159721,24,2677.843355
-259.466067,37,2678.141586
-254.637766,37,2678.435
-181.677714,28,2678.658199
-252.782249,37,2678.943822
-242.095544,37,2679.211549
74.02874,44,2679.55023
-244.884884,37,2679.818297
-178.909389,31,2680.04591
-276.719124,37,2680.307491
-281.109454,37,2680.568599
-205.63346,44,2680.864464
-252.961263,37,2681.109163
-242.306875,37,2681.350657
-374.462415,60,2681.738113
-101.325191,32,2681.938202
-237.671963,37,2682.181688
-242.452594,37,2682.433215
-642.653634,92,2683.046525
-140.787919,38,2683.471583
-238.21394,37,2683.911241
-242.94898,37,2684.194177
-241.369472,37,2684.43117
-239.556688,37,2684.705289
-149.730608,37,2684.978184
-383.030099,101,2685.685308
-260.068392,37,2685.962367
-259.74836,37,2686.227924
-256.63853,37,2686.482361
-247.122654,37,2686.776536
-322.473887,52,2687.141752
-251.735339,37,2687.387565
-255.957261,37,2687.651919
-236.007678,37,2687.908782
-87.37803,31,2688.119809
-176.93149,29,2688.318292
-218.880229,34,2688.545739
-244.375216,37,2688.813693
-272.874369,42,2689.116985
-295.839075,58,2689.516938
-244.968949,37,2689.762137
-268.950309,37,2690.255592
-263.857446,37,2690.505486
-245.901812,37,2690.786862
-332.549452,49,2691.160933
-150.21349,25,2691.3576
-15.060008,19,2691.508248
-420.853085,63,2691.944938
-258.697505,37,2692.205932
-236.506288,37,2692.478788
-271.230017,37,2710.322987
-288.323703,44,2710.673948
-69.219682,30,2710.894608
-149.194448,37,2711.161692
-247.895368,37,2711.422554
-80.794048,29,2711.627763
-258.090074,37,2711.875354
-242.277732,37,2712.142328
-104.24912,33,2712.358178
-156.011113,26,2712.532577
-286.579276,46,2712.854078
-251.414134,37,2713.114906
-13.172984,19,2713.250211
-396.590127,68,2713.695633
-223.322341,34,2713.950469
-258.525097,37,2714.208854
-141.407495,23,2714.36042
-268.11637,37,2714.597624
-242.700043,37,2714.863613
66.703777,22,2715.026702
-235.906937,37,2715.293486
-139.888431,37,2715.560184
-249.470542,37,2715.816354
-245.836057,37,2716.089365
-173.031488,27,2716.28147
-257.64657,37,2716.554825
-249.932516,37,2716.82978
-64.562747,26,2717.016913
-243.73627,37,2717.297272
-138.90147,24,2717.476879
-257.397861,39,2717.762705
-250.112936,37,2718.031799
-240.61121,37,2718.284343
-146.538554,25,2718.450109
-260.783128,41,2718.734506
-209.313735,35,2719.011956
-263.820621,37,2719.264809
-239.440964,37,2719.54391
-24.035197,20,2719.684241
-80.33984,28,2719.873943
-195.954671,31,2720.074601
-116.944078,19,2720.205263
-141.85727,37,2720.466935
-67.869711,27,2720.819484
-256.63818,37,2721.271546
-233.831855,37,2721.504724
-143.697597,25,2721.666102
-253.818069,37,2721.894589
-303.539192,45,2722.220662
-256.750948,37,2722.51197
-145.496991,24,2722.713041
-22.199033,20,2722.871621
-250.85502,37,2723.16221
-263.89812,37,2723.421688
-245.632249,37,2723.69789
-253.663188,37,2723.98627
-244.103047,37,2724.232622
-164.797681,26,2724.409105
-247.495424,37,2724.669968
-246.816274,37,2724.946291
-260.028663,37,2739.768386
-272.417767,37,2740.502493
-327.178325,76,2741.063955
-166.719684,40,2741.338452
-234.30899,37,2741.597094
-256.368133,37,2741.896777
93.144603,31,2742.111929
-142.789362,37,2742.369634
-667.138358,101,2743.074264
-244.536313,37,2743.388569
-261.04383,40,2743.668239
-256.045305,40,2743.990673
-256.169641,37,2744.285985
-256.741914,37,2744.540024
-246.345859,37,2744.794752
-248.449651,37,2745.086567
-152.795134,37,2745.341238
-238.286114,36,2745.881072
-634.146625,101,2746.658792
-277.881628,37,2746.934656
-234.79772,37,2747.19016
-242.659171,37,2747.4414
-243.86106,37,2747.707084
-241.159148,37,2747.972951
-251.205526,37,2748.224263
-241.748678,37,2748.476268
-257.953205,37,2748.717921
-289.686249,42,2749.023853
-209.013206,31,2749.250024
132.724069,46,2749.580435
-122.789577,18,2749.7025
-13.080577,19,2749.833045
-180.186136,29,2750.019056
-343.025127,48,2750.343633
-243.62266,37,2750.595867
-243.213725,37,2750.842936
61.189296,37,2751.135477
-135.453833,36,2751.539028
-94.525875,31,2751.86221
-23.685279,36,2752.24791
-240.194384,37,2752.657492
-241.556145,37,2753.125166
-244.361644,37,2753.513785
-221.880912,34,2753.901643
-256.950423,37,2754.230822
-61.11294,27,2754.523503
-244.493108,37,2754.94598
-239.047117,37,2755.388271
-139.488433,23,2755.633493
-70.1843,28,2755.91766
-177.458634,28,2756.23025
-29.415572,22,2756.46175
-235.791162,37,2756.750669
-252.805841,37,2756.988325
-281.510148,42,2772.139663
-252.931437,37,2772.372627
-267.904716,42,2772.67696
-244.090964,37,2772.956554
-243.287423,37,2773.209907
-258.371445,37,2773.475497
-263.5949,37,2773.72065
-203.518431,31,2773.948712
-237.727777,37,2774.217268
-252.320644,37,2774.459399
-188.735625,52,2774.829064
-236.301842,37,2775.096493
-148.441002,25,2775.276584
-365.909986,51,2775.637853
-243.271606,37,2775.85447
-259.225196,37,2776.116625
-50.248482,23,2776.283184
-242.286024,37,2776.530916
-260.830203,40,2776.823634
-257.626627,37,2777.086782
-260.373407,37,2777.351495
-239.503927,37,2777.625141
-233.436527,37,2777.894996
-256.176971,37,2778.150062
-246.161796,37,2778.400832
-39.199935,37,2778.646982
-211.255887,33,2778.895372
-254.162202,37,2779.528179
-252.6807,37,2779.792933
-254.455709,37,2780.041948
-194.979387,33,2780.261974
-245.696843,43,2780.536539
-243.890884,37,2780.78403
-148.566796,37,2781.026367
-248.70951,37,2781.274104
-38.287136,24,2781.43793
87.875124,33,2781.663386
-46.733132,26,2781.835125
-134.91586,36,2782.073905
-252.447758,37,2782.342406
-109.488173,34,2782.592448
-257.457929,37,2782.862661
-242.901211,37,2783.144989
-226.285792,35,2783.399229
-259.309673,37,2783.686982
-146.270631,24,2783.852329
-242.347532,37,2784.13044
-264.844163,37,2784.376066
-240.104948,37,2784.62965
-67.983082,44,2785.115388
-251.061868,37,2785.406708
-243.114174,37,2785.687719
-295.359978,43,2786.000223
-227.141082,35,2786.227731
-245.63713,37,2786.504192
-242.042704,37,2786.782082
-243.083741,37,2801.717647
-138.30165,36,2801.912065
-637.078242,101,2802.372923
-20.227973,20,2802.45245
-252.989929,37,2802.640705
-238.686178,37,2802.80673
-101.217049,35,2802.954297
-260.762341,37,2803.107945
74.46445,21,2803.192277
-255.255379,37,2803.349375
-76.952442,26,2803.461231
-256.804726,37,2803.619611
-238.871333,37,2803.765206
-157.862027,26,2803.882448
-136.753316,24,2803.978886
-253.564228,37,2804.133574
-45.092808,68,2804.40822
-171.747415,30,2804.540695
-211.725256,35,2804.682281
-247.856226,37,2804.837806
-143.273988,25,2804.943763
-249.457081,37,2805.089718
-54.454295,24,2805.188958
-264.489624,37,2805.333401
-51.513619,39,2805.490435
-255.654329,37,2805.635402
-71.841684,28,2805.747155
-258.641307,37,2805.901959
-273.514248,37,2806.053015
-235.057693,37,2806.203333
-152.517657,38,2806.36643
-248.02643,37,2806.517044
-42.08425,22,2806.608012
-249.889612,37,2806.760309
-283.280323,43,2806.938226
-34.559689,22,2807.030491
-117.312861,19,2807.105894
-245.955083,37,2807.253315
-263.658054,37,2807.40753
-237.536515,37,2807.556988
-201.611957,31,2807.682779
-261.56122,37,2807.836929
-151.043981,25,2807.944696
-250.340813,37,2808.095159
-121.284484,20,2808.174689
-228.892161,36,2808.326022
-265.688676,37,2808.491744
-228.134984,35,2808.633188
-250.663435,37,2808.791552
-251.389466,37,2808.944227
-35.736282,23,2809.036027
-248.686442,37,2809.193864
-255.508392,37,2809.345278
-61.687433,27,2809.454024
-165.785252,40,2809.624941
-247.507923,37,2809.775031
-257.24178,37,2809.929043
-758.342197,101,2817.860697
-289.004817,44,2818.055904
-271.996233,37,2818.211217
-263.299238,37,2818.362169
-54.43183,24,2818.466467
-361.624695,53,2818.69079
-187.213031,29,2818.805416
-238.595347,37,2818.972828
-300.388999,47,2819.180029
-241.069281,37,2819.33629
-256.477614,37,2819.492301
-244.13994,37,2819.640687
-235.616908,37,2819.797856
-252.653028,37,2819.964652
-197.703041,42,2820.136263
-265.264678,37,2820.284934
-78.04267,30,2820.400582
-94.733601,32,2820.525558
-228.54087,35,2820.680779
-259.008649,37,2820.829012
-202.36532,30,2820.945299
-245.320268,37,2821.0913
-261.857742,37,2821.370465
-30.23129,21,2821.457914
-158.879667,26,2821.571766
-185.374544,29,2821.687025
116.964252,29,2821.807196
-135.33997,37,2821.956989
-147.517317,23,2822.05554
-155.126616,26,2822.155906
-133.40843,21,2822.243144
-243.351115,37,2822.392322
-265.025577,37,2822.551459
-132.178576,22,2822.644601
-249.569425,37,2822.801213
-242.061288,37,2822.951201
-239.768814,38,2823.101186
-266.05713,41,2823.268751
-272.090698,40,2823.43152
-249.043219,37,2823.580219
-144.435284,23,2823.677935
-374.074377,57,2824.582784
-235.988596,36,2824.852664
-731.759258,101,2825.286368
-247.325971,37,2825.442028
-182.076646,29,2825.563537
-235.608866,37,2825.717
-247.594664,37,2825.868221
-258.273953,37,2826.021637
-228.448115,37,2826.176646
-184.633668,42,2826.350641
-286.265193,45,2826.539585
-263.013038,37,2826.740507
-222.754493,36,2826.966409
-254.763753,37,2827.366091
-243.213971,37,2836.091442
-713.58682,101,2836.591084
-78.758236,29,2836.708692
-249.253562,38,2836.870234
-233.789067,37,2837.017524
-231.645988,36,2837.167512
-227.15826,35,2837.313121
-126.387763,34,2837.45289
-268.559395,40,2837.919986
-145.908798,37,2838.089906
-259.239193,37,2838.250208
-259.590903,37,2838.405282
-247.54683,37,2838.571914
-254.339288,37,2838.724517
-262.591072,37,2838.877947
-138.057342,37,2839.030157
-74.731646,30,2839.149597
-122.801453,19,2839.225459
-272.492577,37,2839.373625
-268.495565,37,2839.533205
-260.658754,37,2839.690269
-277.541663,37,2839.843394
-88.061078,31,2839.975082
-237.272517,37,2840.123743
-130.404884,22,2840.226597
-256.806983,37,2840.383331
-262.190552,37,2840.529465
-264.895781,37,2840.691763
-143.46876,37,2840.842013
-242.688182,37,2840.993062
-163.932051,52,2841.198806
-256.83591,37,2841.350908
-139.585217,22,2841.444549
-248.370352,37,2841.591014
54.75052,25,2841.693073
-15.195188,46,2841.884699
-182.140785,29,2842.000899
-300.174441,47,2842.199062
-260.318567,37,2842.353116
-272.003141,37,2842.513515
-168.801004,29,2842.628681
-241.956887,37,2842.77579
-37.751752,23,2842.868644
-266.21164,37,2843.017708
-243.118113,37,2843.175887
-212.242447,32,2843.315759
-259.859912,37,2843.463312
-615.741889,101,2843.877378
-656.292875,84,2844.208307
37.879009,26,2844.314883
-160.665269,26,2844.625007
-256.692838,37,2844.785297
-629.130103,87,2845.159373
-254.937818,37,2856.181677
-222.38079,34,2856.352243
-243.623296,36,2856.50858
-258.113745,37,2856.657475
-232.239242,35,2856.80217
-141.611059,37,2856.970036
-255.324958,37,2857.122656
-151.007064,24,2857.220911
-248.245887,37,2857.376935
-149.161373,40,2857.548103
-251.46105,37,2857.702077
-261.465832,37,2857.851831
-252.101122,37,2858.009391
-221.285373,35,2858.148785
-238.300269,37,2858.306116
-248.262563,37,2858.462937
46.718757,37,2858.623985
46.954344,26,2858.728947
-254.425421,37,2858.886899
-243.057655,37,2859.041372
-259.218289,37,2859.187115
-27.802422,21,2859.275053
-240.49965,37,2859.434293
-215.300418,33,2859.569274
-57.389016,25,2859.670648
-240.044694,37,2859.821359
-145.700736,24,2859.922142
76.093892,20,2860.002106
-254.431967,37,2860.155261
-244.750858,37,2860.305889
-244.376038,37,2860.459508
-130.940579,22,2860.559035
-245.181075,37,2860.709832
-182.800771,29,2860.827817
-12.742848,19,2860.903296
-114.926295,20,2860.987829
-232.584449,34,2861.125832
-255.498526,37,2861.2835
-257.012023,37,2861.43279
-229.745801,34,2861.573297
-241.775537,36,2861.72733
-178.750755,28,2861.841173
-254.619498,40,2862.006297
-240.694949,37,2862.169138
-210.183276,34,2862.308697
-258.804821,37,2862.459212
-233.92311,36,2862.608664
-178.405765,30,2862.728047
-248.556281,68,2863.007448
-246.956704,37,2863.15518
-244.968152,37,2863.3116
-187.596028,31,2863.439456
-13.764297,19,2863.515431
-527.668302,101,2863.938225
-278.930221,40,2864.105328
-225.510601,34,2864.24065
-246.000563,37,2864.394365
-205.653914,34,2864.531134
-39.637817,25,2871.539561
-98.823023,33,2871.722357
-46.830005,37,2871.902286
-28.33755,22,2872.00769
-240.973987,37,2872.170639
-48.228832,24,2872.271076
-240.857102,37,2872.431106
-561.376199,80,2872.794601
-248.344836,37,2872.955812
-33.437461,21,2873.039373
-206.112427,32,2873.1751
-304.652324,58,2873.419827
-263.21648,37,2873.576917
-258.258819,37,2873.730216
-257.091186,37,2874.084035
-252.967914,37,2874.44364
-37.060519,24,2874.575093
-159.147671,26,2874.686524
-139.282651,23,2874.785371
-160.68616,26,2874.896557
-193.125913,31,2875.034852
-249.062143,37,2875.203112
-260.245974,37,2875.353887
-156.360407,27,2875.467194
-240.354092,37,2875.625509
-175.615351,44,2875.818692
-238.020341,37,2875.969863
-237.982972,37,2876.280667
-247.784539,37,2876.453141
-128.007731,20,2876.537695
-249.119759,37,2876.69461
-198.371584,35,2876.846205
-234.312715,37,2877.004683
-64.594508,28,2877.123156
-250.778754,37,2877.282903
-135.845589,21,2877.376042
-236.264408,37,2877.53752
-266.343533,37,2877.692611
64.236649,40,2877.872286
-256.383886,37,2878.041096
-239.903514,37,2878.202256
-129.936553,20,2878.292317
-264.46621,37,2878.461142
-265.547819,37,2878.619571
-127.426884,20,2878.715734
-233.977267,37,2878.871756
-243.340261,37,2879.035326
112.202337,33,2879.177053
-256.997664,37,2879.343533
-244.539283,37,2879.499245
174.111175,23,2879.602126
7.028431,30,2879.735777
-246.241069,37,2879.882844
-23.579315,20,2879.968209
-247.029235,37,2880.124917
-260.917169,37,2880.279284
-238.871203,37,2880.439262
-256.045091,37,2880.598295
-251.563603,37,2880.751569
-581.754874,84,2890.570003
-153.340546,37,2890.740437
-218.449963,35,2890.885921
-86.950635,30,2891.005485
-185.988034,28,2891.115849
-242.600241,37,2891.268962
-256.315312,37,2891.421428
-265.721189,37,2891.590984
-1.927764,31,2891.715956
-237.323821,37,2891.866638
-241.529553,37,2892.020808
-268.816991,37,2892.169633
-239.57964,37,2892.32595
-136.503746,23,2892.436445
-262.965928,37,2892.941676
-201.223699,44,2893.184931
57.110931,25,2893.298989
-204.579597,31,2893.430474
-244.496408,37,2893.588819
-26.950086,20,2893.66734
71.993143,34,2893.810989
-264.680055,37,2893.966239
-261.095482,37,2894.118527
-237.775697,40,2894.304698
-244.7208,37,2894.467346
-150.899235,37,2894.61809
-245.652948,37,2894.772429
-59.124394,25,2894.879896
-250.19559,37,2895.036117
-148.540339,37,2895.195624
-218.71403,33,2895.329698
-245.130949,37,2895.4802
-158.828608,25,2895.589041
-242.32364,52,2895.808591
-238.149831,36,2895.973026
-18.673909,21,2896.055275
-272.344137,41,2896.225361
-244.45444,37,2896.37202
-262.167885,37,2896.539137
-151.696499,25,2896.648812
-234.654687,37,2896.808134
-270.381967,37,2896.961533
-200.967532,30,2897.086593
175.464249,20,2897.175773
-138.343607,37,2897.327623
-241.691399,37,2897.479588
15.588959,30,2897.59841
-261.765819,37,2897.74958
-177.172957,29,2897.868771
-302.563843,44,2898.055861
-236.755243,37,2898.22056
-260.592459,37,2898.370615
-192.748859,31,2898.517064
-254.622116,37,2898.670816
-90.065759,30,2898.806903
-257.97343,37,2898.95907
-43.104192,37,2899.115248
-264.304039,37,2899.264349
-272.949953,37,2899.545068
-258.516075,37,2909.827799
-341.978973,50,2910.100099
-259.389753,37,2910.25742
-330.66026,52,2910.482518
-143.118193,23,2910.588604
-290.407505,57,2910.822684
-253.733264,37,2910.983659
-251.574622,37,2911.150133
-343.327368,55,2911.385803
-247.854597,37,2911.550223
-18.053941,19,2911.624969
-248.671865,37,2911.781571
-264.143059,37,2911.943302
-259.985749,37,2912.092614
-149.828139,37,2912.257662
-237.880582,37,2912.422955
-132.372997,36,2912.993459
-50.912048,25,2913.136602
-144.998382,37,2913.304127
-261.744309,37,2913.47152
-243.256639,37,2913.633986
-257.751232,37,2913.815015
-256.242975,37,2913.992528
-235.646512,37,2914.314576
-147.714655,37,2914.671538
-246.351288,37,2914.89912
-124.906895,35,2915.049645
-185.321906,30,2915.172077
-258.926722,37,2915.330674
-253.003616,37,2915.500793
-264.166428,40,2915.676903
-244.226028,37,2915.851791
-205.889403,32,2916.003367
-240.955921,37,2916.17474
-209.433564,32,2916.334884
-230.451554,37,2916.499934
-270.148356,37,2916.64766
-151.366985,26,2916.759113
-256.321792,37,2916.919545
-243.879049,37,2917.080979
-258.308344,37,2917.24162
-241.29189,37,2917.404267
-194.387067,41,2917.581456
-245.942917,37,2917.739215
-234.427426,37,2917.894678
-240.944047,37,2918.06014
-57.849542,25,2918.164474
-254.221825,38,2918.325551
-132.708409,23,2918.426832
-260.100136,37,2918.60034
-238.837322,37,2918.755863
-101.938935,31,2918.887035
-246.638835,37,2919.044461
-255.034582,36,2919.186392
-259.74536,37,2919.339579
-21.521917,34,2919.482896
-196.328297,31,2927.150169
-258.78578,37,2927.394603
-230.133456,37,2927.550266
-174.767697,27,2927.65678
-239.285784,37,2927.805368
-457.444713,66,2928.068451
-201.107768,34,2928.204042
-69.606304,27,2928.313209
-120.463328,34,2928.459001
-381.753236,71,2928.780474
-243.096585,37,2928.936408
-266.564323,37,2929.096699
-227.325669,35,2929.235272
131.414631,30,2929.359378
-28.240673,20,2929.450282
-254.976679,38,2929.610693
-687.401133,101,2930.028765
-245.283531,37,2930.176288
-239.281575,37,2930.328116
-355.344369,79,2930.649218
-240.25965,37,2930.802309
-305.052771,47,2930.998575
-229.534682,36,2931.150583
-125.560797,19,2931.22761
-254.234394,37,2931.381953
-54.27137,40,2931.550221
-22.72871,20,2932.051698
-123.561071,19,2932.184889
-424.085379,57,2932.441103
-241.932584,37,2932.61903
-247.735211,37,2932.813986
-253.395033,37,2932.977296
-245.797846,40,2933.147074
-146.622708,37,2933.304978
-223.096798,35,2933.452402
-228.706018,36,2933.59402
-130.365681,37,2933.745295
-441.783444,63,2934.005559
-144.39875,23,2934.112
-43.65664,25,2934.291064
-125.049992,20,2934.412107
-172.532454,39,2934.638558
-233.812647,41,2934.827278
-258.531496,37,2934.986704
-28.180328,20,2935.074337
-216.358166,34,2935.21832
-261.806909,37,2935.36633
-273.799926,40,2935.526541
-19.808354,19,2935.60395
-256.54241,37,2935.755014
-242.155961,37,2935.914649
-262.34507,37,2936.068163
-227.520356,36,2936.211785
-150.026946,37,2936.367317
-251.393152,37,2946.017039
-241.901129,37,2946.254506
-235.715925,36,2946.409669
-22.638877,19,2946.488465
-257.511995,37,2946.650235
-225.48264,45,2946.834499
-234.954787,37,2946.989889
-182.963179,30,2947.113005
-122.71582,21,2947.200049
-165.619915,41,2947.37252
-21.140365,21,2947.458569
-257.197738,37,2947.614205
-33.231879,20,2947.69604
-263.955925,37,2947.878232
-238.37102,37,2948.100885
-151.1483,24,2948.221277
-261.108759,37,2948.379281
-265.8751,37,2948.530698
-236.811153,37,2948.690049
-249.138044,37,2948.846441
-142.0157,37,2949.012491
-146.040208,25,2949.116456
-256.316468,37,2949.283514
-31.566498,21,2949.383221
-247.194917,37,2949.541695
-244.20168,37,2949.698994
-255.939481,37,2949.854571
-240.306688,37,2950.009761
-183.306071,30,2950.129191
-28.998951,22,2950.218016
-264.049849,37,2950.364024
-138.610404,24,2950.460738
-149.786507,25,2950.567262
80.992907,20,2950.648403
-241.200338,37,2950.802742
-82.61459,66,2951.079334
-46.150899,24,2951.484311
-248.386474,37,2951.704899
-39.183931,36,2951.862782
-220.265615,34,2952.007679
-235.056659,37,2952.160459
-130.955142,20,2952.248195
-232.578509,37,2952.398367
-143.533203,37,2952.560074
-267.946105,46,2952.752038
-162.33003,26,2952.858141
-118.523586,34,2953.001603
-237.70646,37,2953.174547
-243.671124,37,2953.338564
-41.205625,23,2953.435463
-17.58546,35,2953.582303
-241.182691,37,2953.739929
-262.029255,37,2953.897694
-164.721355,40,2954.086662
81.557183,19,2954.166477
-245.639109,39,2954.331927
-423.456363,57,2954.562955
-382.39503,64,2954.827053
-258.304996,37,2954.979805
-233.64156,37,2955.138642
-152.694862,27,2961.614141
-243.889409,37,2961.83272
-67.913329,26,2961.945381
-249.241373,52,2962.28827
-256.522464,37,2962.443863
-264.915937,37,2962.596416
-28.568506,21,2962.68024
-22.855479,20,2962.75765
-173.597625,41,2962.925492
-184.549039,30,2963.050098
-50.315858,37,2963.203208
-39.969836,24,2963.305638
-241.63335,37,2963.459267
-110.405739,31,2963.588421
-128.297554,21,2963.670903
-251.918537,37,2963.825898
-279.053913,43,2964.016612
-239.479406,37,2964.17812
-65.362941,27,2964.2958
-96.32124,31,2964.424967
-136.540845,24,2964.52417
-275.22734,44,2964.709514
-137.125785,60,2964.967485
-22.636548,21,2965.063607
-32.115168,36,2965.222298
-37.663991,35,2965.366282
-234.322952,37,2965.523608
-234.941404,37,2965.674631
-210.47456,32,2965.811526
-123.109651,19,2965.889489
-240.83249,37,2966.036903
-16.84312,19,2966.123082
-241.402037,37,2966.283944
-349.186785,55,2966.504492
-263.487606,37,2966.654371
146.457491,28,2966.770096
-258.943859,37,2966.918872
-259.857743,37,2967.069517
-17.481376,19,2967.146216
52.624507,24,2967.256138
-255.10534,37,2967.40728
-31.014549,22,2967.503348
-161.237404,37,2967.714445
-261.698677,37,2968.007277
-37.852976,23,2968.181889
-239.215438,37,2968.446894
-133.206563,37,2968.841234
-274.389475,40,2969.301928
-352.956893,101,2970.837603
-253.718683,37,2971.241127
-234.590622,37,2971.626028
-250.144651,38,2971.995104
-195.422104,31,2972.313627
118.65807,43,2972.710139
-128.350894,23,2972.918993
-27.288695,21,2973.058617
-252.249957,37,2973.272867
-256.98877,37,2973.437234
-123.551907,19,2973.524554
-217.240988,33,2973.66082
-255.98133,37,2981.298581
-15.333587,19,2981.405987
-234.054417,39,2981.571563
-214.830159,35,2981.726085
-254.367503,37,2981.87493
-123.190631,21,2981.962675
-246.680258,37,2982.113261
-244.605221,37,2982.269424
-245.124157,37,2982.420713
-139.489053,22,2982.511706
-163.240162,26,2982.617007
-255.744625,37,2982.766018
-202.153691,32,2982.896939
-21.42201,20,2982.98611
-245.55259,37,2983.144315
-240.188589,37,2983.295983
-269.627271,37,2983.444021
-262.882993,37,2983.590268
-249.170148,37,2983.765776
-252.827711,37,2983.95259
-233.0797,37,2984.119854
-190.200473,44,2984.313813
-148.430984,25,2984.429407
-269.634135,37,2984.599273
-151.026833,37,2984.758139
-260.7487,37,2984.911324
-261.893663,37,2985.064844
-16.888246,19,2985.145876
-290.175818,40,2985.308968
-263.302274,37,2985.458873
-249.336987,37,2985.626085
-276.221118,37,2985.768292
-263.641199,37,2985.919477
-263.292686,37,2986.068592
-240.335225,37,2986.349863
-122.955092,19,2986.428468
41.552169,26,2986.538344
-29.785691,39,2986.702314
-260.000728,37,2986.860371
-237.722968,37,2987.012749
-44.557678,23,2987.107581
-102.628964,31,2987.232572
-247.106745,37,2987.393109
-249.548749,37,2987.546599
-658.248369,101,2987.974345
-30.485464,34,2988.118482
-250.120098,37,2988.266669
-238.409412,36,2988.41545
-255.451304,37,2988.570602
-180.836622,29,2988.69113
-341.403888,69,2988.976969
-137.493412,23,2989.075528
-251.596445,37,2989.231306
-221.982528,37,2989.383856
-57.331576,25,2989.761787
-221.717212,33,2989.948834
-253.263937,37,2990.12358
-172.878762,29,2990.244575
-216.313772,33,2998.240458
-244.815906,37,2998.456741
-240.111092,37,2998.617738
-298.474993,44,2998.794288
-137.391539,22,2998.890202
-259.033249,37,2999.047449
-242.932255,37,2999.207626
-255.91343,37,2999.359647
-527.181572,83,2999.70011
-242.695155,37,2999.858587
-339.330579,51,3000.065013
-40.162444,22,3000.152936
-242.486764,37,3000.311215
-153.63686,25,3000.410705
-266.668798,48,3000.619951
-119.163949,21,3000.705241
-250.128957,37,3000.854282
-259.18808,37,3001.008849
-258.837266,37,3001.165242
-254.046516,37,3001.318327
-241.124809,37,3001.471716
-293.812712,44,3001.648217
-126.480245,20,3001.731639
-367.046352,65,3002.010416
-266.323323,37,3002.159602
-255.650001,37,3002.319611
-169.274044,28,3002.442197
-236.006194,37,3002.595986
-154.805213,37,3002.750952
-249.736652,37,3002.903725
-260.059118,37,3003.057867
75.467899,20,3003.139949
-268.145227,42,3003.310983
-214.122755,34,3003.453942
-240.484347,37,3003.61088
-183.297275,29,3003.728793
-242.705587,35,3003.87347
-242.215062,37,3004.036341
-53.90096,24,3004.133069
-264.307321,37,3004.280318
-93.68338,31,3004.420598
-149.017791,25,3004.52331
-35.8264,22,3004.798843
-255.311547,37,3005.225573
-218.379268,34,3005.404531
-128.115148,21,3005.497665
-123.37269,19,3005.57969
-150.224446,25,3005.690212
-243.578064,37,3005.850667
-189.172828,30,3005.976997
-121.95577,21,3006.065775
-260.65672,37,3006.225501
-265.866174,37,3006.378257
-266.736558,37,3006.539453
170.583938,23,3006.639543
-173.069268,27,3006.757297
-104.252456,32,3006.890821
-136.341149,23,3006.99056
-243.980077,37,3007.149042
-134.502786,22,3007.246409
181.585872,26,3020.796389
-77.490859,29,3021.010785
-261.779645,37,3021.191176
-235.343544,37,3021.348193
-52.883851,29,3021.466829
-236.664089,37,3021.630077
-25.857067,20,3021.827924
-133.179303,22,3021.921787
-240.51408,37,3022.078396
-348.039197,92,3022.501699
-239.857119,37,3022.675493
-35.587617,37,3022.838288
-257.992798,39,3023.002689
-247.686325,37,3023.153806
-298.359623,44,3023.336002
-234.238812,49,3023.544496
-65.502837,26,3023.653223
-31.049768,23,3023.747264
-251.965907,37,3023.911953
-140.192379,35,3024.065527
-156.625294,24,3024.187282
-282.007678,41,3024.367049
-253.923103,37,3024.51853
-0.649558,50,3024.72959
-147.780523,37,3024.894337
-259.668075,37,3025.047861
-122.135973,19,3025.12905
-235.231575,37,3025.282633
-266.039481,37,3025.44241
-245.113792,37,3025.596592
-186.883118,30,3025.723812
-256.658954,37,3025.884237
-91.066554,35,3026.033248
-258.776179,37,3026.191778
-236.240348,35,3026.33582
-24.172194,19,3026.416971
-253.570625,37,3026.576231
-241.799503,37,3026.732115
-221.527937,35,3026.882598
-224.703236,32,3027.170272
58.59939,24,3027.474968
-256.353445,37,3027.726653
-266.668238,37,3027.97362
-244.60986,37,3028.256775
-327.575752,57,3028.787056
-144.97947,37,3029.161697
-244.831421,37,3029.549085
-159.647425,26,3029.818973
-247.54484,37,3030.205666
-156.291431,37,3030.573426
-208.562515,32,3030.868223
-238.73359,37,3031.234324
-254.182448,37,3031.598631
-255.344124,37,3031.861713
-174.251705,37,3032.071238
-240.701892,37,3032.233597
-239.430754,37,3032.392232
-183.86587,28,3032.509271
-243.901312,37,3039.681739
-68.826884,28,3039.818772
-256.127897,37,3039.982818
-212.890451,36,3040.150827
-316.301292,47,3040.346781
-142.961787,24,3040.447213
119.758484,29,3040.575243
44.803013,24,3040.676625
-218.873623,31,3040.805871
-134.519242,22,3040.892182
-259.6645,37,3041.047176
-243.909059,37,3041.202534
7.201129,32,3041.339279
-273.134867,40,3041.501541
-254.60036,37,3041.656391
-143.699119,37,3041.808516
-247.001569,37,3041.965181
-241.489113,37,3042.112106
13.624351,29,3042.231868
-225.466826,35,3042.377827
-128.934404,21,3042.465686
-260.298165,37,3042.62766
-144.092744,24,3042.729294
-243.570048,37,3042.886294
-692.271253,95,3043.277596
-206.476755,31,3043.416503
-280.946891,42,3043.600809
-247.460241,37,3043.7602
-253.85059,39,3043.921973
-83.315675,31,3044.050897
-209.679919,31,3044.184237
40.074115,25,3044.28924
-276.152293,43,3044.471076
-277.443254,39,3044.629305
-149.218743,26,3044.73521
-233.788482,37,3044.983479
-229.78508,37,3045.143182
-256.876626,37,3045.299698
-271.563136,37,3045.457903
-244.64407,37,3045.618031
-237.267018,37,3045.774671
-233.540422,39,3045.934125
-145.353077,24,3046.039814
-161.527484,25,3046.144293
-252.59755,37,3046.575221
-257.366002,37,3046.766462
-103.259414,33,3046.906581
-243.416494,37,3047.062037
-253.360165,37,3047.212982
-239.70025,37,3047.368923
-232.156098,37,3047.532007
-125.918586,19,3047.611937
-112.023956,18,3047.685218
-241.352279,37,3047.840548
-148.01996,38,3048.005184
-293.783383,43,3048.199598
-254.77966,37,3048.355133
-259.922165,37,3048.509511
-245.486593,37,3056.481385
-147.138533,25,3056.629661
-20.980854,20,3056.723342
-143.222316,23,3056.835775
-259.027538,37,3056.985882
-61.439571,26,3057.087213
-263.930857,37,3057.235942
-218.41235,35,3057.387545
-42.801795,23,3057.479434
-248.469111,37,3057.641622
-134.002212,34,3057.782797
-235.415518,37,3057.935542
-242.747751,37,3058.093471
-146.805419,24,3058.194457
-124.503962,19,3058.273614
-702.750824,101,3058.682549
-239.219933,37,3058.839762
-245.076303,38,3058.991917
-242.494338,37,3059.160112
-367.056515,54,3059.385284
-188.329559,44,3059.570235
-119.68628,19,3059.645549
-194.690282,31,3059.77727
-170.982006,29,3059.894318
-263.954917,37,3060.053672
-265.551802,37,3060.20794
-104.952977,66,3060.483121
-255.494908,37,3060.647785
-634.684365,101,3061.067401
-179.095592,29,3061.191404
-210.919104,32,3061.324251
-231.331127,37,3061.478939
-260.211154,37,3061.633694
-251.448045,37,3061.785965
-204.207199,32,3061.914848
-292.290711,43,3062.091844
30.445608,29,3062.213462
-131.893638,21,3062.307035
-14.534069,18,3062.382074
-101.621545,31,3062.509751
45.122368,27,3062.621267
-244.740691,37,3062.770559
-214.087492,34,3062.914569
-237.4017,37,3063.077475
-239.668351,37,3063.235946
-267.750285,37,3063.389628
-250.256304,34,3063.527701
-257.122848,55,3063.761788
-137.149195,22,3063.851834
-246.747171,36,3064.001507
-174.523785,30,3064.130598
-43.020038,25,3064.235279
-234.870296,37,3064.394841
-189.705268,30,3065.192349
-270.919429,44,3065.672632
-251.302478,37,3065.834595
-240.195937,37,3065.989969
-242.54222,37,3072.646319
-145.201371,25,3072.779899
-293.193901,46,3072.984996
-51.784642,24,3073.089054
-224.189257,32,3073.220466
-188.722615,29,3073.344273
-212.266894,78,3073.661747
-244.693186,37,3073.922602
-248.271102,35,3074.070018
-261.845701,37,3074.216943
-116.624965,36,3074.362196
-40.062591,23,3074.456438
-120.817972,19,3074.534609
-120.967122,20,3074.620317
-250.711603,37,3074.779523
-521.750075,101,3075.202067
-131.557887,34,3075.342735
-150.563623,23,3075.439244
-8.134423,33,3075.580092
-119.303532,20,3075.663013
-250.951008,37,3075.812891
-9.669763,32,3075.945326
-131.306632,23,3076.041666
-173.207506,31,3076.170981
-256.892394,37,3076.324612
-105.75007,32,3076.45121
-239.586198,37,3076.60837
-235.457305,37,3076.760237
-257.816157,37,3076.907277
-242.008882,37,3077.059264
-254.764894,40,3077.222907
-237.506486,37,3077.37645
-121.420629,21,3077.461897
-37.211646,24,3077.561112
-256.639283,37,3077.712078
-256.630561,37,3077.867053
-242.084357,37,3078.018651
-39.610954,22,3078.106687
-48.922592,25,3078.203121
-210.923174,33,3078.331979
-227.155757,35,3078.473129
-124.315827,19,3078.547331
-117.161639,33,3078.680863
-146.803518,38,3078.836383
-251.676565,37,3078.9919
-14.638224,19,3079.073076
-263.316825,37,3079.22899
-212.725071,35,3079.411384
-256.051307,37,3079.628267
-246.571994,37,3079.827922
-246.935207,37,3080.12126
-252.488368,37,3080.391487
-241.351688,37,3080.703778
-171.393525,39,3081.054512
-240.444919,37,3081.382102
-183.356546,29,3081.583413
-140.388155,24,3081.742901
-236.573397,37,3081.993454
-185.678524,28,3082.162019
-8.962766,19,3082.291004
-244.674544,37,3089.619681
-93.083013,32,3089.808982
-457.4275,64,3090.071355
-95.281049,30,3090.18823
-250.151795,37,3090.336429
-233.023338,37,3090.505347
-262.207079,37,3090.666821
-252.690872,37,3090.826725
-185.668931,28,3090.940999
-242.297662,37,3091.153898
-243.829278,37,3091.300337
-252.607557,37,3091.447296
-238.72332,37,3091.602839
-241.987107,37,3091.753959
-51.956975,24,3091.852956
209.494916,54,3092.080565
-138.57958,23,3092.177233
-286.345741,43,3092.340251
-253.026202,37,3092.486926
-255.098384,37,3092.641382
-224.395372,35,3092.787513
-136.219658,36,3092.928687
-141.882256,37,3093.07889
-237.055354,37,3093.225763
-45.449333,25,3093.326125
-248.557418,37,3093.468676
-118.001837,37,3093.61683
-219.348519,35,3093.755145
-256.147875,37,3093.906295
-40.453609,22,3093.995782
-27.307982,21,3094.083482
-230.935964,37,3094.237069
-145.37244,37,3094.379938
-74.082443,41,3094.547113
-124.691868,19,3094.622468
-239.454137,37,3094.770939
-256.060585,37,3094.921764
-276.099203,37,3095.528653
-142.069119,37,3095.747022
-140.52055,26,3095.973005
-256.729071,37,3096.127809
-243.214997,37,3096.285437
-245.804461,37,3096.446641
-272.367718,37,3096.596832
-143.900486,22,3096.686144
-238.569398,37,3096.835504
-241.841454,37,3096.975424
-123.160894,19,3097.051703
-161.172088,27,3097.163903
-243.399616,37,3097.315537
-18.305823,20,3097.401447
-253.80863,42,3097.576487
-122.039513,19,3097.650522
-280.071752,43,3097.825309
-154.499368,27,3097.932694
-237.947401,37,3098.085347
-191.545806,30,3098.209813
-100.745535,30,3098.330603
69.989168,21,3098.418698
-254.995785,37,3098.570807
-159.169668,24,3098.665373
-268.914178,37,3107.644204
-126.376621,21,3107.755567
-188.561661,30,3107.883633
-130.386677,22,3107.976059
-202.713978,34,3108.118117
-238.946221,37,3108.267902
-242.962812,37,3108.415405
-248.091047,37,3108.580734
-99.404133,31,3108.702459
-72.902594,27,3108.813658
-253.706158,37,3108.968871
-126.946354,19,3109.043972
-238.046747,37,3109.204481
71.46057,21,3109.286844
-259.645348,37,3109.436287
-252.795684,37,3109.596315
-547.328823,101,3110.013098
-134.540949,22,3110.104346
-157.562838,43,3110.277337
-254.49294,37,3110.419234
-261.803684,37,3110.561448
-370.361668,51,3110.76076
-248.260218,37,3110.909074
-250.107413,37,3111.062127
116.754531,47,3111.269669
-174.027253,28,3111.397741
-266.129422,37,3111.547878
-254.303542,37,3111.70191
-255.201431,37,3111.845341
-236.569937,37,3112.001331
-16.189419,19,3112.078662
-25.775429,19,3112.158835
-317.286733,48,3112.362166
-245.46032,37,3112.513182
5.543344,34,3112.70702
-194.929357,30,3112.843428
-261.480224,37,3112.99496
-186.586313,29,3113.112968
-747.329465,101,3113.536236
-47.775914,24,3113.633921
-537.977931,94,3114.014091
-133.989255,22,3114.107215
-68.568131,27,3114.218631
-64.327791,26,3114.323945
-236.576768,37,3114.474923
-246.566549,37,3114.631217
-226.749749,36,3114.798913
-266.62628,37,3114.979573
-248.348549,37,3115.138721
-151.002938,37,3115.293596
-258.267466,37,3115.447318
-184.059914,32,3115.586687
-249.544864,39,3115.746425
-243.110346,37,3115.895374
-152.685165,25,3116.004748
-239.931197,37,3122.435411
9.930447,49,3122.713506
-21.847969,19,3122.802776
-248.677819,37,3122.951149
-149.201245,37,3123.106449
-38.503175,36,3123.253523
-402.244548,71,3123.54683
-34.898304,22,3123.629741
-243.61266,37,3123.779187
-35.61791,22,3123.868203
-148.073913,24,3123.968162
-240.952229,52,3124.591832
-144.291507,41,3124.87518
-149.708226,24,3124.984348
-53.576706,24,3125.253306
-41.458437,36,3125.582314
-254.029184,37,3125.820552
-52.932709,41,3126.014856
-160.127929,28,3126.128601
-169.651464,28,3126.247839
-254.585692,37,3126.401892
-262.516416,37,3126.55829
-140.768152,41,3126.729531
-17.653103,19,3126.806466
-305.506826,45,3126.99777
44.496515,24,3127.098317
-265.674601,37,3127.252473
-270.328793,37,3127.394255
-242.295998,37,3127.539172
268.478283,23,3127.644681
-249.869991,37,3127.791936
-243.478531,37,3127.941147
-133.26462,22,3128.032448
-24.719545,20,3128.113709
-128.767729,36,3128.257712
-19.67665,19,3128.334775
-211.64956,33,3128.471462
-145.116772,25,3128.578568
-83.50509,28,3128.69288
-234.324004,37,3128.845213
-152.427849,65,3129.118692
-238.956235,37,3129.287672
-339.466029,50,3129.494726
-263.006751,37,3129.651315
-23.851105,34,3129.814045
-106.218035,30,3129.981221
-270.888943,37,3130.254357
-53.931305,28,3130.504177
-265.531095,37,3130.822218
-125.169997,21,3130.967235
-258.81379,37,3131.248696
165.557499,24,3131.434239
-241.532356,37,3131.833124
-22.898793,20,3132.010543
-251.455532,38,3132.260431
-220.183149,48,3132.510687
-263.091655,37,3132.660369
30.860136,31,3132.798755
-233.945027,36,3132.94046
-125.506404,19,3133.016684
-433.978989,58,3139.7437
-251.998461,37,3139.946541
-258.064558,37,3140.112636
-249.619131,37,3140.262576
-245.839489,37,3140.417217
-239.649063,37,3140.574453
-264.148984,37,3140.721075
-70.007599,27,3140.829247
-256.223962,37,3140.982087
-17.070572,19,3141.060745
-24.652687,19,3141.14608
-248.815887,37,3141.301374
-54.29702,27,3141.411965
-163.779183,37,3141.562567
-123.336964,19,3141.640302
-244.865784,37,3141.792311
1.607827,50,3141.991447
-248.208409,37,3142.46482
-169.45796,43,3142.744292
-264.724827,37,3142.918869
-244.017408,37,3143.07365
-42.695904,23,3143.168529
-235.41169,37,3143.333541
-128.926467,20,3143.428565
-237.026421,37,3143.58431
-125.517231,19,3143.665152
-246.708449,37,3143.825085
-272.119498,37,3143.977176
-118.491435,19,3144.05795
-167.0492,27,3144.179464
-134.789227,22,3144.270369
-123.636665,19,3144.344143
-237.812101,37,3144.494964
-251.971624,37,3144.653211
-260.151675,37,3144.807412
-130.335232,39,3144.971678
-129.796438,20,3145.053326
-240.187773,37,3145.204525
-243.773065,37,3145.35246
-146.716941,37,3145.500961
-39.948786,24,3145.598424
-226.581733,35,3145.742691
-252.670896,36,3145.894183
-297.927881,47,3146.080671
-131.457679,35,3146.224231
-254.830907,37,3146.501028
-277.752015,40,3146.668219
-228.395691,36,3146.811497
-202.9,44,3147.000959
-246.808291,37,3147.147874
-240.578415,37,3147.30085
-104.801799,34,3147.435303
-252.033712,37,3147.586895
-139.145586,24,3147.687926
-99.484974,31,3147.8208
-117.435572,18,3147.890946
-250.132615,37,3148.042274
-269.644408,37,3148.19574
-253.249018,37,3148.343474
-243.310286,37,3148.495421
-138.52106,23,3148.584783
-242.865096,37,3148.736501
-245.602893,37,3158.171009
-146.624862,25,3158.302599
-244.259952,37,3158.466028
-254.580007,37,3158.617012
-142.82412,24,3158.71464
-243.744106,37,3158.868397
-129.37267,20,3158.957637
-16.132758,33,3159.095607
-162.585316,37,3159.255428
-212.28751,33,3159.389172
-258.434019,37,3159.544818
-28.710449,22,3159.634135
-127.144941,20,3159.711678
-191.614709,30,3159.849046
-263.151545,37,3159.997249
-201.999169,48,3160.203381
-157.295279,73,3160.501123
-240.511775,37,3160.668199
-211.129272,33,3160.810486
-249.47524,37,3161.010531
77.54449,20,3161.101052
-177.924572,28,3161.215714
-185.460219,29,3161.330435
-134.657215,23,3161.421836
-48.07749,23,3161.520576
-236.792657,37,3161.670499
-246.682188,37,3161.82336
-226.892543,35,3161.963202
-285.176721,43,3162.137679
-136.035622,23,3162.229961
-127.443941,22,3162.316638
-137.140756,37,3162.470422
-255.551816,37,3162.62171
-238.444608,37,3162.778046
-149.395678,24,3162.870039
-248.276471,37,3163.027474
-104.158721,33,3163.16147
-270.519829,37,3163.317228
-201.504929,33,3163.44829
-54.854434,24,3163.547185
-131.285151,21,3163.625322
46.932647,33,3163.758207
-125.785522,19,3163.835146
-127.690095,21,3163.918795
-282.954632,44,3164.111362
-18.741216,19,3164.197909
83.409231,39,3164.353124
-152.22984,25,3164.455364
-233.751493,37,3164.600593
-237.309876,37,3164.750697
-256.461738,37,3164.893268
-255.747464,37,3165.041811
-263.153182,37,3165.190453
-237.995137,37,3165.344258
-170.213973,27,3165.454946
-258.807137,37,3165.616968
-248.59419,37,3165.784224
-263.418638,37,3165.957955
-255.56794,43,3166.143735
-14.008137,19,3166.225666
-255.370279,37,3166.474261
-252.552359,37,3166.619778
-256.887024,37,3174.006091
-142.269526,22,3174.142505
-205.333051,43,3174.360106
-143.902014,25,3174.461836
54.826655,24,3174.556922
-134.258718,22,3174.645366
-427.749233,64,3174.920129
-241.291633,37,3175.080967
-54.641955,24,3175.182551
-103.109333,34,3175.322357
-144.56059,25,3175.424679
-81.537384,43,3175.599051
-252.098078,37,3175.750571
-202.429013,34,3175.884753
76.016785,21,3175.970148
-145.000256,24,3176.070655
-269.171082,39,3176.665258
-251.882228,37,3176.83752
-39.268918,23,3176.935375
-247.240564,37,3177.088279
119.10727,47,3177.290767
-258.441736,37,3177.458619
-187.110437,31,3177.585682
-259.941909,37,3177.738019
-137.151407,23,3177.833326
-243.80003,37,3177.984354
-161.837781,44,3178.169426
-138.665481,40,3178.341675
-260.362638,37,3178.500412
-25.82565,21,3178.585556
-261.068114,37,3178.734538
-13.286648,19,3178.809599
-50.109969,26,3178.917996
-131.972696,22,3179.012083
-191.335169,31,3179.171332
-264.966248,37,3179.332764
-258.412645,41,3179.508633
-257.847117,37,3179.661585
-88.149452,34,3179.803806
-97.06264,33,3179.945527
-247.942699,37,3180.107125
-76.130185,31,3180.236451
33.302862,45,3180.422245
-57.415384,28,3180.536562
-115.027062,37,3180.690307
-234.628556,37,3180.835162
-126.160731,19,3180.907004
-257.269584,37,3181.063077
-33.377524,39,3181.21514
-329.461191,49,3181.40442
-253.180351,37,3181.557198
-33.738546,22,3181.642521
-118.784639,19,3181.722214
-117.356916,19,3181.843792
-180.720331,29,3182.014834
-51.12809,23,3182.202123
-141.467909,36,3182.514654
-24.274092,20,3182.728858
16.021064,28,3183.008981
-226.752498,35,3183.355654
-258.367163,41,3183.655808
-241.248758,37,3184.106882
-261.90845,37,3184.451772
-43.545278,23,3192.076814
295.685897,20,3192.196528
-244.902802,38,3192.387144
-78.184321,28,3192.509277
-254.057919,37,3192.668329
-207.149539,32,3192.802157
5.15279,31,3192.928304
-288.219304,42,3193.100549
-236.44479,37,3193.262608
-132.804939,22,3193.35047
-145.211092,37,3193.499395
-62.629005,26,3193.606322
-153.567292,26,3193.710305
-71.291421,43,3193.88641
-45.175019,24,3193.985142
-106.161249,71,3194.288109
-28.388956,34,3194.43027
27.393147,46,3194.618423
-246.335757,37,3195.075494
-28.790032,20,3195.171245
-241.331059,37,3195.334118
-125.986621,21,3195.423166
-245.490615,37,3195.57778
-264.195161,37,3195.736897
-250.935032,38,3195.890653
-32.909336,21,3195.977766
-258.123554,40,3196.1432
-252.605736,37,3196.304007
-142.952254,37,3196.458138
-250.053222,37,3196.613024
-59.914306,26,3196.719008
-244.224102,37,3196.870784
-19.070663,19,3196.948682
-27.192988,20,3197.028139
-235.700855,36,3197.178592
-121.988777,20,3197.26417
69.057878,22,3197.352036
-135.196659,39,3197.516709
21.602797,66,3197.79387
-252.59139,40,3197.965214
-160.106986,37,3198.119451
-255.54762,37,3198.273255
-37.746685,22,3198.363843
-34.897355,23,3198.463821
-28.860608,21,3198.550567
-239.791455,37,3198.705245
-250.130847,37,3198.85281
-261.07524,37,3199.136076
-211.571652,33,3199.284582
-160.468903,25,3199.388249
-37.501732,23,3199.482259
99.222903,64,3199.752062
-239.617823,37,3199.92024
-19.143222,21,3200.007854
-236.499335,35,3200.149365
-237.370445,37,3200.30802
-246.67123,37,3200.467896
-256.722345,37,3200.620491
-241.964183,37,3200.772247
-248.780501,37,3200.924281
-243.872658,37,3201.076986
-241.670612,37,3211.773617
-237.836242,37,3211.95539
-262.206831,37,3212.121057
-252.226078,37,3212.271194
-137.566257,22,3212.358154
-60.933436,28,3212.475423
-63.223596,29,3212.602424
-207.175148,32,3212.73535
-172.681413,28,3212.855746
-251.241622,37,3213.009851
-148.808428,37,3213.1653
-224.938774,34,3213.300398
-45.319932,37,3213.505152
-241.340447,37,3213.873151
-250.96328,40,3214.040749
-147.975699,38,3214.199468
-133.972984,22,3214.293654
-254.305648,37,3214.44557
-233.725827,36,3214.600179
-30.907927,20,3214.676433
-92.537786,33,3214.810553
-167.369397,27,3214.922362
-176.014433,30,3215.044365
-243.473088,37,3215.194267
-162.391048,37,3215.340082
-25.064596,20,3215.424403
-213.094668,34,3215.92463
-268.826474,37,3216.276931
-266.413078,37,3216.456701
-179.501144,29,3216.575249
-149.990638,37,3216.727076
-257.128268,37,3216.876116
-240.704909,37,3217.021547
-179.853678,28,3217.139134
-243.620593,37,3217.298502
-128.666394,22,3217.388614
-333.369663,47,3217.577431
-121.788705,20,3217.654745
-259.946088,37,3217.807961
-113.27594,19,3217.886914
-35.220072,22,3217.976449
-244.461615,37,3218.119395
-126.085655,22,3218.21487
-239.921532,37,3218.368048
-163.32159,27,3218.474732
-37.258073,23,3218.563442
-186.729468,29,3218.680615
-251.300329,37,3218.831522
-225.753786,34,3218.964721
-207.825856,32,3219.091645
-254.843979,37,3219.251163
-241.630456,37,3219.400822
-249.150558,36,3219.547715
-93.093698,32,3219.67611
-261.848925,38,3219.827797
-227.682269,36,3219.99576
-132.009479,22,3220.094164
-240.910896,37,3220.247843
-125.751432,19,3220.321702
-192.927393,30,3220.439881
-249.01265,37,3220.582242
-238.166379,37,3220.737786
-155.35926,37,3220.891769
-254.056245,37,3228.747608
-210.851338,93,3229.189085
-259.840787,37,3229.339337
-200.019067,31,3229.461433
-241.852584,37,3229.61775
-325.956326,45,3229.793817
-95.824801,31,3229.914992
-264.38379,37,3230.062292
-100.941512,60,3230.317147
-152.263163,37,3230.46522
-212.462881,32,3230.601424
-228.960005,36,3230.746578
119.199724,36,3230.893592
-253.234537,37,3231.050457
-62.891614,26,3231.156007
-245.738529,37,3231.416715
-237.904964,37,3231.575107
8.550635,31,3231.702106
-140.332151,23,3231.794331
69.956814,21,3231.87766
-10.12654,32,3232.01138
-51.315665,25,3232.111913
-135.759801,23,3232.207486
-184.896593,30,3232.32555
-239.500178,37,3232.901777
-314.163125,49,3233.138146
-242.650513,37,3233.297241
-594.489363,101,3233.715997
-21.247597,19,3233.787623
-243.770509,37,3233.936155
-120.039699,20,3234.017339
-264.170047,40,3234.184034
-126.153168,20,3234.271788
-126.53935,21,3234.356694
-241.738288,37,3234.508226
-251.536916,37,3234.660645
-247.147315,37,3234.816279
-186.797506,42,3234.988093
-250.962197,37,3235.141396
-163.801597,28,3235.259777
-255.282445,37,3235.407263
-85.408528,30,3235.528995
-263.272885,37,3235.705906
-249.52894,37,3235.878151
-247.817594,37,3236.035268
-261.349299,37,3236.193098
-572.905255,101,3236.604795
-117.675042,52,3236.889823
-261.358024,37,3237.114615
-240.746559,37,3237.476949
-254.475877,37,3237.88396
188.368802,27,3238.197499
-250.608886,37,3238.580209
-257.480686,37,3238.975727
-171.286773,27,3248.569478
-38.531684,26,3248.746337
-298.484901,46,3248.946794
-253.663136,37,3249.099121
-245.016564,37,3249.268302
-263.713755,37,3249.426969
-23.597528,20,3249.506061
-230.188715,33,3249.636979
-231.700142,37,3249.785713
-195.226555,31,3249.914182
-252.527276,51,3250.114668
-155.725016,26,3250.229573
-166.503797,38,3250.38264
-135.141722,22,3250.468906
-263.068453,37,3250.617482
-250.186314,37,3250.772206
-250.844197,37,3250.928708
-237.547214,37,3251.085502
-247.112554,37,3251.244145
-258.030753,37,3251.394437
-416.761015,101,3252.018982
-132.880902,21,3252.208816
-219.408222,33,3252.406069
-222.603667,36,3252.563255
-241.355486,37,3252.715742
-253.659007,37,3252.879094
76.739304,21,3252.967486
-230.405181,35,3253.105553
-229.641499,35,3253.257141
-250.898212,37,3253.411023
-260.810538,38,3253.563558
-225.274563,36,3253.71023
-241.64883,37,3253.861841
-159.189855,38,3254.017245
-264.140107,37,3254.166568
-249.088703,37,3254.332102
-29.663334,39,3254.49091
-193.248879,30,3254.609274
-45.152929,24,3254.706126
-177.371448,30,3254.830442
-259.208337,37,3254.973658
-171.424774,46,3255.16246
-28.491931,22,3255.255567
-106.02727,35,3255.392264
-250.844127,37,3255.545961
-243.41522,37,3255.697423
-155.163052,39,3255.864057
-267.063475,38,3256.121138
-92.283995,31,3256.344486
-248.383484,37,3256.517287
-257.438008,37,3256.669791
-244.040794,37,3256.817087
-137.746763,37,3256.970753
155.989862,55,3257.208307
-28.012083,20,3257.292104
-269.370825,37,3257.441918
-238.267789,37,3257.603773
-126.715627,21,3267.235494
-120.241361,18,3267.369241
73.524585,23,3267.500433
-261.67379,37,3267.678845
-256.598282,37,3267.83442
-62.382565,26,3267.94597
-143.882959,37,3268.095954
-138.10347,23,3268.188218
-58.104351,27,3268.293841
-118.104087,18,3268.365377
-214.44413,32,3268.500277
-10.852676,18,3268.577008
-241.971623,37,3268.740264
-187.19172,30,3268.865125
-158.119062,25,3268.969602
-255.317597,37,3269.116326
-259.128783,37,3269.294644
-190.042597,31,3269.42245
-110.445692,55,3269.644249
60.987979,23,3269.739346
-126.96093,22,3269.829059
-244.883255,37,3269.972218
-206.821263,34,3270.106048
-66.384663,28,3270.2175
-221.372606,33,3270.365167
-250.785832,37,3270.838377
-255.327369,37,3271.033754
-261.35719,37,3271.191018
-24.091352,20,3271.276812
-245.165895,37,3271.431081
-262.465959,37,3271.582287
-249.129569,37,3271.732689
-152.719082,37,3271.88563
-39.186383,37,3272.046995
-444.246098,81,3272.402747
-143.856136,37,3272.561196
-309.506322,57,3272.784325
-258.899108,37,3272.936439
-21.671812,20,3273.025887
-261.568786,37,3273.17735
-126.313024,19,3273.256116
-237.870172,37,3273.404497
-242.393417,37,3273.554919
-246.473524,38,3273.717116
-531.432841,79,3274.04398
-619.043489,101,3274.463298
-172.253189,43,3274.639915
-198.027457,33,3274.780062
-227.613915,36,3274.934888
-163.686769,26,3275.044491
-247.707366,37,3275.207052
-141.498959,22,3275.29414
-243.38649,37,3275.44539
-44.494321,37,3275.61961
-244.442289,37,3276.269594
-248.966747,38,3276.532183
-119.947228,19,3276.619241
-232.100387,36,3276.782891
-47.474343,24,3284.481502
-193.965601,44,3284.750938
-256.510327,36,3284.905603
-259.575741,37,3285.056309
-138.482863,22,3285.141711
-256.565659,37,3285.28641
-241.118818,37,3285.43817
-218.190871,34,3285.578173
-209.324135,34,3285.709226
-391.592649,57,3285.936512
-258.100682,37,3286.08611
-243.918842,37,3286.268787
-245.042875,37,3286.420907
-264.66351,37,3286.57359
-253.488638,38,3286.724953
-240.670384,37,3286.869868
-0.309488,49,3287.062643
-253.603873,37,3287.224819
-135.531774,24,3287.329868
-134.867365,42,3287.61988
-149.307991,37,3287.772952
-379.292469,53,3287.983323
-259.155209,37,3288.132431
-262.441064,37,3288.291492
-247.030529,37,3288.436581
-137.054724,37,3288.582142
-17.998051,19,3288.662137
-181.259901,30,3288.78082
-247.260168,37,3288.940233
-239.9686,37,3289.091582
-158.935306,37,3289.244137
-254.744382,37,3289.713909
68.814483,21,3289.835664
-124.449437,21,3289.941493
97.487056,31,3290.076318
-255.615506,37,3290.233573
-147.922799,23,3290.326653
-204.95781,32,3290.46371
-234.704576,36,3290.607585
-262.221127,37,3290.758251
-244.367039,37,3290.911645
-32.477501,21,3291.000125
-149.094666,37,3291.154141
-526.937162,101,3291.572562
-21.140108,19,3291.64772
-141.955759,37,3291.79261
-623.606272,101,3292.229046
-258.232496,37,3292.377607
-241.126333,37,3292.527851
-204.454623,34,3292.700145
-147.2585,24,3292.795463
-32.807445,21,3292.883047
-134.794694,37,3293.035633
-190.574592,29,3293.212901
199.259929,24,3293.33697
-132.494916,36,3293.523161
-176.229069,30,3303.629155
-240.268981,37,3303.881022
-254.238399,37,3304.052195
-32.306402,57,3304.339864
21.34781,29,3304.47288
-241.990898,37,3304.653185
-128.658091,46,3304.870483
-244.997987,37,3305.026068
-242.558807,37,3305.177777
-27.328218,21,3305.269914
-213.559752,34,3305.409171
-16.621355,19,3305.487041
-266.20649,37,3305.635175
-245.897546,37,3305.984462
-259.929853,37,3306.291684
-258.233566,39,3306.459265
-129.955376,21,3306.546483
-239.251123,37,3306.702622
-112.360007,19,3306.779714
-130.51697,22,3306.87204
54.898025,24,3306.974096
-255.503312,37,3307.122604
-231.99238,36,3307.26416
-27.211702,20,3307.349589
-35.366853,22,3307.443993
-564.351253,70,3307.731719
-243.359999,37,3307.889735
-166.832726,38,3308.039319
-131.410944,22,3308.127622
-294.047111,74,3308.436536
161.072714,41,3308.600985
-151.931683,41,3309.09516
-142.08592,37,3309.449732
-223.492003,36,3309.646235
-242.226308,37,3309.801121
-239.323852,37,3309.949925
-256.900176,39,3310.106781
-126.657505,19,3310.184002
-227.071035,37,3310.332409
-253.566647,37,3310.494035
-141.020117,37,3310.647418
-265.15033,37,3310.811706
-620.953905,101,3311.210758
77.021587,20,3311.290092
-148.487673,37,3311.442399
-122.601033,19,3311.516126
-264.498435,37,3311.660108
-259.357011,37,3311.80569
-236.971179,37,3311.953467
-244.972823,38,3312.105045
-266.237962,41,3312.412148
75.084473,21,3312.496117
-234.286008,37,3312.653639
-96.807171,44,3312.834876
-261.289405,37,3312.989803
-256.600105,37,3313.134782
-300.610927,48,3313.336195
-143.612044,37,3323.778981
-19.801425,19,3323.867914
-134.216443,37,3324.022113
-27.147179,20,3324.098654
-255.369849,37,3324.257959
-133.895479,21,3324.355807
-25.505958,20,3324.433514
-243.625269,37,3324.593344
-249.080694,37,3324.77203
-260.985216,37,3324.925267
-265.003046,41,3325.088657
-260.665735,37,3325.238386
-241.032009,37,3325.386386
-325.010826,46,3325.565828
-253.482475,37,3325.715863
-3.774807,33,3325.848583
-249.820107,37,3326.004325
-122.799479,19,3326.079955
-38.622688,22,3326.16772
-262.928266,41,3326.338032
-283.912731,39,3326.510434
-260.27742,37,3326.66905
-72.869835,30,3326.795156
-237.014701,37,3326.953371
-331.068238,55,3327.172613
-266.367341,37,3327.609225
-13.566252,19,3327.687218
-95.041982,32,3327.819919
-144.963993,24,3327.919808
-109.251811,37,3328.070684
54.106939,26,3328.17636
-299.102191,60,3328.419646
-120.278203,20,3328.499754
-55.500143,26,3328.634012
-29.974477,20,3328.714582
-236.847509,37,3328.867674
-165.646548,28,3328.98443
-52.199628,26,3329.093428
-299.251935,45,3329.283904
-214.290109,35,3329.428102
-134.835183,39,3329.593863
-298.859555,41,3329.755301
-248.838729,37,3329.90365
-105.031667,45,3330.094918
-130.000439,22,3330.194885
-91.741161,31,3330.326603
-130.133578,35,3330.465036
-242.39233,37,3330.626803
-253.340119,37,3330.773636
-243.549935,37,3330.921877
-84.646594,31,3331.047801
-127.298216,20,3331.129566
-81.916798,41,3331.303234
-131.286959,21,3331.393573
-238.937108,37,3331.544631
-317.194026,52,3331.750101
-127.860625,19,3331.83348
-259.753376,37,3331.985176
-192.613329,30,3332.111215
-29.906341,21,3332.200338
-194.010643,31,3332.32403
-239.48116,40,3340.948636
-258.931286,37,3341.162117
-32.473153,22,3341.248725
170.692454,23,3341.350537
-121.31754,19,3341.433977
-40.359028,22,3341.523179
-129.844104,20,3341.600353
-159.895365,26,3341.705509
-196.70888,42,3341.881895
-248.358861,38,3342.028763
-239.391375,35,3342.176885
-242.959359,37,3342.322607
-268.420209,37,3342.475488
-147.364264,23,3342.564401
-240.160147,37,3342.718418
-342.36388,70,3343.069698
-17.391578,19,3343.145579
-151.792966,26,3343.251877
-220.282072,34,3343.39131
-119.316171,18,3343.473693
-129.014448,38,3343.632637
-135.507256,23,3343.724238
-246.941107,37,3343.866011
-119.414998,19,3343.941868
-260.39556,37,3344.090059
-131.451297,20,3344.17109
-314.210167,47,3344.544044
-252.772177,37,3344.705831
-245.370991,37,3344.858053
-247.867826,37,3345.016333
-233.00009,38,3345.166144
-240.289795,37,3345.320491
-173.021169,29,3345.43618
-246.675318,37,3345.590439
-263.887095,37,3345.814615
-145.27431,35,3346.296635
-21.84952,20,3346.424761
-159.07141,37,3346.606244
-237.79973,37,3346.762805
-192.517094,30,3346.887311
-257.339686,37,3347.030109
-194.97199,29,3347.146274
-14.753506,19,3347.225919
-242.57967,37,3347.375708
-114.853154,35,3347.526969
-44.718381,23,3347.624352
-39.453406,22,3347.71603
-138.451515,37,3347.869686
-261.403479,37,3348.021466
-175.447015,29,3348.149942
-208.771586,35,3348.295629
173.6556,23,3348.392153
-248.888258,37,3348.539598
-91.349128,32,3348.669026
-120.984664,18,3348.744721
-123.47671,19,3348.827586
-167.158418,41,3348.993971
-245.208977,37,3349.142678
-101.489217,34,3349.289746
-256.799031,39,3349.451762
-87.174821,30,3349.57255
-234.283047,36,3349.714957
-226.035495,35,3349.861219
-257.637511,37,3350.054602
-167.39469,27,3360.304048
-262.379904,37,3360.543419
-242.882381,37,3360.719702
-113.508555,19,3360.831497
-247.240971,37,3360.990154
-237.419902,37,3361.135213
-165.892283,26,3361.24002
-247.02938,37,3361.391843
-255.022232,38,3361.54348
75.424484,20,3361.627468
-247.142831,37,3361.791584
-151.277591,25,3361.908305
69.368421,21,3361.995446
-253.30836,38,3362.150911
-272.87273,41,3362.319045
-253.864689,37,3362.469003
31.727997,28,3362.581046
-183.387112,31,3362.705765
-260.710263,37,3362.854221
-33.498796,21,3362.943858
-254.866114,37,3363.096563
-264.47927,37,3363.253981
-259.915923,37,3363.399963
104.321134,42,3363.569243
-197.930003,44,3363.751241
-250.306704,37,3363.898303
-249.90741,37,3364.045104
-137.208815,22,3364.136424
-219.75813,47,3364.337694
-244.86909,37,3364.494794
-249.952636,37,3364.96017
-136.514964,25,3365.109571
-91.637735,43,3365.29538
-10.624824,18,3365.371273
-149.685717,25,3365.47506
-284.733827,45,3365.656232
-235.23654,65,3365.943315
-227.566841,36,3366.389328
-127.572593,35,3366.584091
-29.943865,22,3366.680234
86.874396,19,3366.756544
-266.553448,37,3366.914871
-154.487289,37,3367.062378
-346.807076,46,3367.251745
-121.019712,19,3367.334518
-246.562553,37,3367.486309
-20.929654,20,3367.574758
-237.642081,37,3367.726841
-174.010059,29,3367.846331
-54.539943,26,3367.956181
-263.228382,37,3368.108911
-173.766137,28,3368.228007
41.498211,25,3368.330413
-196.699972,31,3368.453043
-208.658085,31,3368.581496
-246.644368,37,3368.731857
-258.975599,37,3368.887438
-29.561409,20,3368.977861
-253.989386,37,3369.331109
-120.056193,34,3369.465028
-157.786961,65,3369.723553
-212.222031,31,3379.66905
-113.41819,18,3379.797121
10.841984,49,3380.035345
-260.430097,37,3380.214106
-234.662681,34,3380.355382
-129.95014,34,3380.492055
-164.228172,37,3380.64512
-630.308834,101,3381.060594
-243.201182,37,3381.229913
-253.842455,37,3381.381303
-168.179821,40,3381.548868
-240.322148,37,3381.704998
-321.172614,48,3381.89397
-240.556744,37,3382.039501
-239.215507,37,3382.195976
-247.64514,38,3382.366118
-256.801698,58,3382.608897
-186.029506,32,3382.743094
-223.450698,47,3382.937386
-258.681559,37,3383.090648
-264.870738,37,3383.561241
-247.567722,37,3383.710667
-249.023908,37,3383.865457
-245.837438,37,3384.013674
-196.48987,31,3384.136856
-201.660328,34,3384.282844
-241.585728,37,3384.4327
-245.231287,37,3384.58641
-25.808277,20,3384.663271
-268.08844,37,3384.812317
-261.861972,37,3384.968326
-21.411405,19,3385.053442
-240.956506,37,3385.229271
-242.612676,37,3385.386631
-251.279247,37,3385.536534
-128.449501,20,3385.615506
-252.969903,39,3385.780645
-143.421431,25,3385.886412
-313.512566,48,3386.083994
-266.256735,37,3386.237424
-19.008453,19,3386.312859
-120.595337,33,3386.445713
-260.40062,37,3386.590535
-253.809422,37,3386.740017
-242.669405,37,3386.88756
-217.753924,34,3387.030495
-243.079267,37,3387.187681
-242.533423,37,3387.345021
-236.948919,37,3387.507203
-243.286673,37,3387.660439
-171.028896,41,3387.833941
-142.429262,37,3387.985235
-238.739637,37,3388.131096
179.927961,41,3388.371434
-259.811712,37,3388.531792
-238.217208,35,3396.709714
-245.298334,37,3397.093784
-596.779378,101,3397.547385
-282.238698,37,3397.700637
77.78409,42,3397.876564
-243.034775,38,3398.028812
-264.120841,37,3398.181612
-230.113113,46,3398.366303
-249.553236,37,3398.519656
-155.207207,24,3398.620821
-188.551496,30,3398.75415
-171.062144,41,3398.91911
-310.198341,70,3399.208261
-247.364332,37,3399.369918
-126.337487,19,3399.442979
-120.637089,20,3399.530341
-63.488361,27,3399.636982
-257.188405,37,3399.775268
-35.735453,24,3399.868501
-259.221027,37,3400.020641
-25.88223,20,3400.09902
-4.238716,54,3400.322887
-45.351265,25,3400.428033
-51.051583,23,3400.523534
-245.140546,37,3400.681401
-249.440766,37,3401.009158
-0.557556,34,3401.149926
-231.608015,36,3401.302084
-262.340799,37,3401.45123
60.262202,23,3401.541026
-350.340685,72,3401.833463
-28.79886,21,3401.912842
-244.480485,37,3402.39417
-261.702737,37,3402.564982
-203.778143,34,3402.712693
-130.998332,20,3402.802986
-250.727898,37,3402.96123
-35.204321,24,3403.059021
-25.573037,20,3403.141563
-286.066729,46,3403.33878
184.780639,22,3403.427968
-262.342183,37,3403.584921
-555.964771,77,3403.913254
-244.98426,37,3404.069344
-252.189785,37,3404.227053
-254.468581,37,3404.38473
-241.807485,37,3404.534501
-260.625707,37,3404.688567
-118.070214,19,3404.765412
-243.935857,37,3404.915064
-174.429826,28,3405.029345
74.913628,20,3405.115302
-105.392491,30,3405.246607
-291.248452,38,3405.416915
-91.242446,32,3405.54623
-180.307649,28,3405.669123
-238.381914,37,3405.827123
36.342038,30,3405.962437
-262.881441,37,3416.574662
-130.858979,36,3416.738089
-144.477568,37,3416.897744
-168.078275,27,3417.003257
-111.661101,33,3417.137456
32.567233,28,3417.252151
-258.167676,37,3417.40154
-33.891008,21,3417.48346
-96.144847,81,3417.819017
-19.71092,19,3417.902321
55.259729,49,3418.103001
-234.388522,37,3418.257055
-233.867335,35,3418.400932
-118.15574,37,3418.580288
-251.851789,37,3418.727877
-27.791798,20,3418.807786
-236.612447,37,3418.956791
-233.22081,37,3419.108042
-259.001514,37,3419.255121
-126.887445,20,3419.342051
-131.962616,21,3419.425712
-352.260276,52,3419.642672
-124.322644,37,3419.794587
-210.232902,38,3419.944295
-30.474922,21,3420.028832
-246.751489,36,3420.176573
-241.928543,37,3420.617726
-246.85087,37,3420.860505
-130.422697,20,3420.951598
-261.249659,37,3421.107168
182.658248,21,3421.196597
-115.319835,39,3421.361707
-200.292588,46,3421.556408
-239.489259,37,3421.706664
-185.33882,28,3421.816974
-224.215028,84,3422.180778
-68.655944,28,3422.301155
-44.840186,72,3422.611218
-243.748641,37,3422.759095
-256.500392,37,3422.912183
-71.456465,31,3423.032486
-252.009645,37,3423.182088
78.568171,40,3423.357004
-123.229933,20,3423.444854
-171.16578,40,3423.604386
-251.656298,37,3423.75746
-236.237202,37,3423.905358
-138.547179,37,3424.072979
-263.402633,37,3424.218132
-29.103792,21,3424.305107
-111.163898,18,3424.384387
-240.994228,51,3424.603391
-112.214763,19,3424.677883
-31.549133,21,3424.764664
-260.041715,37,3424.909919
-158.417003,25,3425.013005
-258.020619,37,3425.284135
-27.299155,21,3425.375386
-121.524037,19,3425.452967
-254.12752,37,3436.846932
-9.054389,18,3436.94374
-254.384487,37,3437.095734
-98.801359,31,3437.224956
-232.980282,36,3437.367775
-123.418256,34,3437.501143
-242.251835,37,3437.649654
-131.180442,20,3437.741781
-176.659087,30,3437.871322
-194.267708,30,3437.990158
-9.763331,18,3438.063605
-141.65233,23,3438.154686
-124.677571,22,3438.241281
-286.200669,47,3438.428463
-67.902215,27,3438.539244
-203.692871,31,3438.662323
-149.976507,23,3438.756101
-89.741397,30,3438.87755
-242.297818,37,3439.024103
-245.35801,37,3439.172396
-249.825848,37,3439.333016
-261.076519,37,3439.493695
-238.642314,37,3439.649694
-94.900858,29,3439.773454
-255.875925,37,3439.925945
-250.911335,37,3440.080935
-238.969267,37,3440.233222
-239.129745,37,3440.380261
-255.321094,37,3440.528012
-86.656048,29,3440.649604
-16.756489,36,3440.78612
-261.798366,37,3440.933251
-195.296407,30,3441.055893
-263.951205,41,3441.235074
-202.482785,45,3441.417263
-468.336298,101,3442.170481
-244.648116,37,3442.33077
-258.372177,37,3442.481814
-249.612445,37,3442.640813
-224.832835,35,3442.791774
-246.954901,37,3442.93994
-141.055853,35,3443.076232
-130.753282,20,3443.1593
-250.629743,37,3443.310937
-651.438009,101,3443.73306
-110.08522,31,3443.854419
-186.80261,30,3443.977398
-168.755938,41,3444.141072
-271.345274,37,3444.291279
-150.18773,39,3444.46187
-241.562555,38,3444.610347
-24.799476,20,3444.694974
-144.523427,37,3444.844194
-250.020305,37,3445.000221
151.151192,26,3445.115211
-241.905514,37,3445.275146
-238.036873,37,3445.43177
-140.289887,38,3453.386283
-201.09086,32,3453.554373
-242.069999,37,3453.704839
-254.076829,37,3453.854087
-189.576534,42,3454.044
-334.017959,101,3454.469416
-264.727751,37,3454.623109
-143.020267,37,3454.77182
-265.883194,37,3454.920203
-149.120409,37,3455.072906
-262.866352,37,3455.226715
-144.824672,37,3455.377426
-251.299236,37,3455.525858
-225.871619,36,3455.671503
63.132347,23,3455.765043
-204.440728,57,3456.052545
-256.107204,37,3456.51745
-255.417003,37,3457.845559
-237.739031,37,3458.064132
90.078096,37,3458.229093
-38.897233,24,3458.331865
-138.519097,49,3458.53467
-259.287053,39,3458.698929
-121.375694,18,3458.77255
-476.218187,86,3459.128574
-205.67897,32,3459.385826
-233.720485,37,3459.538991
-246.554419,37,3459.686718
-82.573342,28,3459.809257
-160.32212,39,3459.965519
-259.418056,37,3460.109363
-257.980815,37,3460.260141
-23.528125,22,3460.348419
-124.697804,19,3460.426068
-243.671575,37,3460.584313
-238.620368,37,3460.734823
-131.074152,35,3460.885959
-216.424662,33,3461.01865
-285.983225,59,3461.257537
-187.50477,30,3461.40146
-256.968136,37,3461.559997
-254.532516,39,3461.711701
-234.21669,37,3461.858842
-216.944257,33,3461.99842
-481.408105,67,3462.2618
-696.774205,101,3462.658694
-245.854036,37,3462.806144
-241.376372,37,3462.954143
-265.900134,37,3463.104819
-162.850469,27,3463.220204
-218.54822,35,3463.357399
-97.349498,31,3474.262845
-268.09654,40,3474.516334
-283.720853,43,3474.703364
-60.627751,27,3474.814387
-243.176075,37,3474.973498
-119.512408,19,3475.044874
-103.440402,29,3475.156159
-27.715796,20,3475.245789
-251.113839,37,3475.397852
-60.670767,26,3475.503047
-245.696788,37,3475.653444
-178.852843,41,3475.839312
-161.323478,28,3475.95391
-295.329042,44,3476.373879
-248.074223,37,3476.548064
-120.950708,18,3476.621456
-177.016485,28,3476.732175
-251.906354,37,3476.89037
-126.38117,20,3476.973446
-186.549449,30,3477.103955
-239.62213,37,3477.256979
-32.834162,21,3477.344945
-250.976015,37,3477.494054
-238.181039,44,3477.675114
-239.30283,36,3477.812815
-123.440695,19,3477.883544
-114.566551,33,3478.016571
-124.238469,19,3478.103458
-111.649537,55,3478.327329
-265.106683,37,3478.486002
-179.88773,28,3478.602104
-242.599327,37,3478.757211
-245.910182,37,3478.901004
-75.466902,27,3479.004916
-247.512213,37,3479.148928
-122.535529,19,3479.231879
-263.210683,37,3479.390802
-239.525881,37,3479.544622
-257.086405,37,3479.690896
-253.571693,37,3479.846125
-273.892899,41,3480.009406
-243.683125,38,3480.164341
-16.274919,20,3480.240377
-145.314678,69,3480.522895
-98.114684,34,3480.665594
110.397783,31,3480.795891
-125.749244,19,3480.867278
-240.755366,37,3481.019004
30.277359,28,3481.132052
-255.529651,37,3481.28054
-127.203692,20,3481.361472
-61.956736,26,3481.487279
-260.706394,37,3481.640713
-249.081255,37,3481.791667
-239.769801,37,3481.943669
-23.262611,19,3482.021271
-23.612664,19,3482.09886
-258.915018,37,3482.263898
-258.819058,37,3482.407112
-253.025457,41,3482.578605
-119.883515,19,3482.656057
-250.483433,37,3482.802934
-242.514959,37,3482.957781
74.745985,20,3483.040881
-127.16461,35,3491.524492
-176.318924,27,3491.734888
-246.374249,37,3491.879774
-25.564012,20,3491.961049
-256.671513,37,3492.109832
-269.32832,37,3492.261752
-240.410934,37,3492.412968
-13.010854,34,3492.551278
-298.776061,46,3492.740029
-244.231107,37,3492.887347
-129.177879,20,3492.96819
-84.889762,29,3493.086442
-658.528545,101,3493.519415
-224.369095,33,3493.650685
-58.585412,25,3493.753908
-248.697194,37,3493.899323
-249.471577,37,3494.055329
-257.109459,37,3494.212677
-330.546097,47,3494.7253
62.267611,28,3494.85816
-251.110975,37,3495.011937
-271.079735,37,3495.180489
-251.365117,37,3495.333102
-13.838639,19,3495.410582
-243.237094,37,3495.563659
-275.926492,56,3495.789784
-242.094916,37,3495.945613
-235.036833,51,3496.150683
-479.549393,61,3496.431698
-235.387579,37,3496.585041
-135.46797,50,3496.777426
-161.679203,25,3496.880098
-56.30977,27,3496.996766
-31.811195,22,3497.093667
-52.587377,24,3497.242168
-259.822037,37,3497.548607
-138.169566,23,3497.743738
-248.089687,37,3498.047915
-129.229631,21,3498.257495
-22.985598,19,3498.434621
-256.558136,37,3498.790023
-142.801297,36,3499.11204
-75.879238,42,3499.527474
-265.944276,37,3499.771257
-255.340849,38,3499.963635
-171.555206,26,3500.07717
-262.479469,37,3500.234149
-248.040959,37,3500.386796
-89.482276,31,3500.523129
-251.075903,37,3500.672712
-224.592566,35,3500.809482
-131.680306,20,3500.890976
-256.313832,37,3501.044923
-661.175513,101,3501.458115
-187.3474,45,3501.645732
-83.295037,44,3509.706277
-239.199905,37,3509.899596
-276.165279,65,3510.168552
-246.982564,37,3510.318737
-253.047417,37,3510.471671
-237.477423,37,3510.619349
-235.904898,36,3510.770815
65.604702,22,3510.859374
-530.87675,80,3511.20275
52.200988,42,3511.370968
-256.942209,37,3511.544303
-233.88486,36,3511.693018
-120.522743,35,3511.841562
-249.991527,37,3511.98899
-99.618229,32,3512.121118
16.915856,45,3512.655933
-43.064668,24,3512.770738
-234.558605,37,3512.953186
-78.406957,32,3513.087577
-255.231002,37,3513.23892
-162.131005,28,3513.352975
-65.082027,27,3513.469399
206.91173,31,3513.594944
-242.414823,37,3513.745864
-122.845595,19,3513.820492
-94.330695,36,3513.965164
-56.151804,28,3514.07943
-236.649595,37,3514.230066
159.460268,27,3514.34432
-35.186432,37,3514.506404
-236.652601,36,3514.651959
-211.904094,34,3514.869486
-160.271838,27,3514.995289
-232.028924,36,3515.142632
-256.53104,37,3515.301232
-101.757267,33,3515.437016
-265.578462,37,3515.589805
-672.725927,101,3516.010391
-175.850655,42,3516.189228
-241.362218,37,3516.348641
86.188171,20,3516.469469
-29.136942,21,3516.815232
-252.914815,37,3517.276617
-247.334309,37,3517.459435
-123.183144,21,3517.546262
-146.71163,26,3517.651898
-150.181184,25,3517.753505
-236.480385,37,3517.913426
-249.015851,37,3518.066268
-242.051834,37,3518.211254
-250.172074,37,3518.366924
-26.90624,22,3518.47289
-246.171125,52,3518.688868
-254.478416,37,3518.839577
-245.749828,38,3518.994169
-59.964488,43,3519.17471
-194.883917,30,3529.904168
-159.131453,38,3530.142052
-250.260593,37,3530.299702
-203.822407,32,3530.42848
-237.592394,37,3530.582165
-238.652145,37,3530.75199
-244.093296,37,3530.922929
-212.28927,44,3531.132975
-38.676588,23,3531.518464
-36.745504,22,3531.615711
-128.818206,22,3531.708928
-242.084521,35,3531.851132
-252.313807,37,3532.000879
183.943106,27,3532.115575
-240.394522,37,3532.291107
-57.17192,26,3532.396499
-122.468226,19,3532.472147
-117.737506,19,3532.549857
-254.431148,37,3532.732804
-267.342641,37,3532.88913
-56.096572,70,3533.170448
-35.777687,23,3533.272938
-248.760963,37,3533.425251
-181.462153,29,3533.547045
-147.569688,37,3533.702832
-49.143857,25,3533.80974
-149.912516,37,3533.956688
-253.116624,37,3534.1097
-174.455031,27,3534.219841
-37.014782,23,3534.317334
-242.042614,37,3534.478814
-242.330858,37,3534.625116
-203.74414,34,3534.771394
-128.132276,35,3534.909357
-245.639821,37,3535.059373
-362.984311,65,3535.33104
-217.175386,35,3535.471821
-80.591526,28,3535.587884
-233.455949,37,3535.734187
-244.193062,37,3535.884103
-147.032829,24,3535.981639
-244.988285,37,3536.133739
-66.659744,27,3536.243399
-193.90614,32,3536.369193
-205.678987,32,3536.49938
-267.971003,37,3536.652332
-121.391917,19,3536.733908
-523.472756,101,3537.14266
-213.008796,34,3537.283027
-267.770074,41,3537.449821
-137.294212,23,3537.542445
-242.82221,37,3537.686609
-213.671577,32,3537.81178
-110.624154,19,3537.88479
65.250612,22,3537.972891
-226.899411,35,3538.120347
-247.384025,37,3538.273187
-259.723708,37,3538.420933
-146.632685,24,3538.52395
-183.507058,29,3538.642409
-262.628351,37,3546.521583
-263.239807,37,3547.033116
-220.355498,45,3547.406266
-301.410146,68,3547.704962
-84.467816,43,3547.989575
-37.973074,36,3548.137453
-34.328104,21,3548.289332
-36.562088,23,3548.383923
-154.415876,25,3548.491011
-259.610504,37,3548.645451
-157.029234,28,3548.76511
-19.888797,20,3548.840319
-244.167384,37,3548.994109
-243.963647,37,3549.142749
-202.028495,47,3549.33412
-266.202694,37,3549.49251
-239.703906,37,3549.64503
-230.605078,35,3549.782435
-131.592341,21,3549.872996
-280.486923,40,3550.458732
-246.607298,37,3550.792884
-26.19151,21,3550.926364
-53.376367,25,3551.036339
-175.727257,29,3551.149749
76.623405,23,3551.251712
-237.477677,37,3551.413463
-242.486689,37,3551.562518
-25.448391,19,3551.636855
-178.032237,41,3551.826859
-126.305654,19,3551.902508
-265.00274,37,3552.053289
-250.153059,37,3552.202313
-257.103023,37,3552.350217
-242.113158,37,3552.504172
-62.953502,26,3552.608945
-590.438276,101,3553.010864
-248.207543,37,3553.153748
-78.109659,60,3553.542857
-44.286383,23,3553.772858
-77.587733,29,3553.989316
-138.1876,23,3554.209097
-126.376824,20,3554.380791
-25.368097,20,3554.568086
-21.424881,20,3554.783315
-246.843407,37,3555.056455
-270.361644,37,3555.394169
-26.113454,38,3555.616738
-120.798114,20,3555.78255
-142.531572,24,3556.029999
-28.921145,20,3556.155357
-144.724644,24,3556.29976
-34.954147,22,3556.401377
-149.070716,26,3556.510114
-270.018562,37,3556.664461
-158.232537,37,3556.823542
-202.717627,44,3557.001158
-24.927144,20,3557.084597
-25.80213,20,3557.170231
-23.930709,21,3557.258428
-113.055392,37,3557.403781
-178.95251,31,3557.527801
-50.883834,24,3557.623604
-135.513355,35,3557.765886
-116.768507,20,3565.65578
-125.782655,19,3565.779087
-261.094422,37,3565.998524
-74.536026,29,3566.115433
-22.409248,19,3566.188306
-11.459115,18,3566.262511
-245.65734,37,3566.409154
-253.813311,37,3566.567333
-261.20403,37,3566.716301
-121.234907,18,3566.791335
-244.931612,37,3566.949443
-22.529201,19,3567.029045
-237.348103,37,3567.176911
-44.782722,23,3567.270955
-136.392533,37,3567.421442
-161.65748,37,3567.570675
-233.835899,37,3567.725636
-250.582455,37,3567.875963
-71.596324,28,3567.986962
63.85687,37,3568.148436
-226.790644,34,3568.287207
-185.253634,46,3568.471209
-9.439772,34,3568.608531
-196.664781,31,3568.735279
-236.713232,37,3568.892837
73.321718,20,3568.977614
-614.592222,101,3569.800989
-33.161366,21,3569.987232
-51.820257,25,3570.143076
-100.495917,35,3570.286879
-31.38381,21,3570.372678
-262.957076,37,3570.53057
-231.67726,37,3570.677215
-273.582137,43,3570.860655
-249.297454,37,3571.027414
-262.353866,37,3571.18924
-122.87134,44,3571.389596
-139.514017,22,3571.554894
-256.092795,37,3571.713882
-204.70562,32,3571.838435
-226.318733,36,3571.98989
-146.742391,38,3572.161135
-240.381646,35,3572.309827
-173.85658,29,3572.437783
-520.655871,101,3572.874469
-335.364288,62,3573.125576
-331.71939,50,3573.349672
-79.428438,28,3573.465543
-117.81116,32,3573.606377
-135.577671,37,3573.767857
-210.351578,33,3573.923098
-239.206589,37,3574.071112
-190.283372,31,3574.210475
-245.731816,37,3574.37676
-238.687598,37,3574.549912
-23.042999,20,3574.644838
-252.801985,37,3574.797646
-243.310273,37,3574.9598
-260.643237,37,3591.294952
-250.88749,37,3591.476633
-106.665725,35,3591.625564
-256.512222,37,3591.78443
-256.951679,40,3591.945057
-84.435187,43,3592.193991
-130.8484,20,3592.277493
-265.344258,36,3592.434408
-250.591119,37,3592.598695
-257.840498,37,3592.780849
-250.86728,37,3592.933839
-122.363315,19,3593.013747
-245.942465,37,3593.201193
-242.182059,37,3593.378464
-120.541811,34,3593.532943
-607.099819,101,3593.988639
-179.47012,30,3594.163938
-236.154614,37,3594.356186
-32.900517,53,3594.605577
103.382948,24,3594.706634
-128.301073,20,3594.795733
-243.097656,37,3594.947809
-147.640563,37,3595.102098
-266.980908,37,3595.250553
-286.677163,44,3595.452383
-129.29835,20,3595.541414
-126.126053,19,3595.626546
-47.327457,37,3595.787704
-306.938346,48,3595.986115
-251.472901,37,3596.135782
-239.650064,37,3596.30107
-191.865961,28,3596.414184
-252.617557,37,3596.56623
-237.238299,36,3596.715921
-264.600066,37,3596.88561
-236.883276,37,3597.040573
-116.943826,19,3597.118565
-258.443676,37,3597.264751
-256.437659,37,3597.418109
-253.032143,37,3597.574642
-243.753427,37,3597.72165
-259.314673,37,3597.873933
-88.448011,31,3598.003333
-254.748798,40,3598.167652
-59.253809,37,3598.319081
-91.447067,33,3598.455751
-125.63174,21,3598.538908
-114.636859,19,3598.615431
-245.464775,37,3598.765077
-245.074835,37,3598.912128
-116.761943,19,3598.988177
-8.647723,18,3599.062218
-189.376264,29,3599.177108
-245.737962,37,3599.332333
-248.663148,37,3599.488099
-155.118791,29,3599.611328
-252.918517,37,3599.765503
-130.628301,20,3599.846095
-147.679707,23,3599.940494
-131.812233,20,3600.026739
-269.86339,40,3609.716762
-238.968101,37,3609.922571
-257.174212,37,3610.088622
-245.185381,37,3610.241263
66.676961,22,3610.328584
124.72648,27,3610.448996
-257.457389,37,3610.603555
-130.349782,20,3610.69042
-242.072061,37,3610.935416
-248.620846,37,3611.106574
-240.650228,37,3611.262936
-250.097011,37,3611.423112
-181.690519,54,3611.640861
-259.723645,37,3611.788608
-54.008831,25,3611.895508
-266.915052,42,3612.066177
-194.961215,32,3612.210131
-54.55022,24,3612.31379
369.986845,22,3612.401299
45.983763,24,3612.497523
-123.624806,35,3612.636734
-398.779244,63,3612.893987
-239.908005,37,3613.051097
-26.85123,21,3613.137287
-236.698887,37,3613.294914
-248.125182,37,3613.452106
-14.834762,19,3613.539322
-234.847238,37,3613.693535
-143.322341,23,3613.788964
-228.99098,36,3613.941474
-37.068338,22,3614.038308
-245.470523,37,3614.183601
-351.441907,51,3614.390806
-124.545669,33,3614.538004
-244.160021,37,3614.703028
-228.496822,48,3614.899513
-24.63898,35,3615.043109
-136.715464,21,3615.126289
-257.453366,37,3615.27039
-665.563471,101,3615.692586
-193.365848,31,3615.814247
-251.510479,37,3615.964685
-255.355977,37,3616.117518
-259.045543,37,3616.312786
-152.708895,37,3616.623608
-248.593895,37,3616.961998
-144.793632,35,3617.212367
-13.957966,19,3617.409784
-252.494048,37,3617.813679
-247.238682,37,3618.241807
-248.244807,37,3618.59343
-134.3774,35,3618.963472
-60.59108,29,3619.141825
-108.506327,33,3619.320122
-143.1868,25,3619.445265
-245.91784,37,3619.609338
-115.830214,35,3619.767374
-246.742638,37,3619.928275
-154.6905,25,3620.034002
-26.935963,20,3629.819307
-238.64838,37,3630.032891
-276.45309,42,3630.223301
-73.275699,27,3630.336118
-253.069293,37,3630.490804
-158.375489,27,3630.602013
-257.893512,37,3630.758467
-151.260269,37,3630.913197
-21.000633,34,3631.085823
-257.960428,37,3631.2316
43.483193,27,3631.351967
-261.684261,37,3631.512463
-143.100423,24,3631.614552
-14.319188,18,3631.686206
-85.117854,31,3631.806416
-136.784443,37,3631.960471
-258.518994,37,3632.116768
-126.892577,20,3632.202877
-263.96905,37,3632.358828
-264.662589,40,3632.527323
-462.653475,74,3632.848651
-26.122322,20,3632.930591
-180.083476,30,3633.058767
-89.962655,49,3633.268729
-238.379747,37,3633.429574
-283.130898,40,3633.597189
-37.111771,22,3633.688689
-28.871165,21,3633.775076
-123.575232,19,3633.850339
-145.109149,24,3633.946571
-320.767547,48,3634.144853
193.743813,23,3634.244524
-124.068082,19,3634.324138
-162.856075,26,3634.430636
-36.180346,22,3634.519324
-423.754002,90,3634.917241
188.040736,22,3635.021752
-112.758688,33,3635.165929
-248.30103,37,3635.324901
-253.682099,37,3635.47553
-26.485016,21,3635.670108
-127.708963,19,3635.75212
-254.308755,37,3635.913032
-38.568607,23,3636.014955
-236.648466,37,3636.173414
-121.265538,19,3636.256721
76.995369,20,3636.337309
-237.899666,37,3636.498059
-246.704655,37,3636.655708
-181.03328,32,3636.78963
-52.04142,26,3636.911642
-53.788584,25,3637.029468
177.082149,25,3637.142734
-113.987263,19,3637.370536
59.997694,37,3637.71112
-128.284926,20,3637.810219
-152.43657,37,3637.991475
-221.311472,33,3638.137272
-168.455999,57,3638.378729
-240.016767,37,3638.540088
-21.410148,19,3638.625297
-117.483449,33,3638.768631
-220.840699,50,3638.977641
-335.727581,52,3653.626358
-236.752231,37,3653.822247
68.124285,22,3653.956714
-154.183135,25,3654.08823
-244.781717,37,3654.272507
-258.199877,37,3654.426609
-113.277435,60,3654.684351
-11.039103,18,3654.758176
-224.613008,36,3654.915449
-120.975588,21,3654.999026
-158.922228,27,3655.114203
-67.909877,26,3655.21958
-121.431518,19,3655.299747
-238.209114,37,3655.44735
-239.185358,37,3655.601644
-40.679743,23,3655.697237
164.056257,51,3655.903265
-143.22048,37,3656.065138
-234.079273,35,3656.212271
-242.71229,37,3656.366169
-262.280389,37,3656.52733
-268.030031,37,3656.685719
-241.862254,37,3656.845994
-186.151071,30,3656.97689
-180.924341,28,3657.093812
-30.802867,21,3657.169936
-124.052612,35,3657.312094
-19.135197,19,3657.393387
-194.353058,43,3657.562525
182.73901,21,3657.652837
-122.380855,20,3657.740254
-240.425122,37,3657.89094
62.448427,25,3657.991688
-134.798803,23,3658.098176
-222.862581,35,3658.243786
-273.694644,43,3658.412097
76.119966,20,3658.495008
-281.67782,43,3658.66615
-48.075483,38,3658.816603
-240.939746,37,3658.969311
-224.487402,45,3659.149538
-252.921536,39,3659.307735
-30.255152,38,3659.469706
-260.817672,37,3659.621567
-21.419413,20,3659.706095
-262.10715,37,3659.851731
-14.263533,19,3659.929547
-239.429675,37,3660.082924
-301.001685,43,3660.258289
-246.153016,37,3660.406507
-141.579607,23,3660.497788
-242.771211,61,3660.741932
-130.700655,36,3660.906417
-27.354548,21,3660.992669
-261.621261,37,3661.13238
-264.205668,37,3661.287242
-113.397045,34,3661.431154
-125.201244,21,3661.517472
-237.616588,38,3661.669334
-134.130127,21,3661.75628
-255.713871,37,3661.909771
-30.667766,21,3661.999178
-71.241349,30,3672.306421
-242.493099,37,3672.541882
-258.513883,37,3672.692719
-141.426003,23,3672.789156
-412.975103,64,3673.05622
153.495848,38,3673.209782
-420.821179,71,3673.508215
-248.164473,37,3673.657019
-584.665407,85,3674.115456
-645.558834,101,3674.540844
-235.504219,35,3674.696999
-409.482874,59,3674.938505
-298.375691,45,3675.126102
-207.888187,49,3675.319522
-31.788635,22,3675.411008
-263.808314,37,3675.55461
-263.094292,37,3675.70083
-107.580833,32,3675.82736
-22.67036,20,3675.906786
-196.572358,43,3676.080158
-324.065984,56,3676.310678
-237.999063,37,3676.472386
-249.773758,37,3676.623459
-289.674178,40,3676.788481
-139.70024,37,3676.936321
-72.173346,27,3677.051165
-227.457224,36,3677.193524
-254.677091,41,3677.365331
-240.536556,36,3677.51065
-138.049078,38,3677.666058
-37.999693,24,3677.771419
-122.968997,19,3677.845045
-139.626829,37,3678.008282
-38.569591,23,3678.108918
-51.249035,26,3678.212495
-259.765199,37,3678.35998
-253.996432,38,3678.518609
-126.698259,20,3678.597937
-689.04765,101,3679.008994
-239.897161,37,3679.15396
-90.090761,32,3679.282917
-64.922335,28,3679.416484
-1.142854,34,3679.647737
-233.423722,37,3679.982021
-247.619803,37,3680.270626
-217.299332,32,3680.555614
-73.118619,27,3680.823998
-165.17245,41,3681.205976
-31.043657,21,3681.408582
-246.86923,37,3681.722517
-259.201783,37,3681.900383
-56.676633,26,3682.004277
-240.290233,37,3690.830079
17.883174,32,3691.033636
152.763978,26,3691.155598
-131.864919,20,3691.259562
-150.510954,37,3691.415683
-724.053164,101,3691.8355
-239.239425,37,3691.988072
-238.815372,37,3692.155705
-237.218067,36,3692.297825
-21.237564,20,3692.381096
-268.17376,37,3692.537701
-152.524573,26,3692.651598
-235.154562,36,3692.803618
-39.953581,23,3692.900648
-242.311218,37,3693.046213
-156.525486,24,3693.140467
-201.902072,33,3693.286954
-227.184582,34,3693.439841
74.313774,58,3693.680567
-215.421094,33,3693.81372
-249.851441,37,3693.959361
-36.233335,22,3694.049361
-44.763023,25,3694.148478
-262.514092,37,3694.294013
-23.312701,20,3694.376419
-272.945776,48,3694.588414
-265.237431,37,3694.744945
-252.268021,37,3694.897057
57.107568,23,3694.987888
-177.047064,28,3695.094122
-20.055009,20,3695.176426
-136.869059,37,3695.325733
-221.592174,35,3695.471917
-249.166644,37,3695.625226
-87.368353,29,3695.745933
-131.246351,22,3695.835061
-263.565892,37,3695.983317
164.187432,25,3696.083221
70.951269,22,3696.184442
-195.18714,32,3696.315677
-123.466312,20,3696.400633
-238.147597,37,3696.556585
192.052505,60,3696.804568
-238.965327,37,3697.076228
-167.342753,26,3697.187264
79.591127,23,3697.28265
-192.59709,46,3697.651379
-426.185666,64,3698.351055
-120.677751,33,3698.500276
-27.975684,21,3698.595041
-20.425292,20,3698.674681
-277.419946,46,3698.86213
-251.418816,37,3699.017289
-122.092024,21,3699.103761
-217.503176,34,3699.244378
-33.420467,22,3699.330358
-256.448502,37,3699.484519
-240.822408,49,3699.691788
-85.387941,32,3699.818426
-244.491781,37,3699.96459
-121.085067,20,3700.041589
-568.965032,101,3713.038311
-115.845249,19,3713.141251
-219.22129,33,3713.274042
178.12354,21,3713.357138
-202.713045,33,3713.491081
-185.364619,29,3713.6065
-136.815955,37,3713.751604
-124.016921,19,3713.824307
-141.55428,37,3713.974056
-121.74516,34,3714.108271
-126.499244,19,3714.182701
-695.084049,101,3714.583288
-19.387406,19,3714.65983
-161.161012,25,3714.762014
-17.397728,19,3714.845666
63.862403,23,3714.970457
-129.838314,21,3715.083903
-144.300569,22,3715.180147
-88.062192,30,3715.300249
-125.970149,20,3715.378641
-125.308772,19,3715.452329
-500.785156,96,3715.84076
-124.127527,21,3715.923496
-257.202105,37,3716.072318
-252.069075,37,3716.232958
-32.406327,21,3716.321378
-261.772661,37,3716.467901
-36.170302,24,3716.564561
-255.290783,40,3716.731541
-158.589666,52,3716.9894
-214.837348,35,3717.135055
-136.271454,23,3717.227373
-266.000906,40,3717.390973
-348.361396,101,3717.818546
-103.124528,49,3718.011115
-39.406375,22,3718.100063
-49.624811,23,3718.194544
-244.939635,37,3718.349187
132.981865,31,3718.476511
-244.37959,37,3718.632201
-153.012278,25,3718.730275
-27.881892,21,3718.812084
154.255722,26,3718.928369
-241.501865,37,3719.079308
-219.763951,34,3719.217216
-255.516657,37,3719.367383
-157.792237,37,3719.518798
-2.080873,35,3719.679269
-252.245216,37,3719.833939
-78.246969,29,3720.226418
-42.85868,25,3720.441347
-241.745246,37,3720.63494
-110.197723,35,3720.786608
19.172255,44,3720.973415
-149.362746,24,3721.071553
-201.182052,47,3721.266566
-248.338601,52,3721.48594
-198.553984,30,3721.614762
-250.83566,37,3730.184241
-76.38527,28,3730.33278
-117.220404,37,3730.492081
-66.669107,30,3730.620665
-602.479454,81,3730.943538
-143.975273,41,3731.108547
-61.133991,27,3731.219335
-85.677995,31,3731.361302
-35.730325,22,3731.455024
-153.188549,26,3731.558936
-40.367539,23,3731.650134
-241.615246,37,3731.802439
-250.694571,37,3731.952797
-154.458134,37,3732.179685
-129.527513,21,3732.271245
-208.599575,33,3732.411669
-129.811758,20,3732.492447
-236.007274,37,3732.654158
-140.656353,24,3732.751589
-20.287317,21,3732.835549
-129.836474,20,3732.92272
-651.412675,101,3733.372923
-253.756004,37,3733.530135
-190.298608,43,3733.705443
-144.549142,23,3733.80303
-248.193137,37,3733.953505
-289.387705,49,3734.162878
-144.930276,37,3734.310607
-251.21851,37,3734.46339
-263.357617,37,3734.625198
-8.747981,18,3734.69867
-127.597039,35,3734.842946
-63.989996,29,3734.968306
-337.021013,48,3735.16923
-132.788464,20,3735.247135
-165.354397,28,3735.360735
-25.497272,21,3735.44702
-38.383798,23,3735.5456
-239.164389,37,3735.699192
-201.690141,33,3735.832914
-124.452273,19,3735.909791
-146.093018,23,3736.007051
-239.703464,37,3736.160347
-52.854406,25,3736.261418
-234.928997,37,3736.412267
-189.905594,29,3736.533827
-242.620367,37,3736.693678
58.348885,40,3736.866116
-263.194071,40,3737.034722
-254.368103,37,3737.190737
-257.234072,37,3737.346299
-27.361673,21,3737.431152
-22.057981,19,3737.506051
-261.484301,37,3737.731561
-256.160002,37,3738.12633
-125.224601,19,3738.266466
-276.815801,49,3738.737419
-259.413511,37,3739.091105
-26.594987,20,3739.305909
-142.127831,37,3739.619848
-237.484824,37,3740.536868
-41.980537,23,3740.753
-240.984327,37,3750.632268
-262.456552,37,3750.799272
93.800278,18,3750.872362
63.07198,25,3750.972863
-110.06794,34,3751.11238
-127.105691,19,3751.198273
-190.028719,29,3751.326016
-127.02603,20,3751.410579
-60.398979,25,3751.510674
-360.303629,51,3751.714955
-229.493699,35,3751.854472
-65.496879,30,3751.97299
105.012281,48,3752.176323
-248.773507,37,3752.33715
-234.058248,36,3752.489137
-160.595771,39,3752.658799
-81.050017,29,3752.778876
-206.543067,59,3753.031379
-484.133711,81,3753.368096
-170.977482,27,3753.480175
-242.954896,37,3753.63647
-236.677806,37,3753.790098
-176.61232,28,3753.905257
-70.790003,30,3754.028935
-284.138092,42,3754.201591
-249.39718,37,3754.355736
-258.954354,37,3754.507712
-35.935288,24,3754.609226
-238.075371,37,3754.766274
-174.73195,30,3754.887748
-177.760073,30,3755.006933
-138.349326,23,3755.097571
23.617503,62,3755.346568
-17.699028,19,3755.430468
-140.444387,37,3755.58123
-84.67606,34,3755.7316
-186.053628,29,3755.858714
-163.823241,65,3756.518383
-78.235413,31,3756.818274
-174.427514,27,3756.93585
-16.470539,19,3757.016287
-126.03033,20,3757.098017
-34.818385,23,3757.215294
-46.352032,25,3757.348382
-251.337342,37,3757.505424
-238.049385,37,3758.386442
-260.540474,37,3758.630215
-130.945223,20,3758.718109
-248.125419,37,3758.872926
-252.22792,38,3759.035547
-284.219186,41,3759.20142
-246.406911,37,3759.365555
-24.60439,20,3759.446404
-17.397199,19,3759.525305
-521.986333,101,3759.954447
-43.885437,24,3760.057256
-72.468538,27,3760.167795
-192.933344,42,3760.345567
136.948789,31,3760.487978
415.412319,30,3772.018603
-124.145176,34,3772.186273
-244.870092,37,3772.336873
-196.480457,55,3772.578565
-175.480275,29,3772.72748
-16.438308,20,3772.808712
-255.159546,53,3773.044231
5.330499,35,3773.19875
-162.732499,28,3773.319968
-26.638699,20,3773.407711
-259.112875,37,3773.562485
-81.126971,31,3773.691268
-180.358092,28,3773.806646
-85.196633,29,3773.929352
-242.960855,37,3774.095139
-164.639819,26,3774.202627
-264.117961,37,3774.351214
-142.76025,42,3774.51927
-246.823328,37,3774.668435
-153.83027,37,3774.830463
-260.012566,37,3774.988511
-232.808397,37,3775.149327
-129.892168,20,3775.238414
69.079621,21,3775.322452
-294.343289,43,3775.505311
-202.497216,35,3775.655728
-41.884114,24,3775.751012
50.279222,25,3775.854893
-267.022357,39,3776.013856
-247.925207,37,3776.168373
-239.130049,36,3776.311108
-296.970663,45,3776.500754
-133.505995,37,3776.663166
-264.088685,40,3776.838301
-40.510023,43,3777.02644
-251.135505,37,3777.178674
199.828739,20,3777.264081
-469.183626,71,3777.577114
-23.677748,22,3777.666416
-54.184734,37,3777.816753
-123.047835,34,3777.959176
-120.966807,19,3778.036024
-385.108374,63,3778.291651
-258.055108,37,3778.440393
-17.899159,19,3778.523581
-263.478916,37,3778.6732
-789.575848,101,3779.072007
-267.502861,37,3779.223299
-249.838099,37,3779.376675
-148.662526,24,3779.479357
-192.51761,30,3779.607479
-234.368316,45,3779.810219
-22.919958,20,3779.895153
90.108856,23,3779.990589
73.155827,22,3780.083597
-248.070102,37,3780.237177
-249.848187,37,3780.39673
-182.722233,28,3780.515523
-260.261201,37,3789.167794
-318.463675,46,3789.403186
-290.794102,44,3789.588441
-191.280916,29,3789.737145
-94.473978,79,3790.06309
-91.265935,46,3790.259913
-261.607675,37,3790.404901
-241.493227,37,3790.559354
-51.741112,26,3790.667019
-256.185876,37,3790.818401
-248.139467,50,3791.027351
-241.681635,37,3791.176134
-153.688389,37,3791.328948
-135.943483,21,3791.429398
-137.967038,37,3791.848982
-543.474458,101,3792.283469
-262.494274,37,3792.434919
-262.771003,37,3792.592622
-454.918273,101,3792.996735
-237.014574,41,3793.167043
-136.979596,37,3793.325312
-174.157299,29,3793.443146
-248.366183,42,3793.616582
-58.961211,25,3793.722006
-299.588816,46,3793.908154
-247.018537,37,3794.06217
-61.491263,25,3794.163238
-245.779934,37,3794.312602
-316.592868,45,3794.496228
18.563186,28,3794.614584
249.223466,25,3794.720274
-263.28982,41,3794.893705
-237.798352,37,3795.046433
-239.895078,38,3795.200755
-278.337568,40,3795.366063
-20.730313,19,3795.452086
-35.242937,22,3795.544349
-50.563549,23,3795.640605
-260.375595,37,3795.783668
-257.69918,37,3795.957606
-63.574918,27,3796.081514
-174.479444,27,3796.200678
-123.018702,20,3796.289193
-126.663327,19,3796.37073
-73.900029,31,3796.502682
-246.646906,37,3796.658979
-233.949171,37,3796.808063
-268.311928,41,3796.981534
-246.456759,37,3797.129967
-225.04031,37,3797.301845
-179.936917,30,3797.508976
-247.597482,37,3797.881673
-262.096421,37,3798.235406
-266.930703,39,3798.573313
-320.237305,46,3807.746448
-234.771501,37,3807.927005
-62.4672,27,3808.043435
-126.272788,19,3808.119164
-154.56061,26,3808.232686
-115.774553,20,3808.320051
-133.803296,38,3808.481896
-240.718291,37,3808.640543
-210.234477,39,3808.802017
-258.293938,37,3808.955022
-468.970813,78,3809.288018
-170.559095,26,3809.396037
-256.549171,37,3809.548237
8.679976,32,3809.692803
-183.238771,29,3809.816183
-154.416409,26,3809.919884
-251.024634,38,3810.072789
-2.781648,67,3810.349393
-266.812748,41,3810.530415
-242.83655,37,3810.691677
-295.654648,44,3810.875263
-239.257381,37,3811.030526
-227.404931,37,3811.18573
-3.788243,53,3811.418035
-262.335751,37,3811.568634
-233.60036,37,3811.723797
-27.704051,20,3811.803041
-177.779619,31,3811.926066
-128.745723,19,3812.003199
-234.696656,35,3812.154031
-284.015317,40,3812.32103
-255.159286,37,3812.470245
25.383257,33,3812.60894
-220.48386,35,3812.755084
-162.662458,25,3812.859345
57.615172,25,3812.964163
23.559228,30,3813.0935
-60.555092,25,3813.20341
174.477706,23,3813.31542
-182.031016,28,3813.435767
-139.049887,24,3813.551703
-63.254664,28,3813.665571
-247.522972,37,3813.813979
-265.605777,37,3813.970841
-25.544384,20,3814.04596
-282.391248,41,3814.224914
-239.002366,96,3814.63739
-339.957115,46,3814.944648
-297.184082,45,3815.127531
5.105379,34,3815.265835
41.929146,26,3815.37508
-22.472163,20,3815.45993
-239.710188,40,3815.62742
-204.35846,51,3815.856836
-135.748142,22,3815.952748
-324.726614,46,3816.137077
-266.417339,41,3816.313082
79.146039,20,3816.393487
-151.904195,37,3828.125631
-157.257809,45,3828.32514
-250.347199,38,3828.485177
-217.681678,34,3828.634457
-137.792527,37,3828.790879
-245.939687,37,3828.950502
-223.599212,35,3829.087638
-237.291619,37,3829.242405
-258.490031,37,3829.399265
-236.014838,34,3829.534854
-143.68604,36,3829.68874
-311.433024,44,3829.866948
-138.663317,35,3830.011795
159.476643,24,3830.114581
-262.719423,37,3830.262053
-107.167683,35,3830.413151
98.042663,32,3830.545544
-245.228953,37,3830.692989
-13.081358,19,3830.76887
-346.816531,50,3830.977853
-391.733988,56,3831.212768
-192.596939,76,3831.520896
-257.367031,37,3831.672121
-41.949518,23,3831.766194
73.598052,21,3831.85523
-39.080395,24,3831.955907
-101.894934,47,3832.157582
-243.877652,37,3832.308288
-51.981865,24,3832.407921
-151.749864,41,3832.586837
-59.643787,27,3832.727882
-175.247984,43,3832.904495
-267.423374,37,3833.056863
-255.148685,37,3833.210451
-137.136964,21,3833.299593
-24.648386,22,3833.400634
-420.804575,60,3833.649329
-255.207103,37,3833.810003
-164.458455,26,3833.913084
-264.799089,37,3834.062753
-350.149093,52,3834.27299
-13.557261,20,3834.355983
-168.194367,27,3834.462406
-249.934842,37,3834.607185
-242.418468,37,3834.767334
-40.75785,23,3834.864698
-254.893661,37,3835.013601
-262.24315,37,3835.163896
-257.684091,37,3835.317018
-136.57633,37,3835.474352
-234.978705,37,3835.633552
-125.132708,19,3835.708044
-265.634723,37,3835.858086
-27.630444,20,3835.944224
-347.929406,50,3836.149476
-208.101317,31,3836.276768
-135.193352,22,3836.367864
-129.969944,36,3836.522354
-262.244525,37,3844.887981
-83.823938,33,3845.037917
-137.444949,24,3845.143946
-238.628523,37,3845.297889
-140.301307,37,3845.454073
-132.604046,22,3845.546785
56.723797,75,3845.865555
-21.415505,20,3845.950298
-325.726912,94,3846.357742
-236.015494,37,3846.517549
-118.795456,19,3846.602637
-602.089782,101,3847.012162
-244.843715,38,3847.169054
296.802036,20,3847.256337
-245.485275,37,3847.413465
-36.20656,24,3847.517549
-244.936877,39,3847.676987
-83.05343,27,3847.949817
-24.497196,34,3848.649901
-161.685688,37,3848.898952
-241.852021,36,3849.06971
-77.657455,43,3849.256126
207.276259,21,3849.350166
-30.261171,40,3849.541446
-28.120467,20,3849.626498
-182.912245,43,3849.812284
-231.778583,36,3849.964953
-20.150153,19,3850.046718
-22.124001,35,3850.20067
-251.971749,37,3850.355696
-181.482515,42,3850.54462
-39.136438,23,3850.640181
-161.454397,25,3850.7421
-30.068747,20,3850.821216
-96.181205,34,3850.970937
-29.871045,21,3851.059546
-261.56893,37,3851.214843
-234.810996,37,3851.371303
-132.095199,35,3851.524642
-45.12417,24,3851.631345
-247.039815,37,3851.78534
-151.166981,36,3851.936542
-147.983485,43,3852.105199
-124.881795,19,3852.180223
-211.573205,48,3852.37267
-94.975462,31,3852.501183
-247.372006,37,3852.655999
-243.550459,39,3852.81268
-130.076012,22,3852.905271
-25.090135,20,3852.98944
-208.792269,46,3853.177705
-177.885805,40,3853.370905
-394.478942,75,3854.009633
-234.743631,36,3854.364331
-247.013148,37,3854.714543
-33.827406,21,3855.139436
-137.542649,22,3855.636005
-136.711891,21,3855.829946
-264.98298,37,3863.712705
-240.15716,37,3863.874096
-242.654087,37,3864.020552
-237.366604,37,3864.177942
-157.323397,27,3864.294305
-117.071006,19,3864.371078
-103.834985,93,3864.768428
-16.436178,19,3864.851147
-122.415154,19,3864.935016
-250.376998,39,3865.103403
-132.554592,23,3865.217733
-258.90179,39,3865.388295
-53.265179,25,3865.492643
-155.767672,39,3865.664603
41.285666,26,3865.77673
-146.654017,37,3865.931152
-40.040509,22,3866.023647
-116.464252,37,3866.187348
-124.152087,38,3866.348829
-264.414158,37,3866.505016
-254.960866,37,3866.658361
-123.843943,19,3866.739452
-24.74741,20,3866.825175
-72.414422,28,3866.941706
-261.203517,37,3867.088479
-236.64711,37,3867.238824
-570.94143,90,3867.621095
-24.843251,20,3867.702243
-145.066833,37,3867.869675
-261.844608,37,3868.026637
32.050802,47,3868.234585
-258.614878,37,3868.39532
-181.785424,39,3868.559875
-366.561714,57,3868.799255
-311.280094,49,3869.002322
-135.99198,21,3869.087059
-248.363506,36,3869.2328
-250.349409,37,3869.38568
-130.797172,23,3869.486528
-12.425221,19,3869.56388
-156.711559,39,3869.727711
-46.603883,25,3869.837556
-262.248315,37,3869.994573
-137.005091,24,3870.086952
-253.069542,38,3870.251014
-245.551957,37,3870.402103
2.778107,68,3870.687383
-58.79968,40,3870.862156
-256.622786,37,3871.020017
-250.511171,37,3871.266123
-132.176225,20,3871.353328
71.647986,22,3871.442636
-620.799469,101,3871.857385
-152.095162,37,3872.01609
-259.151275,37,3872.167289
-251.80343,37,3883.031128
-141.58636,25,3883.21548
-172.39709,44,3883.430454
-203.575978,31,3883.562817
-244.443853,37,3883.72386
-113.454489,34,3883.864087
-260.084741,41,3884.035863
-136.322116,22,3884.125386
-34.795098,21,3884.209199
-231.010038,36,3884.359249
-187.625004,30,3884.481642
-32.951884,22,3884.573358
-236.041101,34,3884.724584
-233.638841,37,3884.87961
-14.036266,19,3884.959508
-20.386253,19,3885.035638
-249.507848,41,3885.206449
-139.896678,23,3885.302844
-226.93188,34,3885.442015
108.38781,33,3885.578404
-28.523954,21,3885.66396
-490.456534,75,3885.970562
-248.042087,38,3886.123813
-145.433746,37,3886.281391
-24.861278,20,3886.370648
-204.573317,30,3886.503977
154.424836,24,3886.605175
-53.343479,26,3886.708825
-244.076314,36,3886.855964
-81.093247,43,3887.030043
-120.896718,20,3887.115714
-248.125536,37,3887.268227
-270.409756,40,3887.434171
-157.484902,25,3887.533756
-112.502694,36,3887.683193
-153.153638,39,3887.843563
-197.439847,30,3887.965852
-448.071719,100,3888.382906
-21.866724,20,3888.468725
-28.398684,21,3888.557305
-61.429857,28,3888.669266
-153.390973,37,3888.827767
55.86253,42,3889.011677
-252.16222,37,3889.169254
-16.729176,19,3889.251102
-242.676037,37,3889.404635
-235.829419,36,3889.556747
-208.953332,34,3889.714846
-156.897891,26,3889.831187
-295.251867,42,3890.007059
-254.349019,37,3890.157428
-49.186069,25,3890.267172
-120.866749,34,3890.41244
-145.224895,24,3890.513369
-137.111882,35,3890.66218
-382.521017,56,3890.891182
-255.49386,37,3891.047463
-123.564952,19,3891.124152
-141.313279,24,3891.229167
-123.422769,19,3891.314034
-214.214503,34,3891.735538
-253.690556,38,3891.898867
-156.086479,37,3898.40209
-239.293146,37,3898.612968
-35.498875,37,3898.778116
-244.502989,37,3898.93046
-78.402673,28,3899.050355
38.356151,26,3899.156426
-284.256216,40,3899.320898
-147.54869,23,3899.41623
39.40482,27,3899.528483
-26.789565,20,3899.615129
-148.361199,37,3899.779156
-187.499877,31,3899.911749
-30.319358,21,3899.998114
-118.929346,47,3900.205698
-29.760245,21,3900.294727
-120.695506,19,3900.374499
-248.053495,37,3900.534337
-26.440911,20,3900.619091
75.54765,41,3900.792646
-245.744503,37,3900.948514
-11.837005,19,3901.029878
-244.768774,38,3901.188355
-251.578617,37,3901.335881
-250.891149,37,3901.491234
-335.280598,50,3901.700849
-241.421092,37,3901.978326
-315.071379,45,3902.171225
-144.88125,24,3902.271265
-25.928827,20,3902.354443
5.066334,29,3902.479278
7.631414,30,3902.605077
-65.928415,32,3902.739572
-236.521996,37,3902.897054
-233.626873,37,3903.0507
-142.477212,23,3903.147604
34.049741,27,3903.266672
-255.899121,39,3903.441502
-180.741949,43,3903.628996
-233.149703,37,3903.790607
-32.929444,21,3903.879455
-77.734494,41,3904.051488
-128.675145,36,3904.204726
-218.471487,36,3904.364499
-134.503675,37,3904.525024
-19.320257,19,3904.607122
-214.63539,56,3904.852166
-159.401974,26,3904.96031
-171.790752,27,3905.082365
-86.940448,33,3905.224694
-243.011836,37,3905.383921
-189.936528,30,3905.508393
-178.503582,61,3905.757199
-143.145575,37,3905.914442
-95.54996,53,3906.141057
-74.20564,46,3906.332294
-117.770114,19,3906.412382
-19.628256,20,3906.498061
-33.011118,23,3906.59922
-644.314674,95,3906.999407
-143.531919,37,3907.15425
-266.063594,40,3916.986815
89.866972,40,3917.192103
-254.107263,37,3917.353706
-40.766476,24,3917.461525
-271.952854,37,3917.61604
-102.463046,33,3917.759422
-179.465094,29,3917.879947
-257.323757,37,3918.029189
44.169898,25,3918.130822
-51.978555,25,3918.237541
-16.244027,19,3918.317782
-140.102167,23,3918.416431
-231.468968,35,3918.561454
-546.099542,101,3918.978419
-121.287477,19,3919.064031
-157.110564,25,3919.171104
-252.511545,56,3919.414211
-201.040059,45,3919.603313
-141.44067,23,3919.708484
-28.815225,20,3919.79231
-144.656571,42,3919.972522
32.286423,30,3920.10048
-160.197266,36,3920.250124
-181.431496,29,3920.373692
78.229474,72,3920.685253
-430.816065,80,3921.042272
-142.851677,24,3921.142811
-128.135429,34,3921.283335
-98.047616,31,3921.414013
-245.895763,37,3921.570392
-200.464527,30,3921.70067
-122.870512,19,3921.780333
-242.095128,37,3921.930682
-24.790658,20,3922.014353
-58.694777,25,3922.121036
-126.077584,19,3922.204918
-236.210246,37,3922.361916
-163.697387,27,3922.479561
-246.65659,37,3922.649095
-19.026352,20,3922.730795
-65.02125,41,3922.903616
93.504342,39,3923.068767
-32.99031,21,3923.158957
-261.009531,37,3923.322588
-50.314063,24,3923.425121
-251.340496,37,3923.58123
-111.129783,33,3923.725889
-237.445994,37,3923.896986
-130.624293,49,3924.102435
-254.538886,37,3924.263305
58.158351,24,3924.366226
-266.768907,38,3924.5237
-25.009587,20,3924.606433
-258.586178,37,3924.769063
-185.581236,42,3925.036201
1.592167,31,3925.168998
-169.028,41,3925.416336
-249.427569,38,3925.580065
-114.432877,19,3925.661585
-40.068956,23,3925.759453
137.729667,50,3934.242433
-274.305948,41,3934.447226
-282.931475,42,3934.646706
-33.067267,22,3934.740622
-258.954529,37,3934.898926
-84.748979,33,3935.04512
-242.155375,37,3935.20594
182.344907,22,3935.302587
-126.79083,20,3935.392019
-260.177284,37,3935.545737
-141.944304,23,3935.639445
-325.666563,47,3935.833273
-122.461906,19,3935.918054
-239.759334,37,3936.076494
-201.777875,31,3936.209701
-242.341289,37,3936.374426
-64.460517,25,3936.48119
-181.096555,29,3936.606041
147.082379,32,3936.745553
-17.331373,19,3936.827183
-41.208361,24,3936.926675
-226.098706,35,3937.080729
-193.92713,31,3937.213502
-38.262941,22,3937.307502
-251.638301,42,3937.491417
-253.327071,37,3937.640684
-120.160759,19,3937.720335
-256.24389,37,3937.872407
-190.679612,30,3938.003759
-69.303459,30,3938.12972
-141.520156,37,3938.293471
165.670521,28,3938.655597
-153.464821,37,3939.132096
-23.140342,21,3939.238563
-728.228533,101,3939.668212
-148.757028,25,3939.780479
-246.093742,36,3939.933852
-22.712943,20,3940.014343
-298.44117,43,3940.197056
-39.660113,24,3940.298205
-242.643565,37,3940.453356
-324.973877,48,3940.664242
-238.241985,37,3940.822481
-116.88352,20,3940.913072
-12.436364,19,3940.996434
86.086681,19,3941.081487
-213.847524,63,3941.359922
-254.017934,37,3941.523082
-154.607316,24,3941.624763
-84.481802,34,3941.775287
-220.513885,33,3941.917976
-10.692543,18,3941.99862
-45.000513,24,3942.101969
-119.751666,20,3942.188203
-132.424155,35,3942.328662
-120.934598,19,3942.40847
-103.136624,30,3942.53646
-353.128575,50,3942.752081
-257.802096,37,3942.914691
-258.075694,37,3943.068892
-241.388218,39,3943.231504
-139.404539,37,3943.387986
-243.174367,37,3950.750283
-125.668045,20,3950.878362
-237.856412,37,3951.082407
-118.200356,18,3951.162601
-224.138456,35,3951.311148
-251.948386,37,3951.475426
43.48442,25,3951.579976
-148.284249,37,3951.735992
-55.652618,26,3951.848332
-236.558867,37,3952.00407
-16.520582,19,3952.083937
-84.437203,31,3952.214713
-22.836811,21,3952.30135
-11.450389,18,3952.374751
-121.45746,39,3952.538012
-68.054582,42,3952.741396
-116.56792,35,3952.88105
-118.240578,19,3952.958978
-63.128114,27,3953.07256
-253.45286,37,3953.235803
-120.515047,19,3953.317316
-254.407941,39,3953.48507
-255.398576,37,3953.636119
-246.500094,37,3953.793801
-528.976256,81,3954.149899
-239.025467,37,3954.306701
-225.511016,36,3954.457938
-137.874129,21,3954.542801
-149.365304,24,3954.638578
-204.515069,30,3954.845679
-277.88742,42,3955.022806
-142.954109,40,3955.191365
-130.72021,36,3955.344085
-48.430092,25,3955.453327
-30.977988,36,3955.602614
-261.090447,37,3955.756977
-193.367587,34,3955.896044
-126.679016,35,3956.042446
5.5981,31,3956.180706
-76.934421,27,3956.29192
-143.48603,36,3956.435324
-288.969842,49,3956.654429
-227.998596,36,3956.811427
-275.461766,42,3956.98549
-321.54867,86,3957.331414
-22.211814,21,3957.42217
-146.552793,23,3957.519177
-127.169789,19,3957.599356
-619.24088,101,3958.027435
-18.525526,19,3958.110875
208.094584,49,3958.317268
-31.639704,21,3958.41004
60.820846,23,3958.507646
-264.521201,37,3958.660762
-261.367494,37,3958.822914
201.779731,22,3958.91715
-36.443167,39,3959.08229
-118.259807,35,3959.233038
-34.070591,21,3959.31804
-429.348804,85,3968.531204
5.736526,31,3969.068153
-36.158863,23,3969.248646
-180.572103,29,3969.399884
-235.414849,37,3969.55839
-246.568258,37,3969.708254
-213.036237,33,3969.865244
-258.253818,37,3970.022832
-150.206949,37,3970.187141
-261.451815,37,3970.342802
-180.750243,28,3970.460435
-24.387941,21,3970.55847
-129.655763,20,3970.64809
-125.203181,20,3970.736388
-254.365312,37,3970.890902
-347.775224,50,3971.104243
-139.551223,24,3971.209534
-255.520797,37,3971.389232
98.125268,49,3971.596817
-303.393082,45,3971.794397
-138.432739,23,3971.893108
181.233084,25,3972.000405
-122.991935,19,3972.087142
-64.659434,27,3972.243103
15.032902,37,3972.404316
-259.194319,37,3972.566977
-239.379568,37,3972.719523
-330.227999,60,3972.973711
-216.817337,34,3973.11033
-21.685779,20,3973.190378
-140.435696,39,3973.351891
-245.741128,37,3973.508905
-368.001941,57,3973.746978
-20.983068,19,3973.826253
-22.804055,41,3974.00386
-249.497144,37,3974.156355
-122.999301,38,3974.312294
-267.483413,37,3974.461474
-244.860149,37,3974.613182
-163.088072,27,3974.728026
-238.041196,37,3974.882716
-237.969082,37,3975.03831
-19.778091,19,3975.116879
-132.328932,22,3975.20768
-142.483645,40,3975.365039
-206.218682,32,3975.495703
-18.535474,19,3975.574436
-121.02509,20,3975.653916
-232.656933,37,3975.813825
-24.398726,21,3975.902992
4.896179,49,3976.109289
-240.339944,37,3976.264614
-54.500268,24,3976.364396
-253.891297,37,3976.532142
-83.008088,30,3976.661071
-246.243449,38,3976.825981
-254.779225,37,3976.977769
-569.582068,101,3977.417578
149.824334,27,3977.622868
-36.328695,37,3977.787793
-124.809361,19,3987.885134
-157.52458,41,3988.107643
-127.261825,21,3988.20013
-243.018695,36,3988.349042
-19.029086,20,3988.434443
-23.373564,19,3988.508702
-231.052772,36,3988.660585
-30.787657,21,3988.74667
36.164329,27,3988.859324
-325.349796,50,3989.073324
-15.228226,19,3989.15408
-138.51869,23,3989.259376
-160.499995,42,3989.436649
-58.352386,26,3989.549269
-159.636601,28,3989.666214
-182.257879,62,3989.939421
-710.571418,101,3990.362181
-241.649396,37,3990.517145
-248.050877,37,3990.675662
-40.263072,42,3990.85156
-120.411021,19,3990.928311
-247.219942,41,3991.104891
-21.612424,20,3991.192542
-246.812731,37,3991.349849
-256.240846,37,3991.504925
-355.836055,51,3991.723412
109.476695,31,3991.85947
-29.748289,20,3991.94431
-121.158408,18,3992.018249
-357.193996,74,3992.328238
70.91976,23,3992.426991
-256.743327,37,3992.581464
-201.024355,33,3992.717214
201.105533,20,3992.803104
-285.233765,45,3992.999675
-278.483402,43,3993.172758
-122.004866,19,3993.253823
-234.823502,38,3993.41762
-238.886184,37,3993.569918
-99.318351,32,3993.712176
-257.253906,37,3993.865636
-197.326424,34,3994.002669
-302.350047,45,3994.189026
-322.768418,53,3994.427847
80.807966,21,3994.514604
-128.399662,20,3994.601594
-133.909144,20,3994.685324
-210.190478,45,3994.878443
-265.988381,53,3995.091286
-168.586387,45,3995.271991
-37.771168,22,3995.367413
-115.766742,66,3995.642795
-112.001706,38,3995.811299
-318.001039,101,3996.231403
-143.789824,37,3996.379692
-143.820605,39,4004.483889
-19.441263,20,4004.613896
-171.515292,27,4004.758052
11.725138,32,4004.901563
-190.370894,29,4005.036677
-329.988404,52,4005.260928
-452.264634,72,4005.590617
-11.553741,18,4005.669132
-134.593529,38,4005.833738
-241.680696,35,4005.982761
-216.242065,32,4006.111601
-370.322462,68,4006.404047
-262.000199,37,4006.567561
-27.688467,20,4006.648695
-164.616816,28,4006.763713
-242.20826,36,4006.930722
-156.960275,25,4007.081962
-19.379529,21,4007.170874
-286.610868,43,4007.358651
-29.973681,22,4007.450683
-165.569432,26,4007.560162
-161.688643,29,4007.686554
-243.830096,42,4007.867533
-126.200139,19,4007.9442
-199.414857,30,4008.080225
-240.665164,37,4008.245722
-248.37704,36,4008.404309
-774.782363,101,4008.831777
-32.410892,23,4008.930812
-261.3482,37,4009.170931
-170.536089,41,4009.348472
-165.306019,38,4009.512501
-487.670061,65,4009.798487
-255.455898,37,4009.950594
-40.978534,22,4010.042072
-234.380635,37,4010.213491
-627.278492,101,4010.646372
-167.8565,26,4010.756519
-33.423574,22,4010.84954
-244.535656,37,4011.005709
-240.929189,37,4011.167218
-273.37999,42,4011.337097
-67.804708,26,4011.447306
-27.457594,20,4011.530712
-171.824596,26,4011.642102
-133.264077,21,4011.730079
-247.851454,37,4011.887389
-254.28403,37,4012.038278
7.339233,30,4012.163261
-45.475213,37,4012.322214
-14.293453,19,4012.405081
-201.011057,49,4012.644034
-33.156107,22,4012.749176
-96.270886,34,4012.892928
-261.358392,41,4013.071664
-285.164868,43,4013.258749
-250.856775,37,4013.414344
-58.36899,25,4013.520316
-214.606673,32,4022.563937
-467.277423,72,4022.896796
-246.18301,57,4023.14575
82.330536,20,4023.229366
13.916691,45,4023.414363
-231.725012,36,4023.571975
-65.257718,25,4023.676727
-271.871139,86,4024.050326
-51.310664,25,4024.156293
-250.97124,47,4024.357408
-221.521138,34,4024.510155
-246.449072,38,4024.677605
-129.454097,20,4024.766662
-8.716357,33,4024.909088
-597.403822,101,4025.345103
-27.48876,21,4025.437081
-180.226537,41,4025.604567
-152.573557,37,4025.759605
-126.370931,20,4025.850231
-253.388085,37,4026.002088
-62.637492,37,4026.157392
-98.674542,31,4026.289938
-143.130641,23,4026.388056
-45.12404,23,4026.479539
-129.881657,20,4026.568356
-107.402518,50,4026.791118
26.080512,46,4026.987091
-96.4217,35,4027.151059
-124.936451,34,4027.301447
-252.298298,37,4027.459863
-127.162747,21,4027.552175
-25.783217,20,4027.640398
-434.428006,68,4027.929982
-84.157337,43,4028.117539
-171.888868,41,4028.293414
-188.298073,31,4028.421833
47.212664,26,4028.533664
-130.219346,20,4028.619685
-135.626835,22,4028.715894
-120.882309,19,4028.883675
-251.717405,51,4029.480993
-19.931522,20,4029.575953
-22.312756,20,4029.658017
-100.914509,33,4029.798389
-62.254865,28,4029.917827
-144.507596,59,4030.174717
-259.865467,37,4030.340262
-219.271342,47,4030.543307
11.590705,29,4030.659656
-263.340713,37,4030.812393
-254.949181,37,4030.973248
-26.35704,20,4031.083547
-162.564037,27,4031.215925
-15.360455,19,4031.307444
69.330688,22,4031.413666
-638.169754,101,4038.597981
-23.35421,20,4038.773751
68.601662,57,4039.426242
-16.622892,18,4039.506017
-92.780686,33,4039.648252
-20.518044,20,4039.733321
-125.929402,19,4039.82054
-39.87739,25,4039.926323
-213.94209,32,4040.062305
-222.942783,36,4040.216984
-99.892518,45,4040.409039
-259.798781,38,4040.571864
-59.224634,40,4040.736708
-269.536743,41,4040.912952
-362.635214,66,4041.19052
-191.711236,33,4041.328183
-241.181312,38,4041.493573
-37.638425,37,4041.653852
164.755625,23,4041.750423
-36.212022,37,4041.915228
-184.806999,28,4042.032688
-172.400737,27,4042.151412
-127.673374,34,4042.313424
-54.400245,26,4042.424019
-133.119747,21,4042.512042
-46.304532,25,4042.618247
-69.821758,66,4042.899339
-116.860702,38,4043.063445
-139.470453,23,4043.156145
-64.06513,28,4043.274101
-239.370845,40,4043.445416
-44.055996,25,4043.55868
-190.431859,30,4043.686909
-247.792686,37,4043.847814
269.22478,23,4043.944765
-165.675164,26,4044.05804
-28.585785,20,4044.1392
-28.332691,20,4044.228953
-17.403359,19,4044.313688
12.894771,31,4044.445946
-264.453205,37,4044.620013
-206.393753,32,4044.809688
-142.713322,36,4045.018431
-148.349738,37,4045.304408
-118.659481,92,4046.192606
-17.715641,19,4046.406115
-157.088844,25,4046.670112
-233.560912,37,4047.081502
-38.462622,44,4047.476198
-69.460291,55,4047.900942
-225.530846,36,4048.102869
-27.960067,20,4048.190605
-143.455346,39,4048.348132
-23.605806,20,4048.437616
-47.949709,25,4048.554718
-160.832314,27,4048.67729
-118.051758,18,4048.758377
-241.808654,37,4048.923632
-191.056861,34,4049.078344
-12.563991,34,4049.220285
-259.882216,38,4049.381846
-102.096299,33,4049.526521
-125.888847,37,4056.501184
-131.502641,23,4056.623399
-22.019329,21,4056.757715
-250.579317,37,4056.962992
-106.412214,35,4057.112654
-18.317708,19,4057.200008
-257.478293,38,4057.379264
-16.572814,19,4057.460187
-212.14974,45,4057.659579
-223.196831,36,4057.816057
-250.120519,37,4057.974032
-478.646853,101,4058.42318
-132.348287,21,4058.516246
238.664766,45,4058.718756
-54.374041,27,4059.008356
-209.428584,33,4059.528727
-47.165472,38,4059.712434
-120.575894,37,4059.874984
-173.319253,29,4060.00011
-259.188366,40,4060.184461
-254.785439,37,4060.340413
-267.80896,40,4060.519477
-129.21846,20,4060.606895
-22.064969,19,4060.694018
-268.584042,37,4060.846052
-219.878799,66,4061.131014
-128.178874,20,4061.22282
-45.226338,23,4061.318732
-120.979573,18,4061.393472
-261.629189,37,4061.558624
-259.73462,37,4061.710576
-119.967413,18,4061.789855
49.294861,23,4061.890655
-92.072819,30,4062.167221
-118.697415,48,4062.377626
-268.566772,39,4062.547305
-173.768744,30,4062.684937
-125.713102,20,4062.771808
-159.755035,37,4062.931025
-160.320722,25,4063.038604
-107.007555,33,4063.175275
-204.519943,31,4063.309226
-225.49388,36,4063.465494
-147.781097,38,4063.622615
-255.028457,37,4063.780151
-126.304654,19,4064.136585
-72.627795,28,4064.312254
-126.963097,20,4064.400857
-244.565673,37,4064.555052
-167.915774,28,4064.676891
-36.923105,23,4064.77459
-117.57779,20,4064.866443
-157.443292,37,4065.03426
-36.597829,22,4065.128656
-151.439535,37,4065.282518
-246.674915,37,4065.451145
-196.373307,33,4065.595121
-220.32625,34,4065.73539
-29.432039,20,4065.81877
-29.690517,20,4065.903239
-263.406098,41,4066.068427
56.235499,25,4066.168635
-28.379435,21,4066.252411
-263.76267,37,4066.410073
-507.411135,101,4075.86293
-171.110399,28,4075.985975
-178.8166,32,4076.121128
-3.226316,31,4076.247827
-257.089466,39,4076.419133
-344.036067,63,4076.688972
-42.056403,24,4076.790874
73.093936,21,4076.881898
-355.058147,75,4077.20091
-26.228517,20,4077.288201
62.775147,23,4077.385271
-116.615872,18,4077.468913
-446.497031,62,4077.727172
-289.622158,47,4077.928562
-37.51125,22,4078.022197
-152.28279,38,4078.189752
-76.686789,31,4078.319075
-173.374068,42,4078.500857
-38.430519,23,4078.595695
-185.336183,45,4078.782364
-207.162159,35,4078.932343
-182.166569,32,4079.069293
-701.855928,101,4079.509185
-12.153723,34,4079.651824
-126.78902,19,4079.731471
-171.777612,27,4079.856028
-29.436413,23,4079.956056
-57.772011,28,4080.074592
185.673555,22,4080.167439
63.007304,24,4080.275696
-28.573244,20,4080.366908
-161.163568,25,4080.473359
-136.231639,22,4080.565537
-162.915301,43,4080.743067
-27.536522,21,4080.838485
-255.599141,37,4080.999312
-526.634757,101,4081.417266
-133.997403,21,4081.505945
-30.259637,20,4081.585808
-297.701116,43,4081.771214
-350.765828,50,4081.993819
-150.778704,25,4082.097415
-122.792232,19,4082.187045
-238.047611,37,4082.672618
-256.095697,39,4082.851755
-85.764784,30,4082.987512
-246.082209,37,4083.142844
-277.222315,42,4083.323168
-257.367041,37,4083.486668
40.880712,28,4083.613383
-123.34493,20,4083.700142
-41.351704,37,4083.854048
-147.950634,38,4084.019463
-237.13626,37,4084.182207
-25.048666,20,4084.265226
-154.210111,40,4084.4433
-129.709581,20,4084.527468
-48.430532,24,4091.860866
59.133209,46,4092.122258
-132.651523,22,4092.216976
-44.613008,25,4092.325624
-135.210448,22,4092.418544
-126.517989,20,4092.511459
-167.034873,27,4092.734422
-145.806304,43,4092.92285
-131.00298,20,4093.011041
-132.636181,37,4093.173548
-127.996186,21,4093.261686
-125.946747,41,4093.437991
-182.522085,34,4093.582725
-101.419437,31,4093.717993
80.111068,20,4093.803308
-122.581465,20,4093.896009
-297.98537,44,4094.083128
-73.991728,27,4094.199062
-335.906325,46,4094.399604
-124.504611,38,4094.560708
-255.377309,37,4094.716642
-27.783785,20,4094.799942
-21.878781,20,4094.886978
-127.142894,21,4094.980537
-141.540703,25,4095.090453
-138.512132,35,4095.23652
-41.555298,25,4095.344496
-82.002738,56,4095.586289
-19.519761,19,4095.664632
-15.915241,19,4095.747397
-96.397168,30,4095.87436
-24.574417,20,4095.962773
-31.675211,21,4096.051396
-85.186389,42,4096.234069
-123.204816,19,4096.311468
-298.398781,42,4096.494522
13.54917,31,4096.62768
-107.587784,47,4096.831586
-260.329781,37,4096.994404
-129.59551,20,4097.078907
-33.509112,23,4097.183492
-34.511754,22,4097.280457
-239.211644,41,4097.464734
-146.222029,25,4097.58
-121.869125,36,4097.732246
-244.057987,37,4097.886761
-164.152489,29,4098.011577
-162.503502,37,4098.228648
170.257157,24,4098.379076
-70.862185,28,4098.639386
-547.77576,101,4099.37963
-170.182062,41,4100.260325
-199.773653,32,4100.730111
-260.253568,37,4100.9681
59.431863,24,4101.101353
-218.118911,35,4101.29813
-106.611363,36,4101.583543
-25.355456,22,4101.847669
-36.091054,22,4102.028995
-120.808569,35,4102.333377
-218.818605,34,4102.637937
256.922815,39,4102.880691
-3.741436,35,4103.036233
-170.395427,28,4103.153705
-233.975474,37,4103.315567
-273.537157,41,4110.190997
-236.128135,37,4110.373416
35.784758,29,4110.505493
-164.804513,48,4110.716445
-119.260541,20,4110.803644
45.225082,24,4110.902356
-239.703711,37,4111.056814
-110.822706,37,4111.222119
-57.366204,26,4111.331927
-62.260326,28,4111.448361
-130.83635,35,4111.601328
27.95823,46,4111.785932
-124.288347,20,4111.867121
-631.512028,101,4112.316524
-262.074991,37,4112.481345
-172.151975,26,4112.593776
-125.642231,19,4112.673941
-64.184419,27,4112.789827
-186.464077,44,4112.97083
-18.802945,19,4113.051421
-42.321662,24,4113.154941
-22.259786,20,4113.247729
-34.792679,21,4113.343735
-282.569747,87,4113.719392
-18.986324,19,4113.805565
-246.815917,37,4113.966721
-128.964664,20,4114.04944
-193.690935,32,4114.191726
-174.455403,89,4114.563784
-152.557808,28,4114.684224
-265.886568,39,4114.863016
-537.787672,99,4115.293132
-267.593707,38,4115.569893
-20.48229,19,4115.652499
-122.197789,37,4115.817352
-37.667788,24,4115.922978
-167.659975,40,4116.09564
-304.785391,49,4116.324684
-137.909144,22,4116.424256
-141.619631,37,4116.580495
-200.611444,31,4116.708572
-241.292019,37,4116.861187
-174.563091,28,4116.981071
-297.681247,78,4117.312095
76.723023,20,4117.390919
-240.546808,37,4117.552476
-124.256816,19,4117.632468
-93.863117,33,4117.768334
-30.733096,21,4117.855921
-258.157215,37,4118.01522
-198.333259,31,4118.147561
-362.175022,57,4118.752074
-36.671628,24,4118.864799
-55.196893,24,4118.968324
-180.066274,42,4119.421371
165.166589,26,4119.587679
-27.092899,56,4129.010853
-133.259107,35,4129.192957
-150.335294,25,4129.299508
93.777155,38,4129.474163
-235.766381,38,4129.644296
-138.648455,37,4129.802462
-265.778378,37,4129.963977
-139.999313,37,4130.121437
-126.028207,19,4130.198911
-256.519536,37,4130.359584
-265.003453,37,4130.512681
-124.53494,19,4130.598034
42.112778,25,4130.703841
-29.537922,21,4130.795525
-51.430153,27,4130.908094
-70.627718,30,4131.038504
-240.255083,37,4131.19842
-96.528271,33,4131.337903
-60.761281,28,4131.460101
-258.100318,40,4131.621009
-41.93277,24,4131.724717
-668.996252,101,4132.150727
-229.327232,36,4132.307528
-9.425682,39,4132.47196
-179.535897,43,4132.675325
71.572378,22,4132.766923
-132.70091,22,4132.855806
-340.18347,63,4133.126587
-216.84799,33,4133.271159
-239.661238,37,4133.426746
-149.592562,25,4133.527956
-218.864833,40,4133.705032
-154.275599,25,4133.808032
-13.23526,19,4133.886911
-40.471916,37,4134.060776
-139.718168,37,4134.208258
-452.413998,72,4134.515096
-89.406951,51,4134.733926
-197.661594,32,4134.877981
-250.176765,37,4135.03326
-320.850287,64,4135.309855
-221.455,33,4135.444551
61.183303,33,4135.590105
-159.952918,25,4135.765151
-49.253978,44,4135.953638
-287.4979,47,4136.14523
-121.40129,20,4136.233642
-49.18314,23,4136.326966
-38.939371,24,4136.428564
-118.154148,20,4136.51661
-250.959243,37,4136.665828
-215.346653,49,4137.227856
-50.17641,26,4137.34022
169.052131,24,4137.442774
-130.255425,20,4137.531994
-43.155777,25,4137.637822
-19.349376,19,4137.728912
-200.40846,32,4137.864159
-195.19285,42,4138.046712
-265.353346,37,4144.301229
-221.350763,34,4144.487171
-129.819985,20,4144.589582
-240.944148,37,4144.763655
-79.095423,29,4144.892573
-108.956221,36,4145.052327
-31.596187,23,4145.153779
-125.456738,19,4145.23852
-66.431127,28,4145.359413
-320.338608,67,4145.789575
-255.144089,49,4145.997395
-159.385856,26,4146.107909
-22.73354,20,4146.189934
-240.194796,37,4146.346893
-138.921909,37,4146.501243
-250.328885,37,4146.654489
-583.818617,96,4147.062312
-26.735985,20,4147.146242
-261.638977,41,4147.31737
-810.927104,101,4147.745544
-82.644006,32,4147.877863
-203.809086,31,4148.012221
-160.969143,37,4148.172454
-153.751989,37,4148.334804
-138.495302,37,4148.495422
-169.28088,26,4148.603841
-28.351414,23,4148.699917
-148.402233,46,4148.898042
-78.196122,30,4149.021196
-36.03868,23,4149.243396
-262.481707,37,4149.823323
-131.938424,23,4149.956721
-245.437286,37,4150.121536
-254.109438,37,4150.278686
-263.545178,37,4150.434632
-158.66011,37,4150.594792
-156.702955,37,4150.753061
-150.726361,24,4150.857367
-359.517328,55,4151.132966
-193.73613,32,4151.315378
-176.062017,41,4151.540175
-106.772772,57,4151.878118
-258.355572,41,4152.173862
-129.159426,36,4152.561342
-76.64537,31,4152.86636
-391.538763,54,4153.404362
-18.200746,38,4153.806466
-240.418342,37,4154.128232
-2.0937,52,4154.576416
-14.838288,19,4155.209617
-121.084856,19,4155.405747
-191.201494,31,4155.671557
-721.282216,101,4156.128257
-144.891514,38,4156.300449
-148.055388,57,4162.455019
-242.418274,37,4162.62556
-176.4805,29,4162.744886
-390.715806,55,4162.993027
-140.588701,37,4163.148729
-224.270333,36,4163.298496
147.866659,33,4163.448488
-247.65868,37,4163.613268
-166.230522,28,4163.732501
-206.75862,46,4163.960001
55.364072,70,4164.256472
-15.937753,36,4164.417022
-129.980829,20,4164.497853
-391.785623,56,4164.743429
-141.044371,24,4164.842787
-145.258432,74,4165.158259
-106.179524,36,4165.312542
-94.1955,33,4165.463394
-168.530884,30,4165.598374
-336.735766,50,4165.801375
-242.700551,37,4165.959025
-155.746489,24,4166.058014
-344.371975,60,4166.304048
-373.506037,55,4166.533104
-238.851844,37,4166.682954
-239.987112,37,4166.831463
-410.249467,70,4167.137819
-71.410191,42,4167.31955
-154.600352,37,4167.475251
-301.739189,45,4167.674753
-122.812499,19,4167.758686
-79.908198,32,4167.894256
-313.08759,44,4168.228722
-40.673476,24,4168.334556
-151.079244,37,4168.498419
116.464329,33,4168.630352
-172.993337,29,4168.759481
-298.865104,60,4169.01451
-178.887298,44,4169.195542
-303.389331,46,4169.386957
-310.818029,50,4169.595253
-261.147401,37,4169.738279
-273.082876,41,4169.919702
-23.533558,20,4170.00369
-22.600497,19,4170.080599
-250.632188,37,4170.232192
-310.432292,47,4170.425501
-258.089649,37,4170.574432
-38.496071,23,4170.678483
-138.69174,38,4170.835795
-514.756979,101,4180.519707
198.384575,20,4180.616761
-141.747291,37,4180.781388
-218.17562,37,4180.936277
-28.71704,20,4181.0251
-106.90972,74,4181.342556
-149.725724,23,4181.449842
-224.074171,33,4181.5892
-115.13849,19,4181.669697
-123.882876,21,4181.762021
-155.335989,25,4181.877285
-169.099918,28,4182.0016
-332.902749,50,4182.20755
-46.449063,26,4182.314912
-35.159675,23,4182.411214
-278.283025,43,4182.583323
-179.753874,29,4182.712564
-222.401119,33,4182.851416
-35.329277,22,4182.949497
-93.969429,33,4183.089215
-129.904903,37,4183.249051
-434.673475,66,4183.535751
-23.140702,19,4183.614015
-57.923144,28,4183.729563
-157.574969,39,4183.897024
-183.814685,31,4184.030317
-131.132588,20,4184.123117
-22.139071,40,4184.294709
-238.118831,37,4184.450555
-135.225867,38,4184.607796
-163.013593,41,4184.785574
75.268481,21,4184.879523
-229.498772,36,4185.044775
-126.641677,76,4185.366362
-199.762923,32,4185.509202
-125.60337,38,4185.657279
-118.502603,35,4185.813434
-252.828612,39,4185.974872
-584.696447,101,4186.390064
-171.67241,30,4186.518308
-29.883672,21,4186.609289
-76.765212,29,4186.730857
-131.242204,20,4186.820917
-259.370951,37,4186.977519
-61.464848,27,4187.103787
-92.196161,34,4187.251227
-234.861708,37,4187.407788
-499.614398,89,4187.788293
-293.902896,49,4187.999431
-293.850944,41,4188.17402
-104.695378,35,4188.327639
-298.082036,58,4188.587513
-127.760795,20,4188.671839
-147.142175,37,4188.829989
-232.541176,36,4188.988766
-320.107908,47,4196.300787
-197.020456,48,4196.576097
-68.150203,26,4196.686858
-321.478112,48,4196.887809
-154.757669,40,4197.056831
-243.567636,39,4197.228077
-67.852807,29,4197.35994
-147.666729,25,4197.468442
-251.585983,39,4197.636679
168.208846,24,4197.742773
-49.453442,26,4197.856259
-253.738195,37,4198.133101
45.636675,48,4198.331577
-260.509507,37,4198.494629
-137.151995,21,4198.588215
-379.907223,59,4198.831939
-257.607513,37,4198.981954
-251.209868,42,4199.160856
-242.328299,37,4199.322506
-131.775745,40,4199.493477
-63.379615,28,4199.613545
-239.530978,37,4199.779194
-144.573704,23,4199.877088
-0.710121,45,4200.07559
-178.697409,40,4200.240476
-265.540559,39,4200.411943
-163.152968,41,4200.585422
-124.343941,19,4200.666473
-200.828862,34,4200.811827
-19.849323,20,4200.904875
-69.53605,40,4201.070255
-44.54586,49,4201.266416
-26.08568,21,4201.351723
-138.80685,39,4201.52315
-269.049784,37,4201.680028
-216.946442,45,4201.872787
-260.626376,37,4202.026042
-330.226779,48,4202.242585
-129.668285,22,4202.338049
-197.509561,32,4202.480844
77.891918,58,4202.731877
-154.517559,24,4202.836538
-44.04672,24,4202.932461
55.915759,23,4203.026562
118.351303,33,4203.165881
-123.812669,19,4203.25139
-129.286222,20,4203.339085
-129.175194,20,4203.4374
-242.511156,35,4203.637888
-367.540063,55,4203.994355
-162.533575,37,4204.400663
50.654727,28,4204.677493
-83.354198,50,4205.237404
-169.939221,39,4205.621084
-175.133589,30,4206.007817
-240.553068,37,4206.456112
-68.495215,31,4206.708709
-116.49929,18,4206.853744
-521.459858,77,4215.355189
-177.027359,29,4215.518752
-270.343269,37,4215.684124
-277.939215,40,4215.848086
36.267894,28,4215.970419
-291.223966,44,4216.148883
-273.168875,37,4216.308351
-259.005409,37,4216.460882
-28.491941,21,4216.556525
-245.29632,37,4216.712008
-181.123335,43,4216.901201
-260.413075,37,4217.067416
-170.405161,27,4217.181815
-269.786919,37,4217.333244
-250.211104,36,4217.485996
-152.963022,40,4217.650454
-142.660114,37,4217.801302
-163.316617,25,4217.909077
-256.791102,37,4218.067058
-42.336481,24,4218.166768
-167.138135,28,4218.280985
-253.757073,38,4218.44942
6.116503,30,4218.580847
-135.933139,23,4218.669857
-32.453298,21,4218.751916
-124.951864,22,4218.851296
-145.948352,23,4218.951446
-240.755578,37,4219.106711
194.139301,25,4219.211423
-235.077333,37,4219.371916
-237.924161,37,4219.52638
-37.614007,22,4219.61707
-134.827959,37,4219.777051
-225.191121,33,4219.914227
-137.300594,51,4220.14331
-245.294083,36,4220.303742
-106.585692,34,4220.445274
-135.266221,37,4220.60251
-18.820087,19,4220.682872
-580.763974,101,4221.110049
-224.866164,36,4221.259618
-169.813683,27,4221.385508
-250.974322,39,4221.704779
-240.576373,37,4221.866608
72.695373,34,4222.021208
-213.281175,32,4222.157622
-77.531613,70,4222.465125
19.561492,68,4222.760332
-193.980297,34,4222.9101
-184.447571,43,4223.090099
-26.039377,21,4223.18209
-54.546306,27,4223.295571
-155.311109,26,4223.405947
-124.815006,38,4223.575676
-17.787428,19,4223.66023
-204.457796,31,4223.787512
-124.713796,20,4223.876264
-41.507505,24,4223.979028
-238.830132,37,4224.143033
-262.959991,40,4232.445616
-259.751999,37,4232.649475
-127.064671,35,4232.797671
-159.585639,26,4232.907611
-236.983393,37,4233.074
-125.425267,35,4233.222081
-192.645323,47,4233.418927
-256.459745,37,4233.587893
-329.779465,47,4233.78592
-35.955352,22,4233.882897
-238.400618,37,4234.040196
-156.672299,40,4234.211209
-254.417618,37,4234.364391
-259.440906,37,4234.519508
-263.595527,38,4234.683792
-153.528346,41,4234.863276
-155.157099,38,4235.028457
-107.715963,35,4235.168658
-102.919921,52,4235.399123
-15.057336,19,4235.486381
-125.029198,20,4235.572159
-263.653886,37,4235.729257
-140.774926,40,4235.898705
-135.666127,37,4236.061979
-243.342601,37,4236.22101
-235.714871,37,4236.379892
-258.721618,37,4236.539276
-248.525544,37,4236.693997
-74.360876,65,4236.971316
-248.326151,37,4237.130562
58.02042,23,4237.227551
-197.813764,32,4237.36381
-90.470276,43,4237.553176
-245.042692,37,4237.712265
-423.579523,62,4237.986911
-235.418223,37,4238.134375
125.596798,40,4238.305395
-253.082765,37,4238.460309
40.844021,82,4238.83587
-71.368106,50,4239.055318
-27.819324,21,4239.151999
-176.055213,31,4239.28416
-23.244555,20,4239.365097
-189.606673,31,4239.497576
-255.949679,40,4240.22616
-124.749842,19,4240.346727
-155.954553,24,4240.464352
-35.066182,23,4240.575678
-59.104611,55,4240.818252
-96.391617,31,4240.954314
-123.823298,21,4241.050479
-196.991374,44,4241.243369
-188.747803,43,4241.423279
-273.691969,43,4241.60834
-190.334947,33,4241.746838
-679.812254,101,4249.045925
-70.833578,30,4249.175673
-241.604769,37,4249.350434
-240.208345,37,4249.553889
-19.689365,20,4249.650318
-29.463276,21,4249.748707
-27.335816,20,4249.844175
-142.784067,37,4250.025534
-146.819757,37,4250.20229
-256.28238,37,4250.387261
-473.454848,67,4250.695702
-92.310385,32,4250.840683
-19.75401,19,4250.922152
-22.426193,20,4251.161222
-241.243048,37,4251.320406
39.367148,25,4251.429431
-151.115868,37,4251.581755
-250.901211,38,4251.748048
-265.452205,40,4251.91953
-180.310942,29,4252.052983
55.801406,25,4252.159971
-123.459884,38,4252.322504
-254.066553,37,4252.474469
148.644851,28,4252.624689
-218.166439,33,4252.776833
-229.075087,36,4252.936742
-115.941891,53,4253.165996
-125.377085,20,4253.259892
-129.131314,20,4253.34676
-28.061927,21,4253.437569
-249.571066,38,4253.604485
-133.281027,36,4253.754049
-240.102151,37,4253.916226
-256.910037,37,4254.070551
-124.19382,19,4254.14849
-259.79888,37,4254.309709
-312.622776,59,4254.571973
-261.193135,37,4254.725382
-344.326873,71,4255.030869
-780.893104,98,4255.445174
-263.681966,37,4255.599496
166.681583,23,4255.703559
47.968634,25,4255.81018
-306.656824,46,4256.000034
-258.982094,37,4256.156269
-258.741872,37,4256.302724
-90.704268,32,4256.438019
-141.277835,37,4256.592314
-129.633059,20,4256.684575
-20.432019,20,4256.787147
-113.45036,45,4257.030862
-185.433803,31,4257.192788
-249.256384,37,4257.437402
-51.895957,26,4257.62984
42.017152,26,4257.838699
-166.805614,66,4258.676906
35.273351,30,4259.029516
-157.258353,37,4267.981631
-27.972794,21,4268.08101
-237.62732,37,4268.252015
-307.070627,47,4268.453965
-37.023407,23,4268.551653
-384.910792,55,4268.78594
48.002003,25,4268.891914
-137.464854,22,4268.984271
-36.246994,24,4269.085251
-240.112356,49,4269.30129
-9.16569,18,4269.381527
-28.388001,20,4269.467951
-103.077861,31,4269.605811
-576.742827,101,4270.726428
-198.880662,45,4270.911822
28.855711,29,4271.043393
-0.688622,31,4271.176215
-20.64735,20,4271.263234
-249.811088,45,4271.45956
74.952155,34,4271.611196
-205.577543,51,4271.827929
30.343114,29,4271.945193
-290.286084,63,4272.215361
-244.086819,37,4272.37566
-232.204445,37,4272.535793
123.366872,33,4272.680843
-30.496996,21,4272.768782
65.413054,22,4272.865486
-152.057528,37,4273.029439
-268.282142,54,4273.278105
-128.602367,20,4273.375294
-540.319815,101,4273.90184
-19.442704,19,4273.981536
-13.999918,19,4274.062176
-148.572991,27,4274.174168
-65.031564,27,4274.288451
-18.793783,20,4274.374791
-12.095248,32,4274.517645
-153.548834,37,4274.675978
-135.428451,36,4274.827995
-161.233392,27,4274.940963
-253.803043,37,4275.104355
-61.176509,40,4275.274845
-377.30222,53,4275.607353
-129.722269,22,4275.706641
-98.974672,33,4275.848698
-210.970123,34,4275.991971
-141.235978,37,4276.156743
-59.191111,37,4276.320574
-244.696764,37,4276.47039
-204.066116,31,4276.60175
-108.893368,18,4276.682262
-264.134218,37,4276.834347
-47.801239,66,4277.117432
-244.670912,37,4277.670842
-157.765376,45,4277.862436
-129.930866,20,4277.9473
-120.72812,19,4285.622189
-98.786893,32,4285.803617
-32.339284,21,4285.886032
-256.435443,37,4286.049401
-119.485023,18,4286.128748
-280.199897,41,4286.314601
-257.900642,37,4286.473441
-29.284926,43,4286.656694
-101.93446,33,4286.803292
-142.542513,25,4286.912374
-111.366356,32,4287.041981
-51.912834,24,4287.143288
-304.733351,48,4287.34891
-63.204237,28,4287.471284
-0.314391,32,4287.603518
-196.952256,31,4287.738712
-205.507791,46,4287.935493
-39.041384,22,4288.026561
-141.49246,37,4288.191503
63.084596,42,4288.379619
-143.176157,37,4288.536934
-225.163658,36,4288.684445
-21.652876,19,4288.766064
-403.595145,56,4289.003734
-302.304651,44,4289.188436
-65.770819,29,4289.313338
-150.250694,40,4289.481789
-46.750849,24,4289.58378
-234.872418,37,4289.736349
-255.953037,37,4289.888802
-261.126967,37,4290.04595
30.005188,29,4290.174527
-254.715747,37,4290.338133
-216.405692,33,4290.482886
-203.659766,36,4290.64108
-263.057739,37,4290.795462
-120.690675,38,4290.96153
-252.879996,37,4291.117965
-28.644651,20,4291.208223
-188.082883,32,4291.349313
-286.784833,55,4291.588096
-16.023906,19,4291.672341
-122.185924,34,4291.822643
63.907783,23,4291.921788
-22.499003,20,4292.005774
-94.399991,31,4292.136353
-68.849902,27,4292.248134
-87.39369,32,4292.392955
-69.487121,28,4292.518629
-258.058115,37,4292.670566
-274.317791,37,4292.821973
-266.454344,37,4292.972971
-210.54456,48,4293.16622
-91.577595,30,4293.300761
-249.964155,36,4293.460515
-24.395739,20,4293.543875
-267.738044,37,4293.699236
-145.956608,24,4293.803205
-275.899487,56,4294.034058
-248.274552,37,4294.184336
-233.398413,38,4294.340738
-19.762973,19,4303.577079
-139.730975,37,4303.858656
-590.221387,84,4304.220784
18.843266,31,4304.351966
-262.516297,37,4304.508894
-82.813387,29,4304.637716
-11.503181,19,4304.717026
-180.596982,30,4304.843754
79.00971,19,4304.921955
-232.985307,35,4305.066747
-39.246127,24,4305.169615
-21.561741,19,4305.245464
-20.74542,20,4305.328514
-151.700928,57,4305.572915
-137.728527,23,4305.674185
-24.419194,20,4305.759562
-237.112592,37,4305.917898
-154.186222,26,4306.023188
-167.883579,43,4306.408317
-115.110978,18,4306.486872
-126.798239,20,4306.588149
-11.843795,19,4306.672949
-265.541595,37,4306.819592
-28.729201,21,4306.91182
-272.794794,43,4307.079941
-237.980841,37,4307.234488
-210.712975,36,4307.383343
-204.814577,49,4307.593502
48.247621,53,4307.804928
-103.81542,31,4307.937061
-243.09284,37,4308.08885
-203.131679,31,4308.217286
-146.356302,37,4308.371656
-62.893425,28,4308.490735
-255.920493,37,4308.652834
-196.988477,32,4308.78789
-236.874818,37,4308.94172
-258.506019,37,4309.091716
-34.162979,23,4309.188238
-149.870716,24,4309.285158
-64.814467,26,4309.393167
-190.405505,31,4309.526286
-237.05231,34,4309.658305
-87.364824,29,4309.771686
-215.934997,33,4309.910859
-315.818868,44,4310.103223
-17.517899,20,4310.181198
-24.108495,20,4310.264838
-45.337455,37,4310.417005
-69.294856,28,4310.541605
-143.680018,36,4310.698297
-156.761996,24,4310.795214
33.32059,28,4310.916686
-94.357497,35,4311.064512
-761.917523,101,4311.485104
-136.223206,35,4311.645924
-187.925692,28,4311.831158
-244.388587,37,4312.158368
-167.745164,58,4312.676166
-238.49255,37,4313.115061
-141.370724,36,4313.991246
-34.151639,22,4324.478444
-41.159253,24,4324.609613
-223.13707,34,4324.751595
-248.627114,37,4324.904024
79.197497,20,4324.986468
-227.13749,34,4325.14176
-77.31205,31,4325.278671
-44.844488,23,4325.376306
-96.291966,32,4325.501171
-167.955596,28,4325.613025
-248.466162,37,4325.760487
60.858223,23,4325.853147
-49.020849,24,4325.957816
-129.887422,20,4326.038711
-146.743487,37,4326.190711
9.423076,33,4326.331549
-581.301569,101,4326.756054
-97.363577,30,4326.882793
-25.160447,19,4326.961724
5.443887,49,4327.162836
-43.184123,23,4327.250968
-7.83081,49,4327.452998
75.255752,40,4327.619509
23.325856,69,4327.923589
-129.499344,36,4328.073479
-255.273153,37,4328.22496
-251.139254,37,4328.381712
-14.680717,19,4328.457228
-182.937894,48,4328.651307
-231.41601,36,4328.808867
-104.12254,32,4328.937524
-269.339848,37,4329.078673
-116.506329,19,4329.158256
-257.039687,39,4329.317954
-723.701568,101,4329.746816
-241.618184,37,4329.900154
-25.734742,20,4330.063036
-173.802628,41,4330.822152
70.013295,22,4330.956793
8.810017,29,4331.102594
-233.767972,35,4331.245599
-82.775455,28,4331.365074
-262.645964,37,4331.525746
-275.403275,43,4331.701851
-158.405173,26,4331.807084
-140.093972,24,4331.909127
-376.84099,73,4332.312832
-46.576381,24,4332.410249
-211.308895,49,4332.930596
-285.991132,71,4333.246829
-249.989696,37,4333.411211
-75.952119,42,4333.587466
-94.68347,31,4333.711341
-155.569801,38,4333.872517
-130.414658,20,4333.95772
-222.664665,35,4334.105842
-20.783153,20,4342.726542
-239.99347,37,4343.037068
-123.125178,20,4343.123047
-250.649437,37,4343.283454
-164.073139,42,4343.463266
-75.939027,30,4343.595171
-118.968488,18,4343.671355
-32.574668,21,4343.761182
-544.92062,101,4344.20316
-237.286632,37,4344.358661
-262.489307,37,4344.520513
-11.545877,35,4344.673569
-152.659053,25,4344.782619
49.928247,25,4344.893781
-238.748514,37,4345.053446
-363.359461,59,4345.308677
61.092561,23,4345.407467
-146.812342,25,4345.516863
-245.399379,37,4345.678794
-25.599045,35,4345.839389
-27.717128,21,4345.936153
-150.909649,37,4346.084049
-102.970347,33,4346.22167
-206.590958,51,4346.440898
-243.161821,37,4346.6067
-119.942448,19,4346.688316
-88.002582,33,4346.826539
-114.360722,19,4346.907431
-259.802435,37,4347.066516
-62.405008,27,4347.182654
-161.916501,38,4347.343119
8.151563,34,4347.48622
-106.596779,56,4347.744396
-359.995431,82,4348.101452
-241.913584,37,4348.259539
-175.313575,43,4348.455327
-60.047976,26,4348.565944
-241.666034,37,4348.719184
-650.534361,101,4349.154876
-240.254607,37,4349.305912
-176.773812,31,4349.431521
-29.581767,21,4349.515896
-351.893134,70,4349.817172
-243.801756,37,4349.972716
-230.177511,36,4350.135535
-238.172267,37,4350.287427
-253.769017,37,4350.452153
-241.073093,39,4350.624417
-152.890579,46,4350.821782
-135.193146,35,4351.341912
-117.538768,19,4351.432983
-245.824894,37,4351.592451
-124.733086,19,4351.674721
-252.795152,37,4351.825016
-176.045095,42,4351.998991
-221.398263,33,4358.596191
-699.291143,101,4359.058464
-127.79466,35,4359.20507
-240.125999,37,4359.361485
-168.082538,42,4359.542234
-253.816814,37,4359.707757
-235.238827,37,4359.864068
-35.105009,22,4359.959653
-73.902991,42,4360.439063
-300.144621,43,4361.50957
-264.098413,37,4361.691143
-238.776818,37,4361.847708
-353.04956,51,4362.062255
-174.666249,30,4362.189571
-116.207653,38,4362.358291
-146.574616,24,4362.456116
-30.13057,21,4362.546346
-79.82752,29,4362.756642
-205.171702,30,4362.881933
-144.352404,37,4363.035207
-131.804068,35,4363.203426
-151.84181,25,4363.30983
-19.798665,19,4363.389923
-64.865467,26,4363.502899
93.248381,32,4363.639623
-21.129239,20,4363.73171
-377.379872,100,4364.158447
-233.896827,35,4364.318434
55.447298,37,4364.485625
-18.679319,19,4364.577032
157.088255,25,4364.689826
-27.653423,21,4364.781959
70.722357,21,4364.874217
-241.778525,37,4365.034882
-140.569683,35,4365.183669
-462.606571,64,4365.465144
-276.595132,37,4365.622786
-114.825281,35,4365.774227
64.199289,22,4365.872089
-122.137724,20,4365.962915
-259.669291,37,4366.118431
-221.456234,34,4366.264416
-54.140287,26,4366.380521
-383.492348,54,4366.608204
-306.036778,54,4366.834863
-27.003625,20,4366.919756
-636.075618,100,4367.342216
16.481227,31,4367.478627
-157.42941,37,4367.641779
-211.156074,31,4367.771329
-85.198031,61,4368.026569
-128.995238,35,4368.174073
-130.618765,20,4368.260807
-242.55648,37,4368.420652
40.809401,31,4368.616775
-16.539562,35,4378.438678
-138.839142,23,4378.57843
-252.759811,41,4378.767818
-616.271021,101,4379.190918
-263.932844,37,4379.345576
-129.306982,20,4379.432785
-29.075611,50,4379.672877
-19.040956,19,4379.979315
-204.454942,34,4380.157692
-21.038672,20,4380.246293
-271.884935,44,4380.448884
-255.793465,37,4380.605993
71.678916,21,4380.694612
-255.681397,37,4380.858052
137.364436,26,4380.968153
-203.143143,33,4381.106764
-248.724046,37,4381.263745
-39.036081,23,4381.357255
-34.470305,22,4381.450716
-261.755823,37,4381.607976
-327.102465,46,4381.805623
-48.944144,36,4381.96491
-124.885358,19,4382.049116
33.26739,28,4382.167017
165.746076,29,4382.293298
-111.462606,18,4382.383841
-49.65319,25,4382.494537
-129.75978,20,4382.587307
60.927986,23,4382.693175
-21.75145,20,4382.776979
-241.827892,36,4382.929454
-50.325396,24,4383.030701
-227.175391,52,4383.254993
142.414733,25,4383.366447
-73.212763,46,4383.567114
-170.394063,53,4383.787547
-145.644974,24,4383.887284
-242.370436,37,4384.043098
-446.917838,70,4384.342765
62.545944,36,4384.495695
-220.053565,35,4384.644735
-18.362793,19,4384.726965
-254.087202,37,4384.878259
-208.367347,43,4385.060091
-248.494802,37,4385.21827
-255.413671,37,4385.376981
-128.79243,20,4385.461338
-467.929727,63,4385.728948
-207.408171,101,4386.186788
-139.458777,21,4386.439979
-98.843717,30,4386.575493
-185.955231,40,4386.739553
-203.899376,30,4386.867764
-122.184372,19,4386.948495
44.388416,25,4387.05073
-119.380477,19,4387.13366
-18.066169,19,4387.214817
-243.187761,37,4387.371979
-47.92366,24,4387.465361
-41.94949,23,4387.563496
-238.312065,37,4396.125193
-20.28246,21,4396.251601
-125.309477,20,4396.340968
140.946144,29,4396.576149
-51.58008,26,4396.734694
-230.232031,36,4396.91643
-129.037379,36,4397.156694
-80.135919,29,4397.309785
-14.480566,19,4397.398042
-26.101545,20,4397.507277
-260.603987,37,4397.689498
-237.359105,51,4399.039905
-129.501815,23,4399.844221
-237.376875,37,4400.047722
-133.967212,20,4400.147582
-243.682427,36,4400.306604
-322.648256,48,4400.553117
-19.799241,20,4400.642402
-208.408465,35,4400.808198
-163.968765,55,4401.143932
-254.54582,37,4401.338592
-130.883534,20,4401.431872
-689.626528,101,4402.057122
-129.580191,22,4402.166531
-252.607477,37,4402.381452
-26.900876,20,4402.487915
-287.9717,53,4402.835209
-172.123893,39,4403.339049
-84.881942,33,4403.773266
144.898505,27,4404.441788
-205.733877,35,4404.888183
-538.265556,86,4406.522239
-16.740164,19,4406.633333
-292.104756,43,4406.856444
-170.043045,45,4407.063478
-128.393431,20,4407.156107
-112.050427,35,4407.308129
-129.241812,21,4407.394739
-20.949207,35,4407.556069
56.776414,26,4407.666335
-13.82387,19,4407.763489
-113.919986,19,4407.848624
-27.619635,21,4408.052856
-189.946383,43,4408.287287
-124.927206,20,4408.426077
-37.877138,22,4408.728562
-96.202377,35,4409.096961
-237.432142,37,4409.521722
-172.682733,27,4409.794867
-31.25184,22,4409.947661
-57.909995,25,4410.126844
-140.240084,22,4410.312269
-235.987299,36,4410.684625
-150.352518,26,4410.929364
-206.780665,51,4411.214443
-169.631243,41,4411.409729
-165.179234,30,4411.549809
-624.489662,101,4412.017939
74.297853,25,4412.131038
-0.530428,57,4412.392691
-125.449213,19,4422.624827
-328.740447,43,4422.906442
-238.356652,37,4423.088592
-24.390128,20,4423.18603
-173.290342,42,4423.393062
-96.379444,32,4423.554437
62.827336,23,4423.672721
-25.712115,20,4423.771487
-15.680427,38,4423.964625
-36.971895,24,4424.087567
-139.295125,22,4424.191961
-263.900559,40,4424.385229
-24.81944,20,4424.48102
-127.811164,21,4424.575916
-158.712709,40,4424.750184
-763.078919,101,4425.182678
-308.454103,82,4425.536455
-242.991821,37,4425.704365
-354.035066,101,4426.124
-131.791822,20,4426.208548
66.74809,21,4426.429726
-15.386678,19,4426.511779
-237.874258,37,4426.671272
-247.355025,37,4426.82772
-237.222618,37,4426.990624
-170.450357,43,4427.177329
-33.373214,22,4427.268555
-21.258771,19,4427.345779
-49.40211,25,4427.452852
-58.637524,27,4427.562954
-74.522674,29,4427.689792
67.942137,24,4427.798785
-222.303129,35,4427.956962
-233.145608,35,4428.109062
-244.062229,37,4428.279139
-62.920709,27,4428.393315
-139.660876,37,4428.554936
-89.88883,33,4428.690027
-36.913432,22,4428.78852
-28.145543,20,4428.871415
-17.194534,34,4429.016593
-38.429403,24,4429.125753
-241.230307,36,4429.283883
-17.634879,20,4429.369458
-175.450498,48,4429.574608
-21.468012,33,4429.715449
-30.787614,21,4429.805079
-125.643154,20,4429.888798
72.824661,22,4429.985761
-172.303091,27,4430.103942
-130.860718,20,4430.188641
-123.337207,33,4430.327573
-260.72973,37,4430.488033
-199.093734,33,4430.63265
-254.539966,40,4430.809313
191.066389,19,4430.893147
-18.675664,39,4431.062117
-13.209314,19,4431.151991
-28.69549,21,4431.244205
60.019006,25,4431.376174
-159.535173,38,4431.540662
-168.337318,27,4431.661962
-22.534994,33,4431.804165
-154.701841,37,4442.986802
7.597878,31,4443.156984
-186.110569,31,4443.296662
-48.831363,25,4443.403812
-181.357883,29,4443.530031
-185.494762,43,4443.714864
79.154733,21,4443.804368
-671.768277,101,4444.481862
-158.26999,27,4444.643051
-130.52314,21,4444.751883
-65.849538,26,4444.903854
-202.949048,49,4445.278114
-169.547414,27,4445.421146
-165.363725,27,4445.564246
-21.928595,20,4445.659588
-34.329561,22,4445.759741
-137.785323,37,4445.924429
-244.576093,37,4446.078959
41.631197,29,4446.210152
-49.592061,23,4446.303106
-121.226837,19,4446.383462
-169.216968,39,4446.54753
-477.0639,101,4447.03477
-117.436687,61,4447.303426
-241.943446,37,4447.461822
-98.417677,49,4447.675708
-271.860571,37,4447.865785
-28.846268,21,4447.974441
-234.654941,37,4448.166547
-118.74485,18,4448.258855
-133.951048,48,4448.509095
-28.031957,20,4448.615542
-68.322605,28,4448.745909
-265.232764,39,4448.952242
-71.184848,51,4449.218375
-264.300222,37,4449.405027
69.156231,35,4449.578094
-68.831725,27,4449.709907
-210.801066,59,4449.96665
-224.056624,33,4450.1121
-228.700695,35,4450.280672
-19.313717,19,4450.366814
-40.829808,36,4450.536897
-108.798425,33,4450.678307
-29.506905,20,4450.765881
-141.989561,23,4450.867365
-144.898778,37,4451.050902
-322.183805,63,4451.345205
-337.402419,50,4451.585955
-235.138279,37,4451.830151
-258.268244,37,4452.018819
-231.110699,36,4452.293924
-195.993836,32,4452.447502
-111.731516,35,4452.600053
-169.986908,28,4452.8177
-93.997063,50,4453.043382
-198.226935,61,4462.898016
-115.612304,34,4463.070847
-131.489393,21,4463.159937
-28.18438,20,4463.249152
-37.07057,23,4463.343247
-58.681937,27,4463.459635
-100.68295,32,4463.601917
-278.765215,39,4463.767277
-73.319877,28,4463.892822
-20.306896,19,4463.971739
-430.324329,58,4464.249024
-156.271721,39,4464.426955
-249.77954,36,4464.575208
-142.703134,38,4464.727715
-440.383167,92,4465.150189
-57.275478,44,4465.35027
-60.425902,43,4465.52936
-35.484079,21,4465.616608
-28.52715,21,4465.703231
-128.833954,20,4465.78321
-27.463816,20,4465.878526
-32.502207,23,4465.979524
-73.507274,28,4466.101141
-20.459894,21,4466.195837
-248.176517,37,4466.360615
-74.085293,31,4466.49956
-160.897161,25,4466.612556
-245.935726,37,4466.765337
-343.649619,54,4467.003608
-127.943309,20,4467.081928
-251.530817,37,4467.233835
51.501771,44,4467.435372
-135.314664,41,4467.616787
-248.856737,37,4467.79134
-26.684316,20,4467.88774
-125.957654,20,4467.974536
-244.01913,37,4468.134914
-15.670045,19,4468.21708
-211.818978,32,4468.353777
-11.532235,18,4468.431823
-121.599512,20,4468.516001
-130.288492,21,4468.60924
-241.648308,37,4468.773364
-248.949049,37,4468.928533
-38.364648,22,4469.02021
-233.04437,37,4469.171452
53.392262,24,4469.288355
-61.941806,27,4469.403032
-160.67711,25,4469.506772
-81.255093,28,4469.619259
-247.605407,37,4469.76947
47.04211,25,4469.876192
-161.107408,42,4470.049106
-240.927038,37,4470.206919
-222.76095,34,4470.353479
-254.039927,37,4470.507893
-152.297777,42,4470.689918
-158.622666,37,4470.847734
-368.737125,74,4471.662133
-243.410077,37,4471.833336
-128.713384,20,4471.914971
-58.851605,25,4472.016646
37.153245,37,4472.165939
-264.136119,40,4479.5188
-121.538986,37,4479.698225
-107.315901,34,4479.84148
-228.198897,65,4480.125022
-164.161244,25,4480.234073
-17.297548,19,4480.317032
-452.859841,101,4480.762436
-161.903016,43,4480.941893
-133.618387,20,4481.025618
-127.24479,20,4481.111135
-65.124114,28,4481.233828
-33.436979,21,4481.324308
-43.818823,25,4481.442584
-126.574971,19,4481.530285
-173.881525,31,4481.666608
-95.664007,32,4481.800733
-83.249781,30,4481.929771
63.127494,65,4482.200354
-252.711186,44,4482.38979
-314.785441,44,4482.582566
-31.970633,20,4482.6716
193.885887,24,4482.78713
-48.628703,23,4482.889635
-266.161143,37,4483.05482
-274.78494,77,4483.483453
-172.404716,42,4483.664441
-125.953293,19,4483.741725
-175.453056,30,4483.890474
-238.404207,37,4484.057487
-38.805958,22,4484.153395
-143.949109,42,4484.33419
-345.455059,50,4484.550106
135.026791,28,4484.672398
-122.455697,19,4484.757725
-70.602668,27,4484.873976
-131.847255,20,4484.964191
-125.735123,20,4485.048326
-15.405118,36,4485.210802
-8.15223,19,4485.290211
-23.058365,21,4485.377489
-221.704179,36,4485.549987
-20.627669,19,4485.630186
-245.694089,37,4485.791435
-218.598763,47,4485.991473
-121.156976,20,4486.078629
-84.862939,31,4486.226211
-10.886195,31,4486.356387
-59.590878,29,4486.475345
-248.792912,37,4486.640985
-323.033691,97,4487.074331
-114.587281,37,4487.230404
-247.108267,37,4487.39161
-132.793423,21,4487.479547
-235.210348,37,4488.02367
-229.366501,35,4488.191995
-239.942927,37,4488.372813
-47.391175,39,4488.568634
-15.093936,19,4488.66154
-243.607161,37,4488.813974
-27.097234,20,4497.576234
-261.864755,37,4497.790434
-193.27805,45,4497.999245
-18.792475,19,4498.08512
-88.640731,29,4498.205964
-74.765375,28,4498.321922
-133.732062,37,4498.486325
-47.2257,25,4498.599029
-168.785697,28,4498.719877
-132.685991,20,4498.806415
-39.610613,24,4498.908133
-316.913312,44,4499.087544
-117.051772,19,4499.164005
-83.544666,30,4499.293598
-151.043318,37,4499.472942
-152.444397,41,4499.657304
-141.646664,22,4499.751752
-22.933887,19,4499.831654
-144.629333,37,4499.985977
35.363459,66,4500.279247
-102.449096,31,4500.420131
-150.909235,37,4500.5814
-87.301837,30,4500.712106
-68.357865,28,4500.832266
167.056696,21,4500.922754
-125.897249,35,4501.078295
38.585394,45,4501.275063
-37.269802,23,4501.385203
-79.193127,32,4501.52404
75.160782,20,4501.605602
-27.769672,21,4501.69514
-307.477421,63,4501.977983
-23.444697,20,4502.060071
-20.187697,20,4502.144254
-195.124678,44,4502.324986
-434.528228,70,4502.622146
-183.730975,32,4502.754805
-26.328433,20,4502.844182
-17.393804,37,4502.996785
-29.556189,20,4503.07643
-161.381714,37,4503.234724
-44.084454,22,4503.326802
58.484559,22,4503.420289
-57.015595,25,4503.528892
-218.386357,41,4503.707686
-86.768723,30,4503.833207
177.797569,21,4503.929552
-173.57354,28,4504.051
-132.496698,22,4504.141099
-26.516873,20,4504.227113
-34.399665,57,4504.474137
-259.94573,37,4504.637298
-136.7127,37,4504.940475
-118.361806,37,4505.47258
-260.44138,37,4505.685945
-31.121034,22,4505.787822
-18.692642,19,4505.870377
-306.377076,47,4506.071974
-206.50035,31,4506.206744
-240.512102,37,4506.367005
-276.673669,43,4506.539186
-18.916784,19,4506.627772
-153.191815,24,4506.844976
-24.669286,22,4506.939885
-164.392298,43,4507.125953
-67.394392,27,4514.482543
-89.23722,34,4514.874252
26.583696,40,4515.183587
171.963677,23,4515.339062
-267.425712,42,4515.580085
-123.705184,20,4515.667118
-63.643569,27,4515.780921
-246.837405,37,4515.942936
-371.536934,80,4516.273295
-111.64516,19,4516.353211
-156.751934,26,4516.481599
-378.35558,60,4516.751757
-27.785398,20,4516.843979
48.211661,27,4516.960107
-107.174802,36,4517.11903
-243.983284,38,4517.288897
-61.737633,25,4517.399366
-269.761774,37,4517.556006
-70.484742,29,4517.677731
-420.921313,59,4517.938134
-241.35556,37,4518.10371
-261.546194,37,4518.257029
-124.426064,19,4518.33595
-100.569991,34,4518.476214
-116.162808,18,4518.56485
-239.283395,37,4518.725684
-156.336058,24,4518.827466
-147.901079,38,4518.983828
-305.069961,44,4519.168838
-28.588039,40,4519.35151
-268.228523,46,4519.538411
-409.793371,57,4519.785492
-261.06486,37,4519.940173
-589.558908,101,4520.365664
-248.55081,37,4520.52276
-58.266932,26,4520.639607
-41.590227,25,4520.755036
-265.732283,37,4520.912912
-129.381194,21,4520.998271
-96.022611,32,4521.133224
-123.179767,36,4521.287445
-15.40383,38,4521.57984
-172.433266,29,4521.726259
-46.565713,38,4521.889138
-23.564954,22,4521.998043
-473.043626,65,4522.640419
-311.201467,43,4522.858276
-234.094897,35,4523.007691
-221.901346,33,4523.148065
54.795585,24,4523.254619
-245.978169,37,4523.409618
53.264958,24,4523.513087
-131.408966,37,4523.693745
-120.759106,55,4523.923361
44.261718,25,4524.034104
-130.016032,35,4524.180485
15.325516,43,4531.653655
-346.181903,66,4531.979775
-272.245477,37,4532.135894
-332.522164,49,4532.344414
-250.476282,49,4532.552565
-191.484087,30,4532.669438
-80.896637,28,4532.791385
-131.417911,20,4532.875087
66.177851,21,4532.962848
-258.303857,37,4533.129473
76.001701,21,4533.222906
-51.516428,41,4533.409233
-14.437272,19,4533.497226
-123.388785,20,4533.581454
-129.286413,20,4533.667329
-27.240259,20,4533.756002
-200.301102,36,4533.916556
-251.092422,43,4534.097126
74.685857,22,4534.192702
-184.879846,31,4534.328156
-254.107127,37,4534.489551
-577.331519,101,4534.915951
-41.323148,22,4535.012265
34.383608,30,4535.141354
-109.46474,18,4535.220305
-21.193232,20,4535.308442
-88.549758,33,4535.44775
-53.501431,26,4535.562548
-299.35072,45,4535.758628
-12.180808,18,4535.836675
-30.890028,21,4536.029851
-257.486167,37,4536.181383
-412.793431,101,4536.620234
-247.478571,37,4536.773447
-125.847931,19,4536.854238
-689.803175,101,4537.31133
-126.450089,19,4537.39228
-172.85655,27,4537.501051
-107.533111,33,4537.63635
-361.415425,51,4537.851267
-145.846292,23,4537.949752
-202.955409,31,4538.083349
-137.355217,24,4538.186783
-1.94853,44,4538.378501
-147.806955,40,4538.556909
-248.724949,36,4538.707602
-118.225177,36,4538.866932
-124.91962,19,4538.955661
-173.074021,28,4539.431644
-90.031471,31,4539.616478
-133.791243,37,4539.778731
-173.786953,29,4539.905467
-157.23121,25,4540.012512
-33.076152,22,4540.106872
74.83491,21,4540.208799
-41.069997,23,4540.306
-217.759173,34,4540.452276
-60.903094,27,4540.571366
-203.054125,36,4540.728011
-111.41154,19,4540.804701
-149.26978,37,4549.618282
-221.494139,35,4549.841086
-202.469608,33,4549.989055
-22.437487,19,4550.068771
-20.453239,20,4550.148293
-118.76873,19,4550.23622
-253.35314,37,4550.391947
-43.151707,24,4550.500557
-28.448916,21,4550.590819
-359.317961,49,4550.799184
-202.107499,32,4550.935385
67.368607,22,4551.034389
-132.702598,38,4551.199625
-493.379315,81,4551.553646
-147.896033,37,4551.714218
-19.45343,19,4551.794139
-24.754159,20,4551.878742
-31.027766,22,4551.985159
-27.947133,20,4552.069799
-131.492876,39,4552.230584
-31.147124,22,4552.32704
-619.029113,101,4552.791262
-56.14015,37,4552.955931
-425.576494,67,4553.251105
-123.087102,35,4553.403009
-129.437825,20,4553.509924
-284.815182,45,4553.727914
-128.29155,21,4553.82279
68.374866,22,4553.925322
-282.947936,39,4554.106652
-112.932177,34,4554.265849
-137.554322,23,4554.376255
-230.367542,37,4554.5412
-252.478709,37,4554.710755
-556.237728,86,4555.078207
-251.098378,37,4555.23916
-24.498663,20,4555.320529
-31.229592,36,4555.472637
-244.431294,37,4555.632389
-22.804921,20,4555.724589
-59.234306,39,4555.889882
162.464329,24,4555.988737
-24.938651,19,4556.067165
-16.677801,19,4556.150319
-35.280942,23,4556.247025
-147.872728,37,4556.398821
-384.000446,85,4557.269767
-46.170248,25,4557.375141
-233.670044,36,4557.52672
-120.574582,33,4557.67306
-134.826865,38,4557.83749
-148.527942,25,4557.939329
-117.888559,20,4558.025096
-57.072354,27,4558.134644
155.882002,26,4558.249193
-142.665355,24,4558.351697
74.870738,35,4558.502985
-25.190398,20,4558.586472
-44.038182,24,4558.68381
-159.854379,26,4558.801615
-28.042882,20,4558.891419
-439.393237,101,4566.336747
-106.04861,35,4566.481364
-31.555851,22,4566.578279
-157.603636,25,4566.687305
-134.899531,24,4566.797726
-277.062096,42,4566.985584
-187.828546,33,4567.125885
-32.652453,22,4567.220913
7.932777,36,4567.375568
-24.945917,20,4567.458814
-240.469301,37,4567.615912
-133.425747,20,4567.702068
42.0681,36,4567.853305
-213.633273,33,4567.995341
-231.946948,36,4568.150233
-109.053434,59,4568.400716
-154.81584,37,4568.564341
-124.245051,19,4568.648821
46.403847,75,4568.972243
-239.977273,37,4569.137662
-100.370566,32,4569.279708
-141.173142,37,4569.437779
-32.070981,21,4569.529259
-219.913532,33,4569.666937
-216.832222,36,4569.816369
-20.192175,20,4569.900581
-228.820642,35,4570.043332
-65.955123,26,4570.15127
161.120017,24,4570.263956
-274.276695,37,4570.426711
-139.619856,37,4570.588082
-199.443108,31,4570.718684
-331.615882,56,4570.965772
-85.386604,30,4571.098706
-32.477102,21,4571.189575
-50.939574,24,4571.288487
-24.661892,20,4571.367855
-137.36074,24,4571.466049
-170.582067,42,4571.650427
-19.496242,19,4571.765288
-122.143783,21,4571.899406
-203.732478,34,4572.132659
291.728983,21,4572.318175
-119.081306,20,4572.495211
-291.891061,44,4572.932962
-301.365927,48,4573.696895
-43.761724,23,4573.836096
70.189371,20,4573.959089
-161.962061,37,4574.880491
-125.009468,19,4575.042748
-34.757842,22,4575.213073
-95.392463,32,4575.404491
-487.023784,74,4575.772119
-251.304645,37,4575.945604
-124.363128,20,4576.032665
-237.250587,36,4576.181159
41.102577,27,4576.297759
67.161296,21,4576.402214
-26.153853,19,4576.495277
-126.684481,20,4576.581634
-248.494165,37,4576.734296
-222.916195,35,4576.89097
-170.813047,41,4577.066021
-161.352604,60,4583.714266
-145.537528,37,4583.908614
-35.372936,23,4584.004733
-522.388728,77,4584.341701
-250.747362,37,4584.516474
-51.723953,23,4584.613153
-68.28603,28,4584.733328
-178.319076,30,4584.859153
-237.285419,39,4585.043807
340.980995,43,4585.236995
-39.326201,23,4585.330407
-254.284531,71,4585.628076
187.688973,20,4585.708184
-400.24759,55,4586.081375
-116.761067,19,4586.220108
-245.712913,41,4586.460142
-258.590287,37,4586.646131
-189.838512,30,4586.790956
-94.09415,32,4586.922087
-219.098355,33,4587.054843
-143.486283,37,4587.205525
7.268744,31,4587.351519
118.662515,28,4587.466104
1.833989,34,4587.606426
-310.260675,46,4587.828497
-239.215548,40,4588.004551
-126.417036,21,4588.094361
-143.64525,25,4588.203336
-37.330807,22,4588.3
-36.211787,22,4588.397914
-65.969787,29,4588.529211
124.032502,31,4588.661498
-237.846297,37,4588.970087
-54.152803,26,4589.090561
-101.523484,32,4589.232647
-150.644904,37,4589.398321
-236.114118,37,4589.564722
-27.109737,20,4589.651481
-247.696447,36,4589.80699
-23.639977,20,4589.89675
29.925151,28,4590.017088
-246.076844,37,4590.176092
-118.365884,44,4590.363743
-144.5202,59,4590.621388
-270.307321,61,4590.892241
-187.354954,32,4591.035752
-24.019697,20,4591.120735
-43.979952,23,4591.221823
-179.168229,28,4591.347147
5.452752,34,4591.824244
-24.352648,20,4591.929067
-49.334592,24,4592.03958
-76.526055,27,4592.16157
-91.291173,101,4592.597715
-180.332064,28,4592.715573
-234.808229,33,4592.865038
-145.094728,24,4592.970737
-620.163386,101,4601.76007
-119.565336,35,4601.98172
-271.921874,37,4602.149659
-262.897151,37,4602.305653
-34.315384,22,4602.396026
-247.91242,37,4602.560155
-25.138127,21,4602.649625
-181.23596,30,4602.778736
46.939094,26,4602.889457
-41.017299,24,4602.996103
30.086891,28,4603.111398
38.065059,46,4603.318352
-55.784874,26,4603.434504
-24.906065,20,4603.519259
-124.88404,21,4603.605684
-242.134575,37,4603.755375
-116.975922,37,4603.907934
-575.720046,101,4604.328431
-212.767739,50,4604.554362
-115.043512,35,4604.70276
44.661366,24,4604.802247
-149.711565,25,4604.907104
-170.971428,28,4605.025247
-116.545245,18,4605.104186
-122.351942,19,4605.186543
-27.443838,21,4605.283923
-241.636172,37,4605.443038
-26.03613,20,4605.530759
-243.552443,38,4605.70391
-243.319111,37,4605.856494
-119.565233,19,4605.943864
-224.423213,33,4606.088326
-35.25844,41,4606.256265
-394.124265,75,4606.573123
-33.005003,21,4606.665513
-46.658984,25,4606.772122
46.710954,28,4606.889887
-262.494322,37,4607.047639
-115.722824,34,4607.190369
-317.802994,44,4607.378031
-154.114912,26,4607.4935
-80.001377,29,4607.616917
-254.068768,37,4607.775756
-75.915156,29,4607.898967
8.684796,32,4608.037685
-29.877556,22,4608.13558
-263.961536,37,4608.302853
-281.188024,58,4608.548176
-607.01328,101,4608.983392
-123.728819,21,4609.071917
-318.447096,57,4609.425907
-260.23197,37,4610.765239
-33.196303,38,4611.017675
-239.247393,37,4611.352808
73.812568,21,4611.596095
-249.149385,37,4611.863134
-128.139114,21,4611.974474
-245.699423,37,4612.159089
-156.454457,53,4612.419304
-70.085596,27,4619.609191
-115.573961,18,4619.724729
-131.023472,49,4619.966554
-158.984055,26,4620.080594
-269.934068,37,4620.368517
-201.150846,32,4620.504283
-115.442261,19,4620.583204
-149.738406,36,4620.72876
-40.068409,23,4620.835986
67.347874,22,4620.931663
-173.686528,39,4621.104522
-28.20306,21,4621.194418
-74.4206,39,4621.366885
-220.213833,64,4621.642459
-240.362257,37,4621.806557
-274.346139,59,4622.056568
-138.080884,37,4622.211453
-32.557241,21,4622.305782
-38.18237,23,4622.402896
-187.351493,73,4622.73248
-139.807884,37,4622.894093
-142.573808,43,4623.071925
-73.906402,40,4623.242017
-182.669529,58,4623.485289
73.815628,20,4623.569687
-64.416229,45,4623.770066
-122.408358,37,4623.933257
-37.265255,23,4624.023823
65.866196,21,4624.114521
-243.457846,36,4624.265834
-158.906723,39,4624.434801
-73.677476,31,4624.575627
-42.753198,36,4624.725398
-578.408243,82,4625.082656
-140.359602,23,4625.186708
-60.753955,27,4625.320134
-240.095535,37,4625.484593
-302.572496,58,4625.737007
-259.720836,37,4625.971249
21.186521,29,4626.152249
-250.762208,37,4626.46389
-465.612264,101,4627.632836
-255.550142,53,4628.148126
-156.949094,27,4628.371685
-254.702313,37,4628.655555
-370.639841,56,4629.066374
-146.219685,59,4629.798909
-156.501796,37,4629.978692
-16.946517,19,4630.060708
-183.26647,30,4630.181157
-256.50724,37,4630.339889
-191.198725,44,4630.527561
62.032592,25,4630.63164
-33.721038,22,4630.726695
-186.886629,29,4637.989013
-153.398255,62,4638.335228
-258.556556,40,4638.512529
-196.621766,34,4638.663092
-78.90733,32,4638.812904
-255.659699,39,4639.013597
-73.495934,27,4639.138404
-73.158061,29,4639.256366
-321.079716,60,4639.51744
-261.083664,37,4639.690811
-126.583299,19,4639.773403
-262.417177,37,4639.922696
71.155808,41,4640.112212
-20.455484,19,4640.189555
-45.583443,23,4640.295439
-206.560167,33,4640.439208
-148.860357,24,4640.543399
-49.398803,25,4640.651349
-70.250681,30,4640.779641
-248.828817,37,4640.948831
-139.095028,37,4641.118045
-31.810439,22,4641.214471
-220.435309,47,4641.500569
-233.802136,37,4641.773313
-141.123825,22,4641.980519
-298.621571,42,4642.332935
-244.5018,37,4642.822594
-18.57922,20,4642.948556
167.209016,27,4643.111963
-258.679877,54,4643.408007
-133.502948,36,4643.599243
12.160426,69,4643.993804
-21.211919,19,4644.097008
-583.468147,101,4644.779968
-254.184876,38,4645.081851
-154.038775,39,4645.534558
-245.806685,37,4645.781672
-207.742172,50,4646.066718
-264.768427,37,4646.256498
-42.482699,39,4646.436048
-223.632519,55,4646.683107
-136.766692,22,4646.776397
-212.412363,46,4646.975765
-253.463872,37,4647.740883
-39.636323,23,4648.016402
-271.350116,41,4648.369366
159.583438,25,4648.62203
-126.510731,20,4648.844779
-96.691707,49,4649.403075
-256.904996,39,4649.815049
-50.080523,26,4650.11127
-147.461422,37,4650.609324
-158.278867,37,4651.104134
40.238258,28,4651.45928
-32.890433,22,4651.887757
95.966989,56,4652.699159
-20.188742,20,4653.662096
-140.530468,35,4667.31818
-211.414581,50,4667.539529
98.446747,37,4667.703621
-191.221666,40,4667.884989
-53.462131,25,4667.996202
-214.455652,34,4668.145319
-59.866012,50,4668.35501
81.701258,22,4668.447425
-143.534147,25,4668.557353
-241.204702,51,4668.778561
-269.482588,37,4668.938491
-255.322521,37,4669.092102
-124.612453,20,4669.176031
-263.357817,39,4669.336631
-80.443848,30,4669.471898
-147.695481,37,4669.626601
-192.411456,30,4669.749037
-48.212369,25,4669.851986
-435.058193,73,4670.206989
-203.471471,48,4670.429649
-52.83055,23,4670.523049
-21.512828,21,4670.617714
-74.41859,59,4671.043143
56.340529,23,4671.19257
-119.314901,19,4671.307179
323.268198,43,4671.606126
-136.799376,21,4671.754687
-87.177457,28,4671.919393
-172.051532,44,4672.122009
-252.277615,41,4672.31139
-42.047355,23,4672.415467
-255.785902,37,4672.919055
-257.892945,37,4673.243414
-66.522157,27,4673.361496
210.956873,43,4673.595087
-37.700103,25,4673.746471
-178.953413,32,4673.961255
-17.07893,41,4674.167326
-142.752623,37,4674.961409
-237.717916,37,4675.308873
-135.911379,21,4675.423581
-122.862004,19,4675.505185
-24.559064,21,4675.619688
-79.570982,29,4675.846876
-101.35387,46,4676.101146
-135.052516,22,4676.23292
-178.281164,29,4676.463552
-534.244323,101,4677.154974
-16.027282,19,4677.233001
-135.408958,22,4677.334542
23.330151,30,4677.890337
38.349049,37,4678.044953
-242.274536,37,4678.230255
-247.692221,37,4678.400007
-288.200694,40,4678.573859
-101.503208,45,4678.787984
-17.899475,33,4678.925098
-29.555854,21,4679.020008
-40.61276,23,4679.114998
-3.659517,34,4687.208558
-36.976587,24,4687.338432
-150.959848,37,4687.498446
-257.208147,37,4687.651063
-380.690303,52,4687.884792
-64.677384,37,4688.076011
-27.217072,21,4688.193739
-256.917308,37,4688.532338
-16.681013,19,4688.645299
-52.244942,39,4688.846213
-140.475118,22,4688.963265
-123.586871,19,4689.071968
-147.307137,38,4689.247501
-227.579181,36,4689.422853
-240.889658,37,4689.598675
-32.772584,22,4689.69244
-32.325345,23,4689.786061
-77.440512,29,4689.918886
3.215062,32,4690.068129
-237.891119,37,4690.230029
-153.615884,37,4690.405085
-691.412134,100,4690.834889
-254.539064,37,4690.987471
-72.090564,29,4691.111565
-27.36047,20,4691.205691
102.60785,30,4691.34543
-684.44379,101,4691.806245
-247.918477,37,4691.96448
-145.071714,22,4692.055985
66.646729,22,4692.148331
-61.5958,27,4692.261744
-147.553485,25,4692.376806
-424.398401,58,4692.611717
-142.753612,23,4692.706322
-628.460947,101,4693.146004
-118.996513,20,4693.237827
-64.469653,30,4693.472804
-47.336997,25,4693.62658
-58.041251,37,4693.86784
-54.565755,25,4694.108232
-124.822144,19,4694.314901
-42.064057,24,4694.498541
-207.797579,46,4694.961695
-118.02709,38,4696.24067
-160.466833,40,4696.842421
-26.569325,20,4697.052014
6.511258,31,4697.54074
-201.358759,48,4698.279214
-123.392355,20,4698.543437
-133.952689,37,4699.037061
-239.902739,37,4699.774828
-89.725012,31,4700.149192
174.325891,23,4700.331412
-30.181871,22,4700.468015
-63.212823,37,4700.698295
1.35065,31,4700.872479
-249.03126,37,4701.049705
-252.637471,37,4701.244154
-38.370999,23,4701.367029
-282.697499,43,4712.082452
57.580365,42,4712.62546
-54.639869,26,4712.755082
-44.156484,23,4712.854451
87.560619,19,4712.941053
-76.75838,27,4713.079274
-52.381107,24,4713.208165
-128.812093,20,4713.313306
-255.027969,37,4713.512016
-142.010032,37,4713.683368
-41.773927,23,4713.810123
-122.742096,19,4713.912413
-49.322572,25,4714.037758
-135.023087,21,4714.144947
-168.630851,28,4714.289489
-136.755967,22,4715.005802
-693.200607,101,4715.634923
-239.104528,51,4715.95799
-71.297545,42,4716.348113
-337.189332,58,4716.779927
-33.720291,23,4716.901895
-620.550037,101,4718.472885
-154.175575,40,4720.337892
-74.761168,51,4721.072898
-28.534852,20,4721.505821
-215.572711,34,4721.793325
-35.529859,22,4721.913009
128.834293,30,4722.087693
-251.971165,37,4722.303174
54.873168,25,4722.440813
20.946067,30,4722.584848
-142.690828,36,4722.751342
-97.543543,34,4722.932236
-49.375461,23,4723.044853
-241.921226,37,4723.231643
-55.001268,24,4723.33843
-239.163334,53,4723.587038
40.224433,28,4723.807132
-26.754655,40,4724.011834
-156.710262,39,4724.19766
-125.961523,40,4724.378379
-27.728434,36,4724.527058
-33.631906,21,4724.615814
-275.690801,41,4724.799379
-129.11434,20,4724.88478
-128.559824,20,4724.979383
-122.200618,19,4725.05626
-15.878818,36,4725.225334
-81.617056,43,4725.426716
-122.753325,35,4725.61745
-62.225893,27,4725.756278
-56.905706,27,4725.89618
-23.389851,20,4725.989118
-165.019206,26,4726.117763
-27.199451,21,4726.214775
-245.643806,37,4726.374639
-119.206719,18,4726.451145
264.668086,46,4726.659245
-292.18079,68,4726.963162
-101.567876,36,4727.117814
-134.851123,36,4738.988063
127.249761,32,4739.198426
-249.50362,37,4739.363804
-208.922593,47,4739.568258
-151.521635,25,4739.673687
-251.993832,37,4739.859467
-187.458115,31,4739.999922
-74.57794,31,4740.134944
-160.483472,39,4740.385188
-15.570754,19,4740.469672
-97.224647,31,4740.60152
-118.950833,19,4740.683886
-349.208179,101,4741.134721
-261.806917,37,4741.28839
-40.785068,22,4741.383661
-40.14393,23,4741.504946
-249.077842,37,4741.66751
-164.417237,27,4741.784886
-172.777979,29,4741.903718
-10.604593,34,4742.048911
-8.569243,18,4742.121641
28.280834,27,4742.234757
-250.964984,34,4742.386771
-46.965091,24,4742.48774
-4.769674,36,4742.641798
-134.85641,23,4742.735383
-25.016668,20,4742.817673
-276.177551,41,4742.997273
137.451226,33,4743.138584
-99.922879,32,4743.275479
-261.700877,37,4743.425224
51.745588,24,4743.524782
-134.91314,22,4743.613201
-61.206999,26,4743.7221
-260.752261,37,4743.885654
-228.417556,35,4744.04697
-132.223542,37,4744.213592
-190.225624,48,4744.419968
-39.696541,23,4744.527374
-181.737308,51,4744.74933
-254.321989,37,4744.905544
-75.448363,33,4745.039014
-14.694337,20,4745.119772
-42.824868,24,4745.223381
-152.875971,24,4745.326795
-38.403973,24,4745.427357
-238.097922,36,4745.574667
-30.057712,22,4745.670588
-116.957731,19,4745.759048
-38.056059,24,4745.863087
-238.152541,37,4746.020902
-15.685985,19,4746.101287
-259.734988,37,4746.271286
-146.547237,25,4746.384971
44.688899,26,4746.505176
78.688922,20,4746.597093
-65.425629,26,4746.714451
-143.939022,23,4746.811118
-214.165943,33,4746.955669
-67.546082,27,4747.080262
-35.205052,23,4747.186445
-253.923363,38,4747.350914
-261.095306,37,4747.508266
-25.983969,21,4747.591105
-236.771102,37,4747.746871
-111.502414,19,4747.850437
-40.618425,23,4747.956661
148.664988,30,4755.886372
-54.131031,27,4756.115406
-259.54753,41,4756.342439
-15.502155,20,4756.438296
-265.501792,37,4756.629082
-41.407242,22,4756.733392
57.394307,22,4756.825536
-257.753587,37,4756.97996
-7.981794,61,4757.245193
-258.429759,37,4757.416925
-124.697322,19,4757.60482
116.905947,36,4757.771117
-138.696393,37,4758.042773
-332.332162,62,4758.314569
-240.314887,37,4758.470791
-176.123422,29,4758.596026
-16.71285,19,4758.675799
-126.886324,19,4758.759332
-132.790895,21,4758.853633
-28.557801,21,4758.943613
-35.134488,22,4759.03714
-116.483869,20,4759.116182
-131.104445,20,4759.200828
-137.076936,36,4759.391641
-43.460168,24,4759.504892
-133.799034,22,4759.610785
55.776979,24,4759.712484
-133.079079,37,4759.876578
-52.02493,25,4759.98669
-290.277719,42,4760.156691
-138.985028,23,4760.262154
204.621203,21,4760.363308
-138.211431,37,4760.538682
-29.620087,21,4760.629762
-15.092056,19,4760.709346
-47.962707,37,4760.879176
-64.065403,27,4760.995003
-48.509873,25,4761.098928
-134.763247,21,4761.188389
-37.97112,24,4761.295606
-251.36294,37,4761.457991
-22.123901,20,4761.563749
24.698274,53,4761.795459
-145.390088,26,4761.90763
-247.196937,37,4762.057621
-78.750235,34,4762.190418
-42.259726,24,4762.302295
-26.14566,21,4762.390925
42.014617,58,4762.64399
-15.785747,34,4762.813304
-19.382665,20,4762.894968
-99.207759,33,4763.061027
-32.066991,21,4763.19408
-42.589096,23,4763.385282
-51.925108,26,4763.624297
-118.877544,20,4763.883359
-217.034161,47,4764.231069
-29.682185,20,4764.386344
-217.352166,36,4765.240842
-138.406237,24,4765.614026
-122.651699,20,4765.961921
-123.739494,19,4766.157408
-95.820022,78,4766.901284
-62.814356,27,4768.033188
-15.127935,53,4768.568327
-136.92921,23,4768.726435
-126.253743,20,4768.943486
-57.735657,26,4769.235274
55.90475,27,4777.774194
-10.155597,36,4777.987246
29.473689,52,4778.222934
-127.224087,21,4778.317811
-202.38309,31,4778.45257
-22.025048,20,4778.532519
-133.226096,37,4778.698758
-1.135542,32,4778.837256
-109.097673,37,4779.000466
23.525951,86,4779.359476
-50.321993,26,4779.482886
-341.948537,50,4779.700409
-199.535796,31,4779.834747
-182.188646,30,4779.967181
54.938748,45,4780.160636
72.788351,21,4780.253936
-256.642041,37,4780.415839
61.30296,23,4780.508285
-150.741904,37,4780.659798
-43.54307,24,4780.768935
-40.039345,23,4780.865053
-139.38454,36,4781.017008
-133.794415,22,4781.108242
-144.372598,41,4781.276228
-282.016952,44,4781.457048
-172.432491,28,4781.572747
-84.525076,29,4781.695723
-139.653792,36,4781.85487
-156.189004,37,4782.012506
-42.809169,23,4782.110743
-243.318802,37,4782.270551
-51.245069,25,4782.37358
-144.000185,22,4782.470265
108.54075,34,4782.624157
-376.861824,52,4782.850777
107.589216,44,4783.170498
-46.751272,44,4783.369507
-103.232171,32,4783.512755
172.48431,36,4783.680541
-30.730556,20,4783.775123
-17.67321,20,4783.859485
53.55984,24,4783.959685
-17.410526,19,4784.048247
-156.732746,37,4784.41588
-254.488546,37,4784.637193
-145.364024,43,4784.845333
-270.468859,37,4785.472899
38.965568,29,4785.615757
-344.521914,47,4785.829415
-177.449285,27,4785.948087
-42.278609,23,4786.042901
-165.125527,40,4786.220072
-290.00459,44,4786.426662
-255.735306,40,4786.611437
-140.6928,37,4786.758544
-193.467249,33,4786.918183
67.591989,22,4787.017128
-235.564395,49,4787.230348
-132.120546,36,4787.389312
-27.784687,20,4787.469913
-2.200722,33,4787.603701
-92.959608,31,4797.382492
-127.740439,73,4797.712237
-237.444329,52,4797.933087
-626.421391,101,4798.361443
53.517966,23,4798.47029
-123.069229,20,4798.559218
-162.881267,40,4798.727169
-125.618433,19,4798.806856
-21.225663,20,4798.894421
-30.187756,21,4798.98556
-753.884193,100,4799.40884
-263.845879,37,4799.573412
36.055453,37,4799.740144
-234.561948,37,4799.905486
-138.047019,24,4800.014576
70.78557,20,4800.102797
-226.81656,92,4800.515242
-105.913116,32,4800.649175
146.560812,24,4800.748497
-48.75042,44,4800.924185
-130.143024,21,4801.01523
-167.250352,28,4801.138727
-264.734536,38,4801.295536
170.48655,21,4801.390816
-59.609235,27,4801.509167
-153.181064,37,4801.657749
-130.596085,21,4801.74969
-125.495931,19,4801.829582
15.270245,32,4801.965685
-267.62824,40,4802.137806
-126.919797,20,4802.226073
-30.568966,21,4802.319239
-37.276361,21,4802.408511
-26.619451,20,4802.490917
185.979127,20,4802.916523
-125.883267,21,4803.07899
-30.698133,22,4803.191232
-125.246995,20,4803.281957
55.89742,25,4803.39409
-123.23546,19,4803.478408
-31.862542,72,4803.81833
-36.363493,23,4803.934771
-115.94929,19,4804.015172
-26.769141,21,4804.10559
-146.95838,37,4804.269724
-128.391986,39,4804.43558
-17.269613,20,4804.520969
-249.374839,37,4804.683505
-272.602568,37,4804.845912
-132.174613,36,4804.999847
-218.118593,63,4805.269816
-35.868376,23,4805.378172
-122.434496,20,4805.474129
-127.827446,21,4805.575114
74.172504,21,4805.664047
-170.08229,28,4805.778641
-274.910516,40,4805.960257
-308.544858,47,4806.148542
-128.656262,20,4806.22977
161.518223,24,4806.337232
-171.421884,29,4806.467942
-239.946391,37,4813.729514
-124.653134,20,4813.855818
13.414116,30,4814.021791
-11.807137,33,4814.164901
-241.797168,37,4814.324137
-258.697847,37,4814.478841
-15.554345,19,4814.558285
-26.762105,22,4814.653764
34.99241,28,4814.779448
-106.00191,57,4815.030676
-30.680789,21,4815.118892
-21.271343,20,4815.208873
67.217799,21,4815.302007
-52.548715,24,4815.405249
-116.920792,18,4815.481142
-203.116301,48,4815.691832
-262.611693,37,4815.939516
-51.660132,26,4816.05893
-26.495005,20,4816.145761
-27.563521,21,4816.235262
-21.353247,42,4816.420574
-164.821596,41,4816.603315
104.574239,36,4816.756766
-262.277739,37,4816.91689
144.24184,26,4817.030306
-78.124875,30,4817.171411
16.615995,32,4817.312415
-728.84678,101,4817.763046
-103.100408,30,4817.904584
-132.456214,37,4818.0611
-119.421297,45,4818.254252
-233.587363,37,4818.428557
-124.700719,35,4818.586
-426.96734,101,4819.023348
-86.730481,29,4819.149797
197.024959,22,4819.621498
-302.888045,44,4819.903471
-188.941519,44,4820.10781
-49.184522,23,4820.210186
-26.727468,20,4820.305374
266.772614,22,4820.415833
-44.955177,60,4820.666501
-79.834754,30,4820.803726
-154.241182,39,4820.960461
65.914182,22,4821.050397
-231.883933,37,4821.223175
-32.564817,23,4821.37478
66.155132,22,4821.48664
211.498152,50,4821.753982
171.35528,28,4821.933289
-124.77356,19,4822.045351
-531.155566,101,4822.762548
160.884702,25,4823.029426
-155.64339,46,4823.307837
-11.315296,18,4823.398543
-272.420479,37,4823.576567
-674.484263,101,4824.02752
-203.741063,31,4831.086294
63.486262,36,4831.3669
68.420932,21,4831.473293
-69.860183,28,4831.59124
-499.724453,101,4832.02873
-213.368659,32,4832.175685
-266.683356,37,4832.334355
-241.064648,37,4832.490095
-135.154954,21,4832.577349
-120.082047,20,4832.667809
174.696208,26,4832.77763
-238.258108,37,4832.936563
6.400141,32,4833.076596
-311.520511,59,4833.323996
-129.199164,19,4833.405103
41.901534,24,4833.513819
-29.089349,22,4833.60729
-155.464397,37,4833.763175
51.570238,23,4833.862775
-2.57194,50,4834.087959
-30.545515,22,4834.177916
-278.46404,57,4834.434051
48.434415,26,4834.541912
-273.867024,40,4834.719885
-75.569242,29,4834.844073
-87.338173,31,4834.974058
-20.973176,38,4835.141494
-67.690762,39,4835.320506
107.913534,36,4835.480344
-405.677471,72,4835.848806
-232.710857,36,4836.50248
-176.634364,56,4836.767532
-22.115762,21,4836.85655
-138.374445,37,4837.01401
-257.76324,37,4837.169207
303.580198,21,4837.264278
-104.222714,32,4837.403051
-20.355873,19,4837.485104
-278.610584,41,4837.664442
-87.423343,29,4837.790078
-54.054526,37,4837.9353
-189.252502,30,4838.061334
42.045982,63,4838.426608
-265.947411,40,4838.613118
-121.11552,40,4838.782553
-249.639471,37,4838.951825
-70.630235,43,4839.139462
-160.296427,28,4839.259173
128.920964,33,4839.401954
-125.670297,19,4839.497748
-216.221926,34,4839.64524
-227.020095,38,4839.806804
-52.253366,39,4839.978966
-32.308956,21,4840.071511
-206.289521,36,4840.228518
-50.488803,24,4840.333708
-129.736735,20,4840.429995
-21.875285,20,4840.513697
168.592682,23,4840.614599
-194.385968,44,4851.289147
-246.216614,37,4851.487434
-34.683673,23,4851.590413
-543.213169,101,4852.045981
-22.22116,19,4852.128053
-177.048736,48,4852.380269
-136.85968,37,4852.556131
-689.334289,99,4853.0311
-53.146613,26,4853.136045
-119.170264,36,4853.679465
-277.871798,43,4853.871907
-21.383702,44,4854.064854
56.8692,22,4854.170519
-147.171213,23,4854.273059
54.836441,23,4854.384099
-158.019814,25,4854.495348
-25.598512,20,4854.580234
-24.042347,21,4854.674609
-42.124817,24,4854.786636
-15.353479,19,4854.875992
-256.196153,52,4855.099225
-26.667647,20,4855.186847
-55.834761,29,4855.310843
125.238189,39,4855.485259
-39.709048,23,4855.579919
-83.964874,33,4855.734629
-69.49973,28,4855.852203
-142.828284,24,4855.95801
-28.812275,20,4856.042858
-23.2788,19,4856.120938
-13.536665,19,4856.199204
-29.84709,47,4856.415651
-39.021146,23,4856.520363
-26.930591,20,4856.607987
-137.442055,22,4856.698323
-30.346504,21,4856.784035
-181.843884,43,4856.966584
-47.274704,26,4857.077216
-146.817495,37,4857.234172
-212.20824,45,4857.445345
-5.314462,34,4857.594703
-118.857974,21,4857.684239
-173.162893,29,4857.80833
-126.982905,21,4857.893169
-18.877622,19,4857.97504
-365.512883,58,4858.225755
-59.302305,26,4858.333952
-17.259319,19,4858.416034
-22.955592,20,4858.50244
-117.015965,19,4858.584791
-149.435097,24,4858.693603
-36.515066,23,4858.790632
-21.571461,19,4858.869644
-148.29096,37,4859.043477
-247.457702,38,4859.198393
-119.916401,18,4859.273061
205.602682,21,4859.363622
-30.547164,38,4859.532084
-52.555414,26,4859.639864
-202.962359,46,4859.841201
-53.50844,24,4859.945098
-130.275045,20,4860.036079
49.339565,26,4860.147499
-238.582585,37,4860.307298
-249.331551,37,4860.465841
92.094841,32,4860.601427
-117.231324,73,4867.708625
-22.964162,20,4867.794667
-118.063061,33,4867.929025
-295.6352,58,4868.179722
71.111597,21,4868.271054
73.524933,21,4868.359261
166.585482,27,4868.480788
-182.240923,41,4868.654219
-131.701368,20,4868.740844
-84.515726,29,4868.867795
-128.890305,35,4869.022336
-171.058201,42,4869.199681
-245.385478,37,4869.355073
-33.947373,21,4869.447542
44.13907,27,4869.560578
-61.175109,27,4869.769133
34.57357,42,4870.435723
166.74217,24,4870.619444
-234.199435,37,4870.858749
-33.375992,42,4871.042549
-469.613759,101,4871.478088
-107.422313,35,4871.640578
-263.774456,39,4871.811234
-222.701061,34,4871.963172
-254.642612,67,4872.251466
-275.667079,39,4872.417872
-130.897157,20,4872.514979
-89.163649,41,4872.700428
98.903295,34,4872.847523
-137.742493,22,4872.939427
-127.952362,20,4873.02
42.361831,26,4873.127778
-55.727086,28,4873.257853
-241.38668,37,4873.419102
-51.16414,26,4873.530022
-222.843012,36,4873.686106
59.635335,25,4873.790155
54.960998,36,4873.955186
-639.586173,101,4874.392587
45.418657,26,4874.509264
-237.814619,37,4874.674374
57.367463,24,4874.782563
151.787319,26,4874.890754
-405.054147,57,4875.129081
-44.458723,24,4875.237027
-16.233462,19,4875.316848
-127.944936,19,4875.404646
-68.21391,28,4875.529131
58.371111,25,4875.682967
-91.553814,29,4875.852111
-30.167326,21,4875.986168
-196.049249,31,4876.241588
-34.700081,21,4876.544026
-281.137849,42,4877.006241
14.942537,32,4877.293719
-244.119576,37,4877.61627
-36.314964,24,4877.832922
-127.926134,20,4877.99397
-243.319037,48,4878.261072
-245.506723,37,4885.931307
-159.951766,26,4886.120276
75.361121,22,4886.243052
-43.993989,38,4886.431221
-124.647435,19,4886.53344
-259.74645,37,4886.703123
10.19049,29,4886.840288
-354.461185,78,4887.411957
-252.261358,37,4887.646758
-17.842574,19,4887.750865
-28.434611,20,4887.851389
-197.152663,31,4887.994774
-35.920487,22,4888.099928
-38.897266,23,4888.819491
-24.022845,36,4889.141964
-249.176714,37,4889.338689
-350.83616,63,4889.716543
-40.429171,23,4889.838771
-155.750129,42,4890.042502
-177.929366,29,4890.186338
-133.894253,42,4890.403088
-281.741964,46,4890.643124
-242.878319,37,4890.849435
-51.754061,25,4890.970643
49.459208,25,4891.100135
102.876684,18,4891.185274
-162.955851,27,4891.337779
-22.364533,20,4891.438204
-137.890718,24,4891.577794
-322.388713,59,4891.871367
-255.591174,37,4892.050281
-37.129164,22,4892.154642
-124.625409,37,4892.339575
-25.317306,20,4892.434466
-25.252106,19,4892.531743
-116.311128,18,4892.625458
-80.975688,42,4892.857891
-322.365381,44,4893.076358
-266.124637,39,4893.267349
-130.078636,20,4893.369745
52.013372,25,4893.488123
364.132324,37,4893.667025
-58.494498,56,4893.929802
-46.468218,26,4894.036468
-49.103064,23,4894.128006
44.384727,39,4894.311012
-173.506651,27,4894.425533
164.098419,28,4894.546446
-241.507403,37,4894.713048
-33.241337,21,4894.802927
-16.72118,19,4894.880554
-117.412339,18,4894.956087
-243.621955,37,4895.315283
-33.470559,22,4895.417559
-29.488872,21,4895.506374
-25.20607,20,4895.592638
-238.093276,37,4895.758103
-243.048757,37,4895.921216
97.520127,37,4896.095476
-13.203475,19,4896.181878
-150.703333,36,4896.329483
-268.399101,41,4896.512241
197.339865,20,4896.594647
-18.51146,37,4896.754572
-326.329905,65,4897.031347
-33.93056,22,4907.530379
-128.153111,20,4907.648003
14.043712,30,4907.832266
-136.355235,37,4907.991795
-256.290637,37,4908.148468
-317.182431,51,4908.385965
-184.254703,31,4908.52439
-160.624565,25,4908.630544
-36.490926,23,4908.734452
-53.778372,51,4908.98789
-171.766216,28,4909.11625
-134.059037,34,4909.259252
-236.669239,41,4909.429755
-256.889318,37,4909.607597
-602.811672,101,4910.043238
-36.709046,22,4910.154929
-31.740123,23,4910.254293
-125.450968,19,4910.33289
-144.188709,37,4910.508145
-88.725417,30,4910.640841
-157.412356,25,4910.749179
-38.591771,23,4910.852008
-84.722218,30,4910.983476
-81.105681,30,4911.108739
-646.538174,101,4911.55744
-398.770942,53,4911.787427
-121.030107,34,4911.940871
-16.405229,19,4912.017896
-446.599101,62,4912.281605
-38.829836,22,4912.37318
-251.821438,35,4912.517061
-262.83387,37,4912.730689
-26.907771,20,4912.830964
-240.135698,37,4913.12141
-48.636403,24,4913.236062
-247.316341,37,4913.390407
-8.029542,18,4913.464227
-242.708466,38,4913.634131
-137.218334,22,4913.724879
-122.9932,39,4913.894116
113.724805,34,4914.038857
-76.185784,29,4914.168234
-144.872638,37,4914.321514
-229.909865,37,4914.489109
-172.476159,27,4914.609642
-122.381619,46,4914.838745
-36.143256,38,4915.03806
-227.11015,76,4915.40002
25.91142,30,4915.537078
16.334243,31,4915.686961
-46.872733,25,4915.809554
-66.313988,27,4915.934129
-153.747356,57,4916.184572
-143.89203,40,4916.385186
-264.640381,92,4916.76854
-146.443782,23,4923.943027
-161.892314,39,4924.185958
-407.379925,90,4924.579965
15.300455,32,4924.723175
-64.846021,26,4924.832797
16.838759,30,4924.96106
-43.077961,23,4925.068876
-0.264896,35,4925.223876
-219.469122,49,4925.440339
-155.803854,37,4925.594839
-283.941633,47,4925.804708
-43.861565,25,4925.985644
-130.886767,22,4926.084861
-509.737313,101,4926.52679
-52.132566,37,4926.680416
-26.960948,21,4926.772729
183.233848,20,4926.854214
-126.661996,35,4927.125202
-171.466939,28,4927.244769
-57.367357,37,4927.397678
-530.553057,101,4927.834936
-27.180115,20,4927.920686
-392.585851,68,4928.224682
-25.903581,22,4928.316105
-241.175463,37,4928.469428
-407.684583,57,4928.711671
-95.07627,46,4928.899866
-28.370228,21,4928.992221
-167.510195,41,4929.160578
-136.536993,37,4929.317571
-145.812578,37,4929.47339
-262.817983,37,4929.623381
-155.976721,37,4929.782015
-148.593499,24,4929.883755
-37.288489,24,4929.987276
-169.704388,43,4930.179707
-140.102206,22,4930.28161
-253.995772,37,4930.448958
-233.209485,37,4930.610049
211.50612,20,4930.694602
-180.70277,29,4930.815675
251.982059,28,4930.938758
-136.086667,37,4931.094426
-294.167183,44,4931.277652
-40.841721,35,4931.441602
22.096238,31,4931.572525
415.35273,29,4931.693501
-133.946279,38,4931.85437
-22.89566,21,4931.941082
-172.367833,43,4932.127678
-120.008448,19,4932.213385
358.441176,80,4932.627161
-125.857109,19,4932.737893
-252.014433,37,4932.992434
-239.720461,37,4933.309992
-239.876586,38,4942.024942
-231.620374,39,4942.260869
-243.810122,36,4942.420948
-261.70574,37,4942.58888
-276.289365,101,4943.038869
-27.669724,22,4943.140282
-3.38966,34,4943.305781
-64.608601,38,4943.472271
-73.319701,45,4943.667914
-132.481277,42,4943.843457
-22.038664,20,4943.926963
-128.398668,20,4944.017477
-88.499979,31,4944.150646
-245.295908,37,4944.31004
-59.250837,26,4944.422666
-10.685914,34,4944.569142
-29.398953,20,4944.649574
-102.914467,36,4944.805893
53.036628,57,4945.060093
79.660648,20,4945.150295
-164.930642,26,4945.263503
-123.673976,21,4945.357341
-75.398974,30,4945.492241
-474.405171,70,4945.793379
-88.832735,30,4945.915402
-137.614143,22,4946.009684
-145.920486,37,4946.174736
-41.591059,24,4946.286609
-257.09067,37,4946.445031
-207.001895,40,4946.616176
-21.204851,20,4946.706968
-70.285386,29,4946.82974
-126.982187,19,4946.907371
68.321262,21,4946.995042
-171.051832,28,4947.111109
-113.925208,18,4947.183003
-29.396149,21,4947.270281
-27.698978,21,4947.365
-242.117761,36,4947.523612
-23.484097,19,4947.598102
-179.908001,27,4947.715878
-216.041337,31,4947.847452
104.112192,27,4947.967792
-147.525451,37,4948.128566
-16.031036,19,4948.211184
-45.681971,25,4948.319845
36.405671,27,4948.436297
-130.179542,20,4948.517123
-253.343769,41,4948.687956
-238.75129,37,4948.84616
-125.781918,36,4949.007629
-31.332894,20,4949.095256
-195.545531,45,4949.290164
-12.446237,18,4949.457975
-36.339933,23,4949.58041
-240.454721,37,4949.980267
-128.50253,23,4950.079858
48.065945,25,4950.188071
-76.104924,30,4950.319656
-88.165695,43,4950.509543
50.399532,26,4950.617687
-257.46268,37,4950.801922
-32.80697,21,4950.892131
-55.431689,50,4951.105406
-111.270923,18,4951.195002
-223.163512,34,4963.344787
66.635655,22,4963.488313
-369.602101,67,4963.792826
-71.706239,42,4964.013219
-276.683467,37,4964.172354
-129.472682,20,4964.264588
-63.930249,26,4964.378956
-15.678169,19,4964.456532
-274.169765,41,4964.625929
-188.344058,27,4964.737947
-64.8556,39,4964.91326
-542.861885,101,4965.355104
-425.089213,68,4966.138148
-69.230962,29,4966.27354
-137.956667,21,4966.367725
-261.922346,42,4966.544564
-141.697127,23,4966.646183
-237.870033,34,4966.794062
-129.327311,22,4966.888088
-253.953966,37,4967.038893
-230.540395,34,4967.1888
-258.700468,37,4967.346714
-145.107883,24,4967.454846
-304.262777,45,4967.659575
-56.899355,27,4967.774498
-167.928881,42,4967.957502
-160.547943,37,4968.126925
-324.451093,51,4968.345043
-34.690054,21,4968.44557
-155.187721,24,4968.559574
3.986342,54,4968.780427
-148.780955,39,4968.945338
-53.221009,27,4969.056306
-322.483334,44,4969.241921
-418.167707,101,4969.69308
-32.510437,23,4969.784792
-198.505088,51,4970.002022
-26.230962,20,4970.098998
-176.078784,78,4970.447397
-247.000695,37,4970.600876
-121.359896,58,4970.865404
65.03056,21,4970.954804
2.567262,34,4971.104014
-248.529555,37,4971.251549
73.446803,37,4971.403026
-345.594685,45,4971.604893
-17.232586,19,4971.683671
-250.855908,37,4971.840306
40.193588,27,4971.95626
-108.188958,33,4972.091573
-164.835647,44,4972.281972
32.855209,27,4972.398266
-184.583244,49,4972.606364
-214.984679,35,4979.062443
-0.636412,34,4979.267983
-83.194819,44,4979.469673
-253.139063,37,4979.625177
-76.66773,42,4979.805406
-156.300859,39,4979.971772
-344.080645,101,4980.41239
-29.36788,20,4980.503857
-25.141444,20,4980.588616
-24.875553,20,4980.675911
-161.037092,42,4980.854244
-203.553418,34,4980.999443
-123.959648,20,4981.084839
-49.693506,24,4981.187039
-48.522937,24,4981.290651
-56.556548,72,4981.591781
66.745389,55,4981.823804
-33.097956,23,4981.927178
-108.584344,35,4982.081722
-25.36654,20,4982.170451
-28.491767,20,4982.258914
45.065349,26,4982.39176
-132.385332,20,4982.922845
-183.84383,31,4983.066954
-136.810496,22,4983.158148
-122.497368,20,4983.245123
-239.9475,37,4983.405927
57.404797,22,4983.504853
-27.288925,20,4983.598508
-83.469318,73,4983.917213
-129.510922,34,4984.070093
-74.079169,28,4984.202753
-96.703247,31,4984.339405
-238.103023,35,4984.496255
-212.73577,57,4984.762642
70.289096,21,4984.853426
-244.114153,37,4985.013496
-134.162423,20,4985.104066
-87.006044,46,4985.301713
-147.127701,25,4985.413238
36.057999,28,4985.540068
-212.99951,33,4985.690335
-171.094183,53,4985.914947
-272.878223,41,4986.102426
-54.495536,27,4986.21905
-149.988645,24,4986.31981
-101.564479,43,4986.509837
-25.718888,20,4986.590152
-132.372574,20,4986.676228
-170.585154,26,4986.787356
-136.570491,36,4986.946346
-39.571412,23,4987.051943
-191.00624,33,4987.187295
87.229889,32,4987.321413
172.200607,20,4987.409019
-109.828894,34,4987.546424
-40.596192,23,4987.641295
191.566371,21,4987.730685
-121.185705,35,4987.88291
-180.501473,41,4988.057884
43.791701,29,4988.204638
162.152315,27,4988.368669
-30.898527,23,4988.511761
-250.180952,37,4996.260578
-506.006326,101,4996.758045
-148.984894,24,4996.856736
-201.048586,32,4997.008046
-262.38021,37,4997.220674
-24.254441,20,4997.320431
-29.272088,20,4997.401055
-19.943037,20,4997.48104
-137.863223,23,4997.579371
-118.26411,18,4997.655632
-680.185741,101,4998.092322
-33.317242,23,4998.188534
-87.61457,30,4998.315428
-31.302056,21,4998.403132
-243.254825,36,4998.564532
-240.830252,37,4998.724853
-41.22712,22,4998.822694
-168.869391,41,4998.99338
-469.318595,77,4999.324414
-298.117437,48,4999.522033
-256.748346,37,4999.67724
-22.186429,19,4999.76144
-381.22743,55,4999.997754
-242.124868,37,5000.163306
170.056537,21,5000.250598
-402.637744,63,5000.523442
-22.975397,21,5000.615563
-130.208571,20,5000.701865
-304.114475,49,5001.210465
-166.010102,28,5001.376979
-70.739453,29,5001.504732
-432.74417,101,5001.939353
-240.14789,37,5002.096283
-58.311331,27,5002.219094
-208.984335,48,5002.448696
-309.016184,60,5002.719127
-19.353087,20,5002.802821
192.251011,19,5002.886986
-140.006636,37,5003.04877
-63.196377,28,5003.169493
-654.376641,101,5003.628585
-125.52573,21,5003.722563
-412.380714,78,5004.083485
-20.789121,20,5004.176777
-5.03723,48,5004.421706
121.84592,44,5004.611675
179.962824,21,5004.714083
-191.209206,44,5005.01817
-29.912429,20,5005.1
13.183914,30,5005.228971
-128.845183,20,5005.31579
-130.339291,20,5005.405052
-39.554626,24,5005.510799
3.984287,51,5005.723954
-187.619458,45,5015.637262
-169.592716,27,5015.86485
-242.90361,37,5016.163578
17.335672,31,5016.36119
-115.125457,35,5016.531083
-139.069879,37,5016.69946
61.518123,23,5016.800777
-233.719713,37,5016.970486
-293.517297,54,5017.202687
-106.046055,32,5017.336094
-133.865399,36,5017.503979
-46.103357,24,5017.615467
51.870306,25,5017.73217
-141.05407,37,5017.891513
-20.140203,33,5018.03726
-22.449653,20,5018.122072
-130.524906,41,5018.751026
-22.609121,20,5018.87542
-37.957025,23,5018.985475
-64.673572,26,5019.098193
-121.100099,21,5019.191175
-239.382669,37,5019.361495
-172.640943,26,5019.468621
-265.55049,37,5019.619886
-21.753157,51,5019.853336
-83.549722,33,5020.017304
-37.628205,57,5020.292274
-247.08183,37,5020.453796
-159.491032,27,5020.574647
-156.564693,27,5020.68943
-241.928358,37,5020.852064
-94.607443,32,5020.998549
-157.161726,37,5021.156474
-26.179438,20,5021.239748
-240.323,37,5021.405118
-121.272402,21,5021.492509
139.308659,30,5021.618514
64.625066,23,5021.722459
-245.737357,38,5021.891501
-128.735083,35,5022.04188
-162.356409,37,5022.202989
-44.853406,25,5022.310838
-248.022084,37,5022.467747
-174.07319,45,5022.665049
-30.974898,21,5022.752819
-24.716723,20,5022.842047
-25.82157,20,5022.932452
-202.739847,30,5023.057976
149.347204,25,5023.16315
-184.455658,43,5023.347059
60.14047,54,5023.577934
220.981065,29,5023.703844
-64.760291,41,5023.896821
-149.721817,26,5024.008329
32.622897,28,5024.127655
-228.815681,33,5024.271681
246.38298,24,5024.377619
-55.983755,28,5024.497816
-17.533409,20,5024.590565
-83.919605,33,5024.731131
-28.354162,21,5024.818848
-26.899568,20,5024.902807
-246.141434,37,5025.057686
-26.536129,21,5025.147406
34.792381,27,5025.264508
-131.332889,20,5031.943182
-30.752474,21,5032.07256
-122.683156,36,5032.246038
6.692233,32,5032.393324
164.626845,22,5032.485868
-154.776217,37,5032.65523
-123.725934,35,5032.808786
-84.187828,42,5032.994962
-1.482687,33,5033.136923
-108.962944,18,5033.213355
-154.261452,40,5033.392638
28.898889,29,5033.516991
50.503561,26,5033.629224
61.549231,22,5033.720423
-20.601392,20,5033.80025
-390.50264,61,5034.056943
-119.774508,19,5034.136543
-28.372268,21,5034.226469
-113.292779,34,5034.374397
-115.281844,35,5034.515365
-84.779434,32,5034.645303
-258.949136,37,5034.797781
26.613347,27,5034.90804
-163.094012,46,5035.096489
-18.337583,20,5035.185529
-125.230882,19,5035.255502
-115.727307,51,5035.578867
-24.302993,20,5036.004699
-134.845741,22,5036.263906
-122.666991,19,5036.343283
-147.617107,23,5036.457831
-18.827079,20,5036.544628
-392.260176,101,5037.002166
-195.483194,42,5037.1821
-84.686331,28,5037.309183
41.712185,26,5037.42741
180.5042,21,5037.519743
-153.099732,37,5037.683713
-89.211307,32,5037.823129
-146.689418,37,5037.976452
-243.996728,37,5038.146069
-187.011992,47,5038.344304
-22.519519,20,5038.427349
-223.279825,47,5038.627549
54.668468,24,5038.733227
-145.522055,24,5038.843764
-161.113539,26,5038.969722
-246.805957,37,5039.130063
-381.457812,72,5039.453578
-239.311592,37,5039.61484
-301.322787,44,5039.811034
-36.061639,21,5039.902284
71.678084,22,5039.994269
-252.914978,37,5040.152555
-45.82773,24,5040.253289
-15.931694,19,5040.330561
-139.222605,37,5040.540763
-21.834283,20,5040.647683
-659.135614,88,5041.016365
-258.06014,38,5041.182848
-130.645508,21,5041.280507
-66.940681,28,5041.409239
-255.402643,37,5050.566606
-55.406972,28,5050.717227
-68.127934,27,5050.827931
135.294659,26,5050.935764
-25.110345,20,5051.019461
216.473124,47,5051.216259
-108.699859,53,5051.447208
-152.126851,37,5051.605581
-218.293339,59,5051.84869
-128.103175,21,5051.936141
179.700726,21,5052.028608
-35.384654,22,5052.126323
-492.400435,81,5052.461606
131.461657,27,5052.661345
-150.144061,64,5053.208714
-260.724941,37,5053.371263
-159.522456,25,5053.4808
-131.389443,20,5053.569191
-247.584583,37,5053.722779
-20.632001,20,5053.806697
-44.100658,24,5053.906411
-314.242695,49,5054.131899
-233.70117,38,5054.291734
67.525934,23,5054.384698
-139.940884,38,5054.539865
-253.274674,37,5054.694656
-77.943068,30,5054.828364
-144.730652,24,5054.929884
-107.982713,48,5055.134212
-119.514313,18,5055.206598
-270.122639,52,5055.432955
-34.331053,35,5055.590626
-143.651823,37,5055.762844
-204.375274,31,5055.887344
-206.600231,45,5056.085619
-116.493333,20,5056.174838
-397.704264,56,5056.495894
-41.099853,23,5056.594868
-32.316455,21,5056.683194
-35.820707,22,5056.774144
-132.514506,20,5056.855857
-447.325827,101,5057.276962
-229.807365,54,5057.496036
-212.484043,39,5057.653648
-132.857328,20,5057.736581
-300.186444,45,5057.931176
59.853011,23,5058.027014
-39.594584,25,5058.132723
-28.510569,21,5058.218653
-121.178156,20,5058.304415
50.365789,25,5058.412152
-157.336509,26,5058.519974
-54.146316,39,5058.685854
-301.675137,47,5058.898479
-50.712945,25,5059.008037
-78.784697,32,5059.169904
-154.906036,50,5059.486862
-205.962065,36,5059.635427
71.919221,39,5069.334497
-80.33702,32,5069.703253
-128.683,20,5069.930398
-115.283476,33,5070.275781
-722.266687,101,5071.47132
-152.014009,25,5071.584373
-142.774084,36,5071.740115
-187.502337,43,5071.931076
-222.810571,48,5072.131972
-29.699898,20,5072.219711
-257.381279,39,5072.389601
-263.454085,37,5072.553386
-356.356452,52,5072.776263
-148.915707,38,5072.953264
-28.367906,21,5073.044159
-55.664368,40,5073.219661
-162.314952,40,5073.401338
-127.63747,19,5073.48418
-118.901334,18,5073.56594
-24.668745,19,5073.659743
-287.711847,40,5073.829236
-270.486193,40,5074.007987
-23.109683,19,5074.089721
-49.181657,24,5074.190593
-43.228606,23,5074.41415
-179.096212,31,5074.597822
-123.688967,20,5074.698907
-171.223591,27,5074.828916
-38.516707,22,5074.925732
47.09557,25,5075.032594
-55.635122,40,5075.192985
10.928857,31,5075.328884
-122.776689,20,5075.417745
-278.704721,46,5075.627534
35.021471,27,5075.74416
-28.057072,20,5075.829898
-237.895804,37,5075.987798
-711.169759,101,5076.403908
-298.793959,57,5076.651105
-160.179469,41,5076.826342
-280.149251,43,5077.013608
126.350325,30,5077.152368
-195.268149,32,5077.29823
-118.986677,38,5077.463674
-17.826062,20,5077.552268
45.991774,27,5077.677012
-151.419815,24,5077.78111
-142.853053,37,5077.942478
-133.424675,20,5078.026274
-19.686095,20,5078.109031
-260.871662,41,5078.285759
-23.975869,19,5078.368457
-158.709533,25,5078.472671
-190.352343,42,5078.645566
-239.661007,54,5078.877978
-31.830943,21,5078.965068
-126.109363,40,5079.14438
-136.331118,37,5079.309078
-133.004505,37,5079.461597
-169.785596,41,5079.642532
-76.457682,28,5086.024748
-192.531972,60,5086.347184
-126.026593,19,5086.42897
-7.283764,50,5086.64397
170.381233,31,5086.776807
25.364816,30,5086.912109
-152.2092,37,5087.069836
-123.975836,19,5087.14972
-47.360172,25,5087.25465
-80.926686,31,5087.386551
64.020389,24,5087.490985
74.835182,20,5087.577672
-132.391483,23,5087.672548
-187.205035,32,5087.807171
-116.791417,19,5087.89217
-56.64735,26,5088.343792
-28.47268,21,5088.461874
17.706835,31,5088.596524
-161.417657,26,5088.708197
-371.375766,101,5089.130525
-259.215597,39,5089.29821
-13.841376,19,5089.379443
-25.122521,19,5089.470042
70.050836,21,5089.569095
52.407908,39,5089.747712
-251.272467,37,5089.906533
-3.053553,36,5090.056436
-381.273891,56,5090.299468
-145.659479,37,5090.466565
48.575178,27,5090.581425
162.565691,25,5090.783657
-24.270211,21,5090.873488
-146.992726,24,5090.98189
-69.748765,29,5091.105296
-132.27015,20,5091.188848
-244.293116,36,5091.33569
177.036447,21,5091.430564
-190.899232,71,5091.740211
-139.517732,37,5091.909435
184.570984,20,5091.996883
-124.380162,19,5092.075775
-161.913867,37,5092.238847
-194.72078,29,5092.367301
-52.053075,24,5092.476962
-44.811144,23,5092.605597
64.927362,43,5092.824956
-256.260881,40,5093.000903
-32.578966,21,5093.090244
-27.147076,20,5093.180113
-210.760727,51,5093.400613
-67.632433,27,5093.518592
-73.312344,27,5093.631598
-119.233393,43,5093.816574
-145.342996,37,5093.968405
-262.811817,37,5094.136508
-141.285542,37,5094.324522
-245.307582,37,5094.509066
-110.20682,33,5094.660442
-121.591344,18,5094.7421
-138.130713,21,5094.82938
-146.654771,26,5094.941775
-138.399896,36,5095.095912
-25.657743,20,5095.180099
-601.333722,101,5103.241217
-73.798191,28,5103.4165
-314.52494,61,5103.688794
-110.376977,34,5103.837202
-140.644805,24,5103.938061
-101.062832,33,5104.079989
-27.635992,21,5104.168552
-255.901715,37,5104.323693
77.505078,20,5104.409024
165.905568,22,5104.51984
-27.07111,20,5104.6078
-59.899063,25,5104.715383
-66.15801,28,5104.831331
-18.074601,19,5104.910687
-241.196896,37,5105.063351
-243.371673,37,5105.219841
-29.140584,20,5105.302923
-247.331449,37,5105.465446
-0.124095,36,5105.662129
-25.873853,21,5106.030474
170.159165,23,5106.174476
-256.561564,37,5106.341483
-193.01527,45,5106.537301
-122.040209,22,5106.644479
-164.616177,28,5106.761326
-239.267741,37,5106.930234
-126.732376,19,5107.013001
-142.741454,44,5107.205546
-248.453173,37,5107.364834
-291.990413,71,5107.671376
-140.386728,37,5107.832071
-193.434444,29,5107.955562
-246.995567,37,5108.11216
-203.775468,35,5108.259254
-55.985552,26,5108.372433
-44.697653,25,5108.479734
-31.562408,22,5108.574597
-55.974645,26,5108.685578
-51.343359,26,5108.797914
-129.949222,21,5108.889587
-133.364488,22,5108.986603
-50.82845,25,5109.09486
-43.476709,23,5109.195986
-155.00262,40,5109.371009
21.870961,27,5109.48964
-130.451509,20,5109.573069
-56.003252,24,5109.678871
-46.534478,26,5109.791839
-36.876628,23,5109.891866
-227.843534,38,5110.053319
-238.531472,37,5110.210805
-125.937728,36,5110.370141
-42.614724,24,5110.477349
-158.012317,37,5110.633541
198.049989,20,5110.720641
-123.117919,51,5110.939553
-28.427505,21,5111.030842
-43.118837,37,5111.185083
20.440535,28,5111.301206
-150.244716,38,5111.470442
-63.386905,28,5111.594074
-258.725594,37,5111.751469
40.449083,26,5111.863953
-250.061046,37,5112.02395
-321.252548,48,5112.227816
-125.573589,19,5112.304926
-243.599739,37,5119.366107
-419.926371,68,5119.659042
-58.78352,41,5119.837283
-151.488916,36,5119.986685
-111.741543,50,5120.196302
-35.397039,24,5120.296186
-147.968331,38,5120.456765
3.645097,32,5120.597497
-69.803378,29,5120.717158
-0.042248,33,5120.852166
-106.718102,35,5120.996362
-118.175505,19,5121.076346
-49.806255,24,5121.174577
-133.163526,20,5121.254606
-95.251721,30,5121.382745
-76.96576,30,5121.510406
-219.85209,37,5121.67092
72.546361,20,5121.754711
-49.659505,26,5121.866368
-160.13278,39,5122.031763
-131.350527,21,5122.123627
-156.948613,53,5122.362436
-19.407031,20,5122.446166
-120.642488,18,5122.520915
-63.874851,26,5122.637303
-11.322968,34,5122.780629
-141.144081,22,5122.877626
12.148236,30,5123.007415
-24.546651,20,5123.090182
-44.243002,24,5123.193612
56.179293,22,5123.287913
-80.982512,29,5123.410024
-135.91616,37,5123.568015
-92.08866,33,5123.909129
-125.83503,22,5124.116207
1.884595,32,5124.273072
-155.158895,40,5124.444864
-32.752295,21,5124.533828
-142.084052,40,5124.710707
-142.139225,24,5124.844746
-53.531162,25,5124.978292
-183.762279,47,5125.217956
-185.812875,31,5125.397674
-141.764709,24,5125.542988
-27.867765,22,5125.681325
-31.968289,21,5125.83583
-23.67857,19,5126.029454
-121.449863,18,5126.180187
-23.971228,19,5126.388104
-27.841972,20,5126.60546
22.271009,29,5126.814984
-126.868226,20,5126.969092
-168.540205,40,5127.237028
-43.606911,22,5127.408886
70.024855,21,5127.565187
166.412504,23,5127.725649
-158.156626,37,5127.974177
10.713178,32,5128.209797
-188.696158,44,5128.495877
-262.051215,37,5128.672032
-28.897872,21,5128.762293
-223.423193,35,5128.918487
-21.630663,20,5129.009
93.728065,96,5129.423099
-533.070213,101,5129.873376
-157.534401,37,5136.341453
-31.284564,23,5136.472641
-32.277589,20,5136.56146
-238.557029,37,5136.715601
-139.669134,37,5136.868054
-222.913683,34,5137.012648
72.225687,20,5137.096733
-29.679535,24,5137.198117
-73.034775,28,5137.313765
-124.180844,19,5137.391754
-621.104715,101,5137.833223
47.10325,25,5137.941422
-268.006307,41,5138.115914
-42.684063,22,5138.209685
-109.822377,33,5138.352528
247.62526,24,5138.457337
68.750384,21,5138.542657
-223.006207,33,5138.687632
-21.875997,19,5138.764322
-298.891828,68,5139.053228
4.579155,43,5139.226412
-166.360425,42,5139.399001
-32.110654,22,5139.494404
-133.63238,21,5139.586961
-24.810186,21,5139.685178
45.781986,40,5139.865032
-19.750862,20,5139.9561
100.594853,34,5140.09995
45.571966,26,5140.20876
-127.61537,19,5140.290772
-15.342102,19,5140.693463
-131.850738,36,5140.925597
-29.64142,20,5141.015655
-37.45177,23,5141.113259
-263.157038,41,5141.287928
-122.093688,37,5141.541215
-125.854823,36,5141.705193
-631.144898,101,5142.168707
-28.498627,54,5142.40445
-101.630817,32,5142.555302
25.043388,30,5142.684404
-462.196676,86,5143.053744
-73.706657,28,5143.177485
-39.187245,23,5143.274512
-128.147702,20,5143.358663
-131.454344,21,5143.444365
-238.713393,37,5143.600937
-247.424083,37,5143.762675
-268.874349,95,5144.170879
-33.984289,22,5144.256488
-252.045675,37,5144.41985
-243.772999,55,5144.662893
-149.004367,39,5144.95618
-140.119674,22,5145.060124
73.292121,20,5145.143145
-192.039421,43,5145.324721
-203.767167,34,5145.469537
-35.134346,37,5145.633975
-127.821677,35,5153.687157
-140.232757,37,5153.900256
-118.973495,18,5153.980773
-22.027853,20,5154.065484
-22.556555,19,5154.147361
-140.446641,50,5154.358544
-187.074971,29,5154.485625
-244.009595,37,5154.65272
-221.575729,35,5154.802826
68.127116,21,5154.896241
-43.744117,22,5154.997129
-28.083092,20,5155.09053
-175.6375,42,5155.280506
-48.624454,25,5155.383996
-74.274794,28,5155.508584
-170.844338,43,5155.693754
-11.224098,19,5155.768949
-128.016774,19,5155.847151
-56.484625,25,5155.954352
-41.724173,22,5156.045105
-229.088972,57,5156.284472
-21.651668,19,5156.363632
-112.273879,34,5156.514515
-121.606321,34,5156.655097
-99.789996,30,5156.784244
71.882311,22,5156.878282
-92.794595,31,5157.004921
272.400015,23,5157.106466
-201.251518,31,5157.241934
-289.374607,51,5157.459008
39.838785,27,5157.577516
-58.101542,26,5157.968287
-132.048209,22,5158.149592
-8.506946,18,5158.241343
-120.000388,34,5158.382608
47.509526,25,5158.48926
-250.584585,37,5158.657382
-163.542998,40,5158.827322
-19.053845,34,5158.971563
63.466807,22,5159.066289
-26.469452,20,5159.157702
-42.995684,37,5159.326417
-135.955806,37,5159.484984
-46.181597,25,5159.593606
-119.624901,34,5159.7412
-31.616475,22,5159.836119
-127.14613,35,5159.989546
-149.522384,24,5160.096852
54.471347,23,5160.194345
-6.941604,18,5160.27458
-130.140736,20,5160.362077
143.265748,24,5160.46742
-242.159628,48,5160.676123
-215.305039,34,5160.823894
-342.338833,65,5161.103137
-64.193486,39,5161.273142
58.640944,22,5161.366187
-51.451069,23,5161.462265
-25.948155,21,5161.553785
-215.293343,33,5161.691766
-47.810501,26,5161.798009
-27.984262,21,5161.885531
48.839311,25,5161.991255
-131.541653,22,5162.087153
-123.740534,19,5162.166574
94.25755,38,5162.32713
-165.09774,41,5162.513151
-157.912976,37,5162.671651
96.262103,51,5162.893788
61.588894,23,5169.301134
-46.242818,25,5169.446255
-428.292881,69,5169.888549
-54.557359,26,5170.013836
-90.507374,31,5170.145813
72.259808,20,5170.228577
-43.812119,24,5170.328397
-235.634047,37,5170.489691
-39.581144,23,5170.587919
-284.09629,43,5170.776223
-28.935437,21,5170.861925
-171.570998,43,5171.04951
-26.074904,21,5171.140222
-45.996023,25,5171.248746
-158.524529,37,5171.398764
-153.690704,37,5171.556138
-325.267684,64,5171.819845
-535.909559,84,5172.177351
167.684464,23,5172.273611
22.011488,31,5172.409135
-313.025014,95,5172.811976
-247.135679,37,5172.966563
173.472599,22,5173.06019
-52.049571,24,5173.167184
-23.91068,19,5173.253298
-326.808401,49,5173.462266
-132.944024,21,5173.553017
-250.796965,37,5173.706516
-58.645823,26,5173.820595
-78.411393,29,5173.941148
-58.266073,24,5174.042496
-240.206951,37,5174.201102
-26.074435,21,5174.2877
-114.52363,19,5174.36663
-44.299592,22,5174.461065
71.844123,20,5174.546791
-246.822296,46,5174.740344
-182.458815,34,5174.880253
-47.976622,24,5174.992615
-242.990061,37,5175.499914
-168.9803,40,5175.831944
-135.367607,23,5175.974787
-77.087434,26,5176.220645
-136.278846,24,5176.430679
-32.283373,21,5176.592471
-155.253164,37,5176.859108
-28.021835,21,5177.028514
-66.878908,27,5177.235966
-257.976517,37,5177.638843
-174.050632,28,5177.835384
-143.877312,36,5178.034562
-11.798717,33,5178.184327
-31.92834,21,5178.278174
-243.691458,37,5178.437336
-140.036008,38,5178.599718
-517.650722,80,5178.944195
-137.217465,37,5179.118323
-239.554284,37,5179.279039
126.092374,33,5179.42485
-15.488155,19,5179.507703
-113.899552,35,5179.664927
-96.705537,32,5186.121261
-143.130572,25,5186.257137
-24.177774,19,5186.34373
-24.890158,21,5186.429446
-61.899009,27,5186.546024
-26.004716,20,5186.634487
-157.150353,37,5186.796561
-158.459856,36,5186.949091
-134.67834,20,5187.028475
-26.724155,21,5187.118597
-240.109076,47,5187.319285
-234.519187,37,5187.483961
-691.140972,99,5187.916861
-212.351508,33,5188.055574
-26.168276,20,5188.145647
-231.942454,36,5188.301474
100.662984,40,5188.478492
-66.370226,25,5188.584385
-282.124144,42,5188.767777
-123.840183,20,5188.85154
-29.185512,21,5188.939339
-165.030938,37,5189.103118
-65.964823,82,5189.442273
-294.660813,63,5189.723985
52.374119,23,5189.819663
-50.259003,25,5189.923973
-146.496335,37,5190.083263
-28.33833,36,5190.238004
41.210168,26,5190.345604
-239.501251,37,5190.506525
-177.665028,27,5190.62731
-162.838027,27,5190.742447
-40.121579,22,5190.833278
-10.886731,19,5190.913238
-129.567673,19,5190.995078
68.80268,21,5191.082582
-141.615569,25,5191.389379
-181.473747,29,5191.973713
-183.609581,28,5192.215821
-75.670716,42,5192.444226
76.948193,20,5192.542539
-22.538753,19,5193.084558
-47.404894,25,5193.29367
-239.325185,37,5193.498115
-17.895515,20,5193.597808
-246.714172,37,5193.789954
80.389035,35,5193.978776
-224.661154,54,5194.34128
99.97724,32,5194.670913
-242.260217,37,5194.933525
-177.767817,28,5195.05347
-65.712486,28,5195.18866
-186.676151,29,5195.313533
56.079406,23,5195.419327
-105.516141,37,5195.59455
-162.505954,28,5195.708837
-139.333703,37,5195.869117
-636.668444,101,5196.389777
13.862116,32,5196.552526
-223.365142,47,5196.804974
-30.201067,20,5196.929055
-137.006608,21,5197.306271
-23.955789,19,5205.791282
268.614244,21,5205.922422
-39.381147,23,5206.048101
20.130665,29,5206.17585
-262.472767,37,5206.338609
82.76976,55,5206.575942
-26.961008,20,5206.666163
-338.551933,64,5206.938984
-22.589621,19,5207.018388
-126.775073,19,5207.10252
55.376917,23,5207.198458
-28.343669,21,5207.285212
-182.105301,30,5207.419713
136.554749,39,5207.58573
-159.208285,26,5207.694955
-76.922447,44,5207.888964
-20.289204,20,5207.971883
189.74611,53,5208.200625
-132.015237,36,5208.35185
-245.742957,37,5208.504629
-126.717803,36,5208.670251
49.817275,69,5209.019454
-494.417872,98,5209.456686
57.365495,23,5209.562032
51.912143,23,5209.655631
-30.956926,20,5209.741373
-142.831956,37,5209.902677
-257.204251,37,5210.379245
-44.863611,38,5210.557274
-130.722551,20,5210.646343
-31.963767,21,5210.743348
-57.25675,26,5210.856653
-136.207565,24,5210.963746
43.336699,26,5211.081147
-108.848477,34,5211.230391
54.737642,24,5211.329432
-26.880059,20,5211.416748
95.100806,31,5211.553015
-246.059492,51,5211.778247
64.552012,22,5211.874337
60.835762,23,5211.977121
63.254567,23,5212.070865
-34.020553,22,5212.163436
62.525779,23,5212.26232
40.273456,27,5212.380713
-221.95419,35,5212.534438
-206.384128,32,5212.744382
61.930381,23,5212.853312
28.350102,26,5212.973207
-308.02472,57,5213.210269
-26.8482,20,5213.298163
-494.252114,74,5213.618295
-129.854749,21,5213.711073
74.677731,21,5213.800031
-66.129888,29,5213.930554
-53.702898,39,5214.105077
-128.38394,19,5214.185015
-187.182394,29,5214.31043
-80.594076,29,5214.442785
-39.672042,22,5214.533561
-28.281049,21,5214.623165
-140.61652,37,5214.807896
-137.733483,37,5214.992976
-25.405195,20,5215.094143
243.56155,26,5215.224931
-119.696077,21,5222.122728
-227.012573,33,5222.315066
-229.555393,35,5222.463884
-131.068909,21,5222.550721
-209.559951,33,5222.694935
-241.307047,37,5222.852319
-561.004281,101,5223.422996
-46.832654,24,5223.526876
78.757741,20,5223.608704
48.793087,25,5223.721285
-241.901686,37,5223.891027
-159.455894,37,5224.045028
-60.711294,27,5224.168384
-139.501101,37,5224.321095
-127.825803,19,5224.402389
73.265606,20,5224.501225
-124.559614,35,5224.652503
54.58906,24,5224.753507
74.214554,20,5224.839795
-267.866,40,5225.008382
24.832638,29,5225.1334
-242.21681,37,5225.281117
-150.531544,38,5225.442181
-242.490102,37,5225.614878
-389.139156,101,5226.040666
34.577135,28,5226.172496
-161.145195,52,5226.399899
-246.882079,37,5226.554974
-38.346879,23,5226.653655
-205.538565,31,5226.786881
-69.71005,27,5226.899749
-265.311774,40,5227.080985
-127.397589,19,5227.167088
-223.203641,35,5227.351285
-22.875391,20,5228.239879
-133.099798,38,5228.468373
-36.011076,37,5228.708852
-107.73449,49,5229.075577
-125.125935,19,5229.320052
-15.616625,19,5229.499733
-26.426969,20,5229.695739
-266.470091,37,5230.058465
-180.498202,28,5230.276949
-239.69645,37,5230.74382
72.766465,20,5231.109802
74.520274,20,5231.32254
-25.755318,20,5231.472243
74.171677,20,5231.581004
-263.82264,37,5231.784482
-195.456566,31,5231.942418
-302.769624,46,5232.145897
-40.51104,25,5232.259765
-341.251603,47,5232.464453
-38.664746,23,5232.561822
-71.506613,29,5232.697527
53.898658,24,5232.818562
-26.076673,20,5232.899167
-128.598913,20,5232.985085
-30.036763,21,5233.079374
-99.049443,29,5233.203414
-709.265844,101,5233.673006
74.394971,20,5233.766443
-251.740187,37,5241.155862
-251.989653,37,5241.358566
-138.228511,37,5241.518891
-54.887614,38,5241.677816
56.936173,24,5241.778297
-15.53944,20,5241.863418
-156.415708,37,5242.025353
-278.49376,41,5242.194526
-271.686376,39,5242.369371
-24.470657,20,5242.453399
-125.618451,19,5242.528402
-209.273912,33,5242.671893
-150.696176,24,5242.781921
75.562728,20,5242.866816
-27.834874,20,5242.94736
36.348954,27,5243.062045
-55.073232,27,5243.176688
-308.146199,44,5243.368768
127.72497,46,5243.556045
147.145038,27,5243.683034
-34.029939,23,5243.777357
-260.754563,40,5243.942008
-385.640375,75,5244.268581
-144.643289,41,5244.448259
-51.054555,37,5244.618236
-28.177465,20,5244.699283
-28.812329,23,5244.796744
-135.441725,35,5244.954932
-132.206377,20,5245.049696
-274.436668,46,5245.241677
183.891867,20,5245.708307
-111.535152,18,5245.879057
-20.136946,21,5245.98881
20.264623,29,5246.11614
39.355246,28,5246.240162
-131.939989,20,5246.331168
56.014022,24,5246.435042
-26.354603,21,5246.527864
-151.178292,25,5246.641199
-245.651628,37,5246.80026
-37.209787,23,5246.894571
-158.737782,39,5247.055691
-113.817384,40,5247.32771
-38.14133,24,5247.429336
-141.956783,37,5247.57608
265.527693,22,5247.66918
-208.431497,51,5247.888193
50.61431,25,5248.005536
-118.656917,18,5248.087237
54.05317,25,5248.203214
-126.479282,19,5248.281924
-183.501331,42,5248.460167
-124.919616,22,5248.552655
-133.123223,36,5248.709684
71.870967,21,5248.794867
120.297842,31,5248.925719
-57.499031,41,5249.105612
-27.121938,20,5249.194783
-266.224377,40,5249.361537
-16.376368,19,5249.442284
63.739162,23,5249.54233
74.444256,20,5249.631968
-142.892625,22,5249.72919
65.732511,23,5249.827314
-90.258195,30,5249.948595
-62.087293,27,5250.06627
-47.833092,26,5250.17675
-21.621807,19,5250.261344
-137.064852,21,5250.348108
-86.434255,42,5250.543837
-280.119961,42,5259.248296
-17.535245,19,5259.336465
-142.677203,38,5259.499204
-91.933438,31,5259.645756
-127.642853,19,5259.727099
-49.651573,25,5259.83535
-421.500753,61,5260.099022
-148.04013,24,5260.295671
74.145882,20,5260.789718
-127.772359,19,5260.883129
-20.232514,20,5260.977859
62.779632,23,5261.075629
-122.339514,35,5261.226372
53.706175,24,5261.329653
-143.47311,25,5261.443044
-66.23053,30,5261.573925
-156.015347,24,5261.676727
-33.123344,21,5261.760954
5.644818,32,5261.90164
-23.83306,20,5261.9891
177.420451,21,5262.07959
28.33025,48,5262.281936
-150.400173,25,5262.388476
-318.074156,76,5262.724089
-227.477594,35,5262.876652
-38.646928,23,5262.970547
-261.311057,45,5263.16075
-13.758638,33,5263.305993
-26.383047,20,5263.387114
-176.434827,41,5263.56649
-242.783767,37,5263.723936
161.306352,23,5263.830864
-131.849021,20,5263.921964
-144.187822,23,5264.020842
-16.028286,19,5264.101761
-31.61967,21,5264.20324
-37.259129,23,5264.304705
-427.168835,62,5264.576854
-328.122523,50,5264.789571
-132.777665,20,5264.870394
-133.540175,22,5264.965722
-241.281361,36,5265.126888
-90.651784,30,5265.249749
-142.230243,37,5265.407112
-252.59016,51,5265.639241
-110.689461,19,5265.719487
-21.125462,19,5265.794469
-259.885856,40,5266.574175
-17.99401,19,5266.671515
-107.306696,30,5266.811447
-115.452261,19,5266.891687
-41.124745,23,5266.992214
-27.573348,23,5267.087329
-24.543029,19,5267.165793
-30.80748,21,5267.255774
-168.918434,26,5267.370706
-28.985382,21,5267.457694
-35.550709,21,5267.542861
-73.430495,29,5267.665177
-139.904511,37,5267.816059
-51.587519,25,5267.921634
-285.700752,48,5268.141946
-290.105373,42,5268.33498
-53.240788,23,5268.43202
-241.940074,37,5268.586019
-179.054998,28,5268.715805
74.78687,20,5268.800041
-135.350509,35,5268.951458
32.484137,62,5278.193228
-186.401993,31,5278.352185
-38.815626,23,5278.450483
-24.211749,19,5278.530609
-17.161264,33,5278.67206
-304.202111,45,5278.875901
144.316333,27,5278.989645
-445.98348,92,5279.388085
-62.924692,28,5279.633258
-27.836909,20,5279.722751
-29.253797,20,5279.818022
-259.08554,37,5279.975743
-11.385476,18,5280.050102
-20.656427,19,5280.132325
-207.974478,34,5280.2819
-90.481501,30,5280.408748
54.220384,43,5280.589611
-132.68538,20,5280.677912
47.477701,23,5280.783004
-258.181007,37,5280.941294
82.969821,41,5281.120163
-171.312113,29,5281.254139
-140.819451,37,5281.408407
-27.522317,20,5281.490242
-163.076801,40,5281.664231
5.106754,36,5281.814449
-26.610597,19,5281.900067
-139.774778,37,5282.0594
-14.790925,19,5282.140618
-28.910057,21,5282.233392
-84.387785,29,5282.360533
12.480898,31,5282.497322
-19.805283,33,5282.651793
-125.791069,20,5282.739192
-4.943228,33,5282.879683
-37.141021,23,5282.980773
-165.652458,42,5283.161769
-244.738873,40,5283.339278
-34.964731,22,5283.428692
31.606873,26,5283.538981
-86.536752,30,5283.7024
-454.332048,101,5284.247158
-479.376326,79,5286.60989
-229.055857,34,5286.969711
-162.496661,27,5287.295657
48.211482,25,5287.766181
-73.014768,28,5288.20436
-334.023161,49,5288.939357
-238.07839,37,5289.727071
-137.967729,22,5290.336499
-188.069155,46,5291.201787
-334.39578,52,5291.807447
109.957948,33,5292.043526
-20.669254,20,5292.153603
-29.257014,20,5292.266171
-166.715517,41,5292.446531
-271.94951,47,5292.775484
-185.863958,43,5293.207529
-128.033538,20,5293.370487
-284.172094,42,5294.025218
-23.277557,20,5294.198929
-32.87161,21,5302.404958
23.637607,53,5302.686999
-17.432342,19,5302.76769
-188.752029,30,5302.952275
-20.705906,19,5303.036401
76.137742,20,5303.12562
-22.251484,19,5303.214401
-132.920569,20,5303.310232
-126.027422,19,5303.403892
-266.435334,53,5304.214233
-161.984872,27,5304.349011
-125.860945,22,5304.460287
-244.033008,37,5304.628881
-130.027439,34,5304.809783
-70.963699,53,5305.056132
-119.207084,20,5305.154046
-107.632295,34,5305.297192
-131.4134,20,5305.378655
-146.930153,38,5305.54884
-89.356759,31,5305.701308
-24.005595,20,5305.788739
-63.463175,27,5305.906366
-26.463729,20,5306.000565
-34.626452,36,5306.151424
-550.391694,101,5306.592615
-159.137927,39,5306.755133
-560.764698,101,5307.189709
-203.552542,32,5307.327252
-55.563901,25,5307.461204
-38.275857,21,5307.621976
-247.320542,37,5307.802437
-126.835486,19,5307.894747
-68.104307,27,5308.016238
59.959008,22,5308.109441
-141.573385,37,5308.26087
-501.01244,101,5308.706732
-115.843948,19,5308.78467
-451.643061,67,5309.08356
-14.272105,19,5309.165067
-239.852122,53,5309.505733
-124.873755,35,5309.665928
153.864499,26,5309.781512
164.283128,25,5309.896146
-239.372468,36,5310.053625
-156.475267,27,5310.170076
-120.325242,18,5310.252497
-246.164828,37,5310.413862
-29.117582,20,5310.504216
-30.359085,21,5310.606621
-165.61196,41,5310.777656
-15.154773,19,5310.861765
-278.51506,41,5311.038486
183.66607,24,5311.140607
192.51615,37,5311.299515
-248.460526,38,5311.46552
72.343414,21,5311.56423
-134.445009,21,5311.655035
-25.123074,21,5311.745576
-128.300833,20,5311.825817
-33.517351,36,5311.976547
-84.540692,32,5312.111284
-15.997037,19,5312.190877
88.152666,40,5324.713344
-123.711788,19,5324.837481
-132.49475,22,5324.955932
-32.650361,21,5325.045049
-39.646604,22,5325.13962
-44.071855,22,5325.234839
6.887578,32,5325.380779
-31.637234,21,5325.495273
-22.032665,22,5325.609562
184.309259,27,5325.741188
-100.71985,32,5325.893336
-27.742943,21,5325.983176
-135.869193,21,5326.080983
-188.037568,32,5326.21852
-121.245738,71,5326.511678
-25.321922,19,5326.598048
-32.172157,21,5326.687284
-239.680344,37,5326.850105
-262.857781,37,5327.003001
129.980991,41,5327.185285
-130.473424,23,5327.288501
-42.642462,25,5327.393863
-211.750206,34,5327.540853
-273.457239,43,5327.713601
-143.573882,24,5327.816873
18.836016,29,5327.93611
-158.564123,27,5328.05392
-30.570204,21,5328.150779
82.884631,19,5328.23633
-35.922754,38,5328.39913
-19.690473,20,5328.484906
-173.964313,30,5328.622428
15.987567,30,5328.754161
7.139954,31,5328.889201
-33.995,22,5328.982926
42.483979,27,5329.102938
-319.689007,48,5329.310598
-35.866385,22,5329.404789
-13.148062,34,5329.550733
63.173754,22,5329.649961
-130.797748,20,5329.735373
-146.828237,41,5329.924707
-139.595564,37,5330.081532
-14.74879,19,5330.157163
-326.490852,52,5330.37795
-122.958846,35,5330.52628
-251.937545,39,5330.694383
72.740899,20,5330.777483
-25.518749,20,5330.85961
-24.808563,19,5330.941915
-48.756372,26,5331.058687
66.509457,21,5331.145365
-606.308779,101,5331.56367
-147.000885,38,5331.72623
145.391499,37,5331.879675
-37.823516,21,5331.966317
-53.772196,24,5332.065217
-182.424954,29,5332.199007
-30.813789,21,5332.284614
-28.946464,20,5332.367175
-38.727048,24,5332.46952
-30.271017,21,5332.559871
-47.88464,23,5332.687388
-241.462277,37,5332.859871
-126.178022,19,5332.955775
-190.122178,53,5333.190687
-17.478573,19,5333.272036
-158.196735,28,5333.387581
-19.786303,20,5333.499341
-200.015762,33,5333.655653
-80.128933,29,5347.72195
-118.905482,20,5347.84041
-161.030853,28,5347.979015
-24.268624,20,5348.064189
-126.244504,40,5348.243169
76.225572,20,5348.338342
-153.967309,23,5348.4754
-114.043562,44,5348.68298
-275.534606,55,5348.934781
-74.522392,31,5349.068824
-7.922236,19,5349.160646
-36.597301,21,5349.27224
-136.197197,37,5349.478426
-249.384218,37,5349.662595
-160.379458,26,5349.900997
-370.280397,68,5350.213384
-116.963278,18,5350.294409
68.091344,21,5350.38553
161.253974,23,5350.491365
-320.096125,74,5350.816551
-317.66771,62,5351.086051
57.892896,27,5351.22232
-44.438739,24,5351.330636
-30.85205,22,5351.423142
-68.564964,29,5351.570263
187.574459,24,5351.686346
-406.429842,57,5352.132907
-267.923853,40,5352.508072
73.206256,20,5352.616628
-52.147977,37,5352.827176
-49.108398,23,5352.995539
-77.805362,29,5353.150499
138.664006,35,5353.322003
-40.632618,25,5353.436163
-245.45967,38,5353.599135
-48.862639,26,5353.71287
-190.543006,32,5353.851898
-111.017817,18,5353.939371
-242.464058,37,5354.096
46.033968,39,5354.268582
-132.013371,21,5354.362644
196.60005,40,5354.537469
-27.288187,20,5354.647747
-141.348101,39,5354.848441
104.911845,26,5354.9726
48.497072,25,5355.105251
-126.203228,20,5355.208503
11.967214,33,5355.482097
72.626805,20,5356.090197
-611.019172,101,5358.832066
-8.788526,18,5359.146274
61.34274,23,5359.677237
-91.599923,30,5360.099019
64.346584,22,5360.750282
-116.636795,71,5363.149363
47.897606,26,5363.908517
42.670608,27,5364.499851
-19.988924,20,5364.737106
-43.729994,22,5364.909656
-118.184146,18,5365.065133
13.934672,35,5365.282582
-647.458555,101,5376.241845
-232.064267,37,5376.507698
-28.511112,21,5376.601357
-28.898145,21,5376.690381
-27.261171,20,5376.781217
55.418028,22,5377.024012
-24.810989,21,5377.353311
-134.089484,22,5377.454485
-118.59358,18,5377.528621
-258.79334,37,5377.715565
-190.690867,43,5377.901817
-154.520908,37,5378.074762
-129.999559,36,5378.23574
-37.768126,23,5378.333629
265.80504,24,5378.435577
-198.018451,30,5378.570401
-263.625875,37,5378.728118
-102.679987,45,5378.983253
-38.845503,23,5379.125332
-215.389802,36,5379.316313
74.755343,20,5379.417948
-126.438527,19,5379.506123
-167.441175,29,5379.639194
-120.859673,19,5379.728862
75.813678,20,5379.813555
-24.755697,20,5379.904351
-162.946766,26,5380.027394
73.86622,20,5380.130069
-74.690864,30,5380.273903
-130.143985,20,5380.365159
51.196932,25,5380.53865
-78.344081,43,5380.791975
-182.253272,42,5381.070419
173.934188,26,5381.283628
50.842641,23,5381.453997
-125.301835,19,5381.572528
67.671264,22,5381.693142
-30.770967,21,5381.819869
-125.894207,20,5381.921447
-114.661395,35,5382.088012
-264.262133,45,5382.282917
231.736639,28,5382.410364
-142.503946,25,5382.52695
74.949345,22,5382.632122
-30.801623,21,5382.730003
-495.829192,74,5383.102517
-81.80425,42,5383.326126
-403.436625,101,5383.837367
-27.0842,21,5383.952607
-38.803963,35,5384.126949
52.965435,43,5384.451366
-21.125022,19,5384.546329
-18.8596,20,5384.637214
68.449797,22,5384.744546
-43.55298,37,5384.908806
-197.052206,43,5385.126628
-11.123423,18,5385.202611
-47.990132,24,5385.318099
-203.802505,59,5385.591776
-58.608588,26,5385.724395
-53.14992,26,5385.868776
-53.880478,28,5386.017412
65.611271,21,5386.120041
-417.380081,70,5386.463897
69.20966,21,5386.560852
-250.601581,37,5386.732012
2.005817,32,5386.872139
180.762036,21,5386.967712
-323.769883,49,5402.907158
-230.711673,35,5403.107143
-128.775336,36,5403.285011
54.615803,24,5403.394724
-142.499749,22,5403.495521
-267.645473,41,5403.671942
-199.494665,46,5403.861044
-23.569738,20,5403.947043
75.642232,20,5404.034051
-115.800053,36,5404.19883
152.966442,28,5404.317267
-339.674141,90,5404.734271
-124.045361,35,5404.885178
-133.931073,22,5404.994092
-113.228812,35,5405.396362
-180.729512,31,5405.622247
-74.07404,29,5405.789834
87.749879,22,5405.938754
-88.494725,33,5406.986169
48.739188,25,5407.159229
-188.952125,44,5407.440339
-93.554088,29,5407.601667
-28.146608,20,5407.705376
-190.261429,30,5407.867944
-24.049799,33,5408.064368
51.932599,25,5408.196367
-42.885093,24,5408.316207
-313.816364,57,5408.616549
-177.464144,30,5408.775048
-238.65436,35,5408.943003
-470.184059,66,5409.3026
61.090812,23,5409.429799
-60.766283,42,5409.638676
-223.514004,33,5409.805808
-179.581712,28,5409.948207
-58.122206,27,5410.079049
39.031739,27,5410.239197
73.393737,20,5410.340852
-224.289976,46,5410.569196
-216.015455,46,5410.802146
-155.368323,64,5411.124131
-24.937317,19,5411.216897
-48.538026,26,5411.354674
-103.12595,33,5411.515406
-361.400764,55,5411.803012
-23.732244,20,5411.899998
-16.64612,34,5412.078834
54.98086,24,5412.197787
-25.414594,19,5412.298897
-88.585602,31,5412.445802
-26.555645,20,5412.542902
-178.307715,28,5412.662099
-255.014033,37,5412.829147
-258.833529,40,5413.004076
-55.098337,25,5413.11228
-24.291464,20,5413.195737
-53.616125,27,5413.321282
-30.778872,23,5413.417265
-31.526896,20,5413.514206
46.134099,26,5413.628377
-37.67829,24,5413.735508
-175.072765,41,5413.921642
-213.501164,35,5414.078838
-150.868768,27,5423.003211
-259.839715,37,5423.209681
-223.491759,37,5423.368636
-239.900825,37,5423.534133
-193.472049,44,5423.718378
185.771304,24,5423.824998
-287.357396,43,5424.010994
-31.532435,22,5424.101436
64.47373,23,5424.200281
-225.448728,35,5424.350771
-24.997997,20,5424.439462
-272.423444,44,5424.635083
-43.788619,24,5424.735866
-20.633028,19,5424.808755
-151.910873,25,5424.915529
26.924188,30,5425.046539
-40.952151,22,5425.137447
-43.271393,25,5425.242814
-144.788525,37,5425.516436
-30.922653,20,5425.618311
-54.316595,24,5425.726798
69.48462,20,5425.821761
-214.484448,46,5426.018943
-227.818415,35,5426.172762
-31.22466,34,5426.322369
-112.821388,38,5426.504408
-56.702879,26,5426.616685
-129.471001,23,5426.709274
-46.283229,23,5426.80938
-14.729431,19,5426.889014
193.521168,19,5426.98927
-233.525083,55,5427.23955
-241.169352,49,5427.45755
-15.118132,19,5427.537669
94.975476,31,5427.702923
-170.778629,81,5428.057614
-115.362071,19,5428.144416
-158.416202,36,5428.301918
-267.413185,40,5428.475354
68.613492,22,5428.575171
-160.565913,26,5428.686735
196.232487,23,5428.787729
-293.0085,44,5428.982405
-17.302762,20,5429.063358
124.46048,29,5429.182845
28.051066,30,5429.331298
131.8001,42,5429.520335
28.284849,29,5429.64614
-56.600909,25,5429.758741
-46.219418,25,5429.871624
-441.057236,61,5430.130286
-41.412288,39,5430.30428
-27.543774,20,5430.393634
162.438525,26,5430.527835
-214.242539,33,5430.678897
-275.028646,56,5431.009699
-8.2069,18,5431.116149
-159.270554,25,5431.258693
46.174658,26,5431.433005
-183.246669,30,5432.047673
-144.86236,24,5432.348398
-32.98201,21,5432.583426
-128.826394,20,5432.801902
134.474087,30,5433.150551
-52.812665,23,5433.463175
193.559077,21,5433.749663
-19.223629,19,5433.999896
-121.311932,34,5443.691775
-252.571326,38,5443.897939
-268.922855,37,5444.06997
-204.945269,32,5444.227295
-41.710552,24,5444.347834
-131.029244,21,5444.443854
-125.750796,22,5444.546452
-19.600727,19,5444.639655
-317.274446,54,5444.894789
-40.970653,22,5444.996232
-93.823116,31,5445.13739
-19.061488,19,5445.230015
38.953132,25,5445.345238
-207.023457,35,5445.503608
-39.790815,24,5445.622878
-59.931035,25,5445.751059
-26.135324,21,5445.84312
-34.582543,23,5445.947632
51.408286,25,5446.061293
-33.621949,21,5446.147402
-232.784613,49,5446.359258
-136.395152,21,5446.454969
-161.961111,28,5446.572097
69.490412,22,5446.666597
-62.220629,40,5446.837557
-128.496869,20,5446.926937
-152.311486,38,5447.085406
-45.135963,24,5447.190524
-285.702162,42,5447.383148
-35.998671,23,5447.484463
-26.256334,20,5447.567411
-60.202295,27,5447.696339
-255.119146,37,5447.846932
-45.33666,25,5447.953849
-47.740283,24,5448.055267
-128.815956,40,5448.229245
-205.178504,32,5448.358461
-40.864888,22,5448.450487
-124.642537,19,5448.530308
-193.011554,29,5448.657373
-147.860713,39,5448.843484
-221.752278,35,5448.988581
-65.855541,28,5449.109742
-17.59,19,5449.193986
-347.331472,57,5449.443148
45.310272,28,5449.593351
-299.96237,75,5450.496494
146.606832,27,5450.620151
57.720934,24,5450.745739
-118.362837,19,5450.850844
-14.856304,19,5450.936535
-29.844235,21,5451.030431
-189.43663,30,5451.163466
-120.504192,18,5451.237544
-235.894564,37,5451.39168
-25.018893,20,5451.62545
-278.084899,37,5451.789172
158.706664,45,5451.9845
147.400063,27,5452.101921
-110.988123,36,5452.262094
-25.238421,20,5452.350494
-14.771452,19,5452.44793
-208.635308,32,5452.589729
-44.098565,24,5452.721484
-206.708636,60,5453.025179
-26.464483,20,5453.127251
-37.367987,37,5453.316956
-179.008255,29,5453.448905
-209.41427,34,5453.594922
-26.130836,20,5464.028627
-291.802867,43,5464.276626
-35.442184,36,5464.432222
168.016451,21,5464.535817
-37.517857,23,5464.645741
-123.51739,20,5464.732348
-161.535886,27,5464.845135
-38.365303,24,5464.951583
70.278371,21,5465.049673
70.368045,21,5465.144966
-273.824151,41,5465.324288
-176.969571,31,5465.466774
-29.654847,20,5465.556646
-164.335146,42,5465.740445
66.780041,21,5465.826715
-248.655596,37,5465.992831
-34.297576,24,5466.095475
131.465605,26,5466.207391
-119.072623,99,5466.64516
-234.801807,36,5467.202034
-123.492928,19,5467.320852
-37.895408,37,5467.499965
-160.371834,27,5467.616476
-555.126058,95,5468.034947
-245.439017,37,5468.198055
-251.848736,37,5468.349755
-14.214381,19,5468.43302
49.941101,26,5468.541792
-13.878125,19,5468.630658
-16.242879,19,5468.708216
-34.302855,24,5468.810998
35.683405,27,5468.932305
-60.230225,27,5469.050196
60.212204,24,5469.154928
-58.101109,37,5469.3122
-142.350126,39,5469.520541
-31.662207,22,5469.61512
-24.255442,19,5469.701725
35.752649,27,5469.817066
-89.064775,30,5469.943982
-287.957888,44,5470.14942
-35.992486,22,5470.248787
-28.139191,20,5470.336414
-21.318219,20,5470.421809
-264.419872,37,5470.574818
37.546672,28,5470.69392
-143.816697,37,5470.852523
-136.105639,37,5471.014197
-155.489322,24,5471.120324
-143.685175,23,5471.231226
-21.233914,19,5471.310637
48.624953,25,5471.418195
-187.04759,43,5471.600219
-26.104509,20,5471.688419
-248.415445,37,5471.846201
-509.808652,101,5472.282563
-47.614633,23,5472.384224
-241.993696,37,5472.543526
-248.78991,38,5472.717945
-288.335887,52,5472.946188
-41.989891,24,5473.046762
149.635293,23,5473.142738
162.939797,43,5473.33057
77.867054,20,5473.421466
152.434235,25,5479.656834
25.673713,30,5479.845117
-120.511865,36,5480.016704
-24.094642,21,5480.11607
-52.700951,38,5480.346184
-116.041026,18,5480.440297
-33.899382,37,5480.612166
185.20107,23,5480.715466
-47.959118,23,5480.815452
-49.854945,39,5481.049735
-78.532283,29,5481.178119
-161.264738,27,5481.296543
-26.196554,21,5481.391506
-23.081679,20,5481.477509
73.832663,20,5481.562544
-155.86893,38,5481.734319
-32.436355,21,5481.824291
-131.545082,20,5481.911115
191.492901,21,5481.997098
-27.824228,20,5482.078435
-239.724418,37,5482.236376
174.144875,20,5482.335771
-35.919339,24,5482.441802
-119.528537,18,5482.514921
-33.900978,22,5482.614419
-25.187951,20,5482.844848
-25.353035,20,5482.930854
-29.324387,20,5483.025626
-268.524006,41,5483.209027
-327.558905,52,5483.433551
-167.14363,28,5483.559853
-224.997474,54,5484.415784
-179.300431,44,5484.64794
-36.265098,22,5484.767981
38.723529,26,5484.897732
-228.665262,33,5485.066382
-255.819648,37,5485.254644
-134.230654,22,5485.364309
9.15784,32,5485.534259
-236.573988,37,5485.74539
-147.115759,36,5485.920657
31.93879,39,5486.094346
-53.788786,24,5486.198539
55.681423,24,5486.298286
-56.012672,26,5486.408818
-749.120407,101,5486.854769
-201.982372,32,5486.995244
-22.816134,20,5487.080093
-54.461781,27,5487.211143
-154.980479,24,5487.32223
-92.908739,31,5487.455635
-33.513564,35,5487.610714
-20.096297,21,5487.708955
-23.411138,20,5487.797834
-125.524281,19,5487.889318
-13.297723,19,5487.976291
-205.567317,32,5488.124168
52.046871,25,5488.305072
-31.631471,21,5488.465099
77.457441,19,5488.59192
-45.690574,24,5488.805329
-160.437739,26,5489.048256
53.004854,25,5489.671228
-251.025485,38,5490.594233
-89.133509,30,5491.263116
21.979077,33,5492.433174
-111.409849,32,5493.152715
-163.000898,42,5493.578246
-27.431094,20,5493.802051
-661.964826,83,5506.609985
-37.996698,21,5506.748982
76.404468,29,5506.894887
-126.210329,19,5506.983596
-263.334286,37,5507.180713
-67.48772,27,5507.396868
-196.377859,45,5507.63251
-130.625553,19,5507.720663
-92.938128,29,5507.863144
-96.66796,32,5508.00981
-140.143437,24,5508.125593
-88.352721,30,5508.277563
64.82072,22,5508.399822
-85.495684,31,5508.544153
-125.416263,19,5508.667359
-168.373266,27,5508.812727
-350.575835,52,5509.052002
-71.072408,42,5509.241524
71.073169,20,5509.326112
-68.057752,28,5509.448606
-84.736983,30,5509.584546
-26.062187,19,5509.664762
-138.440891,34,5509.812609
-153.995873,37,5509.97005
181.794261,21,5510.061998
-41.024466,22,5510.160038
-164.570799,26,5510.268997
-245.497638,37,5510.428677
-123.309896,19,5510.513533
-121.438819,32,5510.649926
-27.545845,21,5510.739371
-139.399706,23,5510.842518
-227.947906,35,5511.023838
-32.146988,22,5511.121153
-45.531799,23,5511.225727
-212.57491,33,5511.366596
120.505249,32,5511.496747
-361.602185,52,5511.721378
68.047258,21,5511.811642
-202.983676,46,5512.022696
-14.288972,19,5512.104979
-219.023638,38,5512.274806
-45.208936,22,5512.369601
-16.182198,19,5512.450561
34.767513,25,5512.566142
-23.345863,20,5512.710494
-271.177985,57,5513.034879
-277.266414,50,5513.248377
-53.305883,40,5513.457008
-625.235387,95,5513.880519
43.141454,48,5514.119949
-121.175753,19,5514.21434
-166.821554,27,5514.346232
-29.12966,20,5514.433471
-245.115763,37,5514.611549
-52.709655,27,5514.728758
-488.658485,70,5515.272647
170.325038,23,5515.380539
191.693186,23,5515.488867
2.309523,30,5515.620452
-33.465807,22,5515.733589
-519.088696,73,5516.054504
-38.387667,24,5516.152882
-187.097628,30,5516.280346
92.426891,36,5516.440735
-53.957214,26,5526.444023
56.347195,23,5526.568017
-98.111701,34,5526.717001
-30.346263,22,5526.814439
-36.054638,24,5526.915385
-157.295754,43,5527.08571
-232.718432,36,5527.248977
-510.420408,93,5527.652368
-136.481968,23,5527.761964
154.826089,25,5527.872818
-23.31663,20,5527.962313
-98.862612,31,5528.104093
-274.389976,43,5528.29476
-49.653295,25,5528.398824
76.977832,28,5528.518344
-24.287033,20,5528.607281
139.556784,25,5528.714656
-46.906009,22,5528.813345
132.774612,29,5528.936898
-346.173002,54,5529.18098
-281.582825,42,5529.372023
173.683084,22,5529.470649
-63.316256,28,5529.591538
-44.026855,22,5529.688278
-172.27542,42,5529.877489
-25.997561,20,5529.966913
-16.579569,19,5530.046929
-215.261056,46,5530.246031
-139.178861,37,5530.40465
-250.647291,37,5530.564303
-59.022512,26,5530.674098
-367.108839,72,5531.005017
-21.943082,19,5531.08679
-93.854979,30,5531.213621
19.02916,29,5531.336523
-239.732015,37,5531.493872
-133.221571,20,5531.572895
-123.369373,19,5531.651418
-129.273105,19,5531.73282
-23.162217,19,5531.813456
-194.8606,32,5531.957581
-139.970208,23,5532.061034
-23.647389,19,5532.145524
-30.636918,23,5532.238779
-24.390359,22,5532.330217
-26.927142,22,5532.423215
-122.983251,34,5532.569124
-112.501177,37,5532.723774
-127.991141,19,5532.806031
46.01041,37,5532.969011
-131.523085,20,5533.058522
-38.812767,23,5533.156254
-242.814031,52,5533.391188
-245.009547,40,5533.565216
-127.767539,20,5533.654424
-52.248986,26,5533.764565
213.098019,34,5533.90587
-56.272806,42,5534.088519
-251.086977,38,5534.252856
74.119476,37,5534.407912
-167.674417,28,5534.532209
73.244943,21,5534.624284
-126.459911,21,5534.724346
-146.691232,22,5534.822554
68.253229,21,5534.912097
-131.332394,20,5534.999934
-212.681968,47,5535.202985
-254.426093,37,5542.146604
-101.567887,34,5542.333456
-133.777296,23,5542.429428
-240.283163,37,5542.59237
-140.390581,21,5542.687423
-75.915927,30,5542.815101
1.307844,31,5542.936969
199.039206,20,5543.023609
77.003764,20,5543.116511
-158.888293,39,5543.288355
-204.676282,47,5543.512815
-32.84766,20,5543.599936
-112.969075,35,5543.816636
-124.197731,38,5543.973858
-146.512081,37,5544.136119
-52.642492,23,5544.242133
-202.41922,31,5544.377256
50.893026,25,5544.490098
-26.045451,19,5544.573691
-27.743215,20,5544.660173
-55.926206,27,5544.780078
-197.92249,33,5544.920749
-142.916059,22,5545.015618
87.720535,19,5545.098593
-48.698615,25,5545.205525
62.019682,23,5545.302752
44.013239,24,5545.404237
-5.251993,33,5545.63464
-96.873485,46,5545.833172
165.68919,22,5545.925931
-129.659442,19,5546.005832
-35.29792,21,5546.101902
-242.724562,37,5546.263411
-26.681526,21,5546.351667
-155.702194,24,5546.458159
13.332717,32,5546.597394
-132.746906,20,5546.681062
-19.336774,21,5546.777898
-41.065653,24,5546.884239
53.790109,24,5546.984789
39.766581,27,5547.101341
-122.881143,19,5547.177962
-25.166207,20,5547.262692
-105.63202,31,5547.395764
-65.770043,29,5547.519689
68.963449,21,5547.610534
-59.442642,28,5547.747672
-235.732179,37,5547.911534
-30.373803,20,5548.009765
-27.754115,19,5548.092978
-36.549468,24,5548.192323
50.870924,25,5548.300844
-121.34013,18,5548.379115
-126.558026,19,5548.463205
-53.826485,23,5548.556516
-163.272513,37,5548.736762
139.667944,25,5548.848964
62.998012,23,5548.945932
-243.3488,37,5549.114003
-141.496995,23,5549.222063
-239.747235,36,5549.387142
69.795117,39,5549.575143
-27.574399,21,5549.665923
68.145068,21,5549.757212
-20.697139,19,5549.839309
74.96398,20,5549.926993
-229.088069,32,5550.068012
-131.46203,20,5550.153221
-138.724999,21,5550.241189
-19.073128,19,5550.325176
-24.065371,21,5550.418092
-159.816405,26,5550.536568
-201.076841,32,5550.679128
-367.259929,86,5551.116217
-21.816193,21,5551.23354
-199.930088,73,5561.611353
-223.009796,47,5561.809623
-59.109871,27,5561.92317
-151.86319,38,5562.087239
79.808985,21,5562.182332
-294.585062,71,5562.513292
-198.110123,48,5562.976672
-46.855942,25,5563.080971
41.431334,26,5563.197087
-20.397704,20,5563.28629
-32.659075,22,5563.377545
-269.936559,43,5563.558486
46.920468,26,5563.668086
-23.547565,19,5563.749584
-63.46773,28,5563.872292
-55.648223,26,5563.983024
-32.131745,21,5564.068436
-126.447195,21,5564.160964
69.758162,20,5564.24682
56.825865,22,5564.338881
-8.881875,32,5564.481099
-20.779912,19,5564.55909
-457.731341,78,5564.889925
-122.897876,19,5564.970217
187.005303,27,5565.087728
-128.800209,19,5565.173741
-248.627289,40,5565.339057
-84.391936,28,5565.458747
-17.278203,19,5565.541756
-29.724925,20,5565.634829
-248.766007,52,5565.857074
-369.224651,53,5566.086043
-223.210809,36,5566.248173
75.205791,20,5566.330361
-16.673091,19,5566.413311
-43.723217,25,5566.528564
-114.329919,51,5566.748035
-44.072551,25,5566.85246
-214.620455,48,5567.063032
-169.912265,30,5567.190391
-21.160189,20,5567.276988
-37.705491,24,5567.382148
130.917796,28,5567.520984
-156.555765,27,5567.638139
-160.119227,42,5567.814727
-44.001884,25,5567.918564
-61.310388,27,5568.031705
-82.110525,32,5568.164022
-67.2007,28,5568.286022
-179.192738,42,5568.469451
-217.547345,36,5568.6201
-131.283749,20,5568.717497
-29.637864,21,5568.811986
-33.585276,37,5568.969411
-188.25456,45,5569.155363
-45.523976,26,5569.288278
-16.10442,19,5569.367471
-126.783094,19,5569.444046
-29.079783,20,5569.537286
-33.694427,21,5569.754485
-262.177597,37,5569.915266
-123.541508,19,5569.998053
-203.250056,35,5570.157004
-206.640948,32,5570.314659
-153.339963,41,5570.482621
-128.111283,34,5570.628171
-23.690735,19,5578.298524
-56.617074,27,5578.480992
-121.93665,19,5578.569859
-40.052068,23,5578.680056
-34.801086,21,5578.776743
-260.511029,39,5578.950226
61.950455,23,5579.046621
-136.750223,37,5579.214154
-74.787253,29,5579.340573
-141.89038,25,5579.451906
-262.114486,37,5579.60383
-22.948106,19,5579.688221
-73.023932,28,5579.807661
-100.826217,31,5579.941121
-280.000331,56,5580.186039
-39.765124,25,5580.304356
-71.638397,29,5580.858357
-37.063762,23,5581.007199
15.970334,28,5581.129213
-164.624486,37,5581.300139
-37.343935,22,5581.403035
-123.091265,19,5581.481314
-229.743522,35,5581.638891
-27.57523,21,5581.742386
-41.957515,26,5581.860269
-38.581261,23,5581.960228
-176.415286,41,5582.144682
-173.862529,29,5582.274124
-118.899611,35,5582.434474
33.763252,28,5582.553557
75.382807,21,5582.647643
-239.867229,38,5582.81471
-22.605351,19,5582.897708
-247.035994,37,5583.05163
248.317755,60,5583.316918
-41.196244,22,5583.424133
130.268358,29,5583.5596
46.100434,26,5583.670828
48.087047,25,5583.774978
-276.203934,42,5583.949973
-42.997181,22,5584.054968
-163.650094,40,5584.225685
-58.238804,27,5584.342585
-27.763071,20,5584.423499
-166.680885,40,5584.595994
-31.894406,22,5584.689071
-132.525843,20,5584.775201
19.229544,31,5584.913657
-38.786871,22,5585.009436
-54.271052,26,5585.121339
-277.441119,42,5585.301868
-22.726257,22,5585.400058
-150.460186,43,5585.583497
-35.680833,22,5585.675627
-130.309917,20,5585.758155
69.750544,21,5585.851289
-32.634958,21,5585.942541
-142.714387,37,5586.100218
-243.994355,37,5586.260944
-158.582661,26,5586.375504
-135.772907,21,5586.463404
-101.812861,37,5586.618617
2.850739,51,5586.836138
-22.072892,19,5586.922746
-242.486659,37,5587.0705
-56.451905,26,5587.177224
71.680364,20,5587.26275
-456.308978,72,5587.587525
-146.104879,40,5587.760635
-257.222389,37,5594.026618
-139.174225,39,5594.207864
-24.388208,19,5594.288541
-24.782876,19,5594.372734
-23.536793,19,5594.454396
-32.293802,22,5594.550774
-40.32896,23,5594.6492
-36.996101,21,5594.743049
-23.637749,19,5594.824924
68.63146,21,5594.922782
-142.700213,25,5595.03199
177.108475,22,5595.124511
-254.235316,42,5595.30219
-363.617876,59,5595.56221
-491.968135,74,5596.034206
-65.107619,27,5596.343911
-379.056293,54,5596.619625
-39.424055,23,5596.715871
-37.406321,23,5596.82181
-125.256443,19,5596.901729
-31.489748,21,5596.994795
-27.535287,20,5597.079153
-247.261248,37,5597.241615
-24.63813,22,5597.331847
-397.908659,57,5597.579581
-189.668267,31,5597.704721
-24.921789,20,5597.796058
-66.239366,28,5597.924082
-128.593701,34,5598.20782
-127.749933,19,5598.290338
-169.573131,40,5598.462785
-124.215095,21,5598.564258
-311.57178,50,5598.781841
-243.438101,38,5598.944109
-21.003073,19,5599.025579
-221.200256,33,5599.161115
-25.756623,20,5599.246117
-79.566333,30,5599.387596
-29.224438,21,5599.505445
-34.39642,23,5599.857891
-49.152208,26,5600.01752
-242.100427,37,5600.178529
-23.884342,20,5600.268316
-212.260358,35,5600.42092
-65.240759,26,5600.571787
215.389988,42,5600.895429
-31.006431,21,5601.000158
71.74958,20,5601.084402
75.538758,20,5601.17312
12.661316,38,5601.334243
-209.461365,32,5601.479828
-62.882301,40,5601.645439
-33.633755,22,5601.738845
-126.609478,19,5601.81861
-13.955327,37,5601.969641
-24.033003,20,5602.052152
-241.601331,37,5602.223722
-34.839986,22,5602.326661
-79.329361,30,5602.466647
-66.028586,27,5602.579845
-262.067914,37,5602.730751
-115.107579,36,5602.891887
-22.324814,19,5602.977242
-210.161271,33,5603.117981
-126.20843,19,5603.201323
-15.378241,19,5603.284532
-112.869083,36,5603.437025
-159.526273,37,5603.638401
-207.26232,35,5603.84658
-13.552002,19,5613.686396
-225.228399,51,5613.985041
157.726851,24,5614.093736
-90.015199,30,5614.223984
186.774993,20,5614.313867
-205.597236,33,5614.457533
-25.743986,33,5614.621123
-198.604707,46,5614.814346
-460.48571,59,5615.059067
-29.395018,20,5615.145608
-392.917375,57,5615.387182
-27.002569,19,5615.473547
-243.869853,37,5615.641531
-78.609101,27,5615.757828
80.150553,75,5616.112201
60.625959,23,5616.21402
-221.254535,49,5616.420155
82.933376,22,5616.523156
-180.356427,30,5616.806376
-196.608051,55,5617.043522
-30.835599,21,5617.133126
-129.070269,20,5617.213131
-2.899915,31,5617.350425
-584.283776,101,5617.781967
-133.073908,20,5617.867384
62.452036,23,5617.966224
-122.996475,19,5618.044635
-166.421076,42,5618.24995
32.765074,25,5618.359027
-141.330504,22,5618.456035
-170.973513,26,5618.585851
-85.711955,30,5618.717377
27.629879,26,5618.827035
-197.495365,29,5618.947817
-28.856436,20,5619.037342
-25.389943,19,5619.120777
-86.868896,29,5619.248437
-269.549227,40,5619.427513
-140.514264,23,5619.527815
-26.158267,19,5619.625088
-93.002904,31,5619.89919
-268.740781,38,5620.086396
-158.874422,40,5620.330532
-13.924773,19,5620.428504
-27.81564,19,5620.530713
71.006768,20,5620.628027
-225.381922,33,5620.88722
175.82181,23,5621.074577
-259.185352,66,5621.415686
155.651988,26,5621.541542
-24.663504,19,5621.640453
-129.81028,37,5621.816199
-80.820846,31,5622.092131
-26.229708,20,5622.180214
-254.912064,44,5622.381228
-193.258416,43,5622.568073
-132.519663,20,5622.650807
66.703971,21,5622.741091
-45.135782,24,5622.850751
59.324007,24,5622.963956
-127.20809,19,5623.060849
-26.554002,19,5623.269393
62.069524,28,5623.459788
-67.979153,27,5623.611597
44.935918,25,5623.724915
-251.460377,36,5639.105924
-32.603497,25,5639.294054
63.28912,23,5639.416436
-27.89816,20,5639.507926
-77.903921,29,5639.651821
-15.36253,19,5639.751067
179.153279,22,5639.858077
-56.060327,40,5640.054124
72.984616,20,5640.149598
-149.962749,37,5640.316415
-205.43083,32,5640.460118
-156.183935,27,5640.599005
-8.089619,61,5640.889965
-234.632132,36,5641.087518
-23.513295,19,5641.169327
63.268627,23,5641.277294
-141.500322,37,5641.46358
47.255898,26,5641.569934
-23.486566,20,5641.652338
-26.699723,20,5641.736169
-131.724132,20,5641.827801
243.860603,26,5641.937537
-130.667511,20,5642.029456
-131.969955,21,5642.129411
-68.744459,28,5642.25024
197.168512,20,5642.3446
-243.449239,37,5642.506711
-86.220014,30,5642.636334
-24.337025,20,5642.721069
-85.092995,33,5642.875493
-24.398194,19,5642.950696
57.339213,24,5643.063082
-123.881472,36,5643.226568
-126.943357,19,5643.313407
-133.573287,36,5643.46345
-228.757448,35,5643.621063
-34.02887,21,5643.70913
-31.700795,24,5643.811516
-151.01978,23,5643.91125
-294.656711,57,5644.156965
-288.240954,48,5644.366052
-139.99948,21,5644.456601
-294.504064,42,5644.644522
-46.927723,24,5644.767815
-28.074194,20,5644.853002
-31.009516,20,5644.935255
-14.920914,19,5645.023093
-132.170895,22,5645.126231
59.379886,42,5645.313677
-134.962015,25,5645.465609
-33.09109,21,5645.567723
70.460113,21,5645.674145
-123.307435,37,5645.852979
-23.12909,32,5646.031796
29.205403,29,5646.178018
-19.430663,21,5646.285582
-252.47591,38,5646.49
-253.162794,39,5647.146149
-85.041484,33,5647.370302
-41.165982,38,5647.599248
-36.349694,22,5647.72198
-139.2281,58,5648.046865
167.163458,23,5648.166856
16.250935,28,5648.314642
186.735606,22,5648.418823
-119.33278,35,5648.596072
-28.734155,20,5648.685487
-216.502833,34,5648.85389
38.374532,27,5648.988378
-22.929196,19,5649.08819
63.590551,22,5649.195617
-114.254317,19,5649.297929
-35.40064,22,5649.42307
-40.289672,23,5657.3633
1.303343,34,5657.585012
-22.398516,19,5657.676454
-133.667183,23,5657.781111
-95.371885,34,5657.939317
115.395242,33,5658.080768
-29.80179,21,5658.175475
273.509829,23,5658.283228
-39.496351,23,5658.388199
53.831786,24,5658.496962
37.373281,27,5658.611682
-167.17765,39,5658.785142
-56.393697,24,5658.887377
-22.922384,19,5658.963825
-142.810586,37,5659.122502
63.653301,37,5659.276769
-145.883403,38,5659.445769
-228.930689,40,5659.614545
-146.425129,40,5659.781333
149.112061,27,5659.890045
38.504766,27,5659.99948
43.659532,26,5660.103822
73.437052,20,5660.188702
-38.785937,22,5660.277288
-226.68732,34,5660.431726
-139.916728,38,5660.598786
-156.943552,26,5660.70961
65.024624,22,5660.802058
-162.20104,29,5660.948386
-351.096009,52,5661.598688
-22.362062,19,5661.737575
-240.919837,36,5662.125316
-130.361059,39,5662.530419
-26.040992,21,5662.893359
213.812119,45,5663.136363
-153.166564,42,5663.363677
-146.701647,37,5663.540565
-63.963102,27,5663.685055
-152.272831,39,5663.868087
-206.208838,32,5664.030681
68.61164,21,5664.128892
-26.69106,19,5664.234096
-219.771934,37,5664.785712
-68.215504,26,5664.933301
-18.364263,19,5665.020975
-254.251067,37,5665.202453
-12.448701,39,5665.376245
-44.475347,24,5665.480278
-122.343137,20,5665.570921
-44.02965,23,5665.668213
-147.196068,22,5665.768565
-113.921333,18,5665.844113
-128.448902,20,5665.927196
-29.942034,20,5666.022789
-259.622204,37,5666.18334
-132.648994,37,5666.350376
-96.407031,33,5666.495808
-52.481095,23,5666.59427
-47.238507,26,5666.703599
70.125313,22,5666.797917
-23.026092,19,5666.87772
-28.937784,20,5666.975679
-288.56207,42,5667.160287
-158.271253,37,5667.323444
-106.899629,35,5667.481548
172.419255,23,5667.594202
-128.056127,19,5667.680666
-202.312765,38,5667.849567
-26.225227,21,5667.942441
168.58084,24,5668.045436
-25.229185,20,5668.140063
-38.237811,22,5668.256153
-27.496309,21,5678.915777
-136.625127,37,5679.117288
-271.599466,36,5679.282833
-186.405438,32,5679.416222
-24.867049,20,5679.498859
59.215437,23,5679.594539
72.600754,21,5679.689746
-24.864123,19,5679.783733
-64.155604,27,5679.903575
-23.439147,20,5679.988493
-131.69974,20,5680.073968
-22.173785,19,5680.166602
-282.255258,41,5680.33888
62.262958,23,5680.439917
-125.195649,19,5680.519603
-29.93072,21,5680.605008
-26.526801,20,5680.694264
-28.41382,20,5680.775887
-261.268986,37,5680.938884
-208.781893,44,5681.143026
-21.428621,19,5681.232245
-55.189933,26,5681.345547
71.940065,20,5681.434012
-158.019297,24,5681.849459
-141.433068,26,5682.005634
-177.048794,39,5682.181405
-133.346856,24,5682.290751
11.890636,33,5682.429705
-39.814877,23,5682.527462
-25.898627,19,5682.609206
-82.417798,28,5682.751144
172.722782,23,5682.854883
165.904555,24,5682.972079
72.825328,21,5683.057654
23.853018,27,5683.183076
-184.877222,41,5683.373622
60.345484,23,5683.472941
-128.701959,19,5683.556161
-133.359327,20,5683.642917
-129.658368,19,5683.726307
158.684696,26,5683.840713
-35.755138,21,5683.936878
-145.791685,22,5684.027503
-30.422268,21,5684.112264
-26.944961,20,5684.195998
-21.265198,19,5684.279697
-139.314114,21,5684.367744
-261.932774,37,5684.532839
-56.501192,37,5684.693069
-121.882976,19,5684.771126
-131.093173,22,5684.861597
148.030766,29,5684.985066
-65.50423,28,5685.112142
-101.618412,36,5685.265762
-164.748714,39,5685.430976
186.52418,20,5685.535957
-123.526097,37,5685.69857
-243.769081,37,5685.865836
-119.47786,18,5685.940808
21.225079,29,5686.076773
-100.373202,32,5686.217346
-189.183338,31,5686.348906
-195.683737,35,5686.50352
-247.956651,37,5686.658293
-247.507054,37,5686.821739
-137.028982,22,5686.911253
22.71254,30,5687.040292
-27.107598,21,5687.129425
-286.230434,43,5687.316387
-426.767667,101,5687.742992
-32.760833,22,5687.834705
132.366719,30,5687.967325
15.46193,32,5688.109043
-91.749567,32,5695.704101
-31.682991,24,5695.923101
-57.142504,26,5696.147643
-623.428994,101,5697.035264
91.279345,39,5697.374091
-254.031947,37,5698.379275
-105.874946,31,5698.525032
-23.172704,22,5698.621648
-78.320359,27,5698.738104
-123.001964,38,5698.900725
59.371445,22,5699.000347
66.842627,21,5699.087082
-289.830822,45,5699.276124
-17.440021,20,5699.362048
-31.428201,22,5699.462457
-27.512384,20,5699.549965
-40.595103,35,5699.705743
-120.531127,20,5699.800529
-69.880917,28,5699.92581
-66.052113,30,5700.063277
-26.449776,19,5700.145751
30.625798,28,5700.268839
-130.440484,20,5700.352841
58.637918,24,5700.462823
-174.263746,47,5700.670681
185.584683,23,5700.774851
-22.242813,21,5700.866688
-111.247203,19,5700.943873
-28.860856,20,5701.03677
60.301292,23,5701.14328
-157.05673,26,5701.264735
-334.944097,48,5701.664242
-24.788221,22,5701.809
75.752028,21,5701.900133
-38.980834,37,5702.062562
-133.603425,37,5702.221864
67.647526,21,5702.310169
-136.398918,22,5702.53315
201.215097,24,5702.642966
84.810435,19,5702.740352
-30.952247,22,5702.83686
-30.94527,22,5702.93163
-22.443155,19,5703.01409
44.691624,37,5703.175513
-164.897818,40,5703.351974
-143.219867,22,5703.461025
-61.698217,28,5703.580801
-30.866385,22,5703.672649
60.090496,22,5703.763449
-50.788333,26,5703.872989
-109.050703,34,5704.014389
-479.306863,101,5704.440653
-45.082426,23,5704.544665
-63.041225,28,5704.664282
-526.253494,72,5704.96553
-51.079479,25,5705.0738
-302.698449,55,5705.300421
-50.55776,24,5705.401049
-56.961598,25,5705.509144
183.037769,25,5705.615338
-23.702926,19,5705.697841
-102.086006,33,5705.838456
-86.454994,33,5705.982646
-86.984448,33,5706.139897
-224.428711,34,5706.283157
-241.523366,37,5706.439645
-46.910904,25,5706.54273
-119.977815,36,5713.047056
-25.271051,19,5713.163915
-29.21461,20,5713.274251
-39.052454,23,5713.372395
160.079678,26,5713.482424
-7.91307,37,5713.641102
-15.865765,19,5713.724483
-174.324126,43,5713.901008
-73.087605,27,5714.01417
-137.824753,24,5714.122038
-54.189612,37,5714.281077
-497.560116,74,5714.58695
-331.410775,50,5715.018262
-21.603856,20,5715.266715
-121.735922,46,5715.490679
50.369039,25,5715.598923
-55.268824,26,5715.706717
-149.285295,37,5715.86938
-29.288244,35,5716.032464
-32.342552,22,5716.131196
-43.42295,24,5716.232667
-29.496713,21,5716.324242
-263.52414,37,5716.480616
-249.320192,37,5716.636363
-207.031334,31,5716.770026
29.282123,27,5716.885054
-119.997691,19,5716.963799
-25.514871,20,5717.050956
-37.472931,22,5717.151085
68.167545,22,5717.248132
-276.905921,41,5717.423665
-59.953104,37,5717.576155
-24.687929,21,5717.66703
-156.77524,40,5717.847022
-26.323785,21,5717.939507
157.674365,24,5718.144864
-109.278222,37,5718.306776
-123.406838,20,5718.40339
-121.424383,35,5718.558837
-30.242627,21,5718.651635
-255.121348,51,5718.885608
-97.493332,32,5719.023297
-31.507101,22,5719.116539
-39.043798,21,5719.202602
-42.990712,23,5719.299357
-138.433524,38,5719.461452
-125.882692,36,5719.607415
-48.181448,24,5719.707854
-85.679228,30,5719.840106
-265.357742,37,5719.992387
78.083067,20,5720.078278
200.484272,20,5720.160926
-134.093247,20,5720.245058
-85.486076,29,5720.365168
-9.54414,18,5720.444537
-57.371454,27,5720.559044
70.989124,20,5720.646454
-126.208826,19,5720.730755
-178.775162,29,5720.851851
35.958361,25,5720.969629
-29.677548,20,5721.119682
-46.305672,24,5721.254801
-119.956506,101,5721.694038
56.142324,24,5721.796632
-158.517075,26,5721.903181
7.16713,33,5722.044048
-125.383978,19,5722.123692
-45.000927,24,5722.228356
-35.289908,22,5722.3194
-146.37374,37,5733.992007
-249.200324,59,5734.376089
-20.433137,19,5734.464516
171.807839,24,5734.571316
-31.169772,22,5734.678254
-140.390662,37,5734.844171
-26.733817,21,5734.934406
-137.687495,24,5735.045929
-122.73061,19,5735.124482
-16.061398,18,5735.216412
-48.054037,25,5735.330711
-25.881291,19,5735.414477
-189.057258,30,5735.549689
-259.131207,40,5735.725774
-71.994305,28,5735.845905
-14.012426,19,5735.929249
-32.067888,22,5736.023832
119.620557,33,5736.166376
69.454302,22,5736.275586
-149.265722,25,5736.393954
-58.867936,26,5736.509241
-140.120777,37,5736.669511
-119.130371,36,5736.820916
127.140341,31,5736.961769
-30.65593,21,5737.055559
-99.42764,31,5737.19465
-57.191986,26,5737.300605
-31.890877,21,5737.391798
-99.117206,32,5737.530211
-79.361319,29,5737.652995
-27.20865,22,5737.745027
-438.711705,101,5738.178543
-372.420541,64,5738.451007
-24.086996,19,5738.532212
67.351314,22,5738.62873
-25.636236,20,5738.706295
-14.09567,57,5738.949007
-53.682611,26,5739.062834
-187.009344,47,5739.263667
-236.640283,37,5739.42183
-158.723285,26,5739.533752
-133.377863,20,5739.621111
-254.912263,41,5739.797188
-154.110806,39,5739.973758
59.714788,24,5740.079174
-142.394586,25,5740.190031
-179.946112,42,5740.365498
-236.582682,37,5740.528649
164.774259,22,5740.61939
71.235406,21,5740.713187
-191.044235,34,5740.868053
-68.084128,28,5740.98363
-53.376167,25,5741.093388
-141.691375,23,5741.186783
-246.128427,37,5741.340405
-23.92355,19,5741.424446
-115.9605,38,5741.59227
-130.690154,20,5741.676734
-200.703519,31,5741.809615
67.890689,22,5741.899604
62.882133,23,5741.991491
-231.755762,43,5742.184157
-163.715932,40,5742.357061
-113.860979,19,5742.43871
66.50229,21,5742.529893
-296.926749,56,5742.781291
-164.838518,25,5742.89018
66.53713,22,5742.985244
258.935457,23,5751.923785
-20.630395,19,5752.073538
-81.445161,30,5752.222555
-126.366518,47,5752.523865
-57.161857,26,5752.657804
-123.178444,20,5752.767984
66.414103,35,5752.954333
66.248861,22,5753.049767
-131.664989,20,5753.134308
-303.964197,58,5753.405117
-16.269961,34,5753.558926
-153.360824,37,5753.71246
-35.169159,22,5753.805275
99.602704,32,5753.943534
-8.284041,34,5754.097386
-166.863838,28,5754.238329
62.166377,22,5754.336925
-148.089846,25,5754.443882
-333.893829,50,5754.658608
-59.00584,25,5754.767563
-89.790289,33,5754.911843
19.409502,40,5755.081625
-119.483174,34,5755.231285
-55.11882,25,5755.343773
-150.421845,37,5755.494838
68.822165,21,5755.585317
-16.61784,19,5755.669372
-120.899291,34,5755.81838
-131.364075,20,5755.903414
419.007401,30,5756.03173
-59.568703,27,5756.150352
170.071155,23,5756.265985
-67.979209,28,5756.392349
-37.295629,22,5756.481829
66.356198,21,5756.576838
155.501806,28,5756.714021
-215.664148,39,5756.885192
-335.342089,48,5757.084558
-21.488803,20,5757.171149
-216.664851,47,5757.371811
-205.297009,41,5757.542138
66.64748,21,5757.631868
-61.848891,26,5757.741196
-24.272667,20,5757.826777
-126.764097,19,5757.936371
-285.52966,101,5758.583657
-45.155216,23,5758.750323
-194.141305,30,5758.950977
-341.254731,50,5759.510407
-28.754403,20,5759.679075
76.790014,19,5759.859866
-243.303837,37,5760.111056
101.853656,30,5760.306918
52.219878,36,5760.503815
-128.796717,34,5760.65695
-236.760753,37,5760.817736
-35.528158,22,5760.92291
-133.386482,39,5761.124203
64.401002,21,5761.223554
-31.362062,21,5761.321832
-192.31078,32,5761.465329
-42.088212,23,5761.562711
-28.462543,20,5761.649157
-57.665562,26,5761.770816
-139.82318,34,5761.916278
82.535481,19,5761.997994
-239.578237,35,5762.140952
-46.820566,24,5770.168159
-165.806717,29,5770.371527
-53.035046,23,5770.497306
-123.302258,19,5770.582632
-27.012612,20,5770.665588
-19.819132,20,5770.743762
-299.196443,93,5771.153512
-345.703584,50,5771.367326
-29.884048,20,5771.45002
-120.910106,19,5771.530357
-324.746174,49,5771.744761
-184.543071,31,5771.874865
-28.570097,21,5771.961597
-32.465162,20,5772.048715
-201.733877,30,5772.170381
-679.775007,101,5772.600203
-249.73325,37,5772.760428
90.902285,21,5772.850567
-59.373613,27,5772.967378
-27.566272,20,5773.049995
-127.46457,19,5773.128718
-63.252539,28,5773.249184
-87.801295,31,5773.390556
-90.290622,31,5773.531466
-128.702473,38,5773.698988
-154.91853,26,5773.810259
-79.335117,30,5773.935754
-251.851296,37,5774.105409
-177.66591,30,5774.235621
-386.454136,77,5774.581355
-35.052358,23,5774.68101
-39.764123,23,5774.777206
-123.430313,19,5774.866854
-270.452103,43,5775.043857
-215.176346,39,5775.212166
-297.653526,55,5775.561884
-200.01269,32,5775.703534
67.190124,21,5775.789548
-117.047718,18,5775.870717
-57.373641,26,5775.99455
-29.435867,20,5776.081454
-130.099671,36,5776.243466
-27.221564,21,5776.336001
-157.998808,27,5776.45472
-101.300949,33,5776.602007
-128.985854,37,5776.762984
72.137335,20,5776.850599
-420.009163,59,5777.101936
26.082588,30,5777.229211
199.646789,20,5777.320807
-20.424147,20,5777.402226
200.137329,22,5777.500721
-70.957587,31,5777.633612
-161.162954,40,5777.828275
-129.677283,21,5777.92251
-27.627182,20,5778.0227
-31.114292,21,5778.116438
-130.757612,32,5778.255514
-28.1442,20,5778.34359
-52.731611,25,5778.461393
-131.249664,20,5778.554519
-147.029564,26,5778.660942
-219.987083,34,5778.797509
-26.182488,35,5778.943143
-192.145003,30,5779.414086
-125.878759,19,5779.51305
-55.603147,25,5779.624196
181.978195,28,5791.228996
-133.245516,20,5791.332886
-31.462232,21,5791.434475
-208.099076,31,5791.567445
-15.298547,20,5791.647487
-51.648452,26,5791.756282
-130.54242,37,5791.911628
-120.487523,18,5791.986129
-27.531578,20,5792.072103
-21.075645,21,5792.158318
-37.81196,22,5792.25548
-109.177265,34,5792.398949
-31.162919,21,5792.487194
68.13071,23,5792.581623
-35.693723,23,5792.677043
-31.937274,20,5792.75939
-29.715814,22,5792.854151
-94.426828,33,5792.994586
-539.894446,101,5793.414914
-70.575975,26,5793.520124
57.792083,24,5793.620747
-630.70101,101,5794.051637
-174.72315,27,5794.170688
-242.806815,37,5794.33137
-50.952148,25,5794.441177
-23.942634,19,5794.520168
-53.293809,24,5794.613988
69.600294,21,5794.702233
-26.487796,37,5794.856637
-24.118915,19,5794.937374
-144.653252,41,5795.120021
60.219561,23,5795.223849
73.136606,20,5795.308672
28.000598,28,5795.43166
68.417169,21,5795.524335
-59.726787,26,5795.636896
61.629254,37,5795.794691
-132.20471,20,5795.87202
-26.64665,20,5795.959567
-55.107928,27,5796.076624
-100.423929,33,5796.224517
-416.979597,63,5796.497302
-221.302972,32,5796.635037
-164.298504,40,5796.802544
-24.609282,20,5796.889221
-93.938806,31,5797.014557
-29.089273,21,5797.106016
-29.666417,21,5797.200268
-47.952312,25,5797.306608
72.279644,20,5797.391231
183.035061,26,5797.501976
-29.73722,21,5797.594888
-20.339553,20,5797.672502
-54.329438,26,5797.787615
74.874045,20,5797.874009
-123.232184,38,5798.4784
-21.542365,19,5798.571014
184.193514,20,5798.649982
-157.967803,37,5798.868642
-30.848816,21,5798.961072
-18.764628,19,5799.04328
-97.58163,34,5799.196638
21.999615,30,5799.322984
-208.172725,33,5799.463241
-258.719198,37,5799.626371
-92.841807,31,5799.771616
-68.375934,28,5799.891169
73.285816,21,5799.987999
-32.11038,22,5800.0956
-134.709559,21,5800.187552
-22.971507,19,5800.262187
-121.895714,20,5800.409796
147.04808,27,5807.499636
-131.974092,23,5807.654088
-7.941474,18,5807.74077
459.40897,23,5807.836579
-83.483179,33,5807.979746
-164.204487,27,5808.096266
-28.002156,35,5808.242638
-33.244698,21,5808.331788
60.312128,23,5808.53965
-130.264403,21,5808.627117
-182.832511,43,5808.811183
-45.537308,22,5808.901457
-291.025499,43,5809.088318
-283.231357,45,5809.284588
-33.199705,21,5809.375224
-20.937233,20,5809.456541
-123.150241,35,5809.600738
-16.127128,19,5809.678972
-24.154429,19,5809.757788
-17.272718,19,5809.835057
127.742124,28,5809.956263
-33.977111,22,5810.04715
-131.156637,20,5810.143289
-31.831773,21,5810.237964
-45.781884,23,5810.338067
-108.191705,33,5810.477313
-246.028497,36,5810.628527
-27.40126,21,5810.719248
9.436091,41,5810.883536
-59.554118,26,5810.991205
-16.927037,20,5811.081367
-34.003189,21,5811.170274
-145.681559,24,5811.269501
-264.126904,37,5811.427722
46.256467,25,5811.52967
-131.264597,21,5811.614466
-259.122589,37,5811.768399
63.944277,23,5811.870039
161.839715,38,5812.023781
17.306411,29,5812.141003
-56.77075,28,5812.266056
-29.631988,38,5812.425941
-38.612464,22,5812.520953
4.519642,30,5812.667631
70.520657,20,5812.813946
-2.258192,38,5812.998502
-131.957599,20,5813.087949
-18.825012,20,5813.177517
-256.617064,37,5813.34109
-139.633921,37,5813.495072
-57.956979,24,5813.594014
-250.688445,37,5813.767801
-126.959111,19,5813.907132
-62.236606,26,5814.143945
-26.114699,20,5814.231782
-29.665802,21,5814.323187
43.76721,25,5814.430401
28.903129,28,5814.55709
-27.025715,19,5814.636875
-134.179692,37,5814.794087
-130.738132,20,5814.920669
74.895455,20,5815.034485
-128.687863,19,5815.632479
-121.391988,19,5815.749975
70.5948,20,5815.859847
-94.849229,32,5816.030404
-265.630069,40,5816.282482
-243.202202,37,5816.537368
34.497595,28,5816.874536
-128.190052,20,5817.004103
-116.920466,19,5817.124334
-138.444113,34,5817.466732
-29.090784,20,5817.641319
-73.981574,28,5817.800825
-30.344175,21,5817.91986
-63.335455,27,5818.10049
-23.750633,20,5818.18495
-47.544555,25,5825.549738
-127.631983,19,5825.696635
453.217466,24,5825.832039
-189.6774,30,5825.986645
131.026276,32,5826.144337
-158.197974,37,5826.33285
-44.413591,24,5826.451294
-124.752958,35,5826.622361
-28.990505,21,5826.730346
-111.024917,35,5826.904069
-151.24809,25,5827.030959
-195.66686,30,5827.180644
40.943358,26,5827.308536
-119.464262,20,5827.404072
-308.827206,47,5827.626914
62.050452,41,5827.830776
54.494572,24,5827.950816
153.750972,27,5828.081056
-201.645568,33,5828.248282
-201.047841,49,5828.463567
58.056645,22,5828.560646
263.488743,22,5828.653979
128.553627,31,5828.783618
44.114763,24,5828.886815
-27.374187,20,5828.975992
-27.666509,20,5829.066655
68.655676,22,5829.172748
74.765733,20,5829.255552
-122.139035,20,5829.335906
-29.905982,20,5829.424903
-112.607102,19,5829.504639
179.346926,21,5829.600341
-44.93375,25,5829.704374
-192.656487,44,5829.881107
-211.097601,33,5830.01934
-49.862538,26,5830.133681
-61.419824,30,5830.26722
-160.789771,37,5830.429904
-120.211428,38,5830.586255
-124.297834,35,5830.749482
83.935361,19,5830.832707
-59.789203,27,5830.952333
-172.610739,28,5831.075207
-22.899852,19,5831.161656
-26.403113,21,5831.253399
-25.683337,20,5831.335296
67.893225,39,5831.599103
-238.327627,37,5831.762994
-217.013621,48,5831.977283
-60.204097,27,5832.305608
-18.367946,21,5832.589201
-178.016837,28,5832.745394
-117.111542,34,5832.904641
-21.760625,19,5832.988755
-141.067225,24,5833.09457
-20.414108,19,5833.172695
-226.057538,36,5833.336328
202.821772,19,5833.423636
-238.39524,92,5833.830242
50.052918,25,5833.942787
-145.647834,25,5834.053054
155.251437,26,5834.167359
-243.451495,37,5834.329513
49.779176,26,5834.44029
-34.834731,24,5834.546611
-48.987715,25,5834.653276
-521.40597,82,5835.01074
-25.200505,20,5835.10007
23.077204,30,5835.241162
-266.842064,40,5845.582258
-157.720187,26,5845.746562
-130.252384,36,5845.900422
68.865307,22,5845.997248
-74.226647,30,5846.142064
-145.336007,37,5846.293825
201.666634,36,5846.450087
75.082986,20,5846.535334
-36.403634,23,5846.631448
-120.33835,20,5846.715474
-19.42724,20,5846.799294
-29.685164,20,5846.883763
-299.789408,47,5847.087519
-100.848354,33,5847.233197
-126.015854,19,5847.316355
-126.610462,19,5847.397042
33.183015,28,5847.513891
-23.19289,19,5847.591296
-186.080283,90,5848.053219
42.193891,26,5848.189588
-193.685186,40,5848.362153
-19.666325,20,5848.445693
-85.694012,30,5848.571715
-10.5754,18,5848.658724
69.076587,22,5848.756929
-129.159262,21,5848.845293
-40.060519,25,5848.948835
-79.97422,31,5849.082769
344.684004,47,5849.28169
-374.378849,56,5849.532369
-86.11794,50,5849.739539
-24.953191,19,5849.821938
-30.655545,21,5849.906043
-43.339936,26,5850.366599
-262.867177,39,5850.635794
10.008907,71,5850.937484
-326.831889,47,5851.156438
171.470479,22,5851.257508
68.762881,22,5851.364086
14.370348,31,5851.505431
-25.802114,19,5851.587915
-146.548373,25,5851.696446
-163.376679,40,5851.876552
-24.437804,19,5851.955301
-131.425672,20,5852.037527
78.04904,19,5852.118502
-121.4252,19,5852.20088
-30.271857,36,5852.357097
-39.744646,36,5852.514424
-125.272715,34,5852.656669
-240.005275,36,5852.81007
-129.572858,19,5852.890623
-28.853243,20,5852.98127
40.215684,25,5853.088439
-42.88456,23,5853.185091
-30.3611,21,5853.278483
-117.290667,18,5853.355156
-130.997508,20,5853.435004
-11.777544,18,5853.511752
51.677431,23,5853.610115
-68.240915,26,5853.718935
-341.190628,88,5854.097018
-22.544781,20,5854.182497
-281.458492,54,5854.411545
-140.433535,37,5854.570202
-25.404444,20,5854.661141
-125.893644,35,5854.808719
84.179968,22,5854.902431
-36.901775,24,5861.389217
-223.520605,33,5861.906764
-23.183096,19,5862.00103
144.504172,24,5862.111112
-21.299247,19,5862.191799
-239.140461,36,5862.349618
-140.054609,22,5862.443974
-193.935929,33,5862.588499
-42.500523,22,5862.679223
-82.963552,30,5862.812339
-226.01055,35,5862.957572
-26.325382,21,5863.04425
-24.451349,19,5863.298697
-233.81191,35,5863.458122
-415.539252,101,5863.913762
-123.792076,19,5864.001711
-39.09343,39,5864.174163
-126.608035,50,5864.392528
-121.224368,36,5864.558246
-26.867099,20,5864.644557
-28.414,21,5864.73552
-141.889294,25,5864.841286
-38.859182,37,5865.000576
-261.694584,39,5865.171371
-28.996913,20,5865.254679
-117.588062,34,5865.393382
15.913839,30,5865.523704
-488.367762,71,5865.841424
-152.604427,39,5866.006878
-39.251834,22,5866.098991
-56.904204,24,5866.202474
-21.639134,19,5866.283558
-201.780643,30,5866.418402
-26.383328,21,5866.509523
-148.148823,37,5866.656809
-42.311679,22,5866.748897
-34.407032,22,5866.844615
-46.183268,38,5867.00309
-30.40079,21,5867.092753
-259.676005,37,5867.248894
-22.242159,20,5867.331063
-35.58339,36,5867.483628
70.83759,20,5867.56671
-125.782432,21,5867.655831
-108.620544,32,5867.793661
69.655289,21,5867.879404
-140.024839,23,5867.978085
-31.371494,22,5868.074901
-125.672622,19,5868.150996
-229.890338,36,5868.307536
-127.175767,19,5868.387702
-53.452431,38,5868.555197
-257.01086,37,5868.717688
-40.507708,23,5868.813657
-312.852739,58,5869.052212
-199.467873,46,5869.362487
-460.453657,64,5869.985114
31.865378,28,5870.223935
-23.560791,20,5870.43019
-154.067785,25,5870.667908
73.653544,20,5870.943477
-30.800881,20,5871.104388
-15.863561,19,5871.25665
-53.12853,24,5871.505289
-71.140232,29,5871.699957
200.902116,23,5871.84542
-141.897696,37,5872.142832
-27.961843,20,5872.276316
-24.605984,20,5872.367121
168.476011,22,5878.861794
-42.934957,24,5878.99465
46.581665,26,5879.10862
-200.90193,31,5879.239775
-150.060421,25,5879.346365
-23.900125,21,5879.434308
177.935868,23,5879.537035
-120.992754,34,5879.684298
-26.522096,20,5880.094788
-443.179165,101,5880.526319
73.248961,20,5880.61323
-40.365694,24,5880.714292
41.960761,26,5880.832818
-145.047695,36,5880.984252
-192.027328,44,5881.170268
-38.612011,38,5881.336862
-125.087794,19,5881.41758
-24.3184,19,5881.498937
47.230113,25,5881.610495
-123.207375,20,5881.693842
-20.327669,20,5881.781374
-73.594327,28,5881.899665
-29.668161,20,5881.98466
123.650749,32,5882.119889
-24.743386,19,5882.203436
-47.208524,39,5882.379676
-136.914594,37,5882.538717
24.383897,29,5882.661768
47.101114,25,5882.764582
-46.509526,24,5882.864367
-157.522589,24,5882.967916
-162.348365,37,5883.127717
-127.16748,35,5883.277125
-153.506591,26,5883.398391
-39.728403,23,5883.497751
-25.24994,20,5883.582804
-92.921473,46,5883.790439
-106.969701,33,5883.936202
-26.381105,19,5884.013696
62.701291,22,5884.10749
-36.77208,21,5884.194104
-37.188887,23,5884.295661
-266.70534,59,5884.545249
-20.326329,20,5884.643905
-46.381623,22,5884.739584
-48.404299,24,5884.843328
109.028738,33,5884.980785
-238.977565,39,5885.240647
-17.844542,20,5885.324526
-170.157643,28,5885.44628
62.768047,22,5885.542744
-223.659388,34,5885.690281
-91.602813,31,5885.82545
-32.706772,21,5885.920136
-29.187422,20,5886.008731
278.681949,22,5886.101076
-104.331941,34,5886.252267
-30.481096,20,5886.334771
-150.69989,27,5886.451282
-344.162875,69,5886.753054
-233.944377,61,5887.008078
148.245824,26,5887.118024
11.036119,33,5887.261237
-206.202894,32,5887.391314
-554.685833,101,5887.838093
-47.539035,24,5887.939824
-36.800211,25,5888.043699
-29.761328,21,5895.930951
50.412402,25,5896.074078
67.260675,21,5896.176072
-137.544831,21,5896.261694
-88.091355,43,5896.443494
-107.535949,33,5896.58468
50.431078,25,5896.699045
-152.728797,39,5896.866799
58.069517,24,5896.968568
-151.886336,76,5898.174605
69.770377,21,5898.333222
-148.922949,39,5898.529216
-121.540779,49,5898.780156
-407.544052,59,5899.075195
-41.375593,25,5899.204362
-146.772217,22,5899.317672
-603.758861,101,5899.843708
-362.635952,67,5900.14972
-14.907202,19,5900.407233
-26.375401,21,5900.524744
2.367141,32,5900.668451
138.60207,25,5900.778673
-21.420407,20,5900.865747
-243.28785,37,5901.024299
-23.651401,19,5901.10772
72.729213,20,5901.202135
-27.25983,20,5901.292377
63.663099,22,5901.386199
-27.600375,20,5901.476768
-14.147422,19,5901.561781
-201.181243,32,5901.70562
-258.832574,37,5901.862641
-26.974145,20,5901.948799
-39.995534,22,5902.042595
96.902483,23,5902.144766
-160.587144,39,5902.318225
-151.665596,25,5902.432495
-26.792453,20,5902.523967
-263.504523,37,5902.699038
-27.764069,19,5902.778306
-216.527934,36,5902.929374
-128.890838,20,5903.009321
-111.067437,36,5903.160964
-26.432706,19,5903.239233
4.481986,34,5903.391175
-28.441675,21,5903.488736
-29.862398,20,5903.581648
-171.331102,41,5903.764944
-176.658467,28,5903.88181
-25.701891,20,5903.966695
-161.675182,40,5904.129447
-85.255079,31,5904.25841
60.137399,23,5904.357767
-231.645649,49,5904.560658
97.613066,27,5904.688472
-226.709417,35,5904.856788
-39.222506,58,5905.102176
-28.350313,20,5905.187596
-24.131915,19,5905.26499
21.888085,30,5905.390576
-93.596578,30,5905.518185
-24.333106,20,5905.60023
-84.810474,29,5905.726584
-137.200972,36,5905.879021
68.01377,21,5905.972126
-27.636386,20,5906.055555
-143.980802,23,5906.154353
-34.599299,36,5912.984137
-256.848936,39,5913.162057
-237.131819,35,5913.303239
45.430317,24,5913.403941
63.435213,22,5913.497894
-25.639748,20,5913.589674
-270.622316,43,5913.766032
-22.314588,19,5913.845669
-68.772423,27,5913.96022
-122.243777,21,5914.051556
-16.523649,20,5914.463437
62.318573,23,5914.575026
-31.396032,22,5914.672554
-286.577765,54,5914.911165
-13.696106,19,5915.07581
-68.65377,27,5915.197538
-217.20013,33,5915.335163
-26.743305,20,5915.420566
-39.340274,23,5915.519265
-286.997546,78,5915.854947
-19.316624,19,5915.941399
-12.995646,19,5916.024998
-65.606369,27,5916.148441
-127.281915,23,5916.245323
-18.646258,19,5916.321191
52.121037,26,5916.436538
-154.091281,24,5916.540774
74.358668,20,5916.625313
63.876208,22,5916.718783
-33.055102,22,5916.81049
-29.572908,23,5916.913372
-45.875607,24,5917.021412
103.929785,43,5917.202531
-61.55355,27,5917.31586
-127.193643,19,5917.400727
-703.39538,101,5917.816911
-128.875147,21,5917.901813
-291.181586,43,5918.086735
-4.693977,34,5918.233903
-231.266041,36,5918.392992
-130.596514,21,5918.479327
-164.511024,28,5918.597347
41.928265,26,5918.70088
-105.044537,90,5919.078795
-22.956681,20,5919.166876
-95.488962,31,5919.305115
-225.309399,36,5919.459772
-36.792626,22,5919.55757
-140.624257,37,5919.727252
-145.911394,40,5919.90084
62.897427,21,5919.994846
-35.169989,36,5920.15215
-169.043111,27,5920.264858
-23.419873,20,5920.347565
-105.918464,51,5920.567907
-15.253469,19,5920.647076
-28.819581,20,5920.729771
-21.91054,19,5920.810444
-76.732483,28,5920.931343
-326.547868,48,5921.147966
-10.414831,18,5921.225107
-531.821071,87,5921.659644
-35.011898,22,5921.78104
-269.833599,41,5922.206664
-80.21594,29,5922.511538
-14.645841,19,5922.645906
-218.49325,35,5930.629949
-23.610648,19,5930.714755
-131.71398,22,5930.814969
-249.082783,37,5930.978322
-230.261107,38,5931.141029
-83.719949,30,5931.270836
-116.622719,18,5931.515749
-148.738871,37,5931.844012
-180.643561,41,5932.031417
-40.058921,23,5932.128955
-184.287331,32,5932.272479
-30.488548,20,5932.358103
-161.53438,28,5932.475627
-75.040255,30,5932.616796
-128.307748,35,5932.802484
-91.026833,32,5932.952447
-158.436448,26,5933.066684
-45.601245,24,5933.167996
-76.422975,28,5933.290703
53.424419,25,5933.405282
-140.368747,23,5933.506978
-126.794396,19,5933.588878
-160.782174,26,5933.712233
-26.399149,21,5933.798428
-186.264429,30,5933.929833
-129.876163,20,5934.01285
-132.330178,21,5934.107326
-220.114263,33,5934.253615
-152.74256,26,5934.364468
-63.636267,28,5934.479716
-19.215688,19,5934.565418
-145.326159,23,5934.668314
-21.179622,19,5934.750312
154.734694,24,5934.855667
-30.511959,21,5934.948922
-130.876961,20,5935.039296
-24.646109,19,5935.117439
99.71295,31,5935.251319
-139.998039,37,5935.405804
39.206972,27,5935.519426
-36.481448,23,5935.625872
0.761239,31,5935.765613
-50.683035,25,5935.883043
14.532037,31,5936.014425
78.873339,20,5936.099308
-169.79933,27,5936.224167
69.398791,20,5936.307282
-171.027919,41,5936.480672
-182.426761,29,5936.606518
-60.955116,27,5936.742695
42.145125,26,5936.853257
-127.569525,19,5936.931779
-182.841969,43,5937.107817
66.358083,22,5937.19821
-160.273222,48,5937.481154
-156.260073,26,5937.593532
-34.059147,22,5937.690235
-209.236519,45,5937.88102
-33.723084,35,5938.026247
-35.594157,22,5938.120544
-68.923045,48,5938.317324
-104.135391,33,5938.453265
-123.841092,19,5938.538439
-94.592569,31,5938.672034
65.531134,35,5938.821515
74.01106,20,5938.90581
73.47671,21,5938.993421
194.455734,22,5939.085527
92.902802,26,5939.201227
-102.486381,31,5939.348985
-252.890643,40,5939.520109
-29.258055,22,5939.613002
161.788633,25,5939.721543
-36.806258,23,5939.822417
39.334636,27,5951.179774
-120.62335,19,5951.283529
72.965879,20,5951.376216
-14.418969,19,5951.456092
-223.409354,36,5951.607869
-123.151678,19,5951.684181
54.683349,23,5951.777909
-29.037443,21,5951.865076
61.043941,23,5951.976397
64.924493,22,5952.070602
-14.514474,19,5952.158068
-239.554322,36,5952.333511
-21.975237,19,5952.411646
-28.792911,20,5952.502359
-322.937051,101,5952.940443
-23.643272,19,5953.030553
-22.537638,19,5953.111899
-72.066846,28,5953.229779
-318.036307,101,5953.660351
-117.916772,20,5953.754433
-124.013409,19,5953.835147
-48.092146,25,5953.941534
-30.342229,21,5954.034922
161.075234,32,5954.177245
-32.250277,21,5954.275164
-261.284587,37,5954.435835
72.474963,20,5954.518035
-181.091281,48,5954.718628
-165.266549,28,5954.833734
-479.968377,101,5955.262657
-48.341767,25,5955.366516
62.597071,23,5955.463147
-21.365378,19,5955.542484
43.596472,26,5955.651308
-240.508677,37,5955.796885
-170.768001,39,5955.970091
-42.592863,24,5956.077384
-128.982199,37,5956.244352
-22.674226,20,5956.329729
-116.017832,34,5956.47149
-35.101585,24,5956.574303
-117.837919,18,5956.646973
-39.731465,23,5956.748337
-23.772984,19,5956.828877
-245.198742,37,5956.998061
58.590136,24,5957.097512
-30.381052,21,5957.183806
-28.458013,21,5957.268938
-26.89603,20,5957.356387
-45.13224,23,5957.451835
-125.117852,19,5957.539794
-216.936752,47,5957.747638
-27.193187,21,5957.852154
48.190671,25,5958.096625
-614.360321,101,5959.254234
-82.633587,29,5959.411051
25.245837,28,5959.538357
-127.311653,36,5959.691903
-30.230478,21,5959.776675
-20.275995,20,5959.865932
-27.78128,20,5959.952778
-32.114917,22,5960.04612
-122.325179,21,5960.143932
-189.756087,56,5960.410337
-19.531268,20,5960.504299
62.77546,22,5960.638316
-22.074929,20,5960.756524
-31.779732,21,5960.848401
-27.234412,20,5960.932385
-45.026055,24,5967.952227
-116.038695,19,5968.061715
-179.820749,43,5968.257756
-126.811854,19,5968.3436
-260.369143,37,5968.50408
-121.397267,19,5968.588965
-119.82753,19,5968.66902
-79.757165,51,5968.888526
-23.496668,19,5968.967602
73.687353,21,5969.056571
74.975824,20,5969.138282
-264.49501,40,5969.315389
-92.865377,31,5969.447414
-32.28144,22,5969.542488
-124.621312,35,5969.694606
-237.517389,37,5969.847916
-68.473023,29,5969.966231
-187.212692,30,5970.091524
-119.64639,20,5970.361184
-255.76833,48,5970.578639
-153.106403,62,5970.842809
79.979195,21,5970.938987
-6.231132,31,5971.078804
-136.141996,40,5971.247722
-15.01586,19,5971.324565
-17.280992,19,5971.405126
-28.468565,23,5971.505894
-44.257793,39,5971.687477
-179.9088,41,5971.863382
72.926676,21,5971.951473
-179.992929,29,5972.07783
-17.230051,20,5972.161658
-212.344761,34,5972.30456
-25.580975,20,5972.394599
-372.033796,54,5972.622833
-381.014109,57,5972.865938
37.887721,28,5972.989589
-161.517881,37,5973.144986
-116.086004,18,5973.22549
-32.396714,22,5973.319555
-54.591484,24,5973.422876
-251.677461,63,5973.690315
-28.369479,20,5973.779068
-140.22655,24,5973.878983
-29.685675,23,5973.981088
-34.209795,24,5974.083707
180.012243,20,5974.169621
-123.19402,19,5974.255801
4.229938,31,5974.390091
-737.841437,101,5974.809379
-139.793582,25,5974.918524
-121.975473,37,5975.080304
-177.512506,42,5975.264204
-184.211414,42,5975.450886
-39.507886,22,5975.550771
-24.146844,20,5975.634664
-236.559927,37,5975.836941
-36.001079,38,5976.061206
-141.084649,22,5976.231566
-46.556418,25,5976.432774
-238.537841,37,5976.7575
-89.068943,32,5977.070092
-150.747004,39,5977.382879
-30.114763,21,5977.518054
-23.350979,20,5977.672472
-25.283053,20,5977.841375
-55.861935,25,5985.25846
-209.899089,34,5985.430427
-62.039206,37,5985.590415
-28.075569,20,5985.669536
-68.852023,27,5985.78425
-85.87744,28,5985.902692
-158.597946,36,5986.048317
-155.140992,37,5986.206501
-268.220344,46,5986.399343
-35.05265,22,5986.495989
67.774386,21,5986.592658
-264.411266,37,5986.747277
72.943362,35,5986.898645
-21.186769,20,5986.984257
-145.511524,38,5987.141914
-179.454429,30,5987.273304
-24.5576,20,5987.357677
-170.48707,27,5987.470203
-40.870662,23,5987.564655
-73.62405,46,5987.760839
-37.451112,21,5987.855182
-127.697933,21,5987.946611
-114.892022,30,5988.077975
75.651083,22,5988.182409
-313.663095,58,5988.436147
-20.884886,19,5988.516183
-30.187086,21,5988.614844
-270.073061,46,5988.804912
-148.822153,37,5988.958364
71.472359,21,5989.044399
-84.462079,41,5989.218048
160.860713,24,5989.321913
-30.915628,21,5989.412606
104.40782,21,5989.503745
-352.808082,83,5989.847302
-281.446915,56,5990.080547
-33.485792,23,5990.179138
54.373426,23,5990.278918
-214.007642,35,5990.43231
-21.151846,19,5990.51633
-144.333307,26,5990.626796
60.878639,38,5990.791218
-135.231119,37,5990.945511
-35.918553,21,5991.035383
-70.831061,27,5991.152177
-241.627335,36,5991.309298
-190.018701,29,5991.43281
-227.563102,38,5991.600602
73.175635,20,5991.683095
-22.656047,19,5991.764354
-13.074808,19,5991.845313
180.591829,22,5991.936846
-28.327009,20,5992.156792
-370.738191,53,5992.42228
-250.206239,37,5992.583624
-232.588152,53,5992.837174
147.115808,29,5993.030278
-79.95692,31,5993.173289
-50.476844,36,5993.330935
0.490777,35,5993.476311
-157.453987,39,5993.645659
-31.621001,22,5993.74552
-26.021247,20,5993.828112
-184.383908,44,5994.025674
71.183378,20,5994.110059
5.468406,31,5994.244525
-190.78295,30,6003.282483
-172.132076,28,6003.421892
-19.04871,20,6003.510918
-32.433826,24,6003.612144
-31.967919,21,6003.702454
30.744002,29,6003.826709
-63.826023,54,6004.064127
-59.600782,27,6004.188074
-75.397524,27,6004.305051
-60.205625,25,6004.410876
32.255473,26,6004.521264
-630.375338,90,6004.91487
-49.830794,25,6005.023281
-197.129982,44,6005.209804
-35.243205,21,6005.297486
-124.225196,19,6005.373547
-26.499329,21,6005.464911
-246.376877,40,6005.642637
62.865426,22,6005.740046
-203.598297,32,6005.873104
-28.935373,21,6005.958517
-119.058823,19,6006.03639
35.098541,39,6006.203899
-93.215867,31,6006.345244
-18.966742,20,6006.429837
67.546337,22,6006.521327
-30.200842,36,6006.677151
-39.453075,23,6006.780767
68.049464,22,6006.87068
-145.851749,37,6007.019337
66.946688,21,6007.109043
-95.282351,32,6007.238615
-114.323003,19,6007.318169
-262.402835,37,6007.476264
67.619823,22,6007.56634
-24.969673,20,6007.653908
-28.178877,21,6007.743545
-248.51507,38,6007.912049
-204.630384,30,6008.043591
-25.145412,19,6008.136232
-105.368244,34,6008.355474
71.688465,20,6008.467445
-40.074564,23,6008.922286
-22.109564,21,6009.066572
-55.960735,26,6009.195741
-142.626375,23,6009.294476
67.443562,22,6009.413844
-24.934572,20,6009.508325
-27.539216,21,6009.609271
-244.966858,38,6009.779045
-8.126667,18,6009.855448
177.289846,25,6009.970133
-28.193098,20,6010.06133
-569.357272,101,6010.511859
63.211129,25,6010.657009
64.688514,22,6010.779659
59.377989,23,6010.889616
-120.142249,20,6010.977271
-36.735414,22,6011.077159
-39.058731,24,6011.264329
52.763423,25,6011.388786
71.480042,21,6011.482415
-20.603142,20,6011.567832
-65.902276,26,6011.681038
-131.629262,20,6011.762925
-262.823168,37,6011.919669
-190.159468,29,6012.048899
54.792999,24,6012.151878
-24.861604,19,6012.234158
-21.293228,20,6012.317629
-248.691601,37,6012.473503
-123.94761,19,6012.553153
63.186914,23,6012.649859
-246.813856,37,6019.500844
-117.767011,46,6019.761445
-160.699885,46,6019.966939
-75.211691,28,6020.09593
-254.307793,73,6020.424204
-42.660503,23,6020.529849
-20.532923,20,6020.627645
-89.921636,31,6020.764455
-30.76398,21,6020.865395
-201.83055,32,6021.003337
-312.581795,46,6021.205481
-296.116827,66,6021.492316
48.910953,25,6021.598555
-28.844776,20,6021.684944
-60.00725,26,6021.796857
-251.30634,37,6021.952635
64.378905,22,6022.043945
35.643952,28,6022.161891
-27.457463,20,6022.250143
-28.17121,21,6022.469705
69.820148,22,6022.564769
-29.821781,35,6022.725163
-64.313748,27,6022.838396
25.385634,30,6022.971688
-22.074746,19,6023.056756
-242.623231,37,6023.228106
-122.125436,19,6023.312955
-122.533979,35,6023.459063
64.35232,22,6023.553293
-78.667017,30,6023.687771
-242.061585,38,6023.850813
-212.680231,35,6024.006042
-61.960312,37,6024.166407
12.468205,30,6024.297092
-98.552358,35,6024.439019
-30.294771,21,6024.527945
9.710908,33,6024.67695
-138.258752,37,6024.843009
-159.531951,28,6024.959292
71.34277,21,6025.046632
-608.097196,101,6025.48171
-77.254187,42,6025.668151
-84.434685,31,6025.798261
-259.72518,37,6025.961662
-50.081891,38,6026.124059
34.890978,47,6026.329839
-258.053953,37,6026.491205
-96.74301,33,6026.62881
-179.013428,29,6026.774144
-210.200621,46,6026.965807
-20.81174,19,6027.04734
-52.950737,25,6027.153525
-120.790564,35,6027.304798
-150.688159,26,6027.416585
-71.74528,29,6027.545825
143.552759,26,6027.66094
73.368336,21,6027.757575
-27.202156,21,6027.88077
7.866628,29,6028.052974
181.747433,19,6028.16528
-139.44764,50,6028.523215
-500.044297,101,6037.14136
-26.050725,20,6037.252952
-22.762987,19,6037.340796
-158.916319,39,6037.508539
-47.737771,25,6037.620947
163.870527,22,6037.713938
-262.447321,37,6037.87079
-119.702786,19,6037.95274
-31.444126,23,6038.052561
18.931625,28,6038.172876
-22.101588,20,6038.259461
55.032983,23,6038.356071
-145.336283,37,6038.520019
-236.61268,37,6038.685089
-334.123573,66,6038.965712
-3.606419,32,6039.105542
-78.03773,29,6039.230188
-44.835967,24,6039.332909
-258.837374,40,6039.512459
68.579658,21,6039.600095
-19.473837,20,6039.682678
-190.043691,46,6039.871736
-232.046159,36,6040.024239
-50.988531,45,6040.219463
-9.629376,32,6040.357039
-67.394601,28,6040.480462
-15.90417,19,6040.563513
-124.284328,19,6040.640315
-116.6868,18,6040.721923
-131.65174,20,6040.807589
-297.72749,67,6041.097193
-140.835464,37,6041.280392
-225.898888,47,6041.485198
44.114843,26,6041.594341
-112.489673,19,6041.671054
-100.413024,31,6041.803175
-188.957388,30,6041.934428
153.848324,27,6042.046971
-210.131448,37,6042.200656
-20.646996,19,6042.282225
50.583656,25,6042.387718
28.658845,28,6042.504177
8.888322,31,6042.631934
-234.918235,49,6042.847385
-36.780942,22,6042.939172
-15.183128,35,6043.087321
69.580741,21,6043.170999
-320.590259,61,6043.438784
-125.20268,20,6043.525795
-30.301153,21,6043.613457
-89.891763,44,6043.794762
163.967585,22,6043.888004
-206.569737,56,6044.137887
69.737076,21,6044.227439
-116.758947,18,6044.307282
-52.572711,26,6044.510985
-218.097744,34,6044.663414
-154.566568,38,6044.824459
61.147022,27,6044.939491
-208.289092,47,6045.149754
74.161023,20,6045.233767
-39.742689,25,6045.343868
-45.074128,24,6045.444745
32.50275,26,6045.560677
-435.700524,89,6045.94081
73.710178,20,6057.138823
-149.075604,24,6057.350452
-130.77175,20,6058.230755
62.633356,23,6058.431325
-121.559927,19,6058.545218
69.171578,21,6058.657518
-212.405815,35,6058.84787
42.879055,26,6058.99178
-115.139418,51,6059.228549
-20.793313,20,6059.327528
-130.263217,20,6059.410594
-29.747073,21,6059.50225
-159.960614,37,6059.67772
-70.828232,29,6059.812867
-68.035816,29,6060.055807
-22.594493,20,6060.153881
-200.587887,32,6060.373904
136.769895,29,6060.581534
-101.867344,33,6060.760514
48.962734,35,6060.92861
-258.087839,37,6061.091205
-26.316655,20,6061.191067
-30.790351,20,6061.292665
-47.04218,39,6061.474915
-43.037402,23,6061.591024
101.256432,22,6061.709663
-37.568363,24,6061.918319
-40.46772,23,6062.042726
78.097919,19,6062.163979
-446.390261,61,6062.515272
-181.94637,42,6062.791257
-25.849386,19,6062.877413
-46.711714,24,6063.003427
54.273986,23,6063.11893
-81.696415,27,6063.258217
41.381399,26,6063.373928
49.085238,25,6063.486862
-32.62839,21,6063.57719
-38.856994,24,6063.689015
-51.164708,38,6063.865345
-499.746173,101,6064.637451
46.222932,26,6064.770435
-99.586928,33,6064.913371
-30.710004,21,6065.004254
-117.834098,34,6065.150931
-124.470497,33,6065.319487
-268.418929,79,6065.708081
-144.804899,25,6065.828695
-135.697074,37,6066.089312
-125.269871,20,6066.199309
-106.239691,38,6066.518223
-100.42515,32,6066.67704
-464.406516,68,6067.016963
-32.571714,21,6067.117962
-269.577182,49,6067.316214
-31.747414,21,6067.402603
163.766437,62,6067.67421
69.427284,21,6067.772691
38.226636,46,6068.048542
-128.214479,19,6068.131424
33.25732,27,6068.252434
55.198456,22,6068.351109
-111.776623,33,6068.491069
-128.045862,20,6068.57557
-167.142493,41,6068.748198
-132.753326,20,6068.835665
-236.331794,62,6075.892388
-186.014146,40,6076.066971
-27.829784,20,6076.157631
-173.833755,27,6076.276382
-16.786007,19,6076.353071
-28.42265,34,6076.49966
-57.35017,25,6076.60145
-37.707641,35,6076.755766
-63.231565,28,6076.884344
-104.348195,33,6077.023655
76.23615,20,6077.10519
-29.253793,20,6077.190142
-24.56467,20,6077.273446
-146.356078,34,6077.410837
-56.184358,37,6077.572849
68.633527,21,6077.661909
35.542177,28,6077.783731
-31.759177,21,6077.872797
-29.044654,20,6077.954284
-37.83536,24,6078.060263
-125.725205,19,6078.141831
55.65167,24,6078.243901
59.374838,23,6078.339249
-118.909411,19,6078.421368
165.599062,22,6078.515111
-24.152741,35,6078.663418
-45.747486,24,6078.773667
-26.330453,20,6078.954779
64.31442,22,6079.04956
-29.575472,23,6079.152277
-64.705951,28,6079.270202
-118.020182,18,6079.345183
-126.488268,19,6079.421533
-133.872069,22,6079.514216
-20.834388,20,6079.598711
164.851368,22,6079.705668
-22.821847,19,6079.788209
4.189037,31,6079.920958
1.829322,32,6080.064338
74.204526,21,6080.152423
-71.464105,30,6080.28497
-22.258391,19,6080.365269
-49.32398,24,6080.464941
-34.423739,21,6080.560599
-186.090542,69,6080.853063
-155.604791,56,6081.093973
-125.681169,19,6081.17316
-142.661389,25,6081.282593
-45.369759,25,6081.39272
-34.130292,24,6081.497272
76.367162,39,6081.660588
-471.098064,86,6082.039456
-27.486776,21,6082.128886
-366.606111,64,6082.402014
-16.138632,19,6082.491915
-118.416885,35,6082.650274
-31.465106,22,6082.788361
-30.162329,20,6082.905526
-138.817137,22,6083.019159
-26.369973,20,6083.104852
68.095309,21,6083.191535
-133.102057,22,6083.28343
-41.005597,23,6083.382658
-32.753997,35,6083.533303
-132.753493,22,6083.624119
-170.128239,41,6083.799598
-26.514045,21,6083.89076
-235.628527,36,6084.047311
-29.330288,20,6084.12976
-138.987837,37,6084.297957
-26.06726,20,6084.426674
277.868897,22,6084.541544
61.109986,23,6084.659856
-63.519598,27,6093.353207
-26.363627,19,6093.470195
-55.145945,39,6093.662931
-128.274889,19,6093.743924
31.192849,28,6093.86045
165.174482,22,6093.952063
-126.387414,19,6094.031289
-255.485025,39,6094.194468
-178.467052,30,6094.326279
65.329672,22,6094.421264
-46.530596,23,6094.521495
-175.423801,41,6094.697486
-69.748977,28,6094.815065
-134.304233,20,6094.90062
-28.255513,21,6094.989544
-95.46539,43,6095.164132
191.656064,23,6095.269427
73.437062,20,6095.356287
-137.813547,22,6095.454098
-73.311935,30,6095.58882
63.780103,22,6095.68678
-38.932698,37,6095.855306
54.33632,24,6095.967132
-486.680124,67,6096.266562
-22.063437,19,6096.345914
-398.204455,101,6096.751807
-31.881025,22,6096.844565
-30.172797,21,6096.932078
-37.176939,25,6097.036177
77.906682,19,6097.118426
-175.967001,47,6097.334064
64.747988,22,6097.42563
-46.192041,24,6097.52949
72.759657,20,6097.61557
272.444474,38,6097.781259
68.072714,21,6097.868555
-25.398102,19,6097.948288
-124.145722,19,6098.023187
-20.895033,20,6098.107272
12.256374,34,6098.260742
160.565873,25,6098.370954
-35.773948,22,6098.466225
2.165056,33,6098.608498
-127.522026,35,6098.755621
-191.184203,31,6098.89576
-26.819044,20,6098.975033
3.976783,31,6099.109073
-94.015088,32,6099.247833
-51.425583,25,6099.352017
-73.221256,28,6099.474316
-157.732623,25,6099.576934
-31.105041,21,6099.667597
-264.873791,41,6099.841728
-52.265938,25,6099.953276
-40.244647,23,6100.056292
76.465818,21,6100.148789
-25.056371,20,6100.23212
69.05256,21,6100.319039
-350.187726,51,6100.540729
70.4269,21,6100.623819
-167.515729,28,6100.746088
-142.271216,24,6100.843612
-35.864525,23,6100.944119
-28.872635,21,6101.034367
-29.009246,20,6101.119934
-143.772009,37,6101.386683
70.066119,21,6101.479195
-32.393782,21,6101.568033
-127.597964,19,6101.649821
-307.987881,45,6101.841425
-76.390567,29,6101.97063
58.310544,23,6102.071286
-213.152294,34,6102.220182
190.155665,19,6112.417167
-122.35122,37,6112.695549
-132.142527,20,6112.850625
-310.033023,47,6113.066
-147.725591,24,6113.174335
41.222405,25,6113.277867
-19.290095,19,6113.356495
-110.750306,35,6113.50957
-28.441215,20,6113.596636
27.467631,29,6113.723046
-29.235807,20,6113.807879
-25.571604,20,6113.903896
-136.113263,22,6113.99491
69.713016,24,6114.0982
-141.571738,51,6114.318482
-30.667667,21,6114.410474
200.935765,22,6114.505606
-124.400503,21,6114.597597
-15.000606,19,6114.684193
-263.992697,40,6114.869174
-80.10739,31,6115.003706
-335.914286,79,6115.342885
58.06139,24,6115.475234
-305.460798,56,6115.773365
71.849444,20,6115.854438
65.219496,21,6115.949509
-134.67753,20,6116.035955
173.441449,23,6116.132272
-136.359117,21,6116.22097
266.673141,35,6116.371298
-155.898722,39,6116.535034
-168.743053,27,6116.643043
-265.624924,37,6116.79833
-24.109406,19,6116.871128
38.95822,25,6116.980762
-128.92974,19,6117.063824
-142.167732,38,6117.218998
101.083657,30,6117.347053
-128.92771,19,6117.426506
-223.659339,34,6117.570068
-281.714858,42,6117.743689
2.849178,31,6117.876531
49.444578,25,6117.98064
1.327837,33,6118.1252
-31.878135,21,6118.221446
-25.385024,20,6118.309087
-14.287064,19,6118.388102
-33.740649,20,6118.477111
169.712587,21,6118.562223
-26.715929,20,6118.64793
-151.234935,37,6118.812467
55.908767,24,6118.917596
-124.291972,19,6118.997341
-124.628769,19,6119.078483
-16.426559,19,6119.155899
-19.600361,20,6119.238002
42.798608,26,6119.354832
-20.642801,19,6119.436139
-100.985333,31,6119.573639
-11.11279,19,6119.656003
-34.456813,23,6119.757021
66.872742,21,6119.847652
60.038512,22,6119.942688
-37.457372,22,6120.034404
-86.376193,31,6120.169861
36.549781,28,6120.292654
-133.944636,22,6120.384566
-26.718325,20,6120.469918
-206.408776,35,6120.611284
-241.859875,39,6120.790627
68.501441,22,6120.887568
-29.455959,21,6120.974644
-57.053341,27,6121.097343
-133.510205,43,6121.294494
-24.528687,19,6121.374656
-311.861171,46,6131.685937
-177.206233,53,6131.970532
-194.714396,29,6132.094744
-189.086624,30,6132.222908
-15.545877,20,6132.309132
-198.010526,44,6132.499265
-14.977161,19,6132.582207
-267.767068,43,6132.760314
60.596616,23,6132.859959
17.710464,31,6132.997832
-45.73739,39,6133.164522
-64.253055,28,6133.281483
-233.323974,37,6133.443128
-15.774668,19,6133.520574
-249.751094,37,6133.680655
-88.36805,30,6133.806899
-132.677278,20,6133.888959
-28.942972,20,6133.974626
-167.382861,32,6134.113258
-37.1881,25,6134.217563
296.131831,22,6134.310668
-22.986207,19,6134.395295
-49.049401,27,6134.515454
-177.940691,32,6134.653177
-30.224564,22,6134.746018
-50.502387,38,6134.909226
-138.300888,23,6135.008507
-35.205866,22,6135.109156
-108.909629,35,6135.255636
63.587667,22,6135.4408
-201.455472,35,6135.607492
-17.744035,19,6135.687864
-16.608065,20,6135.773226
-173.095158,43,6135.969956
-276.271958,40,6136.145587
-71.216025,29,6136.279734
-253.185636,37,6136.442312
-258.800074,39,6136.616824
-32.618886,23,6136.722951
-144.655927,46,6136.913792
172.089736,25,6137.021083
42.829121,25,6137.136974
147.704462,27,6137.249193
-126.171044,19,6137.33509
-34.959467,23,6137.431561
-35.77276,22,6137.531525
-27.938607,21,6137.618698
-18.429984,20,6137.704098
-25.451446,20,6137.794383
-19.366225,20,6137.877991
-197.810551,43,6138.064871
-27.889708,20,6138.1469
-26.115227,20,6138.251361
206.805475,21,6138.346575
-142.999003,22,6138.442284
-276.364556,41,6138.614617
3.42002,32,6138.756916
168.629896,21,6138.841791
15.795575,30,6138.964286
-172.793379,30,6139.095954
-124.569851,35,6139.246347
-72.058361,30,6139.376824
-12.245077,18,6139.453868
-26.149247,19,6139.532141
57.049993,24,6139.631904
-14.405196,19,6139.858681
-120.846873,20,6140.126576
67.247111,22,6140.220544
34.884501,29,6140.353438
-39.873469,24,6140.461186
46.764959,25,6140.58917
-123.974454,20,6140.695056
-118.35777,20,6140.792117
-166.88594,29,6140.980717
-297.135895,58,6151.062421
114.431141,28,6151.194912
-170.316237,28,6151.310913
-57.401482,40,6151.483965
65.405465,21,6151.583124
67.677389,39,6151.750583
57.311791,24,6151.852902
-125.801853,20,6151.93745
-112.071318,34,6152.084018
64.039392,23,6152.18159
-66.230792,28,6152.297464
84.798085,19,6152.381349
130.852041,30,6152.515792
-75.526844,29,6152.668193
-219.896435,36,6152.821718
-92.525054,31,6152.950698
36.747758,27,6153.065348
-89.358194,32,6153.200968
-86.98436,29,6153.326083
-31.662253,20,6153.414227
-73.403342,30,6153.543333
58.545313,23,6153.64762
-28.276639,20,6153.7383
-249.620604,37,6153.889324
-130.175649,21,6153.982016
-2.063258,31,6154.120444
-28.11423,21,6154.209185
-17.35786,54,6154.448572
-135.324221,22,6154.54124
146.920716,30,6154.681256
173.560299,20,6154.776893
162.980105,26,6154.890334
-42.145135,25,6155.001775
-55.300732,26,6155.121521
-181.312647,27,6155.233933
-414.806637,60,6155.491189
-258.619001,37,6155.651014
-40.832285,23,6155.745427
-174.592756,32,6155.885174
-255.320477,44,6156.074698
-265.231821,38,6156.228058
-176.345014,26,6156.354629
164.453875,22,6156.452523
-45.943784,25,6156.555766
-133.187044,20,6156.641039
-168.260951,48,6156.840939
-67.693817,27,6156.953548
70.211678,21,6157.048372
71.350953,20,6157.131433
-213.462084,34,6158.054358
-675.184085,101,6158.535105
70.738348,21,6158.641037
46.725033,30,6158.776749
63.156037,22,6158.872824
-234.885857,36,6159.026868
-29.046678,21,6159.117792
-24.456579,19,6159.201302
-102.534417,32,6159.336902
-127.598614,20,6159.41633
-82.625839,29,6159.542154
-55.154084,27,6159.661631
-137.748049,38,6159.831195
-134.246267,21,6159.924487
65.087612,22,6160.016474
-274.708017,56,6160.401008
-137.095427,21,6160.484524
-19.767838,21,6160.57619
49.075095,25,6160.681958
-44.970799,38,6170.929099
-32.483433,36,6171.317691
-149.342366,53,6171.613448
-202.244188,49,6171.827953
-252.346218,37,6171.984627
-190.088859,30,6172.114639
-530.902947,101,6172.571045
-567.858968,101,6173.079072
42.581093,26,6173.185535
-117.610742,18,6173.263717
69.164362,21,6173.352228
-156.082399,39,6173.51814
-200.170051,45,6173.724678
-128.230811,19,6173.806096
5.364412,31,6173.94273
-226.965048,60,6174.198542
-24.747065,19,6174.277618
-29.478258,22,6174.367239
-126.216437,22,6174.461476
167.611932,21,6174.569827
-232.412188,56,6174.819368
-141.944752,59,6175.069948
-119.898596,19,6175.147619
-76.611629,28,6175.267938
-51.122169,25,6175.374705
68.422806,21,6175.463502
-27.811109,20,6175.550647
-23.473731,19,6175.637796
-133.084979,21,6175.755145
-56.730926,26,6175.86696
-132.4269,37,6176.02441
-164.914383,26,6176.140719
69.542932,21,6176.247388
-114.22519,19,6176.33119
-117.540506,38,6176.495348
-148.089137,38,6176.6582
-212.061485,50,6176.866844
-56.7956,26,6176.983088
-21.199349,19,6177.061657
-52.408108,26,6177.173413
-30.984865,21,6177.276356
-137.731139,21,6177.362384
-138.002185,37,6177.520282
81.191204,19,6177.605595
-30.357343,22,6177.698894
-154.629012,39,6177.872706
-75.043364,29,6178.006066
-21.128537,20,6178.092436
97.002848,40,6178.264921
-27.321255,22,6178.361618
-157.861267,37,6178.510716
-330.01081,64,6178.782371
-125.17345,22,6178.876041
-40.462137,24,6178.976961
54.953359,24,6179.082809
-210.029055,34,6179.22872
-55.919035,26,6179.338723
-28.111226,21,6179.431695
-84.130464,30,6179.558838
-29.288974,20,6179.645039
-121.968776,19,6179.730894
71.770664,21,6179.825025
37.799185,28,6179.948368
-60.452046,37,6180.110985
-355.139351,61,6187.551198
-46.366602,40,6187.735535
-22.359845,19,6187.816516
-228.149485,48,6188.026419
-176.290816,41,6188.205324
-112.855568,34,6188.349225
67.383714,21,6188.441982
-252.733925,37,6188.597217
-30.773537,36,6188.763164
-137.88223,23,6188.8663
-391.289407,88,6189.232091
69.343042,21,6189.31965
78.749689,20,6189.407192
-368.078037,64,6189.677508
-186.193163,43,6189.862461
-9.821928,18,6189.960176
-127.328264,19,6190.047666
-26.271507,19,6190.144922
-127.169515,20,6190.232254
53.574685,24,6190.34407
-241.180559,36,6190.504072
-35.888055,21,6190.610856
-178.278578,28,6190.747409
-46.744636,38,6190.912722
178.344925,22,6191.007633
-8.246849,18,6191.088023
-198.114269,30,6191.216912
67.975667,22,6191.31775
-125.74461,41,6191.50544
62.52142,23,6191.691291
-16.755783,19,6191.774814
-101.317629,32,6191.920218
-27.412855,20,6192.005078
-139.798793,54,6192.237395
-69.090993,28,6192.365281
-313.522234,48,6192.578158
-25.92838,19,6192.659215
26.303317,42,6192.840158
-574.467467,86,6193.529662
66.666164,25,6193.653919
-31.460134,20,6193.740309
-154.719569,38,6193.902893
-248.29249,37,6194.070832
60.776662,24,6194.179795
-67.033894,28,6194.300308
-39.111145,22,6194.39315
-32.174442,21,6194.482248
-107.390143,32,6194.621174
-248.335149,37,6194.796157
-129.906724,20,6194.881244
-159.629691,25,6194.991625
-384.002592,101,6195.405626
-146.165576,37,6195.559934
-207.24087,41,6195.735252
-18.753032,20,6195.81423
-78.076049,43,6195.999915
-25.557355,20,6196.094192
168.60748,21,6196.18627
48.246469,27,6196.308104
64.144679,22,6196.402235
151.291028,25,6196.531893
26.681751,29,6196.652793
51.31251,25,6196.756942
26.913952,28,6207.532204
-55.280639,26,6207.663458
-32.948739,21,6207.764108
-61.254178,37,6207.924008
47.629403,25,6208.034856
-261.847105,37,6208.194262
-30.819278,20,6208.275169
54.235556,24,6208.385104
151.107633,69,6208.677171
-51.977353,26,6208.788854
164.902523,25,6208.894123
-118.238363,48,6209.101774
-108.568894,32,6209.240443
-113.444307,19,6209.320879
-118.792045,19,6209.399234
-31.140493,22,6209.502741
70.351157,25,6209.611656
-15.898121,19,6209.701205
-125.588827,19,6209.783055
-156.318511,37,6209.940239
-30.853898,21,6210.027202
56.961009,37,6210.180875
-41.028452,23,6210.277722
-31.222342,21,6210.367402
-245.695585,37,6210.521601
-67.421042,28,6210.638468
55.24574,22,6210.735249
-246.645522,37,6210.906863
-124.412957,19,6211.004808
-80.954134,29,6211.128054
63.355296,22,6211.227331
-170.581421,26,6211.341173
-136.54629,41,6211.516703
-35.568029,22,6211.610105
-250.151558,39,6211.782497
-25.360681,21,6211.868935
-84.520169,30,6212.007424
-20.790662,19,6212.086519
150.285855,28,6212.206086
-144.072414,37,6212.366859
52.606648,24,6212.472144
-31.247189,21,6212.559847
69.914126,22,6212.655486
-46.678591,23,6212.754197
64.383255,21,6212.843358
45.343471,28,6212.966486
-261.690333,37,6213.136281
-186.031332,43,6213.320714
-22.990742,19,6213.398158
-111.919998,33,6213.535112
-175.382856,52,6213.763517
-133.384716,24,6213.863833
-184.680716,43,6214.044111
-45.563067,23,6214.138887
44.12119,26,6214.256567
169.759184,21,6214.345381
104.240112,37,6214.508197
-32.443557,21,6214.597091
-113.456248,32,6214.733865
-201.615768,33,6214.885563
-136.284302,21,6214.976453
-127.564382,19,6215.060759
-155.959064,37,6215.217584
69.866565,22,6215.315849
-133.223095,20,6215.398602
-35.238096,22,6215.49479
70.423619,21,6215.591008
74.988248,20,6215.672357
234.981058,46,6215.869011
-139.168268,21,6215.964635
74.237074,20,6216.047535
-272.236871,37,6216.31171
-160.628556,39,6224.644228
-4.684125,34,6224.887092
-336.565313,51,6225.30004
-331.120575,78,6225.995617
-255.485754,37,6226.316433
69.574613,21,6226.485475
-136.386289,24,6226.614362
72.38279,20,6226.701279
-132.15839,52,6226.920233
-128.944993,21,6227.018282
-129.383382,20,6227.106911
-54.648781,24,6227.208149
-36.846458,23,6227.307549
-26.154859,21,6227.403793
166.767809,21,6227.493106
-157.225714,40,6227.672171
-130.936167,20,6227.756312
-130.76023,20,6227.844992
-45.114854,22,6227.940386
-41.217113,22,6228.044213
-122.391442,35,6228.196447
-23.469059,19,6228.277424
-21.022661,19,6228.363626
-151.765432,25,6228.469108
-61.782694,26,6228.576225
-369.299062,67,6228.863146
-25.611726,20,6228.949883
-272.762687,45,6229.156491
-97.472134,32,6229.290188
-62.330613,28,6229.40877
-622.871867,101,6229.836846
-121.101825,19,6229.915367
-89.688647,30,6230.043523
-34.211609,21,6230.13729
-160.888357,38,6230.297753
-133.822496,35,6230.441777
84.343429,21,6230.538317
-38.447407,23,6230.637541
-209.981374,31,6230.769156
169.401441,27,6230.887513
15.128942,30,6231.027372
-30.522832,20,6231.106541
-29.086933,20,6231.192425
198.208835,20,6231.277838
-29.000758,21,6231.377024
-140.53337,22,6231.469152
-105.162988,37,6231.624448
-126.708139,36,6231.783971
59.129282,23,6231.881422
-160.889547,43,6232.063594
-28.869025,21,6232.15034
-58.058757,25,6232.26184
-143.550736,37,6232.424899
-10.440396,32,6232.557106
-178.135009,44,6232.774544
-132.210512,20,6232.8616
-12.640794,19,6232.938015
-25.009512,20,6233.037478
73.87997,21,6233.381203
-33.266443,22,6233.484891
157.225362,23,6233.586159
57.38501,23,6233.685917
55.494187,24,6233.788327
-178.65329,43,6233.974444
140.905604,27,6234.089395
71.316346,20,6234.177936
67.581245,21,6234.265148
-74.012071,41,6234.432085
-131.633413,23,6234.531591
-38.662674,23,6240.482779
-25.750779,20,6240.611134
-262.604476,37,6240.802903
-30.693422,21,6240.889868
-243.894583,37,6241.048421
-81.328794,29,6241.171923
-224.66583,34,6241.319707
-52.025401,25,6241.437409
-60.261127,25,6241.541182
-39.75312,39,6241.701921
-33.45666,21,6241.795994
-89.527696,31,6241.924959
-340.612617,46,6242.127372
-130.550682,21,6242.22223
-126.784203,19,6242.316173
-31.846581,20,6242.399877
-29.796148,20,6242.484185
-7.599799,37,6242.642338
67.870864,21,6242.729764
-24.537343,20,6242.814748
-29.951451,21,6242.901259
57.03511,24,6243.001888
-39.999063,23,6243.098022
-44.088679,22,6243.192444
-31.164876,21,6243.288755
-69.186833,29,6243.416413
-121.452598,20,6243.50087
-205.305224,33,6243.646629
-3.911337,40,6243.817025
-75.08303,28,6243.940821
69.070633,21,6244.027623
-159.221157,27,6244.142664
-58.272083,28,6244.261079
-166.316388,40,6244.429632
44.439213,24,6244.528989
-175.154606,28,6244.647986
157.823351,23,6244.743615
-88.108241,30,6244.873299
-104.61504,34,6245.019294
-263.199279,37,6245.257286
-127.665181,19,6245.34839
71.956677,21,6245.440093
-608.521468,101,6245.948118
-16.838178,19,6246.028403
-146.70479,23,6246.129849
-31.654116,22,6246.224143
72.043347,23,6246.3285
-11.973531,34,6246.474367
-125.11373,19,6246.556301
-160.384219,39,6246.715866
-143.266289,37,6246.870261
-34.019522,22,6246.965971
-31.890115,21,6247.055387
-130.555346,34,6247.206222
-25.540509,20,6247.288989
-125.381875,20,6247.37415
48.92719,25,6247.482311
-95.286994,30,6247.608279
-186.720535,56,6247.857699
-69.324013,29,6247.984312
-14.979661,19,6248.067254
-54.994055,27,6248.18386
-29.590118,20,6248.269838
-20.349795,19,6248.350288
-22.13075,19,6248.43437
-41.198579,24,6248.533701
50.041722,23,6248.632481
-30.466349,21,6248.720381
-19.596061,19,6248.805635
-132.363125,20,6248.891513
68.840385,21,6248.979723
156.703064,30,6249.108849
-135.482126,35,6249.26633
-344.319013,54,6249.508
-31.669063,21,6257.739811
-66.290981,27,6257.890959
-34.179637,22,6257.991103
-75.737977,40,6258.160302
-138.236506,23,6258.258978
-7.585774,31,6258.399241
69.807897,21,6258.489014
-163.027834,40,6258.661594
-46.318898,37,6258.816085
-126.081088,19,6258.902235
50.520897,25,6259.008734
-160.062843,27,6259.123112
66.668895,21,6259.214157
-225.686466,33,6259.355068
68.895164,21,6259.448815
-129.90935,20,6259.536774
-24.491147,20,6259.620968
-168.779881,41,6259.799261
-443.028131,93,6260.194981
-78.150204,29,6260.31664
-24.380584,20,6260.401196
-124.309372,36,6260.56198
-31.951432,21,6260.651355
-243.661172,38,6260.816911
-532.978129,101,6261.249788
-38.933902,21,6261.34431
-23.641516,20,6261.432328
127.895238,49,6261.639748
-174.954307,49,6261.849647
-241.365815,37,6262.005817
-618.863149,89,6262.390834
-81.380958,29,6262.520552
191.658254,21,6262.609859
-134.657954,20,6262.698613
51.994994,24,6262.803845
73.172261,20,6262.887545
-126.423963,19,6262.974359
-28.65013,20,6263.061658
157.955334,25,6263.174481
-123.825945,35,6263.323808
-24.754463,19,6263.407165
-187.250921,63,6263.66984
163.518279,22,6263.766819
-253.957774,65,6264.060406
-36.401722,22,6264.152509
-190.722333,45,6264.346693
85.799529,24,6264.460834
-95.809704,44,6264.659461
58.451225,24,6264.773128
-8.216395,18,6264.856604
-10.07625,33,6265.00948
-202.053477,44,6265.211471
-203.097674,32,6265.358322
-143.591195,40,6265.546267
-232.196591,48,6265.76739
-31.526525,20,6265.857323
-166.308917,28,6265.976821
-59.18899,27,6266.104863
-24.96422,19,6266.188653
-66.061503,26,6266.304302
-48.194108,24,6266.4102
-435.72762,101,6273.466091
-341.935176,50,6273.800992
-62.403495,27,6273.91777
-302.299323,58,6274.174906
-180.274272,32,6274.306421
-30.853509,21,6274.395711
-55.948569,27,6274.505485
-282.459118,40,6274.675736
69.435253,20,6274.765783
-37.385912,22,6274.854314
-170.300774,48,6275.053997
56.14908,24,6275.152321
-430.798983,101,6275.578122
-170.060545,41,6275.763669
-243.74368,37,6275.926693
-19.975485,20,6276.016168
-251.532368,37,6276.173979
-247.278417,37,6276.347933
-252.854233,39,6276.513983
-31.717925,20,6276.598013
-5.443512,32,6276.733531
-16.702127,19,6276.814492
149.864494,30,6276.942206
-217.621003,34,6277.091833
-27.912752,20,6277.168848
-26.371373,20,6277.260998
-228.260538,50,6277.475593
159.475006,22,6277.566143
24.069935,27,6277.686944
-78.53613,28,6277.810053
-33.711515,23,6277.907151
-243.826021,37,6278.067146
-91.298763,32,6278.200295
-352.382372,76,6278.527938
173.059978,23,6278.628372
63.986511,23,6278.728511
-30.652726,22,6278.826228
-22.742629,19,6278.91321
-65.687824,28,6279.034788
-185.025197,31,6279.159473
-123.308941,19,6279.241579
-52.651142,26,6279.355307
-172.276109,28,6279.474318
-31.945503,20,6279.558542
-38.164025,22,6279.649369
-122.174191,19,6279.728863
55.325497,24,6279.828941
-35.342701,22,6279.921862
52.367337,24,6280.025681
-31.438749,20,6280.112232
68.695458,21,6280.209393
-44.328408,24,6280.317251
-29.100308,21,6280.406961
-25.223666,19,6280.486133
-266.960686,39,6280.671038
-132.123656,20,6280.795673
-135.197684,24,6280.941056
-109.891817,34,6281.241963
33.923302,27,6281.542945
-28.540239,21,6281.732307
-117.063623,18,6281.90583
-26.574322,20,6282.08922
-35.631173,23,6282.289028
-230.067197,57,6282.812648
-146.130003,38,6283.222072
-126.183595,20,6283.450589
-255.576894,37,6283.766822
-110.595652,35,6292.542396
-239.521214,36,6292.771258
64.575049,22,6292.87937
-35.227253,21,6292.972209
210.730694,30,6293.106923
-25.135211,19,6293.184578
-28.243215,21,6293.275262
-66.383712,41,6293.456816
-100.672511,32,6293.594097
35.029863,28,6293.712986
-152.805723,25,6293.826284
70.658815,21,6293.915042
-21.951736,20,6294.000055
-215.719984,45,6294.186459
-26.737968,22,6294.275062
-391.002514,59,6294.526773
50.593622,28,6294.642774
70.594835,20,6294.736391
-38.805,36,6294.886129
-50.652848,25,6294.992969
-126.628263,22,6295.086926
189.670144,19,6295.171694
189.708872,21,6295.265499
-22.715697,19,6295.349581
-29.648596,35,6295.49732
-72.317478,28,6295.623609
-140.699758,24,6295.72161
-180.03579,44,6295.917985
-31.458982,22,6296.009891
-229.587888,35,6296.157486
-42.416937,23,6296.25756
-24.933857,20,6296.356629
-237.705887,37,6296.517118
-117.359545,46,6296.70982
-57.263496,38,6296.863847
-95.306313,31,6296.990472
-119.29306,19,6297.070904
59.804782,23,6297.174373
-55.01549,26,6297.27927
-134.095882,51,6297.494194
-41.878332,23,6297.66794
22.703475,27,6297.784048
-240.575116,37,6297.949575
-93.571828,32,6298.093559
-49.240277,37,6298.249327
-51.94324,23,6298.344506
65.753159,21,6298.434625
-194.423288,44,6298.634168
-36.087983,22,6298.727365
-132.240362,20,6298.810682
-17.445076,19,6298.898368
-214.13394,39,6299.062112
-27.785578,20,6299.146574
-146.050075,51,6299.360057
41.3727,27,6299.471956
-29.269416,20,6299.556607
-279.847251,62,6299.831949
-217.621605,66,6300.114505
-80.490811,29,6300.235835
-31.799038,21,6300.327179
18.604472,30,6300.455426
-32.335455,21,6300.548761
47.687995,25,6300.660239
77.406552,19,6300.740076
49.173705,25,6300.850153
-57.713335,27,6300.969586
-0.0097,34,6301.467858
-26.420093,20,6301.571443
-44.168251,22,6301.664685
-30.414494,23,6301.849164
73.533438,20,6310.263297
-199.068506,32,6310.468888
-24.063434,19,6310.55829
-42.420167,37,6310.71609
-22.596075,19,6310.795231
-35.3299,23,6310.891611
-93.638291,31,6311.025618
72.171639,20,6311.110869
-643.461217,101,6311.564399
-252.304946,39,6311.726982
-141.140042,21,6311.813932
-134.073021,20,6311.901016
-133.029395,20,6311.986462
-26.784836,19,6312.061105
-90.201388,29,6312.18026
-181.231261,30,6312.304727
-28.591935,23,6312.403981
-95.156678,31,6312.535436
-191.644467,42,6312.713566
67.046348,21,6312.800093
-26.213526,20,6312.885859
-298.597886,52,6313.111474
-734.482985,101,6313.557979
-103.119543,33,6313.704801
-182.824097,39,6313.871796
-172.733828,28,6313.992663
70.799196,21,6314.087566
-105.137221,34,6314.228576
-126.011134,19,6314.30954
-23.36477,20,6314.395079
-34.255755,23,6314.493013
-332.159719,78,6314.817802
-29.964888,20,6314.897365
-139.48775,37,6315.063455
-372.771891,73,6315.379643
-13.11397,19,6315.460793
-604.439545,101,6315.877256
-37.512353,22,6315.968955
-59.75828,25,6316.076148
161.237966,26,6316.190473
-22.697543,19,6316.273732
-5.314941,45,6316.467392
-171.912675,42,6316.647839
-233.063356,38,6316.811497
-25.90022,33,6316.951988
-123.463682,19,6317.033418
-27.76404,20,6317.117183
99.519631,37,6317.27214
-74.216726,41,6317.448086
-35.908682,25,6317.550383
-29.379375,20,6317.627777
-44.240964,23,6317.723572
-124.709289,19,6317.806257
-127.308154,33,6317.952949
202.763548,21,6318.042929
-34.340047,22,6318.143269
-177.485343,41,6318.563248
-41.860025,22,6318.67635
-28.35082,21,6318.766687
-426.107428,101,6319.212352
-79.774699,29,6319.335741
-34.518235,23,6326.785481
-76.484443,29,6326.939602
128.916792,34,6327.095826
-46.262596,24,6327.195827
-205.473179,31,6327.327301
-175.968746,31,6327.466188
-29.958834,35,6327.731455
-31.512577,21,6327.834669
-23.549874,20,6327.917615
-260.404398,37,6328.077947
-124.834086,20,6328.161881
-29.932217,21,6328.253547
-275.583728,63,6328.528638
65.380706,21,6328.621894
-45.424046,24,6328.72489
70.153869,21,6328.814372
-202.859279,47,6329.017994
-49.985378,26,6329.132625
-159.675038,37,6329.298833
80.464531,20,6329.384437
41.216109,26,6329.50319
68.401209,21,6329.591606
-34.621873,21,6329.685827
-84.772191,32,6329.827917
-149.827052,50,6330.045112
-139.486112,23,6330.146748
-36.487786,23,6330.243866
-110.6837,51,6330.46452
-16.491324,36,6330.618598
-132.362526,20,6330.70441
-35.889646,21,6330.79004
166.548408,21,6330.883804
-31.660287,20,6330.96938
-38.543334,36,6331.12954
-40.614649,23,6331.229169
-52.892071,25,6331.333419
-229.271796,36,6331.50118
-232.797694,66,6331.787164
67.869128,21,6331.881014
59.966655,23,6331.980805
-248.072923,37,6332.14314
-151.697686,41,6332.315682
-164.825879,30,6332.442206
62.11219,22,6332.536123
33.316394,27,6332.655381
-203.686346,66,6332.940437
-207.522896,51,6333.215937
-60.775469,25,6333.363433
-76.500854,27,6333.558949
68.19223,21,6333.738941
-28.822143,20,6333.918021
-236.31875,37,6334.309663
-36.111007,22,6334.526757
-124.37081,19,6334.71908
-31.171875,21,6334.930125
-178.701078,29,6335.241986
-53.312463,27,6335.542109
-527.514934,101,6337.31454
-386.623743,60,6337.956369
-126.756509,20,6338.082823
-45.326857,24,6338.225177
-43.143324,24,6338.371511
-40.908815,24,6338.500651
-43.791564,24,6338.629179
-50.528396,27,6338.790672
62.07239,21,6338.881414
-9.274363,31,6346.544233
-129.052594,35,6346.777204
73.523569,20,6346.878807
-22.523988,19,6346.960812
-171.514459,55,6347.226999
25.440637,28,6347.570028
-26.049593,20,6347.664606
-33.71186,23,6347.762199
-47.357381,23,6347.870101
-144.411463,37,6348.059998
-33.156817,21,6348.16027
-223.954753,51,6348.407419
37.066497,28,6348.555537
84.626808,19,6348.652728
139.758669,28,6348.79587
-69.940704,29,6348.947178
-30.329585,20,6349.042517
14.539661,28,6349.182939
-119.870882,19,6349.274211
-146.618229,23,6349.391246
241.032843,26,6349.510591
50.86087,24,6349.626299
-118.120497,73,6349.95788
-16.526667,20,6350.056885
-125.488803,19,6350.140964
-274.819509,57,6350.425765
44.628831,25,6350.545366
-61.546855,37,6350.721553
-24.572409,20,6350.817563
-138.901772,36,6350.979435
35.322303,27,6351.196015
72.536474,21,6351.297455
43.071558,26,6351.431349
-136.151047,36,6351.583874
-158.582592,25,6351.752304
-126.799152,21,6351.893806
-132.857321,21,6352.034276
-162.299757,40,6352.268199
193.195849,24,6352.393923
142.669108,25,6352.532032
14.806333,28,6353.088951
-459.089928,80,6353.531368
-31.490292,21,6353.714357
-74.166019,26,6356.883139
-189.613602,31,6358.272322
-246.781458,41,6358.584971
209.428709,20,6358.726518
-90.748148,34,6358.923422
-204.067229,32,6359.092135
26.811563,29,6359.235597
-25.176461,20,6359.33193
37.309169,26,6359.450636
-250.074498,37,6359.654071
44.810584,24,6359.839743
-123.090054,19,6359.989463
-27.896422,20,6360.135788
-53.101544,27,6360.487422
-29.58397,20,6360.718677
-21.103278,19,6360.898556
36.431354,28,6361.236125
-24.449368,35,6361.528168
-8.510891,18,6361.6736
-296.017053,48,6362.212081
-46.441587,26,6362.357851
-64.462549,26,6362.501316
62.849769,23,6362.607866
-138.760842,22,6362.725647
67.099936,21,6362.80901
-141.709792,37,6362.962818
75.031721,20,6363.044477
-257.529359,37,6363.209562
-124.913117,19,6363.289734
-30.674291,20,6369.731437
-278.113611,50,6369.972162
-118.174194,36,6370.122597
66.862986,22,6370.214462
-142.667126,51,6370.437512
-127.777475,19,6370.512145
22.407428,29,6370.635759
-181.764451,40,6370.7982
-244.440945,37,6370.946994
63.476641,22,6371.030038
-137.174492,37,6371.185303
-17.85858,19,6371.26592
-55.627845,25,6371.372625
227.580366,31,6371.510238
-70.196622,28,6371.629267
-536.71828,82,6371.968098
-124.308283,53,6372.180701
57.454744,22,6372.274672
67.049747,21,6372.363896
-117.174367,18,6372.44009
72.500909,20,6372.53297
-30.549421,21,6372.618318
-94.847844,33,6372.751954
64.045554,22,6372.83934
66.238034,21,6372.924837
-31.577652,22,6373.015563
-186.577116,44,6373.196135
-145.57909,40,6373.367888
-283.082903,39,6373.526386
-54.73071,25,6373.628752
-131.975769,20,6373.706924
-24.93812,19,6373.780634
-263.251729,37,6373.930786
-29.218199,21,6374.012721
-29.396624,20,6374.096985
56.490065,23,6374.193177
-56.627524,24,6374.294256
-135.227962,22,6374.380346
-34.421328,22,6374.468733
-44.402065,22,6374.55902
-259.405307,37,6374.7137
158.671258,23,6374.81056
-99.468153,32,6374.941819
-114.607292,19,6375.021843
-191.560437,44,6375.213152
-175.568636,54,6375.440817
-325.634455,57,6375.673628
119.032946,49,6375.880641
-242.473163,37,6376.039395
-197.288615,44,6376.219545
-37.080067,22,6376.31356
68.476724,21,6376.408255
65.359932,21,6376.494383
-39.301538,21,6376.591108
-26.510579,20,6376.705551
-22.494929,20,6376.790679
-44.645748,24,6376.886901
-268.074667,47,6377.079182
-42.550187,24,6377.179136
68.375542,21,6377.264802
71.935194,20,6377.349368
56.448621,23,6377.44377
142.873064,28,6377.557441
-142.355655,38,6377.719373
-268.838964,39,6377.877284
-19.887379,33,6378.016148
-42.206642,22,6378.109467
-45.654597,24,6378.217322
64.564299,22,6385.511468
-128.201773,19,6385.620889
-150.689923,89,6385.990918
293.362856,42,6386.175207
-31.535115,20,6386.25564
-130.861386,20,6386.339082
-33.525404,22,6386.433399
-197.487479,45,6386.628238
150.850575,23,6386.817007
-24.873952,19,6386.887953
-49.079632,25,6387.001549
-148.280797,24,6387.107076
62.670433,22,6387.193779
77.223906,21,6387.282177
27.153891,28,6387.395582
66.973094,21,6387.485191
80.3507,19,6387.564184
-118.096336,20,6387.650089
62.503087,22,6387.763282
-24.623863,19,6387.862157
-38.138053,24,6387.96904
-201.856428,62,6388.226547
-149.420153,25,6388.332342
190.309868,19,6388.412023
-30.931873,20,6388.495619
-107.220766,48,6388.705274
-50.495724,40,6388.874172
-131.839609,20,6388.956222
42.08427,27,6389.063595
61.759365,22,6389.158614
-236.910984,38,6389.318705
-84.47296,30,6389.44219
8.548227,32,6389.572336
-197.585393,44,6389.74853
-23.151864,21,6389.832251
-37.59903,36,6389.97599
-41.215611,22,6390.06833
151.114984,27,6390.186411
-179.335135,47,6390.377112
-250.603684,39,6390.54189
68.300196,21,6390.630035
-0.485064,30,6390.75726
-96.663537,49,6390.953776
-140.200076,24,6391.050037
58.226503,23,6391.14158
-21.499368,33,6391.274916
-36.593413,23,6391.367498
37.028031,37,6391.527382
-506.455541,72,6391.828885
-214.441039,32,6391.962266
-58.842035,37,6392.116513
-22.578518,19,6392.201156
-305.996205,80,6392.708701
-157.719418,26,6392.936523
-138.865453,22,6393.088853
-124.360657,19,6393.241633
-257.66592,39,6393.621175
-125.78633,19,6393.831639
24.278078,29,6394.152437
-125.534752,35,6394.561819
83.939061,19,6394.784564
-25.571567,20,6395.066907
-87.011357,28,6395.367846
165.30624,21,6395.594706
-87.867611,28,6395.890386
-113.970259,19,6396.062657
-37.628663,22,6396.276457
-48.099301,37,6396.683486
42.678849,28,6404.166584
-37.941618,22,6404.283514
67.636699,22,6404.375267
-89.5058,29,6404.495284
-175.190572,27,6404.605062
-198.280821,33,6404.750941
-29.599295,21,6404.839112
-124.312892,38,6404.999851
-12.156033,19,6405.075362
-320.135001,47,6405.282879
-31.843061,36,6405.437629
-11.911376,33,6405.571713
-204.483488,46,6405.764941
67.138336,21,6405.851955
-21.887065,19,6405.929286
-29.936402,21,6406.014702
-160.796189,26,6406.126422
-372.426022,75,6406.444559
-101.147312,32,6406.573746
-27.832825,20,6406.659782
61.359875,22,6406.779936
-25.94709,21,6406.88377
-32.214885,21,6406.98164
73.025023,20,6407.068666
-37.819494,23,6407.169426
7.371384,31,6407.294118
164.812622,22,6407.384547
-129.760692,20,6407.466435
-119.69578,18,6407.54191
-122.912525,20,6407.620488
-225.585067,58,6407.866288
-123.276728,19,6407.944777
-31.024297,38,6408.102845
-175.605041,30,6408.239133
-135.300744,22,6408.328422
-262.197817,37,6408.48027
-211.701838,69,6408.781932
33.486654,31,6408.908445
-37.887782,23,6409.003394
-31.343886,21,6409.086834
229.422292,42,6409.269334
-31.282709,20,6409.352417
-6.123034,18,6409.431226
-180.636437,34,6409.611252
-31.764861,37,6409.768844
-265.226119,38,6409.92511
-11.380213,35,6410.155082
-176.690926,28,6410.273751
67.798674,21,6410.367291
54.95784,24,6410.466275
73.045788,20,6410.546743
-333.963131,50,6410.756943
-21.355437,19,6410.843103
-272.56712,69,6411.129085
-130.007763,20,6411.210984
-53.837352,26,6411.325565
-59.46652,27,6411.442134
54.253028,24,6411.545754
165.561875,22,6411.634202
-154.532549,25,6411.73994
-246.970047,37,6411.889491
-173.013094,29,6412.006747
-24.090848,20,6412.090008
-66.160306,27,6412.203492
72.830476,21,6412.288673
-90.97338,31,6412.416607
-116.691653,18,6412.501351
-146.042585,25,6412.606396
-125.533989,19,6412.735448
-46.132074,80,6421.24643
64.12033,21,6421.346289
8.677505,31,6421.485553
41.891685,29,6421.601823
-132.440731,20,6421.682484
-64.54898,27,6421.788867
-240.383483,37,6421.941965
-165.81193,40,6422.104666
-135.760462,20,6422.192661
-259.753501,39,6422.359772
-29.073581,21,6422.447297
-20.273877,19,6422.523563
52.035979,25,6422.623692
-42.787529,22,6422.727557
-23.478554,20,6422.818053
49.857184,25,6422.923303
-149.016816,37,6423.071291
-143.175743,23,6423.159542
75.773563,27,6423.278883
-241.26797,73,6423.582251
-40.642797,23,6423.684929
-35.651372,35,6423.831875
-159.71461,37,6423.985772
-78.025772,42,6424.158893
-129.809782,19,6424.242998
7.078695,31,6424.376057
31.064497,28,6424.51137
-72.304444,28,6424.639179
-128.914762,35,6424.78457
-264.766003,42,6424.953657
-63.215905,27,6425.072953
-114.606809,19,6425.152852
-60.400664,37,6425.298952
67.144079,21,6425.381928
16.569835,30,6425.505893
-129.013941,19,6425.581049
-124.841106,20,6425.663336
46.185779,25,6425.766559
-35.250061,22,6425.857171
66.654385,21,6425.945924
-242.495161,36,6426.091832
-151.064591,25,6426.19588
-52.543192,26,6426.297075
-146.051756,24,6426.394878
-29.028936,21,6426.500203
-172.010528,28,6426.622738
-23.471938,19,6426.702279
-167.058517,43,6426.884616
73.113292,20,6426.965656
-27.692797,20,6427.047148
-123.033103,19,6427.126221
-42.597518,23,6427.21503
-30.299258,20,6427.293946
-125.195985,39,6427.45927
-128.890212,20,6427.539751
210.60274,20,6427.627041
-26.681254,20,6427.707917
-30.188336,21,6427.797812
-40.364985,23,6427.893438
-32.882084,35,6428.038607
-501.711697,101,6428.452298
-29.134393,20,6428.533195
-106.292491,34,6428.676772
-242.931202,37,6428.826429
-37.477986,21,6428.911267
-22.938361,19,6428.990666
72.918438,21,6429.071499
72.985805,20,6429.156114
-30.00773,21,6429.244855
-163.546266,29,6429.359904
-22.351042,21,6429.444639
128.54735,29,6429.568075
-0.490429,32,6437.204204
-30.987415,21,6437.346968
-65.780891,29,6437.491575
-125.780224,19,6437.576936
150.469906,25,6437.681107
-62.771821,38,6437.836495
-205.715448,47,6438.025365
-229.778817,36,6438.174059
64.493389,24,6438.271555
-29.800714,21,6438.354704
-132.743464,20,6438.435046
-121.257252,19,6438.514045
-142.327147,25,6438.624056
243.618318,24,6438.729144
65.380351,22,6438.819491
38.826777,27,6439.049653
297.538796,22,6439.140459
57.457831,22,6439.240658
69.832012,27,6439.350805
78.985143,19,6439.436145
-218.676748,33,6439.583356
33.499702,43,6439.769041
69.814329,21,6439.856017
25.727044,31,6439.979486
-39.827501,23,6440.076139
48.792657,24,6440.180495
-141.916591,22,6440.271203
-38.996877,39,6440.437631
-57.202949,24,6440.533726
-129.259384,21,6440.616879
-129.938762,20,6440.70435
-131.845975,20,6440.78398
236.875599,27,6440.898488
68.456509,22,6440.991268
-42.752348,23,6441.090613
-92.044891,32,6441.247488
-45.261479,25,6441.35889
-18.719622,20,6441.454019
-118.710835,35,6441.594195
-156.387027,25,6441.6968
-43.716226,23,6441.794293
-34.287308,36,6441.945279
-79.382632,30,6442.070871
-58.964389,27,6442.180794
74.422211,20,6442.277258
62.627899,22,6442.369312
-158.810656,27,6442.477982
-29.052695,21,6442.568413
-82.101292,52,6442.802091
-157.922482,24,6442.901317
-45.60785,24,6442.998828
-16.713019,19,6443.073796
-233.673932,64,6443.342227
-132.465266,20,6443.425578
-128.573682,36,6443.585566
-100.580441,31,6443.718114
-57.797312,37,6443.877894
-32.792522,22,6443.994539
-32.913987,20,6444.0858
-130.928764,55,6444.434952
65.755888,23,6444.643726
-176.497089,28,6445.5682
-125.057763,19,6445.841374
51.888368,24,6446.15841
-174.478757,30,6446.497982
-53.26725,26,6446.760309
-126.646325,19,6446.947615
-21.022456,34,6447.272088
-124.48376,19,6447.507642
65.920053,22,6447.886747
70.025125,20,6448.164869
68.855051,21,6448.456779
-25.315023,20,6448.696011
-24.11019,42,6449.170985
-130.51448,20,6449.436212
-47.193946,51,6459.012418
-137.084623,33,6459.227906
-37.575178,23,6459.342889
-227.089002,34,6459.503233
26.592023,32,6459.636848
-37.428159,23,6459.727776
-251.317042,37,6459.873183
26.200716,30,6459.991551
-39.658081,37,6460.146889
-6.847964,33,6460.281702
-63.95941,53,6460.507097
-149.574999,23,6460.604617
136.308959,32,6460.742874
-311.631972,41,6460.912635
-247.365945,37,6461.084005
-40.844368,41,6461.260386
-29.358639,22,6461.35101
-53.613206,26,6461.468531
-46.999138,24,6461.579872
-27.166755,20,6461.662507
-18.648419,19,6461.751552
-25.776821,19,6461.825548
-117.270847,38,6461.978367
-35.239556,21,6462.072814
-105.561159,58,6462.305615
-33.09873,21,6462.391102
-31.601887,22,6462.479319
-28.244084,20,6462.565225
-132.902034,20,6462.658281
-137.293782,22,6462.771762
-60.21966,37,6463.031828
26.681023,30,6463.159778
57.439755,24,6463.259463
168.318206,21,6463.345597
-85.294789,30,6463.470636
-131.580267,20,6463.553979
-31.288143,20,6463.637875
-282.569328,80,6463.969421
-80.660213,29,6464.085661
-160.172766,40,6464.245146
-94.27607,30,6464.365775
-114.729142,19,6464.448517
-45.074723,25,6464.553233
-28.84703,20,6464.636342
-31.350421,21,6464.71901
55.058809,23,6464.815082
-61.756965,37,6464.972752
-246.220063,37,6465.123999
-158.743229,25,6465.227682
-61.662822,38,6465.494946
-160.409713,37,6465.658177
-40.557647,24,6465.76626
68.260085,21,6465.853065
-173.846539,28,6465.973842
-469.070671,101,6466.406239
76.176411,20,6466.499621
-24.06723,19,6466.580652
-119.029484,20,6466.669463
-17.148095,19,6466.755112
60.901154,23,6466.858169
188.02135,60,6467.127711
-155.802185,40,6467.298467
-81.911117,30,6467.425495
-125.406236,19,6467.505612
-129.369045,21,6467.594637
-130.482166,21,6467.68659
65.522464,22,6467.773873
-30.163225,20,6467.85573
29.182826,30,6467.981725
-108.880101,44,6477.189075
-85.010464,30,6477.313818
-195.160109,32,6477.454796
168.312194,22,6477.544587
-28.616294,20,6477.629197
-78.988595,29,6477.757524
-128.991269,35,6477.895925
-159.877634,29,6478.016014
-81.502272,41,6478.18754
-204.490836,30,6478.306213
-113.049137,35,6478.452527
-250.152805,37,6478.602756
178.253907,21,6478.691654
167.933858,21,6478.77803
161.791322,25,6478.881603
-196.904042,45,6479.071421
-133.748448,21,6479.153902
5.174192,31,6479.280773
-25.992665,20,6479.368054
15.921492,29,6479.487064
-78.806493,28,6479.605744
-56.174659,25,6479.71263
-24.461518,21,6479.801431
-263.167469,37,6479.953241
-137.787763,21,6480.044792
-21.375968,19,6480.13015
-55.169001,28,6480.245095
-126.620337,38,6480.415994
-31.688,21,6480.503169
-126.687358,20,6480.589197
13.750318,31,6480.716351
-112.653588,33,6480.845842
58.379414,23,6480.94197
-30.238513,20,6481.021785
-25.917109,19,6481.097315
-27.724401,22,6481.18978
-195.25351,67,6481.484985
56.262366,22,6481.575404
-50.300483,26,6481.684159
-402.746633,77,6482.005329
-47.622241,37,6482.1597
-158.784087,37,6482.308913
1.166106,31,6482.435407
-181.469807,27,6482.546276
163.196707,23,6482.643854
4.872132,35,6482.796895
-17.512079,19,6482.87622
39.5759,28,6482.990461
-22.90793,19,6483.06852
-125.51807,20,6483.149001
-131.853957,20,6483.232029
-26.105225,37,6483.382092
-29.558915,20,6483.463291
-14.685956,19,6483.545087
-31.801236,20,6483.624851
-36.500731,23,6483.724046
-80.181435,29,6483.840231
-229.811852,59,6484.086823
1.351566,39,6484.243047
70.26528,20,6484.330378
-54.96029,40,6484.495316
-48.058463,23,6484.589429
-132.480784,20,6484.683739
65.158539,21,6484.766772
15.524455,32,6484.898065
-584.617536,101,6485.323923
-159.305959,26,6485.435361
-35.582752,22,6485.523813
-138.544063,22,6492.209809
73.690861,20,6492.335794
93.431829,21,6492.43143
-20.991593,19,6492.509252
-21.953673,20,6492.591394
39.652081,37,6492.742226
-118.231487,20,6492.821786
-106.699926,36,6492.968118
-134.312173,21,6493.054253
-73.602921,41,6493.224886
-25.442102,19,6493.30506
-15.385251,33,6493.448745
-85.441255,44,6493.635056
10.514806,29,6493.752052
61.992041,23,6493.844799
-17.714991,33,6493.979396
-142.962235,23,6494.07848
-47.86613,24,6494.181843
-116.087592,18,6494.258969
69.396529,20,6494.436524
70.958212,21,6494.529038
-87.762963,30,6494.65127
169.934713,21,6494.740015
-131.181454,21,6494.82782
-261.225136,37,6494.978593
-202.05828,34,6495.123454
-88.659959,31,6495.250513
164.066331,25,6495.367786
-198.025735,32,6495.501038
-188.442326,44,6495.682774
-55.619377,27,6495.794601
34.191638,26,6495.899648
-107.158245,35,6496.045162
-110.580621,33,6496.189135
-18.848123,20,6496.274429
-37.069982,36,6496.418479
-130.529081,23,6496.518483
-166.591236,39,6496.679653
65.647995,21,6496.764486
-41.437558,23,6496.858349
-26.593557,20,6496.942145
-32.409241,21,6497.027909
-243.000778,49,6497.235629
61.956874,23,6497.333961
-21.723679,19,6497.417524
-211.186773,32,6497.54721
74.444521,20,6497.63335
72.694938,21,6497.723244
-32.075433,21,6497.81223
-108.711938,32,6497.943681
-232.608422,35,6498.089267
65.814132,21,6498.176574
48.410415,25,6498.277363
-30.742642,20,6498.356235
-333.977466,49,6498.549471
-24.52248,20,6498.642246
-54.729516,39,6498.811124
-126.321094,19,6498.883326
-107.614392,34,6499.019375
-189.585549,43,6499.197533
-130.845144,21,6499.283496
-110.496656,33,6499.417621
-203.575081,32,6499.551703
-128.867615,19,6499.629287
47.232104,24,6499.730537
-448.970337,64,6500.08209
-117.015675,34,6500.256809
73.843535,20,6500.373408
-29.210434,21,6500.486872
-31.028628,20,6500.595163
-245.045246,101,6501.374099
193.500595,19,6509.559716
216.080348,37,6509.760383
-27.661024,20,6509.852682
-114.97408,18,6509.933069
-96.969836,33,6510.0687
-165.291035,40,6510.246287
-118.482469,18,6510.314833
-139.507273,47,6510.53333
157.084575,25,6510.642964
-227.10752,59,6510.909148
51.611516,23,6511.021234
122.633407,32,6511.175316
55.487254,24,6511.276801
-53.775451,24,6511.372131
-45.964686,26,6511.486606
-246.068753,38,6511.648749
-62.681897,26,6511.757592
67.397068,21,6511.849838
-234.041693,35,6511.988754
165.733895,22,6512.079007
46.78321,25,6512.184914
-116.438946,34,6512.338517
-188.028435,42,6512.512091
-32.227166,22,6512.601947
-27.281817,20,6512.68203
48.750676,25,6512.787296
-126.962915,34,6512.930155
-134.486895,40,6513.082853
-125.517972,20,6513.159329
-124.461554,19,6513.237507
-21.169676,34,6513.391085
-60.743955,37,6513.538034
70.710841,20,6513.621834
67.746013,21,6513.70741
-128.125565,19,6513.787883
162.109084,22,6513.882464
74.984394,20,6513.97038
48.792579,23,6514.068917
-209.542644,33,6514.204143
-24.094068,19,6514.280084
341.748168,25,6514.382233
65.17939,23,6514.484086
-126.837476,33,6514.613735
-56.375693,24,6514.710285
66.389337,21,6514.80965
63.133032,22,6514.902402
-137.916438,36,6515.053278
-140.389136,40,6515.223372
-129.023879,22,6515.316292
-217.91189,57,6515.549709
-231.675416,35,6515.710106
-121.561645,32,6515.847774
-49.02919,25,6515.978162
-10.228945,18,6516.059145
67.204641,21,6516.167084
-238.113819,32,6516.439028
-137.002409,21,6516.532571
-143.280549,24,6516.635397
-41.678312,25,6516.753847
68.426301,21,6516.839939
-257.861716,39,6517.003993
-126.346165,19,6517.083387
-263.728499,37,6517.237539
-119.850459,19,6517.316273
-69.010548,29,6517.453523
58.425638,24,6517.551998
72.563269,20,6517.634171
-248.504514,50,6517.841155
62.200394,22,6517.933284
-30.414925,20,6518.014886
-134.159044,36,6518.164377
-126.748792,19,6518.244833
-164.154881,31,6518.377649
-309.22519,60,6527.824404
-32.266074,20,6527.907915
-150.566416,24,6528.007801
-200.557789,45,6528.202099
245.395934,25,6528.302727
-118.556854,18,6528.380184
-27.815856,21,6528.463682
58.221942,24,6528.566581
-128.398164,19,6528.641231
-145.818965,22,6528.734382
67.807656,21,6528.819729
61.837952,22,6528.913284
-11.362693,19,6528.990643
201.789727,61,6529.245655
-153.584607,37,6529.399866
-237.545891,37,6529.562696
-258.695457,37,6529.714544
-73.387454,41,6529.889262
-128.18461,22,6529.980339
71.841317,21,6530.07095
-261.452813,37,6530.221985
-63.974027,27,6530.337285
-31.281268,21,6530.426199
-139.558986,36,6530.567273
-101.488762,49,6530.762753
-226.519947,36,6530.907239
-260.925936,42,6531.087015
-127.946774,19,6531.163569
-31.570842,20,6531.244816
62.689687,22,6531.339042
-29.389579,20,6531.4192
-21.964548,19,6531.501643
-66.997584,45,6531.684964
-154.494634,37,6531.832912
34.671824,32,6531.968442
-255.87757,37,6532.119858
350.768037,25,6532.222256
-23.434914,20,6532.30481
36.401079,27,6532.41987
-15.787048,32,6532.54955
54.943959,24,6532.674866
-6.168327,35,6532.835308
-238.619001,37,6532.993505
-312.379575,47,6533.190969
-132.839977,38,6533.343276
-33.534349,21,6533.431216
-133.145143,22,6533.52183
13.751776,30,6533.6499
-157.020649,42,6533.821483
-25.3008,21,6533.906843
-55.346896,25,6534.007924
-163.048455,37,6534.154889
-263.350051,37,6534.301369
-34.685042,22,6534.388453
-128.017327,19,6534.4635
-240.505355,43,6534.642236
-63.091526,28,6534.757337
-37.373788,22,6534.847819
57.16656,24,6534.948852
-44.068991,23,6535.045391
-29.445793,21,6535.132553
-21.372359,21,6535.215789
-24.050117,19,6535.293954
-245.284965,37,6535.449477
-185.403922,29,6535.573322
-137.425418,36,6535.721668
-52.581622,40,6535.888747
48.428354,24,6535.992205
-263.768779,37,6542.924057
-132.233202,20,6543.050102
-32.372512,23,6543.172983
64.922717,22,6543.27168
-137.503824,35,6543.417928
-25.723206,20,6543.499719
-25.056455,20,6543.580667
-54.029805,25,6543.684683
50.832373,24,6543.788248
-168.657094,28,6543.903019
-29.408075,20,6543.983388
-475.763143,70,6544.276748
-241.163048,81,6544.610036
-131.451669,21,6544.780624
-255.504846,40,6544.954601
-18.085307,19,6545.031557
-42.892461,25,6545.133622
34.2475,81,6545.481844
-61.55529,37,6545.735403
-29.171069,20,6545.822382
-640.112091,101,6546.255913
-21.091885,19,6546.328206
202.030685,21,6546.412083
-18.701808,21,6546.504537
-105.856024,48,6546.710522
-31.756301,20,6546.793612
-149.740135,23,6546.8895
-33.681058,35,6547.029936
-115.529457,19,6547.109261
-130.420302,20,6547.198194
-45.799208,38,6547.365409
-524.629112,101,6547.788807
-44.132145,38,6547.947447
-36.283896,22,6548.036698
90.533514,24,6548.139817
246.456962,25,6548.246353
74.287425,20,6548.325754
52.16999,22,6548.416749
-21.850169,19,6548.510589
11.37071,31,6548.946597
-190.270019,30,6549.090898
20.837067,29,6549.208165
-28.843047,21,6549.295449
-83.854415,31,6549.42269
-35.407229,21,6549.510891
-189.008568,35,6549.660685
-206.510616,33,6549.798662
-159.86781,25,6549.900308
-29.921616,21,6549.987885
72.348254,20,6550.067519
-88.710942,30,6550.200249
-3.917363,33,6550.340458
-463.91855,65,6550.617485
-17.19126,20,6550.701873
25.189805,31,6550.837427
-72.008866,28,6550.950485
164.543351,22,6551.042682
-261.508554,40,6551.24372
-53.07358,26,6551.398242
-24.937145,19,6551.543556
66.034521,21,6551.732782
211.535685,22,6551.937509
-138.267155,42,6552.28286
85.079917,34,6552.534128
67.876123,21,6552.707203
-369.634829,55,6560.314209
8.473198,31,6560.468605
-19.289881,34,6560.624184
-141.93566,40,6560.785066
-195.323165,33,6560.921896
-27.584246,21,6561.014217
-189.668577,30,6561.134968
40.3794,37,6561.282295
348.41043,44,6561.47007
-199.917011,44,6561.657322
-57.473051,26,6561.762921
49.996641,23,6561.867416
-24.577825,19,6561.943097
-388.837785,60,6562.190156
-127.987304,35,6562.35597
-143.005267,23,6562.450302
71.677021,21,6562.535331
-23.414658,20,6562.622259
-3.324576,33,6562.759817
-240.833126,36,6562.912018
147.174326,25,6563.012999
-131.751238,21,6563.097148
-133.630951,20,6563.18306
-217.032006,34,6563.321779
-37.084827,22,6563.422657
65.502218,22,6563.514215
34.902595,27,6563.631465
-170.743725,28,6563.746467
-25.4397,20,6563.827071
-71.496675,42,6563.999248
-261.896105,37,6564.14953
-93.76967,52,6564.355876
-53.986798,37,6564.511224
62.097861,23,6564.605929
-220.923755,33,6564.827139
-24.889985,21,6564.941501
-26.588399,19,6565.02879
-35.194358,22,6565.117823
-128.27915,57,6565.367981
53.390954,24,6565.469848
68.255945,21,6565.553171
-36.468525,22,6565.653708
-179.173808,47,6565.839921
-27.720379,20,6565.923251
-120.865895,19,6566.001249
-31.398329,22,6566.088921
-1.642036,33,6566.220068
-26.512363,20,6566.302661
-28.157666,20,6566.386252
-101.299629,32,6566.526414
-357.749011,52,6566.741825
-61.540397,37,6566.891164
63.055727,21,6566.978885
-28.899855,21,6567.065133
-123.611741,21,6567.153214
66.654672,21,6567.238445
-21.143772,19,6567.315401
59.589577,23,6567.541479
48.968112,24,6567.650549
-161.586805,37,6567.819504
69.863666,21,6567.907722
-14.048992,19,6567.996629
-24.088626,39,6568.156422
-89.985897,30,6568.284456
159.066475,23,6568.387806
-40.72766,23,6568.480002
47.141688,26,6568.587593
9.236751,32,6568.71889
146.506156,30,6568.85245
44.875619,26,6568.962229
-141.919345,38,6577.454743
-36.703083,23,6577.603096
171.068114,21,6577.702534
-32.86637,22,6577.789243
-28.446886,21,6577.875485
41.464083,26,6577.980236
-8.33888,32,6578.116261
162.528414,26,6578.223104
-33.054503,24,6578.322308
68.989143,21,6578.427632
-15.174023,19,6578.510458
-127.473619,19,6578.593836
-53.973552,25,6578.69902
-5.906556,45,6578.886521
-354.993577,82,6579.229174
-81.554942,28,6579.337871
-72.690522,28,6579.45721
-347.059644,51,6579.667288
148.623756,27,6579.778922
215.333779,32,6579.915435
-284.153397,45,6580.102265
-160.673513,37,6580.773286
-22.96744,19,6580.877301
-51.144439,24,6580.977442
-131.32887,20,6581.062946
-15.519279,19,6581.143378
-62.009631,39,6581.308235
97.052825,34,6581.457895
-195.710463,31,6581.600219
-146.251563,36,6581.75431
-59.879154,26,6581.858948
-31.391541,21,6581.945274
148.081098,26,6582.051774
-567.010766,98,6582.452252
-164.777003,37,6582.614766
34.30122,27,6582.726431
-14.601266,36,6582.880376
-51.598369,25,6582.986937
-29.003482,20,6583.065889
-72.690788,28,6583.193555
-418.693495,66,6583.467497
68.224967,21,6583.553411
-30.550959,21,6583.641458
-25.80388,19,6583.719342
58.642939,23,6583.809999
-141.283063,22,6583.896899
-454.896896,101,6584.435774
-121.882001,37,6584.636601
-40.285873,41,6584.824016
-54.98029,25,6584.925802
-45.833912,44,6585.126137
-142.312284,23,6585.219783
5.022146,40,6585.396359
-57.997863,26,6585.499971
-126.56871,20,6585.584467
67.221568,21,6585.670497
-44.776766,26,6585.787256
-7.24207,37,6585.945241
-29.010315,20,6586.027899
38.239447,42,6586.195622
159.290225,23,6586.295964
-177.774716,28,6586.414594
-29.653253,20,6586.502026
-34.336509,21,6586.591029
87.609861,22,6586.696158
-31.021508,22,6586.788393
-21.933041,20,6594.787531
-246.411966,33,6594.962821
-122.117499,19,6595.044038
51.832643,23,6595.133379
-70.270258,28,6595.244723
-25.148262,20,6595.327147
-174.39327,41,6595.502435
22.359002,29,6595.621187
-350.394281,61,6596.216039
-24.211779,19,6596.357981
-169.244483,38,6596.652848
-90.066154,32,6597.275968
117.635016,35,6597.482432
-126.656639,20,6597.577645
-241.027158,37,6597.766223
-51.296319,25,6597.887492
-44.814454,24,6598.014938
-69.854472,26,6598.15222
-127.077736,21,6598.249395
-8.733531,18,6598.337438
71.457078,20,6598.425513
-185.21093,44,6598.683961
-39.188388,22,6598.785002
58.172304,23,6598.975929
68.030175,21,6599.064367
-45.987612,24,6599.288019
-24.505634,19,6599.360976
-200.068496,33,6599.512518
69.734622,21,6599.60187
-521.455733,78,6599.929451
28.22599,27,6600.044881
-121.349863,33,6600.183887
-135.060843,36,6600.348943
-26.601414,19,6600.425102
47.929177,26,6600.528271
-127.451458,19,6600.600393
-24.780436,20,6600.690367
-22.778264,19,6600.789839
-145.157956,36,6601.023809
-26.827052,19,6601.100378
-25.655196,20,6601.186291
-135.569374,20,6601.275904
-26.00272,19,6601.350233
73.774325,20,6601.428848
-51.911934,25,6601.542873
-141.461777,36,6601.683547
-17.815486,20,6601.769161
-38.902639,22,6601.853476
33.411689,27,6601.964168
-232.511634,37,6602.114122
-18.935808,21,6602.200125
-33.813231,22,6602.293766
-131.648122,20,6602.376253
-135.857658,39,7579.969083
-47.45178,24,7580.258451
-75.533267,28,7580.45722
123.426053,30,7580.639281
-39.741587,23,7580.772074
-133.158198,20,7580.876297
-14.048004,19,7580.992525
60.553071,23,7581.126307
-240.592661,38,7581.372691
18.614757,30,7581.655929
-56.125211,39,7582.073186
-207.000658,31,7582.42853
46.85707,26,7582.802286
-114.815947,20,7583.046585
-44.925686,25,7583.415036
-21.985628,19,7583.621739
-336.578508,71,7584.524924
-257.045124,52,7585.156253
39.310231,26,7585.449305
63.773382,22,7585.676328
-197.288039,33,7597.806904
-249.739504,37,7598.055075
-217.213039,32,7598.372455
-40.474925,23,7598.768253
-54.382546,26,7599.068689
63.12927,50,7599.67293
-29.281474,21,7599.833871
-20.889989,19,7599.968892
-38.777682,23,7600.103171
59.687746,22,7600.196418
-78.451219,31,7600.327401
-127.253384,22,7600.423789
-20.532168,20,7600.505728
166.798647,21,7600.600214
-264.480639,37,7600.753248
-129.823232,19,7600.837178
-70.280115,40,7601.006035
-46.292706,25,7601.113431
76.232381,20,7601.19672
-21.568014,20,7601.279533
-248.798924,39,7601.444187
-263.292909,40,7601.608483
-426.699758,61,7601.858332
-29.906428,21,7601.947544
52.654914,24,7602.04826
34.894626,27,7602.1723
156.463038,23,7602.274095
-30.330988,21,7602.361718
-138.403407,36,7602.5063
48.093169,23,7602.604206
-112.823936,35,7602.739303
-23.930605,19,7602.813147
197.719586,20,7602.894131
-129.188156,20,7602.983466
-130.545421,36,7603.135978
-30.688786,21,7603.220977
-128.18887,19,7603.297437
192.799908,23,7603.385878
-300.88348,46,7603.567006
-145.059876,37,7603.720075
-105.250885,32,7603.848721
-150.088226,27,7603.957239
51.565452,29,7604.078977
-42.080787,35,7604.246139
-136.830291,42,7604.418731
-123.836828,22,7604.521436
-198.467737,32,7604.654714
-255.019954,37,7604.806039
-38.532155,23,7604.896267
-143.044305,37,7605.046566
-131.732517,20,7605.126983
62.733581,22,7605.214535
67.50683,21,7605.301944
-60.258238,25,7605.401892
-22.62818,19,7605.477903
-133.954825,20,7605.559438
-393.236169,101,7605.962792
-133.005177,22,7606.056644
-37.539275,22,7606.146736
-17.818545,20,7606.225169
-38.065808,21,7606.312062
-44.945596,24,7606.408229
73.302464,22,7606.594277
-54.973686,24,7606.696168
-669.238203,101,7607.131268
166.198203,21,7607.214354
-271.126642,73,7607.511964
-245.352931,37,7619.632313
60.728157,22,7619.796798
148.496429,27,7619.937622
-34.332915,21,7620.037893
-61.012185,25,7620.145387
-115.392433,18,7620.22209
-33.266232,23,7620.319485
-267.615562,41,7620.48825
-264.871926,37,7620.645056
-110.203516,35,7620.782375
-123.329685,19,7620.866941
66.643271,22,7620.959052
167.755917,21,7621.05726
-141.981908,36,7621.212251
43.310514,37,7621.361899
-24.842798,21,7621.462515
-40.039046,25,7621.559022
66.731593,21,7621.639967
22.27757,29,7621.752343
64.429019,22,7621.839831
-127.034698,19,7621.914445
-291.332887,46,7622.107085
-39.102335,21,7622.193471
-152.39277,37,7622.345618
-262.130035,37,7622.494989
-148.339054,27,7622.599541
-249.84953,37,7622.755547
-49.389707,25,7622.854511
66.632603,21,7622.938646
336.751819,26,7623.04383
-27.375945,20,7623.126927
-217.340097,44,7623.300398
-19.096082,19,7623.374266
-14.587919,19,7623.451181
162.179768,23,7623.543368
-62.470455,27,7623.649214
-54.83897,37,7623.799469
-23.248161,36,7623.94453
-153.405485,36,7624.089695
-142.168313,24,7624.188207
-88.075025,31,7624.312001
-164.015819,37,7624.45913
75.051991,20,7624.536236
-27.644144,21,7624.621354
-60.064524,29,7624.744274
-25.811746,21,7624.831196
-24.950515,19,7624.903757
43.822794,24,7624.998008
10.636179,47,7625.182696
21.317234,27,7625.292297
39.462385,27,7625.404052
-125.317263,21,7625.491351
-261.865725,37,7625.651972
-73.56582,29,7625.766965
-345.974498,63,7626.020664
-142.073509,23,7626.114782
-196.241953,29,7626.236117
-25.262244,19,7626.310054
2.788101,30,7626.426593
-151.083136,25,7626.532685
-170.661459,27,7626.639921
-390.927823,62,7626.884556
-66.286152,25,7626.984695
-32.985015,22,7627.083914
-156.328939,37,7627.253673
-17.519676,19,7627.330678
-30.722806,22,7627.4231
-41.695912,24,7627.515494
-165.424729,25,7627.610513
56.437861,24,7627.705125
48.021818,25,7627.805321
-16.643815,19,7627.886267
-147.296225,23,7627.989106
-34.750022,22,7628.078914
-297.94288,42,7638.741814
-119.161951,20,7638.851135
-174.398392,42,7639.049099
-248.982413,37,7639.200733
-24.071507,20,7639.301938
-242.285365,43,7639.491824
-483.501946,68,7639.774535
158.360596,23,7639.874717
257.203272,26,7639.979339
60.605223,22,7640.073907
-22.358602,19,7640.161466
17.026937,31,7640.297503
-43.28069,37,7640.459436
-21.114453,20,7640.541408
-178.736657,30,7640.671996
-27.313102,22,7640.75788
-27.012419,23,7640.851973
-62.876638,27,7640.963575
71.331109,21,7641.0494
73.389453,20,7641.132981
-260.189004,37,7641.339937
-246.340152,39,7641.589024
-37.960935,22,7641.754299
-119.842552,19,7641.905455
75.972409,20,7642.053464
-120.565425,21,7642.263422
-246.387384,37,7642.453385
8.578172,29,7642.568234
-118.59779,19,7642.728067
70.060909,21,7642.830344
53.901393,24,7642.93755
-130.063152,21,7643.022146
-128.346466,19,7643.100752
-23.296296,19,7643.185566
-201.115517,35,7643.326403
-134.927078,34,7643.468141
-32.193182,35,7643.613315
-258.220408,37,7643.7649
-354.43101,82,7644.142371
-136.835556,22,7644.239337
-224.863435,35,7644.397649
-23.377024,19,7644.484159
168.982313,21,7644.580238
55.513461,24,7644.68259
-27.789245,20,7644.767924
-130.464217,70,7645.063046
34.248493,27,7645.170322
54.974764,24,7645.271909
-33.84555,22,7645.36078
-149.331856,55,7645.593521
-242.278261,33,7645.725224
-136.11573,36,7645.869939
-119.684529,18,7645.945693
-154.867167,37,7646.093173
-134.226953,20,7646.179966
-121.084254,19,7646.25758
58.528463,23,7646.356757
89.346447,28,7646.473554
-20.017991,20,7646.563405
-37.616128,37,7646.710996
-31.414002,20,7646.791301
-106.997535,34,7646.925287
-54.68559,39,7647.098526
103.610198,24,7647.199381
-28.960442,20,7647.278817
-52.797345,41,7647.451231
-375.75077,73,7647.754656
-128.911973,20,7647.83437
50.048809,28,7662.427195
-12.22752,19,7662.544136
-123.312007,34,7662.715498
37.760992,26,7662.823525
-23.912497,35,7662.967863
-141.658826,23,7663.066204
-125.535328,19,7663.149163
-28.283672,21,7663.233923
-31.307742,21,7663.317963
56.491317,22,7663.405702
139.322299,28,7663.52351
-252.534296,38,7663.680722
-55.34484,27,7663.789077
78.290264,19,7663.862953
-268.080286,37,7664.010012
-121.103306,50,7664.224773
-47.856893,37,7664.386782
-58.946556,25,7664.579175
68.87259,21,7664.676755
-131.322253,20,7664.757136
-17.41634,20,7664.844881
-74.956994,29,7664.964185
-20.24499,19,7665.043437
-23.670417,19,7665.118107
-29.74271,21,7665.210181
-649.627167,101,7665.617539
148.891866,23,7665.71206
28.849264,27,7665.820104
-444.607125,101,7666.232533
14.895116,30,7666.354162
163.1964,26,7666.461507
-49.668167,23,7666.553024
84.189343,33,7666.687586
-34.871312,21,7666.767229
63.755113,24,7666.866874
-178.33314,42,7667.042501
-32.317072,21,7667.127772
72.461018,20,7667.20863
-134.080233,36,7667.354371
-19.876535,19,7667.440062
-44.646636,24,7667.551439
-122.799362,18,7667.626616
68.401472,20,7667.712965
57.832998,23,7667.802673
-107.611361,32,7667.931468
-64.343134,27,7668.04099
-184.901589,42,7668.210524
-69.829625,31,7668.340398
-240.850866,37,7668.493445
-4.52353,36,7668.642795
184.221809,21,7668.732384
-181.139874,30,7668.854433
73.405644,20,7668.92813
-163.397199,27,7669.035015
167.98219,21,7669.116942
-39.942937,23,7669.207529
-27.218002,21,7669.298456
-151.42331,43,7669.471356
83.301126,47,7669.664321
-365.477787,52,7669.874089
-83.084488,31,7670.00238
-180.206703,27,7670.111092
-80.065314,29,7670.228821
-51.415518,24,7670.426049
-37.527961,24,7670.523863
-33.923903,20,7670.614637
154.919015,26,7670.719598
-194.342269,29,7670.839491
-152.021539,27,7670.947338
-225.2775,40,7687.438618
-290.184898,53,7687.722924
-15.430921,19,7687.815788
70.052051,20,7687.89431
-35.954864,22,7687.989441
-138.265997,22,7688.080836
-20.104732,19,7688.160718
85.904984,19,7688.235001
-237.941462,37,7688.387481
-41.927619,23,7688.477118
-11.377363,33,7688.611418
-130.65358,20,7688.686321
-37.594196,36,7688.842338
-31.758517,20,7688.926765
-264.697777,37,7689.074088
-140.280632,36,7689.217487
-123.123554,19,7689.296101
72.134063,20,7689.377089
-47.863497,37,7689.541729
-83.161705,34,7689.711809
-262.958022,37,7689.864517
532.059887,28,7689.978464
46.368624,26,7690.085083
-20.504857,19,7690.15795
-33.593941,21,7690.249224
-56.159126,25,7690.345448
12.89958,29,7690.461701
-23.248276,19,7690.544508
-30.312344,35,7690.69594
70.440656,21,7690.780386
-125.324404,21,7690.859873
-54.548936,27,7690.975558
-459.298877,101,7691.379926
54.17962,22,7691.466925
-260.743672,39,7691.626523
14.171798,28,7691.73827
-25.148076,21,7691.823281
61.436416,23,7691.912027
67.393517,21,7691.993537
-128.930709,21,7692.075403
-34.459977,22,7692.17153
-251.535078,101,7692.589601
-88.241857,30,7692.706011
-181.087651,42,7692.878046
-125.206976,20,7692.959699
-200.944654,48,7693.160781
-30.335585,20,7693.245715
-126.119677,19,7693.320639
-24.935309,20,7693.401386
-123.683929,19,7693.479604
-29.022575,20,7693.558049
58.952,37,7693.708422
168.421259,21,7693.791841
-29.873072,20,7693.868221
-30.038818,21,7693.952254
21.766912,29,7694.075455
62.95281,23,7694.16585
-52.623454,25,7694.264324
123.415877,29,7694.384374
-50.13265,25,7694.489514
-120.724475,18,7694.562896
62.346745,26,7694.664772
170.067459,21,7694.748433
-27.325204,21,7694.832411
72.730793,20,7694.918995
-166.233545,46,7695.111738
-90.478063,29,7695.226327
187.07294,51,7695.440238
60.982718,23,7695.532502
-136.810619,22,7695.621824
-132.214611,20,7695.705619
-149.940763,37,7706.958029
38.925526,27,7707.116076
-220.227535,47,7707.324348
-126.115213,19,7707.402192
183.436003,21,7707.488825
75.826639,20,7707.571779
-127.586545,19,7707.652196
51.088461,25,7707.751665
252.463663,38,7707.911625
-62.247416,26,7708.012277
-24.283171,19,7708.089889
-10.653681,18,7708.161434
-293.870816,72,7708.452975
251.095563,25,7708.552818
-146.192247,37,7708.703735
-161.897834,42,7708.874934
43.275503,26,7708.978909
-140.681643,23,7709.078102
-24.080752,21,7709.159909
-122.266161,35,7709.302897
-38.144816,23,7709.398801
-142.923477,23,7709.493928
33.604546,30,7709.623493
-40.157204,37,7709.771667
-49.917831,25,7709.874263
-64.214996,42,7710.044561
-75.083954,29,7710.161935
-24.59034,19,7710.241954
45.670526,26,7710.347824
-139.91027,37,7710.499765
-45.668766,37,7710.649268
-127.742059,21,7710.732686
-29.648175,22,7710.917012
-60.939782,27,7711.027579
-353.134925,101,7711.443935
-59.133217,26,7711.546135
60.053993,23,7711.643513
-32.375286,21,7711.724739
-108.962829,83,7712.057925
-25.720849,20,7712.139838
-28.468867,20,7712.220567
144.549539,26,7712.325498
-151.28724,38,7712.485459
-158.549754,28,7712.596583
38.466413,26,7712.697963
-171.329852,28,7712.805644
38.894493,27,7712.924359
-123.612933,21,7713.03824
-61.661542,37,7713.180517
-117.618185,18,7713.251184
-161.933211,42,7713.427141
-26.141325,20,7713.510575
-127.023368,22,7713.605097
95.868645,20,7713.687308
-21.748824,19,7713.765605
-137.103386,21,7713.847801
-57.247439,37,7713.999159
-156.005892,25,7714.099641
-22.498182,19,7714.172004
-61.002694,28,7714.294135
-27.380856,20,7714.370814
68.283652,21,7714.459584
-663.971299,101,7714.864897
-332.078602,61,7715.117989
-58.146653,24,7715.214924
67.102159,22,7715.301984
-22.393069,34,7715.439278
-312.007889,99,7729.666415
-129.005069,37,7729.823804
-173.581886,30,7729.94683
-28.397093,21,7730.033132
69.499318,21,7730.119394
-173.70116,27,7730.225942
-242.870414,37,7730.377067
-206.512306,31,7730.51141
-25.416545,19,7730.583658
-126.878855,19,7730.667376
-441.470464,91,7731.042501
-34.514138,22,7731.129537
52.488244,24,7731.236686
-41.748634,22,7731.326413
59.928351,22,7731.415153
-253.921073,37,7731.558499
-475.883822,101,7731.958512
-179.192354,48,7732.303292
-158.689656,26,7732.424357
-12.272486,19,7732.506247
-124.602811,19,7732.584777
-22.165874,19,7732.67066
16.841742,31,7732.829132
-162.612497,37,7733.005677
-205.438804,33,7733.136897
-25.292152,19,7733.211747
-180.709649,29,7733.335202
-19.614799,20,7733.414613
-146.311835,37,7733.565918
53.22748,24,7733.669288
42.996769,26,7733.778611
-123.19736,62,7734.033333
-46.804263,26,7734.134229
-21.864333,19,7734.206817
-29.924702,20,7734.287367
-30.535759,20,7734.366593
508.810702,29,7734.490225
167.328327,22,7734.577739
56.758595,24,7734.671193
42.975259,26,7734.773815
-23.351813,19,7734.849421
-21.272318,19,7734.925721
45.386701,26,7735.031032
-19.716726,20,7735.112781
-163.375669,37,7735.264769
80.1574,19,7735.341963
-43.714848,22,7735.423915
-19.244387,19,7735.502442
-253.146574,38,7735.663949
121.531644,33,7735.801518
50.841136,25,7735.908268
67.36237,22,7735.998359
-44.681807,37,7736.140972
-23.926563,19,7736.219883
-283.004581,43,7736.392671
-110.23081,34,7736.523174
-26.017857,20,7736.605655
-129.792062,21,7736.69214
-125.699769,19,7736.768966
-220.237574,38,7736.916531
-38.757438,23,7737.006483
-63.839479,25,7737.107401
-243.794333,38,7737.261183
-188.818412,29,7737.378763
15.700156,29,7737.491777
-143.867459,37,7737.734355
-160.737065,27,7737.847566
-31.53348,20,7750.4689
159.933354,23,7750.661779
-259.347591,39,7750.874017
78.059743,22,7750.992034
-151.295029,25,7751.121033
-143.032316,37,7751.273876
18.436746,30,7751.395366
-82.147689,29,7751.51666
49.147733,25,7751.617155
-31.071572,20,7751.698144
-181.330021,58,7751.923641
69.037787,21,7752.009458
-123.084815,19,7752.084514
-139.270785,23,7752.17555
-231.424124,75,7752.47956
-44.004897,24,7752.577864
-76.87709,26,7752.679854
-72.179778,28,7752.791048
-95.863822,31,7752.918438
-145.075175,37,7753.080077
-129.317767,20,7753.159708
76.421326,22,7753.246426
68.507876,21,7753.330848
-46.689898,22,7753.422832
-111.895982,33,7753.5501
161.392053,23,7753.640296
48.970858,25,7753.739373
-7.465094,18,7753.80927
-157.467287,37,7753.957034
-129.655146,53,7754.17055
74.073383,20,7754.255125
-103.080632,30,7754.382027
-95.322855,31,7754.50559
-259.614549,37,7754.645885
-38.985103,23,7754.741321
-131.560837,36,7754.89095
-277.182522,73,7755.177578
-41.037257,24,7755.280495
-92.753824,30,7755.406758
-44.118347,22,7755.494254
-29.67715,20,7755.577717
-134.785726,22,7755.670734
46.634489,24,7755.772841
-87.659042,46,7755.950991
-233.002854,35,7756.093131
-151.762893,26,7756.202895
-25.261494,20,7756.279385
-35.097081,23,7756.37433
-24.051372,19,7756.451602
-16.234482,19,7756.52936
134.417817,27,7756.636035
-92.766453,31,7756.75911
17.504541,30,7756.882826
-54.05846,26,7756.99371
-31.424509,36,7757.139659
85.340311,19,7757.218192
-98.1481,33,7757.346496
63.290476,22,7757.434317
-162.376388,29,7757.571986
-29.133774,22,7757.660811
-129.318595,19,7757.734084
-244.666023,39,7757.889931
-36.00867,22,7757.982258
63.895298,22,7758.07459
92.427866,33,7758.207119
-102.727775,33,7758.338191
-133.222043,20,7758.42366
-23.479062,19,7758.496559
-128.547286,19,7758.573672
-50.310148,23,7758.666035
-150.930205,37,7758.815494
-72.932214,26,7758.931546
46.400542,26,7769.189699
-130.771391,35,7769.390396
45.090122,26,7769.512488
-21.62417,20,7769.600126
-387.974746,71,7769.891254
-127.225353,19,7769.967832
-143.72362,24,7770.067305
-241.087537,37,7770.21928
-35.758375,21,7770.302885
118.132115,36,7770.44966
80.515745,20,7770.531383
71.528146,21,7770.613216
164.058136,22,7770.710712
47.32985,26,7770.821583
-93.052113,29,7770.937682
-203.064814,32,7771.078808
43.534592,25,7771.188691
-98.833357,35,7771.332985
-13.418,19,7771.409587
-222.187204,49,7771.616561
54.208308,22,7771.70828
-15.359589,19,7771.781227
-177.501846,47,7771.966974
-197.271266,55,7772.17823
55.984853,22,7772.266387
25.117773,39,7772.420335
66.427594,21,7772.504254
117.221563,33,7772.628905
-24.109275,21,7772.710145
-10.199634,18,7772.781267
-32.033987,44,7772.955711
-20.09202,19,7773.02748
-123.694629,19,7773.100028
-44.626731,25,7773.19541
43.105198,26,7773.305922
-205.724773,46,7773.595766
27.304833,28,7773.711504
-138.786247,21,7773.800254
-239.335675,36,7773.952792
-29.484264,21,7774.036446
-78.197187,28,7774.148499
-29.773997,36,7774.297978
-100.098775,33,7774.42799
-40.267213,22,7774.514625
-124.504423,19,7774.59069
-136.175701,22,7774.678657
38.8756,27,7774.794058
-23.636225,20,7774.877708
-129.01872,19,7774.950018
66.030405,25,7775.04871
-137.933005,36,7775.197246
-61.565414,25,7775.295728
-129.111312,19,7775.375155
77.354034,57,7775.598807
-268.895794,37,7775.755987
-127.792821,19,7775.830709
67.166425,24,7775.92826
-24.306488,19,7776.003292
117.388003,50,7776.54895
61.386846,23,7776.657921
-159.371633,37,7776.815018
-54.824977,26,7776.923537
-123.255179,20,7777.000719
-404.593729,62,7777.248293
-33.616401,53,7777.475234
-19.575217,20,7777.561069
-23.306577,19,7777.636994
-66.993233,25,7777.741525
7.306106,30,7777.857348
-84.649297,31,7777.980942
-23.287624,21,7791.285546
-31.482039,21,7791.404132
-243.383931,37,7791.579198
-13.665732,19,7791.668116
-122.210027,21,7791.749504
-66.889255,27,7791.854302
-65.207181,29,7791.973844
-35.135155,22,7792.09041
67.565322,21,7792.206488
-243.174756,37,7792.403628
-116.933069,34,7792.577846
-31.864185,21,7792.663068
-50.277978,23,7792.762943
-21.295304,19,7792.836059
43.123992,24,7792.933393
-23.184079,20,7793.017434
62.735309,22,7793.106068
-34.475693,22,7793.196653
-30.10685,21,7793.282752
-24.218458,19,7793.366502
-126.848102,19,7793.443489
73.923435,20,7793.52594
67.115308,21,7793.612836
41.580759,26,7793.71707
-261.873631,37,7793.888965
-45.177039,24,7793.989788
-144.594967,38,7794.142376
-40.384674,23,7794.239578
-132.287898,20,7794.321415
-31.856137,21,7794.40882
-0.030834,32,7794.539804
-382.350168,59,7794.782041
-27.666353,20,7794.860211
-37.165254,23,7794.95178
-8.17896,18,7795.020835
157.445907,24,7795.117454
-158.74657,37,7795.275535
57.650662,23,7795.375622
-148.585754,41,7795.565521
-24.036289,19,7795.6383
-39.218016,23,7795.739026
-35.323857,22,7795.825692
-156.028542,29,7795.937935
-59.522638,26,7796.041022
-164.036416,37,7796.189971
-127.395378,19,7796.262755
-1.546398,31,7796.385048
-23.323946,19,7796.475965
-92.60467,30,7796.597748
-23.641311,19,7796.671073
-131.416181,20,7796.749816
-38.250444,36,7796.887503
-86.101327,28,7797.00666
-133.254095,20,7797.082789
-77.656446,27,7797.191459
-244.550549,85,7797.547828
-132.969539,36,7797.701272
-421.602337,63,7797.957726
-47.664834,25,7798.061412
-29.320359,20,7798.138614
-124.469408,19,7798.212496
-148.384013,25,7798.315586
-40.187665,23,7798.40512
108.082793,31,7798.530762
-27.67169,20,7798.615151
-11.094908,18,7798.68992
-31.025145,20,7798.764829
-119.366417,20,7798.846307
42.916309,24,7798.939934
-27.242196,19,7799.013869
-131.041522,22,7799.102735
-155.990857,37,7799.26042
-39.796704,21,7799.347791
174.009991,23,7799.442878
-15.119667,19,7799.518416
-129.853806,19,7799.591194
64.123127,22,7799.679654
-120.885769,18,7799.751278
-56.745731,24,7812.15529
62.041857,22,7812.28723
-36.664356,22,7812.399124
-25.170539,19,7812.567369
176.6579,20,7812.65352
70.514858,20,7812.738827
-47.769581,24,7812.835784
-297.485359,101,7813.248547
-48.899208,25,7813.346721
-489.404405,101,7813.774722
74.097268,20,7813.859877
-108.392495,34,7814.005524
-119.365504,18,7814.079396
71.065615,21,7814.165954
-11.245894,19,7814.242788
-13.982148,19,7814.320658
-30.792088,20,7814.396246
-35.950635,22,7814.48599
-108.578556,36,7814.633488
-129.173397,19,7814.708209
-31.433734,21,7814.796583
-247.666098,37,7814.943228
25.338314,29,7815.052362
-153.667349,25,7815.148509
-132.041156,20,7815.230596
-28.429816,21,7815.315963
-23.748666,19,7815.391367
-47.605085,38,7815.54716
153.024664,25,7815.655106
-246.806461,37,7815.808712
50.304577,25,7815.935647
-116.669971,37,7816.131073
-35.248036,22,7816.234823
-126.049073,19,7816.311483
-30.888657,23,7816.410571
-284.102186,42,7816.588191
-16.652083,37,7816.741962
-489.967639,101,7817.159226
-125.137939,19,7817.234466
-15.899254,20,7817.320502
417.440168,28,7817.439886
35.619413,27,7817.555535
-25.826908,19,7817.630766
-27.65911,20,7817.716865
-30.455965,21,7817.805013
-61.701265,26,7817.920903
-134.152199,20,7818.046717
-29.130721,19,7818.142737
-154.283134,38,7818.347421
-30.99909,21,7818.498078
44.197819,26,7818.805995
37.984555,27,7819.059212
-127.986576,21,7819.276489
35.241292,26,7819.526975
64.92351,22,7819.690293
42.941265,25,7819.897734
-165.124846,37,7820.273594
40.505528,26,7820.479379
34.577283,26,7820.737255
-16.516576,20,7820.957101
-182.768146,51,7821.50592
-24.183887,20,7821.720402
-20.958595,20,7821.933926
-21.153132,19,7822.182235
-66.611859,46,7822.645625
-208.560106,33,7822.843503
-420.421174,73,7823.177967
-92.535951,30,7823.30247
-23.639676,19,7823.37928
20.110422,29,7823.50903
59.463031,23,7834.355871
-152.976782,39,7834.553406
-63.203323,28,7834.678891
-60.249736,28,7834.804689
-169.30107,28,7834.923866
-25.051872,19,7835.005594
62.568015,23,7835.095557
-302.652165,46,7835.281012
8.244158,32,7835.413237
-573.006458,101,7835.823686
-63.395288,37,7835.973732
71.286884,20,7836.053259
45.426373,25,7836.153143
64.243632,22,7836.2404
-131.267891,20,7836.320466
-132.214405,22,7836.415462
-27.97208,20,7836.495202
-139.785358,22,7836.585829
48.687572,24,7836.677653
52.123707,23,7836.772041
-55.315339,25,7836.870327
-70.594023,28,7836.980824
161.868996,23,7837.067365
-19.883714,20,7837.143392
-114.278981,19,7837.21263
-34.517301,22,7837.444034
-25.919169,20,7837.716361
-33.312025,22,7837.817122
-207.259635,32,7837.939077
-28.378435,20,7838.017158
51.712734,25,7838.117143
-80.826142,30,7838.257586
-69.064245,28,7838.368229
-126.983978,19,7838.445531
-124.557849,19,7838.521627
-139.145479,23,7838.61484
-15.904462,19,7838.69081
-125.814914,34,7838.829498
-84.313641,28,7838.938404
65.249731,21,7839.02414
-180.675344,29,7839.141476
-125.125368,34,7839.360518
11.496224,47,7839.589548
-120.718692,18,7839.668855
-131.999249,22,7839.767249
-128.397177,19,7839.855452
-136.542917,21,7839.954385
72.323931,21,7840.053426
176.204414,22,7840.146266
-27.074457,20,7840.224522
-132.234754,20,7840.308752
-45.13118,24,7840.406754
192.958524,47,7840.597071
-128.359563,19,7840.67302
-174.738405,28,7840.79436
161.425063,25,7840.894232
-27.023841,21,7840.979483
-57.991453,37,7841.126418
-122.667278,33,7841.259766
-38.687149,23,7841.349292
-41.935896,23,7841.441683
-54.818871,26,7841.544396
-27.852023,20,7841.62177
-18.528674,35,7841.769466
68.393556,21,7841.855106
-192.052427,56,7842.072663
-55.665148,26,7842.177515
-125.261717,19,7842.256636
-312.838797,62,7842.513909
-188.07236,42,7842.678912
-44.731553,27,7842.788523
-39.3848,23,7842.880139
-258.55526,70,7856.016897
-302.168022,67,7856.361557
66.520185,21,7856.45054
-36.270133,21,7856.532921
-266.948704,37,7856.679517
-39.317577,22,7856.765955
-129.368285,19,7856.840096
-27.665301,20,7856.916674
-46.896603,24,7857.011143
-124.802324,34,7857.148659
-124.245281,19,7857.224701
-132.799991,21,7857.305539
-95.215791,32,7857.432685
-28.376704,21,7857.527404
-229.801767,40,7857.687484
-332.805415,49,7857.888388
208.827068,35,7858.02928
-141.538475,22,7858.115079
-29.759586,20,7858.193561
-21.18021,19,7858.264848
-133.30273,24,7858.362494
-145.014164,36,7858.503316
35.913118,27,7858.608591
-76.488388,27,7858.717559
-38.045008,23,7858.811432
-248.027913,35,7858.948104
-260.005004,37,7859.099519
-22.07968,19,7859.174007
72.784488,20,7859.257993
-38.754338,23,7859.34338
-410.293897,101,7859.732518
-167.743791,68,7860.01027
-151.688227,38,7860.159275
-122.969065,19,7860.233554
-33.025713,22,7860.319739
164.856441,22,7860.411728
-34.060546,21,7860.497036
168.288414,21,7860.58014
-28.234444,20,7860.661491
-265.579151,40,7860.825166
-33.64189,21,7860.909831
-26.165738,19,7860.984317
160.638308,23,7861.077396
-171.471209,29,7861.192969
-33.285488,23,7861.288421
-137.45581,22,7861.378517
-91.363959,29,7861.497183
49.648586,25,7861.597646
-44.353302,25,7861.696872
-51.714598,26,7861.802599
-50.345728,26,7861.908963
78.9326,22,7862.004151
-32.446595,22,7862.088989
180.603878,21,7862.173921
-42.755347,23,7862.266675
-157.544343,25,7862.368323
-130.717131,23,7862.456678
-22.999322,22,7862.539879
-289.922354,59,7862.767944
-29.148892,23,7862.863821
-54.992897,26,7862.96935
-126.736824,22,7863.063134
-37.846117,22,7863.147906
-207.427086,31,7863.269516
256.804702,40,7863.435332
38.310392,27,7863.540646
-105.820749,32,7863.664354
-35.593349,22,7863.754523
-149.231822,26,7863.857776
70.034237,21,7863.94524
-29.628819,20,7864.022341
199.102959,22,7864.113497
-287.123553,42,7873.627412
-54.303629,26,7873.802879
-113.802233,19,7873.898537
-28.504649,36,7874.049937
-31.144492,21,7874.134286
-135.403565,37,7874.290313
-35.503752,22,7874.47662
-238.895526,36,7874.621869
-54.198879,27,7874.735788
-151.918105,24,7874.829457
-120.249726,20,7874.908909
-137.32207,36,7875.058406
33.496924,27,7875.1668
198.45391,20,7875.245984
-39.623569,23,7875.338542
-20.803605,19,7875.423911
-46.570647,22,7875.510042
51.028449,25,7875.608826
71.569809,22,7875.697319
-123.813315,20,7875.789728
-4.536948,32,7875.913259
-162.617805,38,7876.064252
-12.512991,42,7876.236141
165.215135,22,7876.32579
-74.701494,44,7876.503921
-188.09217,43,7876.676385
171.315218,23,7876.76842
-34.708895,24,7876.86989
155.325747,23,7876.958818
50.120136,24,7877.055062
-28.33461,19,7877.133024
157.539119,23,7877.224009
147.472145,24,7877.316258
-29.205299,22,7877.406061
-178.588187,30,7877.522848
-132.710138,22,7877.613571
35.425751,27,7877.721929
-40.71698,24,7877.819025
-164.580789,29,7877.929725
-140.048086,37,7878.078172
-30.479344,21,7878.159648
-118.640537,18,7878.230975
-27.236329,20,7878.31245
-130.034437,21,7878.398652
-88.397514,31,7878.525849
-153.225623,25,7878.623813
71.247188,20,7878.704081
-155.117874,24,7878.801118
-187.321188,61,7879.042859
-253.804451,38,7879.194615
58.227371,23,7879.291333
57.370045,24,7879.387419
-26.471289,39,7879.539073
-137.352065,22,7879.621417
-129.337864,21,7879.701974
-135.395352,23,7879.795497
157.928762,23,7879.900059
-19.915098,19,7880.019303
71.979569,20,7880.202957
-51.063547,25,7880.429147
-45.736982,23,7880.594684
30.120334,32,7880.876743
-252.045886,38,7881.326246
33.102904,27,7881.574059
42.91367,27,7881.790855
-118.592245,19,7881.942858
156.18878,26,7882.178632
60.840275,23,7882.336926
-107.532081,32,7882.536975
71.33631,20,7882.664711
-125.956353,19,7882.870741
-116.907083,19,7883.073708
-25.587663,21,7883.264886
-25.937275,21,7883.464034
-117.803394,19,7883.636115
-129.793749,21,7883.83789
-30.388683,21,7884.025106
161.988005,25,7884.239553
-99.105956,31,7884.402925
-32.966534,37,7893.370465
-129.426865,19,7893.468329
-105.986075,32,7893.612757
-141.549823,37,7893.767719
-200.907716,44,7893.940995
-27.028799,22,7894.028669
-169.378323,31,7894.151668
-30.276728,21,7894.236897
-164.857034,27,7894.342731
-34.980226,22,7894.431959
-196.761058,33,7894.559369
70.828185,21,7894.644378
-15.680123,19,7894.721182
-170.689785,28,7894.834507
153.378821,38,7894.987983
-90.221619,32,7895.112453
69.845732,20,7895.192262
45.058506,34,7895.328989
-126.767418,19,7895.412621
-158.98652,26,7895.508662
-30.818918,21,7895.589929
-78.28187,45,7895.774789
-15.489399,20,7895.860384
-152.272505,42,7896.026897
-258.6592,37,7896.167749
-18.936988,34,7896.309163
-22.822614,20,7896.391098
-42.813994,26,7896.493306
204.014588,19,7896.56914
-145.055094,36,7896.722584
-362.084029,64,7896.981628
-23.516938,21,7897.064276
21.239322,28,7897.176662
13.277028,33,7897.305612
-202.500137,32,7897.793459
-43.568749,25,7898.017397
-25.386836,23,7898.127698
-10.496244,18,7898.206068
-129.933544,19,7898.283451
-22.862206,19,7898.355071
-53.756485,24,7898.450997
-247.678139,37,7898.621945
-34.465782,23,7898.715002
-40.375655,24,7898.898454
-4.406852,35,7899.042957
-154.628422,39,7899.195715
178.749878,21,7899.288212
-60.348944,27,7899.395966
-24.734856,19,7899.505473
-143.764562,37,7899.689753
-128.694011,21,7899.776287
-26.357244,21,7899.857819
71.886629,20,7899.935844
-24.142272,20,7900.021033
-39.950773,23,7900.115954
-119.095229,20,7900.195964
-130.96806,20,7900.27366
-34.640245,22,7900.360877
-51.734807,23,7900.451056
-261.493075,37,7900.601612
70.266006,21,7900.68411
-25.364569,20,7900.763564
-31.404574,21,7900.85723
171.65776,36,7901.003711
-250.017898,39,7901.158542
-2.863507,31,7901.286579
-41.087243,23,7901.374114
-132.661078,36,7901.517443
-139.433255,36,7901.663136
-244.769557,37,7901.833959
75.971114,20,7901.91405
-128.849452,21,7901.999243
-30.654703,21,7902.083217
-36.801219,24,7902.176699
-306.671732,75,7914.908006
-128.137898,21,7914.992435
-16.307146,35,7915.132635
-59.079483,26,7915.232908
-21.45625,19,7915.308755
48.528251,29,7915.429921
-27.131288,20,7915.508408
-250.603648,37,7915.65439
-131.737763,20,7915.731924
-21.554609,19,7915.809227
25.61957,28,7915.929789
-20.562726,19,7916.005256
-127.816729,19,7916.081193
-154.031478,37,7916.236634
22.847946,30,7916.35408
-513.743384,84,7916.684885
-217.103931,34,7916.816691
-113.415678,33,7916.946369
50.969841,25,7917.047689
-22.712516,19,7917.121729
44.745824,26,7917.224835
-27.313016,20,7917.305585
68.211598,21,7917.384873
-126.28321,19,7917.461028
-99.46573,31,7917.582017
-37.281638,23,7917.672574
-140.056447,21,7917.754874
40.904514,25,7917.852805
-114.795458,36,7917.997225
-675.152881,101,7918.400444
-116.047812,34,7918.536154
-175.444486,27,7918.64266
-62.864426,28,7918.757984
60.75547,23,7918.918557
-288.71196,73,7919.205693
79.881879,19,7919.28527
68.052224,22,7919.370352
193.197422,21,7919.460274
-49.656429,24,7919.556586
71.298095,20,7919.63344
37.112283,27,7919.741198
-46.81661,23,7919.833791
-117.229265,34,7919.965278
-210.538817,45,7920.144411
-46.185166,42,7920.316078
-54.771089,25,7920.417385
69.722711,21,7920.502225
-118.919336,20,7920.582438
-140.248279,23,7920.683114
-51.773415,25,7920.789936
-121.915906,18,7920.862701
-188.635105,30,7920.983742
-87.050865,31,7921.10836
57.588121,22,7921.197433
65.928205,22,7921.285725
210.703629,20,7921.369434
-237.898985,36,7921.516622
63.336917,22,7921.602162
-143.964113,24,7921.699689
-30.294715,21,7921.781557
61.306432,23,7921.872296
-176.112614,57,7922.091995
-19.386619,34,7922.220644
56.11013,27,7922.32952
44.460347,24,7922.428593
-79.499847,29,7922.543438
-182.309501,29,7922.659298
-138.589166,22,7922.746696
-47.255071,23,7922.841226
-39.256769,22,7931.675635
-50.980493,24,7931.823961
-139.009315,37,7932.00164
242.342556,26,7932.113322
-29.187655,22,7932.198302
167.810242,21,7932.282647
-26.040511,19,7932.362319
-62.491417,30,7932.484401
-37.571542,21,7932.570136
56.572274,23,7932.665303
-40.661932,24,7932.761531
-35.27188,21,7932.953652
-118.248726,37,7933.10654
-55.574619,24,7933.20869
-126.566967,19,7933.283343
-36.014758,35,7933.429316
162.688774,23,7933.517284
-36.796152,43,7933.683661
104.041592,36,7933.824587
157.919485,37,7933.972714
-43.22177,24,7934.072767
-70.484989,27,7934.175375
-316.948273,47,7934.360171
43.307568,26,7934.466213
25.723817,29,7934.581223
-30.690532,20,7934.659927
-177.034928,30,7934.778352
148.975924,24,7934.87143
166.208258,42,7935.039161
69.452216,21,7935.122923
9.282684,31,7935.246116
179.434375,22,7935.336655
-30.765359,21,7935.420843
-69.963585,51,7935.622982
-164.643685,27,7935.72813
-19.419512,20,7935.809534
-261.602843,37,7935.96372
-19.288685,21,7936.052113
-34.24053,22,7936.145899
139.077144,37,7936.294717
-37.577524,40,7936.453658
139.095391,26,7936.559094
-28.517882,20,7936.636151
-144.334018,23,7936.724656
-287.818771,42,7936.886219
17.683894,43,7937.055869
-97.118839,45,7937.232091
-328.194061,48,7937.422224
-34.580357,22,7937.509472
-310.401312,51,7937.716847
-30.613388,36,7937.865369
41.207676,26,7937.972203
-346.600013,81,7938.28973
64.328147,21,7938.41837
-32.401139,22,7938.539779
-76.515055,28,7938.678654
-500.389592,97,7939.223545
-366.296695,90,7939.928457
-21.732254,19,7940.082732
18.235991,29,7940.265081
239.064957,37,7940.487827
-26.694142,22,7940.594951
-118.83985,18,7940.677555
-151.259381,24,7940.777015
-91.59721,30,7949.695885
-133.42333,20,7949.833154
76.022523,20,7949.948023
82.752615,35,7950.115261
-260.386709,37,7950.260814
243.58258,26,7950.364664
65.678817,22,7950.454945
-160.987117,37,7950.598284
-31.724805,21,7950.680551
-228.155671,35,7950.826161
-34.854008,36,7950.97636
-124.520204,19,7951.047422
-27.506399,20,7951.126691
-69.22847,27,7951.245327
-35.276842,21,7951.328848
-28.265803,20,7951.407828
-174.998636,28,7951.515806
-80.746014,43,7951.685014
-28.273537,20,7951.76481
66.490466,21,7951.850812
-26.198939,19,7951.924726
-34.712488,21,7952.006198
161.975201,23,7952.098347
156.482116,23,7952.188148
-320.209259,46,7952.368218
-35.741371,36,7952.515046
73.047776,20,7952.594706
-65.995013,26,7952.697485
-35.909637,22,7952.790115
-398.225308,101,7953.189008
-279.309153,55,7953.404541
-264.992757,37,7953.545066
-284.22575,45,7953.717864
16.119638,29,7953.833822
41.371913,28,7953.945366
-40.709416,25,7954.042236
-223.21323,34,7954.177012
-151.109071,38,7954.32194
-122.784116,19,7954.399283
-181.032488,44,7954.578331
-35.66082,21,7954.6634
-70.653218,30,7954.783366
318.484438,34,7954.920787
-26.767228,20,7955.004554
57.254595,24,7955.097084
65.271573,22,7955.801395
-108.504142,33,7955.970735
-27.362346,19,7956.06416
-25.487734,19,7956.159878
-245.143989,37,7956.312735
-28.728077,20,7956.402
-242.161201,37,7956.550987
67.279762,21,7956.632092
63.711573,23,7956.729641
-229.649665,45,7956.919804
163.213128,23,7957.009922
-24.021263,19,7957.091635
-197.936987,48,7957.279831
-10.812083,36,7957.438401
-192.236688,44,7957.661382
65.043869,22,7957.746822
-77.545002,42,7957.924508
-59.074718,28,7958.042668
-24.078856,19,7958.118485
-132.88636,20,7958.19867
448.410184,25,7958.301798
-125.256564,19,7958.37551
-129.791943,19,7958.451928
-221.456741,34,7958.583851
-45.632295,24,7958.683919
66.470373,22,7970.866368
38.512632,26,7971.042
34.338231,27,7971.187523
-274.872175,53,7971.402594
-347.276067,50,7971.598563
19.572608,46,7971.784626
-37.049084,22,7971.869842
-169.859434,40,7972.028454
0.103309,31,7972.151062
-128.973711,21,7972.234034
25.079574,27,7972.343764
70.786629,21,7972.433891
-27.409713,21,7972.514267
60.57441,23,7972.608734
-56.389292,26,7972.711249
-150.692893,25,7972.810954
-301.088472,44,7972.983522
-307.764424,101,7973.373069
-79.027974,43,7973.544359
67.933022,21,7973.628574
-9.881475,18,7973.700158
-150.949775,23,7973.790653
-127.554972,19,7973.867127
67.405544,35,7974.005425
-22.758527,21,7974.087497
-40.076784,24,7974.182735
-125.020614,19,7974.256758
-64.960431,28,7974.368253
-246.935952,36,7974.513323
-61.674491,26,7974.614732
-43.674123,24,7974.709358
-38.844956,21,7974.791098
-133.392903,20,7974.873113
-187.320541,41,7975.035415
-56.653128,37,7975.181813
-25.443954,19,7975.257383
55.025635,22,7975.345621
-79.01219,30,7975.465533
-14.900758,19,7975.537467
-32.787734,21,7975.619349
39.902648,25,7975.71429
-15.541015,18,7975.785055
42.168087,26,7975.89597
63.154252,22,7975.981327
-78.408281,41,7976.151526
-136.187441,33,7976.283759
-36.708219,22,7976.369642
-35.072788,23,7976.468352
65.03717,22,7976.560675
98.284934,39,7976.714564
-58.879157,37,7976.865835
-124.06932,19,7976.939047
-143.146626,24,7977.037792
-50.316509,39,7977.190425
-144.786455,24,7977.286754
-69.493698,26,7977.393332
-80.703031,31,7977.516553
-17.732827,19,7977.593468
-131.176515,20,7977.676936
-136.347342,23,7977.766115
-141.98952,38,7977.919501
-37.412989,24,7978.011883
58.909834,37,7978.158726
-208.640579,36,7978.303261
-54.429315,24,7978.401525
-151.827664,41,7978.558111
-160.392778,38,7978.705837
59.635186,22,7978.790148
-44.076503,25,7978.889664
-128.170849,19,7978.967219
69.367227,21,7979.050727
-47.951112,24,7987.753942
-13.183176,36,7987.96783
-28.141369,37,7988.128268
38.460791,26,7988.229759
-89.343349,31,7988.35575
-136.477646,21,7988.439805
-30.379571,21,7988.520925
-113.985557,19,7988.592779
26.559252,29,7988.707836
65.093242,22,7988.791334
-21.500435,19,7988.862931
-33.853285,21,7988.94571
-30.334245,20,7989.028262
-232.448296,34,7989.162444
444.099091,26,7989.264747
53.497095,24,7989.461641
179.815401,21,7989.548273
62.950339,22,7989.63897
-39.502151,23,7989.73718
-97.508987,31,7989.860676
-30.289324,21,7989.94467
67.726303,22,7990.029957
-144.61237,23,7990.122128
-27.843999,20,7990.195851
-239.400259,34,7990.333556
29.455471,28,7990.446098
244.710748,26,7990.556835
-127.44855,19,7990.629614
152.729171,27,7990.74076
26.63908,28,7990.850044
-523.902052,101,7991.269423
-435.00974,67,7991.537207
-39.413667,23,7991.630385
-175.072635,29,7991.747283
-51.770204,24,7991.838016
-24.318049,19,7991.912994
-130.804929,20,7991.993195
-260.848692,39,7992.146069
67.349307,22,7992.232871
-203.627677,60,7992.470627
-127.613755,19,7992.55208
-147.082348,40,7992.714439
-132.037576,20,7992.791189
-43.174563,24,7992.887693
4.277224,30,7993.006994
-131.325761,21,7993.09512
-27.6155,21,7993.177986
-92.847644,32,7993.308692
36.428631,27,7993.423362
-12.815154,18,7993.497765
-43.065398,23,7993.589899
-134.017897,20,7993.667947
-113.600588,36,7993.808436
76.309081,21,7993.894526
-206.445097,45,7994.077656
-20.940793,19,7994.159823
-116.720265,19,7994.237617
-245.104495,37,7994.383947
57.307637,23,7994.477367
-46.959297,24,7994.573131
-23.845437,20,7994.64993
162.485308,23,7994.73514
13.824982,30,7994.898363
192.643298,19,7995.01685
-192.590005,47,7995.423485
-21.960986,19,7995.56485
-21.251631,19,7995.736848
-34.332436,22,7995.95286
-128.682996,19,7996.14719
-17.886127,20,7996.342517
34.363199,28,7996.604904
-27.506349,20,7996.762994
-23.288186,19,7996.923703
72.226381,21,7997.107494
201.393704,22,7997.259333
-27.682937,20,7997.358459
-28.75286,20,7997.459856
-26.397713,20,8007.103288
-241.060397,37,8007.298309
70.564116,20,8007.394157
-229.140352,34,8007.537372
-17.472742,34,8007.673526
-168.542097,26,8007.771971
-31.231233,20,8007.851505
48.699437,26,8007.952699
-65.679338,27,8008.068358
-263.076562,37,8008.217132
-25.501978,20,8008.295335
-12.68686,33,8008.422367
-230.511201,37,8008.57088
-74.436916,29,8008.689937
-135.503142,20,8008.772021
36.289087,26,8008.875144
-33.91665,21,8009.255015
45.712908,25,8009.397381
-151.067549,27,8009.506902
-44.837864,24,8009.6046
38.176874,27,8009.709378
-47.422505,24,8009.808421
-128.489592,21,8009.891535
-240.57939,52,8010.111692
68.816957,21,8010.196491
-124.849056,19,8010.276845
-93.378197,31,8010.401321
-127.903361,19,8010.480875
-237.000901,37,8010.667783
-42.914381,23,8010.775237
-61.204261,37,8010.946406
71.465571,20,8011.03419
53.799764,24,8011.141229
182.746849,22,8011.237723
-122.28589,18,8011.317049
-22.635154,19,8011.398293
72.313069,20,8011.493924
-31.644742,21,8011.58461
-298.341059,64,8011.862847
-144.247106,48,8012.07623
-217.824121,34,8012.212606
-26.808997,22,8012.308058
-130.606133,20,8012.389824
-194.264886,30,8012.511061
49.045455,23,8012.605737
-8.838315,19,8012.683047
-32.12293,21,8012.769505
-118.165629,18,8012.84407
59.860325,23,8012.938155
87.753288,19,8013.011367
-44.788773,22,8013.102297
67.752902,22,8013.183327
-29.062887,20,8013.267127
156.803278,26,8013.374251
64.98847,21,8013.458508
-176.633586,28,8013.651475
-150.395291,38,8013.811268
82.327743,19,8013.887073
63.013587,23,8013.979954
-651.696786,101,8014.384277
-165.642419,41,8014.551801
-116.966628,18,8014.624902
13.978741,30,8014.74505
-123.759896,19,8014.816977
160.744904,23,8014.907013
-80.596015,29,8015.01919
-130.282102,20,8015.101798
170.009906,28,8015.216812
63.526311,22,8015.304916
-250.599644,39,8015.459005
-41.746842,23,8015.552562
-150.043626,37,8015.69833
-33.406547,36,8015.849459
-133.772172,23,8015.949554
-28.989481,36,8028.634555
-120.926971,19,8028.726806
96.642431,40,8028.890084
-250.958013,37,8029.036785
-58.221452,24,8029.129789
-120.215402,18,8029.201734
-109.064214,35,8029.345378
-32.547588,21,8029.424632
-45.225616,25,8029.518031
28.551095,28,8029.623445
-39.689439,24,8029.716618
-28.616952,20,8029.798854
-61.733936,26,8029.903233
-76.563149,28,8030.016029
-136.590339,22,8030.10525
-30.901863,22,8030.188148
-33.469746,36,8030.325588
-32.153077,20,8030.401065
-124.93589,19,8030.473373
10.925473,41,8030.637333
-42.391517,22,8030.723877
66.945877,36,8030.865248
-72.464499,27,8030.981284
-8.316247,18,8031.051205
43.147107,26,8031.157064
-262.349484,53,8031.364729
65.688049,22,8031.453241
-29.399502,20,8031.533686
-138.303544,23,8031.624082
-47.439764,24,8031.720388
-134.908768,20,8031.795569
-123.316666,20,8031.870624
-107.803772,37,8032.019219
62.639643,22,8032.105582
171.869159,29,8032.220989
-664.289593,98,8032.60641
109.66009,31,8032.732405
63.175584,22,8032.815573
-24.197361,19,8032.885319
99.451058,22,8032.970762
-31.033916,34,8033.101509
-176.993652,42,8033.269595
-124.73895,19,8033.348799
40.271564,25,8033.449452
-29.128412,20,8033.529959
73.450928,20,8033.606724
194.26866,24,8033.702398
-38.869841,23,8033.794529
-42.289111,22,8033.881679
-87.787382,30,8034.00097
-124.601183,21,8034.081675
-87.81171,32,8034.20545
64.122068,21,8034.284113
40.173845,25,8034.386479
-244.987782,39,8034.544101
-114.936708,19,8034.624108
-121.647121,19,8034.700582
-27.007009,20,8034.779619
52.235308,24,8034.877526
-31.871563,21,8034.962717
-57.741994,26,8035.06286
-119.037018,18,8035.133411
-144.569267,37,8035.286262
65.969235,26,8035.38847
-128.672354,21,8035.471127
-31.114945,21,8035.555887
-101.284186,33,8035.685347
-120.84863,20,8035.770362
-18.699865,20,8035.848948
-125.832336,32,8035.982434
-94.517788,46,8036.167961
-43.091495,23,8036.264214
-159.512119,52,8036.481591
66.427739,22,8036.572594
-31.717888,21,8044.054513
-161.842044,40,8044.318338
-84.310237,32,8044.46248
-180.750837,57,8044.692164
-122.75324,20,8044.772744
-234.646057,42,8044.943991
-36.789195,22,8045.031807
-291.76853,55,8045.257394
-36.342913,21,8045.343817
55.67079,23,8045.442234
-516.394569,101,8045.845391
-133.222623,57,8046.081853
15.404537,31,8046.289283
-33.57134,22,8046.386284
-129.587896,22,8046.48058
-91.617668,32,8046.608673
-141.651766,24,8046.709166
-242.240954,37,8046.860966
-131.007724,21,8046.946844
-52.300184,25,8047.043781
-82.052315,42,8047.209458
-250.877126,36,8047.357036
-21.972913,19,8047.43592
-353.723953,53,8047.647422
170.558692,21,8047.730245
-174.636775,29,8047.848587
-123.956082,19,8047.92827
-17.329001,20,8048.009695
-112.989341,19,8048.086439
-1.977,31,8048.210494
-134.48805,21,8048.295785
-68.453034,25,8048.408793
68.303916,21,8048.556978
-19.057723,19,8048.632351
-145.265919,37,8048.776801
53.649848,23,8048.873314
-114.672968,18,8048.946045
-15.44382,19,8049.023173
-48.354343,26,8049.127294
-23.642365,19,8049.204479
50.296702,26,8049.316148
57.597099,23,8049.416144
46.42021,25,8049.521507
-57.298742,37,8049.680294
-164.801944,27,8049.793253
-147.348118,24,8049.889697
19.191712,29,8050.008096
-110.551081,34,8050.13909
-128.315521,19,8050.213924
172.607215,23,8050.306936
-24.459081,21,8050.3934
-122.349875,19,8050.469286
-226.586938,35,8050.628691
-15.944662,20,8050.71923
-129.537399,19,8050.792258
-87.864378,28,8050.907796
-132.394463,20,8050.988885
84.928162,45,8051.169375
-211.806101,33,8051.304704
-139.953666,35,8051.446827
-196.727795,34,8051.58206
-80.755218,29,8051.740109
-30.141339,20,8051.847327
-26.087182,20,8051.958134
-167.197033,30,8052.107305
-35.170422,21,8052.232761
-508.015261,101,8052.813083
-20.887681,20,8052.944149
-122.103361,20,8053.127922
-781.464613,97,8059.990438
-127.700888,35,8060.137894
-47.45583,49,8060.341385
-130.773405,23,8060.434078
-55.791449,27,8060.547294
-30.840044,20,8060.629817
52.416851,23,8060.723194
-40.043976,23,8060.819626
-127.555601,19,8060.896663
81.899621,19,8060.981863
168.523281,22,8061.075071
-14.802491,19,8061.160994
-33.892564,21,8061.253925
72.478511,22,8061.347501
53.128793,24,8061.456494
-87.059535,47,8061.657814
-21.81378,20,8061.738057
143.656426,24,8061.838658
71.547271,20,8061.920911
-247.180699,37,8062.069808
-68.048182,27,8062.179814
-38.030342,21,8062.265234
-27.825714,19,8062.345968
83.980408,19,8062.426623
-60.684408,45,8062.612152
-21.400102,20,8062.698314
40.182178,26,8062.80554
34.214458,27,8062.915103
-119.104944,20,8062.996787
-190.809636,43,8063.214868
-404.015556,101,8063.6472
54.604748,25,8063.747985
-30.829758,21,8063.834059
-115.097082,33,8063.972374
-265.155491,37,8064.127682
127.94159,27,8064.240034
-23.136674,21,8064.327581
80.776847,22,8064.423131
-35.736385,21,8064.518415
28.367364,45,8064.703596
197.142719,20,8064.786582
-176.913159,40,8064.951564
-65.224925,27,8065.067903
-80.101428,27,8065.177724
-248.598605,37,8065.327175
-36.578631,36,8065.483941
-399.121918,101,8065.904131
49.768167,23,8066.001376
52.822599,22,8066.086554
-45.123316,25,8066.186041
-106.68947,50,8066.487549
-128.376987,35,8066.630542
145.158951,25,8066.734393
-25.802947,19,8066.813914
-72.369381,28,8066.929511
-25.282094,19,8067.007788
-37.426069,36,8067.159982
-125.406415,19,8067.237488
-246.141337,37,8067.391377
-256.014941,51,8067.596112
-19.167511,19,8067.675265
-116.755991,18,8067.750436
-227.374589,35,8067.896525
-315.956925,46,8068.088253
70.84286,21,8068.177058
-37.108648,36,8077.709309
63.613944,21,8077.846348
-133.178646,21,8077.95029
-115.60568,19,8078.031489
-25.861857,20,8078.116392
-251.771452,42,8078.292892
-29.11683,35,8078.441012
-58.443994,24,8078.55197
-21.304594,19,8078.629445
-175.664211,47,8079.006587
-26.488405,21,8079.240969
-424.034286,101,8079.877588
-40.769347,22,8080.040265
-64.049358,26,8080.187003
-50.59591,25,8080.298094
-208.0829,58,8080.546094
-244.585632,37,8080.72811
-121.616721,36,8080.888583
73.257803,21,8080.982127
-241.441755,37,8081.153023
179.695219,39,8081.524664
-133.005082,20,8081.821577
-40.919741,23,8082.071574
-26.104047,20,8083.923291
-128.856072,19,8084.099889
-36.834661,23,8084.276568
71.24808,21,8084.428765
-91.315996,30,8084.881807
-27.011311,22,8085.016628
-63.726275,27,8085.146599
101.190476,44,8085.333369
-34.160918,22,8085.43927
50.992707,25,8085.560633
-129.173967,20,8085.646298
56.982448,23,8085.75896
-39.544679,22,8085.867565
-177.147907,41,8086.102914
-44.115786,23,8086.222832
-9.868873,32,8086.379624
-103.595304,34,8086.532546
-128.80352,19,8086.631359
80.199477,23,8086.734336
-129.354801,36,8086.902923
-34.333265,21,8087.016414
-133.839514,21,8087.113977
-36.458314,21,8087.199712
-21.998634,20,8087.289739
54.924026,22,8087.386952
-59.921252,26,8087.505379
-43.389305,22,8087.60613
-11.452385,19,8087.690282
-40.899072,23,8087.788807
-116.108362,90,8090.312299
-382.690654,54,8090.736205
-249.992453,38,8091.201731
-39.345515,36,8091.618765
179.042571,27,8091.772508
60.611815,23,8091.882548
-14.520778,19,8091.964111
-47.834794,23,8092.081792
-142.034507,36,8092.2657
-45.949335,25,8092.403669
-84.357202,30,8092.562563
-207.904196,46,8092.771749
-33.497671,21,8092.869841
-142.126247,37,8093.033654
-18.659388,37,8093.197571
-128.152889,19,8093.282368
-165.125565,25,8093.391761
-32.60087,20,8093.476837
-52.094881,24,8101.336481
-18.419543,84,8101.772948
-26.950283,20,8101.868421
71.309295,20,8101.956104
-63.029541,28,8102.074345
-64.391331,37,8102.24172
-156.879616,38,8102.41283
-82.488796,60,8102.673502
-128.576846,35,8102.96526
30.827143,28,8103.176737
-58.759957,26,8103.330358
37.025948,27,8103.463577
-252.507847,40,8103.648261
-85.587983,30,8103.828776
-170.896918,30,8104.011752
-156.101765,37,8104.462087
-146.666944,38,8104.930718
-196.005807,32,8105.110018
186.041219,22,8105.233009
-111.341644,33,8105.460915
-150.163508,37,8105.654018
-254.581377,39,8105.843428
123.777938,31,8107.432885
58.854289,23,8107.814419
-121.318352,34,8108.035139
57.211291,22,8108.139675
66.449423,21,8108.239466
-53.695827,24,8108.346949
-13.921338,19,8108.434316
-33.395367,21,8108.544145
48.068398,25,8108.662366
-130.117091,20,8108.76127
-25.173148,19,8108.838915
63.640234,22,8108.932266
-34.637435,35,8109.092605
-40.657527,23,8109.193806
-10.569281,18,8109.269494
348.948906,28,8109.444922
-258.834651,51,8109.709029
51.82244,25,8109.821894
-280.283269,42,8110.010648
-193.937783,45,8110.219643
-116.956132,18,8110.339246
-34.99496,21,8110.577708
51.841698,24,8110.940798
-143.571326,37,8111.96119
66.04576,23,8112.280166
18.784553,29,8113.203631
-102.351393,31,8114.066196
-21.97302,19,8114.258504
-30.186981,20,8114.465087
-26.129132,19,8114.693609
73.784687,23,8114.940776
-46.036785,24,8115.135475
-53.500769,26,8115.312598
163.384286,22,8115.470904
-206.711135,34,8115.675944
160.067209,23,8115.809771
71.809821,36,8116.006718
46.429239,25,8116.121239
-24.348669,19,8116.213404
178.07087,22,8116.318876
-38.974938,36,8116.501433
-175.491918,49,8116.738781
-32.810985,22,8116.849281
-128.670613,19,8116.957102
-55.07524,26,8117.071185
-198.451507,35,8117.216884
-36.931021,22,8117.314502
-128.694442,19,8117.397928
-121.609682,35,8124.111882
-29.979089,20,8124.224187
-126.94373,19,8124.308436
-37.776677,21,8124.396633
63.258614,22,8124.48611
-33.714575,22,8124.585948
-27.639243,20,8124.690598
-59.799685,27,8124.803268
-30.415171,22,8124.893078
6.440317,39,8125.076508
181.593978,23,8125.173233
-103.883226,48,8125.358648
-23.734441,19,8125.431539
-37.837285,22,8125.521196
-32.647816,36,8125.667941
-130.278064,20,8125.748966
-35.872461,23,8125.844236
-154.484208,37,8126.010876
32.78034,27,8126.124377
-127.271668,19,8126.203398
-133.62743,20,8126.283245
-107.452347,33,8126.42499
-118.819946,34,8126.565123
-253.440026,71,8126.854498
-8.517981,18,8126.92828
-26.864886,19,8127.01237
-152.932474,41,8127.182539
-191.086378,46,8127.377394
-55.051361,25,8127.492019
-33.294801,22,8127.58244
66.974747,22,8127.668279
-208.65885,46,8127.859309
-161.26986,27,8127.973945
-127.6388,19,8128.054152
-204.807221,45,8128.23318
-46.348419,25,8128.345835
-36.158615,22,8128.460919
-50.624692,25,8128.575758
-129.012044,19,8128.667756
70.137742,21,8128.763706
-14.806428,19,8128.873395
-33.97165,21,8128.972491
158.499745,25,8129.108984
187.951364,46,8129.344084
-49.438737,27,8129.465633
266.795805,22,8129.552727
-26.080449,19,8129.631407
50.033682,25,8129.728276
-144.289035,37,8129.885788
70.430319,20,8129.965148
-46.995634,25,8130.066333
-72.231266,27,8130.175695
79.768228,19,8130.251679
25.0728,29,8130.379416
-129.866847,21,8130.466999
-5.506554,32,8130.605114
-198.953765,44,8130.881042
-33.356446,23,8130.980668
-159.391715,39,8131.154512
87.438656,19,8131.23087
-11.09026,19,8131.307953
-26.115784,19,8131.472379
-42.925222,23,8131.591711
68.701975,38,8131.770622
243.685535,24,8131.882421
186.098666,20,8131.966262
-26.397595,22,8132.06193
-23.898408,19,8132.138424
-56.802411,25,8132.240219
-28.593331,20,8132.324821
-39.723574,23,8132.429768
-57.695128,26,8132.533747
-160.656541,25,8132.632608
75.05035,34,8132.782439
-28.316424,21,8132.87008
-25.970894,20,8132.95105
-69.48557,25,8144.77787
69.150567,21,8144.989485
-97.351756,31,8145.23224
57.947563,23,8145.465178
-225.751606,35,8145.670877
41.932046,25,8145.787341
-121.090157,51,8146.008487
-214.446633,35,8146.152416
70.403755,20,8146.238566
61.640078,22,8146.324392
161.687676,22,8146.421298
-49.843693,24,8146.525733
-42.54704,23,8146.623547
68.533824,21,8146.706071
-27.418875,20,8146.785904
-125.322747,20,8146.875043
-72.471093,42,8147.050746
-47.940176,24,8147.156187
-27.845337,21,8147.244212
-80.218207,30,8147.369788
-64.439198,25,8147.471404
-35.646448,22,8147.56731
-30.421235,20,8147.65219
450.157355,25,8147.751713
207.171499,23,8147.849093
-58.224607,25,8147.956453
-28.736156,20,8148.040304
-47.239611,25,8148.139626
59.341054,23,8148.24049
135.51733,29,8148.372194
-12.435343,19,8148.44929
-123.852042,19,8148.527649
-95.00836,31,8148.66038
53.678046,24,8148.755222
52.594175,40,8148.917992
55.349543,24,8149.028624
-146.609145,37,8149.180388
-125.617066,18,8149.253239
-58.869388,26,8149.365267
-130.754614,19,8149.449924
61.932372,22,8149.537316
-37.741095,23,8149.626705
-26.693132,20,8149.705172
-50.84933,26,8149.813328
-42.479929,22,8149.910225
-120.991967,33,8150.084856
58.294146,22,8150.183009
-27.495259,20,8150.261979
-129.228912,20,8150.34073
-87.430136,31,8150.484475
-239.518767,37,8150.64575
20.196959,29,8150.776352
-31.4643,20,8150.855816
-54.535827,26,8150.96017
69.961939,20,8151.046315
-162.713061,26,8151.157943
181.411446,34,8151.334511
-45.008583,25,8151.443892
74.353443,20,8151.537146
-33.234473,20,8151.627731
57.001209,23,8151.721088
35.774523,27,8151.840163
-7.910451,18,8151.910656
-146.528822,23,8152.003673
-166.651949,29,8152.122075
-131.435073,21,8152.208049
-208.604862,32,8152.760009
-127.99579,19,8152.865466
-24.692414,19,8152.967129
268.440044,21,8153.058968
-125.042772,21,8153.147955
-96.593578,32,8153.290038
-137.755794,23,8153.408936
90.002589,22,8153.500838
-76.049974,29,8153.621877
-2.977032,32,8153.764499
-96.343011,30,8153.908748
-44.362671,37,8154.08359
-165.353813,40,8154.25596
-166.754864,25,8154.359825
191.167739,21,8154.449438
-128.119733,19,8162.643332
-13.840652,19,8162.764227
-26.542871,19,8162.861632
-28.796782,20,8162.956586
-262.925103,37,8163.126697
-101.810071,33,8163.276705
55.916235,23,8163.399086
-136.200392,36,8163.556759
-126.539694,34,8163.698192
53.126368,24,8163.798334
-126.276477,19,8163.881598
-25.112501,19,8163.960529
60.888746,22,8164.057683
64.586408,22,8164.152482
-55.465743,25,8164.258615
164.559442,21,8164.345256
-116.177869,19,8164.433862
-371.865706,50,8164.642363
72.411231,20,8164.723358
-60.205234,43,8164.903287
-201.949158,44,8165.079151
29.74039,26,8165.182613
-26.860278,20,8165.26556
-73.987567,29,8165.385531
-357.400991,52,8165.619181
-20.734935,19,8165.797414
208.691834,20,8165.892848
-267.553134,68,8166.204647
-22.224664,21,8166.295567
-125.897174,19,8166.37589
-166.659507,40,8166.551288
126.123696,29,8166.677161
-128.588043,19,8166.756218
-125.857661,19,8166.830487
-53.237415,23,8166.92568
-265.04106,37,8167.075655
-28.004301,22,8167.16763
-18.849325,19,8167.252626
146.363614,30,8167.378414
-60.723541,27,8167.500645
71.086021,20,8167.587279
-250.832109,37,8167.744578
-51.782777,36,8167.892254
-24.189019,21,8167.978728
70.433943,20,8168.07004
-42.301039,24,8168.202519
-20.135168,19,8168.309108
72.74263,20,8168.412011
-81.573692,30,8168.548816
-121.876015,20,8168.627645
-64.819186,25,8168.727243
47.020046,25,8168.831763
-118.938287,36,8168.980905
-140.094349,37,8169.154421
-11.971524,18,8169.233618
-149.778704,36,8169.381536
83.658885,38,8169.570848
163.394942,29,8169.71746
83.289849,19,8169.8063
-283.249866,45,8170.028321
-108.54128,34,8170.219463
195.177123,21,8170.328404
-22.397147,19,8170.420315
-261.491567,37,8170.600927
263.244023,22,8170.73304
39.840074,27,8170.867439
-56.339922,24,8170.968183
-24.038787,19,8171.060796
-112.209372,34,8171.255776
-415.110783,57,8171.608041
-263.805756,47,8171.922887
-120.298882,19,8172.163022
183.334327,20,8172.438464
-202.441549,47,8182.95851
-218.876744,47,8183.301888
-30.832151,21,8183.462911
-54.174504,37,8183.687575
-22.171884,35,8183.87297
-68.319351,43,8184.947984
-60.103905,37,8185.244944
-41.122817,23,8185.37554
53.162407,22,8185.484481
-179.146342,41,8185.679605
-124.494603,19,8185.767464
-162.777102,42,8186.007084
53.568947,24,8186.127577
54.360315,22,8186.223045
-26.216119,19,8186.312726
-27.052681,19,8186.396058
-299.575678,44,8186.578513
153.58374,23,8186.673177
-107.702097,38,8186.833982
44.438147,24,8186.934243
-25.400397,20,8187.014333
-25.910041,19,8187.101817
-229.248447,32,8187.231957
-370.152781,53,8187.464668
-116.004989,20,8187.544357
-109.059257,45,8187.730931
-22.304272,19,8187.821153
-36.188674,23,8187.923886
63.646617,24,8188.025649
-35.839348,21,8188.108208
-24.838475,19,8188.180869
-162.58495,25,8188.280213
-135.926926,24,8188.381524
-232.001846,36,8188.542308
-29.193301,21,8188.626946
-256.612778,60,8188.868121
-162.105493,40,8189.023779
61.096008,22,8189.11483
-177.66485,29,8189.243521
43.913629,50,8189.459688
-34.066513,22,8189.550753
-23.134329,19,8189.626121
76.93238,19,8189.702522
-50.009106,25,8189.811101
-134.36793,39,8189.975613
66.848172,21,8190.066085
66.390796,21,8190.15201
-92.202927,32,8190.282063
-10.14802,18,8190.356355
-36.880158,22,8190.449067
-120.563413,19,8190.53049
-126.610053,19,8190.604759
110.739146,35,8190.747165
204.405478,51,8190.952715
-61.298823,25,8191.059487
-51.935409,26,8191.170831
-103.450579,30,8191.294159
70.363086,20,8191.375088
-140.246081,36,8191.519721
-315.296536,68,8191.88517
-269.319386,57,8192.123446
-333.67816,42,8192.311899
-159.478863,62,8192.563803
56.1644,40,8192.738348
-130.187711,21,8192.821426
17.770124,28,8193.145326
77.03262,69,8204.571305
-87.18,31,8204.708348
60.22126,23,8204.819616
54.548298,23,8204.92144
-11.298789,18,8205.002601
-206.081178,45,8205.199086
-22.736014,21,8205.289067
-93.557914,34,8205.443629
151.893437,26,8205.550759
-154.696768,26,8205.655253
-26.857932,20,8205.739921
-38.792378,24,8205.844148
-29.203568,21,8205.932095
77.037266,20,8206.026908
82.409642,20,8206.131925
163.399231,24,8206.237628
-54.527235,23,8206.334464
4.692715,49,8206.548685
41.96868,25,8206.650746
-29.990918,21,8206.74262
-13.849906,19,8206.817707
-167.23995,56,8207.056681
-30.070375,20,8207.141215
-128.386553,19,8207.214954
-317.604753,79,8207.554131
67.714631,21,8207.640859
-146.399775,24,8207.742083
-52.470747,25,8207.847995
-58.485426,26,8207.958633
-146.826598,37,8208.114689
17.889215,29,8208.246644
-137.785415,22,8208.359422
-28.962427,20,8208.446168
-142.906334,24,8208.551573
-318.707866,46,8208.738689
46.454963,26,8208.849791
-129.847705,21,8208.942013
-370.688042,53,8209.171854
-10.385704,18,8209.247185
37.289532,27,8209.354539
-131.822329,23,8209.446798
-261.959879,40,8209.61753
-35.584778,22,8209.708026
34.228451,26,8209.815779
-139.542758,21,8209.911923
58.208426,22,8210.005106
-33.052324,22,8210.096366
-192.959993,32,8210.233994
-11.644984,19,8210.310929
-163.472357,56,8210.534137
-586.120442,101,8210.940626
69.335884,20,8211.026684
-171.852614,41,8211.194167
90.424296,19,8211.268972
124.984396,30,8211.388823
-124.085897,39,8211.556493
-149.029359,23,8211.646393
-262.718943,39,8211.807558
61.736404,22,8211.895105
-34.361101,22,8211.987102
-131.596935,36,8212.138543
-104.175108,32,8212.265292
-31.299618,20,8212.346962
-61.188779,25,8212.450172
173.268356,21,8212.533258
-27.439651,19,8212.609018
-128.045845,19,8212.689227
55.65194,24,8212.789046
-140.046497,37,8212.940798
-10.226701,32,8219.648492
16.354253,28,8220.162402
-146.320703,38,8220.35383
-210.832492,59,8220.59151
-93.19749,33,8220.723045
-22.840586,19,8220.799547
-247.28371,37,8220.952734
-381.879351,74,8221.265198
-43.59341,23,8221.357911
-163.662104,46,8221.540332
142.859881,25,8221.644927
-154.319988,37,8221.795917
-121.698322,35,8221.940855
-113.452243,33,8222.079089
-256.155647,37,8222.248172
-43.307725,24,8222.344626
58.824618,23,8222.447742
24.56878,28,8222.560139
-69.413166,28,8222.677947
-266.202145,42,8222.847833
-28.308887,22,8222.936771
-137.729414,24,8223.039588
189.998211,19,8223.118057
-20.003886,20,8223.203333
-206.53082,44,8223.664506
-266.594426,46,8223.871298
-58.730796,27,8223.980611
-22.441377,21,8224.074523
-15.183636,19,8224.156552
51.94433,24,8224.249557
166.273852,24,8224.346962
44.574618,27,8224.460447
-18.427413,20,8224.553078
77.498934,19,8224.632025
-451.622532,70,8224.940754
-49.420083,25,8225.049187
-31.959142,21,8225.136091
10.32178,32,8225.26716
26.572134,28,8225.381499
-53.697608,25,8225.484512
-110.413909,32,8225.61378
64.426676,22,8225.699736
-88.610752,30,8225.82647
-47.364486,24,8225.927539
-58.107511,26,8226.0415
-27.868541,20,8226.133868
-61.66167,27,8226.269219
34.234873,27,8226.390012
133.714303,31,8226.527827
56.225781,24,8226.628834
-39.986649,42,8226.795774
-608.043307,101,8227.216275
4.709195,49,8227.427212
-344.502182,53,8227.638576
183.807839,20,8227.720926
-160.934412,37,8227.874381
-283.589444,44,8228.059269
-23.175729,19,8228.134489
-25.290379,19,8228.209438
-19.649007,20,8228.291317
-17.216638,20,8228.378979
-128.592746,19,8228.458177
65.356985,22,8228.552804
-62.968543,27,8228.671072
-16.840177,19,8228.751618
-45.215737,23,8228.847725
-26.355954,19,8237.248056
-29.450617,20,8237.370941
-419.16496,101,8237.80812
-73.346627,28,8237.922789
-23.740938,20,8238.01136
-134.232479,58,8238.254355
-113.413459,18,8238.328655
71.027794,20,8238.411373
-32.153595,20,8238.491588
-39.156081,23,8238.583748
-216.453652,35,8238.731371
-412.813957,63,8238.984287
-99.660427,30,8239.108766
-117.664043,20,8239.191073
363.827551,22,8239.281615
-258.992878,37,8239.430949
-127.265752,19,8239.508993
-58.977031,26,8239.617157
-158.861788,37,8239.772982
-98.824046,33,8239.912043
-31.05301,20,8239.992835
-198.185299,29,8240.115308
-136.56566,36,8240.263902
76.959379,19,8240.341547
-19.059407,20,8240.425262
-32.63787,20,8240.50519
-260.258619,37,8240.648837
-126.800911,21,8240.732141
-245.657201,37,8240.879631
159.316554,23,8240.972122
-180.539395,41,8241.147451
-28.195502,20,8241.224995
-143.059731,53,8241.450738
-25.409823,19,8241.526511
-76.363092,29,8241.642959
-165.219256,26,8241.746197
-153.057163,37,8241.968803
-119.009143,20,8242.505576
-137.803165,40,8242.715145
-133.273147,38,8242.877967
25.317185,29,8243.000015
65.967292,21,8243.089814
-163.301342,37,8243.234658
165.093846,23,8243.333584
-149.034878,25,8243.453737
-18.595289,19,8243.541012
-339.253704,76,8243.849061
-22.144454,21,8243.936816
89.148749,24,8244.037244
-199.432797,59,8244.283722
-162.57287,25,8244.383193
-137.197453,38,8244.534451
-23.031427,19,8244.6143
-241.431954,37,8244.777552
-27.225104,22,8244.869125
-42.174597,37,8245.028224
-128.0091,20,8245.110366
-53.970278,37,8245.25997
-135.068049,22,8245.352712
-24.865143,19,8245.435043
61.219528,22,8245.52468
-27.631114,20,8245.692263
-126.368011,19,8245.772802
18.779751,29,8245.892976
55.649015,23,8245.98884
-129.903401,35,8246.143213
-160.754081,40,8246.305051
-18.137214,20,8246.386911
-41.45591,23,8254.033952
-28.310789,23,8254.158707
-145.84886,37,8254.313285
-131.399233,20,8254.397038
-115.720937,19,8254.475789
-6.810882,18,8254.551141
-25.450911,19,8254.627878
-127.900647,31,8254.753388
66.619305,21,8254.837305
-159.864452,39,8254.999218
42.884985,26,8255.109675
-416.911841,63,8255.379457
-42.276084,24,8255.479229
36.417242,37,8255.636336
-57.266402,26,8255.739983
-24.467138,19,8255.816587
65.78353,21,8255.897905
168.838495,47,8256.096536
-43.174174,24,8256.19465
-119.966756,20,8256.280325
-20.727509,20,8256.362657
-14.525493,33,8256.499503
-160.275118,39,8256.652064
83.411664,19,8256.726969
-39.307337,21,8256.811697
-32.611539,24,8256.913221
29.955791,26,8257.018146
-252.76105,37,8257.167872
-83.243028,42,8257.332215
-27.64745,20,8257.416237
-435.16166,101,8257.836007
-56.315862,26,8257.945426
-175.050785,31,8258.074846
203.688112,18,8258.1533
-63.596071,27,8258.270944
66.640529,21,8258.355117
-23.285653,19,8258.437667
15.732251,31,8258.561545
-61.619195,26,8258.678152
-6.436999,33,8258.813205
-92.882915,31,8258.93891
264.417295,22,8259.027165
-109.173664,33,8259.173934
60.282109,23,8259.269211
-36.913787,23,8259.362481
-89.978061,29,8259.495102
-55.296362,25,8259.613806
-22.835842,19,8259.702175
-50.257414,24,8259.805383
-125.902958,19,8259.880698
-81.474445,28,8259.996066
-13.411517,19,8260.071768
-196.548289,43,8260.256037
166.270455,23,8260.351544
-53.328005,26,8260.457773
-20.174523,20,8260.53908
64.076964,22,8260.630649
-144.599478,24,8260.726499
-40.583735,35,8260.867679
-126.609824,20,8260.953422
-81.246449,32,8261.088881
-55.100499,43,8261.270599
-39.786497,24,8261.374395
53.947476,22,8261.468034
-28.341658,20,8261.55368
-29.829111,22,8261.643092
-602.223943,101,8262.046711
62.019549,22,8262.134855
155.141679,23,8262.227259
-120.862129,19,8262.305259
-42.025472,23,8262.400729
-127.336741,20,8269.365667
-31.265373,21,8269.489679
-87.271985,30,8269.638393
-61.053539,26,8269.747457
-25.083244,19,8269.826595
197.695773,20,8269.91076
60.511011,23,8270.011458
-61.707599,41,8270.178749
-25.756721,19,8270.263787
-117.802975,19,8270.341716
-127.490691,19,8270.418001
-50.660848,25,8270.518409
-38.313427,22,8270.611444
-35.830189,22,8270.701353
-30.854907,21,8270.790502
42.088827,26,8270.899601
-13.657267,19,8270.978104
34.408977,27,8271.093604
-28.950295,21,8271.17931
50.325211,23,8271.269006
-20.147183,19,8271.34477
187.61859,22,8271.434078
-133.672224,23,8271.526844
-298.969504,58,8271.766696
-206.98845,88,8272.132691
-27.842468,20,8272.211837
-157.529635,24,8272.306409
-32.079594,21,8272.39093
178.732809,22,8272.482213
-31.458669,21,8272.569878
-72.78838,29,8272.687889
-27.498515,20,8272.767569
-162.03484,40,8272.929278
-35.946606,22,8273.022468
21.215793,29,8273.137186
-185.707028,27,8273.346228
42.149235,26,8273.467467
-27.611699,19,8273.546226
-20.455391,19,8273.620921
-26.424173,20,8273.700842
-30.991422,20,8273.781432
-129.081065,19,8273.857168
-46.221563,26,8273.963733
-53.224439,26,8274.074207
-130.519304,20,8274.156429
53.568164,24,8274.252167
190.14232,21,8274.339827
-21.047303,21,8274.42711
-117.885935,18,8274.574967
45.87381,25,8274.683964
-51.187767,24,8274.778245
-88.009225,30,8274.897906
50.497528,25,8274.998271
10.046747,30,8275.119401
-31.797786,20,8275.204264
-22.151823,20,8275.287553
-26.637308,20,8275.368741
-291.948382,47,8275.567443
-130.447804,19,8275.658176
-219.446358,35,8275.830057
-293.994611,43,8276.031574
-21.309918,19,8276.13255
-129.849245,20,8276.223915
-161.421542,37,8276.384004
-27.62268,20,8276.469265
-33.125827,23,8276.563084
-52.273081,25,8276.664821
-23.910967,21,8276.753672
-311.436672,48,8276.947618
-31.441162,20,8277.028224
-263.037253,37,8277.181714
-25.937104,19,8277.254398
-54.910198,37,8277.406648
75.416365,20,8277.489527
-25.787245,19,8277.563226
-138.178617,24,8277.664277
73.845414,21,8277.756838
-253.090664,38,8277.911475
-58.496182,37,8278.06952
-19.233016,19,8285.864217
52.534276,24,8286.018625
-25.323167,20,8286.127681
-291.939766,57,8286.37354
-72.419581,28,8286.490295
-545.859458,93,8286.862568
-111.709814,50,8287.059146
-133.75079,20,8287.1421
132.615607,31,8287.271704
-41.253006,23,8287.37473
58.539358,23,8287.468594
-158.902485,39,8287.628319
65.131941,21,8287.712069
-57.872897,26,8287.822255
-129.897561,19,8287.900874
-24.468167,19,8287.980231
-250.207509,37,8288.131295
-145.624639,37,8288.284693
-126.196048,19,8288.357717
-21.725227,19,8288.448335
-24.103387,20,8288.537061
-265.31601,50,8288.746722
-15.972221,19,8288.826279
-33.257376,21,8288.910699
-29.60933,20,8289.20661
17.312968,30,8289.453021
-17.569644,19,8289.551823
-149.142413,24,8289.663832
-39.376974,22,8289.765243
-245.059333,37,8289.917575
-126.014439,19,8289.993306
63.127825,22,8290.085747
-58.901493,47,8290.280304
150.55241,24,8290.382284
-58.954839,28,8290.504685
156.30416,23,8290.598739
-258.736339,37,8290.767388
-97.977115,35,8290.921007
-257.266331,37,8291.085483
-58.46003,26,8291.197474
-243.880487,46,8291.391411
-154.180143,39,8291.548841
61.196062,23,8291.641847
-84.177375,32,8291.77281
-260.133782,37,8291.922735
-133.003835,24,8292.036309
57.047326,23,8292.19849
-16.367284,19,8292.294904
47.086167,25,8292.468056
-85.856443,30,8292.644532
-15.046989,19,8292.745581
-26.023615,19,8292.836484
19.527149,29,8292.980374
-264.363122,37,8293.15685
-17.807608,19,8293.250948
-56.190408,26,8293.368635
163.246186,22,8293.46489
-129.695441,19,8293.558031
-62.936758,28,8293.683448
-30.571226,21,8293.771772
-165.740165,27,8293.882046
-278.827132,53,8294.136201
-25.681158,19,8294.244705
-19.834904,21,8294.343498
-3.682234,34,8294.508333
57.147547,22,8294.611497
-244.442757,65,8294.918932
232.357467,30,8295.067092
-164.116515,43,8295.366569
245.237235,26,8295.494866
55.507867,24,8304.661544
-134.272079,24,8304.789646
-263.182921,37,8304.947947
192.023731,19,8305.028811
-121.452167,19,8305.11247
-37.248647,21,8305.200207
-9.356762,18,8305.274876
-21.832995,19,8305.352158
-45.351548,24,8305.451603
72.064826,20,8305.544655
-140.288077,21,8305.629427
-11.800614,18,8305.703749
-32.974622,36,8305.849299
-126.068666,19,8305.927281
36.43103,61,8306.181418
67.269176,22,8306.277888
-26.931249,19,8306.356282
-136.387516,36,8306.503838
-229.14377,34,8306.649217
-24.600736,19,8306.727883
-152.47153,57,8306.961039
-262.622334,37,8307.108936
-245.796488,37,8307.259589
-169.899487,28,8307.377454
13.574332,32,8307.51296
-35.819921,40,8307.676116
-119.118543,18,8307.749338
-38.128097,22,8307.839249
-118.110089,34,8307.9803
-163.916589,40,8308.14488
-27.276187,21,8308.236944
-54.258002,37,8308.400559
-125.775973,34,8308.539163
-257.370634,46,8308.732632
98.767703,20,8308.813466
52.420543,23,8308.910043
141.958501,29,8309.028896
-47.23258,25,8309.132752
-122.017885,37,8309.29527
-45.416878,22,8309.384391
-144.015739,33,8309.519181
40.133735,26,8309.618909
-35.5763,21,8309.704345
-135.075345,37,8309.852744
207.16069,20,8309.935693
-25.352268,19,8310.018038
-136.19397,36,8310.163725
-52.633959,24,8310.263242
-218.116729,47,8310.450464
-191.416784,56,8310.685539
18.705085,29,8310.803106
-123.300136,21,8310.887662
-47.421086,22,8310.990271
-82.926759,29,8311.11122
-402.859766,89,8311.471815
-49.718312,26,8311.582175
-404.699466,101,8311.984657
123.23965,43,8312.161278
-38.495645,24,8312.261313
-26.215684,21,8312.347577
-90.706038,30,8312.477399
-127.795834,19,8312.558791
-58.553675,28,8312.677673
-27.79008,20,8312.756563
61.436297,22,8312.843489
-129.427142,21,8312.927893
-48.222101,24,8313.026052
-69.349485,27,8319.706838
-24.420011,20,8319.833769
-42.470183,23,8319.939953
43.220473,27,8320.051947
-100.223355,37,8320.204146
37.645001,27,8320.315399
-35.079706,24,8320.421049
48.838481,25,8320.529603
-69.21653,27,8320.646521
-147.534441,23,8320.745525
-135.005196,22,8320.835279
119.869501,33,8320.975723
-40.556984,24,8321.079709
-138.013619,36,8321.227935
49.76555,36,8321.378094
163.661469,22,8321.469552
-27.732099,21,8321.553571
-7.305468,35,8321.688973
-26.32675,20,8321.766716
-94.060236,31,8321.896924
-275.571837,41,8322.06561
-1.024307,31,8322.190059
-69.342004,29,8322.307245
-25.109505,21,8322.395162
-44.654519,40,8322.562162
-145.600064,22,8322.65703
57.265103,24,8322.753826
-60.98319,25,8322.856383
-21.252497,19,8322.931337
-43.294833,25,8323.04521
162.04618,22,8323.144166
73.227356,20,8323.225321
-32.123038,22,8323.314213
-69.035753,40,8323.482597
-134.434559,21,8323.57308
96.500943,20,8323.65601
-49.555632,37,8323.816044
-43.856857,38,8324.058211
186.163764,20,8324.140537
87.855526,71,8324.463806
-246.540433,66,8324.747471
-102.073073,32,8324.879138
-26.717894,21,8324.964511
38.950948,25,8325.065309
-30.367174,20,8325.148661
-148.770973,38,8325.304636
-82.083888,31,8325.433897
14.610453,30,8325.55567
48.307243,25,8325.653622
-92.858257,34,8326.024919
-142.605581,37,8326.186909
-116.624682,18,8326.259328
-56.352965,39,8326.423571
31.294697,27,8326.53415
-23.531512,19,8326.610076
-262.982492,37,8326.762695
-353.846908,52,8326.970278
-32.299456,20,8327.054309
170.386505,21,8327.138163
-72.167471,27,8327.2475
40.51918,26,8327.356542
-66.512061,27,8327.477249
161.349728,23,8327.568797
-33.940909,21,8327.65111
-14.499366,19,8327.729089
-26.021557,19,8327.804935
-30.60525,20,8327.888813
116.106424,29,8328.01549
-234.429117,36,8328.163766
154.030085,26,8328.272895
-31.948123,20,8328.361259
51.627308,24,8328.462475
186.432201,20,8328.545782
-207.432572,74,8336.872823
-33.225888,21,8336.964817
67.660862,21,8337.050237
-120.553095,34,8337.188449
-31.652278,21,8337.272548
-363.041945,52,8337.482569
-29.290723,20,8337.567043
-47.04431,40,8337.72372
-28.945123,20,8337.813333
-57.170378,27,8337.921165
-258.302813,37,8338.072571
-154.154398,41,8338.237398
-27.232654,19,8338.317956
-36.491471,36,8338.481528
-116.357109,19,8338.557239
65.013633,22,8338.645526
-26.771592,21,8338.73596
-265.679773,37,8338.887376
-37.850778,23,8338.977831
113.641105,43,8339.155833
-491.077226,72,8339.446417
-22.598298,19,8339.521928
13.779673,29,8339.638969
-31.113547,21,8339.723559
158.87346,25,8339.832405
-361.470244,101,8340.255703
29.82368,27,8340.366706
-129.613117,19,8340.449124
56.847065,23,8340.540654
-157.723602,37,8340.690381
-285.726155,44,8340.868052
149.060094,27,8340.984256
-24.965648,33,8341.128119
-15.254921,19,8341.208257
-107.145827,33,8341.346517
-35.571532,36,8341.498584
-169.278279,27,8341.605138
64.913629,22,8341.702062
-28.939607,21,8341.785109
-19.84206,19,8341.864615
-107.198697,31,8341.993425
-39.173209,35,8342.134955
-136.302899,22,8342.223179
197.448876,24,8342.32428
-28.244035,20,8342.410362
-29.749602,20,8342.497578
-29.197429,21,8342.578337
-99.002147,33,8342.710821
-153.578878,24,8342.809056
-24.592643,19,8342.884397
-83.112809,29,8343.002934
66.594373,21,8343.086181
-127.156017,19,8343.165845
-178.85944,42,8343.339343
-90.24794,30,8343.471702
-60.319458,26,8343.618954
-235.303492,49,8344.485108
-176.708706,41,8344.660084
-116.333273,38,8344.818456
-72.359204,28,8344.937624
-37.409834,24,8345.042708
190.382051,19,8345.124764
-93.108306,70,8345.427169
-14.205738,19,8345.521308
71.796426,20,8345.598441
-30.736888,20,8345.682251
-3.880541,33,8352.030731
-123.019096,19,8352.14566
-251.928056,37,8352.425833
-142.850617,38,8352.588601
56.396253,24,8352.687634
38.103264,28,8352.807088
5.898902,32,8352.938522
-41.330756,24,8353.034971
-147.87565,24,8353.130578
-129.022161,22,8353.223296
-130.805939,20,8353.302823
-34.487798,22,8353.394191
-120.3402,18,8353.468305
39.141422,27,8353.577317
-35.805584,22,8353.672634
58.988812,23,8353.765704
51.789983,24,8353.859769
-55.137817,42,8354.029394
63.42812,22,8354.119816
-130.659461,20,8354.200502
76.03625,20,8354.282851
-205.014694,32,8354.422927
-345.687973,53,8354.642484
-143.054814,24,8354.740205
-260.467623,37,8354.893919
34.145996,27,8355.008894
-26.706032,19,8355.087922
65.695429,22,8355.182832
-187.862039,42,8355.354773
-25.770543,20,8355.435241
70.386137,20,8355.516655
-120.769039,21,8355.598491
-138.780323,23,8355.689204
-133.885373,22,8355.777461
65.073938,21,8355.862494
-24.853607,19,8355.938798
-246.895869,37,8356.09883
-270.656044,40,8356.266734
-143.531634,37,8356.420103
32.970441,28,8356.533803
-125.676683,20,8356.613369
-15.860113,19,8356.689293
-113.832105,19,8356.765561
-150.315094,24,8356.865497
50.33958,25,8356.982295
-170.547407,56,8357.209302
-263.58439,37,8357.359974
-31.706773,20,8357.437917
67.411781,21,8357.523033
49.045573,25,8357.626101
-123.479835,20,8357.708047
49.024515,29,8357.902815
273.249337,26,8358.041641
-282.75076,59,8358.342478
-126.821119,19,8358.456704
-35.654841,23,8358.589145
55.014278,23,8358.745887
-193.09371,31,8359.033487
-252.352661,37,8359.397138
339.215936,25,8359.824767
-60.616678,37,8360.373412
78.139591,20,8360.517693
68.938445,21,8360.650155
138.184485,25,8360.785291
-189.154372,31,8360.920805
16.454412,30,8361.045957
-46.93295,23,8361.156659
45.296721,26,8361.268541
-121.399066,37,8361.427987
-22.297521,21,8361.512333
-118.958091,20,8361.596803
-16.524359,34,8361.737067
61.648809,22,8361.821147
-288.484314,43,8361.99178
-81.709525,30,8362.110523
155.552505,23,8367.856377
-94.659508,32,8368.032213
-49.381971,24,8368.138381
62.334528,22,8368.229641
-199.832311,30,8368.353903
-57.09645,25,8368.461865
64.095007,22,8368.558419
-191.55,29,8368.673928
-82.701737,28,8368.789023
-24.316088,19,8368.867566
-87.552063,31,8368.992352
-40.233135,23,8369.088702
-200.136165,46,8369.275075
-33.591163,22,8369.369362
-203.904023,31,8369.494926
-35.110764,21,8369.581517
77.110774,22,8369.671591
-126.25184,19,8369.747645
-45.822932,37,8369.896064
-559.691026,101,8370.35482
-28.123068,20,8370.437773
57.958833,22,8370.525581
55.50055,23,8370.621807
-132.45842,20,8370.700305
-10.080861,18,8370.772504
73.629252,23,8370.872543
-28.415815,20,8370.955174
-106.355658,31,8371.085537
-301.198778,50,8371.293048
-30.035329,21,8371.379934
-45.784852,24,8371.495926
39.796798,26,8371.703553
50.632556,23,8371.843098
-15.596419,19,8371.945898
-304.112387,47,8372.170204
-30.263077,35,8372.346281
-256.863763,53,8372.598497
13.590619,30,8372.746255
-303.638634,45,8373.050807
-157.047292,37,8373.230445
67.005336,21,8373.32908
-22.085487,20,8373.433371
-201.618625,30,8373.569487
70.515171,20,8373.667895
-61.054632,26,8373.794989
-54.188129,25,8373.913887
-131.128203,21,8374.010896
-70.501963,29,8374.147019
-24.72658,20,8374.244322
-145.306495,37,8374.42641
-262.961899,37,8374.595108
42.34273,24,8374.692999
72.246873,21,8374.781565
-222.016856,34,8374.919036
-19.78413,19,8374.999588
-181.546195,31,8375.125689
-55.111133,25,8375.227702
16.619219,29,8375.347879
-127.294319,19,8375.429472
-25.998391,20,8375.513979
-56.332233,25,8375.620921
-262.031447,70,8376.206887
-79.464964,30,8376.415035
-47.458007,23,8376.514352
-152.588444,25,8376.616363
-39.192305,21,8376.700392
71.601744,35,8376.845646
-28.038239,20,8376.935894
48.126547,24,8377.03387
-66.912034,28,8377.150804
-15.513862,19,8377.226892
126.261502,28,8377.34598
-244.550642,37,8386.160868
35.134627,26,8386.380967
-30.700422,21,8386.505001
-52.773072,39,8386.68333
-172.875003,28,8386.794176
-25.813281,19,8386.870706
-31.893403,21,8386.9643
-64.640591,28,8387.079108
-131.456617,22,8387.167849
-17.026407,19,8387.247243
63.185526,21,8387.338065
-36.183285,22,8387.425856
-61.428413,39,8387.599628
-26.010078,19,8387.683807
-31.902151,20,8387.769111
66.883322,21,8387.853278
60.493447,36,8387.996153
30.593273,28,8388.109037
49.392484,24,8388.207548
192.391313,23,8388.307374
71.78545,20,8388.396952
-26.737453,19,8388.473559
-27.413069,20,8388.555809
-138.756172,36,8388.704519
-181.785221,28,8388.820005
73.6999,20,8388.901871
-37.316418,22,8388.991136
-560.774056,101,8389.394285
-58.359616,26,8389.500844
-26.666978,20,8389.582012
-451.578788,90,8389.97165
179.989677,23,8390.069174
-115.321343,45,8390.274288
-241.369053,38,8390.433009
174.652899,23,8390.528608
-116.965221,19,8390.609505
-134.03637,20,8390.689511
-58.002632,25,8390.791124
-29.746137,20,8390.871749
-86.797287,28,8390.992641
-70.325756,27,8391.107147
-17.614327,19,8391.191538
-131.712484,20,8391.273299
-150.604982,38,8391.436758
-214.211082,48,8391.629422
-43.747347,38,8391.791309
-19.196045,19,8391.868724
-23.3977,19,8391.953002
66.502161,22,8392.144517
11.184692,30,8392.334274
23.208352,28,8392.505328
-32.353536,20,8392.602159
-23.703634,19,8392.680884
-68.97815,26,8392.787776
55.975755,23,8392.885928
-130.969989,34,8393.041334
-33.790228,23,8393.135462
68.712925,21,8393.223882
-253.422092,37,8393.385862
-132.970908,44,8393.559379
-196.312581,44,8393.745354
-123.971622,19,8393.849392
-67.831288,27,8394.004015
-64.040547,26,8394.137008
-26.103226,19,8394.221212
-24.106896,21,8394.316531
-24.228437,21,8394.438465
-130.740534,20,8394.57111
-42.941963,22,8394.663803
-25.604779,20,8394.746187
-149.613629,38,8394.897724
-51.70518,37,8395.06466
-129.04705,21,8395.149981
-36.131596,21,8402.177303
53.35901,24,8402.322508
-31.022469,20,8402.420448
-18.931701,19,8402.501061
49.331946,24,8402.600822
164.813572,21,8402.684683
68.46969,21,8402.767676
-62.616032,27,8402.961416
-158.52553,25,8403.067134
-129.910285,21,8403.152583
-171.130309,29,8403.276151
-121.258518,34,8403.418665
-449.386228,65,8403.692533
-138.337528,36,8403.836401
-132.686815,20,8403.915517
-551.803601,101,8404.327251
-41.242278,22,8404.416683
-27.584187,35,8404.566827
198.453755,20,8404.647371
251.186207,25,8404.752627
-128.793654,20,8404.836192
28.711784,26,8404.941428
-120.561135,19,8405.014375
64.347821,22,8405.101357
-75.167855,28,8405.218066
-26.325176,21,8405.300854
-145.580756,37,8405.45722
-142.252841,37,8405.605907
-146.228438,23,8405.697937
150.853881,26,8406.36325
-9.98276,18,8406.503696
71.913503,20,8406.614609
-47.532867,37,8406.778617
42.772209,26,8406.890255
-197.782844,31,8407.019858
50.147995,25,8407.123042
-129.301794,19,8407.196791
-15.805315,19,8407.279675
-41.712116,23,8407.377475
-17.984498,19,8407.452557
-15.198366,19,8407.524586
-102.204513,29,8407.646578
-45.185143,36,8407.810537
60.976623,22,8407.904059
-661.814023,92,8408.273836
-28.229517,21,8408.40453
-131.551295,20,8408.523267
25.29416,29,8408.717347
22.611676,28,8408.957854
53.915591,22,8409.131222
37.152599,26,8409.336835
-19.925337,20,8409.508781
-53.368398,24,8409.734488
76.1993,35,8410.095464
-60.260659,37,8410.672876
-22.041804,35,8411.075407
-9.555448,18,8411.301258
-42.792549,36,8411.817886
-17.153899,19,8411.969198
183.46393,33,8412.200011
-94.896576,35,8412.384767
-24.789327,19,8412.473331
256.638508,23,8412.577388
-131.800149,20,8412.658143
69.369521,21,8412.748727
-174.823105,29,8412.869789
257.699712,23,8412.97069
34.036288,26,8413.076427
50.562872,23,8413.173246
-9.758976,19,8413.260536
3.419861,48,8413.474685
44.905687,27,8413.587664
-142.057362,36,8413.751259
122.307204,29,8420.172697
88.443546,46,8420.38906
-245.939603,37,8420.537221
-262.387138,37,8420.685815
-203.585809,32,8420.81407
-34.548218,22,8420.903378
-82.756111,28,8421.021449
-133.196159,20,8421.098986
-236.7974,65,8421.371687
-20.949528,21,8421.458852
69.355903,20,8421.539188
-26.957297,21,8421.622547
-23.945194,20,8421.706035
-17.39428,34,8421.863506
-24.854836,19,8421.941468
-82.251689,28,8422.055748
-69.166982,29,8422.172507
-20.339209,20,8422.256521
133.666557,26,8422.371047
-49.985723,39,8422.526272
-54.60428,27,8422.638192
44.330685,25,8422.745669
-135.719009,22,8422.836291
33.789033,27,8422.946663
-1.175657,30,8423.067953
-128.893095,19,8423.146458
-25.877572,35,8423.291321
-45.916772,24,8423.395176
-88.35474,33,8423.532829
-174.278444,39,8423.690057
-21.408104,20,8423.772675
-177.128612,41,8423.947544
-76.027276,29,8424.071946
-158.058475,54,8424.292352
-161.409528,37,8424.445294
-130.928042,20,8424.527215
-28.004172,20,8424.609601
61.824776,22,8424.701513
-193.262347,30,8424.824277
-120.285293,20,8424.911023
-16.219005,34,8425.050131
-13.094584,18,8425.12717
-113.097872,18,8425.289685
-226.202407,36,8425.45273
222.855649,36,8425.602312
-21.277703,36,8425.749747
38.785513,27,8425.858009
-40.330775,24,8425.9616
358.390335,22,8426.054258
-95.661705,52,8426.273313
14.923914,30,8426.394187
-156.933736,26,8426.500373
-37.312939,23,8426.598009
-25.515095,19,8426.67466
-145.815722,36,8426.824993
-22.488218,20,8426.910635
-142.808039,36,8427.056272
62.443477,22,8427.14525
-32.03134,21,8427.232899
-79.589987,29,8427.352082
-46.050506,24,8427.451532
-41.790197,23,8427.548965
-139.494423,35,8427.689458
-280.543337,49,8427.885212
-17.660672,19,8427.963275
-39.171267,23,8428.059612
-42.54478,23,8428.148081
245.502525,32,8428.283371
36.666061,28,8428.398932
-26.224527,19,8428.471526
-31.722733,39,8428.636254
-43.235528,22,8437.261894
-22.835397,20,8437.383326
-166.35224,26,8437.510445
-137.401784,22,8437.594721
53.739065,24,8437.692676
-167.965567,26,8437.797645
-23.317173,19,8437.879068
154.649189,23,8437.971236
-117.963071,20,8438.054132
-30.335091,21,8438.140323
-182.956933,30,8438.268173
-112.141228,36,8438.409856
42.881475,26,8438.525477
-83.476967,30,8438.648114
-23.184734,20,8438.731098
-119.676288,35,8438.877228
-46.903588,37,8439.023757
-134.552547,21,8439.114022
77.434002,19,8439.194043
-27.167697,21,8439.276961
62.828477,22,8439.368544
42.337582,27,8439.513507
-28.878929,20,8439.618339
-67.52795,27,8439.744748
-33.608343,21,8439.860904
-72.685259,26,8439.983421
65.733094,21,8440.079054
45.325319,26,8440.192021
-3.803767,33,8440.334391
-135.324328,21,8440.425264
-164.648542,37,8440.574845
-24.004726,19,8440.647413
-156.447198,25,8440.747552
-40.412573,24,8440.846101
-189.584931,42,8441.017564
65.506267,39,8441.189741
51.725459,25,8441.289511
-180.328946,42,8441.461905
-37.392688,22,8441.550993
27.550389,26,8441.6549
-121.626272,18,8441.727688
44.622588,25,8441.829453
-94.473766,32,8441.965229
-28.417824,20,8442.045665
-28.708151,20,8442.129603
-258.035788,37,8442.279283
-116.517948,47,8442.470318
-243.364227,37,8442.621142
-136.850288,36,8442.770202
-126.691387,23,8442.859085
-175.90251,28,8442.975318
-40.098808,22,8443.072663
-29.303991,20,8443.152905
-123.728765,20,8443.237858
111.549401,30,8443.361331
26.935494,28,8443.472578
-45.182574,25,8443.572017
257.599006,23,8443.666743
-37.753754,23,8443.766977
-130.898816,20,8443.852529
-36.069142,22,8443.940638
-59.799168,26,8444.045174
-111.413749,31,8444.174672
-25.849505,20,8444.252666
-29.323818,20,8444.33347
53.517105,22,8444.440856
-173.600717,27,8444.553928
26.414251,28,8444.66727
-127.53694,21,8444.749554
-30.574137,20,8444.830778
35.5986,28,8444.940509
207.417948,43,8445.122096
69.4665,21,8445.209146
-50.438396,84,8445.557872
67.438272,22,8445.647565
-140.162601,37,8445.797498
63.85359,22,8453.154676
-41.580734,36,8453.343974
-32.258779,21,8453.431651
229.544597,28,8453.541638
145.845494,26,8453.651279
-118.651403,35,8453.788132
-35.051688,35,8453.92551
63.807641,22,8454.012615
-28.995576,20,8454.096898
-21.604552,20,8454.253515
-54.861166,25,8454.357797
141.453842,37,8454.515383
-139.947019,21,8454.600474
-198.854059,47,8454.792469
-52.542795,39,8454.952735
-125.979872,19,8455.0317
-192.306359,29,8455.147584
-52.450968,27,8455.261407
-616.5612,101,8455.671277
-125.669287,35,8455.817038
-231.758415,35,8455.960545
62.681939,22,8456.048996
-62.381163,25,8456.15249
28.840784,29,8456.281519
264.336795,36,8456.427927
-117.207378,31,8456.548673
-92.602567,31,8456.674464
-259.689574,39,8456.830863
-26.650792,20,8456.914631
16.098346,28,8457.028846
-29.246918,20,8457.12237
48.126135,24,8457.220006
-302.842603,47,8457.410288
-216.838171,34,8457.547812
-32.997031,35,8457.689818
-184.362934,43,8457.868159
-61.006235,37,8458.013426
58.250491,22,8458.107919
-27.203109,20,8458.188014
-49.580647,25,8458.28937
138.322779,27,8458.403523
-327.347662,98,8458.802543
-544.364331,83,8459.156062
-60.729928,26,8459.261767
52.256719,24,8459.357801
-17.012629,19,8459.438811
-176.101476,29,8459.562697
-60.863124,37,8459.765974
69.517554,21,8459.87952
-63.241552,37,8460.15567
-39.609694,23,8460.352943
-150.153894,23,8460.531186
6.496964,31,8460.770571
-129.500403,20,8460.942812
-248.507357,37,8461.261533
-222.452217,47,8461.731777
-139.562278,23,8461.943189
160.946973,22,8462.156739
298.603276,32,8462.429491
-121.288989,19,8462.583049
-114.839786,18,8462.73559
-67.969963,27,8462.986784
-28.282871,20,8463.16072
-89.618379,45,8463.475174
46.025231,40,8470.673447
-35.858551,23,8470.797213
-18.521832,19,8470.890686
139.717925,28,8471.012978
-180.544589,42,8471.196427
-17.800004,19,8471.280691
-122.94296,19,8471.357514
-136.166712,21,8471.442082
95.443169,34,8471.57726
-144.915604,37,8471.733741
-139.77097,23,8471.830447
-141.34093,37,8471.982794
59.925486,23,8472.076614
-138.759899,64,8472.336288
-46.808354,23,8472.433922
-41.85592,23,8472.535537
-118.657352,20,8472.619624
163.011896,22,8472.706015
55.075842,22,8472.791323
-126.736306,19,8472.869388
57.704229,23,8472.963328
-149.14123,23,8473.058989
-162.818001,37,8473.203078
-161.747459,37,8473.355982
-100.409345,36,8473.499351
-125.469854,19,8473.575116
-5.988919,35,8473.719076
-122.432516,19,8473.80439
-38.828077,22,8473.897119
-152.720165,24,8473.995948
-27.679036,22,8474.08937
161.100578,22,8474.18182
202.362729,19,8474.256914
65.618716,22,8474.345261
-205.687351,45,8474.536531
125.299016,35,8474.67632
-142.617143,22,8474.77051
-117.508913,34,8474.909884
-36.790398,22,8474.99867
38.533421,25,8475.102497
-165.623077,37,8475.254679
-41.896663,22,8475.344692
70.602042,67,8475.621004
-19.851277,19,8475.703016
47.555451,31,8475.831126
-237.466651,38,8475.985548
-64.529541,27,8476.096474
65.351093,22,8476.288894
-24.726318,19,8476.368419
-38.139589,24,8476.469347
-35.189441,22,8476.55874
64.602635,22,8476.648837
-122.279905,35,8476.796543
-25.479134,19,8476.87865
140.74465,25,8476.97964
-200.377921,47,8477.178189
-263.762575,37,8477.327553
-41.64268,37,8477.478606
62.499429,22,8477.567557
-51.125513,25,8477.670523
-144.054527,23,8477.762988
-45.01666,24,8477.861137
-32.638849,24,8477.956456
-107.902098,33,8478.094149
-221.040232,32,8478.224387
-65.794646,27,8478.332782
-167.002583,26,8478.446458
-382.302099,57,8478.677098
-3.321772,32,8478.806663
-63.8804,27,8478.921032
-27.368677,20,8479.00431
-22.580621,19,8479.080091
72.065618,20,8479.162633
-126.121398,49,8488.320312
55.04169,22,8488.413975
-25.096484,34,8488.552947
-27.913146,22,8488.652751
129.749752,27,8488.767019
-165.498404,68,8489.05351
-64.678062,28,8489.16499
-365.13634,57,8489.399434
53.714136,24,8489.494951
-154.722536,24,8489.587437
-129.615941,19,8489.663178
-124.278378,19,8489.743438
-44.145071,22,8489.832258
76.032944,22,8489.923255
160.389491,23,8490.017087
-66.31698,27,8490.126631
-31.400231,21,8490.218336
-155.143442,25,8490.318492
-26.440218,20,8490.401298
-236.221516,38,8490.556876
-192.058588,42,8490.723179
-244.933479,37,8490.871529
-8.054859,18,8490.944046
-15.214003,19,8491.02205
-10.715866,18,8491.097402
203.237591,32,8491.234524
-19.836211,20,8491.319052
-154.045131,26,8491.427862
-87.026181,30,8491.548773
46.997514,26,8491.651942
-29.35279,20,8491.731625
-262.791302,37,8491.8789
167.406339,21,8491.964577
-240.28757,35,8492.107352
-20.465141,19,8492.183797
-64.657959,37,8492.330927
-180.639272,28,8492.453537
-32.208847,21,8492.537657
-129.01973,19,8492.621853
-63.577832,37,8492.769912
-40.174045,23,8492.860191
-170.030596,26,8492.962973
75.312869,20,8493.045275
55.169381,22,8493.128377
-21.575842,19,8493.204808
-25.45638,20,8493.287997
-134.317309,21,8493.378681
5.700855,31,8493.507888
49.591333,23,8493.596128
106.967702,18,8493.667905
-46.101712,37,8493.821183
-27.733259,21,8493.90975
-41.61213,24,8494.005458
-41.125277,24,8494.101066
-121.372816,34,8494.236734
-120.085894,19,8494.315279
74.120019,20,8494.401665
-32.702593,22,8494.488995
-128.405505,19,8494.563762
72.371133,20,8494.644172
-35.893649,22,8494.736569
-419.005114,78,8495.050736
177.385585,22,8495.140145
-208.985483,34,8495.280023
-122.697599,38,8495.42677
-115.631271,46,8495.617979
-123.554451,52,8495.827045
-132.716311,36,8495.970444
-243.122763,66,8496.246211
-171.316019,40,8496.415364
311.068153,31,8503.772115
-102.782785,34,8503.965883
191.8456,19,8504.052826
-127.20926,20,8504.136422
-650.637933,101,8504.554657
-155.456185,38,8504.726283
-39.283901,22,8504.822638
109.108861,31,8504.947244
-50.645147,23,8505.041917
-20.571157,20,8505.127417
-322.682196,44,8505.418951
-10.880156,18,8505.492703
-14.014844,18,8505.569026
-28.267116,35,8505.714514
64.997894,21,8505.794135
62.700259,23,8505.8859
23.937008,29,8506.006497
65.530895,22,8506.099694
-26.285192,22,8506.189468
-129.37034,19,8506.267328
-370.468592,101,8506.791621
-81.043132,31,8506.957938
-35.697585,21,8507.057744
-141.984884,65,8507.321289
33.305848,29,8507.444013
-22.180445,19,8507.524613
-127.297355,19,8507.602962
65.020304,21,8507.690178
-222.409524,34,8507.83199
-15.193348,33,8507.962379
103.192707,30,8508.081898
-51.733681,25,8508.183003
-34.12089,22,8508.270632
-213.53105,60,8508.517552
71.985239,20,8508.597013
-49.906282,24,8508.693988
-138.263666,48,8508.904236
-15.674872,19,8508.984386
-231.916629,35,8509.139023
-55.736986,25,8509.23942
95.736666,32,8509.380346
61.304157,22,8509.469759
-31.865257,22,8509.557313
-229.562955,52,8509.793154
70.462408,20,8509.870998
60.178937,23,8509.963816
-61.719015,44,8510.148086
38.932059,27,8510.26429
-43.764469,23,8510.358064
57.3483,23,8510.450924
-28.43183,20,8510.531506
73.140185,20,8510.616584
-181.879152,56,8510.844745
-135.64317,23,8510.997745
-104.408281,50,8511.342777
-27.234483,19,8511.518177
55.90917,23,8511.706836
-55.281644,25,8511.896556
70.703914,20,8512.063724
-24.715742,20,8512.236823
-101.282217,33,8512.568236
12.618139,30,8512.906555
26.284712,29,8513.167458
-48.04145,38,8513.400809
-436.14372,69,8514.02203
-259.545791,37,8522.021882
-25.627045,19,8522.148446
136.180938,25,8522.275281
24.930397,28,8522.396084
-122.287474,19,8522.476241
-126.048987,19,8522.551438
-48.746985,24,8522.87068
-165.380024,26,8523.017408
-161.940218,37,8523.176438
-280.029051,41,8523.353969
-219.014644,47,8523.555703
110.408425,31,8523.688622
33.623755,27,8523.802122
-98.606033,31,8523.935846
-124.85147,19,8524.013068
-19.528267,19,8524.097824
31.073315,28,8524.211673
-15.034988,20,8524.292935
-53.897685,23,8524.38478
-35.341311,35,8524.539174
70.315443,20,8524.668459
-118.853391,19,8524.74693
13.341113,30,8524.879274
-264.020631,37,8525.030616
-31.21051,20,8525.118592
-26.103176,19,8525.19721
-54.339544,23,8525.294286
-161.030024,37,8525.442033
-123.605757,21,8525.527437
-61.002563,28,8525.636753
-125.685453,19,8525.710513
-149.45557,24,8525.807182
66.524553,35,8525.949481
59.63451,24,8526.052913
-91.628767,31,8526.175385
-100.994179,33,8526.316054
-140.594205,22,8526.403788
65.645755,21,8526.489664
89.2703,18,8526.565075
-12.426494,34,8526.707762
-78.777838,31,8526.837977
49.872206,23,8526.933049
-383.57078,101,8527.358553
-28.836044,20,8527.446703
62.191039,22,8527.532765
60.93437,24,8527.627785
49.157759,25,8527.725762
147.107933,27,8527.849184
-85.446815,33,8527.978334
-262.872521,37,8528.459354
-158.77109,67,8528.861684
-22.769409,19,8528.943656
56.579264,23,8529.057378
-25.675953,19,8529.145315
-43.83024,25,8529.250722
136.776423,28,8529.36949
-240.879694,36,8529.524904
-53.339079,39,8529.688461
-178.359593,27,8529.814534
-26.171957,21,8529.900507
155.607633,24,8530.001849
-117.808285,18,8530.077912
-28.942801,35,8530.216339
58.431985,23,8530.314525
-137.575324,21,8530.401072
-65.857377,27,8530.511465
71.329825,21,8530.598434
-57.674083,37,8530.741251
110.929248,29,8530.858229
-132.09667,39,8531.013448
-23.216611,19,8531.097954
-178.646141,26,8531.228758
-136.135749,36,8531.380497
-248.647473,37,8542.040251
-167.041306,37,8542.218736
-153.510779,25,8542.325131
-247.766811,37,8542.475925
-248.986651,37,8542.631042
-66.438331,77,8542.952785
-47.6346,36,8543.102243
-125.205016,21,8543.186325
-33.731525,22,8543.28013
-150.56398,37,8543.429077
-152.718111,38,8543.584772
188.364132,19,8543.663403
-121.327769,36,8543.810105
-179.297237,42,8543.976717
-49.75299,36,8544.13147
-248.444164,37,8544.276763
-259.630175,37,8544.427322
-264.863927,37,8544.577731
-157.257397,24,8544.670488
-113.133776,33,8544.808759
-81.832824,43,8544.988832
-27.507439,20,8545.067893
-252.154626,37,8545.222561
189.4972,19,8545.304924
159.958105,23,8545.40221
-161.674779,38,8545.549443
98.677474,35,8545.784305
-48.727252,26,8545.960114
-257.788956,37,8546.187414
-34.019062,22,8546.309713
-25.533232,19,8546.40533
-129.031555,20,8546.499359
-39.585684,23,8546.604319
-63.358093,28,8546.73778
-39.764573,23,8546.842096
1.428521,32,8546.998551
-71.264462,29,8547.144895
-31.788857,21,8547.244621
-131.282351,20,8547.338873
-56.797333,37,8547.514031
142.541963,26,8547.635145
136.315471,27,8547.762811
141.858629,26,8547.88836
-208.07132,32,8548.047469
-63.02844,27,8548.173448
-62.381734,37,8548.363912
66.639122,41,8548.567634
-175.035245,40,8548.761803
-117.919529,34,8548.924021
-16.915478,19,8549.020897
-22.952127,19,8549.118167
-168.757256,27,8549.297474
-129.578168,23,8549.417266
57.537023,23,8549.545745
-191.109366,101,8550.367494
-190.569898,44,8550.58746
-40.668131,24,8550.701222
-177.581335,41,8550.889794
-127.377588,19,8550.978494
-171.083815,40,8551.174004
-50.141086,26,8551.302401
-592.630056,98,8551.775873
-60.472693,27,8559.4519
64.695015,25,8559.611655
-25.96931,20,8559.728997
-88.843043,30,8559.952501
4.14573,31,8560.101549
-445.03078,101,8560.538049
71.438833,21,8560.626449
-138.886347,24,8560.725562
16.817329,43,8560.900062
-100.123248,33,8561.033602
69.741637,21,8561.117866
-5.25491,32,8561.263604
-32.707414,21,8561.35836
-58.986251,27,8561.466202
62.375297,22,8561.631264
12.894291,29,8561.74794
-327.480472,48,8561.949824
32.519316,27,8562.064067
-194.809835,44,8562.267257
-128.198485,19,8562.347415
-18.129726,20,8562.432294
219.243836,32,8562.556939
24.664427,29,8562.676158
-54.680775,28,8562.788822
-18.301051,19,8562.866425
-39.796403,23,8562.958844
-238.021089,48,8563.163722
-69.246686,29,8563.281216
-127.25788,35,8563.427725
-146.328667,24,8563.528919
-30.667578,38,8563.684653
-150.274634,37,8563.832358
-26.66345,21,8563.918139
-27.278969,20,8563.995471
-61.404784,27,8564.110586
67.235758,21,8564.195995
-30.498681,21,8564.284129
28.249532,27,8564.399105
70.596984,21,8564.489685
167.408256,21,8564.589562
12.944813,30,8564.7447
354.691117,24,8564.860228
-74.870643,27,8564.971905
-89.183174,29,8565.088966
22.641688,31,8565.225706
-18.51638,35,8565.372856
186.388147,20,8565.454605
43.433413,25,8565.562255
-31.448101,20,8565.642971
-24.609011,19,8565.722505
49.647604,25,8565.824897
-47.714737,23,8565.916688
41.786964,27,8566.027216
-151.633067,25,8566.128605
14.664169,29,8566.250027
-9.950339,18,8566.321518
-21.753477,19,8566.398898
71.169077,20,8566.480149
-161.216548,37,8566.633366
-119.306821,18,8566.705409
55.812673,23,8566.800023
63.823655,22,8566.892574
88.894065,39,8567.065129
61.922146,24,8567.215674
-140.934648,22,8567.343362
-126.42065,19,8567.493702
-250.40447,54,8568.007149
-147.356062,27,8568.270898
-178.765265,41,8568.63554
-73.266578,28,8568.866348
-91.615422,49,8569.464747
-31.841394,21,8569.63065
-380.311677,81,8578.930827
-99.882137,31,8579.061481
-25.600573,19,8579.139412
-207.209602,53,8579.35135
-28.456356,20,8579.438785
-250.825975,37,8579.587613
-182.37607,55,8579.81478
-26.912716,19,8579.892995
178.810047,25,8579.996222
-262.472316,37,8580.148748
-150.899772,23,8580.244317
-30.775211,20,8580.322949
-97.729414,32,8580.454365
147.2648,25,8580.555412
-91.863783,43,8580.729147
-29.786414,20,8580.80849
-45.717488,25,8580.913413
-216.129305,33,8581.04833
-31.049766,35,8581.188484
-135.052338,22,8581.282421
-114.233272,38,8581.439314
-208.271042,45,8581.625421
-159.898819,25,8581.725042
7.694049,32,8581.854603
60.140317,24,8581.949668
-289.006218,73,8582.248941
-25.913576,20,8582.330757
-129.27848,19,8582.407811
-271.201679,44,8582.589557
-126.298486,19,8582.66907
51.799898,25,8582.780874
-320.494097,40,8582.947308
-50.861344,26,8583.051518
-373.152542,71,8583.343561
60.142164,23,8583.439007
-267.694213,37,8583.582844
-31.112675,22,8583.668114
-238.712695,35,8583.819663
162.446374,22,8583.914002
-27.506577,19,8583.989646
-70.196939,28,8584.104464
-127.383675,19,8584.181609
-38.874294,21,8584.268946
14.882475,30,8584.389194
-82.400579,30,8584.515528
-59.462367,26,8584.627089
-116.244364,18,8584.706903
-206.209612,31,8584.846666
-18.691752,19,8584.922946
-260.270792,37,8585.252568
-618.961629,101,8585.678616
-24.717963,20,8585.764012
43.606414,26,8585.872321
136.16984,25,8585.969064
71.897707,20,8586.045488
-30.568995,20,8586.126614
-206.529348,59,8586.381298
-674.814052,101,8586.784816
-111.462883,33,8586.92491
54.733008,23,8587.020816
54.106572,24,8587.111928
-154.639144,28,8594.930465
-24.40463,21,8595.059856
59.461776,37,8595.251502
-262.166135,37,8595.403282
-214.880725,31,8595.529495
39.478584,26,8595.640002
26.214382,28,8595.754858
-215.245064,32,8595.88366
67.588106,21,8595.971862
-248.674287,37,8596.121663
63.768124,22,8596.210453
213.40883,22,8596.310623
23.129439,32,8596.439829
76.549532,20,8596.524635
25.49121,29,8596.642879
-7.417786,35,8596.780451
-33.595839,22,8596.867979
-33.298394,21,8596.95306
71.832029,23,8597.052495
-100.003704,34,8597.188138
-20.077297,35,8597.332229
-157.900754,28,8597.453712
69.389426,20,8597.532022
47.489409,24,8597.631319
-38.227879,36,8597.779417
104.779564,35,8597.92842
-71.98479,27,8598.03778
-170.211425,41,8598.210671
-27.239814,19,8598.287104
-28.950286,21,8598.601878
69.908063,21,8598.966679
-27.549589,20,8599.075482
156.742817,23,8599.180719
-57.804494,27,8599.292285
-26.543029,20,8599.384593
-64.490813,27,8599.50661
-136.15147,48,8599.708432
127.327664,28,8599.835113
-84.727349,30,8599.955598
-18.757254,40,8600.118992
-74.034206,30,8600.237558
-130.734585,21,8600.324602
-37.450096,22,8600.413636
9.819665,29,8600.529953
67.584621,42,8600.706025
-28.223058,19,8600.782487
-192.909734,43,8600.959358
0.086224,31,8601.085235
-96.231211,43,8601.278581
-29.171375,20,8601.369327
-87.782057,29,8601.494771
57.722718,23,8601.5877
-25.278307,35,8601.748538
-33.904714,23,8601.842804
-36.970759,22,8601.931448
-132.550676,20,8602.016276
190.918703,23,8602.111886
-495.370373,69,8602.390459
-50.484803,23,8602.486186
-264.021921,37,8602.638587
-130.67597,21,8602.723194
71.747486,20,8602.805797
-109.470077,37,8602.964761
-84.697218,46,8603.152292
260.351857,23,8603.242372
-210.899156,31,8603.370729
-29.856383,21,8603.464239
-132.407762,20,8603.545613
-127.350188,21,8603.630744
-473.484535,101,8611.153833
353.205888,24,8611.295179
-145.021004,37,8611.496478
-49.150287,23,8611.594975
-128.174979,19,8611.672422
-31.325258,20,8611.752237
-33.816249,21,8611.837618
45.698543,25,8611.937577
-41.720954,23,8612.034905
153.195694,29,8612.161673
72.114292,20,8612.247399
-41.073268,36,8612.399035
162.469953,22,8612.487858
58.415583,24,8612.585765
-30.08828,20,8612.666158
-72.49332,40,8612.828173
-178.465414,29,8612.950213
63.38452,22,8613.047793
187.614513,20,8613.131325
162.314555,27,8613.240647
-31.249811,34,8613.381586
-132.716987,20,8613.46034
-28.501389,20,8613.539991
159.172123,23,8613.785891
-181.808056,41,8613.955449
15.324818,29,8614.077012
-167.815315,27,8614.190493
-46.125382,24,8614.286269
-39.689543,21,8614.370844
-90.657935,32,8614.506387
-31.109551,20,8614.58351
201.320465,21,8614.671369
5.25196,31,8614.800857
-126.654827,19,8614.879472
-61.443486,27,8614.987925
-123.475055,19,8615.067532
-86.927868,30,8615.1995
161.353633,22,8615.289588
-35.092703,23,8615.382178
-120.891464,19,8615.458886
-194.638335,29,8615.578312
-179.730604,30,8615.701521
-147.2392,37,8615.85437
-159.984795,37,8616.001282
-38.545413,41,8616.169435
-27.958095,21,8616.256484
84.924379,35,8616.400278
-241.555438,36,8616.547769
-20.874965,19,8616.628536
72.473931,20,8616.706171
-48.90975,37,8616.859771
161.861883,22,8616.94792
59.920805,22,8617.040086
-265.181948,37,8617.191702
-264.894592,37,8617.345538
-181.563241,30,8617.464899
-145.486668,37,8617.611762
-88.793772,32,8617.747802
357.300589,23,8617.842289
-202.517984,77,8618.160272
62.342121,22,8618.255246
62.827611,22,8618.384269
-28.977136,20,8618.469002
-282.201361,41,8618.646227
-13.610453,19,8618.725877
29.465275,28,8618.836251
-125.608995,19,8618.917972
-184.196132,28,8619.032603
-72.946752,27,8619.139386
-23.636607,19,8619.241713
-9.495712,35,8619.420066
64.411765,22,8619.580571
-180.228241,41,8619.854758
22.724957,29,8620.095577
-53.633345,25,8620.448884
201.652329,18,8629.633773
-186.404711,28,8629.799124
-232.273312,63,8630.059441
-190.339171,58,8630.300078
-44.673838,24,8630.40562
-121.300215,34,8630.54059
58.075949,23,8630.632822
-63.857694,28,8630.742121
-133.523361,21,8630.83032
-128.305719,19,8630.908535
57.770627,24,8631.001869
20.475666,28,8631.116442
-261.820863,37,8631.277571
-100.319938,44,8631.458006
-64.298307,37,8631.606308
-28.997389,22,8631.695611
74.001663,20,8631.775152
-78.280817,28,8631.887909
-74.156906,28,8632.000619
-253.631526,36,8632.146824
167.458454,21,8632.231227
-28.402325,20,8632.313754
-40.244942,23,8632.410921
56.218899,23,8632.503769
-40.765065,22,8632.594032
10.666087,30,8632.717084
-198.179009,33,8632.850876
-180.001728,37,8633.00301
-57.821832,24,8633.102993
-17.446768,19,8633.179965
-23.707518,19,8633.256076
-68.258188,43,8633.423836
-135.379807,21,8633.504762
-73.369666,29,8633.623458
-36.738859,22,8633.709259
63.545417,22,8633.802656
52.427848,23,8633.91515
-24.730332,21,8634.004486
-127.511035,21,8634.094336
20.019651,29,8634.221908
-246.084756,37,8634.377883
-126.764892,19,8634.458644
-46.274886,24,8634.556562
-21.413168,19,8634.634
-89.050147,59,8634.882395
-292.733143,71,8635.170612
-27.335691,20,8635.251167
-44.595893,24,8635.350889
-136.574524,22,8635.44076
-155.109528,37,8635.5894
159.95243,22,8635.679354
361.508809,23,8635.774049
-197.167653,59,8636.015799
-99.066751,48,8636.206366
155.697171,37,8636.36383
-150.556273,27,8636.607291
42.846245,27,8636.719875
-39.841846,23,8636.813013
-198.350379,46,8636.997488
-28.061088,20,8637.079989
63.383025,22,8637.169594
-35.377484,22,8637.26008
-115.318712,33,8637.400019
-73.745046,43,8637.572029
48.469699,25,8637.669293
-112.233456,29,8637.783219
-48.654845,24,8637.879614
-331.496817,62,8638.123797
-290.539155,42,8647.128784
75.212238,22,8647.236291
-130.183973,22,8647.327702
-144.198815,37,8647.487476
-46.468405,24,8647.586836
-25.027991,20,8647.667282
-307.504283,68,8647.957307
-159.026018,27,8648.067667
-252.652052,37,8648.221518
2.487489,31,8648.346106
-101.470674,30,8648.472112
-55.217651,41,8648.635324
72.119992,20,8648.710436
-143.346412,37,8648.865098
-39.49807,39,8649.033278
-20.211782,21,8649.116531
-151.440565,37,8649.268614
-245.704203,37,8649.42345
-81.650647,47,8649.617944
177.216222,22,8649.715245
-112.765824,33,8649.849057
-114.026335,18,8649.92127
-126.163454,36,8650.070746
-163.791426,37,8650.227457
58.457968,23,8650.32436
-22.463421,21,8650.410758
-126.163794,22,8650.499239
-129.262107,21,8650.588865
-43.037386,22,8650.682622
-259.601579,37,8650.832616
-228.41341,65,8651.10097
-31.277562,20,8651.187917
164.293802,22,8651.287531
26.387987,29,8651.413047
-108.084017,74,8651.716141
-184.441681,29,8651.83236
-165.755032,27,8651.939478
-51.347249,23,8652.035021
63.754392,22,8652.127021
-22.779459,19,8652.207298
-203.353802,32,8652.343038
-159.794172,25,8652.457191
-103.409154,33,8652.616801
-127.321245,19,8652.711969
-33.223599,21,8652.800523
157.945986,23,8652.89547
161.045975,22,8653.071465
61.862359,22,8653.162443
-260.571299,37,8653.309031
-31.64393,21,8653.39213
-315.740086,49,8653.592187
-50.215886,25,8653.694211
-211.64746,31,8653.818308
-75.817876,29,8653.936991
-248.598639,37,8654.091451
-182.834893,43,8654.31194
-70.087611,26,8654.429117
-160.596612,37,8654.6072
-29.641572,21,8654.721498
-133.797516,53,8654.97423
-146.96563,35,8655.136955
-54.621813,44,8655.329782
-257.154617,37,8655.498586
36.521312,27,8655.623247
-259.162485,37,8655.775627
-132.575052,20,8662.311318
-58.079993,57,8662.606884
103.906959,33,8662.742945
65.577815,21,8662.829106
-92.806586,33,8662.964924
-125.022797,22,8663.056164
-269.039279,60,8663.305736
-86.069332,27,8663.423045
-170.48854,56,8663.650987
58.863326,23,8663.743543
193.202793,20,8663.826742
65.183563,22,8663.920336
-152.665454,39,8664.081416
-112.415444,33,8664.215997
-176.87977,27,8664.32948
61.1486,23,8664.424875
-37.878012,38,8664.582176
-261.63034,37,8664.731032
-51.010279,27,8664.839374
-28.02098,22,8664.931471
-214.303225,46,8665.125118
-284.709841,40,8665.416147
-250.647574,37,8665.558483
-260.324347,37,8665.707148
-124.159276,21,8665.792563
-6.676504,33,8665.930816
-87.958977,28,8666.047451
172.735558,21,8666.133347
-262.964705,37,8666.282889
-24.462826,19,8666.366148
-27.379054,19,8666.441547
-70.918042,28,8666.561523
-46.150181,37,8666.71166
-79.376694,29,8666.825615
-134.403499,22,8666.915659
-125.365667,20,8666.997434
-59.437775,26,8667.103997
20.035765,31,8667.228174
-208.443773,62,8667.483212
-202.141423,58,8667.718326
-168.975845,28,8667.833568
-126.446191,20,8667.914298
-188.656056,44,8668.096537
-143.6211,37,8668.258616
-297.620435,67,8668.528901
-28.858091,20,8668.611204
-30.498065,35,8668.755138
-36.275873,21,8668.840427
-143.547442,23,8668.93379
203.623058,18,8669.009299
-127.468731,64,8669.282412
169.031019,22,8669.380653
-38.443899,37,8669.534884
-127.5045,19,8669.612511
-165.596018,25,8669.716642
56.261366,22,8669.809523
-116.028777,18,8669.88251
-250.680793,37,8670.033852
-28.989062,24,8670.129362
-229.799777,36,8670.27978
72.495459,20,8670.360272
-35.617824,22,8670.449572
-22.112688,19,8670.530562
-44.22971,24,8670.630427
-66.594962,29,8670.789445
-55.757998,25,8670.931882
-378.495238,85,8682.547955
-258.092963,37,8682.701947
-54.217719,42,8682.868215
43.732883,26,8682.971197
-27.138642,21,8683.053355
-28.87266,20,8683.138901
-143.823313,22,8683.230551
21.924681,28,8683.348282
-70.544955,28,8683.471969
11.293171,31,8683.602545
169.461485,21,8683.688995
-137.884244,24,8683.792773
-159.564111,39,8683.979414
-223.348842,35,8684.142144
-264.370164,37,8684.316224
-22.575589,19,8684.416122
165.349312,21,8684.510209
41.687096,26,8684.633373
57.433099,43,8684.812778
-43.081209,23,8684.910424
-130.524296,36,8685.054432
-160.783203,37,8685.211496
-401.454257,72,8685.519068
-81.363346,29,8685.636504
21.399459,28,8685.748648
-24.860165,19,8685.830867
196.752926,23,8685.929546
22.194838,29,8686.056915
-47.690007,24,8686.15258
26.478448,29,8686.272739
32.962406,28,8686.394856
-55.885671,24,8686.501965
-327.182558,65,8686.764399
43.630154,26,8686.870555
-69.855511,40,8687.035055
-42.240585,25,8687.139242
188.136818,20,8687.221053
-244.760673,37,8687.37469
-109.711516,32,8687.507075
-24.518014,19,8687.587017
-59.878146,24,8687.690436
-65.6648,29,8687.81154
-14.229701,18,8687.88703
-135.551608,52,8688.095353
-225.411209,65,8688.366052
32.294597,28,8688.480573
-343.617726,48,8688.692069
44.209304,24,8688.787856
-35.794098,22,8688.874495
262.041867,22,8688.965743
-170.025784,40,8689.126521
184.160205,61,8689.389843
-81.17439,31,8689.515494
-136.413475,22,8689.609313
-55.595077,53,8689.928689
-39.017474,22,8690.023593
-171.896412,40,8690.199723
37.945592,27,8690.310666
-105.953311,37,8690.488005
-150.914776,24,8690.587543
32.959885,27,8690.699916
-44.901562,22,8690.789652
48.994435,23,8690.879929
-78.032857,29,8699.067083
-436.219445,101,8699.610766
-32.519155,21,8699.693135
-28.082181,20,8699.772057
157.574865,25,8699.882432
-598.81286,101,8700.315278
-32.49017,20,8700.40813
50.240709,23,8700.504253
-72.637569,40,8700.669894
-262.112219,37,8700.816633
-25.469837,19,8700.89492
-51.596198,25,8701.000475
-43.897084,22,8701.092652
190.611804,19,8701.168961
-175.820812,29,8701.300104
-362.293823,76,8701.630156
-55.427585,26,8701.741254
-174.380077,28,8701.855044
-120.10841,20,8701.936003
-137.562517,22,8702.035458
63.23252,22,8702.127192
-62.818147,27,8702.238838
-184.625167,59,8702.475585
34.98012,30,8702.601183
158.232412,25,8702.702905
-61.048394,37,8702.857615
70.492553,20,8702.942345
-39.577267,24,8703.044567
-143.056157,37,8703.198489
49.437376,25,8703.300543
170.592636,21,8703.392921
69.941784,20,8703.473845
159.462228,23,8703.569111
-26.549746,19,8703.647599
-501.87384,73,8703.945961
74.62049,20,8704.02683
-156.051385,39,8704.181246
-87.873769,34,8704.317399
-29.036524,35,8704.477957
-55.780695,24,8704.576641
-290.231748,37,8704.721541
-136.690767,37,8704.868289
-73.000767,28,8704.984671
-354.968897,68,8705.262445
-58.242517,24,8705.361437
-31.891753,53,8705.578593
-203.245335,33,8705.716306
-156.710918,41,8705.87988
-211.695943,32,8706.010993
-233.664801,48,8706.206449
231.156261,26,8706.330203
-80.443587,41,8706.505852
-141.428248,21,8706.592355
-45.020192,25,8706.689137
-114.78761,18,8706.765019
27.792019,28,8706.875551
-347.270921,80,8707.20919
60.309,22,8707.301426
-26.058752,19,8707.380246
-128.182143,40,8707.545919
-43.949661,22,8707.636538
-31.988782,50,8715.118761
-106.783866,60,8715.385247
-109.506212,57,8715.631426
57.77873,24,8715.732319
-31.61873,23,8715.829457
165.522485,21,8715.913608
-161.236403,37,8716.063507
-289.667289,65,8716.326214
70.533092,23,8716.425486
59.670637,27,8716.541076
49.766617,24,8716.639454
-65.590122,29,8716.763544
-30.895587,20,8716.850709
-115.252934,19,8716.927014
-87.728377,31,8717.052255
-3.444485,34,8717.186574
-158.112822,37,8717.342488
-247.905668,37,8717.491321
-42.935248,38,8717.646124
25.007615,28,8717.756702
-27.586843,19,8717.830684
52.270922,23,8717.92417
39.406605,26,8718.030312
-158.721165,24,8718.132939
65.999282,21,8718.221857
-56.175221,27,8718.509301
-44.144692,22,8718.601844
-163.151907,37,8718.754775
-225.208926,35,8718.900933
-29.466315,20,8718.977788
-560.076469,76,8719.294277
54.013911,24,8719.393906
44.690522,25,8719.499067
-131.530787,20,8719.58043
-14.964583,37,8719.725595
63.479117,22,8719.815026
-28.310492,42,8719.988833
-333.752533,68,8720.262619
313.003038,32,8720.398063
73.446188,21,8720.48167
-61.728268,25,8720.579362
-18.870019,20,8720.657667
-36.486852,22,8720.749121
-19.04006,20,8720.831415
-126.632907,19,8720.909617
-112.679871,35,8721.058031
-255.351524,37,8721.205615
-8.809693,47,8721.407161
-116.592604,18,8721.480721
-37.39616,21,8721.564795
-245.89426,35,8721.706665
-40.985136,23,8721.802018
-170.22926,38,8721.951848
-64.323905,27,8722.061617
-75.429349,31,8722.190887
275.523238,22,8722.280892
-150.195426,56,8722.510268
-29.587768,20,8722.591908
-23.426777,20,8722.674487
-43.396522,23,8722.768617
22.465796,28,8722.881629
-24.047484,20,8722.962954
-199.875087,29,8723.078792
-35.70769,21,8723.165043
259.755149,24,8723.262026
-157.248818,37,8723.408037
-30.88485,20,8723.486936
-29.88897,20,8723.567614
-32.291943,36,8733.956924
-52.327198,23,8734.06444
-174.345522,27,8734.177647
-201.310883,65,8734.43885
0.529676,32,8734.578143
-51.279821,36,8734.722581
11.374181,29,8734.848844
-300.01771,62,8735.103397
-324.837154,74,8735.403737
-29.053881,21,8735.488966
-32.19086,42,8735.659167
-26.032008,20,8735.741901
-70.455043,29,8735.857103
-24.517631,19,8735.932119
44.405024,26,8736.042968
-20.607858,20,8736.121422
-98.258957,31,8736.248402
-123.331859,34,8736.393164
73.189636,20,8736.472912
143.509352,27,8736.590325
-27.449303,21,8736.675737
-29.109522,20,8736.753353
-139.347866,22,8736.842092
-43.035082,23,8736.935511
-74.985725,31,8737.056357
-250.394048,37,8737.205332
-39.727023,24,8737.29876
-57.251562,25,8737.410841
-33.926402,23,8737.505752
79.429065,19,8737.585993
-163.050342,37,8737.753529
-238.508791,35,8737.8987
-483.554503,101,8738.307696
-54.755798,24,8738.416456
54.483414,37,8738.560515
-52.422633,23,8738.6534
-32.550357,21,8738.739843
-497.082628,101,8739.155092
-127.611515,19,8739.236857
138.621568,26,8739.344703
-187.314636,43,8739.680092
-123.770681,50,8739.912237
94.568876,33,8740.057125
-38.825898,36,8740.200326
-43.958886,22,8740.28986
7.535815,31,8740.416601
-127.736783,21,8740.507146
50.267118,25,8740.606696
-57.718396,26,8740.712146
-306.68074,74,8741.026339
-56.311833,26,8741.132096
-226.651507,36,8741.273578
-295.055364,78,8741.609867
-109.256804,33,8741.924853
17.298002,31,8742.058193
-159.24278,26,8742.176211
-51.451146,38,8742.331636
38.198567,27,8742.444799
-34.008069,36,8742.595898
-113.981667,18,8750.714888
-23.193483,19,8750.827254
-243.589352,37,8751.036512
-24.597077,20,8751.13188
47.737778,25,8751.239436
-86.778013,29,8751.365251
-145.309852,22,8751.462149
103.939469,54,8751.684762
-402.677046,101,8752.111403
-268.708529,37,8752.259265
-75.578805,31,8752.391366
-12.102156,18,8752.469437
-61.305449,27,8752.581368
-40.568039,23,8752.670355
-31.290264,20,8752.753299
-21.735839,47,8752.940128
-39.758746,23,8753.034487
57.930565,22,8753.122741
36.626711,25,8753.232521
57.498082,24,8753.329713
-276.688228,37,8753.493462
-48.12213,23,8753.584161
53.082829,25,8753.684086
68.568641,22,8753.770517
39.921436,27,8753.882058
-252.606429,37,8754.032376
47.66809,25,8754.136288
-49.371706,25,8754.232407
-265.988711,37,8754.38603
-251.246557,37,8754.535539
-150.736207,39,8754.692042
25.853765,29,8754.818241
-29.980451,20,8754.899997
-251.858381,37,8755.055598
-263.380561,40,8755.219234
-72.190133,28,8755.329649
-151.573754,25,8755.447263
160.713377,23,8755.542397
-53.967269,23,8755.634808
-37.01803,23,8755.726312
17.076004,30,8755.850214
-166.269069,42,8756.026234
-314.977827,47,8756.217466
-56.412331,38,8756.376614
-140.356347,36,8756.524831
190.474777,23,8756.623317
-15.745698,19,8756.700251
-81.135877,30,8756.825437
-51.193997,23,8756.922501
-193.631326,42,8757.099297
-59.253319,26,8757.203732
-25.964423,21,8757.289524
-161.45439,27,8757.400419
-223.534013,39,8757.552197
49.492143,23,8757.640566
-117.027538,19,8757.714918
-26.166673,19,8757.79407
170.329237,21,8757.876743
-26.210075,20,8758.231553
-37.001308,23,8758.441746
-67.822612,28,8758.572291
209.52029,20,8758.658454
-118.458563,20,8758.738823
-49.895651,53,8758.962867
-43.722186,24,8759.069388
152.534129,24,8759.166909
13.812591,29,8759.284064
53.123824,25,8759.392785
-112.197847,46,8759.576538
-77.270183,33,8765.977193
164.402091,24,8766.124618
-121.566152,35,8766.282167
-175.13713,40,8766.451288
-24.35006,19,8766.524692
-28.53873,20,8766.61046
-41.654225,52,8766.81631
-81.401483,30,8767.307614
-110.502175,33,8767.490845
-184.715549,31,8767.615246
16.565482,30,8767.734941
-78.629083,27,8767.84518
-253.087506,38,8768.005086
-266.203887,69,8768.301274
-126.148148,19,8768.37871
-71.856472,28,8768.494252
-70.764303,29,8768.616632
-135.749312,22,8768.705016
-214.329635,33,8768.839594
-42.40799,24,8768.935702
43.589992,25,8769.048248
-161.055001,25,8769.153481
82.147867,23,8769.248022
-220.923629,58,8769.512341
-28.777517,20,8769.595591
-61.960661,27,8769.720403
-114.976467,49,8769.955082
28.098433,27,8770.082861
-51.386774,24,8770.290952
-29.037575,20,8770.384226
26.883186,28,8770.505646
-61.799393,27,8770.618758
43.536646,26,8770.725042
-132.109392,20,8770.80708
-224.685885,36,8770.953637
-265.841246,37,8771.108996
-78.503981,29,8771.243116
22.12613,76,8771.567155
42.46992,27,8771.677061
63.440394,22,8771.765824
-22.404413,19,8771.84281
161.016985,25,8771.945216
12.14391,29,8772.064939
-140.219944,22,8772.155515
-49.509124,24,8772.250392
-132.113684,34,8772.389307
72.106561,20,8772.471605
-333.611553,101,8772.888767
-132.992255,20,8772.966966
-198.432046,31,8773.098652
-36.434405,21,8773.184825
60.16302,22,8773.281177
292.651904,23,8773.375303
-120.795608,34,8773.512927
-48.779248,25,8773.615975
-148.227478,36,8773.772225
50.040438,24,8773.867312
-50.417115,23,8773.962054
-108.467108,35,8774.110456
-64.979693,27,8774.220926
-104.636066,30,8774.337457
-128.176187,19,8774.413191
-174.387371,40,8774.570612
-16.898677,19,8774.647947
8.363475,31,8774.771524
48.901203,23,8774.862996
-184.944511,59,8786.327089
-28.95892,21,8786.464253
-132.059014,52,8786.702132
-25.093493,19,8786.778511
171.9567,26,8786.883536
28.75302,29,8787.004179
-155.630253,51,8787.212539
-62.658568,25,8787.331777
-52.387792,37,8787.490948
-61.608039,27,8787.603524
61.695603,22,8787.692321
-191.467744,29,8787.810313
-242.345385,37,8787.958206
26.099904,29,8788.078649
20.201213,28,8788.193347
-51.818867,37,8788.343371
-107.397887,44,8788.531512
-117.356426,18,8788.603554
60.73447,23,8788.693185
43.923764,26,8788.797475
71.423081,21,8788.884033
-267.109255,39,8789.043741
55.575013,24,8789.139689
-122.813255,19,8789.21042
-26.977212,20,8789.293952
33.252339,28,8789.421706
-24.113047,33,8789.555263
-177.067116,42,8789.728819
-118.231793,20,8789.809497
-210.179406,61,8790.050065
106.975936,30,8790.180288
66.564589,21,8790.276079
-26.352173,20,8790.362997
49.373571,25,8790.466056
-27.028909,20,8790.552246
-43.252797,23,8790.644611
-79.68074,30,8790.767485
-22.112923,20,8790.847902
-129.479789,19,8790.927024
-77.167421,34,8791.072328
-39.61343,23,8791.170001
-128.533925,19,8791.247057
47.353345,24,8791.349983
-123.588939,21,8791.440322
-247.254297,37,8791.58524
-47.975797,25,8791.690409
-138.214862,34,8791.83219
-89.000409,30,8791.951304
-376.736814,53,8792.168342
-58.283111,49,8792.370333
-27.050282,19,8792.447849
-254.011171,38,8792.604848
36.645948,28,8792.720701
-162.563729,35,8792.859218
64.062919,22,8792.947438
159.137089,22,8793.037814
-25.377665,20,8793.123691
-56.849804,37,8793.275431
65.94565,21,8793.362301
-30.023617,21,8793.442119
39.623898,26,8793.546537
-16.551465,19,8793.62053
-190.075109,73,8793.930517
-132.978977,50,8794.133146
142.353703,24,8794.23426
63.643746,22,8794.323397
-46.100084,22,8794.416777
-52.822716,44,8794.730262
-125.780238,52,8794.939895
48.033802,25,8803.668632
4.366224,31,8803.840079
-23.818481,21,8803.936779
-116.606196,18,8804.014075
24.825799,29,8804.135888
-279.101852,40,8804.304181
149.697747,24,8804.430409
-122.462657,21,8804.523094
48.629343,25,8804.634365
-44.254109,37,8804.788521
28.837369,29,8804.908774
158.911181,22,8804.996525
-49.791648,23,8805.121994
-103.115799,33,8805.389178
-37.205861,40,8805.613901
154.478666,25,8805.747224
59.645436,23,8805.858495
52.464649,25,8805.989303
-118.710416,18,8806.075688
-154.511987,25,8806.194932
-59.586866,27,8806.329654
-370.058935,101,8806.859711
-19.863495,19,8806.951366
64.07386,22,8807.065147
-124.964369,21,8807.163114
-128.356259,19,8807.255947
-51.879173,23,8807.713266
-21.909523,19,8807.879521
-126.441277,19,8807.994485
-37.555317,37,8808.184057
195.816924,22,8808.290673
-247.831662,37,8808.473824
-545.94371,101,8808.97355
-100.8094,50,8809.230268
-263.840135,37,8809.423833
162.566921,22,8809.525884
-47.99829,25,8809.653247
-35.518574,22,8809.7578
218.342996,31,8809.909607
-161.685575,37,8810.08546
-77.882238,29,8810.221229
-261.569247,37,8810.411571
16.407126,42,8810.61348
210.718834,35,8810.78173
-218.054821,62,8811.081517
43.765233,26,8811.205956
53.944554,75,8811.576106
58.351723,22,8811.689044
-130.889564,20,8811.783364
-132.254409,22,8811.886445
-324.213192,50,8812.116074
-4.259708,33,8812.291459
-24.697011,19,8812.378953
-129.247061,35,8812.528709
-85.109486,30,8812.644977
47.46902,25,8812.745732
-96.735572,32,8812.87418
-53.141673,36,8813.023258
65.774161,21,8813.106953
-52.269458,38,8813.267364
-119.85718,19,8813.346565
-131.037509,20,8813.431025
48.834617,26,8813.533308
-15.032347,35,8813.674009
-32.876806,23,8813.780774
-49.573335,37,8820.445056
-118.423643,33,8820.615389
-264.933441,37,8820.771111
159.062111,23,8820.86145
43.49337,26,8820.965233
128.851167,27,8821.073505
-133.189079,36,8821.225923
-175.538733,27,8821.34407
-29.656641,22,8821.436249
227.877064,28,8821.554114
-120.000571,19,8821.629403
60.104106,22,8821.718166
-219.791864,32,8821.853763
23.698784,31,8821.983404
-267.013504,37,8822.130469
-338.709664,59,8822.366579
31.520473,34,8822.50313
-1.126741,68,8822.785819
-267.44361,37,8822.939955
108.596261,49,8823.142485
-117.948654,34,8823.281579
-125.254948,19,8823.365399
-54.33985,37,8823.51979
-148.247237,24,8823.616253
62.48649,22,8823.704285
-243.500425,37,8823.856713
-27.647062,35,8823.99874
-41.31915,23,8824.091458
-43.405828,24,8824.188444
42.948362,25,8824.288508
183.858773,46,8824.598663
-226.209761,34,8824.821125
-129.151288,20,8824.919972
-278.572274,67,8825.212492
-66.878633,27,8825.323308
-251.996157,37,8825.484011
-30.530544,20,8825.563985
-146.438747,36,8825.712355
-55.470346,38,8825.878746
-209.272739,32,8826.006999
-30.828708,38,8826.157828
-47.365287,25,8826.273847
38.063091,37,8826.434589
-17.635153,19,8826.514817
-128.279677,33,8826.642097
-163.105815,44,8826.823849
-15.595571,19,8826.902602
-73.214952,29,8827.032147
-46.887771,37,8827.177518
171.759367,21,8827.268887
-261.270426,37,8827.424063
13.886816,32,8827.563793
-65.306126,40,8827.722755
-127.479385,19,8827.795107
-281.411459,72,8828.088215
-44.327725,22,8828.175345
17.143202,28,8828.288947
-145.913134,38,8828.443874
-138.64839,21,8828.535118
-27.656105,20,8828.614919
-74.124148,41,8828.780078
-80.343798,30,8828.90677
-263.919532,48,8839.885952
216.730399,81,8840.271596
-200.106347,48,8840.472577
-38.623856,23,8840.569843
69.656463,20,8840.652433
-41.22105,22,8840.742539
154.163872,24,8840.845298
-120.62207,20,8840.927102
55.921988,23,8841.014669
-181.998185,32,8841.152225
71.351418,36,8841.312711
-25.029718,19,8841.394814
-5.585695,33,8841.532956
-108.464736,30,8841.655963
-210.181536,33,8841.793122
-115.50004,31,8841.923273
-250.548668,37,8842.078209
-45.775997,22,8842.168646
-34.403088,23,8842.265739
-189.787824,55,8842.499323
-128.991049,40,8842.666737
15.714117,45,8842.847592
-233.630625,35,8842.989211
60.318841,23,8843.081318
-40.996843,23,8843.171997
-113.422772,32,8843.306438
-52.011845,26,8843.417271
-26.720291,19,8843.494304
-115.389522,19,8843.573162
-109.230067,32,8843.705186
-135.985128,21,8843.788171
-226.655891,34,8843.923269
58.735689,23,8844.017268
-116.378151,34,8844.152589
-114.343832,61,8844.39753
-230.865916,35,8844.539723
321.917901,36,8844.688346
-91.382487,31,8844.811203
142.759565,24,8844.905778
-117.545435,19,8844.982032
-42.878911,37,8845.135557
-94.307509,32,8845.26511
-199.185239,30,8845.388304
80.471317,48,8845.587371
-126.354797,39,8845.74747
-64.098721,53,8845.960782
-34.126294,23,8846.06082
-230.348307,38,8846.221393
-15.995345,33,8846.356414
10.276489,43,8846.535674
148.480072,24,8846.631947
-150.095956,51,8846.836408
-173.870075,56,8847.067372
-44.664469,25,8847.167594
55.520091,22,8847.25773
-25.537767,19,8847.331117
-46.878664,25,8847.432088
312.379966,35,8847.577717
-10.821223,34,8847.717153
-26.551285,39,8847.879155
-62.119996,27,8847.98874
166.059959,21,8848.071923
-39.198229,22,8848.158827
-269.037301,41,8854.768105
40.710485,27,8855.122101
173.505609,21,8855.212675
-123.528185,19,8855.305243
-49.265491,26,8855.414548
-127.598878,19,8855.49046
-27.092094,19,8855.567791
-27.270142,21,8855.663646
-127.324234,65,8855.935736
-157.444669,26,8856.045931
746.930935,25,8856.146585
-161.934634,39,8856.302865
71.194743,21,8856.393049
73.865075,20,8856.486217
-219.265385,63,8856.740763
40.14588,25,8856.841378
-28.533411,20,8856.925938
-62.724635,27,8857.039462
-375.689982,54,8857.276845
-35.186126,23,8857.371642
-244.810758,37,8857.522176
63.044767,22,8857.610853
-141.283491,37,8857.759504
-68.722848,30,8857.882003
-28.517012,21,8857.964217
-64.795548,45,8858.148769
-33.179563,21,8858.238504
-162.380362,27,8858.355458
-142.290202,24,8858.454292
-126.068534,19,8858.528321
127.517094,31,8858.657338
323.06684,30,8858.778427
53.265857,24,8858.876242
-33.803545,36,8859.022842
62.559217,22,8859.115382
-136.046439,36,8859.270478
-46.17766,25,8859.381038
-263.5917,37,8859.555485
-5.424884,31,8859.692747
-261.789715,37,8859.843606
-226.74107,54,8860.059296
-20.861804,21,8860.154517
26.724314,29,8860.270659
66.562156,21,8860.354501
-33.569348,24,8860.466543
-265.312496,37,8860.651976
-60.984048,25,8860.79017
-35.795758,21,8860.904817
-65.341044,28,8861.0743
-29.125162,20,8861.190772
-43.246328,42,8861.451311
-301.581158,42,8861.83139
-380.960624,55,8862.21123
-83.306915,43,8862.481362
-69.899585,41,8862.75575
-25.424589,20,8862.876171
251.091763,34,8863.021679
-97.029202,30,8863.151764
-36.731684,22,8863.242026
66.341996,21,8863.328126
-286.12197,41,8863.582083
-176.51637,28,8863.69421
59.26754,22,8863.794161
-24.851375,19,8863.884803
-46.27121,24,8863.987735
-38.456231,23,8864.080882
-30.142591,20,8864.161488
-29.463942,20,8864.243511
-141.556418,36,8864.402993
-29.185214,20,8864.485154
-304.576674,44,8871.433559
-16.991807,34,8871.590187
-28.193287,20,8871.675031
246.560593,27,8871.788781
-44.483941,22,8871.886368
-245.340848,35,8872.037017
-110.056814,32,8872.168786
-149.310791,37,8872.319327
-55.760533,39,8872.478615
-541.589788,79,8872.80669
-131.435717,66,8873.081357
-39.747863,21,8873.16895
49.748348,23,8873.268816
-30.246679,20,8873.352691
-384.852473,50,8873.550908
-33.94956,22,8873.639436
-58.708362,26,8873.741994
-79.807652,48,8873.934819
-300.690976,57,8874.172718
-172.277254,27,8874.282424
46.60317,25,8874.389497
-45.869993,25,8874.488723
164.357659,24,8874.583513
-235.323994,54,8874.80456
-245.366941,37,8874.958289
-209.156097,31,8875.083398
-144.578018,51,8875.290527
-96.167773,33,8875.422473
-14.294564,19,8875.497851
-249.149477,37,8875.645173
-41.002994,24,8875.740473
-46.51994,22,8875.836416
-187.929098,30,8876.076629
-266.817626,37,8876.236258
-170.527278,26,8876.346971
-112.708101,33,8876.484098
-163.698086,28,8876.597709
-24.797349,21,8876.689905
-58.59719,37,8876.83716
71.689439,21,8876.923276
-55.690028,24,8877.024102
-76.218775,43,8877.201252
-39.051889,21,8877.287258
-126.373251,19,8877.366576
-161.784017,26,8877.477441
-122.221975,19,8877.552219
-51.548104,23,8877.643727
-43.963859,22,8877.729546
-191.108021,42,8877.898641
-123.922964,20,8877.978878
-125.928442,19,8878.051875
-35.234987,22,8878.140936
-276.853026,38,8878.294119
-246.705194,39,8878.453301
-263.261913,37,8878.609486
-244.110903,53,8878.821203
232.549638,49,8879.020565
-261.538723,37,8879.170504
63.732717,23,8879.266212
-26.59226,20,8879.347708
72.32654,21,8879.43457
-214.671024,33,8879.564864
-87.315094,30,8879.690537
-62.688735,25,8879.794992
-85.75686,29,8888.035502
-32.673379,21,8888.150246
-76.231244,29,8888.278275
-131.808756,36,8888.438793
-30.490164,38,8888.591018
-211.330373,33,8888.728841
-40.734268,23,8888.821497
-22.034883,19,8888.896726
116.361844,32,8889.023902
-21.552711,21,8889.114469
149.170139,23,8889.207475
-105.492956,45,8889.386251
-81.570674,29,8889.512076
28.364445,27,8889.618672
-55.23319,24,8889.719569
166.503243,22,8889.814338
-40.972323,36,8889.960609
-46.441459,23,8890.058025
-37.354927,39,8890.216791
-192.775568,30,8890.340413
-24.0603,19,8890.41961
-68.402925,66,8890.698816
53.366542,37,8890.847676
-28.751165,20,8890.932467
77.893153,41,8891.102506
62.982953,22,8891.194868
35.530487,27,8891.306481
230.610323,41,8891.481131
56.86101,23,8891.574798
-43.626252,22,8891.666614
-90.992189,30,8891.788788
-52.754452,25,8891.898529
8.673108,33,8892.041484
61.220625,23,8892.143851
-67.930896,26,8892.25554
-138.281671,36,8892.40559
-106.815225,35,8892.545889
-50.614864,24,8892.643967
-120.742233,18,8892.715832
-129.246044,21,8892.797644
-645.067493,85,8893.149173
-54.490743,37,8893.30336
-27.450904,21,8893.38839
-64.164305,41,8893.55384
-82.096981,56,8893.783273
51.20135,24,8893.880731
-295.026878,62,8894.131369
-126.06142,21,8894.32829
-100.266802,55,8894.939588
-215.01932,36,8895.089852
228.356656,33,8895.227495
63.116682,22,8895.319744
-58.483731,38,8895.476074
50.212374,24,8895.572698
-23.476946,19,8895.651663
-63.084716,37,8895.809157
-121.963507,19,8895.887302
-182.68915,28,8896.016838
-93.256451,33,8896.171899
-241.339529,61,8896.424518
-79.584338,30,8896.548512
-119.230509,19,8896.636795
-28.932828,20,8896.721999
81.006306,20,8896.810931
-128.063119,20,8896.890041
-61.492106,24,8896.989159
244.358626,33,8904.066368
-246.866046,35,8904.272556
-175.314742,40,8904.465094
-81.409424,29,8904.700272
-65.105442,39,8904.896447
54.511828,24,8904.995428
-117.087278,33,8905.135144
-23.976561,34,8905.271413
-243.423399,37,8905.426837
64.769075,21,8905.511523
30.502055,26,8905.614641
-116.727699,20,8905.694829
-278.128779,68,8905.970276
33.529817,28,8906.091008
-43.240976,24,8906.196365
-338.426993,67,8906.479329
-137.814195,40,8906.644137
-104.406912,34,8906.78519
-100.891182,47,8906.974016
-381.389215,68,8907.248903
-122.471956,51,8907.454029
-7.577618,33,8907.58473
-134.37075,54,8907.798311
-132.51548,36,8907.943613
-189.840125,45,8908.128309
-155.259031,26,8908.235947
122.144073,76,8908.528024
-247.473044,37,8908.681619
-163.31343,45,8908.863449
-48.737852,24,8908.961193
42.134647,26,8909.06544
-289.037515,59,8909.305367
125.204549,27,8909.412151
-331.656976,54,8909.635766
75.945017,20,8909.717295
-198.251939,29,8909.839541
-35.384589,21,8909.918445
-29.12888,20,8909.997491
-69.449827,28,8910.119102
-163.135092,40,8910.353427
41.4378,25,8910.590434
-245.137645,37,8910.98711
-261.610439,37,8911.346992
-34.545864,22,8911.529974
21.281772,29,8911.773346
-258.208676,37,8912.120799
-154.481322,40,8912.544506
-43.285026,24,8912.715501
-112.263979,18,8912.829236
-142.209278,42,8913.041762
-24.614939,19,8913.130692
225.984224,27,8913.241521
-128.44499,19,8913.316844
35.192868,26,8913.434993
-83.448213,57,8913.6567
-131.399209,21,8913.753402
89.649321,34,8913.888794
-61.3057,24,8913.989257
-120.449146,19,8922.179832
-54.564432,27,8922.364649
64.773114,22,8922.477832
57.959025,24,8922.591606
265.812113,22,8922.688961
170.184531,21,8922.779146
-382.915103,60,8923.01385
-60.402243,28,8923.124395
-24.414508,49,8923.331654
163.601358,22,8923.421623
-157.938407,25,8923.519743
-119.256859,19,8923.595946
-171.546994,41,8923.766799
-243.800508,51,8923.971861
-107.219368,18,8924.041413
55.131506,23,8924.134463
357.643522,23,8924.231549
-598.290899,101,8924.659485
10.735076,30,8924.775993
69.798493,22,8924.867962
-62.814814,27,8924.975334
-211.297162,40,8925.13764
115.242138,31,8925.260549
62.88933,22,8925.347508
-126.551837,19,8925.425268
-25.22896,20,8925.508756
-239.457306,37,8925.656283
-36.895072,23,8925.754938
-88.11159,33,8925.88164
-136.093419,39,8926.046111
-29.423849,20,8926.136493
-170.804192,25,8926.242496
-248.939674,37,8926.399426
-40.929898,49,8926.599793
-37.591982,36,8926.744979
56.421637,23,8926.838131
75.990027,20,8926.919729
-126.895827,20,8926.999968
63.340451,41,8927.172964
-130.780132,20,8927.377651
-49.160945,23,8927.475211
-464.896063,70,8927.769079
-250.849884,37,8927.927006
-216.707161,72,8928.23279
-51.258534,23,8928.322073
55.560444,23,8928.420504
-19.11974,20,8928.505047
-86.748928,33,8928.637099
-56.768099,24,8928.740422
-122.063553,20,8928.824355
-62.766985,27,8928.931403
-18.624283,40,8929.096615
-81.450009,41,8929.270969
28.607049,27,8929.383145
-40.899515,24,8929.482328
165.986021,24,8929.586728
359.418396,23,8929.683597
-171.332372,48,8929.87181
-258.925438,37,8930.028066
-38.785035,24,8930.127078
52.629556,25,8930.232765
-143.341793,26,8930.340264
45.788482,24,8930.438996
-115.386319,18,8930.513268
-174.099946,41,8930.683492
-215.393716,34,8930.826121
-263.129751,52,8939.624075
-47.180152,22,8939.72144
19.889472,30,8939.850224
2.426179,33,8939.984884
-554.203752,101,8940.39292
-246.901207,35,8940.555212
-121.127295,18,8940.690167
-17.596429,21,8940.80472
-30.534882,22,8940.911064
42.509908,26,8941.041713
-106.703529,53,8941.307317
-87.507129,30,8941.466939
-120.517464,19,8941.566723
61.569707,22,8941.680188
-235.19683,63,8942.005047
-13.071884,35,8942.250451
-204.713151,31,8942.520163
-117.701267,19,8943.853141
-176.412503,29,8944.02885
248.379223,46,8944.255416
63.47048,35,8944.438138
-139.566148,21,8944.541172
-223.101539,35,8944.722482
-264.460414,37,8944.94763
-21.948775,19,8945.470644
-34.817696,22,8946.611129
-126.651892,19,8946.823061
-125.96546,19,8946.941454
69.310762,22,8947.070056
59.375017,37,8947.30179
64.770645,21,8947.419317
-128.426251,19,8947.54198
-31.55093,20,8947.65778
-45.34522,22,8947.791388
-36.432639,43,8948.078708
61.041707,22,8948.229419
55.323249,25,8948.386256
-65.300157,26,8948.529736
70.275769,20,8948.644013
59.283617,23,8948.764221
-283.536155,37,8948.942288
135.130239,29,8949.068729
-141.244056,23,8949.173319
-133.520845,22,8949.26974
-174.269256,31,8949.413441
-412.736979,88,8949.816491
-465.287909,66,8950.112243
72.157714,23,8950.20657
-57.538516,27,8950.323464
-45.953007,22,8950.428534
-325.139668,46,8950.639829
197.615362,22,8950.738336
-23.836786,19,8950.834696
-150.161374,38,8951.004968
-73.017574,29,8951.145206
70.534026,23,8951.252331
-123.446714,19,8951.335054
103.048466,32,8951.509358
-31.667928,21,8951.605013
-305.848628,47,8951.808504
-57.279025,26,8951.931499
-120.912385,19,8952.015715
-27.561147,20,8952.099293
-147.897107,24,8952.197019
40.725097,46,8952.409129
-98.497699,44,8961.809955
-45.126245,24,8961.970428
-151.099908,23,8962.082929
268.541897,21,8962.175805
130.194475,27,8962.297792
-161.818336,47,8962.499338
-26.648219,20,8962.584573
106.507783,45,8962.782498
-126.360601,19,8962.868811
-41.573512,24,8963.154397
-116.962708,18,8963.241447
-27.316571,19,8963.344783
-87.640138,32,8963.522433
-14.108365,35,8963.686538
-48.054275,24,8963.803874
-365.425124,53,8964.045359
-218.101021,61,8964.989409
-172.073965,40,8965.168535
-169.625915,44,8965.362545
-26.364244,19,8965.439668
-138.299095,40,8965.610954
-126.977744,36,8965.76844
24.343767,29,8965.89026
-207.548076,45,8966.080611
-138.82968,34,8966.218342
13.787544,29,8966.343159
-224.689033,58,8966.605744
170.077694,27,8966.717274
-708.586519,101,8967.153439
65.23719,22,8967.243763
-13.775937,20,8967.330681
-162.732759,46,8967.542431
-432.694079,101,8967.97514
27.094038,27,8968.090886
48.301993,24,8968.202246
70.67921,21,8968.297517
-137.1001,22,8968.392978
-129.822728,22,8968.517195
19.97006,28,8968.664372
-115.406648,38,8968.876928
-229.613035,34,8969.075764
-42.813074,24,8969.412069
-135.449253,37,8970.027001
12.057924,29,8970.354633
-315.763117,66,8971.702097
-104.50704,101,8973.642241
-217.490614,46,8974.053723
-139.370667,56,8975.005245
-34.110949,38,8975.316987
-116.288304,34,8975.59057
-123.361704,19,8975.715792
-176.896196,46,8976.058179
-186.559644,28,8976.230711
-186.635221,41,8976.468837
158.123233,24,8976.606644
165.153926,22,8976.715553
-168.336288,66,8985.635288
75.954022,23,8985.744941
41.346446,26,8985.862141
-52.224577,23,8985.961811
172.353282,23,8986.063645
-217.906964,58,8986.31486
-64.483635,28,8986.439493
-180.691442,31,8986.576971
-20.388736,36,8986.723854
60.89691,22,8986.816802
61.570639,21,8986.915463
-126.285374,19,8986.999058
-53.203472,25,8987.108653
-117.121306,19,8987.191265
-70.283818,26,8987.302917
-132.303103,20,8987.396759
-295.376397,48,8987.593723
-26.96926,19,8987.674389
35.115624,27,8987.79086
71.245321,20,8987.872409
-46.231489,22,8987.968139
-269.827179,37,8988.132613
-51.612501,23,8988.228799
161.68509,22,8988.321227
-105.347021,35,8988.471562
-2.846017,35,8988.615973
10.81928,30,8988.785715
-110.305348,32,8988.976192
62.388421,22,8989.082384
-45.184552,22,8989.173401
-506.85462,87,8989.548896
-28.667768,20,8989.636456
-172.37563,28,8989.756385
-199.331007,32,8989.891091
34.274962,27,8990.007018
-20.396669,19,8990.081195
-173.279626,42,8990.263565
322.341421,29,8990.391359
48.315509,26,8990.504501
-154.832704,51,8990.714595
-88.514963,30,8990.83542
-49.73714,25,8990.93808
-82.224726,44,8991.121482
-249.312171,37,8991.453544
49.962887,23,8991.558382
-163.679131,38,8991.729824
-287.445228,63,8992.002636
57.862575,24,8992.107919
57.547022,23,8992.203363
-311.375736,92,8992.596932
-50.796838,25,8992.702748
-69.30127,27,8992.820084
-25.636127,20,8992.904501
-36.147051,24,8993.00349
212.534658,39,8993.177627
-205.685893,45,8993.375881
-153.058073,38,8993.530293
-80.261899,43,8993.707306
-203.947077,44,8993.888009
-42.011332,24,8993.984476
-190.975013,32,8994.126326
46.991958,24,8994.225502
-27.452886,22,8994.31562
-108.07279,58,9003.697474
-96.214695,32,9003.899753
-26.324392,22,9004.006969
-83.415387,41,9004.184041
50.960808,24,9004.29008
-75.93751,41,9004.467789
-60.545442,26,9004.580407
49.595703,26,9004.688072
-174.534067,40,9004.854927
-166.466449,25,9004.95972
-274.817735,59,9005.205638
-27.327991,20,9005.295434
-46.456482,24,9005.400792
49.811359,25,9005.509539
-161.578382,27,9005.624193
-95.680116,43,9005.810001
-38.504345,21,9005.910617
-181.342233,47,9006.106706
-141.616971,53,9006.335075
4.732139,31,9006.469569
-29.346206,22,9006.564172
42.627933,26,9006.677199
1.976698,32,9006.812154
143.484437,25,9006.91659
-169.875674,46,9007.110712
-264.452134,37,9007.264735
-176.16788,28,9007.386484
-264.368444,37,9007.543657
-110.487053,31,9007.68125
165.562734,21,9007.767035
-15.571624,20,9007.850385
-40.563865,37,9008.007448
-127.068955,20,9008.090903
198.994938,18,9008.170009
65.913662,21,9008.258008
68.334441,23,9008.358672
-129.084291,19,9008.443428
60.726324,23,9008.543597
10.776627,31,9008.672361
-132.64155,21,9008.76518
-127.442816,19,9008.847577
-22.171636,40,9009.018953
172.558404,21,9009.107746
-90.449343,31,9009.237059
-29.034052,20,9009.319779
-351.288123,59,9009.571605
169.538482,35,9009.719249
-35.071191,37,9009.881655
165.846619,21,9009.972878
-28.838228,21,9010.060426
168.2952,21,9010.147954
71.188075,21,9010.235201
-129.395551,19,9010.315934
44.65537,25,9010.418669
-180.553769,32,9010.553475
71.45151,27,9010.6673
-189.798505,41,9010.841857
-262.0851,37,9010.995666
-141.735202,23,9011.094589
-132.090318,22,9011.188776
-19.278357,38,9011.353359
-133.661088,38,9011.514581
81.366793,24,9011.615925
-118.990024,18,9011.694984
49.917031,24,9011.797963
59.404607,41,9011.979346
67.354663,22,9012.075898
-114.833901,101,9012.523358
-55.135093,24,9020.329228
163.314853,22,9020.458852
-36.164323,21,9020.554676
45.572169,25,9020.665732
-770.33423,101,9021.084802
-240.273557,36,9021.23026
-100.437336,33,9021.384993
-152.813587,27,9021.508537
-0.783213,34,9021.65677
67.860117,20,9021.743898
-549.815471,98,9022.287935
-229.976169,42,9022.468756
-129.568483,21,9022.560453
-96.554083,34,9022.702371
237.394674,28,9022.819814
64.469511,23,9022.921517
62.211079,22,9023.01647
37.843834,39,9023.182474
-264.847716,37,9023.334719
-25.073397,19,9023.419538
59.024266,53,9023.635319
-374.732299,64,9023.914132
-43.71816,22,9024.007653
-33.20996,21,9024.093603
-38.43086,22,9024.18882
-53.825985,26,9024.297465
-49.89117,25,9024.406051
-138.904814,52,9024.617963
-116.120747,18,9024.698835
-57.078397,37,9024.856648
-73.872684,30,9024.980576
-25.505657,20,9025.070648
-172.473801,42,9025.242915
36.208772,27,9025.357465
77.226934,20,9025.441526
-196.726026,31,9025.567662
10.113448,31,9025.699782
61.839418,22,9025.795729
-222.523995,40,9025.957351
159.490178,23,9026.056644
-125.905616,20,9026.138539
4.813745,31,9026.265111
-190.376419,30,9026.389881
72.3101,20,9026.477783
-146.835407,39,9026.6456
72.88118,20,9026.729738
-50.931759,26,9026.836249
-128.152306,19,9026.919796
53.96542,24,9027.027966
-92.14295,32,9027.169026
-51.510223,42,9027.383999
-528.889057,101,9028.064366
106.701032,31,9028.312835
-170.333266,27,9028.577392
-24.895475,34,9028.892592
-357.147953,94,9029.663975
-59.088556,26,9029.81828
54.38987,24,9029.955462
-176.588598,41,9030.134294
72.123856,20,9030.219556
186.078331,24,9037.361838
-145.21874,22,9037.51265
-165.680479,37,9037.685992
-125.551886,36,9037.835988
-45.950141,23,9037.931748
-29.193655,20,9038.014151
-46.636954,24,9038.116524
-33.082484,20,9038.199782
-240.884439,34,9038.34399
-128.066868,20,9038.427371
-134.738234,37,9038.58837
165.496243,27,9038.700735
160.040127,22,9038.796785
-149.821114,43,9038.980278
-291.796105,42,9039.165725
-10.812308,32,9039.298297
-145.554116,22,9039.390321
-152.107206,25,9039.516018
147.536233,31,9039.651563
75.574355,21,9039.752392
-91.253632,31,9039.891522
84.618195,20,9039.97923
-204.749258,31,9040.111005
-36.837867,23,9040.209101
-60.047493,25,9040.317513
169.007491,21,9040.408094
-32.030284,21,9040.494058
-161.545128,26,9040.600521
63.594584,22,9040.690893
-45.922443,25,9040.808074
-62.652938,26,9040.914967
-149.587595,23,9041.006943
-113.972736,35,9041.152192
-170.960174,83,9041.515186
-24.255406,19,9041.597552
17.582347,28,9041.714788
-166.968987,39,9041.880421
-328.348144,59,9042.133466
-63.227535,42,9042.314723
-45.92367,22,9042.412438
-213.404984,47,9042.607303
35.512988,28,9042.725105
-159.51451,53,9042.940698
36.19869,26,9043.053279
-231.893704,51,9043.27824
41.289882,26,9043.393554
-44.572129,24,9043.491909
-46.722788,24,9043.75262
51.292104,25,9043.864971
-178.782851,41,9044.042072
-43.224387,40,9044.21723
-264.845423,37,9044.385424
-110.430257,37,9044.541626
-310.0004,84,9044.893548
-29.296237,20,9044.971357
-116.61638,36,9045.121298
174.06946,22,9045.21483
-32.852448,53,9045.445164
6.152344,35,9045.590635
210.203965,20,9045.674186
-338.26643,101,9046.105319
-40.69719,35,9046.250153
-1.345453,50,9055.603885
175.964782,20,9055.70559
160.796205,22,9055.801868
47.381872,24,9055.901947
-196.833735,29,9056.025459
-30.333095,34,9056.174077
-639.021261,101,9056.612643
259.743921,23,9056.705912
-257.450056,52,9056.9292
-50.82617,25,9057.042567
-62.57756,28,9057.165043
0.570698,31,9057.305322
-134.914868,50,9057.523551
159.320103,22,9057.621146
-374.732443,79,9057.961492
-14.902325,34,9058.099902
-22.243957,19,9058.177422
-31.684352,21,9058.272201
-96.537715,31,9058.403489
-146.85604,37,9058.55519
252.710383,25,9058.659636
-263.624601,66,9058.936009
-166.751879,27,9059.058032
-33.077377,21,9059.153622
-55.069258,25,9059.258907
74.1086,20,9059.344163
-76.449848,40,9059.507052
-245.07683,37,9059.665711
-258.566999,37,9059.833845
65.570751,21,9059.916726
-76.472459,29,9060.037884
-30.553562,20,9060.11879
-133.444371,22,9060.216504
-34.040048,21,9060.312389
49.735835,24,9060.413489
-181.330379,60,9060.663938
33.72996,26,9060.773539
-120.344348,18,9060.849707
-260.715405,37,9061.007271
-177.648034,42,9061.190886
-154.329302,54,9061.435345
70.117099,20,9061.523606
-311.616981,44,9061.705842
-33.874346,21,9061.794977
26.756904,27,9061.909157
-311.164349,99,9062.333561
-113.93726,37,9062.496653
-138.80642,22,9062.590224
-316.383706,51,9062.814074
-64.338774,39,9062.973538
-201.01423,43,9063.169251
160.77094,22,9063.265113
81.627663,22,9063.357159
-90.818025,42,9063.548889
-183.225428,54,9063.779931
197.478982,22,9063.870837
-30.108395,20,9063.95831
26.151799,28,9064.083245
-53.14552,45,9064.26906
-28.940821,21,9070.784406
-126.554587,20,9070.902093
-130.939307,20,9070.993759
-31.736873,21,9071.083915
-247.561918,37,9071.577409
62.867187,23,9071.67496
-49.953691,25,9071.77995
-380.964323,74,9072.087733
-98.435466,30,9072.21175
-101.962435,34,9072.357571
-155.734811,38,9072.535086
-151.575091,23,9072.63364
61.321333,22,9072.727127
-100.526484,34,9072.872972
166.839724,22,9072.966974
-107.39523,97,9073.472883
-247.735771,37,9073.624691
-152.24111,37,9073.795773
-83.219285,29,9073.923699
65.701841,22,9074.083249
-74.419081,28,9074.205495
-35.360487,24,9074.311729
-116.391569,36,9074.463541
-106.15999,44,9074.648565
37.291988,28,9074.763906
-384.866442,85,9075.123438
55.766741,24,9075.226214
-137.855677,21,9075.315946
-30.727825,20,9075.405607
-153.151848,53,9075.623509
-231.294645,56,9075.864788
-107.610561,32,9076.004241
-70.202088,40,9076.175869
-144.834393,40,9076.34341
-62.61808,27,9076.458415
-94.74328,32,9076.611109
-246.00151,37,9076.767614
-52.14621,23,9076.865011
64.795659,21,9076.958928
-50.715848,25,9077.067507
-139.679188,21,9077.154905
-29.417912,20,9077.242279
-18.484646,19,9077.329808
-304.234528,85,9077.695893
-26.589909,46,9077.891144
-21.536795,36,9078.041842
-261.867826,37,9078.198345
21.991404,29,9078.321627
94.672098,34,9078.469372
-130.122728,19,9078.552317
-309.217616,63,9078.86547
-27.766847,20,9078.974361
-50.710701,37,9079.190766
-280.203529,85,9079.899265
193.639292,46,9080.288108
-60.022111,27,9080.618292
-354.306302,48,9081.095283
-77.579426,44,9088.949446
152.467794,23,9089.067709
174.230075,21,9089.159926
-158.793405,54,9089.394764
-39.719,24,9089.499241
60.578074,43,9089.678452
28.042926,28,9089.81629
-225.69739,33,9089.967796
-77.972923,28,9090.089889
-23.184669,19,9090.173852
68.385904,20,9090.267797
-207.210523,31,9090.412258
-3.06003,35,9090.564861
-54.938379,26,9090.677539
-295.461256,42,9090.855668
-35.496819,21,9090.943103
18.427578,30,9091.067474
-596.570734,82,9091.416824
-94.298054,42,9091.607948
16.945051,49,9091.824263
39.839561,27,9091.94754
30.195755,27,9092.061965
-91.025646,45,9092.254432
-265.420819,37,9092.411529
-176.162426,40,9092.575355
-155.033325,52,9092.791038
-462.576098,101,9093.216293
33.4169,40,9093.395945
-70.36882,42,9093.572093
-127.5948,19,9093.648382
-240.94882,36,9093.800431
-254.998256,37,9093.948083
-28.913051,42,9094.127917
-168.768169,41,9094.298817
-100.036676,44,9094.480253
176.135969,24,9094.583934
-459.186028,64,9094.864756
163.030721,22,9094.957535
5.475694,36,9095.104582
54.408835,22,9095.195577
-325.579457,44,9095.378589
-37.975491,22,9095.620653
-202.446358,32,9095.767043
-69.987601,28,9095.892542
53.762726,24,9095.995831
-52.338828,25,9096.101602
-41.209936,21,9096.191082
-56.228445,27,9096.30486
-163.787003,39,9096.465301
62.645796,22,9096.562195
-135.290644,38,9096.724306
80.759267,21,9096.820046
-368.907862,52,9097.042456
47.724459,26,9097.16018
-117.44519,18,9097.235138
-359.02245,50,9097.447249
-119.388753,32,9097.580776
-176.187668,27,9097.699579
450.648167,24,9097.802321
52.884529,24,9107.408815
-254.097966,37,9107.607904
-261.851813,37,9107.78182
-42.913663,22,9107.881277
-149.023336,42,9108.067886
55.471145,23,9108.165334
-140.082504,21,9108.249612
-47.735449,37,9108.410235
-175.295146,45,9108.604498
-147.99149,25,9108.709671
-263.71127,55,9108.941507
66.258849,21,9109.041493
-68.541709,29,9109.250134
1.930364,30,9109.467751
-42.044295,24,9109.609162
-42.650132,36,9109.810266
-29.261486,22,9109.912649
6.153266,44,9110.139597
-279.956342,42,9110.340617
-191.994741,47,9110.539807
-134.79672,20,9110.625662
-123.601488,20,9110.710471
-30.40889,20,9110.794028
-58.796522,27,9110.907199
-44.480798,23,9111.002437
-102.203212,32,9111.142781
-30.706764,21,9111.228852
257.358932,23,9111.331109
-144.113469,52,9111.56197
31.808868,28,9111.684991
-104.866976,32,9111.82415
-39.798968,22,9111.918638
-104.692329,45,9112.104869
-242.801077,38,9112.256442
50.1924,24,9112.363532
-27.915963,20,9112.447894
-132.55046,37,9112.605917
-319.593704,46,9112.809609
-44.957758,37,9112.958759
-51.485533,25,9113.063422
25.560743,29,9113.182193
-135.724092,20,9113.264327
-356.031755,49,9113.463979
-74.039566,29,9113.582945
-133.727159,20,9113.668485
-329.431777,47,9113.864215
-122.90192,18,9113.938877
-584.48333,101,9114.364818
-241.473236,45,9114.553483
-175.171055,27,9114.664427
-274.996852,42,9114.843205
-2.327099,35,9114.994249
55.836655,23,9115.09446
-268.178732,57,9115.334223
257.499885,23,9115.430688
50.813176,24,9115.534173
-131.996331,37,9115.687162
-55.804443,40,9115.858547
-201.03581,31,9115.987364
-502.294125,86,9116.35382
-118.847707,18,9123.527943
-69.216793,29,9123.698792
3.072119,47,9123.906022
-30.175689,20,9123.998167
-73.816788,63,9124.259421
36.713077,26,9124.367511
47.84361,26,9124.479128
-45.482324,24,9124.577336
-28.760951,21,9124.662879
-61.166198,28,9124.782413
-25.507576,21,9124.874778
-167.196473,26,9124.98295
146.312149,28,9125.102745
52.654027,24,9125.219964
-101.492521,33,9125.361996
-194.574157,42,9125.541434
-4.236095,35,9125.688225
-97.378839,43,9125.873117
70.354148,20,9126.073425
-163.256598,37,9126.223837
-60.912664,25,9126.328608
-134.632062,22,9126.416584
-176.281128,27,9126.532597
-127.6539,19,9126.61027
-126.933238,20,9126.694742
69.636601,20,9126.782972
-246.382225,37,9126.937102
-148.657319,37,9127.104554
-54.38163,26,9127.214379
-385.596036,54,9127.443822
-261.179618,37,9127.598825
-148.086924,50,9127.806552
-59.071753,26,9127.91486
45.218307,25,9128.01755
39.759407,27,9128.129138
-10.117328,33,9128.271592
-123.313236,34,9128.418481
299.084072,52,9128.629411
-328.227891,58,9128.876376
74.833732,20,9128.956825
-36.097076,23,9129.051662
-11.82642,31,9129.180703
-27.149161,19,9129.264189
-211.962732,60,9129.517725
-214.479453,45,9129.707636
-95.98512,33,9129.843766
-33.087542,20,9129.924192
-221.460457,34,9130.068061
-39.256509,24,9130.175017
-138.938832,36,9130.329871
-257.307752,38,9130.492079
-141.014567,37,9130.642947
-53.434806,89,9131.024725
-403.733495,101,9131.448611
-203.617281,45,9131.638648
-156.687033,39,9131.813209
-43.817403,37,9132.031506
-163.574963,38,9132.260465
-140.776303,23,9132.453742
-54.549286,24,9132.67259
156.990441,23,9141.427643
7.074149,43,9141.652114
-218.148473,37,9141.806979
-257.343476,37,9141.970793
-29.531001,21,9142.061455
-46.280838,22,9142.155351
-265.658483,37,9142.308275
-46.966153,24,9142.405749
-242.448841,37,9142.563885
43.486603,26,9142.678382
-250.128412,65,9142.955744
-34.731135,21,9143.045576
-157.647516,38,9143.20927
-58.252695,25,9143.314069
258.862921,43,9143.496551
-159.650724,26,9143.604907
-95.267752,46,9143.799425
-48.584124,37,9143.954063
-235.046964,37,9144.112769
6.779285,32,9144.24645
109.914493,35,9144.394266
266.693086,24,9144.506077
-347.516766,101,9144.935705
-169.911717,28,9145.05653
-52.785203,42,9145.23044
-28.175843,21,9145.320496
22.854538,28,9145.44454
-34.437898,22,9145.538864
72.316779,20,9145.627391
-282.764441,42,9145.806885
-129.190253,21,9145.894002
-50.972287,23,9145.987622
-49.237486,25,9146.09211
-266.496445,37,9146.252403
-288.087742,43,9146.435187
-129.263643,21,9146.527809
-201.330974,30,9146.657679
-286.850366,73,9146.969003
-257.115517,59,9147.208969
65.007167,21,9147.296585
-131.835899,40,9147.460154
-67.603763,28,9147.573801
-84.509942,28,9147.691485
56.436124,40,9147.857302
67.584355,20,9147.943167
-23.629088,19,9148.025759
-29.836963,20,9148.107048
56.515292,23,9148.201314
23.375886,41,9148.485086
-26.974338,35,9148.701942
63.902801,41,9148.883688
-258.617027,37,9149.042614
159.130394,23,9149.140839
65.340568,23,9149.236896
-189.085792,30,9149.371093
-244.082208,37,9149.529999
-85.093326,55,9149.753444
-121.721718,53,9149.970288
-34.301719,35,9150.126512
339.14115,37,9159.954548
-166.931989,37,9160.171806
-35.529705,22,9160.267787
-26.65541,21,9160.366431
-23.174113,21,9160.458625
-31.541541,24,9160.560198
-257.637028,37,9160.715542
66.6727,21,9160.806746
-392.801744,101,9161.246445
-134.376431,20,9161.331243
-118.514715,19,9161.415832
268.121485,22,9161.509207
-146.874921,24,9161.620526
-120.63065,21,9161.70808
-27.38768,19,9161.790643
-132.330617,20,9161.882054
-136.443282,50,9162.103896
-373.06673,93,9162.497354
-48.419918,25,9162.607216
-149.017537,23,9162.704606
-263.252188,37,9162.868855
-154.070174,51,9163.090363
-137.211133,22,9163.182369
-51.641338,24,9163.292303
-305.737509,44,9163.479786
-250.635431,37,9163.638136
-92.661419,31,9163.778356
-40.364735,22,9163.882786
-63.945925,37,9164.046292
-131.576588,20,9164.130637
-46.274249,22,9164.221418
-126.295676,19,9164.302387
-121.61492,18,9164.381911
-149.718374,23,9164.483288
148.979674,25,9164.58607
-138.659987,23,9164.681944
-176.380574,40,9164.844533
47.962132,25,9164.952084
-0.225724,35,9165.103434
-27.833903,20,9165.188062
-148.539591,25,9165.294185
-52.060418,27,9165.409837
251.32018,24,9165.514117
-117.986235,19,9165.590017
-25.360624,20,9165.674997
52.040359,24,9165.783621
-24.316308,20,9165.872195
183.533472,20,9165.959598
56.082527,23,9166.059119
-123.529109,19,9166.141316
-212.71635,33,9166.276782
-86.959954,31,9166.408272
-128.268464,19,9166.487565
-34.599537,21,9166.579655
190.250654,21,9166.669262
66.195529,21,9166.758239
-22.466213,19,9166.83492
55.776451,24,9166.932829
-31.968319,21,9167.020438
-177.570535,57,9167.258571
-147.513724,39,9167.425964
-8.212983,34,9167.563558
-30.550876,37,9167.721741
-144.171111,37,9167.880932
141.446232,26,9167.991716
77.467585,19,9168.075836
-146.665564,22,9168.16508
-83.93963,29,9168.284778
-267.124684,53,9168.503921
-36.621122,22,9168.595875
-167.403547,28,9168.711398
158.248546,27,9175.968784
-264.423552,39,9176.180292
54.585052,23,9176.280887
-38.829769,22,9176.376261
197.030084,52,9176.602284
54.304933,22,9176.700706
19.745425,32,9176.839695
-112.376517,46,9177.02895
-259.652935,39,9177.193926
-122.056905,19,9177.276657
-81.582712,30,9177.404364
56.053184,23,9177.501057
-91.614249,42,9177.673139
-381.446428,71,9177.965837
-128.403132,19,9178.047297
-33.845195,21,9178.217297
-251.004395,37,9178.661752
21.255739,29,9178.784035
-545.438368,101,9179.312097
65.328135,21,9179.405235
185.508301,22,9179.503433
-63.770971,27,9179.627095
-26.289223,20,9179.714991
-71.334616,55,9179.951434
-51.187782,23,9180.049497
72.880054,20,9180.133164
-191.041696,37,9180.293086
-130.286302,19,9180.368633
-570.693117,101,9180.803041
-139.03516,40,9180.970411
42.286012,25,9181.07616
-248.942467,37,9181.237565
-177.408666,39,9181.397606
-234.961485,34,9181.540379
-46.179513,26,9181.652531
161.09132,22,9181.741276
-88.584426,43,9181.925964
53.787448,25,9182.028654
-227.95518,34,9182.172692
-181.727562,50,9182.391969
-199.057233,50,9182.615913
43.612374,25,9182.722426
-78.820303,29,9182.845502
-424.405751,101,9183.276252
15.37673,30,9183.412456
-182.878119,28,9183.531064
-36.814427,23,9183.628895
-259.028175,37,9183.78881
-51.491908,25,9183.891603
-28.354624,20,9183.980263
-61.60776,26,9184.090085
-57.94391,26,9184.204548
-69.775367,26,9184.323509
-13.816107,37,9184.470171
-158.494248,38,9184.628575
52.336231,23,9184.764838
-133.481703,21,9184.891597
-66.840876,27,9185.049746
69.017612,21,9185.185929
-61.180433,26,9185.397785
54.456962,22,9195.028591
-210.559796,33,9195.211815
-61.293093,27,9195.340564
-123.523799,19,9195.418641
-117.836071,39,9195.583144
93.479053,36,9195.737695
-263.893093,40,9195.911795
-132.857272,21,9195.998987
71.634097,20,9196.083468
23.308852,28,9196.199669
-291.66243,43,9196.381055
-25.978727,19,9196.461185
-126.800053,37,9196.621224
-2.516456,33,9196.75927
-29.345346,20,9196.841733
-117.384609,18,9196.918928
52.258993,25,9197.030769
42.851293,24,9197.135277
-25.396778,19,9197.212759
-19.534555,19,9197.293896
-102.311156,32,9197.428039
141.403604,27,9197.541616
-181.204436,44,9197.722491
-128.712834,19,9197.802086
-39.520623,37,9197.964829
-24.819137,19,9198.048111
-43.444022,23,9198.147671
-126.939839,19,9198.229328
-256.375353,37,9198.38825
-327.29595,46,9198.586323
128.501223,27,9198.702052
59.025267,41,9198.874202
-233.942634,57,9199.113597
-57.141369,25,9199.21809
-126.702728,19,9199.302903
-137.705921,23,9199.410821
-31.256323,36,9199.565859
43.698984,26,9199.680312
-289.722964,42,9199.855811
-37.401476,22,9199.950204
-29.368085,20,9200.036727
-238.365831,38,9200.192023
-24.788135,19,9200.270707
-196.167543,53,9200.496645
-29.663063,21,9200.582277
-133.583903,22,9200.676105
-36.603033,21,9200.773191
-22.093858,21,9200.861848
-270.86201,40,9201.030708
-30.978604,35,9201.176063
61.15016,22,9201.273898
-265.128178,37,9201.437834
-56.983808,27,9201.552296
-25.783737,20,9201.637023
20.799776,30,9201.760627
23.525438,28,9201.87928
-127.207757,19,9201.960485
-229.723609,34,9202.106438
-155.527951,38,9202.260309
54.164872,42,9202.555422
-115.915644,35,9202.707626
-48.84567,24,9202.806299
79.05902,22,9202.898578
-68.177938,25,9203.005969
-132.282699,20,9203.094398
-476.080656,101,9203.525847
-34.569843,20,9203.608051
165.488559,21,9203.691271
7.784132,31,9203.821993
267.686686,36,9213.744366
-29.521437,20,9213.844262
-144.126371,38,9214.004504
-25.280365,20,9214.08818
-54.662758,38,9214.244202
69.442925,22,9214.334921
-139.889515,39,9214.499599
-266.358202,37,9214.651204
-594.54231,84,9215.010322
-139.072293,22,9215.103118
49.022509,24,9215.207489
-26.291827,37,9215.367275
-138.140244,22,9215.46311
-256.195019,38,9215.624285
-138.271211,36,9215.778072
-68.4945,26,9215.894031
174.94815,26,9216.008179
-87.97381,30,9216.13525
207.267868,23,9216.233749
-135.83056,55,9216.470281
-96.563632,32,9216.620258
-193.654196,80,9216.957384
-117.677211,35,9217.1048
-114.723591,33,9217.24363
-134.523255,20,9217.326419
-146.596938,22,9217.417553
-188.719319,31,9217.55013
58.332311,23,9217.644264
-101.496869,44,9217.823578
-242.327261,37,9217.982623
-242.726971,37,9218.135985
-506.69316,101,9218.56483
158.798553,23,9218.660248
-171.204058,28,9218.773134
-272.052184,51,9218.98074
-111.107318,49,9219.196203
-273.600585,40,9219.375389
-94.624261,63,9219.672933
0.64965,31,9219.810867
-11.466727,34,9219.957537
-31.118327,35,9220.105231
-175.297715,28,9220.223787
-179.30773,31,9220.351609
64.465963,22,9220.443855
60.691682,23,9220.541812
-55.943657,25,9220.646677
33.902428,26,9220.749574
43.043938,25,9220.856192
-34.62875,21,9220.941564
-138.113566,38,9221.103183
-239.663052,42,9221.277636
-362.300715,71,9221.576864
-262.500944,37,9221.732674
57.759054,22,9221.81677
-219.567081,66,9222.103052
-30.814752,21,9222.19068
-60.08072,28,9222.309136
-30.446527,20,9230.111768
-15.79026,41,9230.325559
-25.98788,20,9230.411132
30.165914,28,9230.531508
173.841891,23,9230.630398
57.597417,23,9230.730179
-45.201225,22,9230.824717
-25.123248,19,9230.909139
-24.319784,19,9230.987133
136.933135,27,9231.10131
-47.670026,24,9231.200351
-323.696438,82,9231.546841
70.452243,20,9231.63543
-369.415698,57,9231.875692
-128.01322,19,9231.951608
-132.647397,37,9232.109108
-253.005979,37,9232.263886
-32.168226,20,9232.348098
44.835839,25,9232.451911
-146.266608,22,9232.544349
-24.204373,19,9232.623888
-361.763692,55,9232.855401
-85.046704,30,9232.987953
-41.895645,48,9233.196893
-128.534516,19,9233.277886
10.255047,31,9233.526983
-126.288869,35,9233.681515
-134.006477,20,9233.765007
-264.052205,41,9233.933393
-205.423505,31,9234.071035
-301.855436,43,9234.246515
-343.515987,75,9234.565678
-216.112398,36,9234.72481
-255.818921,38,9234.88285
66.267772,21,9234.973419
-51.733575,24,9235.07563
-122.5722,18,9235.152196
-23.872763,19,9235.229692
-33.513577,21,9235.314157
-34.458618,21,9235.406684
-29.626989,20,9235.495531
97.249588,45,9235.689045
-56.120672,26,9235.802303
-29.135659,34,9235.951921
62.061047,22,9236.049039
-239.347158,51,9236.266487
-62.587221,43,9236.443798
-180.858354,28,9236.562444
-498.914767,75,9236.880045
-113.484575,49,9237.094548
-146.208963,24,9237.194656
-113.104266,32,9237.326805
62.329006,22,9237.415356
248.976489,24,9237.513179
-92.912991,34,9237.658917
27.494339,26,9237.762071
-176.812669,29,9237.878655
-124.706486,18,9237.954805
-26.071383,19,9238.034971
59.078572,23,9238.131288
-130.580229,41,9238.301953
-165.138364,55,9238.538123
161.392284,23,9238.633859
-84.47851,29,9238.755528
-53.348973,25,9238.861035
-25.597083,20,9248.31716
-31.819654,21,9248.483856
-689.458168,101,9248.955172
-185.810475,30,9249.07841
25.9426,28,9249.194619
-131.06062,20,9249.279152
-58.761261,24,9249.381283
-277.369994,54,9249.605229
-147.738111,22,9249.694332
-174.832045,41,9249.866476
-138.505267,22,9249.956183
-32.406305,21,9250.043045
-36.849985,22,9250.133922
40.434204,26,9250.245199
-151.785965,37,9250.401225
-189.396214,28,9250.521069
-109.947284,34,9250.657763
-248.174523,37,9250.807379
-147.957854,24,9250.904804
-248.491042,37,9251.050538
-58.726397,27,9251.163342
-128.388189,19,9251.245037
-45.259997,23,9251.339072
64.985224,21,9251.42012
-250.260702,37,9251.576232
-51.230233,23,9251.682223
62.788397,23,9251.779685
-132.538093,20,9251.861762
61.530603,22,9251.942812
-149.776727,23,9252.038122
-137.509797,24,9252.140854
62.778581,22,9252.228775
-31.459819,20,9252.312094
-179.266784,42,9252.484835
194.631668,40,9252.643351
4.595266,31,9252.777869
-126.507049,19,9252.853546
-48.309912,24,9252.960758
-234.908307,35,9253.113429
32.17012,29,9253.234014
59.508841,23,9253.332384
-260.678932,37,9253.486227
-139.764576,37,9253.636942
-35.529044,21,9253.722816
-194.674698,50,9253.924009
-353.036963,65,9254.200631
-29.620207,21,9254.288799
-293.37081,55,9254.517542
-34.246557,20,9254.595914
67.017561,22,9254.684358
-159.226907,27,9254.790029
60.538439,23,9254.882736
47.149982,24,9254.979879
-91.185574,29,9255.107092
-40.090861,22,9255.200539
-37.692333,21,9255.292395
-252.356985,37,9255.445979
-130.156029,19,9255.517719
65.377152,21,9255.603631
-622.483062,101,9256.02435
-203.753194,33,9256.281064
3.544643,39,9256.440981
-82.554118,31,9256.570684
-120.602815,37,9256.734387
-55.060551,23,9256.829716
-187.648749,30,9256.950865
40.918089,26,9267.17796
-132.245018,20,9267.323711
-26.565099,20,9267.422909
-38.242361,23,9267.522643
-36.767086,22,9267.616551
-125.182955,19,9267.70415
-29.345761,22,9267.799278
39.932328,27,9267.907474
-348.346622,50,9268.123376
205.377511,21,9268.212378
348.539917,33,9268.35755
26.862404,41,9268.53727
-123.764953,19,9268.612077
-57.012444,48,9268.82109
-32.876199,21,9268.913105
-129.893405,19,9268.998724
-159.475996,27,9269.115552
-153.14608,23,9269.212854
64.132084,22,9269.305057
-253.691483,37,9269.453981
-32.569942,20,9269.540518
-196.442415,31,9269.66934
-263.155984,37,9269.825003
-206.370032,35,9269.964847
-151.669301,37,9270.120139
-38.289339,22,9270.203814
-219.034995,33,9270.340092
-32.429259,21,9270.420347
-14.217586,33,9270.556309
-142.517096,23,9270.649382
44.065675,25,9270.76098
-41.811251,23,9270.85811
-32.512961,21,9270.951571
-266.807482,37,9271.101874
-299.421639,44,9271.28541
-202.118943,32,9271.420489
-30.285892,20,9271.512422
-35.640524,39,9271.677491
-38.414938,24,9271.781129
-53.591868,25,9271.881773
-252.674177,37,9272.038705
-27.532213,35,9272.184316
44.224125,26,9272.301182
-26.438098,20,9272.385008
-263.604333,56,9272.624283
-125.320797,18,9272.697966
71.347743,20,9272.782057
-88.04875,28,9272.898417
-105.559276,32,9273.035659
-258.065839,37,9273.189509
68.419041,21,9273.273668
-260.543312,39,9273.438327
-84.657481,42,9273.612372
-143.638086,46,9273.802743
-270.170793,37,9273.96149
63.605437,22,9274.05574
-79.325908,27,9274.175436
-247.755552,39,9274.341712
-132.86711,20,9274.42677
-134.544911,22,9274.518228
23.170002,28,9274.632532
-149.740522,25,9274.737217
-151.493131,23,9274.832823
-201.639794,52,9275.051129
-48.910313,23,9275.143179
-127.5235,19,9275.219993
-312.248623,44,9275.415322
106.911546,40,9275.581524
-20.147838,19,9275.658891
-46.491657,24,9275.757114
-61.823748,26,9283.187034
-52.025067,23,9283.33757
-129.085941,21,9283.560458
-208.015383,32,9283.88931
43.440546,25,9284.005476
-281.897117,38,9284.185847
-735.996851,100,9284.629585
-123.068891,18,9284.708536
-261.848247,41,9284.891826
-62.964114,26,9285.001828
-274.256456,47,9285.200185
-130.45792,19,9285.280292
-92.122125,30,9285.40764
70.639969,21,9285.495458
-13.299138,18,9285.567536
-271.215584,38,9285.722929
-300.064606,43,9285.900514
-57.55622,25,9286.000574
35.315833,27,9286.112255
-58.253242,25,9286.21525
-128.830201,19,9286.296791
161.533894,22,9286.397566
-46.172399,22,9286.487167
-246.808747,37,9286.645487
65.98056,21,9286.735053
270.861041,26,9286.846156
-294.297228,43,9287.029574
-136.295295,22,9287.121232
-165.135828,53,9287.498067
-140.927654,23,9287.600091
-38.823023,37,9287.753616
118.619114,36,9287.906823
-65.985301,27,9288.022661
-258.532336,37,9288.244902
-129.662256,19,9288.326837
-40.98527,22,9288.421693
-43.154112,23,9288.518171
-155.459839,39,9288.675971
-23.008608,19,9288.753292
-345.449826,52,9288.966798
-251.077447,37,9289.128405
-422.186428,58,9289.383456
-102.033068,35,9289.529494
-48.890238,24,9289.632721
-210.668505,72,9289.929798
-106.555933,34,9290.072694
-188.167729,29,9290.19845
-59.018861,24,9290.303411
-44.109468,23,9290.398974
-237.241112,34,9290.532957
-25.783339,19,9290.615942
143.893796,27,9290.734424
-37.48471,22,9290.832697
-44.960794,23,9290.929157
-97.329045,31,9291.057356
-272.586735,37,9291.213814
-28.307636,20,9291.29443
35.216728,26,9291.417948
-125.129115,19,9291.502672
-332.384683,48,9291.709649
-157.935278,39,9291.876945
-104.608013,34,9292.010818
106.040859,39,9292.174081
-22.101558,20,9292.26535
-73.434701,45,9292.456877
-84.080695,29,9301.170279
-30.651496,37,9301.361004
-167.712948,45,9301.875004
124.763426,79,9302.212969
-69.322516,27,9302.348784
-24.869596,19,9302.438504
43.199458,27,9302.549332
187.822831,23,9302.645368
-159.268049,37,9302.812722
-31.098256,20,9302.892658
-42.728155,37,9303.059264
-128.816865,19,9303.142911
-152.614288,37,9303.295864
-21.491225,36,9303.454625
-260.89982,37,9303.619891
-127.06285,19,9303.708031
155.303789,46,9303.907153
-126.14805,36,9304.055689
95.858691,36,9304.222613
-29.570834,20,9304.319692
-581.069655,83,9304.65997
-30.038767,20,9304.740866
-32.102366,21,9304.826159
-102.281133,30,9304.957921
-130.845128,20,9305.044485
-139.52135,22,9305.139346
-164.016336,27,9305.25115
-36.751078,21,9305.341401
-128.954652,19,9305.421078
-51.756681,26,9305.524309
-89.275226,46,9305.722064
-39.242604,23,9305.821067
31.00439,52,9306.04904
53.17053,24,9306.152772
-75.782932,30,9306.275273
-52.12823,25,9306.376719
66.985648,21,9306.46386
-219.186644,33,9306.601161
-43.205022,23,9306.712277
-61.276793,27,9306.823896
74.740242,20,9306.904629
138.929761,91,9307.293323
-559.209641,101,9307.727239
-24.903483,20,9307.815814
-40.10053,21,9307.90606
-24.2854,20,9307.990639
46.540131,26,9308.105573
-79.57097,30,9308.229682
-24.60715,19,9308.313111
-36.39998,22,9308.40408
-376.080054,68,9308.682027
183.107368,20,9308.762453
-81.730588,29,9308.887308
237.876023,37,9309.042714
-129.957089,20,9309.128926
73.577419,23,9309.224294
-30.541719,20,9309.306973
-144.892593,51,9309.514941
-98.007294,33,9309.657197
-1.853303,33,9309.945786
-102.37575,35,9310.09208
44.745221,25,9310.194613
-169.804956,29,9310.313907
18.971406,28,9319.873814
-96.480496,31,9320.223287
-30.481665,20,9320.486724
-667.797783,101,9321.117608
-211.046149,46,9321.356401
-247.623533,37,9321.512509
-90.399301,29,9321.632256
-149.151835,25,9321.747553
-256.189198,37,9321.908195
-130.179981,21,9322.000403
-245.729667,37,9322.163488
-129.435599,19,9322.244678
57.86304,26,9322.351382
-128.237444,20,9322.441983
-487.04702,65,9322.724475
-133.060238,47,9322.926355
-24.549039,20,9323.012623
-256.849422,38,9323.174614
-152.056035,25,9323.289388
86.816177,35,9323.436262
167.664549,21,9323.533649
-269.347162,37,9323.690372
-122.580507,52,9323.921296
-294.931023,43,9324.103329
-147.799982,37,9324.256269
-232.159098,36,9324.407916
-36.386015,22,9324.512028
-27.994736,20,9324.600478
49.20074,25,9324.717233
-2.480764,32,9324.849106
198.690928,20,9324.936625
-56.066632,25,9325.051318
-39.569399,21,9325.144142
59.714826,23,9325.238781
39.31503,26,9325.355848
203.937198,31,9325.493026
-250.995709,37,9325.645726
-31.006186,20,9325.730707
-69.673419,26,9325.840826
66.989858,21,9325.931925
-65.159138,28,9326.05512
65.673611,23,9326.15898
-34.551051,22,9326.25478
-154.371805,25,9326.361381
-67.693728,27,9326.474849
-79.490681,32,9326.608212
-135.299312,22,9326.707984
-96.947055,31,9326.838715
41.532336,38,9327.002791
47.48461,24,9327.100716
-91.78796,30,9327.230009
-239.292719,38,9327.38828
-57.357132,37,9327.545359
-152.066196,23,9327.64083
-127.060256,22,9327.729171
29.895672,27,9327.841034
-173.503966,29,9327.964145
174.22266,22,9328.055354
-600.819715,101,9328.471059
-128.621581,19,9328.551122
-169.990198,25,9328.656969
-52.338447,40,9328.825899
185.239232,22,9328.914735
-455.478832,64,9335.748658
-28.922417,20,9335.865156
-371.852871,58,9336.140277
-326.305294,46,9336.616511
-20.62851,19,9336.712948
-47.372074,24,9336.816885
-69.511199,27,9336.930999
-28.558102,20,9337.011633
-251.718029,37,9337.173289
-61.158864,26,9337.277285
-147.687823,37,9337.43413
-126.19441,36,9337.596372
-281.053208,42,9337.773821
-137.018604,48,9337.982786
62.165735,22,9338.074057
59.146551,23,9338.174892
-244.404193,37,9338.330726
-163.103802,40,9338.503314
-85.149993,32,9338.635878
-123.241469,46,9338.828233
-39.920532,21,9338.921727
55.301525,22,9339.013174
-244.325246,37,9339.168088
-27.674889,19,9339.248518
-131.205271,20,9339.331918
-445.735287,101,9339.788418
-246.70124,35,9339.943616
-107.665906,45,9340.136974
62.336485,22,9340.23525
-29.449469,20,9340.434285
-31.221265,21,9340.528607
58.565001,23,9340.62881
71.981111,20,9340.712646
-15.732949,33,9340.852401
-239.172913,36,9340.998316
-27.474637,20,9341.083989
-17.618678,20,9341.170641
-139.61283,52,9341.391204
26.422741,27,9341.50262
-21.905068,19,9341.585343
-23.784839,19,9341.671311
-45.467996,50,9341.883522
-644.045079,101,9342.30889
63.345483,43,9342.493906
-139.604498,36,9342.660752
-168.431297,46,9342.855758
-667.030297,101,9343.270816
-53.79182,36,9343.430025
-41.405123,21,9343.523926
63.729945,23,9343.624013
-24.669952,19,9343.703722
-202.236716,57,9343.959595
35.528472,28,9344.074264
-163.513206,39,9344.232887
68.684299,21,9344.320088
-32.135701,21,9344.410753
-128.18618,20,9344.50153
24.193884,28,9344.622448
-265.48698,37,9344.776389
-168.339329,54,9353.251738
4.475608,31,9353.43835
73.373582,21,9353.540231
-136.665831,22,9353.636805
162.371022,22,9353.730149
-127.449506,19,9353.808292
149.851757,25,9353.921594
-29.750542,20,9354.274445
-265.782219,37,9354.451332
-30.087769,20,9354.534936
-120.682809,20,9354.624272
-244.247679,37,9354.998883
-180.710664,31,9355.137471
-155.50122,27,9355.254532
-72.813952,29,9355.385933
-29.777458,22,9355.48175
-132.458549,22,9355.572482
67.426703,21,9355.659935
-315.367387,45,9355.848028
-41.055494,24,9355.952072
-131.454621,20,9356.041294
-32.27819,37,9356.204306
-244.925783,52,9356.440255
-22.922342,19,9356.523333
-132.515096,20,9356.608388
-218.423206,57,9356.853093
-36.924893,21,9356.943909
-132.963765,20,9357.028847
-35.166309,22,9357.118637
-71.791762,29,9357.24094
-99.613716,31,9357.371423
176.013917,20,9357.458238
-296.883671,45,9357.653077
-121.357716,18,9357.73379
-714.614321,101,9358.171807
-28.566085,20,9358.260772
-216.750357,62,9358.530021
-42.184625,45,9358.714012
40.770976,26,9358.821777
6.367656,32,9358.953385
-193.627666,30,9359.080968
115.062014,32,9359.216337
-36.853135,22,9359.307652
-136.602021,23,9359.40422
-204.837953,59,9359.643599
-15.288187,19,9359.725164
-79.274467,29,9359.85642
43.686919,24,9359.957647
5.216218,31,9360.087828
-340.96047,52,9360.307486
32.726027,26,9360.419756
-291.975964,48,9360.618681
-20.062557,19,9360.696973
-406.362937,87,9361.059917
-29.177064,20,9361.148589
-125.035989,36,9361.299778
-140.634564,37,9361.461882
-28.942166,20,9361.547609
-299.168443,77,9361.868722
23.692067,28,9361.98492
-126.191026,19,9362.059738
-32.85986,21,9362.143914
-29.361156,20,9362.222891
-263.521964,51,9362.442036
-22.378669,19,9369.035708
-270.601197,37,9369.356139
-138.310229,21,9369.444171
-23.444455,20,9369.525856
-260.70583,37,9369.691749
-78.853871,29,9369.816742
-29.124078,20,9369.90959
-260.622771,37,9370.063774
-133.473813,20,9370.148001
-28.629,20,9370.231781
-389.086819,51,9370.448339
-23.737014,35,9370.59647
-279.342373,42,9370.775012
-26.785853,20,9370.857886
162.467708,22,9370.948426
-25.799351,19,9371.031586
131.486412,31,9371.16312
-114.084127,32,9371.577258
66.939526,22,9371.684632
-261.174512,37,9371.865146
-199.892985,35,9372.021419
-61.694956,27,9372.142503
-272.804912,53,9372.391967
69.220196,21,9372.486039
-497.931596,72,9372.816271
-17.005413,18,9372.890523
-588.075749,101,9373.323905
-16.324833,20,9373.409744
106.917039,31,9373.540468
-141.19827,37,9373.692044
-122.035415,35,9373.838117
-263.271803,38,9373.999069
-270.047997,37,9374.16099
-165.172186,28,9374.27658
40.438618,26,9374.393859
-288.358695,85,9374.820305
194.848424,35,9375.086419
201.289338,30,9375.353492
-20.465351,19,9375.49928
53.45261,24,9375.673102
-134.636965,36,9376.037167
-74.134297,60,9376.794787
-134.910098,20,9377.037967
-148.874889,23,9377.338564
-127.430219,51,9378.006553
-32.067654,21,9378.247218
-62.45566,37,9378.632458
-246.770963,75,9379.474214
-45.377593,22,9379.793518
-169.033109,25,9380.033382
-117.565703,46,9380.427288
0.171752,35,9380.633056
1.888963,48,9380.84048
-95.412043,45,9381.039045
39.831297,25,9381.152343
-164.024059,40,9381.322577
-2.005387,31,9381.460769
-54.85788,26,9381.57199
-62.030809,37,9381.74456
45.793565,24,9388.571612
14.772942,29,9388.763172
-31.398446,21,9388.863836
-129.840122,54,9389.408467
-35.144579,22,9389.513143
-25.588495,19,9389.591099
-197.538665,43,9389.774851
-17.878322,19,9389.860229
-23.771444,20,9389.942792
-30.524486,20,9390.027754
-34.868839,21,9390.136006
-238.149354,38,9390.309864
-53.132648,25,9390.421716
62.52085,22,9390.513225
-159.492232,25,9390.61848
-24.587581,20,9390.701477
-29.206267,21,9390.790451
13.22832,35,9390.933493
-24.943239,19,9391.019296
-26.277148,20,9391.102089
-11.281894,33,9391.243862
-85.680587,29,9391.366147
-230.223032,37,9391.519799
-43.069166,23,9391.61609
83.285084,20,9391.702124
70.529136,21,9391.797153
-39.960673,21,9391.885884
-189.859334,42,9392.063962
209.891378,25,9392.172986
61.224522,22,9392.267449
-59.550162,44,9392.456002
-385.478717,101,9392.88516
-25.836699,19,9392.963139
196.010249,20,9393.047737
157.050919,23,9393.146647
-134.806503,21,9393.239807
-308.282163,45,9393.435035
-156.731773,38,9393.593617
-245.252559,37,9393.91367
-34.622178,22,9394.009115
35.845226,28,9394.121293
60.622705,23,9394.229534
-162.97878,28,9394.351793
-237.317807,48,9394.558666
-331.859572,50,9394.773593
-298.235783,41,9394.937656
-58.824743,40,9395.109369
56.223059,23,9395.209615
87.356526,52,9395.439442
-179.3165,28,9395.558989
-33.845617,22,9395.649477
-24.571044,20,9395.735412
-162.467501,37,9395.893551
126.976234,27,9396.01972
-204.539557,43,9396.198107
-202.08977,45,9396.384612
-252.475941,37,9396.549403
-56.564757,38,9396.71438
58.289988,22,9396.809096
-158.404773,61,9397.070149
-62.5202,39,9397.237138
-84.736144,29,9397.364403
-21.438285,19,9397.444386
67.958881,21,9397.533255
-22.861224,19,9397.6133
-266.726428,37,9397.771377
-29.894248,20,9397.853913
-123.980479,19,9406.787477
-30.368079,20,9406.912993
-179.811981,53,9407.470831
-246.554672,37,9407.640664
-264.614056,45,9407.835616
-45.933199,24,9407.935092
-108.107491,33,9408.074409
-27.306041,20,9408.16654
50.994788,24,9408.275403
-18.58667,32,9408.421664
-37.543195,22,9408.511835
-24.271493,19,9408.596463
-111.983064,33,9408.737039
24.514048,29,9408.861217
50.800785,23,9408.958219
-32.330678,22,9409.053005
22.6002,27,9409.162646
-28.038234,20,9409.24942
-178.750838,41,9409.420409
-142.59509,50,9409.646735
49.421882,25,9409.761117
-29.826561,20,9409.841819
-162.731717,25,9409.946153
-16.621044,39,9410.124907
-243.543972,37,9410.329428
-26.749485,21,9410.431477
213.092417,19,9410.525767
-25.75888,20,9410.626384
-0.283277,35,9410.798506
25.95607,27,9410.930302
-29.303585,20,9411.021517
164.13294,36,9411.194113
-136.796909,37,9411.356392
165.493524,21,9411.454359
-100.269842,65,9411.736809
164.667562,21,9411.830307
-59.881147,26,9411.938105
-256.365738,65,9412.211073
-134.316045,20,9412.299947
26.289106,29,9412.427155
-62.724551,26,9412.535841
-52.571576,38,9412.702876
-25.832985,19,9412.78594
71.95129,20,9412.876514
-250.115902,37,9413.033212
-185.112231,31,9413.169239
-80.370259,30,9413.293459
-249.96015,37,9413.448746
180.02774,35,9413.591725
-25.659759,19,9413.677898
44.035583,26,9413.794716
-27.04758,20,9413.877604
50.392151,23,9413.975424
-266.005992,37,9414.131252
-167.580679,39,9414.295387
72.07865,20,9414.380472
-274.80932,41,9414.555986
-30.726907,20,9414.634644
-25.096454,20,9414.725994
-154.961095,37,9414.888872
-76.5197,47,9415.0851
-129.090376,19,9415.162685
-129.141593,19,9415.240002
-85.892479,29,9415.364352
-54.636737,37,9415.514877
-24.769146,19,9415.593282
58.00567,36,9415.746136
-161.492665,39,9415.90603
-159.157999,26,9416.018858
-21.813889,19,9422.976102
234.666908,28,9423.156162
48.605676,26,9423.27845
41.486838,25,9423.401156
-262.145728,37,9423.676284
-33.582451,21,9423.768992
153.040554,27,9423.885719
-130.43971,20,9423.972968
-36.025601,21,9424.064053
217.339097,44,9424.255172
67.758567,21,9424.671821
-238.884491,36,9424.84765
165.843381,24,9424.951555
-158.175053,39,9425.120952
-55.167,25,9425.238953
9.995721,31,9425.386406
166.541514,22,9425.481782
-139.101451,22,9425.570852
-154.656813,25,9425.679829
-150.818535,38,9425.840046
-111.454582,44,9426.032673
-81.773596,41,9426.215536
-29.909005,20,9426.305684
-158.430893,55,9426.541539
295.221206,35,9426.691115
-123.027516,19,9426.784901
57.149187,23,9426.878211
-23.223318,19,9426.956442
-30.9352,20,9427.040422
-115.99749,46,9427.238369
-245.034912,37,9427.391445
-267.173195,65,9427.667231
39.137164,26,9427.775968
-29.661045,20,9427.864243
-36.791742,22,9427.950628
-28.364921,20,9428.034118
138.754613,25,9428.142513
-27.92237,20,9428.226146
-130.013226,34,9428.363871
-176.476077,55,9428.60136
-78.233883,30,9428.727882
-22.962106,19,9428.80463
64.540726,22,9428.899439
-127.058201,19,9428.984972
-220.097303,37,9429.147634
112.625688,42,9429.41917
-42.045712,23,9429.593201
-231.365684,48,9429.930449
56.039887,25,9430.12072
74.284177,61,9430.765316
-29.57495,20,9431.003621
65.139659,21,9431.232996
-72.40867,28,9431.527507
14.771329,31,9431.858854
-50.859255,24,9432.133599
-261.043561,37,9432.567022
-125.422595,19,9432.78471
-166.627515,26,9433.1629
-333.475863,101,9434.471497
-7.521521,31,9434.825749
-177.555055,28,9435.176568
321.851033,29,9435.436039
-317.167793,48,9435.718028
-26.412268,19,9435.79704
59.383138,23,9435.89437
-249.361652,37,9436.056182
-140.711339,34,9444.026504
-103.911388,44,9444.243183
-72.497716,27,9444.357004
-158.768983,41,9444.523955
-30.094852,20,9444.606969
-144.826404,25,9444.70998
-702.983271,101,9445.142463
162.481484,40,9445.320207
-40.18861,37,9445.47781
-176.143659,40,9445.653158
-62.042969,37,9445.813071
58.471916,43,9445.995387
-51.70751,23,9446.097069
-45.278044,23,9446.191918
-109.571996,45,9446.377101
-24.861022,19,9446.459003
-357.115231,61,9446.718237
-29.005613,22,9446.814474
-29.364798,20,9446.902434
-186.02253,29,9447.024206
-145.34627,36,9447.176867
-60.516917,27,9447.285942
-111.484628,45,9447.485423
-47.489608,38,9447.642982
51.522546,24,9447.744874
-252.578345,37,9447.903016
-34.969549,23,9447.999042
-178.447327,27,9448.107876
-77.582046,27,9448.217578
-374.074399,54,9448.444523
66.124728,21,9448.529731
-264.537752,37,9448.686356
-20.052205,33,9448.822422
-52.155047,52,9449.16989
154.583538,24,9449.273623
-213.125011,45,9449.473064
-30.268832,20,9449.5623
-25.976194,19,9449.640552
-28.734385,20,9449.723243
262.08719,23,9449.821686
-156.65403,41,9449.995018
-163.963792,37,9450.153972
-394.011111,83,9450.505512
-51.84121,26,9450.614357
-32.039731,21,9450.707248
113.897975,29,9450.832721
160.895824,23,9450.929145
-219.874156,32,9451.060294
-25.662321,20,9451.142845
35.264141,27,9451.270001
-3.216343,32,9451.40526
-295.962929,44,9451.609772
64.975239,22,9451.706699
208.158668,20,9451.813393
60.593901,22,9451.921808
-141.595473,21,9452.010695
-68.07952,43,9452.18813
-218.115219,33,9452.324535
-275.446774,63,9452.585811
-317.250385,60,9452.844038
-319.889678,48,9462.312533
67.148402,22,9462.423117
-123.547949,48,9462.621493
349.954531,25,9462.726585
64.281597,22,9462.81668
-39.246833,22,9462.911568
-27.390479,20,9462.998063
-135.35044,20,9463.080198
-139.354234,36,9463.240966
163.31572,22,9463.329783
-168.963279,42,9463.504603
-61.176366,29,9463.631872
49.639886,24,9463.735695
-414.269224,101,9464.15463
-20.534418,34,9464.288229
-10.889859,19,9464.369687
65.269397,21,9464.461342
47.458217,25,9464.563539
-267.085624,37,9464.738595
-144.932854,34,9464.880006
54.342056,22,9464.972519
-75.142199,31,9465.104814
-181.513224,46,9465.304464
57.76638,24,9465.404681
-31.557082,20,9465.485017
-271.31655,37,9465.634783
161.664404,22,9465.72568
-34.611861,22,9465.82358
-28.094839,20,9465.906038
-408.264509,101,9466.323868
70.117626,20,9466.40429
-19.009513,50,9466.611468
-150.392583,24,9466.707981
-125.45608,21,9466.80173
-38.226652,37,9466.955245
153.568387,24,9467.055922
-36.117555,22,9467.149626
-30.0665,20,9467.234214
-53.121018,26,9467.339991
-124.423599,48,9467.533336
-52.018951,24,9467.643008
-29.499797,20,9467.72494
182.344625,21,9467.814879
-132.401993,37,9467.969576
-44.848566,22,9468.055226
-55.376784,25,9468.154944
-39.654287,23,9468.249404
-72.613492,29,9468.365512
-30.932476,20,9468.447522
-170.577301,62,9468.696815
277.028168,25,9468.799116
-174.721044,44,9468.990033
-222.716007,63,9469.251835
-162.688028,37,9469.403547
-135.569784,20,9469.480879
44.43625,24,9469.581663
60.246194,23,9469.67608
-158.653737,43,9469.855863
-36.670307,22,9469.946596
-31.316811,21,9470.032216
-27.547051,19,9470.114686
75.845373,39,9470.276512
-375.81721,66,9470.620453
65.494927,21,9470.745353
-132.474859,20,9478.092887
294.07881,36,9478.311594
-126.793069,20,9478.471661
-42.189441,22,9478.809779
-51.20192,23,9478.910552
56.520506,24,9479.013007
16.867561,29,9479.13466
157.644607,24,9479.237695
-71.897864,84,9479.705148
32.216444,33,9479.863844
-129.02552,19,9479.950133
-37.490047,22,9480.039193
-130.346152,20,9480.119908
-42.683172,22,9480.217594
-22.188255,19,9480.297113
-122.89213,39,9480.456115
370.367183,25,9480.559665
-34.705159,23,9480.661131
45.891204,25,9480.769849
-119.491152,20,9480.854752
-26.018288,19,9480.929439
51.598716,24,9481.031186
46.257151,26,9481.143839
-35.100468,22,9481.230555
-174.641995,39,9481.402417
-31.086361,21,9481.490088
-29.886292,20,9481.568617
-266.845615,37,9481.721605
264.642541,22,9481.817338
-24.208701,34,9481.957985
-24.061114,19,9482.036473
-268.206007,37,9482.183025
360.377573,23,9482.282291
-447.166431,101,9482.701196
-270.524843,37,9482.848567
-3.290698,34,9482.991731
-183.925955,55,9483.217386
-149.130256,37,9483.388681
-240.017613,35,9483.532114
167.086065,22,9483.627195
64.210567,22,9483.718178
-34.059547,21,9483.806217
-29.550397,20,9483.890883
72.2196,34,9484.036163
-3.195587,32,9484.17059
-26.261219,21,9484.25555
-120.874988,18,9484.329851
171.897236,21,9484.423549
-3.625738,33,9484.56875
-393.550324,83,9484.93618
-146.348341,37,9485.146622
-56.437383,37,9485.345373
-52.780622,25,9485.520249
-10.665137,19,9485.696112
-60.496803,27,9485.930935
-44.369523,22,9486.120553
-45.171802,22,9486.344602
-27.345616,19,9486.472691
-39.016856,23,9486.688488
61.807425,22,9486.942608
-69.22776,28,9487.216226
-182.876772,42,9487.583112
163.572252,22,9487.737758
-138.882022,21,9487.88058
-337.25568,92,9488.592494
155.53105,38,9488.842332
267.500928,23,9489.016928
-27.698614,20,9489.123747
-246.838026,37,9496.927804
-119.395238,19,9497.014501
-208.068994,46,9497.209249
80.587552,19,9497.290532
-163.847083,40,9497.470209
27.133261,27,9497.581095
-30.942093,21,9497.669632
-44.75635,22,9497.756496
-38.749931,24,9497.856824
61.036347,23,9497.956919
148.45017,30,9498.079438
-202.548151,51,9498.290912
37.282587,27,9498.399895
-32.521337,21,9498.49089
-303.962688,56,9498.72844
-146.806704,37,9498.88448
-88.128967,28,9498.9983
-24.466826,19,9499.072731
65.028434,21,9499.161603
55.299003,24,9499.263406
-127.503976,19,9499.341518
-84.904181,31,9499.468524
-31.937523,21,9499.552173
356.155299,24,9499.650426
-191.672961,42,9499.823326
44.749004,25,9499.921663
-55.135778,27,9500.035702
-128.588679,19,9500.114836
182.067671,45,9500.306971
69.485602,21,9500.395585
-27.731117,21,9500.478927
-29.675053,21,9500.566664
-30.905837,20,9500.65039
-153.51877,36,9500.795458
-260.778444,37,9500.984847
-200.628131,35,9501.137789
-255.422677,37,9501.290013
-40.519635,22,9501.377105
66.378264,21,9501.463262
-163.158954,39,9501.624323
-250.835331,37,9501.771803
163.023284,23,9501.871343
140.642044,26,9501.973594
67.990558,21,9502.058899
-196.999782,31,9502.188993
-73.997933,41,9502.494167
-273.982421,37,9502.641344
-118.316129,56,9502.869769
-170.474988,26,9502.982021
-92.216549,31,9503.115731
-186.201667,30,9503.241348
-465.335591,101,9503.662229
-113.106347,19,9503.738975
-133.839369,20,9503.821886
-16.303099,35,9503.967592
37.351888,26,9504.07384
-122.42096,20,9504.155058
-157.64522,38,9504.313286
62.163802,22,9504.40523
-58.903836,25,9504.509969
-88.820038,30,9504.633369
72.283161,20,9504.71239
-160.654214,39,9504.874679
-152.393308,37,9505.031458
-42.891052,24,9505.133401
-145.696736,37,9505.289129
-250.05954,36,9505.445394
-373.389912,80,9515.153038
-132.21459,20,9515.233128
-117.047043,18,9515.302727
-124.275498,47,9515.505676
49.761503,23,9515.600187
-11.576648,18,9515.680973
57.125994,23,9515.781291
-30.408159,20,9515.862259
-647.02042,84,9516.428381
-93.781072,56,9516.699442
-128.877108,20,9516.780481
-125.083408,19,9516.861673
-147.289737,37,9517.014629
-117.236779,18,9517.091306
121.499937,31,9517.219888
-19.387035,20,9517.303935
-24.4595,21,9517.395414
-46.812324,25,9517.503032
-151.083157,41,9517.679905
49.873996,24,9517.777944
165.139771,22,9517.874021
-165.537709,37,9518.02811
-67.062225,39,9518.190742
-298.092714,58,9518.446713
-21.331091,33,9518.580223
-128.126861,19,9518.657469
-40.297171,23,9518.748974
-22.247837,20,9518.839173
-144.414503,51,9519.048939
54.066973,24,9519.148219
-26.400042,19,9519.229257
-30.846166,20,9519.312215
-54.621787,26,9519.428738
-96.776655,44,9519.637704
55.745385,37,9519.792582
18.348643,28,9519.908938
-61.821693,37,9520.06069
-28.640852,20,9520.135734
52.117105,24,9520.241809
-184.345215,27,9520.353808
36.972195,27,9520.472955
-29.800908,20,9520.555426
-146.545537,22,9520.647403
-46.692271,24,9520.74623
-25.456026,20,9520.826847
-167.415924,28,9520.9373
-51.206119,26,9521.046585
-11.483907,32,9521.183394
-51.261795,25,9521.28565
-129.819384,20,9521.373127
-179.354018,42,9521.549937
-281.076305,43,9521.728695
-29.647569,20,9521.813479
77.805946,19,9521.895836
-29.044255,20,9521.979466
-64.117084,27,9522.097422
-137.55677,35,9522.241376
315.459003,35,9522.381945
54.215795,22,9522.474216
-407.471643,101,9522.894539
47.446348,25,9522.999488
-140.842407,42,9523.171718
320.399461,29,9523.296343
-308.128366,45,9523.480094
-166.599234,40,9523.651248
-119.779242,33,9530.676807
-59.600176,27,9530.832243
-119.381415,20,9530.919496
-135.432255,37,9531.074374
155.58836,50,9531.282346
65.655011,22,9531.377307
-130.535868,22,9531.468384
54.428996,37,9531.623045
63.331319,21,9531.709632
-25.535078,20,9531.790832
-56.864241,27,9531.909214
-29.380386,20,9531.989361
-78.02346,30,9532.615364
-150.97543,38,9532.779195
-114.241741,52,9532.997995
-254.551338,57,9533.239067
-123.682086,37,9533.389571
73.862011,20,9533.478014
-25.399082,19,9533.555584
66.289211,21,9533.643921
-51.716059,24,9533.760141
62.482601,35,9533.902123
-475.820969,101,9534.322248
-124.401744,20,9534.410246
-355.70652,98,9534.81134
-24.991449,19,9534.891403
-36.094538,22,9534.995501
-129.019253,19,9535.077842
-315.963939,49,9535.285887
-56.439187,26,9535.396655
36.149674,28,9535.514008
75.407132,20,9535.607102
-420.711691,101,9536.051497
-119.083462,37,9536.214116
-7.09915,32,9536.349646
-147.787572,37,9536.516344
-39.046943,23,9536.608433
-107.472191,32,9536.741878
-34.150407,22,9536.840775
56.16351,23,9536.93975
-33.04039,20,9537.027227
-92.811321,31,9537.155665
77.554016,19,9537.237153
73.416253,20,9537.322708
-59.37711,26,9537.432349
-61.241013,27,9537.548818
-160.282587,37,9537.704529
150.390587,25,9537.814253
-39.239856,21,9537.915594
-31.810338,20,9538.040633
23.120545,28,9538.206198
-43.536317,24,9538.400238
-301.850337,101,9539.19769
-266.279861,37,9539.465111
-379.504638,80,9540.18145
-179.719899,47,9540.419305
-127.989044,19,9540.503134
-28.088481,20,9540.592054
-164.9502,26,9540.702695
-77.519903,48,9540.906181
-28.642359,35,9548.160486
-40.247999,22,9548.273424
32.66202,27,9548.396603
74.905854,20,9548.477944
-481.829794,70,9548.776433
120.859501,33,9548.914261
34.449878,28,9549.041456
154.985126,23,9549.139297
133.126166,26,9549.254057
-84.03413,29,9549.373712
-105.298957,34,9549.517906
4.718744,47,9549.712573
-287.28805,42,9549.890562
52.987712,22,9549.981952
-206.112105,35,9550.134986
-51.854226,24,9550.243391
-204.074458,31,9550.374583
-61.636408,39,9550.543757
64.298058,22,9550.635495
22.253649,30,9550.769633
-156.391151,24,9550.87707
-180.035798,30,9551.004617
-84.946847,31,9551.134641
-36.347975,22,9551.229298
-65.746158,27,9551.34431
-51.256602,25,9551.450547
-31.797401,39,9551.620829
76.529027,19,9551.698181
-42.074942,23,9551.795515
70.447238,21,9551.89424
70.451976,21,9551.981554
51.696292,24,9552.082906
-126.781525,19,9552.158872
-250.592056,37,9552.313519
132.938408,27,9552.429506
-0.523935,33,9552.568309
-127.789718,19,9552.648899
-471.981956,101,9553.079992
-26.779021,19,9553.159903
-28.720443,21,9553.246851
-30.549446,20,9553.329534
-110.103522,58,9553.583397
-53.578639,26,9553.693691
-106.510077,33,9553.836941
-143.412316,36,9553.997422
-496.185734,83,9554.46601
71.047511,20,9554.550993
-127.261231,19,9554.632956
-94.434499,31,9554.764011
-67.141708,26,9554.870724
-120.211415,35,9555.015878
-120.533451,19,9555.096782
87.003406,33,9555.233967
-262.23068,37,9555.395511
-181.472713,28,9555.518889
-23.908007,36,9555.667134
-75.482495,27,9555.779811
-143.503473,37,9555.93598
40.938246,26,9556.048736
-83.065032,31,9556.179966
-32.219508,21,9556.266599
-153.202967,39,9556.433234
-151.470353,37,9556.588736
-124.482832,19,9556.667546
52.867838,24,9556.767249
-125.846537,19,9556.848095
32.737121,88,9565.657535
33.23699,27,9565.780265
-132.59093,35,9565.930379
-154.423338,53,9566.156902
-185.492561,31,9566.296096
-25.583211,19,9566.379689
31.072267,27,9566.597964
168.491612,21,9566.901161
-134.739094,70,9567.196132
44.275618,26,9567.307887
-162.024748,26,9567.425283
-326.380271,50,9567.638635
-23.011327,19,9567.721207
-67.712589,28,9567.840902
-258.482251,38,9568.003668
-24.547384,19,9568.086955
-1.825341,31,9568.219422
-81.617565,52,9568.439275
-45.911328,47,9568.633294
-27.397799,20,9568.721732
-294.912671,44,9568.909062
-748.501678,101,9569.326232
-135.157432,20,9569.416642
-30.620506,22,9569.512086
-37.912066,22,9569.603879
64.792121,22,9569.697547
-30.05089,20,9569.777837
-170.128796,26,9569.885184
-170.964034,27,9569.996583
-206.302085,32,9570.13338
-521.457275,101,9570.565411
-23.888581,19,9570.644461
-19.340377,20,9570.728685
236.207317,39,9570.902026
-47.717758,41,9571.083703
-16.585455,19,9571.170399
66.665358,22,9571.268591
-19.058521,19,9571.349547
58.778123,23,9571.448822
-22.642307,19,9571.531991
-89.130466,31,9571.660497
-175.709733,41,9571.822237
-28.548389,20,9571.911256
22.830233,27,9572.023412
155.051861,23,9572.118783
-405.002735,63,9572.372002
5.566912,30,9572.494867
-161.012682,37,9572.6467
-82.727494,29,9572.766886
-30.515324,20,9572.842698
-321.419876,61,9573.099485
46.185882,26,9573.209691
-261.967393,56,9573.442035
-64.163929,25,9573.549125
-95.828699,33,9573.702665
71.256782,20,9573.787409
37.818746,27,9573.904399
-49.261465,24,9574.006362
-43.315258,23,9574.101926
15.181865,29,9574.220653
-30.263807,20,9574.301015
-128.274749,19,9581.572166
-38.664223,21,9581.720912
-1.302145,34,9581.89407
-259.105856,37,9582.061068
-142.687802,24,9582.194106
-266.560827,37,9582.366093
-51.709671,23,9582.462316
-94.53548,66,9582.744901
-153.26533,44,9582.926909
-20.104353,34,9583.069252
-29.39553,20,9583.151872
147.386899,23,9583.246147
26.143006,30,9583.370169
-52.974349,38,9583.641942
38.823669,27,9583.75602
-129.978176,19,9583.837631
29.833172,27,9583.946249
88.331965,39,9584.10866
30.475087,27,9584.221246
-1.204601,53,9584.753583
-221.920209,45,9585.041582
-493.751797,87,9585.392649
29.487559,28,9585.513347
67.522819,21,9585.599458
-257.297347,40,9585.765294
-72.497559,27,9585.87419
-171.385471,26,9585.984076
147.804768,23,9586.080845
-126.864334,19,9586.16273
-241.510106,36,9586.328808
-142.816704,51,9586.539794
70.544345,20,9586.623507
-125.877936,34,9586.763051
33.671044,27,9586.889768
-158.628628,39,9587.05704
159.610792,22,9587.147654
-23.930461,19,9587.228442
-133.100138,20,9587.311441
-128.356213,19,9587.391212
21.143283,29,9587.511892
-266.326854,37,9587.667255
-250.65768,46,9587.869511
-129.833406,19,9587.947947
47.302724,26,9588.056482
-53.492357,25,9588.162136
-47.283353,24,9588.262973
-251.958029,37,9588.41122
-122.513118,21,9588.50145
-244.565477,35,9588.645301
-356.363111,85,9589.005479
-125.138371,19,9589.104853
-32.147186,22,9589.232502
-26.850122,19,9589.338908
56.27685,24,9589.523586
-25.503718,20,9589.689801
-42.210043,22,9589.907614
-248.069159,37,9590.283294
-126.433249,19,9590.448591
-42.845031,23,9590.641435
-145.109114,36,9591.03178
-41.514951,22,9591.457892
-46.167254,22,9591.741569
-26.873676,19,9591.901617
37.78186,26,9592.062867
-24.03556,19,9592.171872
-191.08724,53,9592.49813
4.345874,30,9599.994606
-58.027932,26,9600.187728
71.565035,20,9600.291595
-150.788448,43,9600.486645
40.217626,26,9600.595263
-57.320291,27,9600.708827
-136.581988,20,9600.80179
-93.562756,31,9600.934013
-24.76443,19,9601.014482
-125.815878,21,9601.105525
-113.563149,43,9601.280985
-259.124577,44,9601.45805
70.018472,21,9601.571467
-141.394633,23,9601.67208
-34.228796,22,9601.77609
-268.041054,37,9601.934196
-127.418674,19,9602.018275
-309.914577,43,9602.193505
-246.498625,37,9602.35328
48.800492,25,9602.457114
-127.036261,19,9602.532896
-116.854023,18,9602.606729
-54.368456,23,9602.998368
-228.97705,49,9603.262962
-24.068535,19,9603.356533
170.467735,21,9603.463775
-29.807795,20,9603.546717
-115.298671,18,9603.620243
-16.460529,49,9603.848493
-153.471967,25,9603.957343
-304.359953,43,9604.134716
-74.437482,29,9604.257819
-90.44025,31,9604.390219
-34.085508,35,9604.538197
-263.712717,39,9604.691256
-142.111625,36,9604.844013
39.861805,26,9604.951751
-24.138932,20,9605.04306
-38.497424,37,9605.202937
-399.601518,101,9605.619559
-192.834121,59,9605.87091
69.302268,21,9605.957707
67.312115,21,9606.047054
63.673644,21,9606.136312
105.03009,24,9606.2444
-26.941182,21,9606.343099
-34.38208,24,9606.448275
-204.035754,32,9606.581948
-187.309771,29,9606.708138
-128.069965,19,9606.792299
22.373335,51,9607.122808
61.991127,22,9607.218687
-182.44103,70,9607.517378
-254.637298,40,9607.690687
59.972371,42,9607.870145
-30.242954,34,9608.019887
-82.186601,30,9608.148278
-115.693385,32,9608.285027
-125.543325,19,9608.368965
-57.981363,26,9608.4831
-79.981268,44,9608.673442
43.540233,37,9608.829793
-134.403033,20,9608.913684
-124.140274,38,9609.072565
-250.464113,37,9609.233162
69.041572,21,9609.321528
-270.551715,65,9617.865771
62.838123,22,9617.959811
-102.399405,32,9618.09704
155.641511,24,9618.200603
-45.937672,22,9618.29533
-396.795273,79,9618.638815
81.665697,19,9618.718256
-111.427444,36,9618.872004
63.858565,22,9618.97388
-134.513586,20,9619.059046
54.104475,37,9619.220759
-142.235525,24,9619.319351
265.566128,22,9619.413378
-122.779836,18,9619.491437
-104.197364,33,9619.635103
-130.126126,19,9619.722168
-63.696375,26,9619.844158
-220.904077,46,9620.046348
-67.047063,45,9620.236736
-297.625554,43,9620.417294
-467.556683,101,9620.839606
-30.107919,20,9620.916862
-117.592918,18,9621.099828
-122.461413,19,9621.358044
-255.727649,37,9621.557381
-164.043202,40,9621.735084
-51.068447,24,9621.839655
34.557532,27,9621.96055
-133.45851,37,9622.121883
-68.882557,39,9622.283308
260.822322,22,9622.371654
-223.281935,45,9622.567984
-69.973817,40,9622.737205
-49.068732,26,9622.846266
19.020137,30,9622.974473
-32.607608,21,9623.065118
-73.382667,28,9623.178159
-163.409298,40,9623.352244
53.701369,23,9623.450044
-253.802265,37,9623.606757
-42.898511,23,9623.705875
-248.622825,37,9623.868557
-312.973413,46,9624.071135
-46.279541,22,9624.162294
27.700867,28,9624.282729
-164.016758,39,9624.443398
-47.887906,24,9624.544387
-156.625194,37,9624.69993
-80.328382,42,9624.871351
-29.812497,20,9624.953667
-212.842494,39,9625.121165
-297.643076,42,9625.296127
-127.556445,19,9625.371324
98.452828,38,9625.535628
-14.411525,19,9625.62596
-27.999488,20,9625.715969
-150.082364,41,9625.889156
-213.592673,31,9626.023759
38.566626,24,9626.121604
-28.488418,20,9626.206856
-94.534255,31,9626.339459
-35.391295,22,9626.432002
-121.636922,36,9626.585274
-29.378623,19,9626.664583
-42.729409,37,9633.347164
-254.853911,39,9633.538993
-276.851195,41,9633.712659
-37.35838,23,9633.809657
-121.511576,53,9634.037815
-270.799023,39,9634.201588
-197.375133,33,9634.334684
146.081448,25,9634.43462
-22.124783,19,9634.517789
-97.348138,48,9634.728432
-90.716181,31,9634.859376
-226.634801,35,9635.019547
-291.700648,60,9635.276978
-23.654952,19,9635.358721
-273.807262,41,9635.532071
-29.08227,19,9635.707364
-28.667845,52,9635.930548
-50.105785,23,9636.030074
163.537091,22,9636.127948
-168.263082,26,9636.24109
-615.295147,101,9636.668003
-25.698571,19,9636.74711
-241.472929,37,9636.908595
40.451405,25,9637.016985
71.023151,20,9637.1025
-256.164356,37,9637.259793
-77.870923,30,9637.395208
-165.401343,57,9637.631529
-250.566999,38,9637.795619
-39.515905,24,9637.896097
-149.927182,43,9638.0787
-156.816189,91,9638.462285
-105.827857,36,9638.939592
-30.945008,23,9639.044972
-29.414968,20,9639.124399
-132.354419,35,9639.281275
-186.623779,28,9639.408241
-65.128769,29,9639.558402
-33.540849,20,9639.641483
64.415337,22,9639.74044
-143.187212,24,9639.84578
-46.903305,22,9639.94853
18.767711,29,9640.071347
-191.3712,44,9640.258379
-196.110383,32,9640.388923
-142.142794,36,9640.545212
-394.110452,88,9640.92108
-172.565927,40,9641.107579
-1.648044,34,9641.391893
71.597468,20,9641.5346
-125.713609,19,9641.662711
-114.674046,18,9641.781218
-289.505737,42,9642.122952
-279.66268,41,9642.580073
-23.375374,19,9642.753468
-390.623264,75,9643.478249
58.147487,23,9643.626419
-103.68983,36,9650.454666
-328.589921,47,9650.719548
-61.763763,26,9650.833011
134.648139,28,9650.963705
39.220912,26,9651.075325
-179.241827,45,9651.274698
-174.249759,41,9651.458303
-32.452111,20,9651.540808
-27.098455,20,9651.622728
-35.182374,60,9651.878074
-43.148883,39,9652.045363
-29.02035,21,9652.136766
-105.914614,33,9652.276621
-196.745489,43,9652.463576
54.509202,22,9652.559584
47.726848,25,9652.66599
-196.614042,44,9652.856706
-26.360137,21,9652.946974
-166.312294,26,9653.057313
-100.297727,32,9653.189968
66.960614,20,9653.274819
38.784799,26,9653.385575
-246.396226,37,9653.533273
-33.144181,38,9653.69711
-157.498206,37,9653.844446
-207.774096,44,9654.029301
-40.631116,22,9654.12827
-353.64782,51,9654.344616
-26.792094,19,9654.424691
32.13638,28,9654.542812
-129.227075,19,9654.621815
42.281139,24,9654.721744
-131.656916,20,9654.804558
71.158311,20,9654.887416
159.567722,24,9654.987753
-126.614467,21,9655.077123
110.001644,28,9655.200896
-79.659143,41,9655.373586
-43.543066,25,9655.484853
-36.311153,23,9655.58318
43.700754,25,9655.689998
-19.044055,38,9655.84538
-249.948154,37,9656.007079
264.896707,22,9656.10098
-129.092528,19,9656.184056
-29.770323,20,9656.273822
-34.157661,41,9656.74762
-165.587573,29,9656.925106
-73.697937,52,9657.167819
-158.596217,38,9657.337608
159.750643,22,9657.435059
-146.353822,22,9657.527912
-268.263157,37,9657.676966
-129.66267,22,9657.770272
-93.714427,32,9657.995948
19.444846,31,9658.137406
40.143585,42,9658.314212
-198.331527,44,9658.501719
-272.366192,93,9658.895764
-128.393556,19,9658.976937
-168.307702,39,9659.144509
-265.687983,37,9659.302723
-50.105431,42,9659.479766
-105.068699,30,9659.599732
-191.380953,28,9668.417411
57.334364,22,9668.548759
-104.303409,37,9668.728874
-248.848106,36,9668.886644
164.796541,44,9669.078897
-246.811627,37,9669.241311
36.54373,27,9669.35334
-92.315548,33,9669.501483
-79.209107,29,9669.625395
268.064768,31,9669.756374
-318.53521,46,9669.952136
-473.870677,76,9670.286093
-23.235416,19,9670.3663
37.209714,27,9670.478781
-265.675615,40,9670.642106
-59.127917,26,9670.757081
-24.443179,19,9670.839953
-139.598403,54,9671.069618
-28.954931,20,9671.156015
-169.859077,27,9671.271668
202.549254,39,9671.439342
88.793379,38,9671.592195
-75.862724,41,9671.768944
66.989535,21,9671.862197
186.08162,36,9672.016439
-303.40789,44,9672.201895
142.848468,24,9672.306123
-53.037412,25,9672.412219
103.234339,38,9672.578235
-155.639515,36,9672.733273
-254.795151,37,9672.888206
-62.955683,27,9673.001929
254.702671,24,9673.104876
-168.612914,69,9673.399682
-577.42422,101,9673.822558
-270.031564,55,9674.378967
-33.346895,21,9674.483337
-178.71825,27,9674.602383
-314.182813,48,9674.810947
-251.060208,36,9674.963364
-58.699754,26,9675.071587
-150.220684,37,9675.224007
-253.910091,37,9675.385633
-253.026307,37,9675.545258
-45.054604,25,9675.658059
-93.610206,33,9675.794418
43.25333,25,9675.901839
-187.377249,32,9676.04076
-23.395665,19,9676.121066
-188.502068,30,9676.248259
-23.55302,20,9676.335027
-135.06907,38,9676.497324
-74.085849,27,9676.613144
21.342962,29,9676.743744
34.807824,27,9676.859693
-61.935581,39,9677.033542
-93.006202,32,9677.173083
-119.887617,18,9677.249174
-601.933934,101,9684.626472
-151.858098,37,9684.820485
152.635902,23,9684.914468
168.705153,22,9685.010794
-43.310981,35,9685.165006
-227.5379,48,9685.370744
154.011433,25,9685.478885
158.035004,23,9685.579663
-35.505961,23,9685.676151
5.069324,31,9685.8094
-264.890994,37,9685.971719
-165.316044,39,9686.132231
-46.613517,22,9686.220211
-26.958598,19,9686.303654
-257.674189,38,9686.483696
50.515339,24,9686.597911
162.606199,25,9686.697806
62.425946,38,9686.863857
236.448193,27,9686.982179
-22.508341,19,9687.069344
-135.134984,37,9687.222428
-122.905359,19,9687.305775
-42.199632,24,9687.521999
15.583389,29,9687.653415
-27.932443,20,9687.744804
-45.94454,22,9687.841987
70.358977,20,9687.929328
-6.825065,34,9688.078897
-171.761597,39,9688.242226
-259.95523,37,9688.397263
-84.685029,31,9688.527212
-13.900701,38,9688.687953
-31.460558,20,9688.775053
-24.934523,19,9688.855854
-30.503604,20,9688.932811
-250.050836,36,9689.085967
-122.666195,34,9689.226082
-453.174025,101,9689.665506
-216.88876,33,9689.800814
-128.785729,22,9689.896441
71.28419,20,9689.980632
-71.130657,27,9690.096573
-125.410981,19,9690.178562
-264.383155,37,9690.33083
20.314311,31,9690.470124
-167.831684,29,9690.594811
-222.700757,35,9690.741399
52.585653,24,9690.846092
-31.373544,20,9691.00786
63.803243,21,9691.324829
-163.243203,38,9691.51551
-22.954876,19,9691.593638
55.377141,24,9691.702067
354.74098,24,9691.807567
-259.974055,37,9691.968584
-288.237079,49,9692.184645
-290.021383,46,9692.381755
55.282168,24,9692.484329
-177.456388,28,9692.600901
-150.299585,40,9692.778348
-189.994634,31,9692.918091
-124.841071,19,9693.10284
-660.53435,101,9693.799531
-28.371662,19,9693.94254
-298.780641,101,9702.592208
-30.834266,20,9702.696317
48.375399,26,9702.811712
-147.460874,24,9702.913478
49.988,24,9703.013506
-125.551615,18,9703.093987
-170.081816,29,9703.223506
56.548677,23,9703.325648
26.310705,28,9703.445981
-34.880248,21,9703.538577
-198.08283,29,9703.660318
-41.133284,43,9703.838714
-32.598239,20,9703.926718
-252.968687,37,9704.080042
-104.984123,48,9704.280532
-120.435023,18,9704.359881
-248.189478,37,9704.522092
-43.298471,23,9704.626362
-128.203948,19,9704.705676
-205.892858,45,9704.895296
-195.484232,49,9705.108642
-257.886531,57,9705.360663
-182.39548,29,9705.486092
469.096945,42,9705.665362
-32.006286,20,9705.755482
197.629654,30,9705.884925
-188.264198,30,9706.013614
71.496049,20,9706.102361
-435.691354,74,9706.413323
-126.417983,19,9706.487061
56.312279,23,9706.586755
-31.370588,20,9706.671944
34.145707,42,9706.854536
-576.874966,101,9707.29875
-48.208,25,9707.401325
-145.778988,36,9707.550057
-27.07106,19,9707.62967
58.726859,23,9707.724767
-27.732289,19,9707.809154
-137.281908,22,9707.900375
-176.076734,28,9708.017976
-240.339485,35,9708.174489
-70.595173,29,9708.297897
72.358554,20,9708.382945
20.385651,29,9708.688451
-55.251239,26,9708.944859
-119.81158,18,9709.033892
-122.281238,21,9709.125425
-26.924046,20,9709.209742
-90.864808,31,9709.345774
53.832184,23,9709.442512
58.784051,36,9709.594786
45.148615,28,9709.718472
62.292509,23,9709.821263
-183.177348,27,9709.939027
216.926285,32,9710.076616
-30.675426,20,9710.157846
-28.531953,21,9710.367722
-113.469459,18,9710.44636
50.173678,24,9710.555131
-126.47806,19,9710.639494
-157.522995,26,9710.754219
73.948998,20,9710.846687
-30.336445,21,9710.932667
-121.665252,19,9711.011878
-25.754807,20,9711.104066
53.680721,22,9711.200564
-33.423819,21,9711.290162
-19.427995,21,9711.376819
-166.45458,39,9711.549312
-154.921941,37,9711.70414
-30.168391,20,9720.278047
-16.045953,35,9720.488076
-31.238644,20,9720.578864
200.406697,24,9720.682144
-260.145118,37,9720.83991
-23.618532,19,9720.926305
66.619318,22,9721.023383
35.009664,27,9721.138409
-23.88486,21,9721.227581
-142.063584,36,9721.372686
30.146713,27,9721.491425
-4.941363,33,9721.63231
-245.605588,37,9721.789641
-29.358941,20,9721.873917
-278.661475,74,9722.193063
-81.932686,31,9722.32418
-390.926177,69,9722.609503
-59.054252,42,9722.782651
-125.81746,36,9722.946639
-31.821266,22,9723.044143
-352.362703,51,9723.261969
71.019092,20,9723.344185
-127.162876,19,9723.42758
-143.917413,24,9723.536349
64.046627,36,9723.685934
-370.867031,58,9723.93336
-119.513617,49,9724.148956
-86.20629,32,9724.286694
-193.941072,29,9724.411533
-36.139297,22,9724.502505
-612.823567,91,9724.891241
-35.679995,21,9724.97673
-324.498458,48,9725.190128
97.053496,24,9725.293596
-55.645073,26,9725.408746
-48.097116,22,9725.503708
-50.014526,25,9725.610663
-157.655976,26,9725.721311
50.094085,42,9725.896192
-126.863364,21,9725.987675
-248.711208,37,9726.208768
-42.146882,36,9726.603155
-353.704965,49,9726.818845
58.354362,23,9726.919498
-158.803675,25,9727.031849
-227.957628,61,9727.292832
-184.666362,42,9727.473707
76.270354,54,9727.706164
266.825109,22,9727.806938
33.077444,27,9727.921661
-248.421702,64,9728.197345
-24.424213,19,9728.277821
-28.580961,19,9728.351526
-58.42888,25,9728.46417
-134.212189,37,9728.628242
-56.351931,25,9728.738052
-57.474668,25,9728.841502
-22.855426,19,9728.920873
63.856113,21,9729.009214
-250.973447,37,9729.173498
162.450308,22,9729.265505
-92.720988,50,9736.145622
-34.723095,21,9736.272611
-63.108999,27,9736.401654
-340.155627,52,9736.621172
34.006183,27,9736.740345
152.694704,24,9736.842009
52.23897,24,9736.942804
38.756362,27,9737.058034
-38.988499,36,9737.20926
-128.488959,20,9737.293278
-126.201012,35,9737.438857
-364.044197,79,9737.777
-26.866016,19,9737.859644
-20.5907,19,9737.939608
-150.533579,51,9738.162584
-31.226377,21,9738.249967
-169.653965,40,9738.419295
-162.987253,37,9738.568996
-44.456068,22,9738.658912
-83.836609,31,9738.800012
-32.771246,23,9738.901109
-31.449704,21,9738.996533
-252.602932,37,9739.157945
163.730937,22,9739.248742
-46.387333,24,9739.516647
254.15819,24,9739.623969
-247.428925,37,9739.780548
-123.237016,32,9739.912405
-191.135271,30,9740.041517
64.675994,22,9740.137535
-102.647134,32,9740.277363
-124.034863,19,9740.358842
-156.374196,37,9740.509423
-47.509464,23,9740.610227
55.550473,23,9740.710385
-127.507496,19,9740.792585
-82.547644,29,9740.915016
-215.426189,46,9741.114468
-297.348556,55,9741.346483
-137.389675,43,9741.52826
-77.596604,28,9741.646992
-129.459825,19,9741.730411
71.464355,20,9741.811904
-249.405564,67,9742.098422
-30.180882,20,9742.190538
-141.349174,23,9742.292423
-150.39223,40,9742.456265
99.129068,37,9742.618796
166.520976,21,9742.712212
9.260631,31,9742.841806
-181.60495,41,9743.016458
-206.763467,32,9743.155681
159.710586,23,9743.248639
-97.937051,32,9743.383899
63.589409,22,9743.478747
64.256046,21,9743.566273
-31.441158,39,9743.73452
-27.242045,19,9744.095697
-50.956287,25,9744.25248
-261.416438,37,9744.416879
149.108177,23,9744.583943
-77.851803,55,9744.814939
-79.561631,41,9745.018416
-25.25945,20,9745.118479
-125.563572,19,9745.217608
-368.546625,101,9753.610637
-40.684923,38,9753.788934
-76.123322,30,9753.920908
-127.192461,19,9754.002589
-340.129226,50,9754.216007
55.599918,24,9754.316002
79.794259,19,9754.401208
-247.547298,37,9754.564262
-47.666061,23,9754.661455
-429.990404,59,9754.909327
48.94076,23,9755.007513
-211.850025,34,9755.151416
-27.015282,19,9755.225386
-197.789187,31,9755.363675
-120.710075,34,9755.509558
-110.682219,44,9755.696752
-47.406274,22,9755.788514
-172.761009,40,9755.96258
-37.839502,21,9756.0516
66.997856,21,9756.142462
-42.066036,23,9756.244216
72.425982,20,9756.33181
-429.580554,60,9756.583125
-192.249592,42,9756.758815
-26.63262,19,9756.841352
54.259595,24,9756.951298
-36.302263,22,9757.056871
-249.059306,37,9757.227927
-359.21217,51,9757.443901
159.354364,23,9757.539052
-154.738787,26,9757.647931
33.744596,28,9757.769332
-495.971751,101,9758.200443
-22.83305,19,9758.280275
-27.611473,20,9758.36473
-29.342103,20,9758.447626
52.356334,24,9758.55145
-30.276091,20,9758.634816
-267.354865,37,9758.791295
-460.01028,101,9759.229823
60.967857,23,9759.328435
-31.902583,20,9759.414376
46.941603,24,9759.537916
-453.414808,101,9759.959957
-32.857537,22,9760.056453
-117.000855,19,9760.138432
-125.385531,34,9760.285431
222.29525,32,9760.417359
-45.572756,22,9760.511315
-27.807248,20,9760.597792
-20.524093,20,9760.68444
-27.180982,19,9760.765905
-753.908256,101,9761.203167
-96.095196,31,9761.421593
-149.394808,37,9761.585638
-47.096962,22,9761.674931
-38.166425,21,9761.761951
-127.651615,19,9761.842183
-84.477853,48,9762.052009
-129.665331,19,9762.132903
-57.233234,38,9762.636052
263.881852,22,9771.19731
-92.402603,45,9771.473325
24.543885,29,9771.615727
-45.716551,24,9771.71899
-220.655314,35,9771.866871
-52.452001,37,9772.022403
-134.772142,20,9772.111816
-265.673164,39,9772.283783
-54.850373,25,9772.387673
-249.591163,37,9772.550005
-370.112404,68,9772.830436
-135.323001,20,9772.915872
80.654915,19,9772.993947
-119.636286,19,9773.080796
-136.345037,51,9773.304879
-339.563058,48,9773.502563
-75.574528,29,9773.627327
42.897501,25,9773.736308
-53.526975,25,9773.846225
-66.666936,26,9773.955533
34.234612,26,9774.076384
-119.207549,18,9774.159403
-98.755625,33,9774.305244
-29.398503,20,9774.390431
-83.838337,47,9774.583902
-35.790985,22,9774.677687
27.03227,29,9774.800034
5.503573,30,9774.922592
-344.369156,67,9775.208644
-245.790138,37,9775.367473
-27.057765,20,9775.455966
-65.590389,27,9775.57245
-39.273911,22,9775.663759
-53.772385,25,9775.767691
97.281883,35,9775.919797
31.821419,27,9776.03411
-25.531295,19,9776.111154
-164.995972,29,9776.231714
58.746509,23,9776.328506
-249.971336,37,9776.494396
-45.206819,23,9776.594971
-79.528309,52,9776.819511
-142.573679,37,9776.972719
11.240518,29,9777.099046
25.927864,28,9777.215388
-27.834802,20,9777.302629
-31.863753,20,9777.387761
-197.917392,43,9777.56543
-89.024227,31,9777.69982
-32.715377,21,9777.790928
13.409223,30,9777.915754
-153.544403,25,9778.029276
-371.275501,85,9778.395902
-163.207326,27,9778.510838
-245.655317,37,9778.669692
-130.368501,19,9778.749771
-142.079297,24,9778.849459
-77.69637,29,9778.973932
-28.237719,20,9779.057832
-126.478114,19,9779.131289
-87.504135,43,9779.315838
-296.914864,43,9779.496028
-18.477089,19,9779.576937
-43.198271,37,9779.739308
158.163414,23,9779.835272
-162.941334,39,9780.000307
57.197206,23,9787.148747
-55.512538,26,9787.299972
-136.928115,23,9787.401337
68.839151,21,9787.489275
226.828439,27,9787.60655
-5.951629,51,9787.829088
79.226212,20,9787.90998
-134.526587,20,9787.987292
-266.161355,40,9788.152167
-115.422778,60,9788.411664
-201.185401,33,9788.555537
60.147165,22,9788.644318
28.73635,27,9788.756611
-28.451458,20,9788.840479
-25.783547,19,9788.917555
142.490226,24,9789.012871
-127.347987,35,9789.15835
-26.490293,19,9789.242034
149.238073,23,9789.338282
-131.721331,34,9789.477786
-257.714672,37,9789.628933
-31.365186,20,9789.711655
29.528639,28,9789.825096
-148.097805,28,9789.942063
-126.462521,19,9790.022527
-142.97763,24,9790.123507
-132.792989,34,9790.277415
-177.53135,28,9790.394631
-30.601899,20,9790.475919
-83.510846,28,9790.585065
-27.662114,20,9790.663815
-26.278907,19,9790.823689
-298.172697,59,9791.074507
155.05249,23,9791.172373
58.520998,23,9791.26739
-313.04867,49,9791.479979
65.505222,22,9791.57225
-46.458325,25,9791.676479
65.812689,21,9791.771182
-254.455641,55,9791.99768
39.876084,27,9792.117048
-107.548671,35,9792.267663
-31.052419,21,9792.354649
-24.444798,19,9792.430731
-247.443405,37,9792.585824
-157.830327,24,9792.687593
68.304555,20,9792.773691
252.924228,24,9792.872139
-95.017535,32,9793.005548
-63.711002,28,9793.126086
-122.19703,34,9793.265652
9.204527,31,9793.396607
-126.667158,19,9793.483947
-37.356615,36,9793.635764
-372.608778,49,9793.834839
63.637078,22,9793.923403
-149.103712,25,9794.024945
-41.536985,22,9794.113795
-28.047865,20,9794.193143
-157.129264,37,9794.356041
-128.003097,20,9794.441325
70.917577,20,9794.530545
-86.816484,29,9794.654933
-138.59319,35,9794.799491
-113.838979,48,9794.995771
-78.117714,29,9795.116016
14.637065,31,9795.244543
-128.268024,19,9795.323408
-9.036014,33,9795.455089
59.145774,23,9795.551434
-22.78648,19,9795.627473
-225.648559,65,9805.954115
-163.092777,27,9806.093799
-69.153511,28,9806.213409
-72.411879,29,9806.341475
54.143701,24,9806.44446
-61.022087,26,9806.555807
-126.105127,34,9806.699322
-125.024662,19,9806.777609
29.333288,29,9806.897388
-127.227735,19,9806.978742
-173.220185,52,9807.196934
-30.204351,21,9807.284041
-76.626332,28,9807.404227
-247.656168,36,9807.55881
-120.487233,18,9807.632723
242.532908,46,9807.835564
-254.091876,37,9807.994278
-318.362809,44,9808.181946
-26.053559,19,9808.263613
-29.339346,20,9808.344015
-34.789276,22,9808.437306
-99.106592,31,9808.563327
-309.649694,77,9808.887299
-196.268244,29,9809.009833
-351.682412,62,9809.272642
-316.042514,77,9809.591333
-267.702697,37,9809.747561
36.705933,27,9809.860583
-31.368896,20,9809.94652
-36.927769,22,9810.043113
-52.372412,40,9810.209958
-212.109072,38,9810.363299
-87.950085,33,9810.50625
-207.305585,59,9810.758655
-204.737482,34,9810.895199
162.144733,22,9810.987239
14.413024,29,9811.104915
-123.29143,19,9811.18554
-236.580483,33,9811.321114
-24.674724,19,9811.399042
-31.620902,21,9811.486417
-22.93804,19,9811.567317
-25.617055,35,9811.711402
166.167096,36,9811.857331
-360.356769,80,9812.192996
65.578726,21,9812.279106
7.064371,31,9812.420037
-265.414762,37,9812.571087
-26.961441,19,9812.648828
-79.936002,29,9812.768982
-37.547534,22,9812.857852
-29.104677,20,9812.941009
-217.037211,33,9813.075606
-18.633532,34,9813.213871
-168.840928,28,9813.330834
69.110392,20,9813.416694
-537.818246,101,9813.83254
-173.154965,29,9813.955076
-22.151258,19,9814.13524
158.191546,23,9814.236763
144.116929,25,9814.353899
61.85889,22,9814.449531
26.117383,27,9814.565998
-126.738405,19,9823.277987
-25.140755,19,9823.442123
-110.349704,51,9823.829105
-62.444876,26,9824.00353
65.25347,25,9824.126813
200.844013,35,9824.28618
-164.951173,25,9824.402404
-390.338692,77,9824.743519
-130.614228,21,9824.837057
-235.357105,39,9825.000853
60.008216,22,9825.095595
61.144014,23,9825.195862
-28.635315,20,9825.278525
-24.034757,19,9825.361373
-55.034127,23,9825.463029
-52.456047,39,9825.632751
53.208232,24,9825.737206
-127.966746,20,9825.825731
-22.252784,20,9825.917247
-152.097369,25,9826.026692
-49.430753,25,9826.140302
-246.884676,37,9826.292784
-249.828447,37,9826.456279
-44.730549,22,9826.554957
-123.627263,19,9826.636894
23.340651,30,9826.764259
-21.78623,19,9826.842542
-128.708373,19,9826.923283
66.501946,22,9827.015778
185.364345,35,9827.166105
-50.608686,25,9827.272497
-27.970769,19,9827.356601
63.63514,22,9827.453231
-30.157145,20,9827.545354
64.987464,21,9827.637185
-128.918432,19,9827.71619
-19.917988,48,9827.92453
-65.841107,27,9828.040371
-46.91641,36,9828.196415
-148.843763,24,9828.295871
-22.122576,19,9828.375602
-32.722772,21,9828.466054
-37.5813,22,9828.563945
102.171131,67,9828.849836
-179.985906,40,9829.010831
75.753809,20,9829.093614
-272.663326,37,9829.250896
-254.514879,37,9829.419423
29.076494,27,9829.541771
-84.746523,30,9829.687045
-71.109212,29,9829.817698
-32.958401,20,9829.904486
-134.187626,20,9829.987729
-130.806583,19,9830.06719
-25.793447,19,9830.146824
-154.860086,39,9830.306058
-28.166718,19,9830.385334
-77.774173,26,9830.504125
-49.388859,23,9830.61285
-641.708787,89,9830.998581
-79.386748,27,9831.108991
-160.886727,24,9831.218079
66.781772,21,9831.31653
57.530022,23,9831.416674
-25.605196,20,9831.500507
-22.121928,19,9831.57601
-612.430085,101,9832.0031
-90.334499,43,9832.200693
38.720694,26,9832.356061
-127.870663,19,9832.454244
60.088803,22,9839.56059
-23.564222,19,9839.675094
-67.722274,29,9839.808911
-198.615324,43,9839.992905
-63.429724,25,9840.097099
-232.541782,36,9840.259656
-25.326893,19,9840.339154
-174.197776,28,9840.457819
-113.825434,53,9840.690552
62.298445,22,9840.788833
-8.867721,34,9840.931736
13.660528,31,9841.066123
73.25921,20,9841.151173
-20.092414,34,9841.300428
-24.989798,19,9841.382469
-194.815268,31,9841.516858
-31.613889,20,9841.609529
-59.670962,24,9841.709913
-63.990074,27,9841.823952
81.676398,19,9841.900224
142.621912,26,9842.009358
-17.111244,18,9842.090648
-31.780079,21,9842.177542
-44.818443,41,9842.35812
77.139977,22,9842.457573
-59.476485,27,9842.586758
-180.718763,27,9842.697634
-265.349382,39,9842.86137
-247.72217,37,9843.013148
-253.838669,37,9843.168341
-30.051544,21,9843.261991
-160.862983,39,9843.434933
65.897693,21,9843.526564
-270.39841,37,9843.682538
-43.598664,23,9843.889612
-26.262032,19,9843.965361
-126.527928,19,9844.048824
-129.056312,19,9844.129099
236.043838,27,9844.238194
-190.953432,42,9844.429544
-150.079376,38,9844.591727
-90.292436,44,9844.788301
-23.069199,19,9844.874958
-144.622708,45,9845.06753
-51.120665,23,9845.168554
-131.014713,19,9845.248015
-263.352887,42,9845.426104
-127.493843,19,9845.507792
-38.403045,37,9845.667165
-129.920607,19,9845.749384
48.158712,24,9845.93724
-172.173655,29,9846.062796
41.637407,25,9846.165287
-146.53154,24,9846.264213
-55.99811,24,9846.366934
-147.956876,37,9846.521739
-162.812331,37,9846.677935
61.203545,23,9846.789983
-201.030949,29,9847.175894
-139.624023,47,9847.421989
-514.434953,99,9847.843719
-335.102862,69,9848.139117
153.648106,24,9848.237642
-259.944495,39,9848.408508
-127.527663,19,9848.491821
158.529159,24,9848.600207
-150.001632,25,9848.712431
-127.620008,19,9848.804966
-617.753134,101,9859.302938
9.399957,31,9859.438572
159.213036,22,9859.532428
-258.135125,68,9859.825542
-26.178862,19,9859.906962
36.374887,32,9860.041564
-31.480828,20,9860.127049
-29.400832,22,9860.224398
-55.21436,26,9860.339635
-248.964007,37,9860.49872
-45.853874,37,9860.660809
-27.077137,20,9860.742961
-20.817835,19,9860.81966
-222.87529,37,9860.977281
-27.973989,20,9861.062152
-220.460199,35,9861.214396
-298.617802,57,9861.457828
-53.105217,23,9861.554194
148.812374,24,9861.655212
57.850172,22,9861.753941
43.451052,26,9861.868113
-429.192449,101,9862.308383
-35.205152,21,9862.396642
-139.015765,22,9862.50078
-265.485511,37,9862.658087
-25.330383,19,9862.737251
-27.667243,66,9863.020162
-55.163098,23,9863.11791
-25.472224,19,9863.198523
-484.454145,71,9863.50339
35.246292,28,9863.626543
-25.179036,19,9863.708498
-227.204356,48,9863.907254
-38.577737,22,9864.001492
-37.78417,36,9864.161609
31.411868,26,9864.27416
-269.532585,37,9864.429216
-64.108882,53,9864.662205
-247.715161,65,9864.935581
-185.067996,41,9865.116465
32.84862,27,9865.232106
46.972009,25,9865.339601
-190.562314,29,9865.456788
-48.691547,26,9865.563456
-647.687879,101,9865.973604
-188.107731,46,9866.159198
69.290551,21,9866.248628
-125.040493,19,9866.328985
-301.140352,101,9866.757118
-23.144593,19,9866.838842
-290.314982,97,9867.269541
5.145508,31,9867.406191
202.534872,22,9867.499525
3.091443,32,9867.632598
-26.117719,19,9876.509306
-36.918727,22,9876.658335
-148.700434,24,9876.785971
197.329388,20,9876.874534
-345.933352,50,9877.103657
-120.48856,50,9877.425286
-60.997621,57,9877.708079
-116.325821,45,9877.904191
-258.575769,37,9878.062951
-129.271735,21,9878.153713
-158.015373,37,9878.316419
-228.396425,54,9878.546167
-196.855517,51,9878.758794
61.431868,23,9878.859197
-122.8427,19,9878.936173
-127.66756,20,9879.020612
52.376336,23,9879.118922
41.381622,26,9879.234939
-39.610719,23,9879.342925
-126.246101,19,9879.435063
-48.932472,24,9879.561076
-53.398451,25,9879.670416
15.271041,30,9879.795355
-160.133574,37,9879.95365
30.41401,28,9880.077283
47.91707,24,9880.181445
-130.936647,20,9880.277797
-415.535181,56,9880.51422
-414.653771,59,9880.773462
-48.904922,25,9880.872831
-149.116372,38,9881.030454
-591.390008,101,9881.457184
-246.902512,37,9881.610919
-27.186074,20,9881.69755
-70.397807,25,9881.80486
-28.332686,19,9881.887448
-274.248802,37,9882.041166
68.521806,22,9882.137385
-36.83938,35,9882.284366
142.302671,43,9882.47413
-42.439697,23,9882.572223
-53.82975,25,9882.677027
-126.89108,36,9882.827897
-136.526825,35,9882.973165
46.888851,26,9883.082768
240.36576,27,9883.20095
-131.247155,22,9883.294267
38.295258,26,9883.404625
-116.23532,18,9883.479321
-23.908251,19,9883.559535
-275.508096,41,9883.729418
-8.857962,19,9883.809422
-182.499077,43,9883.99647
-26.038369,19,9884.079214
-36.89911,22,9884.172928
81.225813,20,9884.255183
112.494215,36,9884.441844
372.467405,27,9884.570115
-126.736203,19,9884.651022
-216.182736,45,9884.844748
-22.855436,19,9884.933943
-122.462892,34,9885.081892
-24.307405,19,9885.173681
-57.447884,24,9885.27818
-46.333017,22,9885.370789
-145.117763,39,9885.536372
32.862174,27,9892.550437
-176.658743,28,9892.711357
-473.854898,101,9893.209225
-65.13303,28,9893.335984
-131.294103,19,9893.420927
53.049216,24,9893.522047
-192.215558,41,9893.689186
-27.737545,19,9893.770401
-23.211801,19,9893.847875
-94.090679,31,9893.98057
-18.725667,19,9894.057234
-129.281978,19,9894.137512
54.0243,24,9894.244973
71.734978,20,9894.331026
-19.857981,34,9894.477863
-14.800756,33,9894.61921
-202.320004,30,9894.744318
-23.831031,19,9894.830371
-32.813386,24,9894.931225
-179.630374,40,9895.107335
-106.878019,37,9895.259098
-245.007352,37,9895.409935
51.111654,25,9895.513401
64.654072,22,9895.609364
-272.414937,37,9895.764321
-128.392003,19,9895.843827
-196.100729,33,9895.983877
-127.840908,21,9896.074609
-25.902453,22,9896.169762
-253.880825,37,9896.323333
-57.759688,26,9896.436558
-40.072671,23,9896.535968
-270.364993,37,9896.693257
-273.814704,54,9896.915555
-294.642994,60,9897.327471
-26.078678,20,9897.41367
184.468441,20,9897.502404
-67.33482,40,9897.678922
-134.481148,20,9897.768001
249.388437,25,9897.877253
183.516684,24,9897.983756
14.167876,31,9898.11574
61.761372,22,9898.20969
-70.781474,28,9898.32816
-146.760483,25,9898.432594
26.052532,29,9898.558938
-54.004641,26,9898.66758
-107.035019,46,9898.860558
-88.326846,31,9898.988925
-28.052866,20,9899.071121
-29.239832,20,9899.150632
50.373923,24,9899.251716
-18.320536,19,9899.33083
-35.453899,24,9899.435179
-135.003819,20,9899.526797
-371.866755,51,9899.739134
-155.29172,63,9900.004112
-105.624115,35,9900.157187
-64.533048,42,9900.336529
-181.320497,42,9900.511939
-180.295896,27,9900.632628
-34.701691,21,9900.722982
-138.309949,35,9900.890948
159.09697,22,9900.984555
-57.111191,23,9901.082695
-56.95123,23,9901.182597
-92.288858,42,9901.363645
-27.814572,20,9901.44486
-77.53995,28,9917.293413
-7.852599,32,9917.459595
-126.108026,19,9917.540988
5.450151,29,9917.672538
-26.07752,19,9917.753414
-161.954523,24,9917.85742
-32.712827,21,9917.950595
-23.223462,19,9918.039618
-231.83895,35,9918.187455
67.670374,21,9918.278169
58.772105,23,9918.386093
68.253202,21,9918.473568
-32.499917,21,9918.56056
-106.310566,34,9918.698576
-27.467855,19,9918.781914
46.930384,36,9918.943322
-341.588358,46,9919.128508
-165.420084,37,9919.285817
-107.8054,45,9919.478101
-360.731099,67,9919.754678
75.530967,59,9920.014649
-26.047487,20,9920.099221
-36.811654,40,9920.959962
-525.045027,101,9921.717965
-256.83379,37,9921.899701
-158.531139,26,9922.02305
-21.842382,37,9922.20436
-43.180931,24,9922.316136
39.184326,27,9922.454632
62.103307,22,9922.551464
-103.674133,29,9922.683222
-55.207135,25,9922.805543
-27.353868,20,9922.897664
-261.501601,73,9923.302358
-18.452768,19,9923.418796
266.579297,22,9923.577154
-27.214342,19,9923.703984
-213.075965,33,9923.910804
-53.306717,24,9924.071089
-160.510277,24,9924.277231
-205.52582,31,9924.499266
-16.225417,48,9925.227445
-8.991015,33,9925.510327
58.274068,24,9925.657338
-128.679447,19,9925.748513
93.187928,81,9926.09477
-212.029245,33,9926.244225
-152.543494,26,9926.36
-28.383736,35,9926.530735
-61.80506,24,9926.650273
-118.110187,49,9926.857145
-130.320821,21,9926.943929
-265.074842,37,9927.102816
-377.475948,90,9927.490958
-33.128154,20,9927.574722
57.098409,22,9927.668214
58.787465,22,9927.756505
-259.977923,37,9927.912103
31.422759,28,9928.18082
69.604811,21,9928.296374
-139.131433,22,9928.399437
-143.725424,35,9928.568935
-137.474375,22,9928.665234
-59.576019,26,9941.945011
-27.069555,19,9942.45002
-376.787535,79,9944.632938
70.919554,20,9945.013945
-546.883903,75,9948.058081
-247.812644,37,9948.869263
-18.79701,46,9950.152563
-64.436081,25,9950.899223
-131.167202,19,9951.289957
-46.73897,37,9951.842794
-135.845012,20,9952.164017
58.043144,23,9952.58586
-214.826947,52,9953.820946
-24.491892,19,9954.164649
-30.202935,20,9954.562079
-192.608189,46,9957.000161
-169.098417,37,9957.365758
68.774279,20,9957.550495
-54.899508,26,9957.818148
-200.630815,38,9958.221265
-282.882191,44,9958.983641
-28.455662,19,9959.174136
-160.364579,39,9959.802332
119.065782,29,9960.06626
44.866257,24,9960.249415
-47.628303,24,9960.403473
-33.415206,21,9960.518106
-42.220399,52,9961.634449
-127.52532,19,9961.796645
52.672219,24,9961.940494
-126.408284,19,9962.059021
-36.32325,22,9962.183034
-29.376996,20,9962.292253
-132.418132,20,9962.386195
75.093151,20,9962.470876
-24.034524,19,9962.559386
-468.10966,82,9963.01383
165.231771,22,9963.109295
-26.026771,19,9963.196234
256.642678,24,9963.298442
-167.342503,26,9963.420583
-479.247456,101,9963.895967
-115.606328,18,9963.974921
-255.243087,37,9964.136252
-167.748964,39,9964.308484
-137.842377,23,9964.447459
66.674931,21,9964.540974
-35.743386,23,9964.635783
-23.521151,19,9964.717469
-72.185656,39,9964.914169
-42.905123,22,9965.005162
170.847657,23,9965.10015
-536.241839,101,9965.535242
-62.293275,26,9965.643579
-36.648184,21,9965.725982
149.996195,24,9965.829593
-114.999409,33,9965.971554
-25.501137,20,9966.05235
-134.043536,21,9966.140565
53.482221,22,9966.251779
-21.704094,33,9966.40735
-37.030441,22,9966.507626
51.291707,24,9966.61037
-163.199212,44,9966.791865
-271.974759,37,9976.928398
-199.331756,34,9977.197586
-220.541122,78,9977.660406
50.555012,24,9977.785935
-178.288909,27,9977.918553
-22.36763,19,9978.003154
-55.165079,26,9978.1355
-72.624575,27,9978.263892
-32.985284,20,9978.389161
51.709453,24,9978.505663
149.092679,23,9978.60583
-50.337088,42,9978.780638
-252.625028,37,9978.949507
154.869448,23,9979.050348
167.860979,45,9979.282595
-74.370543,30,9979.431637
-126.51752,36,9979.595642
-265.760148,37,9979.774475
73.69548,20,9979.853094
46.633572,25,9979.961157
-144.001222,25,9980.075849
-27.413401,20,9980.168335
159.02769,23,9980.271917
-234.722563,36,9980.424455
-31.022327,38,9980.608715
55.820502,24,9980.738092
47.493596,24,9980.865071
-26.568066,20,9980.960427
-112.614173,45,9981.193785
-189.128445,73,9981.578019
-196.702657,43,9981.779465
-137.209282,22,9981.871051
-32.79927,22,9981.967732
-1.850671,32,9982.106799
-36.641978,22,9982.205968
12.964434,42,9982.394682
-88.067561,48,9982.603845
-35.561341,21,9982.840122
-174.52656,40,9983.051121
-47.256312,22,9983.169498
-33.728562,20,9983.271265
-79.082849,28,9983.413517
50.921675,24,9983.527759
-28.54743,40,9983.739596
18.911403,29,9983.878349
-35.31488,20,9983.997649
-26.207736,19,9984.132804
-29.960213,20,9984.793662
-58.00014,25,9985.150696
-187.638318,29,9985.819492
-35.461067,22,9986.027156
-56.294536,25,9986.168144
-28.289066,37,9986.352269
-28.881014,20,9986.437363
136.418509,30,9986.575253
-36.269026,22,9986.671672
-289.977031,41,9986.870013
-135.714676,36,9987.047006
-155.521536,37,9987.234867
-26.964004,19,9987.333187
19.905961,31,9987.462923
54.502851,24,9987.566655
-24.26642,19,9987.644829
-247.246555,37,9987.798738
-17.027408,52,9988.044339
129.524438,28,9988.223529
-36.419917,22,9988.378132
-40.402794,23,9988.534349
