#{"t_start": 1736963270.0666811, "env_id": "gymnasium_env/PingPongEnv-v0"}
r,l,t
-256.170222,37,16.717396
-268.83572,37,16.890515
-250.679429,37,17.063757
-278.297062,37,17.228803
-260.334029,37,17.403838
-263.943759,37,17.567657
-262.978776,37,17.734662
-252.407155,37,17.893706
-282.968067,37,18.057153
-270.204697,37,18.221732
-295.906472,37,18.383519
-251.850032,37,18.546814
20.3039,47,18.751672
-282.932511,37,19.352287
-234.702669,35,19.53198
-739.321791,101,20.221495
-67.335816,27,20.41361
-273.382662,37,20.644399
-264.788903,37,20.883167
-253.111775,37,21.075065
-279.79767,37,21.272999
-257.062925,37,21.495255
-283.945483,37,21.818006
-243.393961,37,22.259153
-263.188993,37,22.804326
-237.22799,37,23.255457
-239.403448,37,23.708228
-266.213624,37,24.072456
-268.077554,37,25.065647
-289.882209,37,26.101503
-247.348789,37,26.557947
-254.914053,37,26.989441
-245.910761,37,27.266989
-240.215133,37,27.45339
-272.571624,37,27.621028
-253.694609,37,27.786632
-255.364299,37,27.953661
-269.065701,37,28.111958
-254.950715,37,28.293974
-289.316195,37,28.446883
-259.018346,37,28.599047
-276.545601,37,28.747772
-251.203654,37,28.914582
-248.750999,37,29.077913
-248.487513,37,29.237788
-248.555318,37,29.421652
-286.467261,37,29.618951
-277.332609,37,29.780869
-269.580103,37,29.954281
-251.023155,37,30.125921
-266.384179,37,30.319784
-280.060978,37,30.484052
-257.782578,37,30.640668
-260.19978,37,1116.177303
-272.090239,37,1116.429106
-260.951129,37,1116.629935
-251.18847,37,1116.801725
-297.500102,37,1116.983365
-247.643206,37,1117.158414
-268.271578,37,1117.332207
-253.442699,37,1117.498987
-278.130688,37,1117.665243
-258.839787,37,1117.830535
-258.288352,37,1118.004239
-237.279866,37,1118.16704
-266.685222,37,1118.341601
-237.532905,35,1118.503591
-244.921472,37,1118.731424
-249.000195,37,1118.978368
-260.893431,37,1119.326315
-284.11417,37,1119.527315
-274.16466,37,1119.722528
-247.783644,37,1120.187803
-268.337475,37,1121.0277
-283.363722,37,1121.301994
-265.267069,37,1121.494289
-256.69093,37,1121.690007
-253.566312,37,1121.864442
-252.521382,37,1122.042247
-254.299552,37,1122.24904
-245.72824,37,1122.525583
-266.311258,37,1122.734068
-249.423525,37,1123.364993
-255.405959,37,1123.582887
-235.994579,37,1123.801246
-244.056467,37,1124.044418
-265.208642,37,1124.300929
-248.958729,37,1124.513123
-244.392446,37,1124.695285
-244.727275,37,1124.859907
-264.630264,37,1125.022689
-247.776033,37,1125.20034
-271.343118,37,1125.36687
-263.59257,37,1125.522246
-281.408505,37,1125.706553
-632.595827,101,1126.177756
-256.543246,37,1126.351271
-264.5088,37,1126.525927
-252.682052,37,1126.70533
-260.36702,37,1126.857939
-255.322782,37,1127.022718
-270.350517,37,1127.176565
-274.124571,37,1127.367334
-271.330778,37,1127.588119
-269.155191,37,1127.790557
-286.536821,37,1127.957896
-251.289989,37,1128.137275
-252.007083,37,1140.374069
-191.965825,30,1140.52405
-717.619115,101,1140.940129
-165.465472,26,1141.042225
-77.932714,29,1141.159986
-145.029398,37,1141.307959
-254.001083,37,1141.456969
-254.907666,37,1141.601925
-254.582953,37,1141.75625
-241.568726,37,1141.905077
-274.907392,37,1142.153342
-258.876948,37,1142.324593
-272.454282,37,1142.494708
-101.59277,32,1142.681395
-275.733797,37,1142.863188
-278.587821,37,1143.015903
-252.539577,37,1143.177178
-257.991267,37,1143.345718
-253.570889,37,1143.525311
-265.344884,37,1143.698232
-256.176823,37,1143.847798
-29.730687,23,1143.951538
-249.895388,37,1144.118818
-247.996925,37,1144.316315
-248.51316,37,1144.510482
-262.057426,37,1144.682585
-240.162237,36,1144.854161
-246.455148,37,1145.023876
-279.763413,37,1145.191939
-269.353523,37,1145.381571
-238.662713,37,1145.551602
-248.558072,37,1145.717348
-261.109584,37,1145.887284
-272.166134,37,1146.10033
-294.21006,37,1146.281803
-258.13653,37,1146.468767
-255.632245,37,1146.637686
-248.913889,37,1146.838407
-267.659462,37,1147.021586
-241.31064,37,1147.179403
-256.034072,37,1147.344166
-252.260443,37,1147.511234
-265.663883,37,1148.084139
-270.411633,37,1148.349162
-263.5742,37,1148.551878
-273.768436,37,1148.749109
-261.025639,37,1148.912983
-245.463401,37,1149.07758
-261.703614,37,1149.249699
-243.718027,37,1149.42645
-257.946315,37,1149.582313
-271.325799,37,1149.742893
-249.21785,37,1149.905748
-266.737143,37,1150.067989
-240.347628,37,1150.225431
-269.706507,37,1158.469034
-243.898463,37,1158.659907
-230.89357,35,1158.807728
-273.381459,37,1159.096603
-254.30578,39,1159.274711
-227.975436,37,1159.459967
-246.323491,37,1159.619484
-257.627191,37,1159.767258
-260.648795,37,1159.925833
-261.400142,37,1160.08333
-258.795645,41,1160.257304
-273.499291,37,1160.412893
-254.547061,37,1160.569836
-285.718798,37,1160.726678
-251.222509,37,1160.882084
-261.380228,37,1161.030247
-283.565697,37,1161.187857
-253.367947,37,1161.352562
-274.765827,37,1161.510831
-262.939387,37,1161.669485
-257.623822,37,1161.821438
-263.715646,37,1161.977255
-249.338426,37,1162.130147
-235.004807,37,1162.28753
-236.689079,37,1162.431458
-261.460862,37,1162.590961
-232.765406,37,1162.735124
-246.69793,37,1162.895766
-257.627708,37,1163.047099
-251.979939,37,1163.220769
-252.128457,37,1163.399968
-268.817514,37,1163.589064
-267.562011,37,1163.750303
-253.939142,37,1163.919777
-256.403659,37,1164.092871
-255.849594,37,1164.268984
-272.676086,37,1164.476113
-266.644318,37,1164.728761
-245.244144,37,1165.089803
-13.175955,19,1165.272431
-252.443726,37,1165.641075
-286.46344,37,1166.041774
-286.332053,37,1166.423712
-280.72848,37,1166.830288
-253.250076,37,1167.263729
-254.119582,37,1167.673039
-272.996062,37,1167.963789
-261.930275,37,1168.1802
-246.542508,37,1168.361599
-240.222091,37,1168.515619
-257.422331,37,1168.682865
-251.89189,37,1168.834466
-283.21657,37,1168.985734
-251.904395,37,1169.135317
-243.136455,37,1169.292892
-249.202086,37,1176.025613
-234.958225,37,1176.243548
-252.702656,37,1176.416671
-243.675805,37,1176.568113
-278.532504,37,1176.718383
-280.586896,37,1176.86459
-146.307896,57,1177.111868
-268.86655,37,1177.288868
-249.944884,37,1177.457189
-239.740225,37,1177.610588
-282.87384,37,1177.775143
-278.283136,37,1177.928509
-259.097659,37,1178.088538
-246.433813,37,1178.239051
-235.385096,37,1178.394828
-275.075901,37,1178.539481
-256.942249,37,1178.692118
-254.973072,37,1178.851672
-289.66839,37,1179.00515
-248.466975,37,1179.15929
-260.040525,37,1179.305054
-236.96051,37,1179.456452
-239.660875,37,1179.60936
-248.466614,37,1179.764275
-242.70784,37,1179.923358
-278.727052,37,1180.081077
-255.890355,37,1180.233569
-273.459458,37,1180.392639
-271.369135,37,1180.557925
-249.400402,37,1180.71613
-254.620185,37,1180.864773
-247.849889,37,1181.017287
-258.503131,37,1181.312858
-260.274918,37,1181.467102
-259.133211,37,1181.618995
-140.710662,24,1181.719346
-263.040065,37,1181.873675
-239.289232,37,1182.026257
-275.036978,37,1182.176746
-242.837576,37,1182.335436
-335.048335,60,1182.591938
-246.278794,38,1182.744076
-262.254341,37,1182.904146
-252.295831,37,1183.059967
-248.352822,37,1183.215954
-293.672787,37,1183.364922
-270.918538,37,1183.516662
-241.432515,37,1183.686327
-208.420282,33,1183.830333
-265.665959,37,1183.985828
-261.195668,37,1184.136359
-255.231745,37,1184.286884
-239.138897,36,1184.438136
-277.45851,37,1184.591236
-248.655765,37,1184.754386
-268.996902,37,1193.714803
-260.841983,37,1193.91441
-262.700861,37,1194.082618
-125.744766,36,1194.249011
-263.903799,37,1194.404079
-258.168677,37,1194.560273
-255.208746,37,1194.716663
-266.112883,37,1194.865503
-272.012713,37,1195.013645
-248.046547,37,1195.167068
-263.591225,37,1195.320765
-279.742089,37,1195.467401
-284.499094,37,1195.625166
-253.242823,37,1195.778993
-267.053557,37,1195.931188
-295.67365,37,1196.081882
-252.602626,37,1196.235711
-71.507817,29,1196.352628
-260.420929,37,1196.50277
-245.103857,37,1196.650001
-377.103549,60,1196.89687
-138.472548,23,1196.989508
-270.332383,37,1197.137228
-246.895574,37,1197.289567
-240.437763,37,1197.440756
-257.610559,37,1197.585178
-19.636695,21,1197.67558
-31.166073,22,1197.76656
-270.25025,37,1197.918503
-263.83783,37,1198.069214
-244.170498,37,1198.216053
-254.881898,37,1198.36531
-239.636644,37,1198.514724
-249.424222,37,1198.66794
-156.636151,37,1198.821092
-252.164874,37,1198.975621
-268.453336,37,1199.124605
-266.88634,37,1199.268738
-277.326695,37,1199.418077
-223.304326,34,1199.554068
-242.537965,37,1199.701473
-273.875111,37,1199.852725
-263.804793,37,1200.000454
-181.388088,41,1200.163904
-281.029577,37,1200.308098
54.817826,24,1200.3982
-88.338074,44,1200.572885
-265.411958,37,1200.724102
-254.528835,37,1200.871395
-251.229669,37,1201.01964
-155.470647,27,1201.132061
-154.407332,25,1201.239218
-247.636101,37,1201.385773
-268.572814,37,1201.534434
-255.135357,37,1201.686158
-265.936486,37,1201.836024
-57.141479,24,1201.94241
-271.08633,37,1208.825418
-261.153905,37,1209.045063
-244.903558,37,1209.216585
-248.308266,37,1209.392827
-246.264846,37,1209.561421
-257.874668,37,1209.709274
-255.661882,37,1209.994085
-247.456181,37,1210.148147
-90.642923,50,1210.364391
-249.881269,37,1210.512497
-269.877001,37,1210.658718
-127.712861,24,1210.752497
-257.107457,37,1210.905689
-52.640462,25,1211.009303
-256.954595,37,1211.160313
-223.288153,34,1211.294703
-266.970549,37,1211.445688
-252.518936,37,1211.593308
-260.266701,37,1211.745285
-43.100922,25,1211.844882
-245.536276,37,1211.993981
-160.321201,25,1212.097543
-238.253011,37,1212.24658
-269.476558,37,1212.427172
-250.680294,37,1212.586406
-234.598609,37,1212.739917
-266.077916,37,1212.890779
-253.347185,37,1213.033055
-248.595723,37,1213.178372
-255.379984,37,1213.325432
-284.968214,37,1213.47425
-245.920809,37,1213.625637
-261.416747,37,1213.780875
-237.297867,37,1213.932861
-206.939634,32,1214.063139
-253.053511,37,1214.216419
-229.854417,35,1214.359644
-238.855503,37,1214.516392
-238.276449,37,1214.66994
-261.364513,40,1214.835222
-252.937556,37,1214.985772
-242.622183,37,1215.445316
-260.899988,37,1215.894631
-254.43584,37,1216.160938
-250.681373,37,1216.451555
-258.469683,37,1216.830014
-169.702518,42,1217.189392
-262.971416,37,1217.595447
-256.121643,37,1217.968701
-247.476,37,1218.433607
-263.205258,37,1218.817695
-269.819176,37,1219.10239
-249.692881,37,1219.324152
-243.59832,37,1219.525637
-256.013472,37,1219.676385
-273.537234,37,1219.824233
-253.10933,37,1219.975045
-185.67611,31,1226.74201
-253.751051,37,1226.924986
-235.924612,37,1227.085519
-266.00774,37,1227.238328
-125.031518,34,1227.376134
-245.079919,37,1227.527721
-248.529052,37,1227.677276
-242.054531,37,1227.823867
-266.860966,37,1227.977186
-255.32762,37,1228.118779
-252.034183,37,1228.265367
-250.30097,37,1228.420707
-247.507569,37,1228.571351
-250.23714,37,1228.721563
-111.244392,34,1228.85834
-254.959974,37,1229.013297
-246.532385,37,1229.169622
-261.132403,37,1229.322863
-239.721512,37,1229.470989
-251.328264,37,1229.626223
-240.72005,38,1229.779074
-258.01843,37,1229.930745
-261.539583,37,1230.078322
-260.516335,37,1230.231087
-268.736754,37,1230.387609
-269.861088,37,1230.536026
-255.124822,37,1230.685266
-243.953309,37,1230.836538
-261.082546,37,1230.983961
-260.104131,37,1231.130226
-251.993631,37,1231.283295
-263.924754,37,1231.43068
-241.804784,37,1231.585797
-250.869412,37,1231.729967
-240.290906,37,1231.883712
-137.567687,24,1232.116622
-256.717591,37,1232.2751
-261.944803,37,1232.429203
-285.22838,37,1232.689428
-167.916463,29,1232.806067
-258.63239,37,1232.952611
-257.030089,37,1233.100932
59.007444,45,1233.321884
-265.794901,37,1233.513818
-259.368178,37,1233.720068
-254.806843,37,1233.890053
-254.390999,37,1234.034368
-260.442253,39,1234.196222
-249.365051,37,1234.35552
-36.357772,22,1234.444417
-246.067443,37,1234.64796
-257.884124,37,1234.901948
-258.274796,37,1235.046612
-279.003942,37,1235.210047
-149.035172,24,1235.313794
-265.427722,37,1235.462925
-255.96188,37,1244.536688
-244.160133,37,1244.777772
-263.206994,37,1244.957099
-245.766558,37,1245.114187
-241.00115,37,1245.261
-250.907782,37,1245.409435
-273.965991,37,1245.55923
-281.257571,37,1245.721032
-237.925673,37,1245.864917
-277.668756,37,1246.007212
-236.365312,37,1246.161024
-234.691486,37,1246.317581
-256.47601,37,1246.465282
-246.507579,37,1246.613512
-253.434062,37,1246.76098
-247.951551,37,1246.910728
-245.940435,37,1247.060577
-290.159798,37,1247.213291
-247.498192,37,1247.363785
-249.25722,37,1247.508181
-264.875878,37,1247.656567
-270.83208,37,1247.804389
-247.160127,37,1247.957481
-241.970619,37,1248.112285
-156.741491,27,1248.220862
-282.181696,37,1248.371795
-243.443673,37,1248.520512
-258.182471,37,1248.668104
-257.112485,37,1248.823029
-199.927118,32,1248.950021
-256.967695,37,1249.09903
-250.819833,37,1249.251034
-241.162233,37,1249.40158
-248.748373,37,1249.553658
-247.022676,37,1249.705133
-241.528761,37,1249.859095
-237.324736,37,1250.011263
-203.181029,32,1250.142362
-157.161853,25,1250.238945
-255.120335,37,1250.386895
-247.718484,37,1250.535608
-261.141343,37,1250.682353
-267.914778,37,1250.831224
-277.002171,49,1251.042346
-227.032353,34,1251.171753
-117.393402,21,1251.254313
-111.186947,34,1251.389384
-265.498446,37,1251.550515
-246.212792,37,1251.692093
-283.331989,37,1251.840368
-260.523331,37,1251.9903
-259.307717,37,1252.133878
-138.346196,23,1252.244046
-245.080538,37,1252.431588
-232.063394,39,1252.641967
-276.136993,37,1252.842811
-247.783457,37,1253.026877
-237.937499,37,1260.151253
-174.531884,28,1260.323247
-237.888937,37,1260.487295
-205.98026,33,1260.623168
-144.195423,23,1260.711915
-244.467619,37,1260.859631
-262.46158,37,1261.006127
-262.648914,37,1261.156301
-256.697385,37,1261.302956
-226.577881,36,1261.447179
-269.618168,37,1261.720009
-244.680955,37,1261.868542
-189.820488,62,1262.116395
-242.956579,37,1262.266189
-271.36183,37,1262.414469
-224.672535,36,1262.561372
-248.331343,37,1262.707254
-261.473196,37,1262.856137
-96.479795,33,1262.989353
-245.35573,37,1263.13399
-257.426136,37,1263.281813
-253.946078,37,1263.430285
-249.724374,37,1263.575541
-254.528428,37,1263.728262
-287.465352,37,1263.878666
-244.99905,37,1264.029441
-269.872812,37,1264.176477
-253.769914,37,1264.323902
-238.581598,37,1264.46909
-268.00126,37,1264.621074
-51.249844,26,1264.726755
-248.070924,37,1264.871624
-293.859377,37,1265.019768
-265.046127,37,1265.173518
-266.913579,37,1265.322749
-258.705611,37,1265.476521
-254.194169,37,1265.621598
-173.855247,41,1265.785829
-255.24177,37,1265.935514
-261.919163,37,1266.077498
-271.634567,37,1266.226515
-182.778196,28,1266.335256
-262.173828,37,1266.481815
-238.408984,37,1266.62618
-251.388801,37,1266.78183
-249.805556,37,1266.929463
-244.774275,37,1267.130739
-268.311797,37,1267.331967
-259.192355,37,1267.602701
-241.554662,37,1267.881507
-124.818755,35,1268.151686
-256.561804,37,1268.457066
-250.159424,37,1268.826747
-141.966453,37,1269.214464
-63.470185,27,1269.488174
-259.15856,37,1269.820232
52.202203,24,1270.028414
-250.974867,37,1277.68993
-269.095545,37,1277.880865
-262.32234,37,1278.04935
-243.256913,37,1278.198692
-237.35911,37,1278.351601
-247.171592,37,1278.507143
-238.136529,37,1278.664237
-280.231909,37,1278.822108
-250.665545,37,1278.97577
-259.797046,37,1279.122301
-105.77193,33,1279.25362
-273.732995,37,1279.394481
-186.831885,28,1279.505741
-282.497565,37,1279.657448
-322.891617,48,1279.855823
-257.530474,37,1280.005735
-266.264862,37,1280.153056
-155.129241,25,1280.251257
-206.379668,31,1280.374328
-245.006847,37,1280.524589
-243.499198,37,1280.673139
-258.539521,37,1280.819938
-239.195655,36,1280.958595
-234.303258,36,1281.096283
-259.799328,37,1281.245054
-240.654256,37,1281.390812
-263.114058,37,1281.543522
-260.783234,37,1281.689627
-224.747273,33,1281.819794
-246.446945,37,1281.971599
-168.340125,28,1282.081902
-245.545682,37,1282.228506
-264.292249,75,1282.521175
-221.202994,35,1282.660822
-47.277169,26,1282.764505
-251.509115,37,1282.910543
-178.46222,30,1283.032917
-284.592277,37,1283.18218
-270.588942,37,1283.47174
-257.335713,37,1283.623282
-130.404231,22,1283.71494
-242.4282,37,1283.861845
-249.793504,39,1284.019416
-263.521876,37,1284.168123
-238.480174,37,1284.324067
-242.804675,37,1284.470598
-259.35191,37,1284.620239
-405.490785,58,1284.860867
-259.733178,37,1285.005901
-499.003182,92,1285.446864
-250.294613,37,1285.5964
-256.905078,37,1285.746388
-221.07353,34,1285.881058
-240.837933,37,1286.033018
-40.659726,24,1294.509821
-245.054866,37,1294.744126
-193.751874,32,1294.881256
-252.235469,37,1295.031529
-248.414595,37,1295.187594
-41.672106,24,1295.28724
-241.784437,37,1295.433328
-256.250104,39,1295.594521
-247.759346,37,1295.742339
-262.886723,37,1295.891807
-201.661888,33,1296.025856
-277.513498,37,1296.175368
-252.396685,37,1296.326369
-252.506107,37,1296.483726
-242.976167,37,1296.629239
-252.392127,37,1296.773355
-270.20836,37,1296.925319
-77.506814,29,1297.040932
-223.872174,36,1297.182379
-179.123241,29,1297.301725
-255.538801,37,1297.451428
-162.998719,27,1297.55616
-249.666795,37,1297.701556
-264.03526,37,1297.854524
-249.143355,37,1297.998458
-245.74616,37,1298.1485
-247.30736,37,1298.298441
-143.749199,37,1298.451481
-270.26268,37,1298.597125
-245.378253,37,1298.756661
-219.015031,34,1298.898946
-252.316602,37,1299.03955
-126.312341,22,1299.128443
-243.562617,37,1299.28123
-237.723208,36,1299.428932
-190.895,30,1299.544927
-258.046825,37,1299.689584
-21.739037,21,1299.773144
-267.346791,37,1299.923651
-252.520016,37,1300.073163
-256.693605,37,1300.22181
-143.221807,24,1300.317026
-258.856908,37,1300.463208
-177.386743,28,1300.572717
-236.861116,37,1300.71924
-237.646248,37,1300.868879
-266.90961,37,1301.016127
-243.939725,37,1301.166056
-131.560085,22,1301.249367
-237.383778,37,1301.397951
-65.060454,32,1301.524314
-261.999482,37,1301.672124
-266.591387,37,1301.813385
-249.286647,37,1301.958628
-257.435499,37,1302.105909
-244.819771,37,1302.253734
-216.527881,33,1302.388334
-256.162758,37,1302.530824
-263.357005,37,1302.677349
-242.041424,37,1309.280144
-251.063471,39,1309.511052
-264.245204,40,1309.674277
-256.053763,37,1309.81474
-258.485947,37,1309.959733
-268.268914,37,1310.108219
-250.846261,37,1310.257247
-276.37816,37,1310.398488
-210.907686,32,1310.525559
-249.308969,37,1310.67023
-284.29311,37,1310.814377
-248.046648,37,1310.963173
-247.186116,37,1311.23847
-265.027356,37,1311.381648
-259.896228,37,1311.527989
-186.432129,29,1311.648343
-239.406189,37,1311.795338
-237.604776,37,1311.940192
-242.429343,37,1312.089311
-244.406583,37,1312.235912
-265.225063,37,1312.385357
-254.398807,37,1312.530718
-261.814047,37,1312.67372
-252.896893,37,1312.818359
-264.721202,37,1312.964176
-107.720308,33,1313.09516
-131.671487,23,1313.18517
-250.559242,37,1313.33533
-259.649817,37,1313.482871
-275.237246,37,1313.625287
-248.929192,37,1313.772851
-193.454063,31,1313.897642
-391.941846,59,1314.131794
-279.383661,37,1314.277412
-263.056407,37,1314.42698
-22.075705,21,1314.513386
-237.372695,35,1314.654471
-279.264852,37,1314.798532
-150.030907,39,1314.951815
-257.00334,37,1315.096036
-59.915621,29,1315.211199
-265.577615,37,1315.358175
-149.941451,25,1315.456079
-244.975516,37,1315.60137
-236.787985,37,1315.745458
-254.838637,37,1315.894616
-254.808749,37,1316.033191
-38.641337,23,1316.124985
-256.818395,37,1316.27109
-243.854697,37,1316.418573
-244.967799,37,1316.587789
-259.39473,37,1316.810965
-259.57031,37,1317.067633
-242.633638,37,1317.330978
-261.711137,37,1317.6247
-249.790206,37,1317.888881
-247.868017,37,1318.132196
-116.899678,32,1318.433645
-239.980777,37,1326.668525
-251.216802,37,1326.830313
-214.805475,35,1326.981896
-247.189011,37,1327.146728
-251.444548,37,1327.298798
-257.99812,37,1327.451458
-112.900199,32,1327.577462
-236.909626,36,1327.722377
-240.029574,37,1327.867839
-239.956604,37,1328.016914
-230.789045,36,1328.166509
-242.925908,37,1328.315132
-253.547799,37,1328.464638
-257.724609,37,1328.621364
-247.031397,37,1328.78119
-174.931761,28,1328.898379
-248.841602,37,1329.047611
-261.913557,37,1329.193306
-257.149799,37,1329.337973
-261.518774,37,1329.479533
-136.015776,24,1329.574655
-251.313894,37,1329.722907
-192.742486,30,1329.84394
-285.290378,37,1329.993105
-242.868368,37,1330.137873
-245.615238,37,1330.280122
-248.559776,37,1330.431881
-246.198412,37,1330.579371
-257.790271,37,1330.725594
-138.528906,24,1330.822434
-242.056301,37,1330.970849
-231.884591,37,1331.118559
-241.244952,37,1331.258666
-212.593056,31,1331.378397
-251.424992,37,1331.519865
-635.007356,101,1331.916313
-310.259939,45,1332.091659
-262.308959,37,1332.236021
-24.587419,22,1332.325996
-245.09699,37,1332.472767
-94.106042,34,1332.737201
-154.925958,26,1332.845878
60.044089,24,1332.946278
-253.108367,37,1333.09879
-260.645625,37,1333.250024
-248.604512,37,1333.407706
-274.751231,37,1333.554581
-287.631757,37,1333.701712
-153.51166,25,1333.808294
-256.340953,37,1333.952558
-76.581148,31,1334.076652
-256.041933,37,1334.228468
-250.175507,37,1334.38261
-305.813693,45,1334.561317
-225.69861,36,1334.705627
-259.104638,37,1334.8489
-256.858788,37,1344.661125
-137.465714,24,1344.791324
-234.253531,37,1344.952767
-282.182569,37,1345.098802
-57.454359,25,1345.192566
-241.107228,37,1345.345719
-74.449615,27,1345.449889
-269.393714,37,1345.597905
-259.974514,37,1345.748157
-127.868739,22,1345.833958
-251.966112,37,1345.979086
-260.879749,37,1346.12501
-253.559365,37,1346.273585
-152.825996,26,1346.376061
-637.781092,101,1346.780498
-167.53711,27,1346.889116
-244.882735,37,1347.030547
-252.345133,37,1347.175863
-289.371027,37,1347.319469
-255.23194,38,1347.468914
-257.742964,37,1347.61845
-245.128728,37,1347.764112
-264.191081,37,1347.911898
-126.650913,22,1347.999969
-245.274084,37,1348.158721
-218.663027,35,1348.293109
-243.670762,37,1348.440976
-185.734503,29,1348.558796
-249.568646,37,1348.711095
-239.440325,37,1348.867223
-254.576529,37,1349.018902
-10.578421,33,1349.150804
-230.70045,36,1349.296288
-238.329309,37,1349.446106
-140.357589,37,1349.599562
-242.52149,37,1349.740998
-253.490821,37,1349.88339
-283.731006,37,1350.028023
-243.143533,37,1350.177283
-253.858653,37,1350.323386
-262.733212,37,1350.474641
-80.459718,29,1350.593375
-274.433932,37,1350.742214
-254.269828,37,1350.891037
-237.348459,37,1351.037826
-267.665358,37,1351.183924
-253.296516,37,1351.334653
-260.938465,37,1351.479304
-264.99721,37,1351.630674
-124.21791,36,1351.769364
-240.83053,37,1351.913654
-105.363339,32,1352.053522
-253.017142,37,1352.200923
-235.958694,37,1352.353911
-252.373301,37,1352.504896
-257.546021,37,1352.652617
-248.404264,37,1352.799167
-246.825121,37,1359.290744
-243.243496,37,1359.469759
-248.157869,37,1359.617814
-263.459677,37,1359.771194
-251.219451,38,1359.9263
-238.013368,37,1360.072053
-257.743221,37,1360.209225
-223.609324,34,1360.343
-244.015243,37,1360.492119
-255.777334,37,1360.638018
-242.722572,37,1360.782163
-268.7721,37,1360.934055
-244.979233,37,1361.078588
-243.047345,37,1361.223804
-262.732048,37,1361.488776
-122.769681,21,1361.578612
-239.65123,37,1361.727923
-246.247346,37,1361.885147
-238.966682,37,1362.029231
-174.757769,31,1362.150922
-247.450669,37,1362.29514
-241.515681,37,1362.441816
-242.161025,37,1362.589177
-256.319607,37,1362.734878
-263.169019,37,1362.885312
-263.630482,37,1363.030688
-247.381512,37,1363.176495
-255.730042,37,1363.327112
-267.246218,37,1363.477409
-261.963666,38,1363.623951
-141.971435,24,1363.719331
-292.483721,37,1363.874647
-219.206445,35,1364.01962
-244.612257,37,1364.167526
-404.141362,65,1364.438319
-276.486708,37,1364.585749
-248.562638,37,1364.734573
-255.557431,37,1364.880021
-233.366339,37,1365.033184
-237.989216,37,1365.1813
-246.046816,37,1365.335049
-78.935275,28,1365.446346
-246.318072,37,1365.591604
-234.29923,36,1365.729793
-251.333739,37,1365.876115
-263.410872,37,1366.018667
-242.247713,37,1366.165388
-251.881376,37,1366.314778
-247.895042,37,1366.45999
-67.833095,31,1366.58207
-250.650197,37,1366.726516
-259.218221,37,1366.912769
-259.931067,37,1367.131645
-236.166295,37,1367.411605
-237.955016,37,1367.705895
-253.343121,37,1367.974804
-239.043249,37,1376.547433
-170.466933,28,1376.681628
-256.398567,37,1376.830438
-259.371519,37,1376.974867
-261.713587,37,1377.122586
-264.850811,37,1377.274514
-241.114371,37,1377.41742
-22.889751,22,1377.506841
-242.069081,37,1377.653493
-246.599446,37,1377.80498
-271.864942,37,1377.960745
-271.037591,37,1378.106032
-205.491307,32,1378.233319
-529.10058,72,1378.527197
-260.219852,37,1378.676332
-141.807803,37,1378.825627
-236.534515,37,1378.970155
-139.01657,37,1379.117433
-248.357389,37,1379.264144
-249.649124,37,1379.416038
-248.0981,37,1379.556033
-276.21907,37,1379.780141
-238.01104,37,1379.929125
-239.262477,37,1380.082626
-256.520207,37,1380.230335
-221.037108,35,1380.37232
-263.607727,37,1380.520833
-174.543079,28,1380.634368
-238.704793,37,1380.783966
-153.639533,27,1380.889805
-254.030462,37,1381.045688
-251.38544,37,1381.194413
-255.947409,37,1381.340815
-230.749318,35,1381.477872
-150.038828,37,1381.623826
-256.50204,37,1381.769238
-175.54912,29,1381.881995
-219.064658,34,1382.023436
-252.889569,37,1382.170535
-266.378988,37,1382.319324
-272.65745,37,1382.465323
-243.25634,37,1382.611139
-237.404162,37,1382.760917
-22.878713,35,1382.90116
-248.403897,37,1383.151816
-262.561528,37,1383.301547
-23.354212,21,1383.389972
-151.588436,26,1383.48951
-116.958392,20,1383.569545
-251.054125,37,1383.714868
-252.896128,37,1383.874399
-251.905955,37,1384.012391
-137.84563,37,1384.167012
-247.194433,37,1384.314458
-237.228445,37,1384.461977
-249.48547,37,1384.612238
-266.548974,37,1384.761111
-237.774153,37,1392.975406
-245.360089,37,1393.171333
-258.232911,37,1393.316874
-245.231456,37,1393.466973
-248.714227,37,1393.619973
-262.689774,37,1393.772999
-15.446249,19,1393.857934
-197.690053,32,1393.990712
-242.62387,37,1394.137494
-45.966398,26,1394.234211
-256.691441,37,1394.383876
-268.264523,37,1394.53246
-258.401561,37,1394.679859
-248.940757,37,1394.82788
-129.441489,36,1394.966255
-254.755375,37,1395.110755
-291.424803,80,1395.43078
-236.071816,37,1395.58173
-239.129179,37,1395.731504
-202.008612,34,1395.865572
-258.960291,37,1396.016198
-59.543389,27,1396.12131
-246.351159,37,1396.272218
-244.54616,37,1396.428263
-243.348922,37,1396.573187
-188.726179,30,1396.696477
-244.801635,37,1396.84434
-237.164111,37,1396.991957
-255.306085,37,1397.140311
-233.088776,37,1397.291609
-153.216696,26,1397.391708
-179.461238,29,1397.511449
-240.702103,37,1397.65798
-225.836614,37,1397.798421
-243.077925,37,1397.953161
-239.65778,37,1398.101661
-243.81098,37,1398.246434
-268.681983,37,1398.390844
-248.848338,37,1398.539409
-253.921634,37,1398.696192
-256.671545,37,1398.852537
-254.074351,37,1398.99796
-199.61883,30,1399.114645
-249.347436,37,1399.257031
-249.696017,37,1399.406421
-147.731687,36,1399.551064
-256.680084,37,1399.70189
-246.350269,37,1399.852459
-252.290848,37,1399.999762
-260.206851,37,1400.150335
-256.748709,37,1400.296456
-242.986134,37,1400.443857
-240.414087,37,1400.587287
-255.060445,55,1400.808973
-231.289982,37,1400.966878
-277.227705,37,1401.118624
-259.31165,37,1953.447318
-180.313289,28,1953.700042
-245.761319,37,1953.94391
-268.171004,37,1954.321097
-254.384149,37,1954.653725
-144.572712,23,1954.965628
-272.316144,37,1955.968218
-245.026132,37,1956.425061
-175.699704,29,1956.610982
-238.291704,37,1956.84136
-294.121148,44,1957.149567
-240.696125,37,1957.461579
-263.427788,37,1957.911871
-650.414597,95,1958.962338
-240.005763,37,1959.377249
-255.772112,37,1959.663727
-320.856827,51,1960.413537
-261.016412,40,1960.806546
-245.575194,37,1961.039311
-251.110406,37,1961.223931
-255.437876,37,1961.399549
-244.301586,37,1961.55971
-272.858711,37,1961.728875
-212.653355,33,1961.864001
-190.413337,44,1962.046818
-250.406924,37,1962.219017
-280.538337,37,1962.399654
-262.725099,37,1962.575579
-268.736589,37,1962.74162
-174.281368,27,1962.849385
-264.659831,37,1963.017643
-127.938911,36,1963.175454
-272.617999,37,1963.362265
-185.758936,30,1963.510573
-240.657493,37,1963.663385
-249.793074,37,1963.829362
-248.361395,37,1963.9898
-227.376027,35,1964.179435
-160.551423,28,1964.319769
-260.71463,37,1964.536876
-246.08349,37,1964.768626
-277.792339,37,1964.997093
-244.44034,37,1965.208677
-277.965985,37,1965.405603
-247.036976,37,1965.5955
-252.340736,37,1965.87006
-235.867439,37,1966.098426
-272.528634,37,1966.551597
-239.152371,37,1967.005023
-277.842093,37,1967.567925
-256.006254,37,1968.038109
-241.552316,37,1968.540463
-284.624709,37,1969.004273
-251.364583,37,1969.56532
-268.616387,37,1970.171536
-264.597176,37,1989.695941
-180.585901,29,1989.843305
-242.251852,37,1990.033851
-270.78191,37,1990.241434
-235.05056,39,1990.450169
-246.142538,37,1990.63286
-249.012802,37,1990.824496
-246.764678,37,1990.996947
-270.274617,37,1991.17378
-137.509794,23,1991.279813
-245.486699,37,1991.455416
-238.950399,37,1991.621093
-179.125559,44,1991.822405
-249.059123,37,1991.988222
-247.650263,37,1992.162117
-256.691954,37,1992.334658
-252.462533,37,1992.50405
-246.216666,37,1992.676408
-39.811137,23,1992.779253
-251.054413,37,1992.947168
-277.699419,37,1993.114035
-246.167227,37,1993.284458
-239.76985,37,1993.452506
-243.527793,37,1993.615408
-241.388334,37,1993.777816
-246.651414,37,1993.948518
-261.499368,37,1994.109924
-257.145327,39,1994.29845
-31.604362,37,1994.480172
-266.257499,37,1994.652961
-240.922204,37,1994.82331
-253.34868,37,1995.017607
-314.300258,47,1995.244293
-236.697114,37,1995.445349
-438.860599,72,1995.80754
-240.389122,37,1996.004035
-254.726566,37,1996.196643
-145.805194,25,1996.339226
-255.652068,37,1996.590853
-272.659797,37,1996.815125
-243.18649,37,1997.086378
-237.077491,37,1997.39974
-254.595357,37,1997.693188
-189.506386,32,1997.897305
-245.630668,37,1998.062901
-257.524623,37,1998.227132
-244.431464,37,1998.535245
-264.656704,37,1998.727079
-209.804227,31,1998.858581
-250.149459,37,1999.042121
-128.863202,37,1999.265536
-244.752134,37,1999.444093
-247.560104,37,1999.615714
-56.28557,24,1999.731767
-245.972822,37,1999.908214
-229.39265,35,2000.073587
-253.75706,37,2017.624131
5.123986,36,2017.794836
-241.709472,37,2017.949674
-30.053715,21,2018.037722
-215.185141,34,2018.20178
-247.312827,37,2018.393379
-235.679711,37,2018.555186
-244.060282,37,2018.733827
-247.622481,37,2018.90658
-235.564228,37,2019.084118
-243.280179,37,2019.246785
-267.018467,41,2019.422456
-99.02765,33,2019.576462
-263.521626,37,2019.727545
-239.078274,37,2019.89464
-249.720981,37,2020.063855
-244.169134,37,2020.22836
-166.240944,28,2020.344891
-267.452892,37,2020.495042
-271.897546,42,2020.673896
-303.913949,45,2020.861989
-259.659919,37,2021.025828
-263.447851,37,2021.194628
-256.799189,37,2021.346769
-266.613486,37,2021.517624
-243.600799,37,2021.692363
-16.105978,20,2021.773146
-236.464123,37,2021.931581
-242.672589,37,2022.088582
-269.381986,39,2022.257184
-234.271468,37,2022.410055
-249.508108,37,2022.558569
-153.870807,26,2022.670263
-241.570578,37,2022.828382
-244.115885,37,2023.011116
-247.198713,37,2023.184891
-196.501227,32,2023.322289
-259.037293,37,2023.487732
-269.754317,37,2023.649974
-252.591841,37,2023.815496
-260.414837,37,2023.973897
-167.349127,27,2024.089623
-252.278758,37,2024.242408
-255.868872,37,2024.399961
-244.077485,37,2024.553111
-243.645595,37,2024.718499
-236.121425,36,2024.879137
-255.920992,37,2025.044439
-242.905999,37,2025.205132
-238.353904,36,2025.355338
-263.359762,37,2025.521367
-241.274918,37,2025.684562
-248.508628,37,2025.839158
-264.824955,37,2026.002604
-246.881297,37,2026.179171
-260.996314,37,2026.386531
-250.414328,37,2037.803192
-244.619357,37,2038.120701
-250.255413,37,2038.411789
-259.489815,37,2038.650958
-257.037822,37,2039.215994
-240.861493,37,2039.503323
-244.190676,37,2039.697399
-259.975694,37,2039.850203
-251.431154,37,2040.030987
-249.627125,37,2040.205914
-247.549435,37,2040.358611
-267.033516,37,2040.515155
-245.876352,37,2040.666156
-264.472771,37,2040.824274
-263.759887,37,2041.031881
-255.883301,37,2041.314251
-260.094316,37,2041.544676
-257.268729,37,2041.715615
-17.343088,20,2041.806035
-245.96661,37,2041.972065
-167.178531,28,2042.095849
-243.333374,37,2042.396073
-25.353571,21,2042.481411
-237.78752,37,2042.660962
-248.612396,37,2042.823872
-242.238117,37,2042.990658
-257.833667,37,2043.153374
-250.622702,37,2043.312386
-262.818705,37,2043.471657
-318.156517,49,2043.687408
-250.791065,37,2043.838531
-251.266316,37,2043.994779
-278.695343,37,2044.178824
-233.781671,37,2044.347882
-251.110804,37,2044.511094
-246.854559,37,2044.670213
-135.671809,23,2044.775013
-264.203446,37,2044.933529
-141.243328,24,2045.046602
-274.731709,37,2045.202531
-139.625711,24,2045.303797
-252.246515,37,2045.4587
-239.371736,37,2045.61143
-267.062195,37,2045.767141
-252.711939,37,2045.926161
-244.526811,37,2046.098492
-243.992385,37,2046.276675
-249.619057,37,2046.465234
-255.001345,37,2046.739474
-265.152755,37,2046.930329
-258.861653,37,2047.107239
-262.142879,37,2047.26336
-238.963012,37,2047.427157
-120.192567,20,2047.527356
-280.565831,37,2047.692956
-201.671639,30,2047.846564
-230.220569,36,2048.099344
72.778229,24,2048.256369
-218.815734,33,2049.170991
-258.192373,37,2069.811789
-257.072993,37,2070.239939
-253.669505,37,2070.679798
-245.460487,37,2070.956907
-258.892036,37,2071.147757
-265.036233,37,2071.325567
-218.850918,34,2071.480391
-252.402075,37,2071.639799
-249.935651,37,2071.79753
-262.349864,37,2071.952129
-241.295657,37,2072.100929
-165.928123,27,2072.211963
-201.321779,31,2072.338246
-270.375725,37,2072.488792
-233.647813,37,2072.645478
-257.994383,37,2072.792043
-256.230514,37,2072.946064
-235.796731,37,2073.117627
-245.376385,37,2073.274359
-240.079641,37,2073.44284
63.994635,47,2073.64641
-255.300075,37,2073.840717
-241.690404,37,2073.995913
-242.844964,37,2074.1578
-265.055851,37,2074.331866
-245.188171,37,2074.493845
-253.078308,37,2074.654529
-252.878402,37,2074.812749
-256.203988,37,2074.972811
-262.006998,37,2075.128015
-258.727502,37,2075.286526
-245.073253,37,2075.447461
-249.559529,37,2075.599135
-258.933134,37,2075.756643
-264.014238,37,2075.910252
-248.619009,39,2076.08497
-262.714155,37,2076.23909
-260.79664,37,2076.396508
-184.4595,46,2076.586941
-240.036534,37,2076.734963
-252.163594,37,2076.881944
-262.190946,37,2077.040067
-204.589674,32,2077.174254
-249.366708,37,2077.327558
-245.931904,37,2077.477599
-256.380629,37,2077.630066
-255.697372,37,2077.778465
-244.093723,37,2077.928559
-252.34383,37,2078.085872
-239.393353,37,2078.371475
-70.675063,28,2078.490342
-242.121168,37,2078.631415
-254.554101,37,2078.78067
-104.641165,33,2078.937742
-217.677392,35,2079.086995
-273.637816,37,2079.255509
-280.523255,37,2089.024583
-257.310087,37,2089.556543
-262.966176,37,2089.856952
-242.358793,37,2090.065876
24.07479,44,2090.291003
-263.240992,37,2090.478567
-85.822285,30,2090.600797
-239.414171,37,2090.764332
-269.921132,40,2090.925597
-267.569631,37,2091.088547
-264.727876,40,2091.262714
-188.081055,45,2091.451136
-269.343083,37,2091.626275
-62.506827,28,2091.742844
-245.343779,37,2091.896446
-257.57868,37,2092.047511
-236.147669,36,2092.189229
-238.625036,37,2092.335604
-271.031723,37,2092.484981
-236.147349,37,2092.638865
-253.432953,37,2092.780942
-210.876616,33,2092.915373
-241.290256,37,2093.069504
-237.606938,37,2093.215166
-247.891009,37,2093.374149
-292.95105,37,2093.526925
-239.657721,37,2093.674191
-252.369867,37,2093.823705
-232.55498,37,2093.978199
-241.559666,37,2094.128394
-246.038781,37,2094.278371
-266.124778,37,2094.522466
-252.770903,37,2094.693431
-258.838658,37,2094.858236
-241.656281,37,2095.027819
-237.060813,37,2095.181086
-144.241108,24,2095.272987
-276.861261,42,2095.443113
-265.177496,37,2095.596109
-265.117218,37,2095.745164
-246.043231,37,2095.89844
-238.641311,37,2096.04291
-268.430604,37,2096.189644
-255.894789,37,2096.339418
-258.55569,37,2096.486221
-246.236794,37,2096.637603
-259.566222,37,2096.787255
-208.262705,34,2096.925844
-11.99796,33,2097.064268
-244.634545,37,2097.221313
-247.093607,37,2097.371059
190.017716,34,2097.508555
-150.402917,26,2097.765054
-263.743975,37,2098.268853
-42.556475,35,2098.447121
-150.671508,40,2098.6131
-262.780092,37,2105.939658
-260.685855,41,2106.141348
-241.101577,37,2106.293973
-263.59914,37,2106.443318
-245.004669,37,2106.596845
-260.107868,37,2106.746536
-122.154821,20,2106.830243
24.008003,29,2106.940698
-244.744156,37,2107.097487
-237.384789,37,2107.249672
-262.758944,37,2107.40048
-243.305598,37,2107.552732
-244.755992,37,2107.704588
-268.74502,37,2107.855934
-137.722947,39,2108.02234
-254.077353,37,2108.172276
-226.330543,36,2108.318666
-261.066593,37,2108.47107
-235.91319,37,2108.943356
-265.419335,37,2109.150815
-240.176666,37,2109.306318
-243.649302,37,2109.465834
-22.238201,21,2109.545486
-242.70659,37,2109.703453
-258.236705,37,2110.031466
-261.809021,37,2110.193487
-235.912342,37,2110.353531
-91.746821,30,2110.482136
-227.567007,37,2110.641852
-253.662447,37,2110.796942
-233.675128,37,2110.955843
-248.490334,37,2111.119675
-244.137697,37,2111.27133
-246.249417,37,2111.415718
-250.72709,37,2111.569792
-135.45562,23,2111.667745
-237.323878,37,2111.821301
-244.529327,37,2111.96875
-240.735731,37,2112.122794
-241.174018,37,2112.27639
-266.627267,37,2112.426858
-267.114908,37,2112.580704
-250.557121,37,2112.736266
-395.733644,57,2113.066926
-277.77591,37,2113.222123
-315.626847,46,2113.41767
-264.173284,37,2113.575545
-241.054419,37,2113.729668
-264.875698,37,2113.880916
-255.438096,37,2114.035794
-238.127949,37,2114.187112
-240.879652,37,2114.338881
-237.831998,37,2114.490876
-59.407517,42,2114.676464
-246.864553,37,2114.842017
-249.578472,37,2115.004335
-256.228455,37,2130.951022
-232.778934,35,2131.42384
-253.73351,37,2131.620696
-271.00788,37,2131.788186
-236.350383,37,2131.94218
-260.072787,37,2132.110603
-250.215223,37,2132.27512
-259.225856,37,2132.459925
-252.146768,37,2132.618534
-270.039812,37,2132.775257
-249.895454,37,2132.930592
-19.525436,20,2133.01881
-264.583277,37,2133.18842
-262.397338,37,2133.351181
-141.542919,37,2133.510033
-259.748579,37,2133.660959
-255.015145,37,2133.819887
-252.069265,37,2133.996988
-244.489913,37,2134.160519
-239.866959,37,2134.316552
-236.552857,37,2134.472326
-268.946067,37,2134.633486
-242.763345,37,2134.779145
-253.853146,37,2134.937503
191.013703,34,2135.087929
-256.151059,37,2135.241063
-268.915718,37,2135.391082
-322.501603,60,2135.654102
-262.774864,37,2135.827711
-223.324881,35,2135.970014
-255.836006,37,2136.122098
-249.445743,37,2136.279333
-262.156027,37,2136.444107
-258.75272,37,2136.595151
-250.998077,37,2136.756833
-272.626983,37,2136.920424
-246.692298,37,2137.074704
-261.059179,37,2137.219514
-242.357109,37,2137.368265
-241.544639,37,2137.512578
-171.401411,26,2137.616688
-240.270418,37,2137.770915
-268.583971,37,2137.922863
-272.469615,37,2138.072142
-130.608518,36,2138.217872
-172.842752,28,2138.3347
-258.831123,37,2138.480327
-242.832094,37,2138.626064
-264.742661,37,2138.77673
-262.594849,37,2138.926865
-192.280648,30,2139.046175
-234.836993,35,2139.186238
-249.406079,37,2139.335361
-86.757712,32,2139.617473
-265.751612,37,2139.772074
-262.553698,37,2139.918244
-261.09898,37,2147.981726
-235.63564,37,2148.211592
-267.8278,37,2148.398105
-243.694846,37,2148.547262
-272.92923,37,2148.704634
-273.677847,37,2148.85549
-138.058632,24,2148.955396
-145.628768,25,2149.056797
-251.495896,37,2149.305774
-247.102063,37,2149.717
-248.708513,37,2149.877663
-259.011496,37,2150.093259
-258.274876,37,2150.256384
-247.347849,37,2150.422542
-260.559022,37,2150.574094
-39.81343,23,2150.674143
-168.286981,26,2150.778381
-245.465332,37,2150.94027
-250.231666,37,2151.098215
-274.783293,37,2151.272867
-242.585612,37,2151.429068
-241.68544,37,2151.601258
-242.435708,37,2151.764106
-242.790397,37,2151.931811
-285.600366,37,2152.079222
-244.067532,37,2152.239262
-249.397365,37,2152.392344
-261.45414,37,2152.553097
-244.15858,37,2152.711455
-252.859761,37,2152.869961
-247.385926,37,2153.023199
-240.342324,37,2153.18315
-247.15591,37,2153.340153
-236.518997,37,2153.495948
-242.285182,37,2153.647843
-128.672005,33,2153.783039
-242.186044,37,2153.935503
-251.898153,37,2154.090043
-254.482235,37,2154.246397
-58.852774,27,2154.354029
-149.057156,27,2154.469609
-265.972224,37,2154.628782
-275.942622,37,2154.785838
-234.102409,37,2154.942305
-256.721351,37,2155.107093
-135.987194,36,2155.259391
-150.312444,25,2155.361643
-250.277153,37,2155.524868
-237.797988,37,2155.676006
-243.117442,37,2155.827237
-258.269503,37,2155.972278
-262.23551,37,2156.120249
-38.701745,37,2156.262474
-256.85774,37,2156.412963
-244.746267,37,2156.560661
-249.618511,37,2156.703342
-257.340413,37,2156.858392
-264.60858,37,2157.004192
-235.887833,37,2164.265636
-250.436802,37,2164.444493
-243.902112,37,2164.611163
-262.671742,37,2164.766684
-192.900505,31,2164.89733
-253.181674,37,2165.056559
-236.597617,37,2165.211066
-269.519774,37,2165.367674
-257.664145,37,2165.516338
-255.206005,37,2165.669238
-267.336494,37,2165.817916
-257.154334,37,2165.974513
-167.26852,28,2166.088864
-264.510778,37,2166.235447
-250.812085,37,2166.388903
-113.570077,20,2166.469686
-139.100621,37,2166.664514
-257.341175,37,2166.842193
-244.621023,37,2166.991706
-199.672644,31,2167.114389
-253.515555,38,2167.271377
-206.81877,33,2167.39788
-266.464022,37,2167.547753
-250.85626,37,2167.776977
-247.805739,37,2167.923442
-259.44824,37,2168.078333
-261.980391,37,2168.224859
-215.21862,34,2168.832794
-249.436208,37,2168.998827
-268.527866,37,2169.158775
-246.002336,37,2169.312825
-167.734251,29,2169.437843
-251.58172,37,2169.593823
-265.370458,37,2169.754833
-271.523703,37,2169.911042
148.023624,26,2170.028466
-249.213298,37,2170.192119
-40.630893,25,2170.296401
-260.927806,37,2170.456144
-230.324486,37,2170.613015
-266.105181,37,2170.760118
-66.924252,75,2171.082509
-264.142229,41,2171.259481
-253.813342,37,2171.402333
-270.034265,37,2171.549
-237.617416,37,2171.706185
-146.00727,37,2171.865461
-230.954488,37,2172.025045
-269.998864,37,2172.184643
-246.037994,37,2172.343297
-265.150837,37,2172.501656
-256.19092,37,2172.650741
-254.440266,37,2172.804695
-250.92193,37,2172.955871
-254.664803,37,2173.113355
-242.430744,37,2173.269467
-239.507464,37,2184.35621
-203.081391,32,2184.580489
-196.730136,32,2184.728808
-262.855446,37,2184.87904
-220.782308,35,2185.031365
-261.232671,37,2185.206531
-103.904197,31,2185.335551
-240.971292,37,2185.488267
-732.793705,101,2185.908993
-247.644195,37,2186.058944
-253.491926,37,2186.215877
-247.818368,37,2186.368755
-243.28413,37,2186.523407
-44.722331,23,2186.614294
-63.475434,27,2186.724057
-164.478455,27,2186.833337
-239.590639,37,2186.982193
-232.448654,37,2187.134921
-247.393411,37,2187.284206
-177.462413,30,2187.408778
-237.093291,37,2187.898323
-252.120003,37,2188.618548
8.812907,33,2188.886873
-242.540975,37,2189.064728
-237.397266,37,2189.226086
-261.28343,37,2189.385245
126.066233,29,2189.501739
13.548023,32,2189.637039
-160.719606,26,2189.740788
-246.919198,37,2189.901264
-312.667303,48,2190.114551
-226.909084,36,2190.263642
-252.360246,37,2190.436078
-272.33867,37,2190.59272
-260.68425,37,2190.74189
-244.635413,37,2190.898502
-251.095886,37,2191.053775
-241.541925,37,2191.216173
-234.635704,37,2191.367069
-260.839117,37,2191.514299
55.675227,25,2191.615485
-256.684802,37,2191.773749
-151.134057,60,2192.028844
-223.419826,36,2192.179633
-244.760546,37,2192.331764
-228.249076,36,2192.483489
-262.850977,44,2192.658906
-279.274358,37,2192.810982
-248.583896,37,2192.962745
-246.019594,37,2193.125928
-242.588378,37,2193.284339
-355.134556,52,2193.50627
-255.361606,37,2193.661318
-182.89528,29,2193.775835
-140.245959,37,2193.923817
-235.595862,37,2201.018213
-248.58085,37,2201.291973
-211.597492,33,2201.52589
-226.27685,36,2201.800579
-147.242022,23,2201.992726
-258.37616,37,2202.308454
-229.356779,37,2202.625946
-247.053555,37,2202.83512
-243.117696,37,2203.032187
-246.749419,37,2203.198739
-98.70304,32,2203.333485
-242.752285,37,2203.491212
-236.992421,37,2203.646555
-29.275639,36,2203.804563
-258.822335,37,2203.958812
-281.416523,43,2204.148488
-128.425495,22,2204.236478
-133.567209,23,2204.326531
-84.270551,34,2204.462479
-255.613865,37,2204.61612
-240.183409,37,2204.768136
-175.44723,29,2204.890723
-235.317541,36,2205.039227
-252.083028,37,2205.193239
-264.665103,37,2205.344224
-260.725709,37,2205.504609
-208.492973,34,2205.637176
-258.045976,37,2205.78275
-221.021641,35,2205.92201
-268.150314,37,2206.135809
-241.446001,37,2206.622417
-265.567172,37,2206.797066
-236.207579,36,2206.952212
-127.289588,22,2207.039941
-572.57169,101,2207.453731
-240.728207,37,2207.607775
-242.853304,37,2207.763947
-249.581293,37,2207.949576
-258.49134,37,2208.105639
-252.112472,37,2208.257408
-271.546017,37,2208.422002
-257.053025,37,2208.576036
-270.456531,37,2208.747225
-250.353037,37,2208.905242
-164.002948,28,2209.021547
-245.098983,37,2209.176506
-239.982613,37,2209.339641
-153.032739,29,2209.519585
-240.683096,37,2209.695062
-246.811311,37,2209.855413
-265.884591,37,2210.009486
-252.315267,37,2210.168941
-266.814487,37,2210.327807
-239.491937,37,2210.480727
-128.931083,55,2210.715697
-250.525182,37,2210.870977
-245.978875,37,2217.365521
-249.788803,37,2217.576359
-271.395094,37,2217.726436
-240.351669,37,2217.875173
-246.927662,37,2218.022871
-246.306271,37,2218.407616
-261.542467,37,2218.674307
-162.017381,27,2218.796306
-241.087576,37,2218.948609
-262.81204,37,2219.104859
-268.88856,37,2219.268947
-264.540852,37,2219.431818
-278.588341,37,2219.593464
-231.429375,37,2219.750364
-271.532369,37,2219.904598
-393.036488,63,2220.184962
-247.957517,37,2220.333782
-267.945036,37,2220.494385
-268.266289,37,2220.64983
-149.497065,26,2220.757868
-165.711661,29,2220.881937
-263.371218,37,2221.044558
-240.517095,37,2221.266519
-237.745373,37,2221.45565
-284.365949,37,2221.601507
34.091443,47,2221.797494
-275.259732,37,2221.95095
-84.941897,30,2222.069818
-224.386683,49,2222.391238
-236.203315,37,2222.641246
-135.66186,37,2222.807049
-269.196427,37,2222.962273
-28.848833,22,2223.052917
-237.798933,35,2223.195946
-230.249005,37,2223.351151
-260.065804,37,2223.509211
-194.339807,32,2223.639091
-254.56809,37,2223.796845
-268.16216,37,2223.949915
-263.708422,37,2224.107156
-264.909548,37,2224.259918
-267.91247,37,2224.415024
-123.051676,35,2224.558772
-255.596356,40,2225.09483
-275.254293,37,2225.273016
-279.059622,37,2225.424974
-249.836521,37,2225.578647
-248.483044,37,2225.732568
-245.906664,37,2225.885457
-261.477808,37,2226.032593
-264.63829,37,2226.172882
-64.345211,28,2226.284723
-240.441381,37,2226.439846
-243.278258,37,2226.590193
-234.990177,37,2226.741852
-182.402722,30,2226.859493
-243.327166,37,2235.989915
-254.060793,37,2236.191867
-251.501934,37,2236.339446
-243.897602,37,2236.494722
-240.023029,37,2236.650193
-74.755251,49,2236.858196
-229.743834,37,2237.018346
-231.250854,35,2237.160569
-235.031815,37,2237.311732
-245.309706,37,2237.466319
-151.149342,25,2237.572045
-224.29398,35,2237.713687
-233.463813,37,2237.872374
-243.002954,37,2238.027841
-243.810239,37,2238.184039
-232.685033,37,2238.340536
-220.130887,32,2238.470839
-325.13904,48,2238.668621
-240.230802,37,2238.823114
-264.166218,37,2238.986906
-252.478917,37,2239.177155
-261.619797,37,2239.331365
-236.727075,37,2239.488432
-244.858914,37,2239.646195
-262.658178,37,2239.792504
-106.188688,33,2239.928613
-251.895836,37,2240.104954
-400.268131,61,2240.344666
-243.828508,37,2240.49989
-432.443396,101,2240.903419
-240.661257,37,2241.054932
-244.565564,37,2241.208234
-231.937532,35,2241.349558
-251.957336,37,2241.497422
-251.592752,37,2241.648478
-263.909277,41,2241.823593
-162.195823,28,2241.941715
-239.268971,37,2242.095111
-248.217566,37,2242.271299
34.5739,27,2242.388145
-271.643941,37,2242.540394
-243.092475,37,2242.694963
-145.667403,23,2242.800052
-234.524823,37,2242.960946
-262.63391,37,2243.115875
-264.458455,37,2243.266038
-217.729805,34,2243.406602
-252.397003,37,2243.554347
-253.324567,37,2243.712794
-229.193088,35,2243.860285
-269.515172,37,2244.014816
-236.413136,37,2244.164407
-253.803241,37,2244.316133
-237.140017,37,2244.754047
-148.392436,24,2252.881446
-229.653145,35,2253.080376
-240.862855,37,2253.267511
-251.368195,37,2253.545466
-291.597298,44,2253.739974
-257.851501,37,2253.886377
-252.064851,37,2254.050353
-241.629011,37,2254.203216
-233.970351,37,2254.361873
-11.211721,18,2254.445698
-150.618906,26,2254.55809
-212.574067,34,2254.700395
-258.960402,37,2254.85062
-276.378533,37,2255.010294
-267.625833,37,2255.164202
-273.79264,37,2255.323327
-220.620451,47,2255.518801
-236.705417,37,2255.665266
-182.383531,28,2255.788104
-245.020444,37,2255.941808
-90.027521,31,2256.062504
-251.094702,37,2256.217879
-246.0696,37,2256.375643
-205.667356,34,2256.52306
-143.30476,40,2256.692758
-233.413999,37,2256.849567
-257.553713,37,2257.006474
-257.129245,37,2257.155157
-140.607995,24,2257.24929
-235.345998,37,2257.406244
-226.956607,35,2257.54864
-133.440695,24,2257.652881
-298.701469,51,2257.862601
-253.63619,38,2258.016509
-233.859452,37,2258.17348
-202.070867,33,2258.303718
-257.225837,37,2258.454229
-629.443988,101,2258.884683
-349.714794,49,2259.127564
-218.20262,34,2259.311018
-256.761912,37,2259.647587
-254.055497,37,2259.95596
-254.675061,37,2260.24036
-274.384034,47,2260.611198
-290.703186,45,2261.006934
-182.897213,29,2261.182735
-167.379077,28,2261.341688
-225.938445,34,2261.541592
-252.281546,37,2261.764256
-52.898943,49,2261.979294
-255.102684,37,2262.135442
-255.847526,37,2262.292098
-202.258011,46,2262.480067
-266.756654,37,2262.631659
-257.710531,37,2269.577977
-247.177335,37,2269.830868
-284.232164,44,2270.033114
-241.348802,37,2270.204067
-240.380963,37,2270.354236
-217.775551,34,2270.494055
-192.076755,31,2270.621815
-172.219205,44,2270.827676
-241.709707,37,2270.997458
-231.879,36,2271.148363
-67.558512,28,2271.265698
-132.718667,23,2271.364378
-281.678658,37,2271.52607
-241.803539,37,2271.676385
-248.803995,37,2271.826035
-189.750922,30,2271.961963
-445.203209,65,2272.238267
-238.329257,37,2272.395264
-261.706765,37,2272.560893
-294.049042,41,2272.730513
-207.303235,33,2272.878809
-162.272843,28,2273.140797
-253.852397,37,2273.626208
-247.058228,37,2273.804084
-255.415207,37,2273.959814
-256.009371,37,2274.119959
-784.134066,101,2274.548085
-235.916389,37,2274.698024
-257.307573,37,2274.8537
-214.008165,34,2274.99189
-248.587063,37,2275.189649
-258.113844,37,2275.493808
-246.962157,37,2275.645592
-256.974886,37,2275.815017
-274.212134,37,2275.984676
-257.355453,37,2276.144232
-272.5848,37,2276.310505
-238.178215,37,2276.47502
-245.354161,37,2276.64261
-156.806112,25,2276.743431
-79.747263,28,2276.861364
-242.031325,37,2277.014432
-194.148641,45,2277.198901
-247.308955,37,2277.367847
-254.095233,37,2277.532855
-253.59197,37,2277.689785
-265.849552,37,2277.842212
-98.693133,31,2277.977393
-244.528023,37,2278.118953
-250.909519,37,2278.475575
-241.772454,37,2278.771543
-166.64737,27,2278.887976
-244.090094,37,2279.054344
-268.717837,37,2279.223787
-236.802977,37,2279.368683
-255.824233,37,2287.833577
-244.648431,37,2288.041374
-257.699761,40,2288.203194
-238.810735,37,2288.363132
-254.863577,37,2288.539623
-238.844049,37,2288.710736
-240.856062,37,2288.865786
-131.31437,21,2288.957381
-265.465802,37,2289.115249
-177.56624,30,2289.243623
-254.924496,37,2289.39335
-246.541339,37,2289.554942
-384.451163,73,2289.865504
-197.162924,32,2290.004592
-268.191005,37,2290.161158
-256.512151,37,2290.310484
-255.959451,37,2290.469023
-243.1245,37,2290.624568
-233.614797,37,2290.783077
-332.28049,51,2291.000495
-264.452448,37,2291.157571
-343.436328,70,2291.478118
-245.377659,37,2291.969017
-279.891164,37,2292.174376
-245.314333,37,2292.341866
-261.607453,37,2292.513377
-266.671431,37,2292.675218
-259.404306,37,2292.827468
-260.666951,37,2292.975411
-121.12483,34,2293.116086
-247.814805,37,2293.272174
-242.749185,37,2293.430322
-269.46337,37,2293.583199
-261.020603,37,2293.736878
-248.520112,37,2293.888764
-250.003941,37,2294.056504
-127.785812,35,2294.19809
-172.792778,37,2294.356435
-254.727639,37,2294.50331
-186.609459,29,2294.618617
-242.453025,37,2294.778068
-274.419042,37,2294.927674
-164.294313,28,2295.044914
-256.66942,37,2295.225969
-253.509393,37,2295.399489
-254.092588,37,2295.561719
-249.348568,37,2295.733852
-239.120319,37,2295.899981
-255.640025,37,2296.056505
-249.372316,37,2296.207835
-258.015302,37,2296.367277
-268.814663,40,2296.528026
-234.948833,37,2296.679313
-253.418731,39,2296.835895
-243.623881,37,2304.500728
-244.637163,37,2304.714548
-246.475285,37,2304.886071
-213.711805,33,2305.020367
-237.674412,37,2305.180613
-253.976243,37,2305.349429
-268.982963,37,2305.644659
-246.02946,37,2305.810814
-134.070202,24,2305.923994
-254.213878,37,2306.081779
-239.781711,37,2306.245349
-274.340899,37,2306.414813
-19.51898,33,2306.574027
-263.477521,37,2306.750218
-243.417414,38,2306.914485
-258.718133,37,2307.062299
-141.694903,37,2307.212126
-241.4545,37,2307.363608
-254.099944,37,2307.529445
-260.071701,37,2307.681021
-264.130891,40,2307.870592
-242.474283,37,2308.034693
-252.800415,37,2308.197801
-265.655836,37,2308.579578
-273.902993,37,2308.99618
-260.30245,37,2309.212483
-252.40811,37,2309.376598
-308.576913,48,2309.567387
-235.27471,37,2309.726236
-236.06411,37,2309.876349
-203.296324,31,2310.008417
-257.311338,37,2310.183823
-251.048961,37,2310.588855
-264.545809,37,2310.758527
-270.246147,37,2310.912418
-28.664153,21,2311.069246
-236.459051,36,2311.298429
-238.957668,37,2311.500384
-244.130988,37,2311.74767
-237.993568,36,2311.977214
-225.153578,34,2312.320307
-183.728518,32,2312.534331
-256.957275,38,2312.846646
-139.990192,25,2313.030965
-253.190845,37,2313.258764
-259.555149,37,2313.439279
-258.883928,37,2313.600447
-163.542453,42,2313.775623
-255.963214,37,2313.924141
-254.976287,37,2314.085429
-265.916049,37,2314.247088
-252.747369,37,2314.404503
66.128384,22,2314.501356
-261.694911,37,2314.67407
-265.320678,37,2314.82704
-258.177294,37,2314.97061
-142.886167,37,2315.126827
-255.353058,36,2322.129645
-238.770875,37,2322.368782
-251.384269,37,2322.528649
-254.705858,37,2322.68165
-226.23192,35,2322.823995
-245.463695,37,2322.967579
-250.503959,37,2323.120728
-142.344964,37,2323.282459
-236.632207,37,2323.431965
-237.99019,37,2323.588945
-245.391903,37,2323.738815
-246.535522,37,2323.886946
-247.97234,37,2324.039479
-252.502319,37,2324.198208
39.046948,27,2324.3117
-253.874542,37,2324.461661
-160.469326,26,2324.573833
-133.658921,22,2324.663931
-244.578043,37,2324.816811
-548.436455,101,2325.236184
-140.465537,22,2325.324581
-240.948595,37,2325.478712
-243.542846,37,2325.633771
-259.201175,37,2325.781574
-245.064874,37,2325.931065
-245.069175,37,2326.081334
-165.55843,28,2326.192658
-239.658887,37,2326.343668
-148.915438,25,2326.443789
-294.908827,46,2326.63731
-253.913427,37,2326.793584
-250.012034,37,2326.945173
-268.09575,37,2327.106592
-252.608379,37,2327.265704
-141.638491,23,2327.363142
-254.17509,50,2327.717043
-248.140799,37,2327.872249
-140.47284,37,2328.034257
-241.709867,37,2328.193963
-175.76766,28,2328.31032
-92.389155,31,2328.446738
-231.805579,35,2328.591654
-261.01649,37,2328.75131
-259.966863,37,2329.315515
-142.834979,22,2329.477702
-247.941431,37,2329.658112
-165.684691,28,2329.774821
-259.600705,37,2329.927265
-159.660167,37,2330.081031
-255.393393,37,2330.250265
-254.78204,37,2330.409314
-231.89046,37,2330.567163
-239.800559,37,2330.730034
-399.283672,58,2330.972635
-185.088282,29,2331.094436
-258.638922,37,2331.243904
-262.061628,37,2331.392831
-321.913244,48,2340.81973
-187.638875,30,2340.949409
-34.591777,21,2341.03612
-255.705587,37,2341.210736
-263.116175,37,2341.3708
-217.663989,33,2341.546199
245.532467,34,2341.740222
-76.515113,43,2341.927323
-54.408348,28,2342.045424
-241.426511,37,2342.187831
-272.874508,37,2342.343485
-232.249818,37,2342.498596
-253.440195,37,2342.651988
-238.331226,37,2342.812016
53.678801,26,2342.927988
-79.001794,29,2343.046897
-245.197548,37,2343.202609
-232.40465,36,2343.34652
-248.351463,37,2343.506517
-264.694504,37,2343.666517
-267.792056,37,2343.813672
-241.626917,37,2343.975556
-58.888936,25,2344.079388
-34.78313,23,2344.173614
-139.275402,40,2344.35376
-207.840121,32,2344.48596
-248.888669,37,2344.640807
-247.382827,37,2344.799731
-123.933674,21,2344.887898
-240.923287,37,2345.046906
-252.427366,37,2345.208857
-235.412327,36,2345.36141
-248.911777,37,2345.520204
-246.267377,37,2345.676596
-264.572949,37,2345.828917
-333.086664,51,2346.041935
-263.06107,37,2346.196743
-267.401878,37,2346.350627
-71.216819,28,2346.464701
-141.95499,23,2346.553902
-42.388828,23,2346.648471
-292.852891,44,2346.833195
-264.444348,37,2347.004644
-245.778661,37,2347.154133
-255.065448,37,2347.305487
-250.926926,37,2347.460891
-252.020166,37,2347.62055
-239.846273,37,2347.774386
-238.60641,37,2347.923774
-249.421886,37,2348.084851
-206.157193,34,2348.22783
-292.349816,43,2348.406413
-249.130415,37,2348.556618
-248.934484,37,2348.710757
-254.051706,37,2348.865849
-242.490538,37,2349.021709
-262.4618,37,2349.184692
-250.389496,37,2349.479177
-239.499402,37,2357.633511
-50.494691,25,2357.750702
-258.291609,37,2357.907509
-233.223225,37,2358.058125
-230.76624,37,2358.215348
-240.735838,37,2358.362356
-258.441908,40,2358.530125
-329.782262,47,2358.722063
-36.348975,22,2358.926118
-251.615156,37,2359.131298
-247.408388,37,2359.282756
-253.928598,37,2359.436508
-254.558604,37,2359.595413
-34.788329,22,2359.690794
-234.024322,37,2359.847198
-261.333216,37,2360.005581
-44.582685,25,2360.108665
-263.203862,37,2360.275228
-131.928517,58,2360.543837
-244.183213,37,2360.697052
-242.167971,37,2360.840635
-260.504307,37,2360.993955
-242.524344,37,2361.138714
-272.29096,37,2361.293803
-258.087365,37,2361.447038
-259.060026,37,2361.591264
-191.450883,29,2361.720301
-261.447145,37,2361.875595
-248.621822,37,2362.0304
139.467912,53,2362.257711
-183.742332,29,2362.38043
-154.741763,27,2362.491166
-245.905018,37,2362.640116
-19.563779,20,2362.722551
-264.667495,37,2362.881567
-254.322265,37,2363.040727
-234.27078,37,2363.197254
-239.285782,37,2363.357174
-232.632295,37,2363.505969
-206.434942,33,2363.640972
-99.811674,36,2363.792248
-259.074308,37,2363.951925
-240.689506,37,2364.105829
-244.470396,37,2364.265758
-251.598742,37,2364.481908
-264.04189,37,2364.702652
-45.974105,24,2364.914101
-286.800288,46,2365.40922
-189.526077,31,2365.726242
-255.252277,37,2366.047743
-67.88355,27,2366.255141
-242.238467,37,2366.584353
-257.187359,37,2366.814649
-133.074918,22,2366.935522
-235.627456,37,2367.097425
-252.784749,37,2367.250679
-190.583202,34,2367.382162
-258.245965,37,2379.497126
-128.164255,20,2379.630124
-250.742069,37,2379.82992
-251.066031,37,2380.05274
-243.941545,38,2380.263403
-231.437826,37,2380.472561
-257.817641,37,2380.699533
-243.848605,37,2380.880197
-252.108775,37,2381.103376
-255.209714,37,2381.464347
-190.3571,32,2381.740644
-247.184956,37,2382.099884
-257.924526,37,2382.512017
-251.482731,37,2382.755696
-249.617034,37,2383.116572
-202.425446,31,2384.081396
-269.578091,37,2384.468865
-245.735089,37,2384.834437
-248.836284,37,2385.179907
-82.448165,31,2385.461851
-248.615283,37,2385.78447
-165.648493,28,2386.046264
-624.849037,101,2387.050123
129.465486,45,2387.455894
-248.863877,37,2388.348613
-151.355719,37,2388.727698
-239.506756,37,2389.104474
-264.715983,37,2389.457969
-244.051939,36,2389.789312
-250.920803,37,2390.13582
-162.739529,27,2390.402492
-224.10657,49,2390.817317
-236.400451,37,2391.152278
-255.395177,37,2391.529001
-246.197845,38,2391.896645
-260.414803,37,2392.256676
-242.255235,37,2392.604339
-256.566297,37,2393.222563
-259.431673,37,2393.573939
-144.353055,37,2393.907103
-215.423735,34,2394.192623
-254.624327,37,2394.528647
-299.842333,42,2394.920228
-84.278442,29,2395.200672
-235.220969,37,2395.536564
-249.847374,37,2395.874705
-254.520615,37,2396.207339
-263.402177,37,2396.535762
-141.325479,37,2396.849754
-135.495081,22,2397.027554
-248.591664,37,2397.344657
-198.907529,34,2397.619806
-235.056663,37,2397.911651
-250.274979,37,2398.214565
-239.530915,37,2398.597621
-257.710639,37,2399.570856
-154.934139,37,2420.656852
-255.318269,37,2420.901532
-714.067454,95,2421.586683
-243.899116,37,2421.85956
-367.695485,54,2422.265653
-249.661189,37,2422.58358
192.121574,19,2422.716966
-260.84729,37,2423.001959
-250.239506,37,2423.283207
-245.557541,37,2423.577703
-254.341192,37,2423.885761
-258.060105,37,2424.187355
-205.889776,33,2424.467218
-239.222872,37,2424.791967
-258.712534,37,2425.060297
-248.549338,37,2425.289931
-533.417554,101,2425.912467
-228.436086,35,2426.209311
-235.724646,37,2426.48217
-253.471181,37,2426.738639
-276.018169,37,2427.016182
-234.865857,36,2427.281716
-358.121408,86,2427.904115
-262.265268,37,2428.157726
-117.820983,34,2428.381141
-286.382929,42,2428.682948
-261.050045,37,2429.554164
-571.047356,101,2430.376209
-240.516652,37,2430.921382
-240.80358,37,2431.298955
-241.738702,37,2431.547664
-242.036649,37,2431.821243
-234.652318,37,2432.093435
-173.742771,29,2432.298323
-269.108138,37,2432.552338
-245.233908,37,2432.874611
-254.72742,37,2433.13994
-74.189534,29,2433.355874
-238.245357,37,2433.617791
-252.483866,37,2433.881995
-251.931556,38,2434.154185
-245.658138,37,2434.410879
-147.893749,26,2434.613615
-129.267603,36,2434.883109
-45.358237,37,2435.168592
-13.618733,49,2435.547392
-270.301076,37,2435.826242
-268.172678,37,2436.097633
-258.67326,37,2436.380236
-255.614254,37,2450.676902
-191.828875,32,2451.010734
-84.263794,43,2451.641138
-263.253669,37,2451.936275
-57.059945,26,2452.116697
-156.114708,27,2452.29759
-370.332011,57,2452.713493
-253.827177,37,2453.002806
-266.402172,37,2453.284682
-227.431339,35,2453.531554
-257.84557,37,2453.806835
-238.221982,37,2454.318914
-247.951074,37,2454.626516
-247.860996,37,2454.958119
-251.727569,37,2455.25197
-127.805648,36,2455.553039
-241.610556,37,2455.834771
-242.555356,37,2456.136341
-240.136981,37,2456.424781
-260.216274,37,2456.698308
-179.682892,32,2456.937763
-124.622709,36,2457.191384
-245.177974,37,2457.459125
-231.080745,35,2457.721236
-222.431547,33,2457.990549
-247.827708,38,2458.258182
-240.55934,37,2458.533858
-247.431512,37,2458.895393
-270.943067,37,2459.794348
-253.452923,37,2460.188371
-251.06427,37,2460.589248
-133.937036,21,2460.809896
-249.78625,37,2461.225005
-267.645133,37,2461.661034
-29.670203,22,2462.020022
-251.02802,37,2462.608566
-238.701203,37,2463.167001
-254.108283,37,2463.624781
-241.906441,37,2463.998342
-298.750823,54,2464.444066
-242.695767,37,2464.707779
-150.5588,25,2464.892147
-208.039708,34,2465.164308
-301.408139,66,2465.660726
-255.677381,37,2465.929155
-248.47054,37,2466.199435
-249.486859,37,2466.470342
-243.82061,37,2466.74676
-258.857908,37,2467.03088
-162.713724,28,2467.24565
-237.863382,37,2467.526838
-245.68652,37,2467.809301
-252.628511,37,2468.093009
-257.570313,37,2468.343864
-236.283476,35,2468.591807
-270.292211,37,2468.866888
-250.640611,37,2483.762007
-231.93452,37,2484.044835
-246.200175,37,2484.307734
-236.277082,36,2484.590643
-143.953271,37,2484.867659
-243.119863,37,2485.122066
-241.013044,37,2485.397955
-132.184909,35,2485.644323
-98.02556,31,2485.85703
-251.364929,37,2486.121829
-232.189457,35,2486.390338
-240.187113,37,2486.648338
-238.600445,37,2486.90845
-104.648076,32,2487.136509
-250.901166,37,2487.404093
-192.750496,31,2487.686056
-261.777977,37,2487.955606
-27.996544,21,2488.118217
-150.989564,27,2488.338146
-263.295465,37,2488.62161
-177.832388,29,2488.826039
-265.969429,41,2489.513116
-266.306871,37,2490.13004
-232.471031,35,2490.386448
-146.212329,25,2490.576108
-253.061692,37,2490.837708
-247.588766,37,2491.109869
-264.199093,37,2491.743161
-262.356158,37,2492.050846
-261.137116,37,2492.318865
-235.263725,37,2492.587338
-246.839731,37,2492.85702
-253.722048,37,2493.096749
-223.728097,35,2493.373034
-249.483865,37,2493.708877
-242.741286,37,2494.011168
-147.518699,57,2494.479127
-255.954409,37,2494.76691
-238.29563,37,2495.054497
-236.726101,37,2495.349742
-266.994535,37,2495.641762
-243.242575,37,2495.928987
-250.876776,37,2496.372963
-244.388911,37,2496.658011
-107.729868,34,2496.910748
-172.364182,32,2497.128047
-242.957522,37,2497.374812
-228.119581,36,2497.625288
-259.832027,37,2497.889982
-248.404623,37,2498.146971
-244.837969,37,2498.41205
44.38131,40,2498.685047
-260.490279,37,2498.943289
-200.331334,32,2499.173101
-241.824382,37,2499.446164
-243.709528,37,2499.731063
-241.253582,37,2499.977898
-238.108408,37,2516.76104
-171.731651,29,2516.965012
-241.429532,37,2517.206127
-245.17182,37,2517.471775
-162.071447,40,2517.805259
-145.346445,24,2517.974074
-232.901181,37,2518.252043
-239.168154,37,2518.524839
-257.492917,37,2518.79313
-166.229504,29,2519.029808
-246.697689,38,2519.62496
-248.204972,37,2520.31741
-256.275725,37,2520.591459
-226.696276,34,2520.892534
-245.498316,37,2521.187737
-260.433722,37,2521.468157
-666.545216,101,2522.236686
-244.615367,37,2522.517785
71.086758,21,2522.667215
-130.481849,37,2522.936252
-31.43098,24,2523.121628
-263.268845,37,2523.387599
-245.838093,37,2523.666244
-262.251266,37,2523.923654
-246.881987,37,2524.202996
-249.270372,37,2524.47636
-262.439231,37,2524.753379
-193.92867,30,2524.973852
-250.821332,37,2525.239843
-252.387021,37,2525.502447
-244.222582,37,2525.749781
-254.882287,37,2526.000816
-163.692537,43,2526.308628
-238.401066,37,2526.567473
-258.978831,37,2526.824906
-271.899377,37,2527.087655
-258.079589,37,2527.379972
-226.781202,34,2527.638552
-265.028879,37,2527.88922
-244.508348,37,2528.161153
-255.744323,37,2528.438704
-243.203297,37,2528.724928
-119.079249,36,2528.972304
-248.207475,37,2529.26472
-256.266309,37,2529.546827
-256.022615,37,2530.017538
-234.329387,36,2530.565715
-244.365921,38,2530.824728
-253.510313,37,2531.06336
-20.476953,20,2531.214319
-252.442936,37,2531.500456
-249.510958,37,2531.790185
-217.260471,33,2532.027754
-26.416146,21,2532.186902
-266.61704,37,2532.455547
-231.236821,37,2532.725271
-151.196735,23,2532.898514
-261.599933,37,2546.362116
-264.676092,37,2546.636149
-259.089982,37,2546.909056
-262.325909,37,2547.173813
71.99579,20,2547.307858
-243.849434,37,2547.563808
-241.115881,37,2547.834924
-243.105773,37,2548.146468
-248.350915,37,2548.446697
-271.801741,37,2548.689337
-267.107888,37,2548.945297
-132.287787,22,2549.094878
-141.218203,37,2549.391388
-243.228821,37,2551.057812
-95.770089,31,2551.368091
-156.469421,37,2551.975441
-277.11079,37,2552.302146
-156.661926,25,2552.532728
-259.256455,37,2552.807768
-252.032772,37,2553.080775
-243.582407,37,2553.343056
-249.919124,37,2553.597748
-243.206469,37,2553.881853
-135.105641,55,2554.286604
-221.563912,33,2554.513057
-64.135262,27,2554.71099
128.559248,28,2554.904337
-265.286019,37,2555.163011
-190.91244,30,2555.389756
-260.600437,37,2555.654677
-250.213033,37,2555.937979
-237.962163,37,2556.202177
-283.452115,43,2556.540023
-126.253562,36,2556.822881
-790.878005,101,2557.635878
-259.538505,37,2558.004121
-247.731489,37,2558.384375
-263.284172,37,2558.762034
-248.235323,37,2559.28398
-264.53873,37,2559.646564
-251.417972,40,2560.098792
-250.793451,37,2560.525378
-257.283963,37,2560.964102
-30.71456,37,2562.146433
-256.729256,37,2562.54562
-260.009197,37,2562.905475
-255.164805,37,2563.17661
-245.815364,37,2563.452702
-145.759505,37,2563.718614
-155.197878,25,2563.902722
-31.057609,22,2564.08236
-233.834337,37,2564.337587
-252.78731,37,2564.611579
-252.339759,37,2564.863311
-238.114275,37,2565.122439
-258.525074,37,2565.413908
-565.668068,77,2578.787862
-141.880677,37,2579.027616
-234.642342,37,2579.288834
-124.03799,20,2579.440441
-187.435026,31,2580.184109
-115.919272,19,2580.4871
-164.512275,28,2580.721103
-237.160351,37,2580.972807
-77.168148,44,2581.272579
-259.207704,37,2582.029615
-270.410636,37,2582.351384
-62.85893,28,2582.572641
-257.827024,37,2582.87925
-233.513478,37,2583.239294
-132.076926,23,2583.432111
-257.874857,37,2583.682661
-108.193912,33,2583.894883
-244.518674,37,2584.161985
-186.926066,28,2584.353071
-236.996929,36,2584.625451
-247.253275,37,2584.879652
-242.08649,37,2585.146738
-165.738619,37,2585.408781
-239.669064,37,2585.674534
-133.411222,36,2585.916849
-241.945322,37,2586.181075
-263.357404,37,2586.456117
-268.091598,42,2586.750564
-239.892191,37,2587.004922
-232.075121,37,2587.276015
-259.299667,37,2587.538518
-254.466699,40,2587.829126
-255.039567,37,2588.082343
-419.15105,61,2588.523255
23.051826,47,2588.878717
-202.290083,33,2589.119246
-250.419184,37,2589.384485
-150.621168,41,2589.678383
-234.997495,36,2589.897708
-246.931285,37,2590.169878
-134.904685,22,2590.340764
-161.674783,26,2590.556191
-181.384097,29,2590.766025
-242.605444,37,2591.224031
-244.785527,37,2591.511051
-257.525813,37,2591.768611
-244.653373,36,2592.030046
-253.798437,37,2592.295826
-263.474446,37,2592.567492
-255.581161,37,2592.828016
-253.970096,37,2593.084986
-174.539206,30,2593.294947
-260.329466,37,2593.570468
-156.051482,25,2593.75303
-680.289982,101,2594.499937
-231.88362,37,2611.747116
-132.00825,22,2611.935835
-239.029139,37,2612.210604
-113.06477,19,2612.338254
-259.456576,37,2612.611076
-209.107075,33,2612.850347
-205.534276,33,2613.08576
-267.58434,37,2613.339869
-235.361828,37,2613.602831
-197.812955,33,2613.823905
-258.538781,37,2614.07292
-251.102524,37,2614.353937
-199.325166,31,2614.596615
-142.934327,24,2614.774303
-249.794119,37,2615.041456
-53.794484,25,2615.212963
-268.801692,37,2615.492796
-153.119355,26,2615.711033
-231.179519,36,2615.963829
-245.638317,37,2616.253549
-260.228878,43,2616.566892
-488.535789,101,2617.235726
-245.818368,37,2617.496314
-160.848911,27,2617.678369
-375.185354,51,2618.029125
-273.151322,37,2618.278948
-244.172153,37,2618.570523
-242.612008,37,2618.883317
-30.492216,21,2619.064734
-267.554768,37,2619.377306
-246.724694,37,2619.63287
-177.802195,30,2619.840535
-189.94708,30,2620.047777
-231.413431,36,2620.313454
-248.095036,37,2620.599624
-244.702635,37,2620.851961
-252.217909,37,2621.09592
-245.598377,37,2621.35273
-247.000305,37,2621.610021
-246.361998,37,2622.267573
-252.478476,37,2622.591265
-244.856649,37,2622.878781
-254.169749,37,2623.154683
-213.320128,33,2623.36535
-181.673682,29,2623.564313
-240.171209,37,2623.83309
-242.762944,37,2624.098183
-272.194562,37,2624.350773
-243.298518,37,2624.605985
-239.609031,37,2624.878909
-222.286532,34,2625.119851
-245.287955,37,2625.394865
-215.957522,35,2625.65061
-272.833014,37,2625.918427
-72.238608,27,2626.114916
-261.387954,37,2626.380773
-262.316263,37,2626.645423
-118.90258,20,2640.725793
-262.39803,37,2641.035339
-237.0392,37,2641.773554
-268.37348,37,2642.092447
-257.007031,37,2642.360775
-234.560846,37,2642.627978
-161.422578,26,2642.835384
-237.84748,37,2643.095957
-256.292772,37,2643.343305
-241.796733,37,2643.606014
-145.555773,37,2643.870475
-253.966797,37,2644.137646
-262.511143,37,2644.415282
-203.693287,31,2644.624838
-211.566691,33,2644.878289
-252.675262,37,2645.15115
-118.433397,20,2645.285974
-295.865834,45,2645.627247
-57.709938,28,2645.996371
-257.588658,37,2646.277052
-18.421166,20,2646.415587
-255.314955,37,2646.688715
-246.633732,37,2646.979764
-255.43704,37,2647.258619
-229.655376,34,2647.480386
-262.357969,37,2647.751557
-340.58402,51,2648.078452
-33.356462,24,2648.215505
-238.276697,37,2648.489754
-256.199426,37,2648.766299
-241.582624,37,2649.038021
-253.011405,37,2649.315428
74.567047,20,2649.455663
-240.209346,37,2649.722233
-92.127216,32,2649.984005
-272.586992,41,2650.298289
-217.141059,35,2650.593934
-246.364338,42,2650.927968
-142.84492,25,2651.092021
-268.939048,37,2651.390066
-206.34856,32,2651.715686
-239.709558,37,2652.078574
-145.014215,37,2652.488599
-238.175799,37,2652.893081
-236.941633,37,2653.443219
-145.186365,24,2653.680494
-237.721193,37,2654.075027
-185.706612,29,2654.371989
-25.465959,20,2654.588572
-58.379536,37,2654.926146
-242.233885,37,2655.442855
-84.970511,33,2655.893312
-255.10506,37,2656.314946
-260.358337,37,2656.756048
-257.290647,37,2657.056376
-249.168266,37,2657.34233
-263.838412,37,2657.612475
-492.948669,101,2658.335166
-151.190011,37,2674.514273
-57.297043,25,2674.697775
-248.633349,37,2675.004961
-202.98079,34,2675.259581
-300.265714,47,2675.641873
-250.830105,37,2675.898374
-235.294708,37,2676.180961
-77.683252,29,2676.40557
-245.395142,37,2676.673636
-246.88827,37,2676.94458
-342.706619,51,2677.301513
-154.545968,38,2677.553818
-295.421272,45,2677.855122
-235.55625,37,2678.095441
-239.614418,37,2678.343818
32.320767,27,2678.507529
-249.064777,37,2678.743988
-195.930151,45,2679.043107
-260.204546,37,2679.292188
-264.475603,37,2679.540023
-264.635343,37,2679.783991
-246.060164,37,2680.130891
-101.166001,32,2680.586629
-161.499221,28,2680.836386
-251.088089,37,2681.068512
-253.912209,40,2681.352134
-240.114985,37,2681.630653
-260.287288,37,2681.897073
-143.980796,25,2682.076053
-269.611421,37,2682.310698
-204.985261,35,2682.587948
-190.405409,51,2682.952195
-138.012157,23,2683.109025
-239.529784,36,2683.378359
-243.464719,39,2683.666509
-132.131036,20,2683.801805
-230.09536,35,2684.053483
-209.093802,32,2684.260009
-666.211189,101,2684.963198
-254.808655,37,2685.21685
-258.984035,37,2685.470154
-360.524643,55,2685.875344
-244.299342,37,2686.13842
-35.665276,24,2686.292083
-301.278507,37,2686.539368
-240.010008,37,2687.031407
-438.011662,101,2687.775093
-240.579271,37,2688.052082
42.351162,44,2688.397468
-140.826472,23,2688.559974
-262.851247,37,2688.805984
-256.251333,37,2689.078244
-260.800482,37,2689.361262
-262.359256,37,2707.187361
-103.175029,31,2707.444834
170.675557,36,2707.712091
-271.677164,37,2707.973917
-242.827441,37,2708.23905
-257.699169,37,2708.495984
-222.324609,33,2708.72421
-255.620925,37,2708.984317
-102.07669,33,2709.19769
-185.656752,30,2709.40016
-262.952036,37,2709.658041
-236.344014,37,2709.92385
-257.463215,37,2710.181881
-241.605475,37,2710.416753
-260.466344,37,2710.688079
-261.983817,37,2710.945987
-258.121231,37,2711.18702
-243.79465,37,2711.427684
-234.382254,37,2711.704303
-39.983481,24,2711.882027
-178.369731,44,2712.200849
-254.672288,37,2712.45907
-27.83865,21,2712.604728
-256.571014,37,2712.875691
-264.016576,37,2713.146262
-19.237168,19,2713.286757
-72.10877,28,2713.492216
-258.927546,37,2713.75675
-240.819671,37,2714.037679
-240.990559,38,2714.321244
-261.410912,37,2714.591332
-264.919908,37,2714.857641
-188.342476,46,2715.167588
-137.320938,23,2715.332457
-223.421067,35,2715.579974
-186.348007,66,2716.059167
-259.487333,37,2716.33777
-180.920604,28,2716.530189
-256.882084,37,2716.770756
-250.840893,37,2717.027761
-413.174885,73,2717.861629
-274.137143,42,2718.177965
-271.476853,39,2718.424316
-249.154707,37,2718.652769
-201.67002,35,2718.905502
-254.348631,37,2719.186125
-336.987139,49,2719.593347
-237.219622,37,2719.883188
-251.467939,37,2720.147852
-256.972868,37,2720.417048
-254.289818,37,2720.714044
-248.001585,37,2720.95843
-243.131156,37,2721.205444
-262.133847,37,2721.470758
-245.091101,37,2721.745999
-241.574196,37,2736.573948
-87.3624,31,2737.262124
-234.762359,37,2737.560508
-250.925252,37,2737.808816
-249.457729,37,2738.061815
-237.198243,37,2738.319953
-239.516803,37,2738.617615
-218.72885,34,2738.857099
-138.601516,23,2739.012552
-258.001635,40,2739.292923
-251.518502,37,2739.546565
-127.778983,34,2739.789574
-131.480877,21,2739.976317
-172.728919,26,2740.174785
-274.938789,42,2740.471424
-256.596116,37,2740.768631
-49.932461,37,2741.06326
-160.295038,26,2741.245808
-137.634942,24,2741.408368
-116.419483,19,2741.537757
-113.43832,19,2741.692434
-138.448394,38,2741.960532
-243.050293,37,2742.420136
-127.153042,21,2742.658243
-138.071869,37,2742.925306
-237.426088,37,2743.228748
23.298136,28,2743.449934
-239.852665,37,2743.720013
-244.413234,38,2743.98105
-262.441289,37,2744.236617
-257.041821,37,2744.50116
-247.019477,37,2744.768615
-229.090918,37,2745.016465
-252.275627,37,2745.268796
-165.835735,27,2745.445628
-238.320412,37,2745.705751
-259.545899,37,2745.979884
-214.226855,34,2746.218818
-262.885119,37,2746.480373
-274.530073,37,2746.723242
32.748437,26,2746.893843
-261.4399,37,2747.147883
-249.248383,37,2747.399557
-248.016779,37,2747.65165
-164.1045,27,2747.864887
25.472922,48,2748.382026
-265.707609,37,2748.775081
-257.057252,37,2749.179816
-225.371164,35,2749.597321
59.820079,35,2750.007058
-255.849451,37,2750.408731
-260.792767,37,2750.793421
-122.1121,37,2751.157356
-28.05918,21,2751.377036
-241.528252,37,2751.80342
-242.066115,37,2752.237458
-159.120485,37,2752.625191
-260.753576,37,2753.028742
-194.888472,31,2753.336858
-245.75362,37,2753.587506
-243.879117,37,2768.676083
-207.219797,32,2768.915994
-29.555481,21,2769.054435
-250.790252,37,2769.289294
-318.444165,46,2769.649039
-240.659398,37,2769.909779
-242.828608,37,2770.166136
-146.913881,37,2770.423062
-188.911266,43,2770.727504
-457.213138,63,2771.167219
-353.458428,68,2771.64803
-241.821731,37,2771.910993
-225.46441,36,2772.17544
-89.265625,30,2772.380463
-268.319934,39,2772.61278
-101.806188,31,2772.831435
-233.838742,36,2773.089783
-163.389667,26,2773.261758
-151.525352,25,2773.433777
-222.846562,35,2773.693977
-252.146989,38,2773.969315
-145.096573,24,2774.140007
-168.325691,28,2774.344824
-234.315787,37,2774.619902
-243.249022,37,2774.872135
-266.827902,37,2775.128889
-258.130764,37,2775.37514
-235.9761,37,2775.643158
-248.641015,37,2776.263878
-254.65623,37,2776.543367
-281.729045,49,2776.876396
-256.822594,37,2777.115664
-129.421689,21,2777.248645
-60.001891,27,2777.424531
-26.623489,37,2777.679841
-257.42626,37,2777.916767
-259.595854,37,2778.169843
-233.761386,35,2778.408761
-69.318024,27,2778.586626
-240.331206,37,2778.832425
-256.130173,37,2779.100878
-252.874,37,2779.371286
-52.414636,50,2779.735856
-260.643777,37,2780.010733
-233.047811,37,2780.301621
-129.35523,20,2780.451817
-260.837747,37,2780.721245
-15.37799,20,2780.865955
-256.900224,37,2781.114376
-253.75019,37,2781.369719
-248.412103,37,2781.796981
-259.663212,37,2782.085187
-190.135467,33,2782.336474
-261.022933,37,2782.603822
-255.345436,37,2782.867459
-160.597254,27,2783.046029
-286.878108,45,2783.39029
-15.81045,19,2783.531667
-26.728532,23,2798.368841
-123.16063,20,2798.518564
-261.844428,37,2798.702597
-239.994237,37,2798.883528
-133.262208,37,2799.037979
-150.648434,37,2799.193434
-146.706396,37,2799.377977
-252.370478,37,2799.546947
-621.045577,96,2799.945855
-179.188338,29,2800.071125
-349.638149,54,2800.304535
-265.851704,37,2800.450802
-240.299421,37,2800.605829
-247.223833,37,2800.761093
-129.991704,20,2800.842961
-241.765052,37,2800.999114
-293.081235,43,2801.170547
-240.37957,37,2801.330298
-39.135029,25,2801.430734
-220.312574,35,2801.580599
-253.918644,37,2801.732848
-242.662351,37,2801.881032
-32.19988,22,2801.968662
-255.072638,37,2802.114696
-139.312834,23,2802.209772
-20.841262,35,2802.347459
61.310617,23,2802.438591
-196.174981,29,2802.556914
-232.302626,36,2802.702217
-149.415375,37,2802.855372
-245.149873,37,2803.007026
-245.733701,37,2803.162893
-70.391589,29,2803.283447
-62.699596,26,2803.394364
-244.169337,37,2803.542007
-153.071901,24,2803.646434
-154.440042,24,2803.741482
-253.02505,37,2803.889159
-254.548943,37,2804.041
-268.016911,37,2804.191122
-257.808129,37,2804.342996
-238.810514,37,2804.490252
-142.69912,37,2804.653554
-260.470578,37,2804.805251
-50.233688,24,2804.902562
-132.7712,22,2804.991983
-253.681942,37,2805.1584
-228.059442,36,2805.307822
-238.146623,37,2805.461087
-219.525661,34,2805.602387
-291.386672,37,2805.752837
-247.377999,37,2805.907665
216.121054,44,2806.090541
-154.643667,26,2806.19574
-237.681489,37,2806.354971
-241.514414,37,2806.505971
-258.942057,37,2806.656126
-249.367696,37,2806.819355
-248.591405,37,2814.240954
-232.267021,36,2814.629396
-245.739649,37,2814.792259
-265.065948,37,2814.944924
-45.569917,24,2815.04599
-211.789488,32,2815.18525
58.298586,23,2815.278238
-196.880042,45,2815.467291
-42.661748,23,2815.559163
-104.160446,35,2815.717293
-264.21085,37,2815.872118
-239.492338,36,2816.035824
-247.53882,37,2816.189225
-243.229892,37,2816.341452
-256.83539,37,2816.496574
-251.235685,37,2816.659223
-242.601643,37,2816.814469
-257.590325,37,2816.968038
-258.564101,37,2817.113492
-257.016465,37,2817.255335
-258.020205,37,2817.417916
-245.372259,37,2817.566592
-256.798053,37,2817.710954
-24.353279,20,2817.790116
-68.250106,43,2818.085534
-261.944104,37,2818.246164
-256.141139,37,2818.401823
-252.457446,37,2818.552352
-239.042992,37,2818.702395
-264.057683,37,2818.854669
-252.673091,37,2819.004536
-251.131976,37,2819.154959
-60.485699,38,2819.317637
-252.492321,37,2819.472764
-18.427302,19,2819.555002
-102.630159,32,2819.683077
-148.611948,37,2819.832551
-246.912399,38,2819.982603
-161.052636,37,2820.140817
-282.652631,37,2820.283212
-255.681657,37,2820.440015
-236.633478,37,2821.118901
-126.073724,19,2821.341499
-258.265004,37,2821.616189
-229.84239,36,2821.774119
-118.515773,19,2821.851505
-190.893235,29,2821.9767
-233.999966,36,2822.124313
-258.11913,37,2822.282822
-128.161357,35,2822.429628
-252.476914,37,2822.583267
-156.626275,41,2822.752803
-247.252872,37,2822.905435
-37.015545,22,2823.000173
-272.348066,37,2823.15176
-255.337419,37,2823.305482
-298.043377,45,2823.55291
-244.631128,37,2823.79022
-254.217645,37,2824.246792
-137.55517,34,2832.901594
-242.512294,37,2833.108711
-157.096337,25,2833.221217
52.064022,27,2833.331374
-254.713169,37,2833.483299
-24.474309,22,2833.577573
-207.412895,33,2833.712915
-236.929987,37,2833.863764
-235.347293,36,2834.012497
-64.129269,26,2834.118591
241.220734,31,2834.249741
62.250208,36,2834.713563
-128.090594,35,2834.861444
-166.718107,26,2834.973865
-250.054411,37,2835.127526
-249.600664,39,2835.303716
-123.128619,20,2835.383072
-264.742077,37,2835.538046
-26.933593,21,2835.628378
-246.874949,37,2835.781056
-259.271413,37,2835.927352
-243.680814,37,2836.073225
-245.57292,37,2836.229898
-144.919406,23,2836.330948
-25.959558,36,2836.47954
-200.199473,32,2836.614809
-175.053496,30,2836.741142
-236.269177,37,2836.888961
-687.219423,97,2837.299003
-261.262346,37,2837.463263
-156.361648,38,2837.617527
-250.854319,37,2837.766619
-116.531327,18,2837.836202
-282.761355,37,2837.982883
-147.982141,38,2838.142316
-259.944515,37,2838.293051
-237.482147,37,2838.440998
-246.909003,37,2838.592721
-151.033779,26,2838.702211
-297.971544,86,2839.057614
-167.581547,27,2839.18108
-264.041114,37,2839.331441
-234.396765,37,2839.476733
-297.561352,45,2839.658141
-252.639595,37,2839.806288
-345.870815,49,2840.023482
-252.737557,37,2840.172807
-258.365491,37,2840.327262
-31.880793,35,2840.469962
-133.274469,22,2840.55697
-214.810447,34,2840.69701
-263.331268,37,2840.841831
-245.144601,37,2840.983952
-168.533218,26,2841.092881
-242.132029,37,2841.457488
-356.263161,95,2841.859598
-233.796613,37,2852.867262
-56.406706,37,2853.052805
-149.040656,24,2853.175511
-265.24202,37,2853.32656
-62.472827,61,2853.577198
-237.980205,37,2853.742989
-235.054223,37,2853.894966
-142.877243,24,2853.996874
51.224658,23,2854.092807
-134.165328,23,2854.189887
-256.491736,38,2854.352312
-239.024877,37,2854.503877
-233.675806,37,2854.657327
-262.273502,37,2854.807974
-241.581332,37,2854.963169
-266.078044,37,2855.117776
-127.371499,34,2855.25926
-248.250839,37,2855.421372
-75.834438,27,2855.532432
-678.172285,101,2855.950662
-162.531996,27,2856.065264
-233.054616,37,2856.218226
-143.187423,23,2856.31428
-152.921015,25,2856.415751
27.016228,29,2856.535629
-244.183965,37,2856.687366
-238.95048,37,2856.839814
-243.481703,37,2856.99293
-257.928135,37,2857.142004
-22.564875,35,2857.294483
-250.674277,37,2857.448737
-240.585784,37,2857.598256
-393.449745,57,2857.831373
-167.024907,26,2857.936189
-261.832119,37,2858.092538
-252.824793,37,2858.245573
-98.757027,53,2858.46798
-261.102129,37,2858.617423
87.226702,51,2858.838061
-311.095555,66,2859.110571
-237.078398,37,2859.264962
-266.476174,37,2859.412616
-235.816018,35,2859.555825
-248.279097,37,2859.707995
-145.389983,23,2859.799621
-72.412167,28,2859.913123
-253.902095,37,2860.069829
-256.079472,37,2860.221206
-149.833854,37,2860.372741
-250.781879,37,2860.526868
-251.294886,37,2860.682686
-129.539612,21,2860.770566
-225.186184,35,2860.915251
-91.737425,31,2861.037573
-254.093848,37,2861.190492
-272.14465,37,2868.218075
-242.992321,37,2868.437049
-236.427767,37,2868.625024
-175.813634,29,2868.760799
-266.085261,37,2868.923687
-133.18163,22,2869.017161
-321.870733,54,2869.246557
-141.513089,24,2869.353899
-236.561421,37,2869.531742
-23.372804,33,2869.670647
-244.628135,38,2869.830502
-129.479,21,2869.92015
-219.490215,33,2870.062247
-241.767948,37,2870.214904
197.662493,33,2870.35705
-182.207977,29,2870.476141
-260.013287,37,2870.659552
-70.678346,27,2871.126267
-16.965023,19,2871.23613
-264.785167,37,2871.414364
-243.885588,37,2871.571403
-237.542271,37,2871.736271
-143.854704,24,2871.844757
-293.492794,45,2872.039983
-260.371953,37,2872.193092
-247.51527,37,2872.344876
-245.978408,37,2872.511216
-258.987623,37,2872.661078
-130.884793,58,2873.06562
-125.135893,36,2873.232948
-174.735249,28,2873.350696
-537.520048,101,2873.786844
-251.768579,37,2873.942485
-239.450459,37,2874.104174
-259.958159,41,2874.283335
-237.869302,37,2874.437182
-269.613455,37,2874.601443
-79.487112,28,2874.731954
-90.416961,34,2874.880631
-239.3536,37,2875.045919
-135.381653,23,2875.152494
-246.859265,37,2875.312575
-31.422404,37,2875.482033
-240.294489,37,2875.637752
-245.420471,37,2875.800251
-141.959001,37,2875.963269
-232.758565,38,2876.127663
-243.246652,37,2876.287856
-262.285631,37,2876.453345
-162.185019,26,2876.559881
-256.246037,37,2876.713053
-269.12743,37,2876.868575
-259.92521,37,2877.024152
-262.467904,38,2877.189128
-240.03528,37,2877.347813
-398.064886,89,2887.116955
-260.545234,37,2887.342504
-245.96722,37,2887.512664
-248.210705,37,2887.664227
-253.818992,37,2887.807735
-26.204413,20,2887.890867
-231.297432,36,2888.039912
-265.266281,37,2888.191473
-238.509549,37,2888.361369
-245.927586,37,2888.507392
-57.20324,26,2888.615493
-38.460292,22,2888.709741
-251.42497,37,2888.860671
-259.556434,37,2889.005705
38.872447,26,2889.128247
-158.002639,27,2889.334252
-239.713823,37,2889.780261
-653.800837,89,2890.197161
74.91662,21,2890.285483
-251.454214,37,2890.439033
-261.297407,37,2890.590885
-260.777525,37,2890.74905
-254.956081,37,2890.899712
-261.94772,37,2891.074082
-132.855829,35,2891.229354
-53.233202,26,2891.337459
-252.886454,37,2891.487979
-267.436307,37,2891.646057
-58.492263,27,2891.758438
-147.691918,23,2891.863243
-241.005062,37,2892.012485
-263.485987,37,2892.16381
-226.904823,35,2892.309936
-233.596132,36,2892.467598
-35.106222,23,2892.56175
-249.829692,37,2892.731078
-257.45958,37,2892.880845
-272.626767,37,2893.029087
-245.956478,37,2893.186364
-510.077414,101,2893.62352
-259.746907,37,2893.773142
-251.36143,37,2893.938174
-124.727621,21,2894.021644
-285.330797,37,2894.179364
-5.441038,32,2894.304869
-148.463241,23,2894.397822
-137.414062,24,2894.495874
-280.384216,44,2894.675764
-239.102043,37,2894.836276
-237.095691,37,2895.000576
-21.57115,19,2895.076553
-141.728921,23,2895.178093
-255.090383,37,2895.339628
-298.689163,44,2895.530631
-150.902427,26,2895.639512
-142.163489,24,2895.747084
-252.247514,39,2895.905478
-94.270678,29,2896.022439
-39.501847,23,2896.239723
-74.289539,28,2896.36871
-257.8689,37,2906.677707
-49.669779,23,2906.797369
-264.26458,41,2906.979319
-243.453245,37,2907.134949
-259.288056,37,2907.299551
-261.876309,37,2907.460305
-151.207495,24,2907.557582
109.377538,66,2907.837825
-243.593412,37,2908.007417
-253.703934,37,2908.164304
-265.640219,37,2908.327712
-27.386493,21,2908.411681
-18.367434,20,2908.500264
-247.567037,37,2908.653415
-120.714655,20,2908.741564
-250.565799,37,2908.89293
-249.493064,37,2909.058408
-234.260808,37,2909.231128
-165.282756,28,2909.764201
-240.533375,37,2909.953851
-69.787721,28,2910.086626
-59.19516,40,2910.262852
-169.291276,27,2910.381531
-63.47874,28,2910.524763
-253.827612,37,2910.691972
-259.76084,37,2910.867834
-255.641354,37,2911.33647
-236.092354,37,2911.60131
-258.176211,37,2911.765878
-249.935958,37,2911.9209
-124.459288,19,2912.002686
-263.833311,37,2912.164238
-275.805287,41,2912.353873
-172.69933,27,2912.473422
-259.423471,37,2912.648702
-237.990099,37,2912.827185
-166.088799,28,2912.952036
-176.867778,40,2913.147457
-258.101202,40,2913.318194
-255.612677,37,2913.467632
-116.226023,18,2913.545355
-162.78741,25,2913.654415
-263.867585,37,2913.820176
-34.312758,22,2913.908552
-247.615904,37,2914.076636
-159.642423,26,2914.185372
-246.178775,37,2914.348731
-103.056063,33,2914.488618
-131.778748,22,2914.583732
-165.564805,28,2914.69963
-33.444305,22,2914.795664
-255.231316,37,2914.957707
-250.033119,37,2915.113556
-179.835645,28,2915.242371
-237.889582,36,2915.407223
-239.116181,37,2915.561473
-261.790014,37,2915.716262
-202.603827,46,2915.905019
-234.653465,37,2916.058152
-484.194451,101,2924.098091
-256.991476,37,2924.26054
-262.396119,37,2924.41078
-245.172313,37,2924.558963
-161.993969,25,2924.657921
-152.240176,26,2924.761995
-247.387834,37,2924.91063
-118.48384,33,2925.03923
-44.092509,45,2925.232376
-116.587899,18,2925.322218
-250.958711,37,2925.490122
-237.263298,37,2925.645293
-269.761875,37,2925.805943
-249.132043,37,2925.954919
-26.622142,20,2926.033166
-43.826307,23,2926.133166
-258.406662,37,2926.293519
-37.772645,23,2926.392503
-113.109351,36,2926.542429
-246.770943,37,2926.697469
-257.293441,37,2926.843538
-244.508914,37,2926.992006
-169.191936,28,2927.107993
-161.659727,28,2927.217529
-245.504584,71,2927.511632
-237.326561,36,2927.654469
-120.675733,19,2927.738783
-252.275339,37,2927.896558
-255.566082,37,2928.049497
-150.126646,24,2928.148152
-259.570524,37,2928.30236
-253.225468,37,2928.926417
-244.772659,37,2929.108673
-197.413861,33,2929.241021
-159.340385,37,2929.450473
-93.721718,31,2929.590363
-249.866603,37,2929.752065
-161.27139,26,2929.867729
-106.412502,33,2930.003737
-307.976875,46,2930.196728
-149.795763,24,2930.297107
-126.423863,19,2930.366811
-89.454407,30,2930.488473
-143.650216,37,2930.636186
160.673515,48,2930.850355
-160.097667,26,2931.031674
-335.184643,49,2931.325382
-259.781382,37,2931.501535
-362.906183,48,2931.719141
-243.905208,37,2931.872577
-157.495388,27,2931.990812
-162.347302,26,2932.096862
-121.343943,36,2932.241849
53.113464,27,2932.349167
-215.507987,34,2932.489217
184.255496,36,2932.639763
-247.041825,37,2932.797976
-125.807853,20,2932.873429
-125.185163,55,2933.103176
-237.809718,37,2933.252809
-256.445318,37,2942.989557
-256.251346,37,2943.152579
-58.100064,25,2943.25577
-138.789289,37,2943.415359
-257.186619,37,2943.565803
-193.977751,33,2943.708396
-246.66713,38,2943.863233
-142.587587,37,2944.019399
-185.648478,28,2944.13496
-240.540006,37,2944.289431
-299.577851,45,2944.473569
-256.38169,37,2944.668811
-242.69364,37,2944.887694
-120.796461,19,2944.979376
-198.255436,33,2945.122258
-27.492264,23,2945.213317
-258.405128,37,2945.373648
-251.138475,37,2945.529812
-236.077264,37,2945.689924
-166.968697,26,2945.802841
-230.433589,35,2945.94561
-243.302488,37,2946.128124
-691.463448,101,2946.561026
-247.459213,37,2946.711097
-261.439387,37,2946.861874
-255.014483,37,2947.012982
-200.941269,31,2947.134003
-133.496472,21,2947.218723
-108.390742,37,2947.37425
-48.498579,23,2947.467307
-130.209318,20,2947.551769
-240.754217,37,2947.705049
-410.375036,83,2948.420426
-587.560221,101,2948.859801
-293.386126,45,2949.042729
-215.559749,33,2949.183413
-222.848344,34,2949.331161
-251.027892,37,2949.487075
-256.032953,37,2949.63811
-166.402018,26,2949.747765
-121.346368,19,2949.836264
-34.910584,22,2949.93751
-251.354962,37,2950.10147
-259.437766,37,2950.258101
-379.660277,54,2950.485151
-238.549604,37,2950.641684
-29.685945,21,2950.739131
-256.072302,37,2950.908602
-156.429853,26,2951.017819
-162.093453,37,2951.171917
-133.901261,37,2951.321172
-83.535452,44,2951.50411
-53.248619,27,2951.611112
-218.96173,34,2951.755043
-112.858435,19,2951.84282
-258.173125,37,2958.345514
-266.657137,37,2958.572552
-52.061441,26,2958.687633
-133.820892,22,2958.88983
-181.979106,43,2959.082986
-242.024296,37,2959.236458
-252.439766,38,2959.394428
-199.94146,32,2959.519424
-269.018449,42,2959.691225
-240.258918,37,2959.844677
-256.781412,37,2959.997884
-149.249831,37,2960.156685
-128.477141,36,2960.305169
-20.723291,19,2960.38344
-270.638001,42,2960.553594
-242.317996,38,2960.72216
-94.801832,70,2961.028737
-127.166125,34,2961.170612
-251.24229,36,2961.32016
-154.359911,24,2961.419095
-146.623849,25,2961.526146
-260.657519,37,2961.686806
-256.032743,37,2961.857518
-242.01927,37,2962.009501
-65.475725,28,2962.128814
-237.467096,37,2962.285389
-56.199115,24,2962.384474
-130.339471,23,2962.482225
-257.858286,37,2962.635219
-95.770406,61,2962.891067
-260.563097,37,2963.049654
-133.299914,37,2963.195379
-242.109315,37,2963.345076
-246.533622,37,2963.498183
-59.150209,26,2963.605818
-238.059381,37,2963.754176
-259.217061,37,2963.904356
-252.7186,37,2964.066364
-247.751433,37,2964.218131
-239.566723,37,2964.420762
-252.929417,37,2964.685538
-63.401801,26,2964.899268
-253.730688,37,2965.153977
-325.184196,49,2965.680017
-171.017685,27,2965.971092
-253.472356,37,2966.375414
28.173794,30,2967.005202
-249.129204,37,2967.557655
-165.61505,38,2967.968428
-259.542331,39,2968.373421
-252.098353,37,2968.730896
-136.674043,37,2969.125758
-70.294259,27,2969.387772
-262.035367,37,2969.692502
-153.936901,37,2969.934556
-232.941184,37,2970.108117
-221.808916,34,2970.265528
-254.478693,37,2970.418723
-125.770083,21,2977.958589
-220.977265,34,2978.159146
-125.958199,34,2978.304174
-60.818601,25,2978.412561
-12.464362,19,2978.495986
-249.67901,37,2978.64455
-242.312801,37,2978.798496
-235.558036,37,2978.953509
-236.07394,37,2979.103878
-243.908214,37,2979.256988
-46.242471,24,2979.354446
-128.689899,36,2979.501484
-175.663816,29,2979.619329
-149.433261,23,2979.71563
-193.559822,31,2979.851857
-248.3238,40,2980.017294
-241.926687,37,2980.167562
-57.923475,37,2980.312228
-143.813177,23,2980.410711
-21.618152,19,2980.498811
-130.806692,36,2980.691074
-178.979107,28,2980.810474
-13.340187,41,2981.000016
-11.540301,19,2981.081442
-157.931426,26,2981.201264
-190.524597,44,2981.401369
-90.236497,30,2981.528213
-39.048846,23,2981.625686
-149.989964,37,2981.775908
-251.046137,37,2981.932825
-240.354818,37,2982.082757
-241.636504,37,2982.234667
-248.76097,37,2982.398406
-183.66523,30,2982.515775
-236.827049,37,2982.662176
-209.835809,33,2982.79917
-39.257298,23,2983.015949
-543.244235,75,2983.334029
-243.064807,37,2983.485771
-53.363726,25,2983.599921
-262.62808,37,2983.749122
-27.76398,21,2983.837619
-215.726037,33,2983.971608
-256.254477,41,2984.147404
-258.593391,37,2984.300385
-324.230033,48,2984.50607
-223.792125,48,2984.70708
-260.29902,37,2984.863465
-187.997559,30,2984.984666
-125.780475,20,2985.064585
-134.430243,22,2985.157891
-251.086386,37,2985.312214
-139.768378,21,2985.397617
-58.793803,37,2985.551193
-241.629074,37,2985.706039
-254.43465,37,2985.860973
-23.429649,21,2985.950853
-563.643754,101,2986.690214
-253.347403,37,2986.867643
-82.243809,30,2986.994032
72.933886,21,2987.080435
-82.937931,28,2995.080682
-248.51533,52,2995.342081
-77.002542,32,2995.474107
184.73758,27,2995.582573
-252.264712,37,2995.73968
-248.033233,37,2995.904687
-43.847451,22,2995.995273
-24.780447,21,2996.080208
-85.152682,29,2996.197937
-241.728952,37,2996.351045
-251.105813,37,2996.506904
-245.25261,37,2996.662929
-687.50282,101,2997.077314
-287.961388,44,2997.26121
-259.189773,37,2997.419852
-264.891509,41,2997.584744
-247.639493,37,2997.735299
-37.143522,23,2997.838439
-243.525424,37,2997.990753
-112.675322,32,2998.119051
-239.324303,37,2998.276091
-24.704177,19,2998.349375
-254.149016,37,2998.501871
-132.227889,23,2998.598756
-249.819487,37,2998.759511
-249.781391,37,2998.908655
-255.068904,39,2999.077697
-164.942785,28,2999.200112
-231.979708,36,2999.34831
-144.624393,25,2999.452298
-196.341501,32,2999.591527
-31.171251,21,2999.675643
-29.668272,22,2999.765742
-235.191613,35,2999.909622
-198.123339,33,3000.045662
-234.371853,37,3000.200062
-262.610933,37,3000.356331
-239.015038,36,3000.502671
-253.918874,37,3000.657435
70.125682,22,3000.749233
-334.171111,50,3000.957505
38.658943,26,3001.06238
-264.672276,37,3001.229179
-240.490126,37,3001.570343
-256.463767,37,3001.997241
-161.66957,38,3002.1898
-187.247134,33,3002.332675
-126.661383,20,3002.419545
-244.581407,37,3002.58394
-209.611691,32,3002.717726
-63.247994,29,3002.841204
-235.981083,36,3002.994756
-154.082258,37,3003.148047
-237.667075,37,3003.31022
-51.824724,25,3003.418555
-252.622218,37,3003.576432
-243.121301,37,3003.73594
-253.12169,37,3003.895433
-57.307122,25,3004.004687
-246.108146,37,3017.641841
-251.368699,37,3017.862989
-239.604362,36,3018.028095
-211.186045,33,3018.159362
-140.279326,23,3018.258376
-260.322834,37,3018.53085
-238.816451,37,3018.693389
-251.903385,37,3018.84931
-219.722938,34,3019.005756
-11.795852,35,3019.16642
-149.437949,40,3019.360507
-259.149725,37,3019.528698
-152.467316,37,3019.680679
-248.842227,37,3019.833878
-264.839041,37,3019.984168
45.286841,25,3020.089819
-58.452859,25,3020.197929
-130.350119,20,3020.279345
-203.142173,30,3020.406892
-150.042146,37,3020.56082
-39.740165,47,3020.765401
-262.967801,37,3020.949875
-261.643251,37,3021.112678
-260.676682,37,3021.26279
-230.24288,36,3021.41505
-260.626624,37,3021.580982
-24.73889,20,3021.665559
-265.899712,37,3021.818865
-243.561708,37,3021.97778
-220.272232,32,3022.109232
-122.002773,19,3022.191898
-18.601036,20,3022.275517
-152.71065,37,3022.430137
116.452454,53,3022.658884
-22.126182,19,3022.743913
-23.647481,19,3022.821159
-43.566844,26,3022.933571
-193.015397,31,3023.062887
-152.313461,25,3023.165935
-176.10104,28,3023.289676
-275.160365,43,3023.469525
-73.216216,50,3023.684687
-241.207522,37,3024.151589
-260.536846,37,3024.432621
-63.485307,26,3024.593293
-209.371415,32,3024.816634
-237.530707,36,3025.094576
-240.101477,37,3025.438779
-25.497948,35,3025.803067
-232.509069,36,3026.17452
-28.220167,20,3026.396876
-592.983738,84,3027.263776
-258.602466,37,3027.597945
-253.875866,37,3027.969282
-199.898482,31,3028.267732
-237.452717,38,3028.569855
-233.543627,37,3028.788802
15.796658,29,3028.929402
-239.796755,37,3029.077709
-260.461246,37,3029.235191
-244.451116,37,3036.394751
-255.648555,37,3036.5864
-57.394601,25,3036.700693
-346.995892,67,3036.999329
-257.014091,37,3037.147762
-253.387407,37,3037.311413
-124.823398,19,3037.389978
-24.564223,20,3037.474856
-162.056616,27,3037.586537
-638.605579,87,3037.948756
-116.224532,32,3038.085112
-297.837367,58,3038.321871
-117.004657,19,3038.400574
-26.686488,20,3038.48299
-203.277679,32,3038.616035
-254.248693,37,3038.769882
-266.154737,37,3038.91681
-239.499843,37,3039.071344
-239.09561,37,3039.229466
-17.757461,19,3039.312938
-274.058629,37,3039.469673
-233.757959,37,3039.62829
-25.479998,21,3039.714745
-152.373381,24,3039.81255
-225.881685,35,3039.952519
10.182755,29,3040.083083
-469.921048,75,3040.410946
-227.78515,36,3040.563049
-246.201712,37,3040.714547
-245.307532,37,3040.87099
-251.491638,36,3041.026073
-247.226709,37,3041.183285
-177.676733,28,3041.295068
-246.911109,37,3041.448839
-207.091994,32,3041.576316
-125.171451,34,3041.81971
-247.663934,37,3041.975351
-241.117023,37,3042.135113
-18.984701,20,3042.220178
-259.017381,37,3042.380502
-206.180676,49,3042.583484
-33.227827,22,3042.674167
-118.478064,19,3042.758972
-246.1633,37,3042.914461
-328.253216,52,3043.432755
-30.197263,23,3043.541184
-252.618374,37,3043.695491
-249.251758,37,3043.854361
-290.397932,43,3044.024602
29.488001,59,3044.285248
-243.252902,37,3044.438901
-43.300061,24,3044.539115
-146.907991,23,3044.636704
-223.821166,40,3044.813647
-155.816471,60,3045.071322
-256.830046,37,3045.229056
-115.505878,19,3045.307688
-254.091653,37,3053.300798
109.500159,40,3053.507961
-141.240125,23,3053.618587
-145.004433,37,3053.762931
-119.109912,59,3053.999321
-246.692849,37,3054.157399
-166.790429,55,3054.39013
-229.26591,37,3054.54458
-247.577793,37,3054.697534
-263.173198,37,3054.855098
-231.271725,36,3055.007896
-260.477755,37,3055.162434
-18.784838,21,3055.243901
-252.543945,37,3055.393721
-244.378597,37,3055.546756
-22.587537,20,3055.631311
-23.655012,19,3055.70578
-241.217715,37,3055.870177
-251.011463,37,3056.028336
-237.965977,37,3056.180303
-267.368404,37,3056.336252
-224.235858,35,3056.480981
-258.327772,37,3056.63185
-236.83991,36,3056.786412
-262.281758,44,3056.970224
-158.468725,25,3057.071791
-123.655147,20,3057.154488
-30.456928,21,3057.245562
-264.236809,37,3057.409743
-259.39353,42,3057.582886
-270.503938,59,3057.82997
-206.251158,83,3058.176987
-292.737985,45,3058.36839
-261.518287,37,3058.519696
-227.68441,35,3058.65975
-155.281176,42,3058.833548
-27.238678,20,3058.920984
-236.848337,37,3059.077114
-245.934853,37,3059.232201
-79.430405,28,3059.345753
-93.440332,35,3059.489287
-80.670559,27,3059.602091
-383.743545,55,3059.839394
-739.867629,101,3060.262151
-235.974208,36,3060.410085
-26.328795,20,3060.496938
-56.037169,24,3060.599106
-288.341699,43,3060.774735
-773.133772,101,3061.419218
-127.640452,19,3061.97873
-125.964407,20,3062.264704
-268.055595,40,3062.514489
-122.529082,19,3062.592624
-350.167878,63,3069.339446
-41.907867,23,3069.479084
-237.528056,37,3069.650871
-138.461677,23,3069.746824
-241.754159,37,3069.90374
-235.152466,38,3070.0646
-261.728324,37,3070.216638
-243.070557,37,3070.366337
-168.578387,42,3070.643273
-250.482892,41,3070.819754
-256.808037,37,3070.965163
-246.08328,37,3071.116126
-258.256671,37,3071.267988
-161.89315,26,3071.378318
149.468375,29,3071.501289
-203.168608,32,3071.633113
-142.725143,23,3071.724083
-126.556254,20,3071.811222
66.044567,22,3071.903873
-248.613494,37,3072.061265
-9.056833,18,3072.137665
-143.223668,37,3072.297641
-36.820455,24,3072.395034
-156.493362,37,3072.547024
-242.735289,37,3072.698845
-236.218925,37,3072.855425
-234.632846,36,3073.000364
8.610682,54,3073.22204
-260.249851,37,3073.377737
-135.439696,23,3073.477059
-163.839021,26,3073.578236
-262.141131,37,3073.72864
-152.619572,26,3073.833141
-192.986819,31,3073.961995
-258.294317,37,3074.11166
-43.595849,41,3074.283804
-26.302265,21,3074.369466
-37.339977,23,3074.461463
-121.945938,35,3074.607109
-245.410275,37,3074.759503
-240.565776,37,3074.907329
-155.14419,25,3075.005143
-146.770284,23,3075.09503
-239.992913,37,3075.243392
-239.528146,37,3075.392402
-299.909734,44,3075.571267
-248.355725,37,3075.720736
-252.083925,37,3075.88604
5.715221,31,3076.01188
-264.600738,37,3076.226798
-262.631953,37,3076.426827
-277.184139,43,3076.681082
-87.720138,31,3076.938052
-565.088476,101,3077.7754
-247.835336,37,3078.110147
-179.18155,29,3078.315279
-21.965579,20,3078.450195
-262.3484,37,3078.700906
-93.578996,31,3078.890586
-238.939995,37,3079.157021
-92.064641,31,3086.418139
-248.624701,37,3086.619176
-175.190706,31,3086.744932
-240.896782,36,3086.889489
-355.583872,52,3087.09466
68.503513,21,3087.189549
-240.560582,37,3087.354717
-201.095532,31,3087.495002
-59.245334,26,3087.600522
-263.346326,37,3087.812492
-136.454879,21,3087.897521
-239.740462,37,3088.046368
-259.125716,37,3088.193087
-177.907471,30,3088.321444
-142.813695,37,3088.473484
-264.759701,37,3088.622678
-131.248169,22,3088.715398
-139.17506,22,3088.808952
-31.736723,21,3088.898758
-123.456171,19,3088.975817
69.60332,21,3089.055833
-250.23391,39,3089.206365
-163.426782,41,3089.372886
-344.719437,50,3089.57846
-262.875322,37,3089.726756
-153.089244,24,3089.824195
-254.42949,37,3089.970016
-52.350613,39,3090.127297
197.67659,23,3090.214443
-223.52681,34,3090.350107
-255.774859,37,3090.496592
-85.812841,29,3090.615275
-34.102757,22,3090.707135
-181.064956,44,3090.891064
-240.719304,37,3091.037279
-125.093707,20,3091.115284
-217.90163,35,3091.256195
-252.923972,37,3091.40202
-256.131985,37,3091.553349
-253.757317,37,3091.71786
-260.21877,37,3092.342193
-264.472809,37,3092.528401
-248.881035,37,3092.804116
-107.296439,33,3092.942928
-241.318706,37,3093.095766
-125.367873,20,3093.184596
-53.551466,24,3093.288987
-235.725708,36,3093.431892
-683.639515,101,3093.828933
-210.617933,34,3093.967428
-424.918143,67,3094.251352
-160.117422,37,3094.400276
-256.761718,37,3094.553131
-237.639574,37,3094.698121
-257.945635,37,3094.85268
-215.894984,32,3094.984647
-177.075681,28,3095.096631
-262.779066,37,3095.252273
-145.170874,23,3095.344955
-257.790387,37,3104.278851
-260.278412,37,3104.496045
-250.274366,37,3104.654861
-263.648738,42,3104.827209
-129.248074,37,3104.978633
-233.047039,52,3105.191357
-255.390549,37,3105.355078
-335.862318,48,3105.545669
-137.455,36,3105.693908
-141.45653,38,3105.852369
-258.164153,37,3106.006866
-268.704241,37,3106.15808
-238.537771,37,3106.312342
-226.023877,45,3106.504399
-282.873679,45,3106.688326
-239.268822,37,3106.841334
-246.206334,37,3106.990005
-255.55399,37,3107.13724
-23.616998,20,3107.209694
-242.639187,37,3107.354932
-198.595877,30,3107.473792
-240.761588,37,3107.619107
-29.013236,21,3107.706582
-126.129873,19,3107.784358
-133.026091,35,3107.930519
-247.865018,37,3108.101787
-235.809409,37,3108.259792
-138.040993,24,3108.358098
-131.914069,23,3108.4516
-29.161749,21,3108.534495
-407.109251,54,3108.754637
-262.902109,37,3108.907604
-48.044173,25,3109.012316
-152.606558,26,3109.124257
-198.777728,30,3109.245889
-59.86573,27,3109.391369
-136.277502,36,3109.573334
-262.647667,37,3109.721394
-223.459964,34,3109.862686
-323.329136,59,3110.107563
-7.911065,18,3110.187458
-254.748113,37,3110.340085
-303.466316,47,3110.52534
-258.553621,40,3110.685628
-142.964727,24,3110.788232
-87.46893,32,3110.926242
-203.384621,33,3111.058184
-84.508882,51,3111.267714
-137.847685,23,3111.365843
-177.891814,29,3111.48698
-398.642418,62,3111.793691
-259.745876,37,3111.947558
-140.470777,35,3112.090739
-242.095409,37,3112.248888
-50.685276,23,3112.348801
-241.609995,36,3112.496398
-261.942272,37,3112.644243
-463.941545,65,3119.201137
-188.630289,48,3119.471698
-267.145803,37,3119.630451
-272.283167,40,3119.795699
216.717986,30,3119.920375
-263.261827,37,3120.075025
-259.952861,37,3120.22388
-187.086538,30,3120.345555
-243.129952,37,3120.490826
-732.518883,101,3121.108291
-23.848439,20,3121.466716
-224.084263,35,3121.661302
-125.199039,21,3121.753991
68.036502,22,3122.027564
-260.979333,40,3122.371621
-142.146093,57,3122.701521
-58.882805,26,3122.812698
-219.892598,35,3122.962041
-73.849849,28,3123.076161
-237.84012,37,3123.228314
-151.336005,25,3123.333829
-229.420686,35,3123.482978
-225.507952,35,3123.626684
-121.077823,34,3123.771398
-169.958951,27,3123.884418
-337.808496,65,3124.143718
-334.974011,51,3124.348742
-234.442505,50,3124.558114
-176.992873,27,3124.667417
-236.601611,37,3124.819898
-175.755651,29,3124.936717
-285.117061,101,3125.353507
-241.109798,37,3125.504803
-248.148455,37,3125.658801
-158.901715,24,3125.755167
-22.141841,19,3125.834186
162.546384,29,3125.970689
-260.035755,37,3126.127119
-57.658938,25,3126.230166
-74.176765,28,3126.342592
43.175182,26,3126.458343
-69.623736,27,3126.602682
-196.21238,33,3126.790203
-146.201534,37,3127.083248
-239.362622,37,3127.417039
-125.17112,19,3127.573114
-274.127755,41,3127.866339
-141.120597,23,3128.04042
-261.725119,37,3128.383874
-192.168727,29,3128.688806
-253.333304,39,3128.947692
-239.570168,49,3129.233909
-128.275404,22,3129.323678
-399.975596,65,3129.598661
68.560944,22,3129.687349
144.677502,68,3129.968891
-302.535796,45,3136.686544
-261.730897,37,3136.853837
-263.131491,37,3137.004733
-246.569353,37,3137.155696
-252.294902,37,3137.317221
-245.246061,37,3137.462954
-236.006352,37,3137.612383
-250.172816,37,3137.764669
54.591405,68,3138.054657
-173.04658,82,3138.390571
-252.850736,37,3138.540982
-138.126779,23,3138.632867
-216.365167,35,3138.77692
-117.685907,19,3138.970806
-152.994592,39,3139.413019
-256.100921,38,3139.6151
-83.187304,28,3139.73468
-85.699654,29,3139.853255
-260.074638,37,3140.010113
-236.548809,37,3140.180675
-242.228745,37,3140.33822
-255.409326,37,3140.498478
-48.481852,38,3140.657385
-238.530353,37,3140.810739
-84.358078,29,3140.942405
-250.54048,37,3141.09009
-37.328686,23,3141.182014
91.839897,18,3141.257705
-116.884969,18,3141.335068
-244.201193,37,3141.492893
-142.376203,23,3141.585357
-245.205125,37,3141.74402
-277.877519,44,3141.923644
-56.806862,27,3142.029314
-247.690462,37,3142.17749
-255.97197,37,3142.32751
-241.289889,37,3142.478096
-156.815155,27,3142.594011
50.635256,23,3142.686371
-130.68238,21,3142.768671
-230.021944,36,3142.913572
-200.66047,46,3143.228551
-35.283117,22,3143.319773
-240.333058,37,3143.474649
-306.374275,49,3143.678968
-136.393939,37,3143.831061
-267.16636,37,3143.979299
-191.721156,31,3144.105087
-264.336353,52,3144.314747
-120.367626,20,3144.40073
-247.481684,37,3144.556618
-125.699453,19,3144.633682
-113.299095,36,3144.778344
-255.198604,37,3144.933133
-251.453874,37,3145.080944
-251.684665,37,3145.233532
-188.491606,59,3145.471857
-27.772893,21,3154.775342
-116.885006,18,3154.904531
-275.277617,46,3155.137597
-84.594213,31,3155.267715
-228.349796,35,3155.41245
-247.522039,37,3155.564538
-249.854584,37,3155.724474
-262.995896,37,3155.877781
-228.550055,37,3156.037903
-129.654022,20,3156.119348
-239.50578,37,3156.275514
-234.021793,36,3156.418816
-240.675575,37,3156.580405
-253.832203,37,3156.732168
-256.809553,37,3156.887915
-238.60507,37,3157.043048
-239.64655,37,3157.194574
10.768854,30,3157.322462
-161.989558,25,3157.434013
-259.5383,37,3157.596254
-182.823631,29,3157.758115
-182.118204,41,3157.937935
-258.434486,37,3158.084103
-25.675663,20,3158.162753
-18.031416,19,3158.245497
-151.596628,37,3158.396889
-52.755805,24,3158.497379
-250.187721,37,3158.645113
-237.961334,37,3158.793697
-212.315772,32,3158.923195
-241.126131,37,3159.070197
-22.061867,20,3159.149866
-264.031345,37,3159.306763
-250.420971,37,3159.459575
-211.620012,34,3159.596831
-256.934335,37,3159.753484
-263.162388,37,3159.904043
-238.928835,37,3160.056579
-241.734699,37,3160.206445
-232.432361,37,3160.354242
-254.981814,37,3160.497145
-163.910582,26,3160.604453
-203.750282,31,3160.729342
-263.595087,37,3160.896635
-146.337143,26,3161.004594
-108.551758,32,3161.134537
-318.946398,47,3161.325246
-259.773153,37,3161.470864
-259.100791,37,3161.617805
-36.347595,23,3161.710851
-266.418565,37,3161.858187
-237.565357,36,3161.998089
-251.445735,37,3162.15885
-264.239983,37,3162.31263
-246.375797,37,3162.479962
-239.147043,37,3162.656037
-253.716784,37,3162.811541
-20.514755,19,3162.896664
-205.142493,32,3163.038476
-256.091927,39,3163.288049
-223.149576,35,3163.426794
-258.752999,37,3170.838856
-259.121306,37,3171.047359
-16.515629,19,3171.13092
-279.789132,41,3171.295168
-135.202804,41,3171.459122
-247.022918,37,3171.626734
-151.088519,37,3171.775003
-142.617719,23,3171.88327
-264.829409,37,3172.036285
-237.886601,37,3172.187234
-38.178989,22,3172.275169
-160.746824,40,3172.436019
-209.558624,34,3172.573806
-28.097753,21,3172.658512
-23.101486,20,3172.739847
-264.574559,37,3173.020716
-258.781739,37,3173.485816
-239.674034,36,3173.649516
-159.082446,27,3173.763139
-136.716506,75,3174.087984
-140.462765,22,3174.189208
-27.494076,20,3174.272338
-234.392292,37,3174.422118
-149.83184,24,3174.519672
-243.459487,37,3174.670741
-258.752313,37,3174.822433
67.973044,22,3174.917889
34.498983,48,3175.12599
-176.653452,28,3175.245366
-263.967761,37,3175.396078
-20.723366,19,3175.472777
-253.748104,37,3175.620739
-250.252656,37,3175.778905
-267.586653,37,3175.973926
-269.152928,37,3176.121261
-27.568286,20,3176.203799
-79.241924,30,3176.335655
-34.04914,22,3176.426766
-69.91149,27,3176.541642
110.138282,49,3176.75365
-137.093035,37,3176.908075
-34.42164,22,3177.003067
-177.904184,32,3177.129827
-128.85638,20,3177.217864
-244.242531,37,3177.372551
-246.055096,37,3177.521054
-256.110462,37,3177.660808
-217.427261,34,3177.803667
-246.244032,37,3177.950864
-123.680519,19,3178.021563
-57.278406,37,3178.166402
-132.563068,20,3178.251495
-125.655766,19,3178.326063
-211.985289,34,3178.461518
-128.223715,36,3178.68114
-62.089358,26,3178.854002
-256.003238,37,3179.170775
-270.618076,37,3179.533138
-234.481565,37,3179.903441
-245.91965,37,3180.233536
-267.362064,37,3180.53014
81.683054,43,3181.038187
-258.290136,37,3188.806144
-259.762982,37,3189.020724
-318.856729,47,3189.240688
-131.643985,23,3189.337199
-126.346365,21,3189.426393
-262.13568,45,3189.612276
-245.31611,37,3189.762438
-197.299614,34,3189.906323
-158.078307,26,3190.020617
-147.818731,37,3190.167971
-247.899126,37,3190.321586
-268.555239,41,3190.48423
-263.727133,37,3190.636124
-254.933749,37,3190.790228
-121.344989,19,3190.870741
-238.836133,37,3191.029083
-244.150588,37,3191.183644
-240.547578,37,3191.335248
-177.339312,43,3191.816177
-263.651222,37,3191.985972
-227.727082,35,3192.137331
-107.362964,33,3192.277176
-256.276541,37,3192.4324
-144.805223,36,3192.580499
-249.256898,37,3192.735772
-59.17271,26,3192.848429
-300.89223,45,3193.035503
-268.878021,42,3193.211554
-124.485679,20,3193.29567
-131.975903,22,3193.385448
-264.705441,37,3193.53498
-257.679695,40,3193.702174
-261.044672,42,3193.874175
-196.184325,31,3194.003492
-14.356064,19,3194.081969
-246.32389,37,3194.237849
-109.69085,33,3194.378265
-257.804895,37,3194.528631
-184.232059,31,3194.669017
-263.460566,37,3194.81951
-322.131229,46,3195.012881
-199.703293,31,3195.137717
-242.474214,37,3195.292903
-264.472854,37,3195.451264
-220.117226,37,3195.598626
-141.433731,23,3195.691508
-147.938376,23,3195.924082
-159.126006,26,3196.03824
-122.9211,39,3196.20131
-19.615099,19,3196.278632
-137.014845,22,3196.369685
-255.450925,37,3196.525605
-252.070798,37,3196.695977
-153.054834,37,3196.847191
-256.475526,37,3197.003951
137.779318,42,3197.180715
-321.074128,49,3197.386236
-263.761129,37,3197.538552
-265.88678,37,3197.689268
-26.711958,20,3197.774812
-178.901138,28,3208.346623
-20.872424,71,3208.754756
-244.82223,37,3208.921396
-36.285295,23,3209.015001
-254.54478,37,3209.162262
-170.875485,28,3209.281483
-370.542608,61,3209.544869
-249.950859,37,3209.697103
-131.306464,20,3209.779612
-239.132037,37,3209.933594
-283.675099,43,3210.11
-241.38551,37,3210.389985
-29.582074,21,3210.613198
-246.490316,37,3210.772526
-272.446554,41,3210.93945
-215.808145,34,3211.088074
45.866374,43,3211.268137
-27.452592,21,3211.354122
-184.200723,30,3211.469881
-242.517169,37,3211.622522
-157.06777,37,3211.774131
-242.662267,37,3211.927237
-140.726075,23,3212.01388
-239.139672,37,3212.164995
146.61405,33,3212.613827
-153.345654,26,3212.934088
-242.494681,37,3213.139124
-244.305981,37,3213.301432
-28.254427,21,3213.383979
-253.817568,37,3213.534729
-166.986211,27,3213.646355
-248.543603,37,3213.791349
67.626001,22,3213.884067
71.332454,21,3213.971062
-189.459753,30,3214.100458
-17.270783,19,3214.178708
-259.21327,41,3214.345266
-73.30942,27,3214.449238
60.821679,37,3214.605301
-34.775669,23,3214.69793
-144.78657,24,3214.79491
-179.997586,32,3214.921836
-232.979102,37,3215.077153
-246.873452,37,3215.224101
-187.825082,29,3215.338377
-135.869478,23,3215.430525
-53.362144,24,3215.529909
-74.987939,28,3215.639628
-250.241614,37,3215.786747
-11.793974,18,3215.857431
-255.05368,39,3216.024317
-89.756321,29,3216.144469
-25.997472,37,3216.292331
-185.554261,42,3216.463715
-250.314846,37,3216.6093
-398.977112,59,3216.881575
-128.766132,20,3216.965662
-276.149442,37,3217.109268
-247.283061,37,3217.253594
-265.358052,37,3217.403565
-140.479279,37,3217.556812
-174.935278,28,3217.67297
-152.564002,27,3225.480922
-149.120989,37,3225.691627
-86.547267,31,3225.82449
-258.818918,40,3225.993126
-259.612017,37,3226.142226
112.142924,35,3226.284894
-255.916024,37,3226.435496
-28.707516,21,3226.518081
-26.882512,21,3226.601123
-261.643684,39,3226.750922
-74.901265,30,3226.882335
-131.774867,36,3227.03232
-20.940595,20,3227.109479
-309.13016,46,3227.299328
-234.354356,37,3227.454851
62.539925,22,3227.537972
-264.231475,37,3227.695763
-238.643758,36,3227.84413
-247.483339,37,3228.104021
-222.771498,35,3228.248784
-238.549342,37,3228.404897
-268.149959,41,3228.571393
-243.909662,37,3228.721862
-140.252058,22,3228.813742
-251.368839,37,3228.965432
-137.799398,24,3229.057486
-283.726299,41,3229.643269
-25.10441,20,3229.759112
-257.395874,37,3229.919998
-239.845448,37,3230.0792
-252.087193,37,3230.234383
-256.320791,37,3230.384444
-235.006176,35,3230.526134
-141.28154,37,3230.674015
60.403568,22,3230.763475
-244.062321,37,3230.916981
-33.628293,23,3231.017863
-231.912406,36,3231.167115
-258.297868,37,3231.313241
-240.59113,37,3231.471058
-398.496129,72,3231.767515
-241.937079,37,3231.920457
-252.782717,37,3232.071577
-30.613564,21,3232.157555
-43.618313,24,3232.25496
-175.85665,29,3232.386763
-237.676459,37,3232.559856
-238.965356,37,3232.730039
-265.693237,42,3232.898455
-253.632172,37,3233.057479
-252.815888,37,3233.207497
-111.346737,47,3233.401429
-286.705868,43,3233.647932
-256.8183,37,3233.8735
-241.904191,37,3234.236319
-249.043384,37,3234.642716
-231.712016,37,3235.067912
-236.773189,37,3235.423967
-135.814153,21,3235.646031
-243.909251,37,3245.363309
-142.196678,24,3245.513669
-262.426139,38,3245.678227
-50.53869,24,3245.777952
-228.38228,36,3245.939107
-150.873723,24,3246.040771
-262.309073,37,3246.200862
-125.507323,20,3246.27924
-264.057742,37,3246.425489
-267.553531,41,3246.592487
-111.648694,32,3246.723655
-285.361534,40,3246.881073
-286.230748,37,3247.040367
-117.776557,18,3247.11359
-245.988146,37,3247.256297
-51.999459,25,3247.35953
-248.377818,37,3247.511969
-704.671007,101,3247.943297
-266.852574,37,3248.096993
-47.801311,23,3248.19078
-257.578393,39,3248.341889
-46.174639,25,3248.443121
-212.353072,35,3248.87262
-118.88419,39,3249.119899
-247.818492,37,3249.29263
-256.910157,37,3249.444799
-225.86332,33,3249.586254
-70.21661,27,3249.705742
-541.18036,101,3250.119056
57.808973,23,3250.21597
-143.387419,37,3250.365474
-258.921271,37,3250.517693
-200.885202,45,3250.700131
-169.350313,41,3250.869536
-250.453742,37,3251.030889
-26.498913,19,3251.109129
-134.732741,35,3251.252931
-76.790517,27,3251.359054
-48.2598,24,3251.455644
-244.975868,36,3251.603619
-75.184526,28,3251.712362
-157.326051,24,3251.811238
-136.149026,22,3251.899988
-266.518207,39,3252.062257
-250.718075,37,3252.205736
-121.171955,35,3252.354424
-240.293218,37,3252.500049
-62.311429,26,3252.617803
-213.373967,34,3252.857866
-244.643706,37,3253.106901
-205.238635,33,3253.261602
-289.2532,44,3253.444256
-168.610935,88,3253.802435
-243.200351,37,3253.966595
-246.097368,37,3254.11921
-188.299519,29,3254.237817
-254.718154,37,3254.40115
-86.59831,43,3264.209229
-222.351385,34,3264.377547
-6.859667,41,3264.555415
52.917105,23,3264.652862
-102.967368,32,3264.78282
-193.256575,29,3264.901687
-204.47724,48,3265.092748
65.041542,22,3265.182827
-218.842723,35,3265.330373
-130.625307,21,3265.422476
-50.913564,25,3265.533932
-102.466946,32,3265.666338
-246.70418,37,3265.812835
82.189789,32,3265.968639
-269.873528,37,3266.120669
-57.469475,26,3266.229455
-251.033831,37,3266.37875
-21.336949,19,3266.455027
-96.358607,30,3266.577735
-124.846769,19,3266.652787
-120.438793,33,3266.781232
-135.974449,24,3266.874338
-144.58824,26,3266.979351
183.427298,27,3267.100196
-249.245528,37,3267.558626
-249.356469,37,3267.773738
-166.06078,41,3267.944777
-266.880579,37,3268.098246
-276.683202,46,3268.291841
-265.889795,39,3268.450391
-228.898554,34,3268.591936
-758.093896,101,3269.027232
-233.523646,37,3269.188041
-156.327055,27,3269.305848
-238.864962,39,3269.461046
-30.37723,22,3269.546155
-261.307271,37,3269.698158
101.905537,36,3269.854746
-236.371552,35,3269.998444
-262.851768,37,3270.145055
28.650449,30,3270.266841
-124.111714,19,3270.341821
-123.446197,19,3270.423037
-255.102119,38,3270.59028
-239.331125,37,3270.745367
42.392726,26,3270.846989
-258.17343,37,3270.997755
-249.523699,37,3271.155588
89.29119,19,3271.233223
-219.111008,35,3271.378874
129.853719,52,3271.600384
-236.326921,35,3271.746851
-77.350947,28,3271.871771
-258.962869,37,3272.022121
-38.70177,23,3272.120249
-251.164882,36,3272.265445
-254.824656,37,3272.61571
-64.376662,27,3273.094639
-249.8631,37,3273.309629
-221.902023,46,3273.522424
-189.716395,30,3281.245955
-237.664672,37,3281.480251
-231.086417,36,3281.640422
-260.834459,37,3281.790829
-248.264538,37,3281.934307
-258.448261,37,3282.081632
-263.893571,37,3282.23203
-116.014489,18,3282.309516
-28.40055,21,3282.392487
-237.563582,35,3282.528886
-254.010986,37,3282.676318
-251.29141,37,3282.824997
-266.354623,39,3282.9841
-269.717201,37,3283.166574
-234.594701,37,3283.319786
-248.74538,38,3283.471624
-161.578245,26,3283.573085
-139.709444,22,3283.656423
-174.259535,27,3283.763956
-267.407897,37,3283.92482
-250.415938,37,3284.083423
-59.411879,28,3284.197122
-252.4935,37,3284.471057
-123.854931,19,3284.547292
-519.531353,74,3284.842408
-126.223924,19,3284.918518
-253.438423,37,3285.074835
-237.846307,37,3285.21956
-158.066098,25,3285.318421
-243.736185,37,3285.468534
-239.003046,37,3285.625241
-145.912006,37,3285.780505
-239.334596,37,3285.931003
-235.937113,37,3286.201326
-81.611527,29,3286.544917
-252.962652,37,3286.73107
-253.98752,37,3286.891754
73.488867,20,3286.97547
-241.022139,37,3287.131748
-221.837771,34,3287.27133
-261.680135,37,3287.417441
-253.620541,37,3287.569681
-265.053561,37,3287.72586
-255.573866,37,3287.879045
-103.960689,35,3288.024413
-252.76472,37,3288.176871
-268.327103,40,3288.342107
-252.18299,37,3288.485455
-115.503203,19,3288.563582
-242.315992,37,3288.710119
-248.041502,37,3288.865677
-174.690625,28,3289.003944
-247.657819,37,3289.15105
-253.038851,37,3289.302525
-249.201968,40,3289.497578
-44.834922,24,3289.596531
-252.826954,37,3289.747354
-248.453988,35,3289.939055
-239.021777,37,3290.138607
-257.762749,37,3290.33237
-211.459001,32,3300.473419
-133.547287,96,3300.98203
-252.332565,37,3301.157164
-252.225051,38,3301.333345
-267.80911,40,3301.534713
70.807698,21,3301.628472
-262.364462,37,3301.784077
-256.347577,37,3301.93587
-259.813755,39,3302.102323
-115.891296,34,3302.240557
-190.64117,30,3302.360906
-226.513364,34,3302.525446
-63.476069,28,3302.850524
-235.356047,37,3303.123042
-222.442595,32,3303.261389
-140.581598,23,3303.356656
-137.608931,22,3303.448572
-147.763475,37,3303.602179
-254.419451,37,3303.754704
-107.385754,32,3303.885089
-259.244182,41,3304.047417
-279.590416,42,3304.226487
-238.802072,37,3304.380849
87.938604,32,3304.51029
-44.868825,24,3304.610686
-97.392394,35,3304.756691
-156.862852,28,3304.86471
-712.039653,101,3305.283341
-19.070697,19,3305.358981
-259.070296,37,3305.812218
-253.466768,37,3306.179528
-221.931162,33,3306.370279
-50.125828,38,3306.533455
-257.646425,37,3306.681878
-39.153219,37,3306.833189
-238.097209,37,3306.982167
-148.619581,37,3307.128995
-144.507022,37,3307.294184
-149.831379,26,3307.401159
-260.992203,49,3307.610961
-224.321115,49,3307.803756
-247.632606,37,3307.953426
-155.304935,25,3308.052605
-152.172106,38,3308.207902
-233.352294,38,3308.357022
-248.42651,37,3308.498832
-154.14883,26,3308.602946
-218.226157,32,3308.731912
-241.912711,37,3309.005626
-236.012133,37,3309.170061
-325.427729,60,3309.420329
-228.478352,36,3309.566562
-243.244542,37,3309.725076
-245.537345,37,3309.86919
-239.848622,37,3310.024465
-220.016809,33,3320.408596
-118.531018,20,3320.531461
-160.766712,37,3320.701205
-131.037273,20,3320.780189
-241.435763,37,3320.928517
-255.40038,37,3321.095288
-164.312014,64,3321.365671
-47.788279,37,3321.543841
-246.026257,37,3321.69532
-256.635547,39,3321.850311
-146.402701,24,3321.947237
-240.317144,37,3322.094361
-198.766183,32,3322.219267
-141.157764,24,3322.315054
-266.288211,37,3322.465264
-152.301082,37,3322.61704
-250.482233,37,3322.769617
-266.580399,37,3322.918177
-184.16818,29,3323.03894
-80.545669,45,3323.233741
-246.046526,38,3323.397807
-66.842671,29,3323.51969
-139.248932,37,3323.674427
-242.946278,37,3323.825953
-194.869808,32,3323.957821
-15.203159,18,3324.286845
-249.106973,37,3324.466375
-221.482808,49,3324.668317
-327.793412,48,3324.861967
-53.605988,27,3324.973093
-240.618662,37,3325.126051
-42.1675,24,3325.218774
-554.748257,101,3325.660879
-259.097811,37,3325.819376
-125.049199,47,3326.01252
-208.760527,33,3326.156364
-114.239677,34,3326.294239
-175.992248,30,3326.41992
-194.152225,31,3326.543114
-261.092741,37,3326.688501
-35.8956,42,3326.87215
-124.709276,19,3326.957196
-202.928832,31,3327.088659
-144.06774,37,3327.234817
-230.943261,37,3327.399962
-25.311341,19,3327.473414
163.348522,24,3327.568604
-236.727071,37,3327.716924
-146.977445,37,3327.867934
-220.774993,36,3328.0201
-368.536194,65,3328.289586
-24.245799,20,3328.370186
80.075239,40,3328.530821
-256.9223,37,3328.683619
-212.79375,32,3328.819837
-208.219817,33,3328.958488
-222.645277,33,3329.089365
-164.135075,27,3337.624385
-258.922002,37,3337.866126
-502.080624,67,3338.158712
-252.51831,37,3338.307415
-120.021798,35,3338.448122
-236.041074,37,3338.604945
-200.951036,34,3338.739041
-172.395564,45,3338.923083
45.319749,45,3339.102104
-252.523033,37,3339.253542
-259.777892,37,3339.397926
-245.614358,37,3339.550578
-248.403854,37,3339.759746
-252.494335,38,3339.92316
-158.709551,37,3340.076042
-391.353775,55,3340.313437
-127.471835,19,3340.390611
-130.066855,20,3340.469978
-267.539409,37,3340.61218
-269.57912,41,3340.775221
-250.831504,37,3340.924604
-18.746013,19,3341.007768
-236.658723,37,3341.337274
-33.788893,22,3341.433881
-267.386158,39,3341.597829
-135.230302,23,3341.69563
-259.224788,37,3341.842571
-127.690544,20,3341.924185
-140.398599,37,3342.07844
-175.461698,39,3342.233682
22.062621,50,3342.446194
-241.771358,37,3342.99053
-162.633973,37,3343.209206
-233.658653,37,3343.384077
-183.977916,29,3343.505425
-248.881686,37,3343.659385
-237.852011,37,3343.802408
-275.731407,42,3343.975001
-41.103811,39,3344.133796
-239.357358,37,3344.294023
-180.216962,28,3344.413399
-260.106064,42,3344.584614
-193.756532,31,3344.715185
-132.694767,37,3344.869614
-227.691055,35,3345.017848
-257.089878,37,3345.176049
-279.895746,42,3345.337595
-198.892964,34,3345.483299
-63.026346,37,3345.636852
-240.369453,37,3345.789745
68.561807,22,3345.875882
-270.901926,37,3346.030696
-153.32385,58,3346.272137
-258.562996,37,3346.418567
-135.816689,37,3346.568057
-498.956559,81,3357.106616
61.537115,23,3357.265301
-127.723122,20,3357.359621
-235.832036,34,3357.539592
-37.906846,35,3357.69344
-269.968313,41,3357.861938
-167.157864,36,3358.005749
-221.823916,35,3358.150016
-166.220035,26,3358.253839
-242.972003,37,3358.409261
-252.328381,37,3358.572354
-161.920147,28,3358.702168
-563.451207,101,3359.114583
-259.278002,37,3359.262454
-242.387666,37,3359.410209
-250.930592,37,3359.562891
-29.849158,36,3359.710799
-796.773333,101,3360.127339
72.911471,21,3360.208736
-40.968442,24,3360.307209
-50.81125,26,3360.418573
-92.094284,41,3360.577234
-143.542757,22,3360.66764
-241.863668,36,3360.811367
-149.426431,37,3360.96706
-261.964192,37,3361.123496
-239.081743,37,3361.318146
-263.102234,41,3361.788558
-213.740114,34,3361.960915
-141.829748,22,3362.049075
-122.69215,19,3362.129369
-50.001867,23,3362.224683
-29.720092,21,3362.307672
-242.912782,37,3362.464026
-270.510768,38,3362.61745
-33.058397,23,3362.785562
-171.447094,27,3363.129156
-22.176807,20,3363.268813
-254.798869,37,3363.429803
-20.666564,19,3363.50577
178.972783,23,3363.604387
-63.810865,28,3363.721506
-43.520025,25,3363.820517
-74.218667,30,3363.944062
-127.640794,21,3364.03201
-261.874412,37,3364.186073
-261.165364,39,3364.352244
-257.508932,37,3364.505605
-246.377001,37,3364.661793
-35.397832,37,3364.808732
-238.628729,37,3364.969216
-126.938718,19,3365.045029
-243.968744,37,3365.196101
-130.558394,20,3365.279628
-221.778402,35,3365.420012
-254.704162,37,3365.572101
-95.00583,33,3365.720396
74.930067,20,3365.989448
-245.072812,37,3366.15383
-263.366169,37,3366.295938
-258.855382,37,3366.442984
-68.60636,26,3366.551489
-189.040264,28,3376.526207
-266.180299,37,3376.71776
-229.186031,36,3376.89824
-239.610334,37,3377.054467
-155.311463,25,3377.157194
-73.493158,28,3377.268329
-217.822569,35,3377.414245
-259.852591,37,3377.574494
-153.783853,26,3377.678159
-238.727909,37,3377.827226
-161.533773,26,3377.946011
-45.123936,26,3378.05877
-562.389821,95,3378.454645
-79.444221,31,3378.576507
-251.241662,37,3378.71983
-134.873203,21,3378.80663
153.136104,27,3378.919591
-266.516946,37,3379.088344
-241.951568,37,3379.235871
-37.323963,22,3379.328742
-247.373597,37,3379.487025
-232.432837,36,3379.635691
-62.024428,26,3379.74423
-22.69186,19,3379.822394
-59.268307,40,3380.307359
-239.741282,37,3380.454501
-255.003951,37,3380.611862
-263.541024,37,3380.759926
-266.198377,37,3380.907351
-245.958953,37,3381.06367
-254.609807,37,3381.216888
-140.277534,37,3381.368755
-249.378763,37,3381.513927
-16.53644,19,3381.590484
-266.688247,37,3381.745931
-20.282979,19,3381.834395
-12.003754,18,3381.915331
-249.486936,37,3382.087058
-256.716189,37,3382.242191
-260.342749,37,3382.385117
-246.815721,37,3382.542249
-268.246543,37,3382.693534
-251.615263,37,3382.849501
-262.924945,37,3383.002711
-224.522924,60,3383.241631
-265.503216,37,3383.389768
-249.35834,37,3383.538421
-707.316465,101,3383.959056
8.295478,49,3384.169841
-214.265361,32,3384.306544
-140.210006,22,3384.395726
-201.910634,44,3384.582856
-168.172226,30,3384.70576
-256.940026,37,3384.853517
-445.930025,66,3385.202024
-260.948927,37,3385.361695
-297.087581,45,3393.793636
-233.188949,36,3393.968106
-264.946397,38,3394.136079
-243.79656,37,3394.300504
-151.384159,25,3394.408962
-240.499054,37,3394.557528
-235.421407,37,3394.714395
-38.163268,37,3394.86103
-244.566124,37,3395.01544
-206.194392,46,3395.19683
-103.321568,32,3395.333365
-110.21383,46,3395.531602
-236.90445,37,3395.681496
61.387428,26,3395.78589
-62.894478,41,3395.957958
-308.098301,45,3396.149706
-161.274702,28,3396.267801
-250.017413,37,3396.411662
-255.823473,37,3396.552092
-264.814218,37,3396.699409
-292.535792,44,3396.879196
-111.133734,32,3397.011342
50.16828,26,3397.120677
-250.444117,37,3397.271783
-150.389433,24,3397.376967
-225.743663,33,3397.668232
-243.689608,37,3397.844156
51.026395,24,3397.943303
-57.808177,27,3398.05562
-255.589367,37,3398.204615
-25.700161,20,3398.283256
-244.146262,37,3398.432687
-291.850159,44,3398.610255
-241.238095,37,3399.078512
-128.304397,20,3399.172585
-115.97619,36,3399.334817
-245.285373,37,3399.49975
-450.735516,101,3399.926143
-235.584661,37,3400.083084
-139.502061,22,3400.173063
-116.031473,19,3400.254611
-94.79642,33,3400.392803
-126.178208,20,3400.474552
-243.637783,37,3400.636341
-256.553615,37,3400.792683
-238.194771,35,3400.942725
-77.674819,28,3401.062274
-246.700702,37,3401.217156
-257.223181,37,3401.365004
-359.921905,71,3401.657515
-29.71862,21,3401.741739
-240.551792,37,3401.897009
-60.942829,28,3402.020895
-147.748541,37,3402.187726
-25.903726,21,3402.271284
-166.380021,26,3402.387404
-289.029423,92,3413.167104
-274.581913,42,3413.427118
109.197317,41,3413.603372
-351.177066,46,3413.788089
-143.719289,24,3413.886271
-249.19017,37,3414.037854
-250.749183,38,3414.189601
-56.211813,27,3414.299253
-209.581391,35,3414.444241
-47.879245,24,3414.544412
-204.368378,33,3414.683369
-259.960399,37,3414.83368
-333.954555,51,3415.045787
-250.325946,37,3415.203291
-162.119433,40,3415.389981
-148.195778,24,3415.485856
-36.601503,25,3415.585105
-256.793733,37,3415.736745
-50.907984,26,3415.84087
-168.420689,26,3415.949399
-360.523444,74,3416.248705
-359.436273,53,3416.472817
-148.918785,26,3416.575831
-185.769366,31,3416.695993
-483.680621,101,3417.430383
46.59819,38,3417.650523
-118.338631,18,3417.729627
-463.20105,62,3418.00196
-48.219751,24,3418.095181
-137.930857,36,3418.242273
-237.965592,37,3418.402367
-225.162653,33,3418.531101
-298.492555,47,3418.737048
-261.82215,41,3418.904874
-224.18294,35,3419.059083
157.367227,25,3419.165105
-234.697122,37,3419.327551
-261.149949,37,3419.476735
-123.312885,20,3419.556427
-494.659786,69,3419.835261
-133.139491,21,3419.917133
-134.071762,22,3420.015657
-139.199813,37,3420.178025
-241.769424,37,3420.327746
-248.331023,37,3420.482098
1.538924,61,3420.735053
-123.989805,20,3420.822388
-129.45951,20,3420.900375
-314.14113,47,3421.094008
-93.199959,31,3421.229498
-254.120812,38,3421.390289
-191.310974,31,3421.514205
-154.913126,37,3421.660495
-159.290059,40,3421.826627
-51.999129,25,3422.046083
-240.826307,37,3422.20228
-254.864207,37,3433.59352
-249.965228,37,3433.774316
-172.929189,30,3433.893088
-257.044418,39,3434.05702
-261.23094,40,3434.213053
-478.337864,101,3434.636727
-106.74252,18,3434.708971
-74.054357,27,3434.817254
-151.117378,25,3434.916861
-123.679393,19,3434.991334
-251.807191,37,3435.140147
-250.615197,37,3435.288986
-22.938986,19,3435.365728
-280.550137,40,3435.524788
-21.099931,19,3435.604708
-410.151272,63,3435.852128
-58.988429,40,3436.02385
-21.024743,19,3436.106358
-256.354219,37,3436.263712
-237.791307,37,3436.419177
-237.017474,37,3436.578477
-52.139279,37,3436.726722
-290.437901,71,3437.02273
-254.125059,37,3437.168987
-245.405328,37,3437.320997
-185.425594,43,3437.490701
-114.436046,18,3437.559343
-230.971308,37,3437.706804
-233.671982,34,3437.845095
-239.153123,37,3438.008006
-174.3344,43,3438.182452
-166.026142,55,3438.733836
-51.079457,41,3438.91116
-51.753474,26,3439.031987
144.785124,24,3439.1295
-245.03004,37,3439.281491
-129.076596,35,3439.431495
-269.280538,37,3439.5932
-223.513748,34,3439.724533
-257.410747,37,3439.872346
-256.325739,37,3440.022771
-243.8011,37,3440.174392
-246.432364,37,3440.331105
-151.38989,24,3440.431719
-253.382073,37,3440.58186
34.201675,43,3440.757293
-183.822313,29,3440.873571
-257.37553,40,3441.033863
-261.0567,37,3441.19717
-205.056487,32,3441.323142
-257.697421,37,3441.472337
202.847298,22,3441.56333
-173.271184,30,3441.680584
67.78199,22,3441.780087
-125.01213,20,3441.866588
-262.674784,37,3442.029006
68.27649,21,3442.118612
-260.776408,41,3450.049229
-237.233814,37,3450.269179
-36.439081,22,3450.365601
-248.241765,37,3450.512085
-129.150707,20,3450.592971
-223.151573,36,3450.759661
-239.106405,37,3450.919749
-241.389452,37,3451.073322
-157.534875,40,3451.238096
-156.856229,27,3451.350743
-121.566905,19,3451.426742
-22.195497,20,3451.509357
-248.85878,37,3451.657519
73.47829,20,3451.741395
-120.334382,19,3451.816987
-130.481842,20,3451.898261
-245.567421,37,3452.05414
-243.741702,37,3452.200771
-135.28792,24,3452.299371
-162.43673,27,3452.412045
-244.90848,37,3452.558402
-612.737905,101,3453.793489
-132.761753,24,3454.635245
-261.350003,37,3454.835689
-243.300221,37,3455.000678
-278.295492,39,3455.162126
-237.71157,37,3455.318869
-261.486844,37,3455.473885
-237.91702,38,3455.63171
-257.176909,37,3455.784164
-249.919397,37,3455.935014
-252.403121,37,3456.215354
-139.059978,23,3456.308688
-178.323122,29,3456.421639
-248.902794,36,3456.578609
-184.361837,30,3456.699146
-249.998864,37,3456.844028
-246.529665,37,3456.994232
-243.218509,37,3457.142316
-28.169298,21,3457.229864
-346.086824,51,3457.44425
-123.171188,21,3457.529358
-27.532428,35,3457.680078
-252.825349,37,3457.826566
-258.655381,37,3457.973327
34.267666,27,3458.110482
-172.415877,29,3458.236052
-263.925157,37,3458.383147
-249.659462,37,3458.526798
-204.137068,46,3458.719546
-245.345059,37,3458.868529
-21.425289,19,3458.940611
-123.789917,19,3459.014907
-255.879775,37,3459.159575
-225.335547,36,3459.303168
-48.671206,26,3459.404213
-240.252886,37,3459.551117
-20.676815,19,3459.629194
-222.944666,34,3459.766745
-531.081763,101,3460.176058
-19.194903,19,3471.041221
-553.2458,101,3471.54925
-129.936276,20,3471.635392
-125.098023,21,3471.723905
-268.21067,37,3471.867382
-664.33156,101,3472.280457
-246.163735,37,3472.430247
-165.377989,28,3472.563027
148.087883,29,3472.680051
-234.260395,35,3472.874485
-48.290244,24,3473.186764
-49.851017,24,3473.285059
-238.692842,37,3473.432748
-242.153349,37,3473.585725
-668.755645,101,3474.015123
-258.472546,37,3474.169911
-247.37675,37,3474.315616
-256.492726,37,3474.467493
-33.012455,23,3474.555869
-248.07227,37,3474.696511
-124.88752,20,3474.779035
-126.021193,20,3474.869848
-258.859654,37,3475.020752
-253.930863,37,3475.180983
-249.946188,37,3475.333025
2.465491,31,3475.459898
-420.12621,59,3475.692612
-257.126711,37,3475.839687
-243.247792,37,3475.989883
-344.175348,50,3476.201701
-144.719644,37,3476.352639
-262.180828,37,3476.503512
-126.985741,20,3476.589011
-146.36438,24,3476.685359
-38.591657,22,3476.772431
-255.774359,37,3476.922363
-114.281627,19,3476.994376
73.436576,22,3477.085446
-272.609837,40,3477.24649
-177.2842,29,3477.372713
-262.478629,37,3477.52245
-21.157387,19,3477.598815
-163.881428,41,3477.764472
-263.287759,37,3477.912623
-190.955539,30,3478.033944
-305.690085,45,3478.237554
-26.643903,20,3478.321874
-224.248254,36,3478.47025
-84.257324,30,3478.587024
-259.351042,40,3478.756047
-185.678469,29,3478.874872
-251.912117,37,3479.0358
-33.657703,36,3479.179341
-123.185297,18,3479.2569
-308.161017,41,3479.420957
-238.181417,37,3479.569581
-132.317323,36,3479.720613
-259.875948,37,3488.183537
-312.542875,48,3488.506754
49.338349,23,3488.598209
-228.746435,55,3488.819693
-255.081026,37,3488.970968
44.409427,25,3489.070011
-244.486261,37,3489.220845
-249.574415,37,3489.3747
-257.754719,37,3489.525664
-129.335014,35,3489.666412
-240.398979,37,3489.817542
-27.392614,20,3489.899462
-188.987921,46,3490.091234
-142.184357,24,3490.189816
-112.053464,36,3490.34829
-236.559885,37,3490.498485
-214.841062,34,3490.63605
-206.873185,52,3490.851446
-249.310242,37,3491.006187
-208.226678,33,3491.230482
-81.298838,28,3491.592756
36.494831,46,3491.786887
156.418312,25,3491.897032
-147.16629,37,3492.058689
-242.801247,37,3492.210872
-128.229499,19,3492.290738
-160.465432,25,3492.390024
-240.18865,37,3492.539614
-36.627791,25,3492.643277
-242.883489,37,3492.79445
-130.002276,20,3492.87501
-34.802282,22,3492.995556
-134.752384,22,3493.093031
-159.598019,25,3493.189697
-275.055627,40,3493.35387
-28.262467,22,3493.439301
-25.448118,20,3493.516134
-237.289183,35,3493.657348
-237.899489,37,3493.817238
-131.747222,22,3493.942974
-21.486902,20,3494.07329
-117.893902,18,3494.229014
-195.191983,30,3494.494623
-250.618708,37,3494.79731
-140.685756,37,3495.155627
-131.675634,21,3495.354165
-26.695116,21,3495.555863
-34.304982,22,3495.748605
-29.485874,39,3496.088346
-239.480674,36,3496.421685
-250.93986,37,3496.642303
-267.078357,37,3496.803717
-244.760371,38,3496.966759
-124.755913,35,3497.113142
-244.377121,35,3497.264101
-144.753496,23,3497.355986
-41.955971,25,3497.457124
-244.22917,37,3497.603313
-28.439319,20,3497.685098
-165.189341,26,3497.792309
-257.507323,37,3497.956892
-246.418656,37,3498.10052
-157.321953,40,3498.259951
-59.395117,25,3498.36999
-258.157927,38,3506.355599
-253.596966,37,3506.585559
-146.181053,23,3506.689198
-308.932152,46,3506.882745
-252.421911,37,3507.032223
-241.292067,39,3507.19375
-241.708508,37,3507.343175
31.419377,34,3507.4803
-148.706695,37,3507.63299
-232.050462,35,3507.778643
-91.14314,47,3507.98505
-264.959782,40,3508.149679
-231.574284,50,3508.373579
-261.07979,62,3508.633289
-202.661672,33,3508.762455
-266.113201,37,3509.024161
-59.403926,28,3509.36691
-131.531682,36,3509.546771
-137.258898,37,3509.728178
-29.414156,20,3509.812188
-233.956248,35,3509.95511
7.410286,31,3510.082851
-163.608622,55,3510.309978
-241.799387,37,3510.46446
-19.813192,20,3510.545484
-144.769238,22,3510.628005
-25.198748,22,3510.718934
-24.352965,20,3510.801864
-263.587298,37,3510.94973
-122.610578,19,3511.027479
-162.85696,60,3511.286997
-190.193135,29,3511.404908
-254.544757,37,3511.635909
-158.744285,25,3511.753372
-239.427488,37,3511.905673
-145.940105,24,3512.008938
-149.985862,37,3512.163161
-52.237788,40,3512.325157
190.284866,27,3512.437765
-24.585768,21,3512.530072
-241.461162,37,3512.684748
-29.884385,59,3512.930836
-26.249197,21,3513.021063
-495.815286,79,3513.91949
-12.081185,18,3514.029409
-186.9209,29,3514.178887
-248.06308,37,3514.334381
-15.327092,19,3514.40998
-602.761042,101,3514.832859
-23.95669,20,3514.912135
-245.144511,37,3515.059326
-52.304702,26,3515.17733
-145.401521,46,3515.378403
-240.41957,37,3515.530263
-253.020399,37,3515.681053
-253.5674,37,3515.828457
-141.07759,37,3515.983653
-90.432067,31,3526.763554
49.448418,25,3526.905237
-247.9959,37,3527.061459
-14.349384,19,3527.136722
242.631255,28,3527.252009
-175.954187,43,3527.441479
-254.329653,50,3527.67122
-252.893422,37,3527.851306
-73.599053,30,3528.260741
-125.996004,20,3528.354902
-242.614168,37,3528.515202
-254.248748,37,3528.660549
-218.557171,34,3528.798728
-246.023551,37,3528.961311
-191.467765,31,3529.104166
-13.709179,19,3529.180982
-168.652238,28,3529.294375
-22.484014,19,3529.385786
-126.347004,19,3529.480203
-265.116758,37,3529.637503
-242.517569,37,3529.782934
-245.329742,37,3529.93736
-159.507987,57,3530.17831
-131.55982,21,3530.265883
-46.897564,25,3530.372739
-266.078033,37,3530.527225
-237.687499,37,3530.679441
-29.771293,20,3530.759971
-259.337937,39,3530.920997
-293.917768,43,3531.098395
-286.268533,41,3531.276563
-244.803448,37,3531.430808
-157.161263,24,3531.529367
-251.644898,38,3531.679104
54.063357,24,3531.775807
-233.110585,38,3531.937563
70.505487,21,3532.023981
-29.813217,21,3532.11166
-133.481894,21,3532.19498
-243.467423,37,3532.345982
-261.854658,37,3532.492265
-255.087897,37,3532.642151
-251.426317,37,3532.791322
-132.002743,36,3532.938252
-19.893903,19,3533.015673
-237.059412,37,3533.16687
-463.858572,101,3533.579629
-134.600283,37,3533.728816
-175.083766,28,3533.843377
88.780556,40,3534.00756
-38.952586,23,3534.100251
-245.811953,37,3534.255092
-253.849797,37,3534.395157
-403.800222,94,3534.76487
-226.490476,36,3534.917552
-381.300935,53,3535.133349
-390.886317,54,3535.358984
-113.177842,18,3535.435289
-231.77259,37,3543.363054
-199.712493,31,3543.810099
-261.118959,37,3544.131565
-266.28045,45,3544.342166
-247.865292,37,3544.590413
-21.836821,20,3544.677782
-130.132978,20,3544.767996
-29.375886,22,3544.86139
35.007479,56,3545.155157
-30.506846,22,3545.249065
-126.537368,19,3545.331631
-7.688703,32,3545.465328
-148.622105,37,3545.611399
-60.087567,25,3545.710431
-138.028454,22,3545.80421
-249.914962,37,3545.954668
-243.494451,37,3546.104743
-179.67693,29,3546.229614
-234.198806,37,3546.384466
-261.151407,37,3546.529376
-346.216714,51,3546.92183
-57.246422,54,3547.574613
-215.996676,31,3547.748031
-26.845922,21,3547.834984
-131.894419,35,3547.978467
-196.335898,32,3548.115418
-119.769904,19,3548.198897
-255.728544,37,3548.348111
-224.977033,35,3548.487071
-258.255309,37,3548.660527
-29.470367,21,3548.74227
-78.739596,30,3548.867606
-251.225265,37,3549.014464
-242.390997,37,3549.167408
-533.719367,73,3549.463089
-165.661524,27,3549.574916
-281.531021,43,3549.738142
-248.333137,37,3549.884621
-142.265319,25,3549.993032
-58.389596,27,3550.161441
-261.530341,37,3550.522992
-235.330619,37,3550.823144
-250.574795,37,3551.147553
-255.897984,37,3551.522041
-256.464264,37,3551.799227
-139.33164,35,3552.117743
-145.72224,37,3552.344429
-244.113976,37,3552.659826
-261.401435,37,3552.93982
-129.510873,37,3553.144036
-34.705763,22,3553.234694
-242.412333,37,3553.389657
-169.800084,26,3553.497919
-154.586938,24,3553.601552
-126.04964,35,3553.744165
-236.308705,36,3553.891074
-159.808355,25,3554.001032
-69.753824,27,3554.106863
-249.835994,37,3554.254647
-142.781708,37,3554.401444
-260.493004,37,3554.550471
-248.792968,37,3562.573033
-166.787737,41,3562.792486
-169.402788,29,3562.906095
-27.383402,22,3562.99753
41.151658,57,3563.227625
-570.296773,101,3563.646358
-242.894874,37,3563.801484
-185.496126,30,3563.9223
-63.415913,26,3564.029036
-542.765692,82,3564.361772
-234.457646,37,3564.515969
-221.407776,35,3564.657248
-264.589191,37,3564.807759
-161.786509,26,3564.922969
-262.555049,37,3565.075012
-242.862156,37,3565.220455
-56.337205,25,3565.322744
-246.638136,37,3565.472539
248.33661,42,3565.652126
-136.167295,39,3565.813194
-254.088226,37,3565.967271
-194.169385,32,3566.142713
-245.781926,37,3566.762337
-243.361971,37,3566.967379
-240.208669,37,3567.114553
-119.510454,19,3567.191827
-247.928193,37,3567.34466
-260.400654,37,3567.502285
-254.981254,37,3567.656189
-151.947661,27,3567.780921
171.232881,23,3567.877339
-152.467745,37,3568.039226
-42.416882,37,3568.212318
-123.88662,19,3568.367483
-237.698084,37,3568.517908
-20.703914,19,3568.592196
-50.419766,41,3568.76354
-241.856471,37,3568.932303
-248.347067,37,3569.09313
-206.792903,32,3569.229985
-236.110239,37,3569.396358
-342.949251,49,3569.603903
-159.656088,25,3569.70226
-154.227379,37,3569.850632
-240.480788,38,3570.026969
-384.082026,67,3570.309043
-183.421921,30,3570.448166
-258.600679,37,3570.602691
-236.732237,37,3570.769211
-316.883419,48,3570.976743
-243.919674,37,3571.14419
-241.771249,37,3571.31667
-258.010742,39,3571.494131
-131.479711,20,3571.570163
-239.116244,37,3571.740668
-65.572228,29,3588.030262
-246.461618,37,3588.217751
-42.29927,23,3588.31927
-283.241549,41,3588.491319
-8.088193,18,3588.565702
-137.541575,22,3588.654046
-162.529528,27,3588.777011
-806.760256,98,3589.252525
-250.384645,37,3589.426192
-295.789004,56,3589.677722
-176.581398,29,3589.796956
-261.095147,37,3589.990064
-260.447399,37,3590.163023
-230.105764,35,3590.322437
-19.631375,19,3590.421563
-23.773831,21,3590.518214
63.119376,23,3590.614901
-172.796824,28,3590.733933
-288.936432,42,3590.975414
-129.838103,21,3591.081129
-155.381677,37,3591.264864
-247.467255,37,3591.42179
-229.050461,36,3591.577378
-239.63682,37,3591.728647
-239.10663,37,3591.881642
-299.182657,45,3592.083598
-24.653996,20,3592.165961
-344.175126,47,3592.37424
-217.695575,33,3592.522242
-255.870491,37,3592.671632
-241.546447,37,3592.825275
-15.552834,19,3592.90131
-250.796153,37,3593.066875
-132.87418,37,3593.221118
-78.835647,27,3593.328441
-54.044539,24,3593.425912
-156.931914,26,3593.54246
-153.888961,25,3593.661124
-241.287789,37,3593.809682
-237.429858,37,3593.955685
-266.180826,37,3594.107827
91.69423,35,3594.252642
-125.392268,20,3594.341048
-155.221416,42,3594.507018
-561.758015,101,3594.925667
-136.744888,35,3595.068464
-242.580378,37,3595.221222
-19.1417,19,3595.296889
-131.339079,20,3595.376945
-20.046936,19,3595.455509
-220.258246,34,3595.593336
-159.367567,28,3595.704748
-176.273665,27,3595.810569
-138.490976,23,3595.9017
-245.169707,39,3596.067422
-242.367387,37,3596.217615
-67.191096,28,3596.34172
-247.107523,37,3596.491081
-314.614075,47,3596.68668
-247.625861,37,3596.843079
-172.636789,28,3606.49256
-37.928285,23,3606.619401
-208.436618,34,3606.778175
-238.327729,37,3606.939483
-50.854331,23,3607.030339
-253.638796,37,3607.187489
-115.185551,18,3607.267437
197.437393,39,3607.431616
-161.194319,27,3607.545112
-18.703248,19,3607.717542
-67.442454,26,3607.839335
-0.904513,31,3607.972985
-260.64023,40,3608.143117
-129.491471,20,3608.225031
-258.231799,37,3608.371861
-250.20813,37,3608.522383
-208.975669,33,3608.661001
-126.247928,20,3608.742081
-29.967677,22,3608.833347
-239.536443,37,3608.999275
-241.190401,36,3609.147814
-215.674124,33,3609.277615
-262.021987,37,3609.423952
-252.807528,37,3609.579647
-231.871745,39,3609.739858
30.321442,99,3610.153238
-236.765293,37,3610.31935
-260.08167,37,3610.476512
-370.772397,54,3610.703506
-259.056008,37,3610.863437
-137.011474,23,3610.949561
-252.192517,37,3611.101209
-81.54659,29,3611.222036
-116.387843,32,3611.371131
-359.86334,53,3611.591493
-167.657628,27,3611.703263
-63.856414,26,3611.808893
-263.0865,37,3611.954917
-150.787201,38,3612.105168
-42.586673,23,3612.199348
-146.961594,25,3612.307931
-20.422131,20,3612.389927
-250.727566,37,3612.540617
-240.717751,37,3612.691894
-21.856186,21,3612.778156
-243.223779,37,3612.948407
-260.138078,37,3613.157481
-235.825461,37,3613.536459
-17.289953,19,3613.683749
-16.728511,19,3613.809365
-182.051497,28,3614.047149
-254.935727,37,3614.440211
-296.3408,45,3614.961583
-193.32737,30,3615.235012
-250.169058,37,3615.659725
-258.12321,37,3615.89334
-259.589305,37,3616.09298
92.945652,27,3616.224525
-247.472998,37,3616.388019
-27.324604,21,3616.490977
-258.324623,37,3616.645603
-231.89349,37,3626.436879
-279.119641,41,3626.729151
-15.663657,19,3626.818275
-66.509483,26,3626.937353
-165.547185,27,3627.050017
-224.811108,38,3627.215225
-374.989147,57,3627.450314
-49.797342,25,3627.551058
-46.248783,25,3627.658212
-16.99519,44,3627.870926
-128.478058,35,3628.010058
-329.110615,46,3628.20959
-12.277038,19,3628.298564
-259.826147,37,3628.448538
-154.361034,39,3628.602374
-45.223713,22,3628.691994
-102.354382,34,3628.837073
-263.073955,41,3629.012511
-19.761082,39,3629.177227
-157.105523,25,3629.280333
-244.703308,37,3629.431318
-133.043744,23,3629.532951
-210.156305,34,3629.684572
-122.4019,40,3629.855763
238.502947,54,3630.085988
-266.50551,37,3630.250669
-191.816588,43,3630.42546
-130.808979,38,3630.578124
-217.437082,34,3630.717544
107.829598,43,3630.894976
-270.794282,37,3631.050466
-186.042189,31,3631.179914
-28.492615,40,3631.342764
-350.000138,50,3631.561114
-50.551805,26,3631.683631
-367.104688,49,3631.904686
-258.277879,37,3632.067055
-25.663864,20,3632.147407
-158.149385,27,3632.263914
-258.773434,37,3632.524248
-240.945749,37,3632.685216
-220.382942,49,3632.897492
-259.77227,37,3633.051692
-42.095229,24,3633.153706
-151.870796,26,3633.267733
-178.006203,29,3633.390904
-243.173313,37,3633.547656
-145.833647,37,3633.715349
-184.832476,42,3633.931865
-167.026661,40,3634.371684
-28.826921,20,3634.498671
-246.38979,35,3634.673189
-139.588863,23,3634.785066
-47.880048,59,3635.036944
-132.036235,22,3635.132696
-131.456609,22,3635.230135
60.696632,26,3635.343484
-34.305286,22,3635.437476
-183.363183,44,3635.628108
-80.25106,29,3635.748564
-130.242282,20,3650.203599
-159.057286,37,3650.426396
-243.936946,37,3650.635634
-225.883971,36,3650.830156
-240.839413,37,3651.016228
-256.070563,37,3651.172919
-243.662542,37,3651.328585
-228.403622,36,3651.483692
-151.614422,38,3651.644805
238.286467,36,3651.798297
-233.935644,37,3651.948907
-58.007134,27,3652.061386
-151.743043,23,3652.151065
-260.790117,37,3652.30668
-212.422741,70,3652.59246
-18.958612,19,3652.669066
-118.780784,36,3652.827381
-246.936094,37,3652.980913
-211.882444,34,3653.124129
-243.996724,37,3653.285483
-266.78222,37,3653.443707
-122.0184,21,3653.530684
-169.624198,29,3653.658952
-156.505759,37,3653.820007
-260.825652,37,3653.960898
-31.194078,22,3654.049428
-119.718743,34,3654.190744
-136.887302,21,3654.27562
-45.098566,23,3654.367348
-25.945835,21,3654.459467
-24.369862,21,3654.545297
-23.50117,20,3654.626793
-326.620166,48,3654.834454
8.645854,33,3654.971811
-242.851428,37,3655.12076
-360.275348,52,3655.326863
-276.43885,40,3655.488313
-121.063312,19,3655.562223
-139.343074,35,3655.708379
-258.80966,37,3655.858568
-235.038121,37,3656.008924
-271.860154,44,3656.19002
-179.030135,42,3656.363275
-260.845632,37,3656.515177
-259.418164,37,3656.662964
-187.98813,43,3656.840844
-43.302042,24,3656.934929
-235.332642,37,3657.087724
-241.013322,37,3657.235937
-117.540318,33,3657.369373
-261.263159,37,3657.517867
-242.517734,37,3657.684587
-120.468076,20,3657.765143
-249.075167,37,3657.905382
-138.063549,22,3657.997519
-48.714043,24,3658.10083
-414.20701,95,3658.487605
-134.752885,34,3658.633888
89.206223,19,3658.71088
-246.196407,58,3669.188999
-366.546008,54,3669.438985
-186.584208,31,3669.566495
-572.921803,101,3669.989703
-268.326324,38,3670.146022
-220.724194,35,3670.289455
-264.601311,37,3670.439801
-15.133511,19,3670.514828
-239.95448,37,3670.771949
-306.98173,46,3670.973654
-245.356337,37,3671.130887
-550.368786,99,3671.548362
-251.775634,37,3671.701407
-244.093615,37,3671.856995
-18.794271,19,3671.932273
-256.15778,37,3672.077403
-60.285747,37,3672.225906
143.794861,28,3672.336997
-64.439699,26,3672.437746
-245.588146,37,3672.585308
-24.06554,20,3672.665114
-141.224609,37,3672.815285
-147.392855,37,3672.964818
-236.194436,35,3673.113496
-191.076759,31,3673.246414
-71.498409,26,3673.352736
69.094352,22,3673.439729
-234.922256,37,3673.592197
-83.372419,30,3673.714177
-252.584131,37,3673.870154
-240.040618,37,3674.018955
-233.534342,36,3674.164753
-73.636887,27,3674.276151
-602.546398,82,3674.614777
-230.30082,37,3674.779011
-48.876181,26,3674.890946
-255.823868,57,3675.117915
-625.939344,101,3675.531751
-125.506596,20,3675.611506
-257.616549,37,3675.762592
-137.858553,21,3675.844906
-46.886128,25,3675.946019
-161.762125,25,3676.0448
-240.837837,37,3676.249561
-243.241657,50,3676.650846
-261.66974,37,3676.945402
-251.197036,37,3677.261109
-213.672217,32,3677.565945
-131.111637,21,3677.767307
-251.991428,37,3678.115938
-74.638962,31,3678.399078
-81.284974,31,3678.587556
-257.049598,37,3678.741059
-96.500075,30,3678.857521
-243.04283,37,3687.755864
-39.930721,24,3687.867803
-63.713715,26,3688.001355
-112.428623,37,3688.157696
-123.249104,19,3688.235995
-159.87329,26,3688.348053
-145.421794,25,3688.446693
-259.924113,37,3688.60283
-118.964518,35,3688.746023
-219.461511,33,3688.897791
-158.386887,37,3689.044941
-117.24592,18,3689.118018
-151.581946,37,3689.276468
-117.153492,37,3689.437886
-188.503655,45,3689.625347
-118.536435,19,3689.700892
-43.751365,24,3689.796987
-21.163,20,3689.874098
-145.139222,37,3690.037047
-147.689592,51,3690.254428
-38.623509,24,3690.351185
-258.543654,37,3690.514121
-243.715188,37,3690.658319
-243.169289,37,3690.807413
-19.051967,20,3690.887445
-125.525978,19,3690.964076
-240.117947,37,3691.10965
-59.812612,28,3691.230711
-229.587005,35,3691.385349
-68.453152,27,3691.497788
-20.508172,19,3691.575147
-242.930041,39,3691.734873
-258.198813,37,3691.875381
-253.374769,37,3692.02449
-227.418568,36,3692.17367
-125.874388,35,3692.321775
-5.539211,33,3692.455806
-234.232822,37,3692.607681
-255.614547,39,3692.762781
-126.048293,20,3692.845549
-257.419444,37,3693.007091
-257.600608,37,3693.163818
-341.228621,48,3693.364692
-306.837168,83,3693.825995
-56.238855,27,3693.94018
70.766439,22,3694.030937
-117.683324,19,3694.117246
-163.420996,28,3694.394451
-123.308925,20,3694.697428
-49.546307,25,3694.953953
-297.404602,44,3695.215461
-131.068582,20,3695.308679
-154.776408,26,3695.416304
-94.126549,30,3695.54232
-267.436343,37,3695.689201
-281.481599,37,3695.844649
-149.283185,38,3696.0025
-53.056002,26,3696.102756
-227.155298,34,3696.24583
-173.355029,27,3696.36437
-45.918678,24,3696.4628
-112.947933,18,3696.533391
-208.034367,31,3696.656013
-30.870601,22,3696.741386
-212.003979,34,3696.881885
-269.618886,37,3709.58098
-258.619697,37,3709.758628
-11.746315,33,3709.923652
-115.332326,19,3710.002228
-403.806741,58,3710.233337
-252.691852,43,3710.40339
-114.079231,35,3710.5403
-234.707575,37,3710.686729
-88.129017,30,3710.805555
30.300129,27,3710.912556
-392.866778,64,3711.162744
-774.629249,101,3711.57354
-35.641152,22,3711.683853
-25.292367,19,3711.791234
-136.020629,21,3711.896804
-90.08039,29,3712.014583
-141.277799,37,3712.162249
-216.250908,32,3712.286945
-249.813372,37,3712.44242
-21.449617,19,3712.515536
-126.237751,20,3712.594467
-132.666291,35,3712.735171
-122.730433,19,3712.810797
-348.516012,73,3713.120586
-155.492856,24,3713.214773
-238.396116,37,3713.358578
-242.39653,37,3713.524036
-234.232365,35,3713.708033
81.035611,23,3713.799505
-245.007952,37,3713.95415
-136.816585,36,3714.100759
-147.010693,37,3714.257983
-267.486176,37,3714.412869
58.400034,23,3714.510792
-240.584663,37,3714.661968
-436.692844,76,3714.964821
-143.451572,23,3715.062142
-125.021325,20,3715.145691
14.924754,56,3715.376339
-251.010528,37,3715.522069
-29.729059,36,3715.675509
-16.696245,19,3715.757578
-62.585985,26,3715.861002
66.320457,22,3715.952629
-141.14374,22,3716.040086
-249.276774,37,3716.188839
-270.40588,41,3716.367168
-315.796512,45,3716.564256
-221.07044,35,3716.96295
-240.809436,37,3717.254511
-126.40335,21,3717.368931
-28.401585,22,3717.469869
-140.140725,24,3717.56983
-23.426237,20,3717.657829
-121.891685,19,3717.735457
-124.607802,20,3717.817834
-122.085424,20,3717.898218
-119.643515,19,3717.975198
-151.401168,25,3718.082912
-178.870336,28,3718.196067
-15.722622,19,3718.286511
-198.683028,31,3718.412752
-9.37022,18,3726.870432
-246.716811,37,3727.091007
-314.454292,49,3727.298369
6.777087,32,3727.43776
-116.068226,32,3727.56669
-55.560958,26,3727.665857
-260.340062,37,3727.815126
14.217053,32,3727.947833
-91.889179,31,3728.086301
-96.363787,36,3728.237124
-258.063356,37,3728.382444
55.931652,27,3728.492718
-145.291513,39,3728.654265
-41.0548,24,3728.754043
-244.170051,37,3728.982685
-159.677793,38,3729.145839
-259.282586,37,3729.295413
-32.306452,22,3729.394703
-186.427868,30,3729.517578
-244.733779,37,3729.67255
-261.566548,37,3729.830008
-216.709951,33,3729.974415
-254.996379,37,3730.149543
67.093361,37,3730.304445
-29.475457,52,3730.514138
-231.488898,35,3730.663658
-119.98464,19,3730.739253
-453.774988,72,3731.042422
-286.516209,44,3731.221375
-248.504086,37,3731.383138
-138.394563,37,3731.535692
-101.330191,33,3731.671536
-262.206148,37,3731.830264
-258.694633,37,3731.981883
-144.697273,37,3732.131046
-241.069427,37,3732.287836
-229.697691,35,3732.433574
-232.586597,37,3732.583509
-58.705506,28,3732.698735
-142.659834,24,3732.796964
-144.233185,38,3732.956492
-239.610128,48,3733.148133
-142.896939,25,3733.251991
-24.930542,20,3733.332391
185.115994,23,3733.436686
-135.134412,36,3733.592416
-72.125973,29,3733.719357
-96.205983,33,3733.855034
-202.846924,47,3734.055151
-13.938139,19,3734.129822
-123.812552,21,3734.214883
-258.879268,37,3734.39669
-242.086925,37,3734.776228
-238.961257,37,3735.067144
-168.632584,27,3735.334902
-208.330768,39,3735.710841
-57.569603,27,3735.992084
-346.37229,50,3736.43639
-65.159629,27,3737.260377
-125.198136,19,3737.443386
-252.581522,37,3747.347417
-78.603141,40,3747.536841
-239.603155,37,3747.68585
-184.986742,45,3747.870399
194.098019,25,3747.980616
-109.171829,35,3748.13369
-256.983271,37,3748.283499
-435.355627,91,3748.646819
-36.652806,22,3748.734762
-245.758572,37,3748.890593
-163.318472,38,3749.057774
-676.041961,101,3749.488967
-251.626279,40,3749.650022
-149.262231,23,3749.754196
-125.7672,20,3749.842004
-179.972906,30,3749.967282
-240.559136,37,3750.117985
-41.705422,23,3750.216064
-214.673304,47,3750.413589
-268.548658,37,3750.566116
-240.697105,37,3750.72234
-248.62583,37,3750.867744
-242.196,37,3751.02631
-2.218162,33,3751.161359
-27.097139,20,3751.241338
-197.511888,30,3751.367275
-141.276649,24,3751.468352
-181.245368,30,3751.593885
-233.871902,46,3751.776011
-103.039196,34,3751.907899
-62.698722,29,3752.026359
-250.891225,37,3752.18374
-25.590022,21,3752.269628
-170.293668,28,3752.388461
-202.525106,35,3752.542791
-238.989515,37,3752.700174
-55.797513,27,3752.961125
-252.299348,38,3753.519892
-125.356297,20,3753.614548
-282.578285,43,3753.799249
-45.647069,25,3753.905669
174.230682,23,3754.030059
-239.181499,36,3754.199524
-260.655682,43,3755.050003
-268.872915,42,3755.368061
-153.14603,37,3755.527884
-263.798461,37,3755.683157
-348.14146,55,3755.911497
-259.6336,37,3756.079335
-110.213753,39,3756.237887
-242.443892,37,3756.395386
-144.042688,36,3756.53967
-30.77922,20,3756.627406
-26.508834,21,3756.720705
-231.342236,37,3756.87693
-604.649372,101,3768.678553
-233.781563,37,3768.897943
-56.159008,27,3769.010047
-252.282115,37,3769.162909
-252.998563,37,3769.325951
-260.299469,37,3769.509415
-234.226069,36,3769.664316
-180.656436,29,3769.790759
-239.21172,37,3769.956734
-87.666091,29,3770.082067
-265.711829,37,3770.241184
-153.342113,26,3770.349093
-60.89428,26,3770.456668
-211.179349,33,3770.592087
-165.161277,26,3770.7029
-185.574142,29,3770.834465
-243.28785,37,3770.98983
-38.978921,24,3771.084614
-139.323609,23,3771.179
-248.505454,37,3771.321769
39.852707,46,3771.516754
-664.759591,101,3771.955983
-74.658674,27,3772.068654
-29.064945,21,3772.157766
-251.12206,37,3772.314916
-255.424688,37,3772.469285
-464.212786,73,3772.767646
-53.891724,37,3772.922265
-125.227801,19,3772.995863
-262.711227,37,3773.142679
-139.162001,23,3773.244531
-92.330113,30,3773.376077
-242.486478,37,3773.536627
-375.352176,63,3773.813716
-24.997592,20,3773.898794
-36.760042,22,3773.987939
199.488652,22,3774.088661
-39.443585,23,3774.194268
-237.298832,37,3774.345908
-239.702224,38,3774.497356
-124.05677,20,3774.582801
-255.845944,37,3774.738011
20.080497,31,3774.860739
-260.424034,37,3775.011307
-31.723839,20,3775.095413
-256.979167,37,3775.248367
-39.979951,24,3775.34529
-136.527252,21,3775.431213
-263.574591,37,3775.58441
-153.48555,36,3775.722396
-253.838064,37,3775.866076
-245.421669,36,3776.015732
-193.866594,31,3776.142833
-828.457141,101,3776.583335
-182.059436,42,3776.762616
24.077183,39,3776.924741
-240.80465,37,3777.08187
191.89822,20,3777.168362
-244.447462,37,3777.317438
-124.302812,19,3785.88428
-103.944825,33,3786.077894
-112.058474,35,3786.225548
-133.432347,37,3786.400739
-28.081768,21,3786.499822
-200.888199,34,3786.637073
-37.723567,24,3786.736422
-136.308761,37,3786.896498
-281.068831,37,3787.046228
-263.408332,37,3787.198073
-245.441875,36,3787.344259
-137.773423,21,3787.432199
-246.207001,37,3787.58405
-232.705331,36,3787.737137
-35.455054,22,3787.825162
-497.044555,73,3788.12345
-233.083218,36,3788.342258
-115.294249,20,3788.639632
-14.472891,19,3788.724502
-291.451368,43,3788.907603
-47.265753,23,3789.005747
-155.768455,25,3789.11033
-24.935443,20,3789.186626
-252.959806,37,3789.346222
-48.720936,37,3789.48905
-56.360537,24,3789.586647
-255.988569,37,3789.738269
-158.502936,25,3789.840295
-12.509512,19,3789.921086
-34.158285,22,3790.012918
-235.989542,37,3790.168489
-216.637378,52,3790.381783
-141.427506,37,3790.536566
-136.016169,22,3790.628563
-668.941481,99,3791.030426
-130.449722,20,3791.113001
-157.428612,25,3791.217487
121.780555,31,3791.342887
-256.729253,54,3791.576544
-128.953645,20,3791.655848
-296.891871,44,3791.838518
-272.080815,40,3792.002668
-270.799878,42,3792.181084
-194.10514,91,3792.550817
-32.341255,22,3792.652095
-126.122346,20,3792.74746
202.224478,54,3792.990653
-267.733445,37,3793.150327
-200.473774,47,3793.349335
42.279158,38,3793.501936
-36.090259,45,3793.690461
-226.212388,34,3793.829582
-51.547357,38,3793.98849
-144.966564,37,3794.221112
-276.010247,59,3794.792339
-142.824098,23,3795.012949
-146.558547,69,3804.40716
-130.546825,21,3804.54274
-251.163173,37,3804.719364
-39.357913,24,3804.81776
30.710087,26,3804.925665
-289.849428,62,3805.193954
-60.198623,28,3805.3064
-60.716677,26,3805.424356
-34.011879,22,3805.512009
-256.470129,37,3805.664856
-115.202663,35,3805.812808
-140.744089,56,3806.054438
-192.017242,44,3806.235121
-600.469555,101,3806.665949
-258.801484,37,3806.81368
-140.470457,22,3806.902838
-367.005001,57,3807.143804
-257.912337,37,3807.302549
-255.868006,37,3807.465387
-102.243272,35,3807.612864
-23.085845,51,3807.825262
-29.370755,21,3807.91492
-127.061242,20,3808.000248
20.660849,30,3808.126609
-230.099608,38,3808.290899
-17.424589,19,3808.370223
-244.932338,37,3808.523487
-18.680212,19,3808.598092
-258.276622,37,3808.744861
491.338294,34,3808.88817
-140.774186,23,3808.985293
-271.689891,37,3809.139574
-488.482844,101,3809.558219
-306.881812,48,3809.757842
-48.193296,24,3809.86701
-162.596217,47,3810.083782
22.132764,33,3810.224451
-32.196469,21,3810.323998
-242.599916,37,3810.473058
-127.435258,19,3810.549699
-324.659887,46,3810.743799
-258.529909,37,3810.895175
-237.900835,37,3811.053156
-269.27799,37,3811.211217
-75.372989,28,3811.331612
-262.249589,39,3811.616678
-269.885005,42,3811.787137
-271.33812,41,3811.952657
-148.248279,26,3812.062682
-13.398513,20,3812.146093
-75.413441,32,3812.276951
-71.308587,28,3812.399854
90.250137,26,3812.519838
-127.367632,19,3812.600099
-248.998495,37,3812.756904
-123.609211,55,3812.983444
-133.879961,23,3813.082269
-19.855793,19,3813.159762
-20.51738,19,3824.782138
-15.294549,33,3824.965687
-256.247365,37,3825.12531
-62.306361,55,3825.349907
-37.395406,23,3825.451906
-35.119553,22,3825.548889
-241.383579,37,3825.708672
-145.263225,37,3825.853283
-252.102861,37,3826.008627
-232.322759,37,3826.165211
-123.345884,20,3826.245455
-116.799074,37,3826.395793
-26.051511,21,3826.487879
-24.54938,21,3826.575601
-117.41478,19,3826.649803
-288.212307,42,3826.824553
-158.969224,27,3826.935562
-62.202673,27,3827.045381
-184.488976,42,3827.223415
189.256291,26,3827.33059
-26.82722,21,3827.416783
-293.102947,47,3827.602441
-243.374469,37,3827.761119
-264.880023,42,3827.937229
-39.612082,25,3828.045072
-99.607444,32,3828.172191
-749.619379,101,3828.583211
-121.711308,35,3828.729476
-404.08649,60,3828.984096
62.59634,37,3829.134285
-147.849461,39,3829.298964
-211.221529,36,3829.485974
-140.336428,24,3829.582835
-31.483807,23,3829.677696
-147.812267,38,3829.835093
-46.138399,25,3829.94139
-29.74382,20,3830.026098
-313.363934,48,3830.233724
42.967942,47,3830.429798
-257.16706,37,3830.585477
-245.651695,37,3830.733013
-26.230901,21,3830.820794
-57.335171,27,3830.929485
-41.119448,22,3831.019348
-714.857572,101,3831.429579
-123.319504,19,3831.509813
-249.395047,37,3831.659717
-229.223505,47,3831.852385
-258.579247,37,3831.997705
-143.124603,23,3832.099995
-241.586185,38,3832.260225
-169.703826,26,3832.374673
-265.020367,37,3832.519519
-27.783749,21,3832.607072
-165.749695,27,3832.721149
-262.697003,37,3832.877128
-194.459364,44,3833.0543
67.51213,44,3833.23878
-269.102435,37,3841.595634
-55.591064,25,3841.72193
-160.70431,37,3841.884715
-36.302871,22,3841.974105
-123.261401,19,3842.05596
-247.954876,37,3842.212151
-235.947314,37,3842.364462
-252.042954,37,3842.519418
-252.302504,52,3842.748138
92.964813,36,3842.9033
144.343464,37,3843.064008
-240.980507,37,3843.222677
-124.848879,19,3843.30434
-0.911146,37,3843.463299
-132.413641,21,3843.545167
-32.349145,21,3843.632832
-27.565812,20,3843.714653
-237.975466,36,3843.860423
120.675479,48,3844.063368
-45.409359,25,3844.171566
-217.994606,64,3844.583909
-465.121808,64,3845.44759
-254.323659,37,3845.67617
-256.402665,37,3845.848058
-216.996918,35,3846.001209
-131.316478,22,3846.096555
-81.876152,42,3846.299553
-247.907917,37,3846.462895
-68.439673,29,3846.582549
-240.080433,37,3846.738638
-146.575497,24,3846.842705
-144.5852,23,3846.946888
-257.104002,37,3847.101621
-302.585627,46,3847.306222
-309.477134,46,3847.495542
-41.779751,66,3847.773478
-238.016348,37,3847.932811
-193.87751,43,3848.113533
170.968558,28,3848.231043
118.793011,33,3848.37934
-170.708907,27,3848.495623
-292.141483,44,3848.679641
-147.304013,36,3848.82302
-24.271471,20,3848.899796
74.287753,20,3848.974881
-154.106296,37,3849.125884
-126.115919,59,3849.371907
-151.340005,41,3849.536041
-103.638138,32,3849.670888
-241.274058,37,3849.82443
-84.68961,29,3849.94354
-257.758597,37,3850.123535
-144.874269,37,3850.353175
31.12638,27,3850.63488
-243.074769,37,3851.024496
-299.05944,44,3851.43584
-9.93685,19,3851.613929
-156.836124,37,3852.473801
-460.537073,101,3860.688098
-49.665936,42,3860.861745
-100.205765,34,3861.004744
-46.931227,24,3861.106836
-135.48897,23,3861.20457
33.580521,30,3861.328038
-150.913553,37,3861.490257
-119.205948,19,3861.575571
61.038058,23,3861.671625
-529.982336,101,3862.130261
-33.88801,21,3862.22025
48.59233,26,3862.32949
-54.381316,24,3862.435317
-153.37231,26,3862.546393
-120.354791,19,3862.623408
-250.351224,37,3862.781552
-357.838967,51,3863.001315
-158.748879,37,3863.163212
-247.55343,37,3863.314735
-235.842801,37,3863.470031
-35.990034,22,3863.56536
-238.698491,37,3863.71765
-244.237892,37,3863.865074
-265.325983,41,3864.032821
-245.855362,37,3864.186959
-91.967093,44,3864.379148
-28.365716,21,3864.465035
-250.707759,37,3864.633007
-176.605038,41,3864.806232
-217.420596,34,3864.954514
-131.500977,22,3865.05616
-141.804733,23,3865.153468
178.719001,32,3865.289514
-265.972329,41,3865.462847
-237.160774,37,3865.615734
-150.629794,37,3865.768001
-76.904632,30,3865.888011
-252.972972,37,3866.042504
-3.03724,32,3866.170821
-251.588041,37,3866.330816
117.534694,39,3866.494901
-252.730582,37,3866.652953
-95.843103,30,3866.779394
-274.902029,42,3866.955776
-367.537695,48,3867.149823
-118.84081,20,3867.229505
-210.41701,33,3867.374757
-143.058432,40,3867.547518
-252.022109,39,3867.716773
-135.186982,23,3867.814294
-254.463526,37,3868.061319
-83.662737,30,3868.184381
-246.026669,37,3868.341535
-179.416784,28,3868.454785
-64.607652,29,3868.571132
-280.093492,42,3868.74564
-259.992436,37,3868.90282
-237.752489,37,3869.05145
-630.667914,101,3880.30082
-130.208815,22,3880.395098
-158.670537,26,3880.505481
-30.349558,22,3880.597337
-43.642542,24,3880.701953
-237.663017,36,3880.845998
-202.170266,32,3880.975975
-78.693836,30,3881.101245
-256.644769,37,3881.252078
-18.019939,19,3881.331371
-171.347195,27,3881.447421
-155.451245,26,3881.558458
-15.273271,19,3881.641587
-54.843373,27,3881.754878
-122.709485,19,3881.832791
-161.957624,28,3881.948773
-250.836694,37,3882.100265
-131.719311,40,3882.267292
-153.299906,37,3882.417526
-261.157987,37,3882.575357
-289.221645,41,3882.736355
-237.444769,36,3882.881941
106.077292,50,3883.097887
-254.617035,41,3883.279137
-19.29759,19,3883.35863
-258.556285,37,3883.507442
-138.197857,37,3883.654999
-356.836477,49,3883.862009
-19.054503,20,3883.946996
192.783379,22,3884.035452
-240.47879,37,3884.187214
-249.309563,37,3884.338029
-38.284108,37,3884.489074
-180.553093,29,3884.610038
-504.859232,74,3884.913779
-23.910483,20,3884.996731
-249.360406,37,3885.152256
-32.483922,21,3885.242035
-51.371983,25,3885.346324
-37.570547,24,3885.443679
-265.932815,37,3885.608656
-266.196915,37,3885.764112
-150.759753,26,3885.873485
85.189046,21,3885.966424
-246.59726,37,3886.11961
-137.483309,22,3886.213238
-223.161283,34,3886.361331
-25.719358,21,3886.456266
-175.868851,29,3886.589059
-152.619949,37,3886.741411
-254.763149,37,3886.895418
-153.06988,39,3887.065348
-157.154576,25,3887.170396
-14.311825,20,3887.252308
-52.259863,45,3887.443419
-232.328944,36,3887.594017
-50.725444,40,3887.761182
-18.493789,19,3887.83849
-153.935005,37,3887.999167
-5.122134,36,3888.264939
-30.75251,21,3888.525169
-140.10866,35,3888.670807
-136.232248,23,3888.764571
-185.789621,30,3895.269645
-126.538208,19,3895.375947
-18.868003,19,3895.459986
-25.310708,20,3895.547192
-48.069531,26,3895.657205
-104.338667,32,3895.793351
-240.541003,37,3895.946546
-32.048977,21,3896.027939
-128.660924,20,3896.110033
-31.104403,21,3896.19815
-45.347586,24,3896.298987
-41.106413,24,3896.402103
-271.479437,53,3896.63512
-241.703184,37,3896.788633
-126.04215,19,3896.875864
-263.984168,40,3897.048033
-123.061211,19,3897.127765
-36.355023,21,3897.221718
-99.283839,31,3897.352359
-245.703766,36,3897.500934
-54.349951,27,3897.619754
-181.329033,30,3897.746478
-125.839338,20,3897.828544
-63.632465,26,3897.936995
-145.737294,37,3898.085843
-38.493694,22,3898.178491
-96.822312,31,3898.308155
-123.447765,20,3898.394074
-117.323491,19,3898.471638
-207.895646,34,3898.73623
-128.999338,20,3898.824329
-125.240974,19,3898.902188
-52.687173,27,3899.017471
-202.761997,31,3899.145644
-122.710588,19,3899.228712
63.105723,23,3899.324991
183.152333,20,3899.409284
-125.505095,20,3899.493398
-286.614061,41,3899.666649
-125.660741,19,3899.748095
-149.086351,25,3899.853162
-236.658095,37,3900.009512
-24.380672,21,3900.106139
-16.196882,19,3900.190083
-233.807204,37,3900.350879
171.472207,26,3900.465992
-112.419443,19,3900.548701
-248.850715,37,3900.706111
-132.64521,20,3900.788535
-150.312415,37,3900.945944
-127.020342,19,3901.025436
-227.101149,37,3901.189827
-32.663115,22,3901.287458
-76.443466,30,3901.419814
-123.027091,20,3901.503922
-233.987871,37,3901.663015
-236.755989,37,3901.825302
-223.145109,39,3901.99438
-273.633303,44,3902.183655
-159.186127,40,3902.345091
-125.572154,20,3902.427941
25.483804,29,3902.546505
-203.608184,48,3902.751679
-134.908417,34,3902.899074
26.211667,27,3903.014543
-135.676121,21,3903.099975
-11.379425,18,3903.176782
-242.093642,37,3903.337069
-42.873062,25,3903.440324
51.554589,26,3903.547313
206.552314,18,3903.621972
-256.785815,37,3903.780504
-489.548182,101,3913.907675
-117.146995,19,3913.988987
0.925581,36,3914.146909
-242.164649,36,3914.302585
-32.300608,22,3914.398206
-121.007119,33,3914.538343
-312.451837,44,3914.720582
-296.592279,45,3914.900228
-174.700172,45,3915.091977
-31.573626,21,3915.182711
-133.960794,23,3915.281338
-140.266438,37,3915.429709
-268.074839,37,3915.585435
-144.464752,23,3915.683065
-245.266301,37,3915.837293
-244.096001,37,3915.998418
-259.088789,37,3916.157315
-72.445898,27,3916.270783
-169.060577,27,3916.388581
-156.815551,37,3916.550214
-180.96842,30,3916.678298
-258.218907,37,3916.83524
-244.094924,37,3916.991921
-128.372246,21,3917.080326
-261.654873,39,3917.24667
-223.287505,35,3917.399661
-126.738552,22,3917.49332
-120.809872,20,3917.581004
-131.088742,20,3917.670346
-208.858479,32,3917.815672
69.58687,23,3917.913151
-124.88898,19,3917.992889
-255.891021,37,3918.146305
-222.64555,35,3918.296796
-261.657104,37,3918.453671
-125.076804,19,3918.53341
-278.349931,43,3918.712777
174.122991,23,3918.809673
-223.138803,33,3918.948183
-291.061109,77,3919.282133
-364.723076,54,3919.516209
-167.084639,54,3919.747858
-311.134077,46,3919.946096
-255.524899,37,3920.104282
133.973878,50,3920.315702
-58.190156,26,3920.431161
-254.236775,40,3920.61609
-16.465092,20,3920.701855
-15.28314,18,3920.776361
-132.411219,22,3920.868136
-258.203672,37,3921.030908
-234.448126,37,3921.184214
-117.515335,19,3921.266326
-280.48543,44,3921.455056
-219.263703,55,3921.693311
-144.98453,37,3921.936417
-410.573299,57,3922.249942
-36.052039,22,3922.346808
-240.892776,37,3922.505087
-14.745972,19,3922.582227
-125.953103,19,3930.902275
66.973776,22,3931.04492
-122.050554,19,3931.1397
-36.813735,23,3931.239414
-261.221467,37,3931.417521
-27.876038,20,3931.50303
-257.827459,37,3931.662746
-20.87681,19,3931.75122
-121.27651,20,3931.835296
-149.703347,36,3931.989743
-147.146873,37,3932.153559
-149.083434,24,3932.255207
-129.932839,21,3932.339378
-339.897155,49,3932.537975
-434.360229,62,3932.808921
-34.245715,22,3932.902541
-235.178612,37,3933.065843
-155.833334,37,3933.226258
-242.781304,37,3933.381912
-127.687383,21,3933.476182
-52.716167,25,3933.585158
-248.301806,37,3933.740553
-158.166625,37,3933.899891
-247.134602,37,3934.061459
-294.432535,44,3934.253967
-241.414604,37,3934.402559
-33.888714,22,3934.495888
-56.96819,27,3934.606006
-215.157925,34,3934.751156
-159.266126,27,3934.865211
-204.11762,32,3935.007452
-606.115513,101,3936.01829
-109.447705,31,3936.148889
-258.22361,37,3936.309164
-261.217814,40,3936.479752
51.766477,26,3936.594839
-13.810538,19,3936.676149
-122.606316,19,3936.752518
-36.51896,23,3936.85166
-159.862443,27,3936.963474
-260.36201,37,3937.114549
-261.588451,37,3937.277893
-134.644482,23,3937.381843
-251.400298,37,3937.536775
-175.252617,27,3937.656219
-135.799037,35,3937.812592
-159.189925,27,3937.93546
-257.341052,37,3938.095543
-127.845013,21,3938.189307
-118.387238,19,3938.271606
-171.830704,28,3938.391914
-70.765706,29,3938.519856
-218.603956,34,3938.667557
-117.551177,19,3938.75212
-243.356994,37,3938.91163
-139.748413,23,3939.004211
-28.325937,20,3939.086739
-187.087575,44,3939.274216
-127.242219,19,3939.354863
-303.924471,48,3939.563711
-52.882726,24,3939.668357
-49.35215,26,3939.778368
-267.091565,37,3939.932066
-260.234301,37,3940.089266
-184.934808,30,3940.216329
-15.697576,19,3947.495184
-18.704518,21,3947.630658
4.758053,52,3947.902119
-95.294535,31,3948.035713
-138.08658,22,3948.131516
-73.893379,28,3948.253452
-158.672566,25,3948.357498
-22.253843,20,3948.442677
-250.681629,37,3948.600837
-192.800943,31,3948.734622
-254.272306,37,3948.885665
-115.313382,19,3948.968392
-234.427217,37,3949.11846
-267.976102,37,3949.274164
-237.181463,37,3949.458548
-26.591937,20,3949.537415
-237.565372,37,3949.688333
-9.384118,38,3949.847771
-125.675929,21,3949.941005
-257.190466,40,3950.116903
-156.621342,24,3950.217995
-33.867837,21,3950.306427
-186.147989,31,3950.433675
100.54146,94,3950.8438
-56.589108,40,3951.013064
-25.65727,21,3951.101064
-248.986169,47,3951.296285
-35.78375,22,3951.383728
-224.927469,35,3951.611732
-164.944738,27,3951.72702
-242.253703,37,3951.883768
-30.708618,21,3951.969454
-123.533424,20,3952.055808
-232.601419,36,3952.211391
-289.016732,44,3952.393362
-20.774683,19,3952.472504
-21.217519,19,3952.551223
-0.02545,33,3952.684319
-32.491394,22,3952.781015
-106.123136,31,3952.915569
-251.562522,37,3953.068542
-460.936695,101,3953.505268
-42.575552,22,3953.598593
-260.802081,40,3953.763099
-144.220698,24,3953.861919
-224.615537,34,3953.999232
-310.411729,54,3954.222449
-284.848256,52,3954.443058
-49.871625,26,3954.552503
-250.031459,37,3954.705455
-130.075093,37,3954.868965
-228.449335,35,3955.013622
-103.27446,32,3955.155681
-177.689998,29,3955.278941
-172.066222,29,3955.399102
-117.631472,18,3955.474034
-21.629423,20,3955.562384
-233.870952,36,3955.720972
-606.675458,94,3956.114223
-241.259963,37,3956.270842
-219.08209,35,3965.231218
-311.322527,47,3965.944135
-287.881008,43,3966.168896
-15.312896,19,3966.251263
-121.448962,35,3966.398728
-68.513097,28,3966.522134
-27.347174,20,3966.612952
-130.893501,20,3966.700156
-49.843803,24,3966.8009
-158.356378,25,3966.913118
-237.963478,37,3967.073224
-261.746887,37,3967.226942
-210.208572,48,3967.442924
-47.523826,25,3967.551788
-490.932616,81,3967.896514
-371.059624,54,3968.152419
-240.311631,35,3968.295471
-143.031749,37,3968.464725
-198.013897,34,3968.607932
-263.864155,39,3968.776555
-17.720071,19,3968.866031
-248.702652,37,3969.060804
-20.018023,21,3969.150832
28.566782,28,3969.2791
-239.513045,37,3969.43355
-123.553539,20,3969.515565
-141.567634,37,3969.668859
-55.378799,25,3969.775196
-247.680704,37,3969.924795
-251.076615,37,3970.070578
-254.532689,37,3970.236611
-23.614036,20,3970.31537
-228.139647,34,3970.459299
-302.683181,45,3970.647229
-243.759769,37,3970.806289
-30.667365,21,3970.894996
-122.897263,21,3970.978869
33.702908,29,3971.096508
-27.249222,21,3971.183788
-38.222213,23,3971.279223
-151.277901,42,3971.446913
-14.056583,19,3971.531931
-136.541425,22,3971.624819
-43.555576,24,3971.724316
-291.281963,43,3971.907052
-252.189846,37,3972.053641
-239.837441,37,3972.201538
-36.097311,24,3972.295861
-220.284476,34,3972.438728
-240.339465,37,3972.596311
-136.386023,36,3972.747054
-241.719856,60,3973.00395
7.245882,40,3973.175216
-159.19894,26,3973.290338
-248.183153,37,3973.448687
-261.61747,37,3973.606888
-89.035588,29,3973.727673
-92.467439,47,3973.929727
-36.904887,22,3974.024649
-636.702269,101,3974.558124
-150.245793,37,3984.773318
-103.764354,33,3984.921393
-705.263466,101,3985.340686
-55.275317,38,3985.499345
-201.186672,34,3985.640542
-248.339314,37,3985.796927
-131.690759,39,3985.968569
-56.592436,27,3986.086777
-35.546635,22,3986.18218
-248.719211,37,3986.342955
-116.989907,19,3986.419659
-116.80674,18,3986.499158
64.62644,37,3986.664176
-235.193047,40,3986.831204
-302.251858,44,3987.013319
-91.01019,31,3987.147048
-286.858171,80,3987.482741
-243.229996,37,3987.639523
-33.905292,22,3987.731266
-80.947494,28,3987.850311
-136.597203,23,3987.950745
-272.718554,40,3988.119682
-247.860161,37,3988.274005
-238.402866,37,3988.431474
-110.688437,34,3988.582648
-266.959066,43,3988.763082
-133.882149,23,3988.853787
-58.062381,27,3988.972193
-22.917674,21,3989.059436
-123.683235,57,3989.303261
-123.602503,20,3989.381597
-134.154423,37,3989.539007
-5.344535,90,3989.91755
-254.153718,37,3990.07951
-259.533699,37,3990.231868
-211.417764,46,3990.428503
-260.978818,37,3990.587763
-248.205483,37,3990.735894
-26.25474,35,3990.883642
-244.847182,37,3991.041024
-63.949248,28,3991.168226
-158.94229,37,3991.32643
-211.464869,34,3991.468435
-464.808039,101,3991.883163
-21.980256,20,3991.963971
166.687305,25,3992.069153
-237.131517,37,3992.224051
-51.250238,28,3992.340036
-55.722098,25,3992.445418
-311.560482,49,3992.664564
-30.771351,22,3992.760335
-4.473975,42,3992.929708
-91.622759,31,3993.054415
-221.304284,35,3993.196559
-26.776924,20,3993.274913
-153.478696,37,4001.436812
-53.618422,27,4001.572543
-240.655267,37,4001.739443
78.370259,20,4001.826796
-44.404714,23,4001.928417
-140.640574,60,4002.201775
-221.130743,45,4002.398694
-241.135784,37,4002.56144
-244.45508,37,4002.720514
-243.899462,37,4002.86949
-43.203164,23,4002.970357
-51.644347,54,4003.200851
32.600215,27,4003.321003
-253.663431,38,4003.477755
-21.73957,20,4003.561793
-254.9247,37,4003.778002
-135.957737,37,4003.932862
83.081961,25,4004.043511
-130.044563,20,4004.127497
-257.462651,37,4004.281015
-237.749886,37,4004.444588
-257.282456,37,4004.603951
-119.323778,36,4004.759416
-200.456764,33,4004.902347
-190.013138,31,4005.045248
-250.019689,37,4005.203994
-124.465711,19,4005.284009
-62.064959,27,4005.402216
-236.124681,37,4005.556717
-13.371593,19,4005.63802
-19.845529,19,4005.717537
-274.506991,41,4005.972341
-231.999393,35,4006.126364
-252.065357,37,4006.287073
-170.740462,28,4006.410821
-163.327489,40,4006.584494
-262.111445,37,4006.736439
-237.038536,36,4006.900359
-70.471475,28,4007.023752
-142.706131,37,4007.184586
-245.096696,61,4007.442676
-40.603818,37,4007.600249
-252.60749,37,4007.755296
-245.685744,37,4007.916988
-238.633681,37,4008.066774
-304.246189,43,4008.245893
-298.286024,44,4008.436261
-32.438354,21,4008.523352
-33.296185,24,4008.623114
-235.324456,37,4008.776685
-39.856816,23,4008.871708
-181.436223,28,4008.989058
-152.024413,26,4009.100424
3.312496,36,4009.256996
-16.722786,19,4009.343907
-125.468555,19,4009.457953
-120.685449,19,4009.539332
-357.938836,52,4009.762922
-133.166028,37,4009.924245
103.901085,64,4010.194817
79.267577,20,4019.115784
11.695303,31,4019.3223
-258.917495,37,4019.502644
-233.226155,37,4019.664248
-162.226479,26,4019.777346
-242.799784,38,4019.938258
-247.406396,37,4020.098591
-168.007837,26,4020.204748
-256.524838,39,4020.370428
-146.669461,24,4020.477342
-17.138072,35,4020.62677
-236.101029,37,4020.785613
-335.726761,50,4021.001946
-242.797237,37,4021.159149
-237.799838,37,4021.326905
-242.083903,37,4021.486962
-121.718343,21,4021.584136
-121.408629,37,4021.738796
197.48125,55,4021.975457
-315.536853,48,4022.18476
-151.376245,37,4022.340076
-140.455263,37,4022.49224
-196.272684,31,4022.626957
-26.791992,21,4022.71331
-218.988891,38,4022.876489
-351.810954,53,4023.097315
-322.063118,47,4023.29678
-123.907056,40,4023.4762
-128.690498,20,4023.564537
-126.051589,21,4023.655921
-258.352106,37,4023.810343
-63.495278,27,4023.941964
-264.936689,42,4024.125189
-82.798063,47,4024.327941
-181.579969,28,4024.452307
-114.049372,18,4024.526597
-275.560302,39,4024.692782
-76.798566,29,4024.817884
-121.241078,63,4025.087219
-240.975396,37,4025.241472
-58.717784,26,4025.352947
-131.766809,22,4025.450208
-253.865062,37,4025.876313
-134.369745,42,4026.261191
-147.422815,37,4026.419995
-141.505558,36,4026.573356
-249.764381,37,4026.733134
-255.709847,37,4026.893235
-36.072599,22,4026.993584
-139.586557,48,4027.196603
-219.795292,34,4027.342874
-243.968546,37,4027.497878
17.794465,32,4027.628531
-58.442265,26,4027.753961
65.247353,24,4027.875595
-93.004239,35,4028.047097
-138.781259,37,4028.227439
-293.92284,40,4028.409582
194.36162,19,4028.505245
-222.103861,33,4035.367639
-72.257279,30,4035.983622
-242.977585,36,4036.143021
-238.36376,37,4036.308174
-31.712058,21,4036.397379
-125.466314,19,4036.476293
-130.206142,20,4036.5694
-178.695032,30,4036.6952
-35.348425,38,4036.856441
-66.209143,31,4036.991739
-132.813076,23,4037.089361
-254.533028,41,4037.266065
-180.371867,28,4037.381881
-40.822901,24,4037.481932
-159.069184,28,4037.600308
59.762532,24,4037.702453
-239.681466,38,4037.864689
58.686854,23,4037.962204
-241.041746,37,4038.113573
-1.34247,47,4038.321271
-125.623394,19,4038.403646
-239.162147,37,4038.564325
-33.6033,21,4038.655607
-44.067531,23,4038.754398
-110.197817,18,4038.830531
-226.821009,35,4038.989733
-151.59874,39,4039.165087
-239.774626,37,4039.317394
-261.181097,37,4039.475575
-160.943287,39,4039.641596
-15.197607,19,4039.725878
-170.174268,29,4039.848942
-120.715846,21,4039.933734
-263.321743,37,4040.088341
-138.420222,37,4040.254672
-242.418822,37,4040.417358
-239.580604,37,4040.575991
-136.489388,22,4040.667381
33.24104,30,4040.795627
-260.639948,37,4040.956601
170.441078,23,4041.057926
-254.955832,52,4041.283088
-30.706844,22,4041.393272
-601.022125,101,4042.054404
-131.593989,20,4042.212056
-22.989475,21,4042.377642
103.371604,38,4042.830119
-214.478812,35,4043.193815
-83.40168,32,4043.527531
-116.57837,19,4043.73294
177.975746,30,4044.037168
-216.335971,34,4044.323365
-238.368262,37,4044.595864
-1.247399,40,4044.840878
-29.767707,22,4044.943864
-236.355478,37,4045.094562
-85.616716,31,4045.228963
-20.737635,20,4045.326147
-93.062205,37,4045.494483
-16.063797,19,4045.579319
-246.303178,37,4045.745738
-106.035115,33,4045.891754
-28.44514,22,4045.982341
-256.10488,37,4046.140021
-264.527343,37,4046.302817
-250.905126,41,4053.303238
-121.658344,21,4053.410431
-99.237005,31,4053.624804
-266.638445,54,4053.861558
-53.727687,25,4053.976104
-120.653055,39,4054.158198
-28.640545,20,4054.249757
-130.045701,20,4054.33956
-291.395539,44,4054.526358
-161.425135,43,4054.710647
-90.808548,34,4054.855021
-19.062181,19,4054.941308
-197.394246,33,4055.092782
-252.88317,37,4055.256647
-173.176142,27,4055.37617
-118.370829,34,4055.535497
-157.629504,25,4055.889011
-244.876368,37,4056.358586
-42.7438,23,4056.465506
-123.173199,19,4056.544824
-215.692847,35,4056.700259
-126.791941,20,4056.787395
-59.60117,29,4056.92321
-237.128925,37,4057.080943
-240.683175,38,4057.252963
-165.151094,52,4057.480032
194.798161,23,4057.573986
-150.11207,26,4057.691897
-258.427828,37,4057.851262
-65.98929,29,4057.976189
-255.859552,37,4058.12995
-120.037902,18,4058.209081
286.423405,22,4058.308338
-18.644452,19,4058.389837
-217.296491,69,4058.686008
-182.758138,43,4059.017602
-9.016016,18,4059.096532
-45.836872,26,4059.207355
-180.102008,27,4059.325436
-153.808,24,4059.438021
-293.051801,45,4059.633377
-122.70695,19,4059.718149
-253.276343,58,4059.957322
-45.799919,25,4060.067384
-265.556109,37,4060.227052
49.333005,44,4060.411008
-624.752736,101,4061.178236
-124.186124,20,4061.261517
-149.237911,25,4061.368977
-150.983048,24,4061.467552
-101.910062,34,4061.618222
-240.993463,37,4061.787619
-670.655361,101,4062.22587
-150.024893,45,4062.417793
-187.974109,43,4062.596321
-98.517451,33,4062.733868
-194.801586,29,4062.849621
-121.450469,19,4062.926671
-21.203532,85,4072.267116
-124.192142,36,4072.444534
159.852456,26,4072.561771
-69.499968,30,4072.701476
-263.374916,37,4072.858767
-118.562809,35,4073.001649
-113.551771,37,4073.163432
-36.145786,22,4073.257347
-258.883422,37,4073.41624
-324.569496,95,4073.824993
-136.761933,37,4073.982233
-24.571919,21,4074.073349
-516.768873,101,4074.504991
-245.771604,37,4074.660599
-318.242401,47,4074.868591
-204.662416,36,4075.015688
-144.205036,38,4075.182041
-364.363426,72,4075.482376
-27.721708,21,4075.573723
-32.561513,22,4075.66292
-128.669784,20,4075.751829
-124.411126,20,4075.836775
-260.982841,42,4076.025209
-612.136353,101,4076.45159
-216.312508,48,4076.668104
-54.9864,26,4076.778619
-124.062421,19,4076.859173
-306.499837,44,4077.050682
-54.735843,26,4077.166565
-267.183269,37,4077.323507
-439.647385,79,4077.663241
-230.596118,38,4077.82438
-219.465553,44,4077.998688
74.041617,21,4078.091257
-273.985327,79,4078.420126
-18.462027,19,4078.503441
-239.007811,37,4078.66845
-158.608928,39,4078.835294
185.446952,21,4078.931094
-128.983253,21,4079.307442
-169.371421,28,4079.475674
-43.017909,24,4079.583793
-33.59363,37,4079.749323
-423.913775,57,4079.987753
-40.667304,24,4080.093599
-27.662621,20,4080.181613
-29.954618,20,4080.271516
-29.609933,20,4080.363264
-10.819785,19,4080.445017
-39.355723,24,4080.544111
-185.453469,32,4080.682657
-426.150941,65,4080.965342
-250.424171,37,4081.123227
51.281715,23,4081.22683
-445.507767,74,4088.833922
-127.867609,20,4088.925171
-156.223201,26,4089.036266
-143.810052,41,4089.214609
-369.166442,55,4089.560564
-28.143522,22,4089.658543
-93.877461,33,4089.804088
-129.072199,21,4089.895081
-258.86092,37,4090.052559
-31.212302,20,4090.141313
-22.319294,37,4090.298972
-150.917882,26,4090.410397
-118.67123,19,4090.49134
-245.93362,37,4090.658847
-242.666132,37,4090.815792
76.37871,59,4091.069278
-600.518201,101,4091.499026
-16.191382,19,4091.580039
-234.076775,36,4091.738809
-21.178241,19,4091.822721
-30.001428,63,4092.088433
-240.183415,37,4092.254184
-304.014025,46,4092.446887
-123.188583,48,4092.651464
-176.599698,29,4092.778222
-364.982251,53,4093.005335
87.459482,19,4093.08268
-91.671734,33,4093.228945
-245.887414,37,4093.385674
-258.632259,39,4093.553419
-139.995518,37,4093.71951
15.209412,55,4093.959491
-43.325076,24,4094.065843
-18.276475,19,4094.145089
-238.924069,37,4094.320242
-162.380155,40,4094.490224
-176.454546,41,4094.659129
-31.224656,22,4094.753221
-150.328986,37,4094.969695
-125.379459,19,4095.072768
-246.139487,37,4095.405606
8.953923,31,4095.621514
-110.794682,33,4095.871764
-97.649139,32,4096.108517
76.111123,39,4096.453441
-285.907822,44,4097.533326
-147.416549,37,4097.761341
-260.718372,37,4097.952841
-126.424959,21,4098.083377
-369.547378,74,4098.779462
-143.86376,40,4099.12561
-34.888302,21,4099.323496
-130.661114,20,4099.473742
-202.388762,33,4099.661433
-143.939029,38,4099.826071
-263.866685,37,4099.982918
170.833388,24,4100.090737
-139.566624,36,4106.942081
-75.24325,60,4107.229835
-120.100489,19,4107.316157
-227.230279,34,4107.466747
-528.271003,101,4107.890865
-128.609769,20,4107.98364
-238.259662,37,4108.140621
-240.277593,37,4108.301845
-146.740755,36,4108.447099
-139.838251,24,4108.544201
-255.475844,39,4108.70484
79.571746,34,4108.850662
-388.873938,55,4109.105762
-123.160811,19,4109.191072
-34.754496,23,4109.288155
64.589123,21,4109.38037
-606.86759,101,4109.80481
-165.976137,25,4109.912968
-13.169938,32,4110.059139
-257.096254,37,4110.222282
-185.358464,30,4110.348884
-123.671232,46,4110.555228
-115.956539,19,4110.639025
-182.847192,29,4110.763304
-255.519177,37,4110.922915
-147.421594,83,4111.2708
-131.249298,20,4111.355034
-261.623385,40,4111.529116
-239.523646,37,4111.704853
-29.116174,22,4111.797572
-152.904126,40,4111.969493
-559.904029,101,4112.51957
-121.049166,37,4112.684953
-168.971359,57,4112.938413
-52.258295,26,4113.05729
-125.688574,35,4113.222175
-209.626109,38,4113.374311
-24.786012,20,4113.458022
-244.867507,38,4113.614734
-134.652184,22,4113.705639
-56.998487,28,4113.827244
-118.800749,18,4113.903638
-242.622139,42,4114.082377
-73.802278,28,4114.19914
-59.415376,27,4114.314448
-263.830982,37,4114.46749
-302.254925,62,4114.732629
-644.077396,101,4115.528254
-213.870551,49,4115.743897
-48.739812,23,4116.018934
-128.103557,20,4116.213985
-339.777133,51,4116.488187
-132.226427,37,4125.837548
-200.995816,50,4126.061415
-190.866327,45,4126.271319
-607.025067,101,4126.710301
-126.138509,20,4126.79545
-256.405213,37,4126.948977
-292.903709,43,4127.134578
-106.881719,45,4127.32391
60.217157,44,4127.515031
-54.385857,26,4127.621385
-170.131398,29,4127.748758
-156.651275,46,4127.947236
-24.311625,22,4128.038895
-234.988011,36,4128.19417
-75.51917,27,4128.308243
-230.155735,36,4128.457933
-16.398067,19,4128.537255
-353.641277,52,4128.759086
-161.51625,43,4128.939456
-207.820959,48,4129.142813
-263.138573,37,4129.305411
-29.56004,20,4129.40856
-212.481147,65,4129.674217
-167.937833,56,4129.918124
-238.746373,37,4130.081815
-209.087853,31,4130.207745
-229.10768,51,4130.430964
-490.19931,101,4130.866214
-273.125025,37,4131.011483
58.129192,24,4131.11526
-237.995205,37,4131.277924
-233.399691,37,4131.429437
-164.824916,28,4131.55876
-334.586314,47,4131.761762
-259.340132,40,4131.933957
84.305319,19,4132.013338
-158.093939,37,4132.170351
-51.053147,24,4132.272729
-123.123009,19,4132.357085
-178.36934,42,4132.603594
-263.13239,37,4132.758605
-118.67832,34,4132.89864
-30.412052,21,4132.992034
-247.780618,39,4133.153314
-259.774397,37,4133.312134
38.473229,31,4133.438269
-22.751307,19,4133.855319
-123.738196,37,4134.029612
-244.567432,37,4134.186657
-146.740734,37,4134.346143
-76.615652,30,4134.486897
-164.05822,48,4134.699284
-236.834111,37,4134.848082
-251.558893,37,4141.125602
-673.90144,101,4141.61097
170.543139,23,4141.713969
-21.587614,35,4141.873398
-168.725757,39,4142.046248
-179.766097,28,4142.302124
-135.956276,22,4142.401591
-303.696212,48,4142.611513
-126.302028,19,4142.687006
-251.354197,38,4142.84718
-226.350073,50,4143.062563
-70.794753,30,4143.187192
-76.186606,27,4143.297284
-247.637187,37,4143.447707
-249.875044,37,4143.602838
-243.802297,37,4143.762597
-244.171776,37,4143.920682
-207.518128,34,4144.062598
-286.071312,39,4144.225761
85.668956,39,4144.393491
-261.039958,37,4144.550286
-211.091711,38,4144.708583
-253.635189,39,4144.877349
-264.995969,37,4145.039796
-63.916036,40,4145.215386
-238.645445,37,4145.369828
-179.148911,43,4145.551592
18.631935,31,4145.682163
-294.364545,41,4145.864357
-47.797326,26,4146.415956
-16.187695,36,4146.699586
-298.721804,57,4146.95357
-188.271354,75,4147.274646
-261.091972,37,4147.432835
-268.554725,43,4147.615442
-126.867341,19,4147.705755
-122.145274,37,4147.895557
-117.219341,18,4147.998743
-330.450667,49,4148.270519
-258.057564,37,4148.480471
129.050703,46,4148.765852
-131.55201,22,4148.949965
-210.666229,36,4149.339375
-297.862485,44,4149.765014
-292.945712,44,4150.20357
-83.548855,31,4150.545612
24.759116,35,4150.850685
-277.910301,56,4151.335005
-252.844104,37,4152.15527
-150.273792,39,4152.463505
-259.670663,41,4152.645944
-165.180104,26,4152.764931
-237.92514,37,4152.929833
-137.46516,25,4153.044396
-167.344612,45,4159.143388
-132.230079,37,4159.314919
-178.53995,40,4159.487349
-124.818102,19,4159.570422
-68.354169,29,4159.700917
-507.059302,101,4160.126035
-137.239199,37,4160.304364
-14.212101,19,4160.385875
-178.929247,28,4160.506022
-191.547615,32,4160.672432
-162.13682,25,4160.775054
-259.811991,37,4160.92363
-286.850189,44,4161.123198
-510.663696,99,4161.54947
-18.609234,19,4161.630905
-230.85723,40,4161.795195
-258.045499,37,4161.958144
-77.425737,31,4162.095212
-135.181886,37,4162.263179
-168.812245,28,4162.387201
-239.46792,37,4162.534237
205.586471,49,4162.741605
-65.991173,28,4162.85141
-58.325795,26,4162.959492
-180.742443,42,4163.137153
-128.497002,20,4163.223695
-285.712859,39,4163.380324
33.377925,28,4163.494143
-325.674397,50,4163.709119
-38.976875,52,4163.928852
-673.498634,101,4164.364655
-220.691855,37,4164.528699
-401.808913,63,4164.926834
-379.618596,67,4165.240122
-162.971922,39,4165.397201
-247.300107,45,4165.596091
-334.184591,51,4165.812149
-188.893982,41,4165.977775
-260.065802,37,4166.132667
-53.606984,27,4166.243232
-162.577667,51,4166.450874
-377.26903,101,4166.874414
-257.074507,37,4167.025941
-209.673169,54,4167.248327
-211.887842,34,4167.388906
-234.391816,36,4167.548503
-649.206056,101,4177.210892
-227.995426,35,4177.389775
-106.265526,35,4177.543283
-275.32497,39,4177.706212
33.835149,27,4177.823785
53.396152,24,4177.93001
-27.059347,20,4178.018768
-261.197206,37,4178.184567
-271.125805,56,4178.418298
-262.57189,37,4178.581757
-240.393106,37,4178.751961
-264.012682,41,4178.921965
-271.347033,37,4179.072898
-149.76406,23,4179.169248
-264.099589,37,4179.314415
-162.055124,40,4179.491203
-13.748506,35,4179.637846
-233.290315,37,4179.799765
-143.392806,24,4179.904674
-125.674366,20,4179.989759
-26.411863,20,4180.074305
-177.797287,30,4180.205857
-213.515075,32,4180.344486
-143.924523,37,4180.495444
-389.580698,101,4180.935061
-236.641034,37,4181.096653
-147.017043,26,4181.204378
-251.11244,37,4181.355973
-63.919185,25,4181.464362
-54.834955,27,4181.579901
-235.964483,37,4181.755455
-155.354093,46,4181.957186
-264.222228,37,4182.10718
-272.499592,40,4182.281554
31.443825,29,4182.396058
204.80177,21,4182.485263
-214.993445,33,4182.629145
75.103994,20,4182.714351
-19.203335,19,4182.788512
-143.525659,42,4182.961911
-283.60564,40,4183.127059
-272.015981,37,4183.284515
-279.773296,39,4183.449639
-217.434319,81,4183.804517
-69.388382,29,4183.932015
-156.838086,41,4184.108474
-255.051146,37,4184.270319
-238.511549,37,4184.429383
-24.431408,20,4184.515728
-259.62785,37,4184.669457
-133.741886,38,4184.834169
-107.492995,36,4184.988934
-232.672361,37,4185.151632
-317.629478,48,4185.368575
-57.157312,28,4185.48437
-112.341732,34,4185.632437
-20.445939,21,4185.724578
-384.300064,78,4193.220364
-418.131113,84,4193.597706
-185.5316,48,4193.799152
-218.295228,67,4194.09434
-16.369949,36,4194.251539
-186.965809,40,4194.426376
-245.910837,37,4194.589343
-27.889556,20,4194.789337
-237.424854,37,4194.947981
-166.137004,44,4195.134979
-166.404773,29,4195.26184
-243.867936,37,4195.422333
-257.586269,39,4195.581981
-257.991099,37,4195.731123
-66.709942,29,4195.858984
-57.186472,39,4196.025115
-248.441435,37,4196.181703
-28.371689,20,4196.268499
-234.912383,35,4196.422414
-238.224984,37,4196.58402
-544.884115,93,4196.981694
-238.525799,37,4197.14273
-144.491166,39,4197.30922
-646.239226,88,4197.693428
119.453054,28,4197.807942
-30.773838,21,4197.889908
-268.272216,44,4198.07012
-764.394609,101,4198.510134
-124.727147,20,4198.591967
7.679043,50,4198.799504
-42.374608,22,4198.900626
-34.090697,21,4198.990789
-233.380087,36,4199.15051
-26.839472,21,4199.242617
204.822313,21,4199.334084
-247.263921,39,4199.50286
-182.784343,30,4199.628955
-185.92237,30,4199.752391
-182.138702,29,4199.873538
-239.667729,37,4200.036595
-238.758125,37,4200.211534
-166.33206,37,4200.420857
-36.33995,22,4200.544222
-326.580372,49,4201.000305
-240.235109,37,4201.36132
-241.56217,37,4201.741516
-125.751206,20,4201.996163
-91.899937,33,4202.314988
-272.424789,39,4202.803571
-219.53342,33,4203.206392
-245.349885,37,4203.508911
-249.654896,37,4203.75945
-265.043047,60,4212.156393
-237.174012,37,4212.347653
-160.010656,37,4212.500635
-57.079348,26,4212.610913
-20.357414,19,4212.692107
-131.502928,37,4212.849799
-229.784273,34,4212.988027
-242.7021,37,4213.145341
-137.021836,52,4213.368012
-659.641276,101,4213.811869
-29.4942,20,4213.89462
-215.401205,50,4214.103038
-169.652249,29,4214.224514
-244.358273,37,4214.38107
-61.626751,28,4214.493901
-18.661976,19,4214.572394
-130.306604,37,4214.728559
-143.920123,37,4214.887675
52.88163,25,4214.992412
-236.632373,40,4215.1597
-352.468184,70,4215.45387
-125.033145,20,4215.538332
-234.814611,37,4215.7012
-272.957943,42,4215.876863
-129.059098,20,4215.959584
-265.055687,37,4216.121265
-47.08774,24,4216.222701
-285.875809,43,4216.402647
-130.164895,21,4216.493167
-78.942266,30,4216.617055
-295.800714,43,4216.809551
-226.145043,38,4216.983964
-727.734537,101,4217.409124
-152.98077,26,4217.517016
-332.288934,48,4217.725589
-310.158277,46,4217.910288
-239.869025,37,4218.075973
-190.110662,44,4218.417386
-251.869578,37,4218.583636
-175.984059,29,4218.714753
-256.589674,37,4218.869707
-153.590842,24,4218.97218
-153.439871,24,4219.082397
-238.352328,37,4219.246375
-23.083604,20,4219.330889
-140.587413,38,4219.495807
-142.470324,38,4219.664227
-263.292725,37,4219.818577
-243.306043,37,4219.978611
-324.851889,48,4220.181291
-126.71257,23,4220.28876
-249.203246,37,4220.445718
-239.486878,37,4220.602442
-647.42302,91,4221.007609
-24.562812,22,4229.235258
-16.408141,19,4229.343219
-82.091483,29,4229.476835
-252.454181,37,4229.631626
-252.327635,37,4229.798306
-285.574656,41,4229.97119
-54.918182,24,4230.072412
-94.296204,44,4230.262157
-28.237589,22,4230.363353
-241.192761,37,4230.517847
-229.449687,36,4230.677566
-19.798389,19,4230.756433
-544.264594,101,4231.177626
-131.006184,21,4231.268857
-80.753153,30,4231.396372
-634.384457,101,4231.832488
-94.605005,33,4231.97061
20.076228,29,4232.087156
-7.846247,32,4232.244351
-70.47446,29,4232.36833
-223.184721,35,4232.513826
-15.316452,18,4232.591263
-25.96284,20,4232.677653
-158.857998,26,4232.794782
-241.062215,37,4232.954486
-385.706163,58,4233.202686
-265.454295,40,4233.37026
-35.101533,23,4233.46815
-37.425693,22,4233.561684
-120.906347,19,4233.640889
56.107122,24,4233.748726
-157.977991,27,4233.863879
-132.688315,21,4233.954846
41.789854,24,4234.052787
-128.821257,20,4234.1376
-18.019494,20,4234.223965
-56.646804,25,4234.335141
-238.102948,37,4234.49974
-255.23323,37,4234.660711
-196.326079,46,4234.85227
-167.416197,28,4234.965992
-46.358969,24,4235.071416
-255.270106,37,4235.226041
-275.368719,41,4235.411618
-543.127774,75,4235.748205
-253.043321,37,4235.918475
-39.448884,23,4236.019087
-125.975431,36,4236.163495
-249.879892,37,4236.482852
-229.627509,35,4237.061124
-27.209999,20,4237.169319
-128.905881,21,4237.265545
-149.752861,26,4237.383293
-163.920132,28,4237.507807
-233.214754,37,4237.674562
-108.493472,36,4237.836283
-262.333231,37,4237.996659
-25.999505,21,4238.087771
-15.073899,41,4238.257593
-153.038292,37,4238.413517
-155.773418,42,4238.598583
-159.261427,25,4245.51921
-741.234287,101,4246.004967
-131.881314,22,4246.116043
-156.20165,37,4246.317349
-237.268058,37,4246.493841
63.962803,23,4246.602437
-136.197148,51,4246.84663
-162.308874,26,4246.976958
-33.140968,22,4247.086484
-154.527649,40,4247.272449
-18.590376,19,4247.359191
169.145514,29,4247.491895
-241.92241,38,4247.664322
-337.513803,54,4248.049919
-265.819055,37,4248.207132
-168.086223,28,4248.323943
-265.521465,38,4248.486113
-35.355378,22,4248.586244
-272.486887,56,4248.832461
-276.657742,44,4249.025653
-561.884175,75,4249.349114
146.409436,28,4249.49541
-14.56577,19,4249.581187
-129.010595,20,4249.669654
-338.40332,51,4249.888586
-26.088317,22,4249.987902
-58.436267,26,4250.104704
-128.118716,33,4250.252432
-149.77538,38,4250.410727
-42.789677,25,4250.519272
-16.450204,19,4250.602765
-235.207058,52,4250.820391
-178.250747,28,4250.932789
-129.464753,20,4251.024838
-234.065356,37,4251.19747
-355.485668,55,4251.42558
-257.579319,40,4251.594197
-31.875469,23,4251.685197
-130.064318,21,4251.784058
-223.953655,49,4251.979839
-72.148985,29,4252.111328
-284.134889,43,4252.299355
-139.486662,23,4252.390616
-237.833535,37,4252.555449
-249.212705,37,4252.710704
-233.613957,37,4252.863165
-264.612072,37,4253.015802
-232.759175,37,4253.168615
-52.96677,27,4253.278097
-169.975304,40,4253.45969
-52.748391,26,4253.598315
-160.526365,37,4253.793769
-325.570601,50,4254.074415
-242.295814,37,4254.346421
-236.331044,37,4254.658052
16.188503,55,4255.356591
-259.244989,37,4255.85663
-350.400262,54,4264.826522
-138.920167,36,4264.993128
-291.600703,43,4265.179765
-254.731076,37,4265.335182
-40.525803,23,4265.430953
20.521209,28,4265.553745
-226.07295,35,4265.700685
-28.514744,20,4265.785199
-33.683223,21,4265.874222
-43.065213,38,4266.040856
-59.280086,27,4266.160084
-23.207446,20,4266.247863
-311.499249,66,4267.137949
-29.991316,21,4267.286652
-141.582622,22,4267.405041
-130.453569,20,4267.493975
-122.026736,20,4267.578353
-185.934363,47,4267.781062
-120.400765,19,4267.860702
-253.445769,37,4268.021533
-266.17759,37,4268.183826
-250.299241,37,4268.347306
-166.368105,28,4268.466529
-137.110205,21,4268.553028
-127.953765,21,4268.639236
-30.983373,21,4268.727372
-193.357876,31,4268.85665
-131.025183,37,4269.021178
-134.747087,37,4269.17473
-202.830299,32,4269.320036
-55.484363,27,4269.439
-17.079642,19,4269.517089
-69.658285,30,4269.650197
-125.799652,20,4269.737563
-233.768845,37,4269.90463
-95.965244,30,4270.044879
-125.965789,19,4270.138554
-265.207674,69,4270.531317
-237.419159,37,4270.68323
-27.19306,38,4270.846051
-45.327722,23,4270.939969
-8.741612,69,4271.238597
-50.51953,27,4271.35451
-154.97824,24,4271.46161
-256.572596,37,4271.611487
-97.82702,56,4271.857866
-21.835618,20,4271.942186
-78.809679,28,4272.15057
-335.869722,52,4272.392077
-259.254338,37,4272.556986
-167.24441,26,4272.666769
-77.634897,28,4272.787097
61.612517,23,4272.889946
-142.838243,37,4273.050816
-97.774697,30,4273.179619
-235.657669,37,4273.331245
-27.384672,21,4273.42312
-60.026691,26,4273.53287
-69.029528,27,4273.645159
-33.635792,23,4273.746117
-257.483854,37,4273.942519
-306.8287,50,4274.510192
-28.711162,20,4274.591939
-147.054179,37,4282.327583
-25.360315,20,4282.452118
-86.317614,31,4282.606057
-209.506478,35,4282.752042
-135.952489,39,4282.923803
-711.688218,101,4283.369115
-45.304463,45,4283.56715
-156.15772,37,4283.721234
-54.013305,26,4283.831763
-251.067367,50,4284.042999
-253.514409,37,4284.204304
-236.136046,59,4284.453013
-406.165039,57,4284.698225
-144.765987,36,4284.849034
-303.883433,47,4285.065097
-192.859038,42,4285.243837
-184.990414,33,4285.38317
-30.525452,21,4285.470815
-245.573266,37,4285.629818
-254.91732,37,4285.783289
-80.075944,40,4285.950478
-141.621108,42,4286.131324
-47.241035,24,4286.230205
65.333217,41,4286.403352
-261.33396,37,4286.554881
-257.448956,37,4286.708869
-26.329218,20,4286.795927
-44.449894,24,4286.901261
-239.727289,37,4287.063405
-14.606143,19,4287.149192
-30.158859,21,4287.240923
-242.004462,37,4287.403579
-175.349731,29,4287.527463
-135.87594,37,4287.682136
-295.982388,45,4287.876024
-138.490384,22,4287.974941
-136.877828,34,4288.123653
-643.235655,101,4288.565177
-26.816319,21,4288.657602
-43.006052,24,4288.758841
-256.158369,37,4288.91559
-238.123805,37,4289.07133
-261.545494,37,4289.243239
-239.964787,37,4289.397201
-115.249738,36,4289.543652
-81.20295,31,4289.671412
182.810089,68,4289.945793
-53.894453,25,4290.05881
-239.25214,37,4290.222932
67.289018,54,4290.448617
-146.083835,39,4290.613206
78.686234,50,4290.817254
-233.152864,51,4291.027549
27.792226,28,4300.280227
-31.517462,22,4300.501156
-33.705259,22,4300.611281
-136.655447,38,4300.782782
-17.101204,19,4300.862333
-201.844516,32,4300.994555
-238.476031,37,4301.155582
-244.894704,37,4301.308108
12.502119,35,4301.463257
-211.602334,34,4301.605521
-291.442094,41,4301.771977
-161.436443,27,4301.889976
-235.690958,36,4302.037725
-19.332954,20,4302.122096
-177.535086,28,4302.244594
-234.489032,35,4302.391524
-31.372826,22,4302.488029
-141.212762,42,4302.665981
-274.220252,42,4303.035596
-158.819649,37,4303.197867
-259.593336,37,4303.37697
-52.271436,26,4303.488391
-134.892347,20,4303.566372
-246.139926,37,4303.720846
-234.701421,36,4303.862709
-153.9597,26,4303.972306
35.248446,27,4304.080168
-179.033171,31,4304.21713
26.940547,30,4304.343121
-112.546565,19,4304.41816
-161.131263,25,4304.522199
-126.2609,19,4304.59705
78.806484,20,4304.68269
-171.606154,27,4304.792276
-47.557404,23,4304.888207
-66.44217,37,4305.040864
80.259685,20,4305.124991
-242.34932,37,4305.284387
-242.492498,37,4305.445144
-149.603494,26,4305.554171
-246.006724,37,4305.708655
-36.585312,22,4305.79693
-220.238837,34,4305.937777
-214.601667,32,4306.065151
-61.785821,27,4306.17984
-139.833306,35,4306.325293
-200.324329,32,4306.450428
-152.760565,24,4306.544901
-266.462517,39,4306.708808
-256.968043,37,4306.872409
-231.100393,35,4307.014893
-141.215696,25,4307.115609
62.861347,37,4307.275437
-88.469681,30,4307.410492
-136.590825,24,4307.507765
-152.27019,25,4307.613557
-113.661766,34,4307.761478
-245.684204,37,4307.915987
-253.19294,37,4308.067102
63.848604,35,4308.217726
-244.166656,37,4308.376043
-80.424038,28,4308.555481
-256.597215,37,4308.883054
-341.935091,63,4309.438243
-179.380814,31,4309.811886
-252.031698,41,4310.728565
-61.326869,27,4321.267929
-240.099031,37,4321.442465
-65.97795,26,4321.54802
-260.822962,37,4321.699231
-357.502067,66,4321.994748
-11.591171,32,4322.129891
-129.350941,20,4322.211638
-261.691515,44,4322.381988
-216.754845,39,4322.54087
-131.925739,21,4322.623504
-245.303171,37,4322.781044
-244.209135,37,4322.931634
-253.362334,37,4323.089679
-100.61764,33,4323.230267
-262.422021,37,4323.381404
15.435379,30,4323.508756
-76.325639,52,4323.729319
-77.575925,29,4323.84639
-276.633418,37,4323.991767
-124.925408,19,4324.072857
-264.306487,37,4324.225133
-11.129531,18,4324.300639
212.927283,29,4324.420543
-244.753077,35,4324.574421
-259.541771,37,4324.734825
-24.260235,20,4324.818488
-33.606628,22,4324.910869
-27.434915,20,4324.991403
-125.815094,21,4325.079185
-123.802222,20,4325.163467
-238.051314,37,4325.308576
-184.364149,29,4325.430132
-251.198823,37,4325.590561
-251.461681,37,4325.737325
-568.835224,101,4326.146966
-175.781183,29,4326.271614
-152.737972,25,4326.37929
270.309001,39,4326.546416
-209.878686,32,4326.673162
-239.548646,37,4327.409566
-265.90536,37,4327.685013
-265.091058,37,4327.872276
-126.190383,19,4327.95041
-141.485933,37,4328.104639
-241.056366,37,4328.268115
-155.143123,37,4328.419494
-173.33967,28,4328.532197
-102.605389,32,4328.667207
-25.53776,20,4328.750109
-284.342123,44,4329.031686
-264.272559,52,4329.540563
79.2462,21,4329.648092
20.018106,29,4329.777225
-128.018106,35,4329.924321
-337.347634,55,4330.177332
-124.161756,19,4330.256939
-256.182255,37,4330.408747
-250.599488,37,4330.564067
-248.471413,38,4330.724082
-76.846933,29,4330.848953
-42.471237,37,4339.573299
-38.021349,36,4339.845991
230.953725,27,4339.9626
-27.836384,20,4340.049602
-245.481156,38,4340.211257
-136.468743,24,4340.3195
-244.312366,37,4340.477804
-491.72102,101,4340.917852
-257.916161,37,4341.076897
-199.828687,31,4341.209392
-165.418124,26,4341.320304
-253.031002,37,4341.481798
-30.080959,21,4341.574412
39.15163,26,4341.694012
-258.073422,37,4341.853287
-118.823957,41,4342.026431
-269.538264,37,4342.186278
-363.963486,51,4342.412497
-237.264914,37,4342.579251
-247.905674,37,4342.741953
-165.163241,38,4342.895519
-17.146376,19,4342.975091
-144.259173,37,4343.134205
-82.55589,31,4343.271864
-131.622231,20,4343.360227
-245.507565,37,4343.511612
-380.480188,53,4343.735432
-121.255638,35,4343.895004
-395.810604,67,4344.172488
-33.224689,23,4344.275045
-49.247462,24,4344.381149
-146.497125,24,4344.494784
-35.234817,22,4344.595146
-240.664706,37,4344.755926
-409.743299,101,4345.200651
-169.365303,40,4345.367939
-97.594112,30,4345.493728
-81.882132,30,4345.622763
-105.652183,36,4345.781549
-47.600336,25,4345.887832
-252.922453,37,4346.040921
-65.444957,37,4346.189646
-242.614176,37,4346.346205
-20.233444,20,4346.431214
-125.407112,19,4346.510749
-123.313587,19,4346.591924
-226.743365,50,4346.804581
-241.815954,37,4346.965548
40.952185,27,4347.081289
-242.013176,37,4347.244922
-242.582785,37,4347.407118
-249.714196,38,4347.57066
-221.877112,34,4348.082914
-118.652653,18,4348.173853
-117.363312,19,4348.256277
-119.972173,33,4348.39767
-149.457826,27,4348.509367
-24.480945,20,4348.591082
-278.430814,37,4348.743029
-116.873467,19,4355.246641
-146.787705,37,4355.467335
-574.148648,101,4355.901613
-157.823223,24,4356.000478
145.383808,28,4356.12085
-595.374521,101,4356.557168
-241.129535,37,4356.717844
-570.029686,101,4358.351906
-17.142121,19,4358.438276
-254.636594,37,4358.596786
-265.936236,48,4358.799726
50.571176,26,4358.911753
-33.849725,22,4359.006629
-144.815604,37,4359.163871
-256.969519,37,4359.323328
-125.395789,20,4359.493326
-258.3291,37,4359.64774
-18.060078,19,4359.728091
-141.944425,37,4359.885845
-267.100529,37,4360.059244
72.695782,20,4360.14315
-47.262563,42,4360.323407
-13.347054,19,4360.406271
152.540374,51,4360.633733
-250.261576,37,4360.788537
-240.195735,37,4360.951638
-130.452962,20,4361.040152
-146.317146,43,4361.234314
-71.007469,29,4361.370792
-61.205191,27,4361.492052
-243.177555,37,4361.652807
-266.020147,37,4361.811907
-237.557618,37,4361.971536
173.153256,21,4362.056291
-55.191088,25,4362.173841
-255.710525,37,4362.334906
-147.615732,25,4362.443406
-251.682015,37,4362.595183
-234.981081,37,4362.766603
27.587791,29,4362.888211
43.072724,26,4363.000836
-288.76077,40,4363.176933
-66.579755,28,4363.294963
-45.604096,24,4363.394079
-49.336432,26,4363.503404
-276.531781,37,4363.659108
67.546046,23,4363.757198
-134.489582,48,4363.961249
-31.21002,24,4364.064228
-245.193861,37,4364.224521
-231.53094,37,4364.387922
-152.490915,36,4364.53976
-238.028861,37,4364.696036
-158.669858,27,4364.805683
-241.394713,37,4364.96177
-17.646552,19,4365.045921
-153.124803,38,4365.221318
-340.56291,70,4375.271678
-222.886901,37,4375.453205
-244.057044,38,4375.620184
-179.822129,59,4375.860705
-322.273821,64,4376.137188
1.725005,31,4376.268125
58.374262,24,4376.375499
-20.828915,20,4376.667289
-57.231158,27,4376.855536
-58.506808,25,4376.966696
-229.737745,35,4377.127317
-25.869134,21,4377.22159
-149.283425,35,4377.367965
-98.513465,33,4377.506704
-73.360296,28,4377.634047
-238.381009,35,4377.781459
-237.284009,49,4377.990249
-243.018647,37,4378.138193
-106.832428,34,4378.284267
-33.572394,22,4378.379093
-197.239327,45,4378.57309
-116.296195,47,4378.779409
-138.432478,40,4378.951753
-174.284736,27,4379.071819
-30.434706,20,4379.170393
-20.581978,20,4379.257418
-241.856031,37,4379.429491
-443.226462,101,4379.856903
-237.408655,37,4380.017029
-366.36989,54,4380.257662
-258.113582,37,4380.412246
-120.556265,18,4380.491251
-141.14192,38,4380.645264
-242.729539,37,4380.801105
-207.214033,33,4380.9406
-314.8144,45,4381.137038
-248.017357,37,4381.289149
187.450789,22,4381.384896
-92.459808,31,4381.517026
-254.89599,37,4381.669725
-121.61874,19,4381.752354
-44.595525,25,4381.856498
-71.011519,30,4381.987571
-320.01729,47,4382.183772
-271.89205,39,4382.349854
-673.663956,101,4382.802386
-120.561266,19,4382.888261
-199.623543,48,4383.259074
-250.55717,37,4383.420113
-118.689725,19,4383.497671
-609.324185,101,4383.925478
-19.680516,19,4384.007623
-242.400105,37,4384.163445
-224.937457,38,4384.31728
-695.578004,101,4393.288867
-242.020418,37,4393.51141
-317.652021,60,4393.871334
-273.565642,37,4394.067713
-234.627472,36,4394.249799
-143.112086,35,4394.423038
-142.968127,25,4394.543656
-662.920695,90,4396.800843
-110.107248,33,4396.960562
-18.859406,19,4397.044975
-23.25999,20,4397.143434
-270.385395,40,4397.346109
-196.413736,32,4397.488615
-258.385774,37,4397.678659
-123.635979,20,4397.828389
-236.725744,37,4398.025231
-263.798774,37,4398.202094
-206.429529,53,4398.432228
-21.211028,19,4398.572797
-223.041304,33,4398.848174
-16.615715,19,4398.947668
-164.09068,45,4399.199479
-85.036552,33,4399.388883
206.459383,21,4399.544068
103.891594,51,4400.148792
66.283093,23,4400.475878
-27.184628,20,4400.764119
-136.643207,36,4401.531465
-202.689746,46,4402.12927
-34.801445,23,4402.559089
-199.223481,31,4403.299009
-161.015549,40,4403.533378
-97.116936,34,4403.685191
-435.278706,63,4403.971298
-15.039379,20,4404.055949
39.569505,25,4404.1609
6.874063,30,4404.300127
-281.996243,41,4404.490077
-81.133291,30,4404.633483
-12.82191,18,4404.815909
-191.025046,31,4404.965225
-29.621326,20,4405.110467
-72.700588,28,4405.333307
-135.322696,21,4405.603392
-193.565978,32,4405.965651
-239.491561,37,4406.455242
-132.513241,36,4406.705962
-217.471995,36,4406.978117
-146.39771,37,4407.312652
-101.349647,33,4407.668205
-116.047366,19,4407.791513
-251.391483,36,4407.977978
-237.129768,37,4408.149078
-578.020794,89,4408.554594
-136.68818,37,4408.733732
-732.295593,101,4419.310755
-130.503693,36,4419.581689
-16.47,19,4419.683321
-30.823363,21,4419.788968
73.960019,21,4419.88933
-126.880968,20,4419.984397
-97.62856,33,4420.151497
-248.249224,37,4420.339639
-195.049041,42,4420.551109
-254.920607,39,4420.747323
85.650107,19,4420.845728
-298.805629,44,4421.054319
-14.309847,19,4421.148157
-223.765208,35,4421.313617
-37.626568,23,4421.411658
-245.749847,38,4421.570754
-218.46942,48,4421.770908
-260.933916,37,4421.940676
-215.068132,46,4422.135017
11.08974,31,4422.271775
-147.596741,23,4422.37702
-137.048573,23,4422.479589
-128.494988,19,4422.557048
-160.117305,25,4422.660126
-363.358682,52,4422.877976
-262.068035,37,4423.166766
-244.525342,37,4423.325691
-126.366593,20,4423.413358
-225.646958,36,4423.562935
-237.05359,34,4423.715727
102.411067,30,4423.846968
-296.7659,68,4424.131383
-25.578477,21,4424.219794
-132.268923,36,4424.366806
-129.403757,23,4424.46722
-239.081258,37,4424.639032
66.961578,22,4424.73737
-76.844147,29,4424.862648
-261.797671,41,4425.051042
-54.828506,25,4425.156132
-159.841195,42,4425.337407
-203.327517,34,4425.478007
-115.114335,33,4425.621552
-13.897634,19,4425.701226
-30.798391,22,4425.799249
-90.498338,30,4425.928669
-28.452318,34,4426.077733
-149.764081,24,4426.179447
-27.744922,20,4426.266213
-178.469837,29,4426.392743
-159.965499,26,4426.502172
-65.303973,28,4426.619085
-27.64803,21,4426.708815
-152.79403,41,4426.893848
-251.793462,37,4427.045293
-125.671956,19,4427.126213
45.562457,26,4427.2423
-259.814974,44,4427.437298
-24.359868,20,4427.526604
-60.2199,27,4427.639976
-241.771888,36,4427.7962
-131.605111,20,4427.891118
-248.109549,37,4428.057751
-22.80556,19,4428.158715
-260.193017,37,4428.322123
-232.995116,36,4428.480986
-269.978995,39,4439.639686
-142.367405,37,4439.862706
-265.009778,39,4440.042172
-151.590884,24,4440.146255
-179.599534,29,4440.269516
-103.274501,34,4440.415054
-21.118249,19,4440.496583
-79.946699,32,4440.633898
-160.784035,25,4440.763537
-242.391171,37,4440.959013
-124.133696,19,4441.221769
-245.20639,37,4441.431204
-471.311519,67,4441.899921
-10.021301,18,4442.010047
-24.441302,20,4442.122035
-21.53828,20,4442.224538
-277.65395,44,4442.44621
-35.537871,24,4442.55583
-236.379058,37,4442.716026
-252.95857,37,4442.87079
-245.459618,37,4443.034052
-16.877454,20,4443.11757
-129.217421,20,4443.200372
-158.26736,24,4443.300872
-83.102047,48,4443.545131
-370.014355,71,4443.869365
-18.813013,19,4443.952575
-97.67788,30,4444.082784
-27.32533,21,4444.17457
65.925236,22,4444.265027
-245.061599,37,4444.428148
28.523247,27,4444.568354
-14.50646,19,4444.665813
-16.588389,19,4444.763568
-216.738961,34,4444.938995
-176.581423,28,4445.092104
-247.55317,37,4445.279963
-76.106187,40,4445.475045
-232.675022,37,4445.659078
-120.429397,19,4445.765598
-142.890122,37,4445.962182
-58.364405,26,4446.097338
-38.978822,22,4446.199463
127.577414,49,4446.442706
-259.042856,37,4446.605968
66.510662,22,4446.703697
-126.201925,19,4446.789939
-291.995335,44,4446.99165
-121.573326,35,4447.156464
-93.306733,31,4447.299147
-20.20292,20,4447.385326
-427.715226,64,4447.670225
-25.274949,20,4447.772651
-191.505345,33,4447.92232
98.460424,22,4448.020008
-151.05289,37,4448.196492
118.579246,32,4448.366255
-127.880083,35,4448.593434
-129.147403,34,4448.764206
-125.918807,21,4448.864369
-184.03705,28,4449.100575
-120.565365,34,4449.260719
-73.745121,28,4449.391475
-70.622077,43,4449.66585
-149.333331,24,4449.776445
-146.048405,37,4459.3906
-189.735316,43,4459.728662
-136.132634,21,4459.832965
-99.667944,30,4459.962877
-128.071222,22,4460.058538
-18.506499,19,4460.132449
-312.865384,89,4460.520641
-120.698541,19,4460.604939
-52.674316,38,4460.76551
-137.624349,58,4461.049372
-73.410879,27,4461.170601
-246.351522,37,4461.325483
-28.694337,21,4461.411154
-256.55245,37,4461.569595
-242.860256,37,4461.74455
-215.308288,33,4461.887354
-133.166115,21,4461.987955
-233.281403,37,4462.151471
-21.05116,20,4462.232928
-90.392742,31,4462.363099
-49.267306,49,4462.563473
-17.856576,19,4462.654476
-440.187227,71,4462.967073
-127.531537,20,4463.057709
-239.823969,37,4463.220596
-130.161887,23,4463.326858
-249.189865,37,4463.479409
-115.602223,18,4463.559261
-238.914601,37,4463.726249
-248.296095,37,4463.871083
-126.461347,19,4463.949527
-250.679012,37,4464.117397
-170.830418,41,4464.301333
-294.385213,47,4464.519445
-115.984242,19,4464.611606
-131.010328,35,4464.762696
-28.004999,20,4464.849906
-265.850696,37,4465.010466
-248.390371,37,4465.164256
-83.60604,28,4465.28869
-85.275437,44,4465.479611
-167.934414,27,4465.599097
-44.608911,23,4465.693692
-32.186,21,4465.781895
-258.478948,40,4465.95057
-0.666458,32,4466.095718
-217.974967,36,4466.247496
-176.366388,30,4466.369669
-244.39068,37,4466.518976
-241.437508,53,4466.741792
-224.968109,35,4466.886744
-239.244395,37,4467.046245
-0.619578,36,4467.198608
-243.48632,37,4467.352844
-366.06713,48,4467.561644
-121.822724,22,4467.657618
-231.717978,48,4468.315174
-35.265626,23,4468.470399
-47.113106,37,4468.623678
-142.47945,23,4468.718818
-144.746411,26,4468.82552
-126.697703,36,4476.101775
-37.21969,22,4476.240324
-240.228115,37,4476.430649
-114.427192,19,4476.513057
-188.138917,48,4476.713875
191.283187,23,4476.813939
-242.503601,37,4476.980224
-136.747768,42,4477.164383
-33.697058,22,4477.260346
-241.383664,37,4477.421719
-239.505988,37,4477.583169
-5.545158,33,4477.720157
-28.5364,20,4477.806102
61.307228,23,4477.906224
36.237789,25,4478.015032
-127.842441,21,4478.108647
-114.105989,34,4478.261562
-22.357814,20,4478.358837
-218.539561,34,4478.497345
-551.725281,83,4478.848527
-126.059678,19,4478.92355
-263.291456,37,4479.08661
-262.879086,37,4479.250685
-122.762785,51,4479.480463
66.642411,22,4479.583809
-122.866646,20,4479.667907
-192.942422,30,4479.802745
86.330943,32,4479.941891
-296.564198,60,4480.296841
-158.270809,37,4480.453196
-249.830177,37,4480.629775
-137.334678,37,4480.798953
-243.272174,35,4480.951453
-240.664676,35,4481.100185
-249.117401,37,4481.256954
-139.332045,37,4481.420144
-115.600423,61,4481.69127
-498.603801,77,4482.028407
-253.243565,38,4482.18557
-183.7095,29,4482.330002
57.391944,24,4482.432512
-148.06059,37,4482.589106
-99.883125,31,4482.719507
-180.400727,28,4482.849157
-181.618628,30,4482.988957
-45.924736,37,4483.139528
3.476556,55,4483.380951
-322.184671,54,4483.615001
-26.665636,20,4483.716869
-226.567837,59,4483.9679
-330.683969,45,4484.161383
-31.80039,21,4484.25002
-265.411645,41,4484.817426
-132.82743,37,4484.994934
-36.724182,24,4485.112391
-92.457646,30,4485.258606
-95.290776,33,4485.423241
-28.620369,21,4485.510749
-79.631764,42,4494.381048
-33.814266,23,4494.51243
-24.25482,20,4494.613649
-289.34909,44,4494.813757
-251.304094,37,4494.968197
-118.648516,19,4495.048015
-92.632237,34,4495.196398
-208.11723,35,4495.351274
-276.911015,41,4495.531635
-21.630312,20,4495.615999
-178.18031,28,4495.730136
-26.275051,20,4495.809954
-126.457879,20,4495.895348
-479.066283,81,4496.263957
-259.334451,41,4496.442667
-144.230583,24,4496.546007
-19.15349,21,4496.633163
-124.010886,20,4496.718856
-131.399372,20,4496.804858
-54.894123,27,4496.922418
-17.76212,19,4497.008826
-48.561697,44,4497.211017
-290.44061,42,4497.391996
-246.241765,37,4497.553308
-267.536332,37,4497.709257
287.998914,22,4497.807642
308.257146,30,4497.943826
-242.083041,37,4498.109982
-244.24241,37,4498.272367
-135.846384,25,4498.376917
-151.672441,26,4498.494108
-59.99632,27,4498.61353
-225.329783,35,4498.762718
-53.600384,27,4498.877458
-143.728625,22,4498.967693
-636.217311,101,4499.39326
-16.28128,19,4499.469629
-164.598902,31,4499.606706
-263.663219,37,4499.758953
-149.886483,37,4499.907209
-143.537443,24,4500.012625
-41.99714,40,4500.182311
-240.758358,37,4500.339974
-260.835838,37,4500.504079
-118.92774,19,4500.582575
-272.882776,43,4500.773832
87.004144,37,4500.928783
-240.165142,37,4501.084522
-125.354099,20,4501.171721
102.562534,55,4501.426714
-3.768002,44,4501.762903
-237.056653,37,4502.316434
-130.698785,20,4502.421393
-187.792282,29,4502.553537
74.292507,20,4502.640418
-15.735813,19,4502.724563
-251.821108,37,4502.879953
-286.679984,49,4503.0938
-249.807477,37,4503.247517
-129.187674,36,4503.401745
-94.965974,34,4503.663929
-121.896409,34,4503.814572
-138.764307,36,4511.146428
-25.661562,20,4511.39814
-243.412453,37,4511.762507
-45.528345,22,4511.920738
-488.051743,79,4512.387944
-235.866996,37,4512.543702
-267.887163,37,4512.704882
-153.261874,26,4512.814821
-305.256367,44,4512.995542
-243.943696,37,4513.160097
-253.93412,37,4513.322534
-147.844086,43,4513.525382
190.619948,23,4513.627425
-13.896366,19,4513.709402
-216.956999,37,4513.872694
-235.646617,36,4514.032388
-166.885937,40,4514.20408
-123.25615,21,4514.295035
-63.393947,26,4514.403314
-243.971681,37,4514.565328
-284.295842,64,4514.851606
65.689075,22,4514.94518
-161.024334,38,4515.101976
-241.426681,37,4515.256629
-265.47676,38,4515.431709
-170.854059,27,4515.545134
-154.048619,27,4515.657891
-39.060826,22,4515.749259
-196.184494,44,4515.93484
-168.379076,28,4516.063974
-237.74799,50,4516.271657
29.069562,29,4516.39342
-118.786249,33,4516.538726
-147.797042,47,4516.737609
-107.826787,35,4516.875949
53.252101,23,4516.977838
-141.902861,23,4517.079314
-163.692019,73,4517.392826
-283.220866,47,4517.604373
-73.267713,27,4517.716587
-36.045686,23,4517.811686
-298.28594,46,4518.003708
-79.549546,43,4518.317402
-246.318784,37,4518.502868
-15.364227,19,4518.58238
-238.925742,37,4518.756955
-253.008717,42,4519.29454
-158.660263,24,4519.403416
-159.357667,46,4519.634201
-99.355128,33,4519.775504
-13.065546,33,4519.914314
-58.549636,24,4520.022224
-37.296005,37,4520.176036
31.457496,27,4520.292139
-27.812117,21,4520.399455
-251.701972,37,4520.561023
-138.784224,38,4520.723332
-168.399169,41,4520.897409
-556.415048,91,4528.611281
-14.443149,38,4528.780856
-428.326394,66,4529.053901
-285.702145,44,4529.248757
-69.564932,26,4529.352542
47.864462,25,4529.451833
-21.943693,21,4529.544733
-295.594241,89,4529.932507
-163.132029,40,4530.112211
-40.311347,23,4530.214573
-36.021554,64,4530.496278
-21.263484,20,4530.587373
175.030935,34,4530.730932
-246.679339,37,4530.890225
-246.408759,37,4531.048856
-250.270838,37,4531.211658
-208.672262,33,4531.354234
-175.277498,45,4531.545005
-96.09937,33,4531.68282
-168.130958,41,4531.864234
-37.368911,22,4531.958462
-246.614905,37,4532.117657
-176.636689,57,4532.368731
-102.201617,36,4532.521284
-17.096386,19,4532.60166
-27.29614,22,4532.800873
-90.356749,29,4532.919106
-330.112152,50,4533.134658
-19.772487,34,4533.283042
-245.495475,37,4533.438591
-20.163947,20,4533.5231
-250.300546,37,4533.683992
-268.761021,39,4533.863792
-165.81416,28,4533.988524
-193.09019,31,4534.125719
-265.959956,37,4534.272944
-121.171349,19,4534.357722
-127.499288,20,4534.438373
-32.022023,21,4534.525413
-262.425985,42,4534.703125
-52.735876,23,4534.802934
-162.993977,25,4534.910332
71.019768,21,4535.004525
194.604654,21,4535.093803
-154.328745,24,4535.198605
-165.761524,39,4535.363087
42.12304,27,4535.484286
-59.046706,25,4535.593587
-251.518598,37,4535.897647
-192.699846,50,4536.386449
-71.04295,30,4536.515931
26.841833,45,4536.714229
10.520049,30,4536.840279
343.890794,40,4537.022249
-103.624888,34,4537.169918
-74.046764,29,4537.295381
-20.042829,34,4537.442173
-129.842107,20,4537.524704
-45.075069,38,4537.695872
-203.927289,32,4546.542028
-237.580117,37,4546.714363
-143.618389,37,4546.869557
-204.004131,31,4547.005368
-31.801955,21,4547.093372
-130.984555,36,4547.253284
-127.66535,19,4547.331392
-226.737307,39,4547.504198
-106.122416,36,4547.650438
-268.338353,41,4547.832285
-22.829089,22,4547.931967
-242.760882,52,4548.158299
-45.463764,24,4548.26426
-62.982071,37,4548.423863
-113.904788,36,4548.575691
-241.987436,37,4548.747331
-241.331597,37,4548.899984
-24.50217,20,4548.98415
-325.214175,48,4549.188424
-180.69261,29,4549.321908
-39.096977,22,4549.432067
-250.970287,37,4549.608578
-429.96449,81,4549.958487
-24.433614,44,4550.152142
-273.57051,37,4550.33828
-259.525148,39,4550.530005
-31.193843,21,4550.623076
-249.787299,38,4550.801609
22.850602,30,4550.941341
75.573395,58,4551.20925
-192.875177,33,4551.355452
-254.963925,37,4551.524147
-138.317349,21,4551.618709
-541.111525,101,4552.048822
-127.818181,20,4552.129432
-61.661016,27,4552.242717
-18.684212,36,4552.399742
-138.816033,40,4552.576023
-57.060872,27,4552.688296
-277.494023,41,4552.861547
-54.736862,44,4553.041283
-253.006649,37,4553.19925
83.567657,42,4553.852895
-30.520498,20,4553.971068
-252.545152,37,4554.128398
-25.434336,21,4554.219462
-471.734295,101,4554.651614
-27.251749,34,4554.793877
-17.163846,19,4554.872152
-180.956672,32,4555.012953
-315.925622,54,4555.244251
-142.666424,76,4555.569425
-298.038455,49,4555.787213
-138.357054,37,4562.781881
-18.034877,19,4563.03635
-233.591095,97,4563.451227
-258.181133,37,4563.614317
-85.153254,28,4563.743572
-128.407435,20,4563.83162
-28.610121,22,4563.923371
-215.191461,49,4564.133635
77.364443,22,4564.226464
-120.097583,37,4564.382767
-228.419353,36,4564.532061
-24.458472,20,4564.61923
-210.749357,33,4564.762164
-237.853026,37,4564.919712
-122.865421,35,4565.075352
57.468035,23,4565.170809
-72.275876,28,4565.293967
-221.362295,48,4565.501684
-143.492106,23,4565.594163
-52.673534,37,4565.762058
-131.378166,20,4565.851097
-235.026441,37,4566.013002
-148.418459,26,4566.124718
-254.429843,43,4566.312185
-575.7195,92,4566.694767
-237.438723,37,4566.847077
-259.141385,39,4567.022046
40.74641,41,4567.207249
-243.515158,37,4567.361862
26.909091,30,4567.491375
-139.810215,22,4567.586992
11.206279,30,4567.718347
-149.461352,25,4567.832332
-116.948819,18,4567.906831
68.119864,22,4567.998911
-152.98004,42,4568.172815
-257.207446,40,4568.343808
-24.482373,21,4568.444019
-236.479807,37,4568.678649
-264.280511,37,4568.942051
-251.373518,37,4569.269422
-246.947103,37,4569.648357
-242.944364,37,4570.328657
-67.398622,29,4570.530232
-389.729812,57,4571.559392
-29.808792,22,4571.737819
-213.517397,34,4572.002836
-254.639412,35,4572.199973
-137.710767,37,4572.375188
-120.133223,21,4572.494595
-182.153982,41,4572.685586
-223.496264,35,4572.834442
-44.340762,22,4572.926632
-125.860634,19,4573.007154
59.744779,25,4573.118275
-297.465099,46,4573.339628
-132.048563,20,4573.421618
-346.40319,50,4573.640883
-191.464201,29,4573.761472
-317.003299,54,4574.005325
-336.471785,50,4580.634503
-60.269449,28,4580.753642
-67.628205,46,4580.954775
-208.827324,33,4581.099709
-328.452566,49,4581.321965
35.633775,29,4581.450074
-149.351128,26,4581.559084
-15.761797,19,4581.641253
-53.387645,44,4581.841989
-24.836945,20,4581.931189
-146.508923,25,4582.042269
-281.05388,43,4582.219591
-277.434284,37,4582.378288
-142.09643,23,4582.47109
-80.920521,42,4582.656773
-25.393944,22,4582.914711
-123.918866,34,4583.142582
-162.598201,65,4583.461004
-137.903618,23,4583.569185
-20.105075,20,4583.647968
-385.87298,57,4583.886361
-42.536971,23,4583.979235
-190.909834,42,4584.16694
-242.664083,37,4584.321958
-28.273573,21,4584.406174
-204.088492,45,4584.626174
-233.921502,37,4584.785624
-176.275416,29,4584.915193
-148.998069,37,4585.075431
59.446311,44,4585.274461
-85.885466,32,4585.409125
-267.726817,37,4585.720254
169.475413,22,4585.820716
-337.178405,50,4586.044
-165.307056,53,4586.2795
-85.528526,42,4586.462482
-24.196064,20,4586.55148
-119.380945,18,4586.632724
-220.349546,32,4586.770701
-243.66494,38,4586.934161
-126.167758,49,4587.145006
-259.927681,37,4587.301993
-190.86873,51,4587.523642
-264.614124,43,4587.72303
-159.030933,43,4587.909685
-21.886605,20,4587.998991
-249.768168,37,4588.315134
-242.127615,38,4588.672308
-65.091059,42,4588.865295
-227.504741,34,4589.010928
-119.135917,19,4589.09435
-98.283829,32,4589.233634
-258.224252,37,4589.390633
-242.396297,56,4589.642289
-244.334686,37,4589.802024
-230.095485,41,4589.97756
-219.815464,64,4598.655578
-129.754958,20,4598.769887
-118.667616,20,4598.863819
-103.617851,36,4599.012048
-136.253761,21,4599.101008
-150.541761,24,4599.206114
-260.387304,37,4599.362098
-242.332132,37,4599.523717
-241.028189,37,4599.680996
-101.915785,33,4599.824192
-361.453197,57,4600.076818
-179.692439,40,4600.252618
-359.211505,53,4600.470139
-13.123524,19,4600.54714
-91.276012,30,4600.670079
-260.662128,40,4600.834003
-235.04302,45,4601.025183
-231.401215,37,4601.18843
-160.28426,37,4601.348341
-218.215227,33,4601.491704
-243.496702,37,4601.643397
-123.090508,19,4601.726357
-31.750652,21,4601.815367
-138.470599,22,4601.910508
-130.647119,21,4602.004234
-24.719601,20,4602.092603
-253.046774,60,4602.360389
-56.63114,25,4602.469885
-18.978049,20,4602.552772
-242.771139,37,4602.71411
-47.962731,26,4602.827337
-211.090515,48,4603.027243
-225.565638,49,4603.239465
-64.794237,48,4603.440532
-26.911548,20,4603.525246
-117.906507,19,4603.606139
-520.238106,101,4604.037304
-28.153505,20,4604.120388
-240.31751,37,4604.282052
-100.189862,33,4604.420994
-116.832838,18,4604.497002
-39.838001,23,4604.595767
-257.090618,44,4604.786964
93.339,72,4605.105193
-70.753247,30,4605.235337
-407.350078,77,4605.569942
-308.580658,46,4605.760089
-151.723925,26,4605.872966
-36.385935,22,4605.968809
-235.311806,37,4607.248519
-232.711475,34,4607.594828
-35.653959,24,4607.749329
-176.80728,28,4608.021828
-110.716196,46,4608.447414
-125.303663,33,4608.6621
-141.39022,23,4608.779494
187.065783,20,4608.878193
-32.971038,22,4608.995513
70.142154,20,4609.093862
-201.826071,32,4609.243294
-404.405891,67,4616.662336
45.778047,26,4616.774852
-25.466218,20,4616.863135
-113.647327,19,4616.949624
-80.614327,30,4617.199517
37.005564,28,4617.320243
-652.43356,101,4617.757079
-110.687788,18,4617.834439
77.919405,20,4617.918395
-568.832143,101,4618.360048
-25.804357,20,4618.451769
-40.323669,24,4618.555908
-24.257442,20,4618.639217
-197.566723,43,4618.822915
-34.068186,22,4618.913867
-19.069693,19,4618.99857
-239.36724,37,4619.15686
-189.716477,39,4619.321212
-322.380578,75,4619.664565
-134.600527,21,4619.754247
-222.977718,35,4619.897769
-271.368405,37,4620.053077
79.652461,82,4620.400964
-139.529054,37,4620.567391
-79.898744,31,4620.703574
-48.752087,25,4620.807427
-260.449213,37,4620.960426
-66.146022,29,4621.08265
-157.060683,42,4621.270454
-14.479416,40,4621.442616
54.504894,34,4621.585297
-93.190927,33,4621.72674
-173.716153,39,4621.905627
-182.004264,63,4622.201401
-15.518884,38,4622.365301
-258.191094,39,4622.552635
150.086716,27,4622.723497
-245.451718,37,4622.965513
-68.180119,27,4623.195625
-147.913246,38,4623.687062
-156.340522,45,4624.179325
-46.841645,24,4624.428181
-246.277147,37,4624.803643
-142.085808,23,4624.992271
-249.588759,37,4625.297731
-10.523649,40,4625.574044
-19.450516,20,4625.693462
-159.04851,37,4626.314213
-149.185062,37,4626.567548
66.216435,22,4626.672208
-58.314323,25,4626.789563
-27.81795,22,4626.873341
-32.675508,22,4626.968788
-24.611701,21,4627.058977
-149.725345,38,4627.224746
-26.594499,20,4627.303528
-146.703198,25,4627.414365
-151.895748,37,4627.567636
-271.644522,42,4634.95982
-150.045679,26,4635.078925
-186.896103,30,4635.213691
-20.063709,65,4635.499606
-38.380578,24,4635.617886
-19.054113,20,4635.733754
-104.972599,33,4635.883723
-181.031059,38,4636.037318
-43.664814,41,4636.214799
-257.34366,37,4636.390104
-49.273256,24,4636.494253
-290.746986,44,4636.676717
173.163677,23,4636.788491
-49.48473,24,4636.88917
14.349896,32,4637.030984
-23.518932,20,4637.120378
-14.99095,19,4637.201796
-596.647456,101,4637.639923
-623.963069,101,4638.099734
-308.854597,43,4638.411817
-234.181829,37,4638.755032
-292.954678,61,4639.445839
-174.001347,78,4639.957341
-44.121454,25,4640.093313
-30.707272,55,4640.381911
-140.333176,40,4640.610482
-50.131456,26,4640.761057
7.108758,47,4640.996032
-23.589792,22,4641.107976
161.054945,24,4641.234766
-294.358771,63,4641.840564
-61.198881,37,4642.279322
-252.529723,37,4642.51552
-117.669481,19,4642.642889
-148.407759,37,4642.84673
-231.147309,34,4643.020303
-357.745995,53,4643.261011
-124.936837,20,4643.347788
-58.077956,28,4643.471017
-211.255118,35,4643.622635
77.335585,20,4643.712949
-215.329923,53,4644.632149
-48.048809,24,4644.87448
-8.092953,70,4645.540263
-39.668903,22,4645.824564
-57.884587,28,4646.133521
-138.958291,37,4646.523362
-14.743741,19,4646.743155
59.58546,46,4647.3265
-34.181613,24,4647.686267
-34.286521,22,4647.919597
-159.783679,25,4648.252903
-237.382048,37,4648.92017
-235.927832,34,4649.396425
-57.492628,25,4650.446611
-240.744518,37,4664.093385
8.353124,30,4664.229187
-123.267934,19,4664.305887
-277.187674,43,4664.502552
-20.495889,20,4664.58933
-43.261756,37,4664.754091
-145.302159,35,4664.90707
-314.803663,59,4665.155398
-164.365303,26,4665.266609
51.304795,23,4665.373106
-35.729123,22,4665.464336
-271.045071,40,4665.635731
-134.542499,37,4665.792576
-276.04236,37,4665.944525
-154.882317,37,4666.098207
-253.719385,37,4666.265963
-180.275845,29,4666.384478
-144.265452,24,4666.481655
28.576576,27,4666.592416
-24.317142,20,4666.677098
-34.872703,23,4666.793648
-621.109404,101,4667.261761
-249.984888,37,4667.424149
-234.330467,37,4667.682396
-233.541176,36,4667.968725
8.665412,34,4668.183985
-149.096142,41,4668.481571
-240.376027,37,4668.695154
-127.487838,20,4668.785761
-240.699894,37,4668.963072
-21.939097,20,4669.044853
-238.797837,37,4669.220212
-240.392745,37,4669.806545
-266.319371,37,4670.051076
-117.58902,19,4670.12777
-23.924924,20,4670.228833
41.96955,66,4670.602567
-292.161896,51,4670.913287
-131.945654,22,4671.300659
-50.558348,43,4671.991273
-270.565015,37,4672.205479
64.176895,21,4672.292128
-159.090236,25,4672.477623
-42.414266,25,4672.656296
37.409407,28,4672.793901
-135.679656,37,4673.011339
-151.328275,37,4673.386299
-275.345895,60,4673.777951
-73.202527,27,4673.902893
-241.834395,38,4674.070481
-116.314837,19,4674.53094
-62.287521,25,4674.686539
-246.296546,37,4674.852287
-41.035838,23,4674.964177
-250.060428,56,4675.218985
-79.619044,29,4675.347853
67.646391,22,4675.464434
-13.143179,32,4675.595623
-264.410586,37,4675.752617
-177.183259,27,4675.86784
-100.41137,32,4683.942373
-16.82393,19,4684.058285
20.836829,30,4684.194803
-137.581681,37,4684.349142
-37.529807,24,4684.448833
-68.356228,29,4684.580432
-272.920265,37,4684.756853
-16.923566,19,4684.860572
-157.383074,40,4685.213992
-178.674024,43,4685.455357
-29.724349,21,4685.559756
28.710073,29,4685.721356
-29.540174,21,4685.840812
130.796288,27,4685.964785
-23.462828,19,4686.053995
-16.855676,20,4686.155835
-557.547084,101,4686.597933
-275.754489,44,4686.805067
-44.259255,25,4686.922889
-31.351477,23,4687.018731
70.209416,21,4687.120296
-256.669991,37,4687.290795
-247.304827,37,4687.445362
-93.444801,33,4687.583173
-142.105153,25,4687.687829
-86.118782,29,4687.807977
-175.720961,40,4687.993425
-130.865196,39,4688.173182
-15.989585,19,4688.264105
-275.338719,48,4688.478769
-180.183024,57,4688.726193
41.22818,28,4688.842375
-108.529692,46,4689.038633
-251.399603,37,4689.20529
-149.088079,44,4689.376561
-141.039573,39,4689.536574
73.053075,34,4689.69591
-168.03468,37,4689.850315
-214.85107,33,4690.006764
-25.779968,37,4690.281142
168.232859,26,4690.438268
-131.183025,20,4690.552451
-16.100339,19,4690.729076
-28.550508,20,4690.939482
-116.024293,19,4691.116513
-119.981318,19,4691.27031
-114.621552,33,4691.584864
-52.324272,25,4692.595039
-273.791609,37,4693.170797
-162.746371,27,4693.590079
-176.12141,27,4693.890605
-64.182968,27,4694.330343
-85.68788,44,4695.004656
-227.702853,36,4695.461897
-109.268584,34,4696.129222
-270.754781,37,4696.744461
-161.285711,26,4696.954781
-28.454028,21,4697.114531
-20.556445,19,4697.230876
-145.502116,23,4697.364362
-143.702843,22,4697.49909
-230.850739,34,4697.686408
-152.51592,25,4697.807801
-123.694757,20,4697.905025
-54.564428,37,4698.112577
-18.360605,20,4698.201947
-36.430069,23,4708.821528
180.681538,20,4709.220876
-176.312766,32,4709.418517
-58.256173,27,4709.545772
-78.315118,31,4709.685298
-328.915488,101,4710.222716
-139.959965,50,4710.459228
-305.707088,46,4710.705828
-13.79941,19,4710.801148
-87.132704,44,4711.026132
-38.5904,22,4711.729575
-132.985868,36,4711.974286
-187.469606,30,4712.174938
-108.291836,44,4712.429655
-121.735629,19,4712.549972
-246.570195,37,4712.787845
-27.262079,21,4712.952727
145.188769,28,4713.311387
-147.809281,38,4713.523278
123.306969,32,4713.695516
-118.587289,18,4713.801688
25.090915,30,4714.048835
66.60154,22,4714.408699
-167.999963,29,4715.40798
-31.009838,23,4716.771774
-67.254648,26,4717.354612
-28.439477,21,4717.637508
-133.728226,22,4717.914648
-126.156968,22,4718.370365
-113.673032,39,4718.614238
-39.261963,23,4718.752547
-58.048066,26,4718.900571
-227.177308,49,4719.174507
-620.92217,101,4719.672171
-671.337499,101,4720.162351
-115.949912,19,4720.251601
-324.84754,62,4720.643305
-361.393417,58,4720.92878
-793.577344,101,4721.361949
-18.331071,19,4721.452429
-38.423416,37,4721.607135
55.636155,24,4721.718761
15.985963,31,4721.850542
-233.016795,34,4722.011707
-51.890847,24,4722.120175
-31.163404,20,4722.221855
-144.291762,37,4722.422825
-188.709243,31,4722.580487
-176.567976,41,4722.783419
-20.476426,20,4722.880211
-92.962089,31,4723.022018
-150.932507,26,4723.132576
-27.443473,20,4723.216613
-37.082069,24,4723.325276
-103.831091,33,4723.472826
-59.999546,29,4723.593257
-32.074593,22,4723.701079
187.97312,20,4723.788084
-197.516476,32,4723.927549
-51.383857,26,4735.759714
-34.764199,22,4735.909352
-164.276023,27,4736.04271
-139.161257,24,4736.145622
-44.702053,25,4736.258216
-169.271187,26,4736.367026
-247.493294,37,4736.533914
-136.183671,41,4736.736503
-152.853286,26,4736.851363
-226.671136,37,4737.074326
190.780656,20,4737.177569
-240.816842,37,4737.338896
-37.942345,24,4737.441905
-9.530011,18,4737.522426
134.439292,52,4737.757443
-128.127267,21,4737.852586
-127.325852,21,4737.938767
-137.727289,23,4738.032217
-45.079684,24,4738.136918
-268.460341,37,4738.319385
-149.362634,24,4738.425553
-174.453197,27,4738.542936
71.497641,21,4738.629263
-35.836997,22,4738.722627
-155.712989,26,4738.830778
-191.238738,29,4738.951933
-133.568317,24,4739.053369
-36.531636,22,4739.153878
-33.116578,23,4739.25009
-85.441233,31,4739.383903
-64.546135,27,4739.493427
54.343151,38,4739.654137
68.347618,23,4739.75529
-132.855027,23,4739.851894
-168.591698,37,4740.012254
-126.510878,41,4740.178493
-61.017393,27,4740.291328
-146.488145,25,4740.394914
-256.92207,37,4740.553488
-43.66428,23,4740.653286
193.574519,37,4740.824003
-22.22421,20,4740.912148
-265.246785,37,4741.072867
-16.646709,19,4741.157043
171.489683,23,4741.261599
3.000249,37,4741.421163
-74.289966,28,4741.547106
-21.315537,20,4741.629241
-27.04699,22,4741.717679
-32.863382,22,4741.808346
-237.916184,35,4741.954467
-25.595887,20,4742.04079
-132.086271,37,4742.197119
-131.470875,20,4742.279665
-335.987657,51,4742.503997
-151.682954,39,4742.671022
-101.58758,34,4742.818084
-17.366722,20,4742.902363
-253.17893,37,4743.074233
-23.925616,21,4743.168295
-157.913259,37,4743.343157
-252.434391,37,4743.504628
-216.95352,34,4743.653918
-238.585233,36,4743.813901
-206.297544,31,4743.959407
-27.417204,21,4744.05208
-117.497223,18,4744.125109
-185.078133,28,4744.241742
-128.764318,19,4744.321602
-58.277379,37,4744.473452
-604.16107,93,4752.763303
-71.40236,28,4752.975152
-79.429376,30,4753.120722
70.112166,44,4753.347817
-102.083761,34,4753.502218
-33.89108,22,4753.594775
-69.080098,27,4753.707281
-27.479744,20,4753.789104
-138.820263,23,4753.888931
-81.818014,40,4754.073604
-33.782037,22,4754.175095
-210.639522,33,4754.423608
-271.699958,37,4754.598088
-22.855315,20,4754.791296
-42.983846,23,4754.892142
-44.100385,23,4754.995294
-267.508315,37,4755.153621
-77.326432,32,4755.290179
-214.028212,56,4755.5327
-145.649849,37,4755.693523
-53.541041,27,4755.806442
-21.698036,20,4755.888153
44.543515,25,4756.01789
-67.062933,25,4756.136455
-122.105073,19,4756.222049
-127.559987,20,4756.324575
-418.440712,61,4756.589288
-154.378957,37,4756.752099
-63.585111,26,4756.859241
-152.703844,24,4756.962875
-129.71849,20,4757.055603
-126.526503,20,4757.152194
-208.588749,35,4757.313375
247.156442,37,4757.472808
-61.526676,26,4757.595685
-67.633097,27,4757.710827
-159.261641,37,4757.864914
-176.474503,28,4757.985119
-25.424593,36,4758.147479
7.123709,31,4758.300521
-92.119368,29,4758.425094
-261.67619,37,4758.586322
-268.146238,37,4758.744099
-107.759052,35,4758.87992
-37.805775,24,4758.977595
-243.78355,37,4759.143603
-131.50291,37,4759.303191
-247.128076,38,4759.487145
-250.419927,37,4759.648691
-30.592862,22,4759.743215
-31.100308,23,4759.896336
-577.607163,92,4760.754888
-155.146517,26,4760.929046
-53.844602,37,4761.272949
-543.125916,75,4762.761742
-36.871753,23,4762.9905
-61.908725,26,4763.181302
-70.449125,29,4763.47954
49.482423,25,4763.87717
-77.176676,28,4764.942697
-146.263023,41,4765.317066
-215.019704,66,4765.951093
-41.783943,24,4774.48939
-569.051817,88,4774.94829
-134.653897,22,4775.047959
89.13729,34,4775.19746
-557.485296,78,4775.537832
-247.882115,36,4775.689341
-266.580392,41,4775.865122
-253.722688,39,4776.022528
147.090096,27,4776.149857
-180.032485,61,4776.423752
-151.230436,39,4776.588377
-68.30369,26,4776.703837
-204.581463,31,4776.835668
-46.325189,24,4776.942988
-211.242344,37,4777.109468
-127.103133,19,4777.18477
-243.035082,37,4777.337338
-127.819163,20,4777.417836
-132.247604,36,4777.577319
-57.084003,37,4777.73291
-122.611314,19,4777.813281
-308.28801,56,4778.043446
47.950736,25,4778.146331
-91.255725,33,4778.283009
-143.787654,23,4778.376756
-184.118527,31,4778.514809
-78.716336,28,4778.633215
-113.436375,19,4778.717218
-23.206652,20,4778.799768
-212.899652,32,4778.939394
-118.809343,19,4779.02027
73.555578,20,4779.101085
-329.158024,48,4779.317385
-149.800103,24,4779.427842
-138.845443,39,4779.592358
-251.539475,38,4779.88234
-216.387494,33,4780.03132
140.141774,30,4780.168146
-153.960449,42,4780.356524
-240.356957,37,4780.533088
-73.920916,30,4780.657604
-545.355587,101,4781.364393
-257.563525,37,4781.551384
-26.883715,21,4782.078864
-244.891858,37,4782.27348
-52.252967,23,4782.389486
-25.449311,20,4782.482315
154.80696,23,4782.582219
-243.186782,37,4782.744812
-19.797415,36,4782.900937
-246.071447,36,4783.062183
-138.946417,22,4783.166472
-134.480922,36,4783.331209
-152.739007,39,4783.492911
-22.402099,34,4783.649516
-330.857033,54,4783.888894
-244.679212,37,4784.051942
-245.919732,37,4784.212344
-139.786172,25,4784.313975
-24.440866,21,4794.00622
33.347749,28,4794.174295
-239.159249,37,4794.344612
-138.218244,23,4794.442582
-119.093914,19,4794.515455
-13.933581,19,4794.599773
-25.615409,21,4794.691076
-215.076047,33,4794.826229
-34.914642,40,4794.997861
167.423479,26,4795.111185
-26.02358,20,4795.207666
-213.154034,32,4795.345526
-142.751411,23,4795.441807
-411.402816,58,4795.694218
-234.307601,36,4795.843639
67.927456,22,4795.938478
-97.685414,32,4796.072956
-151.154054,23,4796.171116
-31.19477,22,4796.264833
-128.604442,35,4796.43162
-71.623936,30,4796.5566
-45.796499,24,4796.668372
-267.861007,41,4796.851993
168.78388,23,4796.957533
-662.512667,101,4797.39889
-39.39917,22,4797.486554
-262.994092,40,4797.649318
-101.809035,33,4797.79092
-29.367693,21,4797.879827
-28.883883,22,4797.977527
-247.421891,37,4798.135537
-36.47856,23,4798.239191
-15.584212,21,4798.324216
-245.050078,37,4798.478334
-240.665078,35,4798.621763
-19.513523,20,4798.710691
-280.273943,40,4798.882365
-75.625499,29,4799.009488
-152.688661,38,4799.174858
86.873741,20,4799.259658
20.87402,31,4799.795779
-242.858668,37,4799.97891
-50.511547,26,4800.101339
71.729696,23,4800.202233
-244.04703,37,4800.366646
74.913007,20,4800.462885
194.316241,23,4800.578007
-307.217154,49,4800.806387
-270.616996,37,4800.960576
-66.798506,28,4801.086776
-145.393756,39,4801.252473
-15.757855,19,4801.335042
-245.564628,38,4801.507759
84.75078,19,4801.586883
-14.862616,19,4801.666875
-125.789265,22,4801.762469
-72.673332,42,4801.940407
57.501819,25,4802.049199
-277.466845,41,4802.244684
-161.946426,28,4802.374867
-57.972446,37,4802.5275
-87.16973,33,4802.67656
-72.628427,29,4802.800138
-116.684395,74,4803.112279
-177.647197,29,4803.238648
151.506705,27,4803.355439
-140.637675,37,4810.679657
-183.159988,29,4810.817828
-40.5379,22,4810.915405
-233.874006,37,4811.072114
-66.395547,27,4811.188078
-59.017727,28,4811.30328
-216.582159,33,4811.445151
-32.244573,21,4811.542661
-28.70772,21,4811.637664
-168.132669,28,4811.76055
-99.184259,34,4811.900408
-16.287166,19,4811.990924
-153.771177,37,4812.150799
-254.05347,37,4812.306607
-19.304688,21,4812.404114
-296.404334,43,4812.674598
-35.929752,23,4812.782992
-245.312829,37,4812.938977
-23.604466,20,4813.025452
-245.603297,37,4813.194948
-220.267529,37,4813.356769
46.095738,25,4813.459876
-138.361539,22,4813.558539
-235.754229,37,4813.720209
-18.935484,19,4813.806457
-175.630187,42,4813.992062
50.478769,25,4814.110485
73.965119,41,4814.293173
-21.659123,19,4814.376236
-42.96482,42,4814.563726
-24.174812,20,4814.657946
-175.565046,29,4814.779982
42.221328,25,4814.890453
-139.041384,23,4814.989866
-240.942543,37,4815.157252
-29.546122,21,4815.253857
-160.736427,26,4815.368176
-245.856629,37,4815.531307
-104.320844,31,4815.661001
-243.493828,38,4815.832732
-21.581899,36,4816.191825
-253.073662,37,4816.615845
37.434461,28,4816.751835
-84.538066,28,4816.870691
30.6025,29,4817.001001
-259.739042,37,4817.181863
-262.012508,58,4817.424605
-15.421739,19,4817.509592
-49.91982,24,4817.611857
-275.646287,37,4817.765491
34.698445,27,4817.878086
-128.441422,22,4817.989598
-126.273638,19,4818.118443
-167.486953,43,4818.337694
54.681982,25,4818.473794
-186.196214,30,4818.659896
-32.121491,22,4818.790383
5.459234,32,4818.990501
-275.555648,101,4819.824928
-250.808936,37,4820.034896
-93.466305,32,4820.204838
-150.313213,24,4820.32146
-116.585499,20,4820.41234
-21.600932,20,4820.497414
-151.124884,40,4820.675414
-67.110986,31,4820.818987
-148.98349,24,4827.844985
191.008477,19,4827.966426
-101.130225,36,4828.221813
-278.964433,42,4828.398963
-241.079058,37,4828.566799
-46.070963,25,4828.672732
-198.42813,45,4828.868178
-41.667909,25,4828.982591
-129.341793,37,4829.141867
-145.341351,24,4829.239224
-133.605806,22,4829.330691
-81.535734,31,4829.469054
-143.114615,43,4829.651797
-145.488729,24,4829.756985
-44.368193,23,4829.854088
48.377339,23,4829.954736
-130.546466,20,4830.037939
-121.588279,19,4830.119488
-39.826684,23,4830.219533
-365.615769,49,4830.427959
-15.514692,19,4830.507975
-100.481387,32,4830.646455
108.690756,40,4830.82489
-264.009369,37,4830.985456
-167.953523,28,4831.115792
-246.236312,37,4831.269353
-58.743453,26,4831.382026
-403.209249,59,4831.637198
-559.896619,101,4832.087794
-240.521085,37,4832.252351
-132.555168,38,4832.417718
-14.699539,19,4832.492336
-32.715871,22,4833.063799
-250.839187,37,4833.312408
-126.033979,20,4833.412303
83.172763,20,4833.503627
-245.895418,37,4833.661539
-138.457258,23,4833.757087
-117.631617,34,4833.900581
-30.854015,21,4833.996747
-44.083648,22,4834.093604
-108.448162,35,4834.243145
-18.297903,19,4834.323249
-245.246172,37,4834.486209
63.211545,22,4834.578355
-131.304721,20,4834.658572
-132.65608,21,4834.744863
-28.17342,21,4834.83259
-33.693022,24,4834.938927
-514.548976,101,4835.479537
-122.639039,19,4835.563002
-28.949816,38,4835.729065
-208.015488,51,4835.952644
-325.739717,65,4836.245265
-155.783948,24,4836.350949
-436.753494,73,4836.662041
-368.728673,101,4837.108514
-55.096338,26,4837.229953
2.973335,32,4837.368199
-224.203046,36,4847.971979
186.873112,22,4848.137397
64.23136,22,4848.237212
-119.826038,20,4848.326823
-130.628624,20,4848.415746
-71.748326,27,4848.554487
-149.266709,24,4848.659234
-167.426727,27,4848.77227
-57.626946,27,4848.886201
-40.57934,22,4848.991628
192.267761,19,4849.095117
-146.137292,24,4849.214368
-225.293649,35,4849.403779
29.159159,27,4849.536716
-498.645869,101,4850.336797
-120.085371,19,4850.44214
42.300523,26,4850.561912
-174.095116,28,4850.680518
-24.185733,20,4850.764547
-59.380637,41,4850.959506
-128.620078,20,4851.047408
39.043077,27,4851.177938
-139.994922,37,4851.338247
-17.643031,19,4851.422546
-44.092326,23,4851.526865
-54.626496,25,4851.644953
-48.049285,37,4851.801997
-46.829095,24,4851.90889
-24.027061,19,4851.991891
-686.255899,101,4852.433323
-216.901026,33,4852.583077
-131.709528,21,4852.669961
-32.643474,22,4852.764849
-284.301319,43,4852.94374
-16.562033,19,4853.024019
-67.356345,27,4853.153447
-54.422861,28,4853.282482
-179.418553,46,4853.475857
-267.639751,45,4853.665773
-25.016117,19,4853.744966
-24.843467,21,4853.835193
-74.228191,29,4853.955636
-46.535562,23,4854.058385
-557.756447,94,4854.483884
-132.622138,20,4854.566309
-132.38413,20,4854.646816
-23.989799,19,4854.728138
-249.137273,37,4854.88832
-242.069766,37,4855.046228
-130.194493,20,4855.131747
-149.424468,37,4855.290849
-183.03726,31,4855.430452
-114.210314,19,4855.507491
-122.67722,19,4855.588023
-130.864578,22,4855.683647
36.035067,25,4855.805713
-29.963091,21,4855.89612
-229.506835,35,4856.036392
-164.805711,41,4856.216914
-145.144639,37,4856.371078
-50.204869,23,4856.476494
-418.603181,70,4856.780358
-170.788965,37,4856.941857
-128.097647,20,4857.028868
71.13578,20,4857.115384
-28.338508,20,4857.199654
-39.080041,37,4857.354803
-161.095633,26,4864.198026
-299.918962,54,4864.493636
-98.45391,45,4864.679311
148.707974,26,4864.79128
-20.118329,20,4864.87799
55.160884,24,4864.980104
-125.700929,21,4865.069687
-135.340979,21,4865.161219
-28.952433,22,4865.262473
-116.132672,35,4865.407743
-94.987506,33,4865.553211
-78.872476,30,4865.684304
-154.020824,25,4865.792326
-186.223747,30,4865.921065
-117.80486,53,4866.143622
-138.874988,23,4866.243395
-238.156382,37,4866.404121
-43.589724,22,4866.608102
-128.003286,20,4866.970561
-130.610892,20,4867.308595
-75.101843,28,4867.451776
-37.207358,23,4867.62536
-242.940709,37,4867.786028
-22.942607,20,4867.868157
-245.311678,37,4868.027518
-193.949233,45,4868.22592
-93.398237,32,4868.374623
-615.661959,101,4868.819116
-25.809106,20,4868.902701
29.794342,27,4869.021771
-195.256929,31,4869.155418
-31.09072,42,4869.35013
-241.965524,37,4869.511236
-486.790379,101,4869.941356
-55.347873,27,4870.066553
-298.626348,44,4870.251714
-200.729362,48,4870.460515
72.491954,22,4870.553479
-34.948124,23,4870.658372
-125.252144,21,4870.752343
81.490379,53,4870.983805
-164.517258,40,4871.156978
-136.061118,36,4871.318468
-79.781306,28,4871.440833
-239.514001,37,4871.604205
-120.465091,19,4871.680412
-265.233663,37,4871.840161
-47.536917,23,4871.936612
-154.704913,39,4872.105356
-16.012386,19,4872.192511
-125.035327,19,4872.278542
-133.879109,21,4872.400047
-209.018598,33,4872.598829
-250.286558,37,4872.855478
-113.79558,35,4873.250718
-23.478742,22,4873.534223
-38.234028,22,4873.756774
-246.088311,37,4874.107552
-151.537462,40,4874.431377
-71.281843,47,4874.811816
-58.688925,26,4874.949442
-25.655326,22,4875.072142
-148.865872,23,4882.653823
-152.555236,37,4882.920381
-328.920146,49,4883.168952
-760.749116,96,4883.631695
-164.228189,41,4883.98024
-37.754765,22,4884.124519
-71.266897,29,4884.267339
-124.561608,19,4884.424139
-128.47574,20,4884.532598
3.14919,47,4884.753996
180.034168,35,4885.462371
-92.828753,43,4885.882995
-66.994598,75,4886.324364
-41.412623,24,4886.453444
-25.277149,20,4886.559446
-22.30427,21,4886.663027
-14.186853,35,4886.834269
-177.177337,45,4887.060099
47.087171,25,4887.191012
-237.631889,37,4887.380898
-30.995801,21,4887.508158
-9.835173,38,4887.699
-159.191512,37,4887.88542
-13.948079,37,4888.085449
154.06539,34,4888.27236
-31.536239,21,4888.379021
-269.759626,42,4888.590787
-26.844428,21,4888.688504
33.396689,27,4888.821358
-79.371983,28,4888.955953
79.593775,24,4889.075747
-57.380981,25,4889.196337
-160.143431,37,4889.388642
-26.670193,20,4889.511067
-64.881385,28,4889.65532
1.29235,33,4889.816837
-40.429092,23,4889.930653
-82.272324,44,4890.144893
-131.686955,22,4890.250876
-19.464355,20,4890.346925
-138.148269,22,4890.450754
-147.211833,37,4890.63056
-34.196962,22,4890.724609
-38.69978,23,4890.819115
-25.579343,20,4890.899787
157.454072,27,4891.027055
-189.5215,31,4891.164199
-54.358586,38,4891.326943
-147.820141,23,4891.434638
-250.68473,37,4891.587769
-188.91193,35,4891.733595
-150.268348,44,4892.131448
-443.643509,101,4892.564954
-62.668755,28,4892.705085
-243.160773,37,4892.871843
10.313329,30,4893.003527
-152.569537,27,4893.114702
-216.683695,51,4893.33496
-78.854211,30,4893.46728
-201.245395,45,4893.657253
-19.501884,34,4904.116328
-129.665399,51,4904.468554
-47.722503,26,4904.627889
-514.310918,101,4905.079336
-77.942189,29,4905.203117
72.733136,20,4905.289988
60.772392,24,4905.393162
-147.173141,23,4905.497107
-396.921471,58,4905.783175
-297.785803,46,4905.985839
-233.798539,36,4906.132175
-117.953933,20,4906.21753
-148.111668,37,4906.394145
-239.666421,37,4906.552051
-257.069832,37,4906.710111
-48.134434,37,4906.88575
-178.31768,45,4907.082602
-151.384055,37,4907.257418
-43.30451,42,4907.446819
170.962257,23,4907.543925
-48.834965,24,4907.651791
-29.365323,20,4907.736619
-162.439767,40,4907.904328
177.680253,22,4908.006838
-58.863746,25,4908.120614
-114.645509,33,4908.258664
-73.271953,27,4908.379349
-122.719303,51,4908.604219
-142.147812,22,4908.703273
-525.914994,101,4909.125853
-128.310994,38,4909.282853
-152.713988,37,4909.497485
-47.186357,37,4909.798386
-253.263326,35,4909.959756
-158.034882,37,4910.120631
-43.78641,23,4910.214358
-244.67674,48,4910.424911
-27.192849,20,4910.512326
51.751427,42,4910.689267
-124.428515,19,4910.771617
-26.373398,20,4910.857636
-243.139955,37,4911.017025
-138.400234,21,4911.104213
-302.275327,53,4911.345727
-35.518237,22,4911.441411
-194.282886,41,4911.665392
-254.557314,38,4911.860401
-172.615095,50,4912.094234
197.115083,20,4912.187342
-224.098516,35,4912.354128
-470.946519,76,4912.711071
-69.057213,29,4912.835063
-59.446687,27,4912.954164
-236.346077,37,4913.143407
-63.849908,28,4913.259999
-113.470174,19,4913.334228
-255.545444,40,4913.503675
-44.722489,24,4913.614374
-127.759046,20,4920.806211
60.900871,24,4920.950604
-70.298893,41,4921.135211
-132.542305,20,4921.220056
-23.443641,19,4921.300261
-233.87355,37,4921.45956
-188.804209,29,4921.586095
-13.358284,19,4921.664101
-111.772133,32,4921.815376
17.186733,30,4921.949091
-26.104476,21,4922.039357
-245.074679,37,4922.203459
-37.505383,22,4922.294503
-175.523513,42,4922.474562
-192.60324,36,4922.658945
-126.724937,20,4922.796948
61.674259,23,4922.896052
-304.251931,43,4923.090957
56.977534,42,4923.270781
125.226074,43,4923.453386
-154.614409,39,4923.616698
0.814068,52,4923.955238
-86.094978,32,4924.093633
-604.858981,98,4924.519797
-41.298424,22,4924.609436
-119.304605,19,4924.691178
-90.579067,30,4924.827123
-233.066141,37,4924.991141
-131.061071,21,4925.078706
-255.542394,39,4925.239873
-261.955585,37,4925.401109
-120.395727,21,4925.48664
-164.88068,45,4925.670152
43.832048,26,4925.782362
-113.411264,19,4925.860765
-24.663172,21,4925.948629
133.759231,30,4926.07694
-268.115838,37,4926.23136
-46.963951,23,4926.327405
-149.521205,25,4926.428015
-150.109123,37,4926.586148
29.092673,30,4926.714837
-122.60762,38,4926.88803
-49.848736,26,4927.004619
-29.703407,20,4927.093055
-49.161812,25,4927.206954
-236.446657,35,4927.358073
-31.148896,22,4927.452707
-50.817681,23,4927.549574
-239.837585,37,4927.709608
-22.327564,20,4927.795883
-41.839153,25,4927.89735
-156.701376,24,4927.994546
-44.387188,38,4928.17086
-258.95187,37,4928.330559
-5.762582,33,4928.466046
-130.70624,20,4928.55178
-35.59473,22,4928.647223
-17.93835,19,4928.722865
54.946551,24,4928.825216
-127.298924,20,4928.918085
145.232089,28,4929.040219
-66.490977,39,4929.215172
-332.55872,81,4929.750685
-56.576531,27,4929.989462
-441.498342,77,4938.965578
-302.247134,48,4939.186077
-126.134735,19,4939.272161
-380.208929,73,4939.598426
-24.397329,21,4939.691383
-561.732436,101,4940.160998
-257.511295,37,4940.322816
-146.619347,37,4940.478852
-509.315543,101,4940.91386
363.738377,22,4941.008396
59.691527,47,4941.209046
-119.981998,38,4941.372837
-205.039467,49,4941.580528
-82.932872,32,4941.721907
-36.041029,24,4941.832183
-220.848266,49,4942.04471
238.100571,34,4942.203315
-191.378109,44,4942.401429
-142.795479,22,4942.49272
-245.672556,37,4942.640821
-113.897391,18,4942.719513
-106.031442,45,4942.915661
-231.207199,37,4943.080551
-81.320057,31,4943.214496
74.974185,20,4943.297881
-142.427457,22,4943.395057
-49.930199,26,4943.509207
-137.567259,41,4943.682702
-138.71051,35,4943.824444
-167.513219,41,4943.994197
-222.404593,34,4944.143977
-221.397605,34,4944.293211
-56.426752,37,4944.449137
0.336521,31,4944.576952
-240.446456,37,4944.742168
-244.688425,37,4944.903305
-48.191654,38,4945.069655
-337.557367,65,4945.343127
-90.299333,33,4945.480432
-130.73771,20,4945.565342
-125.292021,20,4945.652419
-116.106897,19,4945.740381
-133.350604,22,4945.835837
-31.281465,22,4945.930976
-183.915307,45,4946.216488
-242.583718,37,4946.396936
-25.986214,20,4946.725103
-269.687684,38,4946.890882
-90.894498,55,4947.133376
-144.507792,39,4947.302381
-118.933806,19,4947.381526
-83.941868,31,4947.53778
-223.635069,49,4947.749314
-58.013109,25,4947.853404
-328.264562,50,4960.049196
-159.252658,37,4960.301405
-30.283205,23,4960.404632
-73.135033,30,4960.538075
-45.80126,24,4960.66266
-232.544421,38,4960.847372
-690.831025,101,4961.278695
-266.547918,37,4961.433502
-238.54203,37,4961.5978
-109.975062,37,4961.753869
83.20092,22,4961.85478
-28.839581,35,4962.004368
-237.169106,46,4962.232823
-211.760751,50,4962.917538
-48.338215,23,4963.02305
-182.138468,38,4963.187023
-83.452864,29,4963.31116
-36.394543,36,4963.472747
-74.499849,29,4963.591073
-27.189965,20,4963.678157
59.479994,23,4963.773743
-126.391538,20,4963.863461
-492.892282,80,4964.208394
-229.766322,50,4964.433156
-133.394273,22,4964.527813
-170.457045,56,4964.779408
79.040233,21,4964.870899
57.894891,22,4964.964954
-127.518051,19,4965.047714
-185.173736,48,4965.271332
-18.524814,20,4965.359125
-137.274514,22,4965.449426
-116.445596,18,4965.520859
-58.426591,37,4965.68038
-261.729023,38,4965.833441
-32.337314,22,4965.930518
110.816317,30,4966.057472
172.536176,22,4966.155161
-38.272299,23,4966.269651
-21.744946,40,4966.439628
34.899143,29,4966.553712
-354.775741,53,4966.784965
30.168005,29,4966.923519
-41.980049,25,4967.037997
-66.577222,28,4967.158336
-240.170758,37,4967.317327
-117.661628,37,4967.488046
-252.65818,37,4967.643671
-261.171137,37,4967.805226
-271.882176,37,4967.956124
-46.716201,25,4968.058022
-154.098603,26,4968.166623
-63.513909,32,4968.311108
-122.99998,34,4968.452356
-126.427704,19,4968.535579
-63.070685,40,4968.705843
-176.395489,31,4968.83434
-78.415171,30,4968.95729
-70.629797,30,4969.091811
-168.208219,57,4969.331831
-37.670339,22,4969.448264
-234.799444,54,4976.026067
-151.811829,37,4976.196458
-620.770568,101,4976.631217
-80.169032,28,4976.747101
-254.334918,37,4976.901301
-58.280326,37,4977.070558
-72.358847,27,4977.190296
-163.582988,41,4977.369529
-129.675067,22,4977.465917
-145.860436,37,4977.620526
-134.721075,23,4977.72136
-250.379765,37,4977.876539
263.523621,23,4977.974948
-223.715619,50,4978.190631
-22.752317,19,4978.266146
-351.959772,52,4978.483144
-32.056738,22,4978.576057
-63.621924,27,4978.698536
16.843697,41,4978.877057
-139.355416,22,4978.978335
-141.226115,37,4979.158018
-368.706908,54,4979.843596
-252.337714,37,4980.00348
-47.534695,23,4980.104434
-114.138844,19,4980.184217
200.296591,22,4980.284589
-216.095036,48,4980.50063
-120.691561,34,4980.649035
-444.141299,69,4980.966346
-31.769418,24,4981.070364
-261.741316,39,4981.240341
-142.355745,38,4981.430615
-505.677016,101,4981.870293
-250.555691,37,4982.031552
-25.215474,20,4982.118645
-28.181675,20,4982.211586
-169.269297,45,4982.413857
-47.044368,26,4982.519471
-96.139956,33,4982.663441
-136.913656,37,4982.832759
24.714845,29,4982.961243
-130.227199,22,4983.051734
-210.193732,49,4983.267882
-184.858422,29,4983.388232
-291.13211,59,4983.642595
-247.291153,37,4983.809893
-60.945317,28,4983.925745
-44.278636,24,4984.025122
-83.25458,31,4984.15738
-173.442975,42,4984.33036
-245.08007,37,4984.482809
-29.849303,21,4984.575017
-100.013711,33,4984.717779
-115.78006,18,4984.796563
-253.625546,41,4985.007416
-17.867391,34,4985.211735
-117.902279,35,4992.949313
82.556345,66,4993.304332
-111.111059,35,4993.467922
62.238334,23,4993.566513
-44.042579,25,4993.668777
-151.418741,37,4993.873788
-116.908657,37,4994.069795
-135.870465,22,4994.159343
-30.649916,21,4994.243202
-31.943632,21,4994.332806
-69.081044,30,4994.456346
-29.394951,20,4994.544615
-241.871836,37,4994.70867
-26.834376,20,4994.793986
-33.789873,21,4994.881971
-149.260359,39,4995.049452
-133.126312,22,4995.14203
-146.1053,39,4995.311729
-17.941797,19,4995.394606
-20.636475,19,4995.478338
-31.178959,20,4995.567719
-236.038432,35,4995.712532
-140.057821,36,4995.870256
-189.390633,30,4995.99859
-160.432333,39,4996.161239
3.082026,31,4996.288709
-38.038263,23,4996.386999
50.668897,23,4996.485548
-166.200246,39,4996.655697
-64.022615,27,4996.768066
61.234013,23,4996.869622
-108.698847,34,4997.017348
63.407119,21,4997.107363
-132.479883,22,4997.205489
-198.643857,30,4997.336394
-175.790368,31,4997.4685
177.847298,28,4997.585109
-220.148065,33,4998.063327
-14.610594,19,4998.157909
-247.94883,37,4998.320977
-142.852707,37,4998.477899
-13.112302,19,4998.56308
-139.111121,22,4998.656822
-232.711221,38,4998.815815
-7.91377,32,4998.958192
-96.958036,45,4999.171909
-143.167139,22,4999.279822
-43.281787,24,4999.390072
-65.795449,29,4999.50935
-252.140217,37,4999.674476
-56.104879,40,4999.842648
-312.593778,47,5000.054071
-434.791008,67,5000.357629
-70.94197,28,5000.485292
-132.484834,20,5000.579193
-135.850564,21,5000.679989
-24.395609,55,5000.929034
-72.104607,41,5001.142801
-255.633517,37,5001.304422
60.679063,25,5001.420206
-131.540071,22,5001.630762
-263.17657,39,5001.799287
-484.466092,101,5002.238776
-38.13938,24,5002.340471
-250.332643,37,5002.493772
-29.045347,20,5012.028527
-208.040787,33,5012.511005
-164.815426,29,5012.742407
-133.833833,22,5012.909267
-171.187107,46,5013.194236
-180.608083,28,5013.315724
57.28122,22,5013.413481
-20.452302,21,5013.506598
-127.361766,19,5013.600209
-27.200357,20,5013.690328
-126.135008,19,5013.771029
72.457933,20,5013.858338
40.020119,28,5013.978667
37.302964,30,5014.104124
-143.436464,24,5014.219444
188.531755,27,5014.336385
-156.665351,37,5014.511579
-15.972788,19,5014.594047
-23.431353,20,5014.68439
-225.990897,47,5014.883939
-21.87787,20,5015.013618
89.91629,39,5015.627448
-81.845185,42,5015.822324
23.389474,29,5015.949191
-685.016128,101,5016.381751
-431.726108,93,5016.818703
-119.730228,18,5016.911505
-67.446886,26,5017.036269
-23.701401,20,5017.121174
123.454661,32,5017.265183
-252.191918,37,5017.427796
-25.889478,37,5017.589164
-223.303056,36,5017.751703
-182.105385,27,5017.866772
-98.53475,32,5018.002459
63.669572,23,5018.107844
-416.681755,78,5018.439672
-70.888154,32,5018.581562
-440.610941,68,5018.879979
-418.041029,74,5019.196638
-27.951764,22,5019.296612
-67.270718,42,5019.475214
-258.394383,39,5019.641598
68.64459,23,5019.743609
-199.968048,33,5019.882977
-144.706211,37,5020.041765
51.17011,24,5020.141029
-4.227281,34,5020.288048
-223.52169,34,5020.438578
-136.514474,23,5020.53659
-113.14065,48,5020.757845
-662.933498,101,5021.198523
-130.36544,36,5021.355753
-246.254982,37,5021.51267
-263.669358,37,5021.66841
-126.49447,19,5021.748186
-238.728206,37,5021.905364
-124.681182,19,5021.984477
-262.152621,39,5028.771708
-57.827656,40,5028.977582
-106.661684,37,5029.146884
0.268091,32,5029.278859
-23.591373,22,5029.379156
-247.484333,37,5029.5493
-120.717643,20,5029.64448
-32.053475,20,5029.725484
-75.932294,29,5029.853146
-103.881565,34,5029.994793
-16.026528,19,5030.0832
-63.873491,29,5030.209053
-120.932209,19,5030.290652
-243.862558,37,5030.446373
-37.711049,37,5030.601782
-24.56256,20,5030.686472
-336.459667,51,5030.89898
1.908124,34,5031.048443
-90.726996,32,5031.180474
-125.137674,21,5031.26518
-143.237745,50,5031.467799
-251.001866,37,5031.617748
-126.143508,20,5031.700362
-121.051899,33,5031.837972
-186.683112,43,5032.013469
-46.858438,24,5032.124431
-247.866069,37,5032.684194
-170.143983,40,5033.054863
-120.735285,20,5033.152375
-72.934511,31,5033.289434
-138.010067,41,5033.47021
-142.88182,40,5033.654937
-312.298468,51,5033.883069
-58.514272,37,5034.044429
-72.655529,29,5034.175932
-130.454804,22,5034.271859
-480.487239,81,5034.624407
-121.896073,19,5034.704474
-217.812927,33,5034.855038
-258.805985,39,5035.0228
364.977861,22,5035.114777
-22.921451,20,5035.200116
-62.058276,26,5035.314791
-29.436483,20,5035.394608
-120.454362,35,5035.55162
202.098246,21,5035.649882
-134.462725,84,5036.027333
-30.680466,22,5036.125705
-258.585851,37,5036.289024
-131.623456,21,5036.381722
-169.56533,42,5036.569252
-55.706431,25,5036.67659
-54.263664,24,5036.774649
-250.813431,37,5036.935383
-164.704816,41,5037.110355
-255.785658,37,5037.327703
-242.025208,37,5037.502625
-29.038911,20,5037.582374
150.317989,36,5037.724928
-132.712577,20,5037.8145
-34.579043,23,5037.914126
-239.511256,37,5038.088203
-218.901575,45,5047.255853
-241.654569,37,5047.470155
-79.198496,32,5047.601941
-32.564487,22,5047.693702
-35.939135,48,5047.892278
-62.176246,26,5048.004792
-80.092899,31,5048.144592
-271.787839,43,5048.323715
-126.562606,19,5048.401759
-19.809543,20,5048.4913
-261.831176,37,5048.636612
-30.333828,22,5048.730872
-243.057429,37,5048.89649
-231.557598,36,5049.046069
-242.725778,37,5049.199291
18.350515,29,5049.38097
-152.27778,39,5049.833973
-300.271268,63,5050.120947
-213.08927,46,5050.322832
-60.253723,37,5050.476437
45.434351,24,5050.576041
-126.993708,19,5050.656028
-112.698634,39,5050.83514
-46.458768,25,5050.944899
-193.448164,31,5051.072528
-295.715622,54,5051.292845
-127.460233,19,5051.372386
70.713292,20,5051.457168
-58.645674,26,5051.572943
-288.451615,45,5051.763001
-34.025933,23,5051.864583
111.406014,39,5052.026196
-140.518104,23,5052.123389
232.57404,33,5052.267865
-273.415923,41,5052.460376
-142.144039,23,5052.561279
-13.07147,36,5052.707442
-235.275225,79,5053.13508
-109.524612,36,5053.296732
-230.66205,34,5053.436784
-274.9611,44,5053.617314
2.37217,30,5053.742744
-146.526585,25,5053.846189
-126.776292,19,5053.925361
-81.750757,41,5054.093695
-24.396194,21,5054.182595
-31.301938,21,5054.266957
-46.436582,25,5054.367663
74.221878,20,5054.451113
67.107248,22,5054.544139
-315.761144,48,5054.748631
-141.448208,37,5054.902192
33.873177,28,5055.01893
72.228247,21,5055.110724
-153.391463,38,5055.268176
-121.828058,21,5055.357895
-235.834796,36,5055.511285
-114.65487,19,5055.598277
-34.829737,21,5055.698773
-115.24687,36,5055.861805
-159.575056,41,5056.148913
-15.532819,19,5056.235121
-26.042594,20,5056.320165
-245.957896,37,5056.474119
-210.12637,38,5066.314676
-240.568591,37,5066.72989
-62.846377,48,5067.678048
-184.469388,47,5068.021052
-241.433245,37,5068.23328
-131.701122,20,5068.322849
-244.414895,37,5068.483285
-33.185121,21,5068.578774
-50.644451,26,5068.693596
-24.973585,21,5068.777013
-215.583205,72,5069.090788
-241.09667,37,5069.254867
73.019486,20,5069.338324
-147.08022,40,5069.513143
-55.847566,40,5069.69854
188.130335,38,5069.865981
-33.037519,22,5069.959728
-3.702921,36,5070.123492
-79.560316,30,5070.255341
-230.195357,33,5070.412114
-112.310555,18,5070.49031
137.753242,101,5070.923334
-37.54588,22,5071.036
-24.524346,19,5071.251311
-209.287932,60,5071.563571
-48.137807,25,5071.674328
-31.192148,21,5071.766731
-245.227004,37,5071.913321
158.827412,27,5072.029627
-28.567829,36,5072.189922
-147.667083,37,5072.359382
67.688812,25,5072.466902
-16.473073,34,5072.613871
-37.217968,22,5072.707353
19.988847,29,5072.828807
-44.997939,24,5072.928159
78.0897,20,5073.009169
-50.4622,25,5073.112356
-127.411435,56,5073.354445
-437.57802,83,5073.711594
-85.826189,32,5073.856348
-143.585712,23,5073.962782
165.560094,22,5074.060923
-162.223115,57,5074.310364
-229.695204,36,5074.4786
102.507188,35,5074.624653
-271.361268,71,5074.928388
-161.731681,28,5075.047887
-133.090039,21,5075.137963
-83.534073,31,5075.265775
-253.641973,57,5075.50767
-362.722181,76,5075.83728
-98.801624,31,5075.972479
-244.568315,37,5076.131794
62.821007,24,5076.232942
-57.985464,37,5076.395645
-267.746712,40,5082.851922
-26.637017,20,5082.973575
44.305152,26,5083.092745
-214.685948,31,5083.221396
-54.405,27,5083.340356
-34.546502,21,5083.429122
-235.301265,36,5083.59003
-171.503518,27,5083.709857
-23.997735,20,5083.796337
187.848193,33,5083.931036
-106.524467,34,5084.080056
-126.743265,20,5084.162292
201.343098,25,5084.272224
-168.158403,42,5084.448077
-314.426253,47,5084.650151
-144.109624,48,5085.22414
-118.670312,19,5085.310208
71.672121,20,5085.394032
-139.361222,23,5085.494816
-125.95323,19,5085.570933
-56.622715,27,5085.685197
-43.009379,25,5085.787363
-287.663845,42,5085.96979
-115.570968,32,5086.100057
-604.24149,101,5086.564949
284.444366,35,5086.711667
-273.944106,80,5087.057705
-154.04125,37,5087.224702
-226.511507,50,5087.530964
-55.808569,27,5087.648808
-148.472917,45,5087.847763
-69.082324,28,5087.960896
-125.94563,19,5088.040443
-208.155549,32,5088.179141
-158.528219,41,5088.359142
-35.097807,22,5088.454616
222.634937,29,5088.590342
-515.156563,101,5089.025184
-27.50605,21,5089.120218
-270.023962,45,5089.34453
-121.561381,19,5089.446377
-19.852638,19,5089.546488
-45.848451,25,5089.659543
-166.104709,27,5089.775746
205.80392,23,5089.875495
-32.931017,22,5089.970886
-193.733974,54,5090.202087
-169.316129,41,5090.381064
-67.875851,29,5090.505912
-38.734261,37,5090.666032
-24.38142,20,5090.742475
-126.150191,21,5090.838728
-223.876149,33,5090.99131
-18.543778,20,5091.112253
-59.005563,26,5091.236218
98.662568,38,5091.407716
-129.524848,38,5091.573322
-114.758758,33,5091.716873
-631.985432,101,5092.168952
72.378766,20,5092.259151
-22.892601,21,5099.932027
-114.950938,19,5100.052242
-10.50687,18,5100.164718
-51.011354,26,5100.288794
-124.299777,19,5100.369956
-155.475705,39,5100.535872
-65.788322,27,5100.654408
-102.98552,33,5100.794299
-129.18813,21,5100.88235
-127.920307,19,5100.966544
-22.679248,20,5101.051001
19.947188,43,5101.242304
-117.217055,38,5101.412792
-386.372201,53,5101.636137
-116.703894,50,5101.842543
-240.564231,38,5102.005453
-26.594908,20,5102.083252
-103.736953,33,5102.232291
-119.671514,35,5102.433279
39.222856,44,5102.93981
-12.769426,19,5103.025966
-189.056577,30,5103.155979
-31.245319,20,5103.245669
-66.051679,47,5103.456598
-239.534001,37,5103.619129
-23.926667,20,5103.70765
-168.202007,40,5103.888509
-134.61063,22,5103.980569
-30.82292,35,5104.130769
-161.324179,37,5104.292707
-70.776975,29,5104.417208
74.828657,20,5104.502363
-27.7161,21,5104.594273
-83.980064,45,5104.786345
-135.183957,36,5104.938153
-557.995263,101,5105.369439
-149.794372,34,5105.515564
-269.589122,37,5105.674625
-13.83378,19,5105.761726
-39.826057,49,5105.981032
-51.222798,58,5106.228202
-262.27579,37,5106.384633
-256.608102,39,5106.559057
-30.483671,21,5106.650188
-88.719741,31,5106.784003
-537.06673,79,5107.123321
-37.593516,23,5107.225623
-127.722107,20,5107.312053
-29.793332,20,5107.395548
-136.540246,22,5107.491706
-75.084331,30,5107.620431
217.506788,31,5107.756573
67.872522,22,5107.850626
169.824123,52,5108.064815
-27.481762,20,5108.155699
70.754121,22,5108.251206
3.483749,31,5108.385277
-122.566928,19,5108.465542
-15.720563,19,5108.546118
-137.119103,22,5108.641054
-130.996048,20,5108.731428
-256.187304,37,5108.888382
-125.308092,19,5108.967249
-139.85569,37,5109.12368
-100.376541,36,5116.183955
-73.392943,28,5116.308404
-26.681342,22,5116.396727
-239.929511,37,5116.558389
-177.060774,42,5116.732383
-20.758154,20,5116.816476
-35.217071,21,5116.90388
-159.624599,41,5117.074422
-322.000219,48,5117.281049
-184.461729,43,5117.462488
-166.456423,27,5117.574574
-66.071272,28,5117.68823
-126.054748,19,5117.767252
-180.711091,90,5118.142526
-131.637518,22,5118.237459
36.117711,27,5118.352427
-49.180698,25,5118.457456
-94.106942,41,5118.633813
72.53064,20,5118.720447
-242.433952,37,5118.877285
-83.241166,28,5118.999243
-105.15375,31,5119.14261
-164.021662,25,5119.246883
-49.942681,26,5119.35657
-14.512069,19,5119.439536
-68.534606,45,5119.6357
-52.529775,26,5119.744919
-166.44211,27,5119.862431
37.57925,27,5119.978873
-101.015541,33,5120.120066
-189.587389,31,5120.248989
-6.018064,37,5120.451783
-139.330149,21,5120.789333
168.022527,21,5120.903642
-107.355094,18,5120.996547
38.127993,27,5121.109568
-237.197893,37,5121.270588
-232.992403,37,5121.433094
-105.512464,34,5121.614217
-255.414805,37,5121.805325
-52.451283,25,5121.930786
-126.816919,19,5122.035977
-125.397733,21,5122.160724
-23.604258,20,5122.282059
-215.521903,33,5122.490947
-90.58511,30,5122.773226
73.616598,20,5122.942607
-145.000663,23,5123.204332
-210.432262,33,5123.49584
46.135436,25,5123.665476
-248.446208,37,5123.935941
-234.310837,49,5124.299587
-39.518488,22,5124.446111
-61.396505,27,5124.62777
34.172825,28,5124.820188
-225.271192,50,5125.191208
-260.49223,52,5125.438775
-240.700517,41,5125.623581
-49.648235,25,5125.733611
-77.213077,29,5125.8526
-157.328528,24,5125.954965
51.664705,25,5126.067232
-241.837901,37,5126.233381
-41.211581,24,5126.341379
-77.353339,30,5126.475338
-138.62239,24,5126.581731
-30.274399,22,5126.677751
-25.938391,21,5133.059925
-169.602092,28,5133.224681
-117.958164,18,5133.305379
-149.462287,24,5133.405667
-198.286414,30,5133.532437
-40.738195,23,5133.626143
-137.769896,23,5133.722213
-14.546615,19,5133.803905
-122.368708,19,5133.883603
-27.33605,20,5133.969331
-154.224292,26,5134.077046
-40.685418,24,5134.176778
-15.956282,19,5134.262979
-144.224241,23,5134.360581
-181.932351,28,5134.480876
-130.065031,21,5134.569782
-135.932225,37,5134.732102
-237.534374,37,5134.890554
-256.341986,39,5135.058538
-117.603466,18,5135.138222
71.221762,21,5135.227979
-135.80139,37,5135.384687
-16.640637,19,5135.466844
-174.023863,27,5135.577576
-594.723584,101,5135.996002
-27.498588,40,5136.163224
-33.551179,23,5136.263432
-26.531617,21,5136.355277
-14.388026,19,5136.443302
135.807508,30,5136.576898
-12.178979,20,5136.664154
55.147251,24,5136.772906
-266.076251,37,5136.927242
-252.276393,39,5137.098381
-169.798368,28,5137.602827
-574.430995,101,5138.050351
-43.745751,43,5138.334671
-154.47502,25,5138.446744
102.967506,38,5138.617572
-22.487488,35,5138.777209
-238.133274,37,5138.946183
122.556322,33,5139.091923
-79.543882,30,5139.226143
72.999464,20,5139.321024
-158.274967,39,5139.486975
39.50068,26,5139.601161
180.567904,34,5139.745848
-183.215033,45,5139.944053
-23.276573,20,5140.027791
-130.714092,35,5140.172499
-204.942812,47,5140.370661
71.514566,20,5140.459395
-439.706871,62,5140.732235
-42.696015,23,5140.830863
-361.911482,66,5141.100973
-246.440159,37,5141.260867
-235.034968,37,5141.42865
74.643218,20,5141.629937
-137.776834,37,5141.809135
-259.305579,37,5141.96141
-151.810849,25,5142.071682
-149.223778,24,5142.172015
-13.991982,19,5142.254549
65.469572,26,5142.368954
-230.479943,35,5150.415545
-114.945316,36,5150.628374
-127.189749,20,5150.720919
-129.520924,36,5150.876422
-126.483497,19,5150.957481
-331.747729,47,5151.156851
-25.324235,35,5151.306395
62.961718,22,5151.41082
-23.824667,20,5151.497591
55.949177,25,5151.609245
174.488075,20,5151.694946
189.514024,21,5151.79541
-121.266631,34,5151.943814
5.178448,33,5152.092382
-9.001177,18,5152.168164
-30.000817,21,5152.261941
-167.429613,44,5152.451723
-147.815937,23,5152.54639
-41.149298,22,5152.633732
-223.367031,62,5152.898012
78.565781,35,5153.042691
-254.268444,37,5153.198827
-134.24336,21,5153.292642
-239.28333,36,5153.442302
60.436118,23,5153.542404
-112.383231,33,5153.679907
-142.465772,37,5153.83641
-19.247846,20,5153.927603
-136.508236,23,5154.028295
54.5499,24,5154.13036
-21.62738,19,5154.206373
-243.033573,37,5154.371696
-141.561457,37,5154.889981
-51.470167,25,5155.016363
-32.098235,23,5155.111447
-182.522389,28,5155.230707
-47.816323,37,5155.396248
-25.848407,21,5155.486348
-123.243554,19,5155.569043
-253.304789,38,5155.729632
-78.265374,30,5155.860329
-410.584043,101,5156.306574
-139.469724,22,5156.405342
-25.131308,20,5156.490647
68.856753,21,5156.57852
-276.335048,40,5156.755628
-56.183454,27,5156.877426
72.820677,20,5156.960708
-236.270274,37,5157.124344
-104.766121,38,5157.29128
-142.051577,36,5157.445569
-19.67091,20,5157.535272
83.831853,19,5157.616252
-57.546131,40,5157.787427
-21.517537,20,5157.872889
-216.880288,50,5158.091438
68.209351,22,5158.18394
-403.298673,101,5158.606444
-244.580925,37,5158.761511
-113.187103,34,5158.908656
-68.492541,26,5159.020368
-20.491999,34,5159.165834
-148.402799,37,5159.328611
-240.907811,37,5159.488285
-247.970958,52,5166.011227
-111.739707,18,5166.122963
-24.164379,20,5166.226455
-204.033368,46,5166.422335
-20.429941,19,5166.651026
-88.859279,32,5166.803887
-264.650297,37,5166.956319
-16.507018,19,5167.037324
-113.266569,36,5167.188043
-44.802342,36,5167.345897
-266.800298,37,5167.508285
-127.759111,19,5167.589253
27.394736,28,5167.703463
-52.193215,23,5167.807794
-52.137664,26,5167.920386
-124.636974,19,5168.001739
-251.054227,38,5168.156719
-127.103459,19,5168.23799
-234.524847,41,5168.411205
60.535888,23,5168.506017
-106.022235,33,5168.640607
-49.992385,25,5168.746741
-59.247436,26,5168.86017
54.612878,24,5168.959223
-119.633125,19,5169.04043
-83.010261,29,5169.167113
-239.621285,37,5169.32752
-164.998255,26,5169.43586
72.463741,20,5169.51684
-28.08924,21,5169.608117
-32.834876,21,5169.694733
-30.999069,20,5169.779745
-129.418235,20,5169.867975
-62.03423,26,5169.986171
192.688615,19,5170.064574
-36.247178,22,5170.160053
-28.946992,20,5170.244534
-420.939361,101,5170.673511
-217.694276,35,5170.824309
-131.267419,20,5170.910707
-93.385481,32,5171.041115
75.095102,20,5171.124746
-130.752438,40,5171.296191
-136.508864,36,5171.449496
3.129494,31,5171.576547
-141.248752,37,5171.736114
-223.608888,32,5172.176419
-66.840712,42,5172.558464
-246.723489,37,5172.810309
-10.672,18,5172.987197
-225.053571,33,5173.272266
-271.832885,43,5173.574499
-44.145132,22,5173.763726
-58.403502,26,5173.946486
-225.118796,51,5174.469132
-98.103527,33,5174.679411
-118.120517,52,5174.926537
51.72831,23,5175.031636
-28.865001,21,5175.123028
-16.169369,19,5175.20359
-61.445714,28,5175.32425
-19.054865,19,5175.411083
-129.203319,20,5175.491403
-190.316929,77,5175.831948
-16.23912,34,5175.983704
-588.365231,101,5176.431955
-19.169065,20,5182.815819
-139.086703,21,5182.943559
-134.848541,43,5183.140098
-18.559655,20,5183.224717
171.291678,22,5183.321699
-20.549276,19,5183.404719
-250.478131,37,5183.566688
-118.916426,34,5183.711731
20.69013,30,5183.834719
144.686078,25,5183.941187
-177.858598,42,5184.120628
-28.107038,20,5184.212697
-231.860913,37,5184.364447
-27.907094,20,5184.458063
-259.237221,42,5184.640524
-86.089598,28,5184.763243
-133.375211,37,5184.92372
-129.57977,37,5185.087809
-215.165615,51,5185.309311
-134.918923,51,5185.530301
-23.829443,19,5185.609592
-120.977263,21,5185.698728
-18.113518,19,5185.779734
-23.491896,19,5185.864947
-72.854951,28,5185.98127
-111.445868,33,5186.114552
-151.331816,38,5186.280953
-80.253627,30,5186.412392
-153.150093,24,5186.520125
-134.249173,37,5186.67393
-21.717835,20,5186.757035
178.911058,22,5186.854807
-246.266859,37,5187.010923
-161.597073,37,5187.166152
-7.443975,18,5187.248358
-193.003219,46,5187.447824
-154.430298,39,5187.612779
174.48147,20,5187.69775
-121.267357,21,5187.785047
-24.219858,19,5187.864354
27.438016,27,5188.226256
-16.097542,19,5188.576605
-51.875423,25,5188.942317
-27.283769,20,5189.061242
-193.429011,35,5189.240791
56.541195,25,5189.774264
-29.195556,21,5189.974314
-129.371839,40,5190.218761
-39.229802,22,5190.330497
-23.158277,20,5190.430154
-130.52339,21,5190.542715
-19.249068,21,5190.66486
-173.757971,28,5190.803447
-66.851156,28,5190.997077
-24.436321,19,5191.188797
30.334244,28,5191.456388
75.929485,20,5191.612818
-33.332483,21,5191.720317
-25.075829,19,5191.799875
-163.48715,27,5191.927696
-32.900772,22,5192.023684
-153.624203,25,5192.133514
-158.988216,25,5192.257003
-37.152574,22,5192.358287
-36.757268,50,5192.566857
-204.532461,57,5192.819292
-139.473114,37,5192.983381
-116.019369,19,5193.138042
-23.87638,21,5193.244544
53.779843,45,5193.468036
21.860649,29,5193.654934
74.006244,20,5193.993272
-81.077664,31,5202.580954
-14.05359,19,5202.699
-240.49914,37,5202.881233
-136.520932,24,5202.987815
72.812898,22,5203.080671
63.619506,23,5203.184148
-147.858415,26,5203.29402
296.816285,20,5203.385064
-249.751494,37,5203.545995
-131.544336,20,5203.630052
-26.903315,20,5203.713398
-41.124382,24,5203.818574
-127.218532,19,5203.895942
-148.1927,40,5204.064674
195.013601,20,5204.153659
-66.818825,28,5204.27827
-17.532849,20,5204.359126
-175.371517,41,5204.532459
-28.239777,20,5204.625062
-145.87017,37,5204.782188
-39.038099,23,5204.882638
-23.455633,21,5204.971785
-121.123165,19,5205.048754
-244.904474,36,5205.202748
-242.012631,37,5205.358773
-51.379038,26,5205.486632
-161.078657,26,5205.635981
-89.092472,31,5205.777392
-488.519199,88,5206.170695
-191.429154,29,5206.302436
-130.089538,20,5206.387173
-163.355415,26,5206.494398
-56.376261,24,5206.595538
-14.128936,19,5206.681531
-161.461489,41,5207.181128
-126.665094,19,5207.269266
-263.0698,41,5207.460666
-30.591287,20,5207.544065
41.269543,26,5207.659514
-458.950312,73,5207.983622
-21.605572,19,5208.061403
-138.278193,23,5208.16275
-24.77766,35,5208.314611
-16.325525,33,5208.464524
33.555684,29,5208.590671
70.245109,21,5208.681443
-26.356981,35,5208.828881
58.298326,23,5208.925006
-75.713341,28,5209.045194
-81.606059,30,5209.184667
-126.048804,20,5209.266893
60.340121,23,5209.386249
-40.861602,24,5209.544961
79.742437,20,5209.640841
-73.353927,41,5209.817911
-227.542396,48,5210.017531
-135.901976,22,5210.116938
-234.88172,37,5210.280622
-65.175924,27,5210.39398
-242.784157,37,5210.553628
-123.631665,19,5210.640063
-55.646318,24,5210.742673
197.576625,22,5210.845096
-38.178165,23,5210.943114
-85.788285,56,5211.190509
-0.845025,32,5211.327322
-30.390195,21,5211.414556
-238.430535,37,5211.597886
-24.942205,21,5211.703731
-52.977328,43,5211.93094
89.01374,20,5212.022575
-100.339475,45,5219.073208
-219.516764,33,5219.212561
-128.15033,19,5219.29117
-161.74248,27,5219.407246
-30.383199,21,5219.500161
-124.231715,22,5219.593861
-17.406842,19,5219.671482
77.185436,20,5219.755449
35.645759,28,5219.987259
-125.937889,19,5220.091352
-96.344167,31,5220.232142
-37.002353,22,5220.326838
-76.028678,30,5220.457345
-120.425225,18,5220.53509
-155.60073,37,5220.705232
-114.543256,19,5220.782263
-118.801895,18,5220.864903
-85.366569,29,5220.987424
-217.343373,33,5221.125564
-253.855686,88,5221.515486
-125.648683,20,5221.601618
-151.822493,39,5221.766632
-152.467525,37,5221.92239
-24.11251,19,5221.999243
-176.511723,28,5222.113936
-23.075881,20,5222.20025
-52.434402,25,5222.324937
-23.379911,19,5222.402771
-171.254977,29,5222.521734
-227.906587,31,5222.65557
-34.906566,22,5222.750203
-56.549412,24,5222.855207
-38.130417,23,5222.962242
-22.294597,21,5223.048477
71.59318,21,5223.142145
-61.546517,27,5223.259837
-142.189987,37,5223.415789
-174.661035,31,5223.549691
-7.397293,18,5223.624164
-133.487111,35,5223.775673
-16.452859,19,5223.866802
-16.223007,19,5223.952239
-245.191832,37,5224.84747
-46.703682,25,5225.089539
-169.945487,42,5225.312248
-53.182479,24,5225.51041
-65.887466,28,5225.695285
158.047818,24,5225.934371
-248.460621,37,5226.304248
-249.529795,37,5226.688384
-233.433325,37,5226.993502
71.445918,21,5227.177034
-278.400284,43,5227.892948
-59.667827,27,5228.155997
-222.710193,39,5228.38483
-283.848177,39,5228.59047
-74.299227,28,5228.733226
-124.851874,19,5228.81621
12.946709,28,5228.937298
-31.595381,21,5229.033325
-104.142213,54,5229.267187
-149.841158,37,5229.43896
-136.820724,36,5229.610367
-27.044294,20,5229.694072
-62.617319,26,5229.807092
-227.118751,35,5229.956622
-191.540194,76,5230.301552
70.022462,24,5230.417031
73.737671,20,5230.514641
-152.153735,24,5237.810411
-147.63109,39,5238.057681
-29.033867,20,5238.148567
-123.360892,19,5238.230919
-64.27247,85,5238.587808
-59.311874,40,5238.763266
-468.348959,101,5239.195106
-204.794261,34,5239.334053
-124.304685,21,5239.425307
-135.92099,37,5239.588933
-246.118217,36,5239.740272
168.129261,21,5239.828777
-16.400379,19,5239.907008
-28.350649,20,5239.993736
41.426874,26,5240.107203
-93.281749,33,5240.245868
-145.631696,25,5240.350864
261.624357,23,5240.45932
-130.258995,22,5240.549361
-124.868075,37,5240.69997
-26.384393,20,5240.789431
-77.236226,29,5240.918324
-56.08256,26,5241.02672
165.130536,30,5241.159408
-131.008412,20,5241.251004
-60.064595,28,5241.376462
-180.030048,30,5241.502898
-29.473876,21,5241.593389
-133.222503,20,5241.680406
57.400256,24,5241.788531
-59.994151,26,5241.904664
-39.714054,23,5241.999726
-78.738611,29,5242.569535
-87.861139,31,5242.751194
-130.825038,36,5242.910191
-30.154517,22,5243.006621
164.472745,22,5243.104972
56.833993,23,5243.20684
-124.86985,19,5243.289692
-35.464072,21,5243.382057
73.061171,20,5243.468975
-23.375011,20,5243.558313
-12.550534,18,5243.630639
-128.632253,19,5243.707441
56.936795,22,5243.800997
-47.349425,23,5243.896243
-49.673175,24,5244.10254
-33.748878,22,5244.195813
-30.134222,20,5244.272457
-130.93713,20,5244.35459
-131.613547,20,5244.439047
-57.524182,37,5244.595359
-170.735185,48,5244.816747
-237.11724,37,5244.984926
-25.040598,20,5245.068726
-157.480349,26,5245.181936
-126.175023,19,5245.262184
-62.50788,27,5245.374764
-152.223055,37,5245.531086
-38.512225,37,5245.688262
186.215332,20,5245.773012
-211.220555,69,5246.073101
-170.100422,28,5246.191659
-24.970801,34,5246.338681
-238.177758,101,5246.772771
-99.287874,34,5246.914298
-48.692906,24,5247.024568
101.147215,42,5247.204932
-127.425654,50,5255.950277
-19.048103,20,5256.044798
-252.726569,54,5256.280302
181.047513,21,5256.379825
-166.188127,29,5256.505728
69.595243,21,5256.598132
-216.03355,86,5257.093253
-39.688769,23,5257.567895
-675.525053,101,5258.02055
-281.192335,50,5258.245266
-127.682069,20,5258.331843
-157.851141,41,5258.502521
-160.389541,25,5258.611053
-26.600211,20,5258.701079
-135.649755,36,5258.854741
-24.704414,20,5258.939377
-82.648818,30,5259.066026
-239.950436,37,5259.224506
-256.095331,37,5259.391343
45.63055,26,5259.50203
-336.788906,48,5259.707765
-151.726926,26,5259.818357
-33.666525,22,5259.909744
-245.8111,35,5260.063973
-80.306265,29,5260.186217
-125.218035,21,5260.276151
-25.33388,20,5260.360928
-31.697757,21,5260.451037
-27.379319,20,5260.536215
-37.292771,24,5260.654579
-142.128889,37,5260.815201
-266.649404,37,5260.981768
-131.677011,20,5261.070954
-26.832819,20,5261.162249
-619.545836,90,5261.547862
-26.887466,20,5261.628456
-130.63091,21,5261.719077
-21.354204,21,5261.812113
-130.019979,20,5261.901088
-259.739097,52,5262.119312
206.78266,21,5262.208869
71.08031,20,5262.304112
73.871665,20,5262.391851
-115.314579,19,5262.471269
-389.857907,101,5263.527164
-29.314557,20,5263.621419
-33.751777,21,5263.712734
-51.184027,23,5263.810266
-29.758404,20,5263.889885
49.929397,25,5263.99405
-138.277016,21,5264.086486
66.097834,22,5264.179668
-14.660186,19,5264.259839
-136.14911,36,5264.409026
-27.186797,20,5264.490795
-25.349004,20,5264.574042
-91.771603,34,5264.714855
-131.24599,20,5264.808428
54.437697,24,5264.92262
-129.083886,19,5265.013292
-130.010594,21,5265.105677
-106.711089,33,5265.241098
-243.972404,37,5265.404017
-152.644836,39,5265.576291
-120.41686,18,5265.649653
-50.87625,23,5265.747963
-143.194334,24,5274.769088
-27.548872,21,5274.908213
-137.13458,23,5275.042488
-565.624061,101,5275.485748
-144.598811,22,5275.584936
-29.177081,20,5275.667212
-132.035592,20,5275.753423
-20.863587,21,5275.842281
-257.119952,39,5276.010123
-159.183743,39,5276.177062
-43.205057,24,5276.411386
-134.355909,22,5276.509181
-28.93578,21,5276.604559
-31.16898,22,5276.698494
143.653507,26,5276.808079
-117.056683,35,5276.963647
-143.605521,24,5277.065553
-291.34579,44,5277.247506
-40.61537,24,5277.351622
-57.496736,24,5277.458138
-151.810828,24,5277.56926
-30.511997,23,5277.667329
-14.517499,19,5277.745105
-20.542674,20,5277.837456
-94.652715,100,5278.265129
-80.419818,32,5278.404976
-137.704776,37,5278.558372
-150.554128,26,5278.675739
-15.473658,19,5278.759372
-177.17434,28,5278.878678
-141.944648,26,5278.991368
186.46428,20,5279.076633
-232.277865,35,5279.229549
238.910875,28,5279.359966
-237.595198,50,5279.580502
44.892442,24,5279.688656
-127.481976,38,5279.84906
85.367098,38,5280.014307
-238.251927,36,5280.168047
42.343701,27,5280.282574
-242.958519,37,5280.479574
-51.076916,25,5280.632263
-25.150588,67,5280.938048
-119.730286,34,5282.604539
-138.431637,37,5283.234115
-660.916348,101,5284.552105
-195.057917,35,5285.116474
-21.686402,34,5285.613447
-31.905808,23,5286.003724
-31.911306,21,5286.527855
-53.974239,25,5287.138742
-339.155522,79,5288.441567
-79.270695,31,5288.708526
-124.509711,19,5288.812399
-258.219015,37,5289.018398
-98.837708,34,5289.166448
-43.449115,24,5289.287392
-452.012911,73,5289.950411
-121.090794,18,5290.109521
-261.148875,37,5290.593996
-128.471849,22,5290.91596
18.150104,28,5299.17181
-21.074357,20,5299.286414
-52.375206,27,5299.418317
140.106039,25,5299.52993
78.417623,20,5299.621872
-143.599349,37,5299.832425
56.303579,22,5299.93552
-120.553406,39,5300.121643
79.302595,23,5300.239225
-17.16063,20,5300.823058
182.474662,23,5300.999881
57.217598,24,5301.11586
-28.188666,20,5301.2183
-118.794782,33,5301.362782
-33.292511,22,5301.481286
54.489269,25,5301.604697
-25.235838,20,5301.699966
0.44936,32,5301.853497
-55.063754,26,5301.976348
-143.810663,37,5302.124555
-252.068652,40,5302.300736
-515.656096,101,5302.767128
-27.788302,20,5302.850967
-25.362798,20,5302.939505
-140.43833,24,5303.044843
-585.412332,95,5303.450847
-212.32516,45,5303.634745
-199.581983,32,5303.784063
-27.272816,20,5303.868274
-130.326438,21,5303.955463
-158.890597,26,5304.06625
-27.915287,20,5304.155803
-270.832239,94,5304.69309
-288.778557,44,5304.880382
-30.506571,20,5304.96546
-142.581996,37,5305.116062
-127.350258,20,5305.204883
-281.525721,42,5305.390265
-20.67145,20,5305.481311
-335.510163,50,5305.704728
-286.185818,43,5305.890489
-293.791159,40,5306.058556
-200.309879,32,5306.313094
-168.056706,40,5306.493074
72.501138,22,5306.592615
-136.537736,37,5306.761516
-244.258568,37,5306.91728
-78.738356,31,5307.061562
-29.381255,20,5307.146117
-66.830993,40,5307.332645
-35.888023,23,5307.429008
-23.920047,19,5307.510872
-227.904299,43,5307.695763
48.656874,25,5307.804499
-144.434783,38,5307.966115
-332.121919,61,5308.23366
118.069706,29,5308.365069
-126.976154,22,5308.457849
-313.260531,49,5308.662492
56.000617,23,5308.759482
-257.26899,37,5308.91411
359.809629,23,5309.005713
63.473932,22,5321.452537
-44.171062,23,5321.600783
-243.743814,37,5321.781544
-127.178373,21,5321.870953
-25.668992,20,5321.960585
-290.678713,49,5322.190828
-124.527744,20,5322.292265
-235.577198,36,5322.474215
-24.218523,19,5322.571779
-75.085113,29,5322.696668
-614.992328,101,5323.128672
-233.046424,37,5323.289112
-154.430762,25,5323.402444
-36.741485,37,5323.562525
-23.37722,19,5323.639684
-242.87611,37,5323.795241
-27.487672,35,5323.953116
74.688815,22,5324.050152
-113.275015,34,5324.192755
-669.863693,101,5324.614323
-51.463518,37,5324.773886
-271.620255,40,5324.95413
-44.746963,82,5325.306132
-33.860811,21,5325.411842
92.292708,38,5325.575624
147.532798,29,5325.699591
-18.836079,20,5325.784468
-184.358534,32,5325.924555
-141.686308,38,5326.08985
-29.776885,20,5326.176117
-117.295463,34,5326.320358
-118.622293,18,5326.401794
-274.353594,42,5326.587199
-132.108562,20,5326.682726
-124.444495,21,5326.773051
-28.718002,20,5326.855799
264.567849,22,5326.941085
-71.263072,28,5327.059926
-22.029675,20,5327.148426
-79.832462,49,5327.359026
-80.794897,29,5327.481603
-28.463468,21,5327.568342
-185.629634,30,5327.695047
-129.102317,19,5327.776987
-137.146937,22,5327.875203
-23.122387,20,5327.956947
-120.201068,35,5328.099297
-28.26035,21,5328.188922
-133.443805,20,5328.27383
-41.379108,38,5328.432942
-122.610591,38,5328.592313
-250.915611,37,5328.743849
75.125536,20,5328.827259
-37.989995,23,5328.933719
-43.293335,24,5329.034185
-25.999785,19,5329.113018
-230.848553,37,5329.270594
-18.349778,19,5329.356269
-111.667112,38,5329.548066
-156.811409,26,5329.674395
-129.84094,20,5329.773035
73.362051,20,5329.861015
-138.121223,37,5330.020788
-196.17951,29,5330.141403
-220.732426,52,5330.404984
82.0685,41,5344.544615
-147.500853,37,5344.732237
5.734851,30,5344.859231
-260.927291,37,5345.029445
-84.840063,43,5345.261932
-176.179472,28,5345.393222
-178.894701,28,5345.522252
-92.868883,45,5345.725671
-201.202796,49,5345.958029
-211.584067,55,5346.250651
-368.931307,61,5346.666512
-34.125476,22,5346.772425
-210.5774,51,5346.998761
-26.290345,21,5347.093785
-125.309467,35,5347.253872
-40.671968,25,5347.366291
-45.788954,24,5347.473658
-126.378885,20,5347.556571
-84.592434,32,5347.696559
-30.772756,22,5347.796214
-162.471154,26,5347.918188
-142.43613,37,5348.088563
-118.654666,36,5348.249712
-316.264168,48,5348.487278
-24.207519,20,5348.582373
-58.733324,25,5348.871983
-112.142897,34,5349.21384
-146.142993,24,5349.345061
-71.733694,43,5349.595089
-39.314619,25,5349.777161
46.106328,24,5349.898478
14.627591,51,5350.14496
-126.036505,36,5350.29926
-75.713704,31,5350.43965
-151.028728,26,5350.550977
-140.290218,37,5350.71615
-248.17286,37,5350.876458
-48.032798,25,5350.987974
-158.978525,39,5351.157943
-235.386903,53,5351.430381
-130.409957,20,5351.523207
-23.455563,20,5351.622289
-534.994905,87,5352.103187
-148.241373,40,5352.931434
-50.343072,25,5353.240317
-136.65149,22,5353.545939
-282.719337,52,5355.663581
-131.242128,20,5355.998171
-28.177107,22,5356.51009
-15.585148,19,5356.780411
-33.519588,24,5357.164339
-303.535412,58,5359.325788
-26.608351,20,5359.97733
-241.2884,37,5360.994778
-268.486963,69,5361.790721
-22.824435,19,5361.915378
-56.78117,25,5362.082844
-54.920745,26,5362.233298
-47.702795,23,5362.394951
-16.14999,42,5362.60137
-161.781539,40,5373.2542
63.819331,43,5373.443684
-26.281564,20,5373.534491
-47.493621,24,5373.875444
-46.807441,38,5374.195286
-126.746122,21,5374.28179
-15.913199,32,5374.439162
-126.596869,19,5374.531591
-34.939894,22,5374.623132
-80.847009,28,5374.748921
93.784794,41,5374.937079
-160.539097,43,5375.12321
-221.900089,34,5375.275229
-16.391578,19,5375.357947
-45.669541,25,5375.466242
-30.577445,22,5375.555705
-234.144333,37,5375.807468
-21.057057,20,5375.916479
-23.223122,20,5376.025448
-163.84155,41,5376.226744
-133.375518,22,5376.33037
-256.590648,37,5376.50023
-43.124941,23,5376.594237
-5.187053,30,5376.737511
-125.76763,20,5376.835948
-28.998822,20,5376.93954
-32.688611,22,5377.042253
66.773536,22,5377.149146
-51.616702,24,5377.314657
-137.017854,37,5377.533489
-16.701504,19,5377.629047
-132.134326,20,5377.73453
-157.918411,43,5378.131925
-482.332582,101,5378.715483
-250.508758,41,5378.903218
-26.746465,20,5378.98929
-108.653474,33,5379.134115
-154.271344,37,5379.30776
47.517873,25,5379.42364
64.940461,22,5379.533714
-34.824514,23,5379.64907
-215.122385,49,5379.901891
-125.922015,22,5380.017707
-111.549937,18,5380.105323
28.818814,31,5380.246858
-123.119882,19,5380.336795
-147.099826,38,5380.553202
24.134444,29,5380.710783
-28.810076,21,5380.820304
-121.043918,21,5380.913082
-22.643193,20,5381.013079
-28.670902,20,5381.229984
-26.978972,20,5381.326689
-152.080946,25,5381.440354
-31.494251,21,5381.542982
-29.63664,20,5381.630245
64.373101,21,5381.731246
-48.33347,24,5381.856492
-236.826144,50,5382.087206
64.702584,21,5382.18332
-214.336504,53,5382.437964
-15.665545,19,5382.548106
123.026299,38,5382.742114
-93.762497,35,5382.91385
-35.085722,36,5383.096512
-133.702719,53,5383.348206
-221.665162,47,5383.553322
-174.729529,47,5383.770392
-24.620383,20,5399.522695
-236.655442,37,5399.771063
-122.955279,20,5399.879049
-37.467913,22,5399.989606
139.346865,34,5400.147883
-180.75531,43,5400.343342
-210.417958,48,5400.543158
-363.224866,57,5400.783325
-24.144531,20,5400.877356
-157.89322,40,5401.04514
-39.410794,24,5401.165541
-126.263727,19,5401.256931
-277.75344,43,5401.449495
65.180638,22,5401.540275
-47.215179,25,5401.655384
-18.939019,20,5401.752216
-3.899968,31,5402.115345
-210.781123,45,5402.428433
-191.270688,43,5402.711384
-170.147767,29,5403.713691
68.126444,21,5403.876771
12.803797,48,5404.187658
-38.240867,21,5404.308657
-23.902825,20,5404.411195
-180.240148,30,5404.566241
-129.882629,48,5404.849833
26.349348,28,5404.998122
-284.700798,44,5405.216206
-26.463925,20,5405.325302
-204.612811,32,5405.500351
-34.575938,22,5405.607016
111.894568,38,5405.799109
-343.990419,79,5406.229436
-144.916478,23,5406.341746
-356.083871,58,5406.636588
-221.686231,35,5406.806798
-177.515618,42,5407.044638
-130.183615,21,5407.145926
-220.325579,37,5407.332069
-40.577499,25,5407.454454
-118.047697,20,5407.560357
56.565715,24,5407.683955
-323.800056,60,5407.97926
-34.798141,22,5408.097647
-30.638993,21,5408.196061
-47.158894,25,5408.329426
-32.211986,21,5408.43371
20.363909,47,5408.671594
-146.333254,22,5408.794508
-31.696262,21,5408.895128
-116.146522,35,5409.076507
-156.306005,39,5409.26395
-265.134676,37,5409.424883
-253.333904,37,5409.591218
-240.70247,37,5409.752794
-38.486331,21,5409.844518
73.151129,20,5409.929783
-137.326994,26,5410.048912
70.631276,21,5410.13842
-217.76065,33,5410.28743
-28.856815,20,5410.377735
-236.030696,37,5410.541272
-7.908308,31,5410.684089
-154.692159,39,5410.8602
103.585055,27,5419.80096
-42.71766,40,5420.005562
193.093958,23,5420.100752
-235.79405,36,5420.257945
-57.011807,26,5420.372872
74.746639,20,5420.456581
-187.645607,30,5420.588146
-166.255663,28,5420.711019
-219.791578,36,5420.85941
68.618239,21,5420.948621
-206.868948,32,5421.086986
-155.313056,24,5421.192949
-250.337271,39,5421.367432
-238.554712,35,5421.51275
159.29942,35,5421.65557
-31.197186,22,5421.751063
-29.167594,20,5421.834598
22.345527,31,5421.966335
-126.335396,19,5422.153951
180.061501,22,5422.252612
25.345287,32,5422.417535
-177.472757,29,5422.54705
-114.934813,18,5422.626184
-284.642954,43,5422.813827
-24.054671,19,5422.897566
190.067589,36,5423.050103
-60.132941,27,5423.173566
-41.098689,38,5423.352384
33.692447,27,5423.462273
102.482762,49,5423.677244
-93.054245,32,5423.837777
-168.992938,41,5424.02114
-21.485121,20,5424.112779
-117.848627,19,5424.192387
-261.405792,37,5424.35925
-30.119162,21,5424.473529
-127.725408,21,5424.567846
-123.571078,19,5424.654842
-76.148007,29,5424.776727
141.359364,44,5424.974129
-129.10165,20,5425.059945
-123.516137,36,5425.213818
-61.40371,27,5425.337907
-65.564444,27,5425.452458
-150.569251,26,5425.565997
-122.23986,20,5425.655002
-249.107778,37,5425.813597
53.553166,25,5425.915008
-193.4879,31,5426.064395
-34.305987,24,5426.178575
-60.602002,40,5426.348137
-124.120451,19,5426.438394
-26.269926,20,5426.5243
-244.81592,37,5426.693551
-162.726447,25,5426.798416
-73.158303,29,5426.915461
-22.259694,20,5427.001702
-172.025178,27,5427.13135
-121.929936,20,5427.23291
-146.0959,23,5427.341953
-676.085841,101,5427.914325
290.658873,46,5428.198172
-253.315628,56,5429.137017
-310.440023,46,5429.629303
-248.127505,37,5430.114025
-130.115329,20,5430.386034
-195.050856,45,5440.321253
-97.807211,34,5440.555827
-111.357368,31,5440.701692
-290.770087,38,5440.873744
-42.241849,24,5440.998385
-156.266256,43,5441.206831
-20.94991,20,5441.299799
-148.238559,25,5441.419972
-23.642849,19,5441.511898
-29.425349,20,5441.606375
-186.430207,30,5441.745258
-2.802333,31,5441.886391
-291.495511,45,5442.09801
-33.619904,45,5442.305643
24.942519,29,5442.458925
-119.099033,36,5442.620288
-191.550257,30,5442.759237
-247.358625,38,5442.917989
-249.570974,42,5443.099783
-25.263502,19,5443.188944
46.985708,26,5443.300114
-106.255706,33,5443.436409
-12.976159,19,5443.517455
-118.768747,21,5443.607055
-25.778001,20,5443.69869
61.533704,23,5443.796531
172.145814,22,5443.886607
-260.190369,37,5444.044175
-124.458061,20,5444.146002
-34.652648,23,5444.246873
-262.746308,37,5444.407608
-258.653841,40,5444.580335
110.522056,29,5444.702577
-57.306561,37,5444.861276
-127.09106,19,5444.940927
-257.800977,37,5445.095497
-90.670634,29,5445.216506
-132.15202,39,5445.382399
-48.838334,25,5445.504564
-152.125434,26,5445.624618
-200.528675,55,5445.856236
-485.512154,101,5446.321967
-70.797793,29,5447.003926
191.445988,21,5447.121645
-295.990952,45,5447.315013
110.320828,36,5447.498865
-12.583802,34,5447.672313
-58.757265,27,5447.795109
59.554037,22,5447.888524
-20.249568,19,5447.970496
-25.309519,22,5448.062946
-132.102427,20,5448.145204
-141.119957,24,5448.395994
-29.287367,20,5448.488399
77.068391,21,5448.57555
-241.160725,37,5448.735862
-189.811533,29,5448.864438
70.83779,20,5448.951611
-108.73123,36,5449.112961
-266.306863,43,5449.316494
-95.364506,36,5449.512952
-136.14666,23,5449.634075
-46.162074,22,5449.738895
-150.744136,24,5449.854535
-64.203133,26,5449.996339
-113.498202,36,5450.164525
-31.640527,21,5450.256108
-49.30673,24,5450.356782
-225.493166,36,5460.897519
-157.503749,40,5461.101019
-115.045085,39,5461.272423
73.963821,20,5461.371464
-114.991819,19,5461.457137
-30.777573,21,5461.544736
-243.979106,37,5461.705071
-227.399934,37,5461.878218
64.126556,23,5461.979571
-207.034983,33,5462.123689
84.617016,19,5462.211024
-55.366542,26,5462.326786
82.774277,29,5462.449959
-22.886002,20,5462.539096
-292.730884,62,5462.811796
-138.278618,22,5462.902403
-10.325357,38,5463.070256
-28.064161,20,5463.162436
42.785716,27,5463.281402
-80.297904,29,5463.407331
65.318092,22,5463.842102
-254.290441,39,5464.114508
-253.043569,41,5464.303887
-28.984422,21,5464.395655
-114.611074,19,5464.485964
-147.964017,38,5464.649174
-24.174283,19,5464.729689
-45.938131,24,5464.834083
-161.154545,37,5464.994781
-54.050564,37,5465.148429
-168.136254,26,5465.257614
-127.631768,19,5465.344629
-25.059839,20,5465.434342
-65.626107,27,5465.549221
-117.697823,35,5465.703728
83.7105,20,5465.789644
-160.542536,27,5465.907789
-23.127201,20,5465.99075
-206.73241,31,5466.130609
-26.499257,37,5466.326439
-164.900159,40,5466.501714
-5.886041,18,5466.579474
-181.436688,44,5466.767753
-152.494854,38,5466.944792
-161.377282,25,5467.059613
-204.607516,44,5467.249544
71.574447,21,5467.332992
-260.45551,43,5467.516896
-128.81759,19,5467.596938
-84.157327,32,5467.741796
-147.280447,37,5467.90189
-180.104785,29,5468.03572
-308.457132,45,5468.227576
-678.437693,93,5468.623642
-36.370078,22,5468.718488
48.657783,25,5468.828167
-23.68483,19,5468.913796
-18.99865,19,5468.996295
-263.03242,40,5469.171037
-51.856355,26,5469.281344
-21.490677,20,5469.360757
-40.953336,24,5469.483118
-236.654002,37,5469.64165
-25.978284,19,5469.723764
-40.842942,22,5469.818324
165.47673,22,5469.909835
-128.518296,21,5469.995224
43.654539,27,5470.124033
-55.528442,27,5470.240939
16.437106,31,5476.544249
-184.818842,43,5476.759271
-56.231092,38,5476.960311
14.617735,29,5477.131139
-17.21116,19,5477.237939
-86.161817,28,5477.358333
-243.906495,37,5477.524848
-16.330387,19,5477.600867
-63.518224,27,5477.716133
-177.691993,44,5477.980509
-248.04891,38,5478.149861
-20.02765,19,5478.230996
198.022635,20,5478.316092
128.199602,31,5478.455083
-126.177856,19,5478.537511
-31.189501,21,5478.627806
-339.419337,53,5478.848074
-157.910464,26,5478.958443
2.987946,35,5479.126303
-198.601668,53,5479.353742
-306.163673,59,5479.762992
141.358141,25,5479.872744
-178.293537,45,5480.073414
-139.39538,64,5480.35604
71.758744,20,5481.026805
73.603325,20,5481.137692
-321.377435,47,5481.387328
-258.043151,39,5481.596509
-121.06305,38,5481.788612
-69.469807,29,5481.940387
-24.871514,35,5482.111955
-165.689107,28,5482.261136
-84.463012,31,5482.420855
-134.839099,40,5482.636609
-164.330739,40,5482.82621
-176.36189,41,5482.998865
-124.746166,22,5483.088421
41.967384,25,5483.197094
-248.58213,43,5483.383873
-180.402638,63,5483.666043
0.528203,32,5483.802748
-21.224952,19,5483.882925
-28.885558,20,5483.988553
-173.289701,30,5484.123707
-286.748422,43,5484.308774
-29.126114,20,5484.396949
-122.379493,21,5484.502387
-133.136131,21,5484.596907
66.494615,21,5484.693918
-139.314946,24,5484.800036
69.903199,38,5485.032063
61.661686,22,5485.187401
-77.390968,30,5485.426995
-25.789196,22,5485.601678
-245.966111,37,5486.32994
-244.347434,101,5489.065259
-133.636269,20,5489.646069
75.257147,20,5489.911453
-33.973226,41,5490.325428
-303.788778,99,5503.332288
23.760188,30,5503.529499
-29.011211,21,5503.635316
-46.066291,37,5503.806905
-176.65508,43,5504.116538
-354.925089,52,5504.390769
-43.486848,25,5504.507184
66.556819,22,5504.616349
-155.738533,43,5504.817662
-172.223905,43,5505.029424
-155.92442,37,5505.222322
-255.136246,38,5505.437592
-28.250957,21,5505.550725
-112.920919,35,5505.712503
67.427458,22,5505.813698
-129.976761,20,5505.907172
67.719709,21,5505.999465
-50.160466,26,5506.111787
-200.755481,30,5506.238241
-47.207292,22,5506.342625
24.435208,53,5506.571963
67.151606,22,5506.667051
-248.660286,37,5506.824498
-245.127237,37,5506.982356
-98.023649,35,5507.132407
-27.393503,21,5507.22969
-22.066777,19,5507.307351
-119.034486,35,5507.459003
-147.796755,23,5507.556445
-29.462326,20,5507.670996
103.155656,35,5507.826351
-80.693877,43,5508.021798
-19.676763,18,5508.099982
-28.230128,20,5508.181014
-122.492495,35,5508.32752
61.577312,23,5508.430344
-250.010706,54,5508.672534
-116.774395,38,5508.837898
48.689809,23,5508.939576
-183.162503,29,5509.067926
-22.592039,19,5509.148358
-25.522906,36,5509.310581
-127.650429,19,5509.407465
-174.413353,30,5509.621299
-211.348416,33,5509.80043
-63.653249,26,5509.911187
-8.893753,18,5509.988152
-192.294061,44,5510.215121
-79.407228,29,5510.350227
-195.984886,44,5510.538093
-130.707811,20,5510.628097
-55.098591,25,5510.754131
17.762741,29,5510.89669
-31.322069,20,5510.998008
-112.261107,35,5511.161953
193.681354,23,5511.277067
89.119168,36,5511.433705
-135.671864,23,5511.743136
-71.194977,31,5511.907599
-17.533189,19,5511.992194
-140.130251,38,5512.168629
-25.17759,19,5512.255974
119.821644,48,5512.481345
-33.918005,25,5512.595741
67.835951,21,5512.684176
-227.994438,38,5512.852903
67.571433,21,5512.935291
-49.922196,26,5513.047847
-47.812966,25,5513.15979
181.886706,23,5523.123265
-256.765581,42,5523.356546
-151.266901,37,5523.520003
66.530201,22,5523.616314
-259.682202,37,5523.766473
-36.618467,24,5523.859307
-23.584589,19,5523.942849
167.85361,24,5524.058404
-33.794798,22,5524.152871
-581.299968,101,5524.601101
-29.195488,20,5524.68921
-19.286839,33,5524.838489
-48.567142,26,5524.954192
-129.668187,20,5525.04305
-32.421917,20,5525.127558
16.657966,28,5525.246575
-190.512889,41,5525.424769
-26.199033,19,5525.511243
-27.759694,22,5525.603265
-191.534827,62,5525.881069
-29.839713,21,5525.977553
-245.75368,39,5526.153077
-196.061711,45,5526.349573
-141.810717,37,5526.511089
-253.158384,37,5526.68191
-127.989275,35,5526.828788
-193.117691,35,5526.98146
176.703698,21,5527.073134
-37.14696,37,5527.232247
-147.626851,23,5527.330113
25.060635,30,5527.457295
-61.122891,28,5527.580943
-317.674675,61,5527.86405
-82.041211,31,5527.990677
-32.165833,22,5528.086015
-146.035527,38,5528.244824
-29.085033,20,5528.327026
-240.625815,37,5528.481944
-39.430632,22,5528.576028
-81.028529,32,5528.719975
-373.211232,54,5528.955214
-7.900004,31,5529.083656
-229.825147,35,5529.233259
-122.93325,19,5529.313448
-16.010717,19,5529.393075
-44.409457,24,5529.494386
-29.206299,21,5529.583144
-134.674724,20,5529.671801
-223.102676,41,5529.855974
-21.408044,19,5529.933404
180.817026,26,5530.051132
4.556824,30,5530.188315
-391.786909,74,5530.509905
-286.783275,43,5530.693797
-533.372754,84,5531.051223
-237.777945,51,5531.271525
-235.825734,37,5531.440355
-172.713254,27,5531.563955
-25.997398,19,5531.643748
-135.035081,23,5531.744565
36.808261,28,5531.865075
-132.118405,20,5531.951388
-141.009712,24,5538.806767
54.063889,24,5538.960142
-131.018991,20,5539.068644
-293.980555,55,5539.309041
-29.482144,23,5539.406459
-23.982814,20,5539.495387
59.680069,23,5539.593005
-247.802818,37,5539.741453
-26.3701,21,5539.837686
-45.069397,25,5539.951083
143.398316,27,5540.069302
-265.20666,40,5540.260992
-203.74966,31,5540.398208
37.826078,27,5540.579733
-21.862083,19,5540.654957
152.190999,26,5540.767993
-185.605879,32,5540.908049
-117.528098,49,5541.124158
-157.564082,42,5541.313967
-131.696753,20,5541.3999
-262.354926,40,5541.578282
-28.818712,21,5541.667044
-73.667873,30,5541.794672
-43.156077,24,5541.89793
-260.430715,37,5542.056182
-62.295033,27,5542.170917
71.116165,20,5542.342154
-99.852519,36,5542.505362
-33.941249,39,5542.666263
-30.667935,22,5542.75918
-34.765242,21,5542.854934
-71.10183,30,5542.984382
-32.984474,21,5543.075363
-63.901218,27,5543.192739
-29.448287,22,5543.288239
73.390923,20,5543.375412
-124.139847,19,5543.457101
160.045373,26,5543.575136
-69.989724,29,5543.7009
78.255174,21,5543.787171
-10.504806,34,5543.931677
134.546952,29,5544.055355
73.056288,20,5544.140326
-25.102549,20,5544.225441
57.757947,23,5544.324015
-137.978998,35,5544.491185
54.527361,23,5544.591614
-85.494798,31,5544.742234
-132.387491,20,5544.830537
-122.978614,19,5544.909744
-189.958097,31,5545.043134
-139.916395,24,5545.146114
-126.455069,19,5545.230416
-490.080284,101,5545.681607
-34.213644,22,5545.778391
-22.339834,20,5545.872229
-46.171586,22,5545.975081
-29.026265,22,5546.077708
-132.173352,20,5546.16695
-27.036156,21,5546.258325
-78.055727,28,5546.398994
-257.473115,45,5546.592285
-156.14145,25,5546.705126
74.388189,22,5546.798332
-197.392425,31,5546.932612
-256.696674,40,5547.105783
73.603065,20,5547.191525
71.899313,21,5547.289059
-427.751921,76,5547.612656
-284.181233,54,5547.933342
68.973704,22,5548.066716
-53.258119,23,5558.144968
-23.117501,22,5558.294314
-161.877452,28,5558.421241
71.706821,20,5558.503848
-596.4732,82,5558.854419
-125.260613,19,5558.940386
108.466361,35,5559.09431
-318.759184,56,5559.599111
38.273127,28,5559.734975
-81.371454,32,5559.87036
48.096902,26,5559.986597
-12.349272,19,5560.069318
-22.070802,19,5560.146698
71.222393,21,5560.23748
-163.788385,40,5560.402801
-253.128814,39,5560.574954
-87.313624,31,5560.705399
69.85754,21,5560.79482
-18.14919,20,5560.878291
-66.679672,26,5560.992215
-137.786266,37,5561.152316
-131.894902,42,5561.32965
-114.292985,36,5561.483103
-30.934343,21,5561.569375
-171.051035,29,5561.693853
-76.497685,28,5561.812247
-279.839403,44,5562.008749
-31.014308,23,5562.100891
-23.215665,20,5562.185802
-30.147533,38,5562.356775
-22.662094,19,5562.440703
-126.197689,19,5562.517833
-21.536859,21,5562.610042
-134.201709,20,5562.698036
-137.476555,49,5562.912601
-30.559347,20,5563.001735
-45.707863,23,5563.096959
-30.482593,20,5563.185976
-41.395818,24,5563.295169
-235.209347,37,5563.454829
-74.232748,27,5563.567653
-27.394889,20,5563.651266
-27.99848,20,5563.740828
-127.147418,19,5563.826128
-25.161383,19,5563.902074
-82.564348,29,5564.029888
-65.393514,27,5564.150024
-125.915322,19,5564.2503
-37.462155,24,5564.354292
-106.352226,46,5564.550219
-184.293515,48,5564.749546
-55.509619,27,5564.860809
-116.358879,18,5564.933466
-414.673569,99,5565.360333
97.967508,37,5565.534899
-135.19092,20,5565.620003
19.705129,28,5565.739642
-477.635721,68,5566.046302
-133.600129,20,5566.130112
-255.612534,37,5566.29027
134.95926,29,5566.545922
-246.756148,38,5566.70567
-37.097757,24,5566.814295
-147.358956,26,5566.931561
-3.966983,33,5567.093724
-243.891339,37,5567.244386
-130.787754,20,5567.329342
-129.343408,20,5567.414462
-159.045514,43,5575.258092
-24.192969,20,5575.351516
-21.542261,19,5575.442704
-43.132421,23,5575.547919
-157.485749,43,5575.737277
-128.323393,19,5575.816721
175.632657,26,5575.932277
-849.416189,101,5576.370502
-101.49173,32,5576.513171
-161.162176,26,5576.619265
-137.985058,23,5576.723475
-31.697909,22,5576.816747
-25.835705,20,5576.901469
-214.348918,33,5577.056929
-28.27897,20,5577.486048
-28.407512,20,5577.692548
62.207542,22,5577.801539
-128.777578,19,5577.887632
264.310381,22,5577.983878
-183.512987,42,5578.18296
186.709568,26,5578.295245
-303.260958,60,5578.573456
-289.194372,40,5578.74816
-31.077509,20,5578.840011
-176.055918,29,5578.966182
62.561795,24,5579.077257
-38.219391,23,5579.183548
-328.990104,51,5579.405628
71.021384,21,5579.495552
-27.836433,20,5579.58441
-26.511604,20,5579.671244
-162.925591,27,5579.78544
-133.888033,20,5579.866929
36.11507,27,5579.987523
183.044663,28,5580.113542
46.904679,25,5580.238322
203.90255,21,5580.337078
-123.414992,19,5580.417264
-264.729463,37,5580.571378
-162.089241,40,5580.739023
-245.320903,36,5580.901382
-27.821322,20,5580.988258
-43.664973,26,5581.100691
-131.565779,20,5581.181512
-31.337117,22,5581.276944
-127.13798,20,5581.362048
-42.273365,24,5581.46462
-349.592568,51,5581.690088
-26.438844,20,5581.775624
-61.225374,28,5581.895866
-20.475708,19,5581.976667
-55.710259,26,5582.091928
-48.055154,26,5582.204534
-33.96535,22,5582.298092
69.046335,21,5582.387442
-25.354637,19,5582.467932
-134.848719,36,5582.621283
1.501131,35,5582.775748
140.442891,29,5582.900432
-39.683324,25,5583.007126
68.082352,21,5583.098657
-267.304625,37,5583.253875
-125.116022,19,5583.335059
-74.686997,29,5583.458516
-40.646697,22,5583.552294
-48.200577,25,5583.663939
-23.593703,19,5583.742873
49.02221,23,5583.833204
-202.338972,33,5583.972313
-40.53868,38,5584.138196
-261.124222,101,5590.649327
-186.120119,31,5590.829877
60.228974,25,5590.942182
-17.412216,20,5591.029746
-38.259439,23,5591.130811
118.095161,28,5591.251939
-148.833658,27,5591.368947
151.086424,27,5591.487168
73.269808,20,5591.574261
-140.51927,37,5591.739981
-29.447764,21,5591.830125
-19.671361,19,5591.910491
-61.898628,28,5592.030058
169.88147,30,5592.160962
43.000983,27,5592.281487
-177.455052,49,5592.489749
-27.300089,20,5592.575725
-244.379582,37,5593.072293
1.917628,38,5593.289252
-162.397878,26,5593.402786
-31.429555,21,5593.49092
132.445224,26,5593.609485
-94.118252,33,5593.752779
-158.238657,97,5594.162938
-117.18274,38,5594.33327
-86.18137,32,5594.462652
-43.207095,24,5594.573134
-25.489409,19,5594.661464
-22.601206,20,5594.880826
-158.033572,39,5595.052386
-172.287944,29,5595.176845
-624.971941,101,5595.623376
-64.46615,29,5595.748265
-188.308247,44,5595.930955
-341.013557,55,5596.18096
-119.97661,18,5596.408159
-40.794726,23,5596.658265
-173.295556,41,5596.863683
-29.470131,20,5596.95279
-30.906771,20,5597.038542
56.623512,25,5597.147953
-49.807522,28,5597.291246
-79.900897,29,5597.558064
-26.504817,20,5597.665341
69.2799,40,5597.8475
-141.83416,37,5598.007397
-148.26324,38,5598.17479
-93.460767,31,5598.306633
-186.455528,31,5598.438665
-15.233938,19,5598.516925
61.878338,54,5598.740758
84.685004,20,5598.823709
-68.098322,30,5598.963496
-112.04258,34,5599.122349
66.661001,36,5599.283909
69.703508,22,5599.375723
-23.968876,20,5599.4576
53.298234,23,5599.554935
88.630325,26,5599.670821
-127.449643,19,5599.755101
-24.137529,19,5599.837017
74.295566,20,5599.925044
-129.417038,20,5600.012885
-44.349654,24,5600.112216
-127.945938,19,5600.194986
-138.962322,43,5600.442561
-329.6306,51,5610.465407
-24.099071,19,5610.586117
-275.485638,42,5610.802649
-103.011793,33,5610.94975
-23.892168,21,5611.042009
-124.839828,19,5611.124701
-156.707942,37,5611.288596
-11.237275,31,5611.437811
-22.052197,19,5611.514527
-28.24121,20,5611.599122
114.028053,33,5611.733886
-131.53901,20,5611.821442
-37.10738,24,5611.924528
-186.864066,30,5612.057368
-171.031597,26,5612.167487
-20.973495,19,5612.247766
-32.745649,22,5612.345656
-288.043451,44,5612.54005
-128.337096,20,5612.636468
-239.267421,37,5612.81842
-246.302443,41,5612.997718
-23.477312,19,5613.075895
-534.807931,76,5613.564439
46.60578,25,5613.677533
-263.018057,37,5613.830222
-125.140841,19,5613.910316
-98.092335,32,5614.045226
-25.145398,20,5614.133572
-143.668449,24,5614.235545
-227.032696,33,5614.38002
-71.92544,29,5614.503979
-241.991781,37,5614.660678
-123.031613,20,5614.745096
266.922928,24,5614.851515
-55.07918,27,5614.985564
-29.695659,20,5615.074812
-42.330513,24,5615.177326
-121.09762,21,5615.276885
-271.685261,48,5615.495418
-22.751394,19,5615.576783
-222.978419,49,5615.787094
102.12286,37,5615.948208
-51.643384,25,5616.061824
-129.711575,35,5616.215653
-25.421018,19,5616.301719
-33.129321,22,5616.477519
-25.431395,19,5616.59721
-246.976185,38,5616.814935
-23.127742,19,5616.937295
-97.751846,35,5617.127239
-200.621812,31,5617.293018
-265.775138,40,5617.525017
49.491053,25,5617.768736
-371.293893,67,5618.126827
-258.129808,37,5618.312454
97.059828,37,5618.494573
-23.449599,19,5618.584768
-23.553316,19,5618.691822
-22.669668,20,5618.890023
-27.084024,22,5618.990564
-32.649491,22,5619.088514
-156.855002,41,5619.276218
-76.159641,31,5619.404735
-128.17115,20,5619.489043
-126.473604,19,5619.579269
166.134705,22,5619.681091
-609.705449,86,5620.274395
-132.508479,20,5620.392077
-287.571749,44,5620.587212
-31.658469,21,5635.930874
-31.97846,20,5636.072421
-22.024654,19,5636.1694
-126.703503,19,5636.255184
-400.557888,59,5636.557464
-121.808412,19,5636.64438
-303.590624,60,5636.936507
170.994088,42,5637.121582
41.057937,24,5637.232405
68.009559,21,5637.342309
64.697525,43,5637.547228
-205.760827,34,5637.720394
-29.496008,20,5637.831026
-136.492606,23,5637.932169
-127.311477,19,5638.018229
-273.009687,42,5638.229587
36.167594,25,5638.333061
66.167499,22,5638.421622
68.339125,21,5638.509846
67.512514,21,5638.604982
-126.784828,19,5638.686487
-28.344453,20,5638.777587
-304.547353,44,5638.977182
-323.704811,47,5639.19273
61.240292,23,5639.293287
72.036472,41,5639.465988
-131.292618,23,5639.575745
-130.237527,20,5639.661379
31.221006,28,5639.778537
92.824064,21,5639.881791
-170.11087,26,5639.997403
-124.634199,21,5640.092577
-88.11952,31,5640.221545
71.421825,20,5640.311026
-305.352619,45,5640.505958
-164.857335,25,5640.611455
-12.50254,36,5640.763915
-29.582726,21,5640.859106
199.092128,20,5640.947388
-89.571959,30,5641.076896
-36.523393,23,5641.173417
68.239659,21,5641.263196
-84.65384,29,5641.397814
-332.634769,49,5641.626464
-31.926413,23,5641.724679
-477.299075,67,5642.020151
-259.153306,40,5642.255918
153.932868,35,5642.426883
-30.847641,20,5642.52081
-164.290286,40,5642.734052
-119.486151,21,5642.842794
-186.120728,32,5643.009509
-17.375628,20,5643.11623
-56.585242,28,5643.264779
-239.551952,37,5643.916884
-389.428246,87,5644.456356
-123.174064,19,5644.566646
171.238951,27,5644.709383
-16.711047,19,5644.817513
-77.784622,33,5644.989404
-650.190713,101,5645.481693
-24.303671,20,5645.582516
-212.644956,33,5645.747211
-201.352062,46,5645.97931
-315.342114,47,5646.243756
-32.583114,23,5654.208513
-31.61465,21,5654.33336
-127.622678,20,5654.42902
-209.244189,33,5654.581743
-231.837627,35,5654.740079
-131.340128,22,5654.832054
161.10438,25,5654.947837
-39.560442,22,5655.051333
-75.446145,30,5655.185961
46.998724,25,5655.297884
70.20062,23,5655.394366
-142.358734,37,5655.560931
-163.09383,25,5655.66561
-16.363997,19,5655.745754
-215.795935,34,5655.888238
137.179585,25,5655.996212
-26.523529,19,5656.077259
-145.716042,37,5656.23532
-27.748436,20,5656.32065
-171.232118,26,5656.427955
-834.592472,101,5656.841028
-27.393494,20,5656.924761
-184.819051,29,5657.043052
-247.219307,37,5657.21543
-128.917862,19,5657.299601
-259.19666,37,5657.453977
-31.841797,23,5657.551335
-30.366548,21,5657.654073
155.728206,25,5657.996243
-155.407984,27,5658.297781
-32.040868,21,5658.425368
-120.760733,19,5658.564564
-50.137237,25,5658.884185
-164.167276,29,5659.213252
62.92112,24,5659.613911
-33.35255,36,5659.817845
-193.990472,31,5659.982941
-36.084021,21,5660.088714
-132.005493,20,5660.188698
-310.00206,67,5660.523464
-88.551842,33,5660.678686
-139.585148,37,5660.864403
-135.318354,23,5660.987091
118.14689,32,5661.191995
264.10331,23,5661.642443
-82.612734,29,5661.784825
65.299142,22,5661.888777
-141.875811,37,5662.066733
-123.750659,19,5662.146915
-102.14112,31,5662.283812
67.804354,21,5662.376446
-130.059319,21,5662.473227
-22.598091,19,5662.55169
-240.178308,37,5662.704704
-137.747761,37,5662.879238
182.287928,72,5663.197286
62.060213,23,5663.298361
-134.832089,20,5663.382067
-288.112851,53,5663.607712
-24.497376,19,5663.685526
-111.003665,33,5663.846446
-87.112834,30,5663.9715
65.882827,22,5664.071117
-127.804861,20,5664.166435
-36.222201,21,5664.259878
-206.731902,54,5664.513771
64.045889,22,5664.60762
-26.896766,20,5664.694855
-214.723972,53,5664.931625
-199.840285,49,5675.762915
-116.286547,32,5675.918073
-72.958852,28,5676.04511
-35.973173,22,5676.137665
51.876847,25,5676.241686
85.610358,19,5676.317249
-242.482475,37,5676.487915
-125.326776,19,5676.574668
-18.872066,20,5676.665315
68.296537,22,5676.760377
-31.037178,20,5676.850521
-49.145941,25,5676.963473
-123.271599,19,5677.043089
-101.158172,32,5677.178782
52.609636,24,5677.283187
73.703863,20,5677.363087
-165.095122,27,5677.480276
-103.505107,44,5677.672113
-36.633931,23,5677.771394
-32.474334,36,5677.941885
-247.586161,36,5678.103526
-24.218977,19,5678.186777
-174.68283,42,5678.72465
-353.489441,53,5678.961356
64.411787,22,5679.061163
-55.797655,26,5679.171312
-372.503643,55,5679.413764
-20.481145,19,5679.509128
-34.285257,23,5679.613059
160.686667,23,5679.724411
-69.413751,29,5679.849986
-50.020611,38,5680.025585
-43.925174,25,5680.141348
-218.532524,37,5680.302282
-84.517515,32,5680.44119
-37.079367,23,5680.541668
-110.597095,35,5680.699731
-31.805173,22,5680.791733
-34.742828,21,5680.874237
54.895342,24,5680.976794
-120.129275,33,5681.117412
-61.147434,37,5681.282918
69.345072,21,5681.371951
68.812721,22,5681.46664
-32.729493,22,5681.558458
-260.440935,37,5681.712504
50.227957,25,5681.826062
-51.327763,26,5681.936637
-133.895173,22,5682.031344
65.878667,22,5682.121139
-50.765877,26,5682.245728
57.37113,46,5682.457779
-70.627922,30,5682.593154
-57.224774,27,5682.706899
-26.159685,20,5682.801123
-17.547806,20,5682.889396
6.700745,30,5683.026676
-54.269887,27,5683.138448
-43.813562,36,5683.296364
13.438109,33,5683.435158
-30.551506,57,5683.67812
40.618364,26,5683.788903
-22.182023,19,5683.871393
-139.247352,37,5684.030515
-115.947601,20,5684.1145
53.33332,25,5684.21697
-28.231774,20,5684.307496
-81.808464,31,5684.43343
-254.141345,39,5684.603065
-22.571344,19,5684.682903
-237.942012,37,5684.848802
-24.895349,19,5685.057174
-131.110421,22,5692.509439
76.82847,20,5692.689509
-290.145406,45,5693.070141
34.760551,29,5693.307537
6.25035,32,5693.614008
-68.520756,28,5693.872753
75.672558,20,5694.043171
-43.255011,24,5694.857626
-56.285828,24,5695.137808
-43.599322,25,5695.258983
-26.639222,19,5695.340936
-498.491516,72,5695.650368
-39.353831,23,5695.752957
-68.724695,28,5695.869304
-128.267542,20,5695.953444
-34.832452,22,5696.048239
-82.769876,30,5696.180813
-22.542519,19,5696.265649
91.826134,18,5696.339338
-148.595482,40,5696.52506
-14.90603,19,5696.614862
-173.503421,29,5696.747948
-25.394198,19,5696.828905
-23.901939,19,5696.911815
-109.513249,35,5697.062004
-30.916563,22,5697.155504
-131.622546,20,5697.24985
-116.136113,33,5697.395131
-41.365648,22,5697.49345
-215.482055,34,5697.645544
-173.500772,41,5697.830817
-408.034764,78,5698.220029
-110.00223,35,5698.570936
-174.127267,30,5698.704705
-120.758152,33,5698.85056
-0.07673,33,5698.98775
182.158806,21,5699.172954
-133.066039,36,5699.362774
31.696434,28,5699.503219
3.481376,32,5699.641646
-139.030576,36,5699.799126
-20.590959,20,5699.884805
-132.023906,36,5700.038577
-136.317238,36,5700.213544
-29.18522,37,5700.371552
-50.55351,26,5700.479128
-2.438876,33,5700.616649
-29.286506,21,5700.703391
60.360276,22,5700.796851
-25.82787,19,5700.873672
-404.18659,80,5701.215174
-170.851786,41,5701.397558
-668.038991,101,5701.822682
-131.134493,20,5701.904484
63.742801,22,5701.997147
-134.70005,36,5702.147383
-229.132631,36,5702.300849
-16.417644,19,5702.382549
-211.058766,50,5702.596481
-27.19494,20,5702.682662
-26.892959,36,5702.85336
-146.500715,38,5703.016833
-452.13067,62,5703.276894
-119.851763,33,5709.75337
-12.050189,18,5709.86457
-91.086286,32,5710.042395
-346.620796,53,5710.269682
143.767035,28,5710.383742
-99.803391,31,5710.52096
-136.847711,40,5710.68614
-94.844524,31,5710.819077
-298.21122,45,5711.012533
-23.838043,19,5711.091235
-126.738513,19,5711.169531
-129.161355,20,5711.254478
-259.943972,37,5711.406022
191.934716,19,5711.487363
-90.238282,34,5712.013795
166.486324,23,5712.135083
-26.400625,20,5712.227879
-28.118052,20,5712.313584
-91.081001,31,5712.44396
-22.67157,19,5712.524642
56.866657,24,5712.632516
67.287397,22,5712.73145
-24.887523,20,5712.830138
-15.144564,19,5712.908789
-1.428131,32,5713.048788
-277.261749,44,5713.23372
-248.677708,37,5713.389698
-53.55249,25,5713.50056
-111.212803,36,5713.652503
-207.384303,32,5713.786063
-131.559094,20,5713.879486
-21.872054,19,5713.958435
45.001241,26,5714.075336
-19.570275,20,5714.157666
-81.917807,30,5714.287336
-128.893107,36,5714.439117
-58.286392,26,5714.558925
-36.858565,22,5714.654928
-22.438368,19,5714.740888
-25.761542,21,5714.933721
-21.931061,19,5715.012337
-20.306961,19,5715.101494
-22.780596,19,5715.186754
-71.864214,29,5715.316938
-347.321952,55,5715.570151
-163.443526,42,5715.749538
-123.221195,19,5715.830239
-58.536332,30,5715.955949
-387.887298,55,5716.191804
-131.085499,22,5716.280769
-146.497838,38,5716.437017
71.504389,20,5716.522
-17.272218,19,5716.607321
-145.14546,23,5716.697579
-23.805257,19,5716.779804
-72.23606,29,5716.901969
-129.19993,19,5716.982429
-159.347541,26,5717.092004
261.49728,23,5717.18939
-285.098044,45,5717.381212
62.023828,22,5717.48017
56.187932,40,5717.647243
-203.330579,32,5717.849236
-157.112726,25,5717.995993
-41.536543,25,5718.120358
59.661755,22,5718.210596
134.779791,27,5718.324527
179.038539,22,5718.418295
-403.52759,101,5718.846518
26.869948,40,5719.01394
-152.734176,39,5719.179073
-144.393022,37,5730.977705
83.463659,19,5731.068253
-471.251658,78,5731.423501
-14.69357,19,5731.508117
-33.927227,22,5731.606042
-14.739424,19,5731.68768
-58.432644,26,5731.808359
-73.319591,42,5732.001137
-276.39614,53,5732.243252
-131.33404,20,5732.333067
-21.278587,19,5732.410687
-37.761191,23,5732.511663
-252.31012,35,5732.664803
-243.969372,37,5732.821438
-14.410798,19,5732.902741
205.206293,21,5733.010921
-228.684484,37,5733.187194
176.857688,22,5733.283726
48.15241,25,5733.390662
-39.573962,22,5733.485246
73.296254,23,5733.581236
38.683229,27,5733.703084
-44.572969,24,5733.808064
-78.697536,29,5733.939327
-29.469106,20,5734.022218
67.084526,22,5734.112242
159.821588,25,5734.222521
-140.547496,38,5734.387086
-76.980301,30,5734.510739
-117.29567,69,5734.802728
-92.851551,32,5734.946886
-164.371776,27,5735.060264
-81.120329,44,5735.246086
-31.557501,23,5735.343969
-24.366427,20,5735.431668
-143.7898,38,5735.587171
-182.160362,29,5735.711452
-258.527864,71,5736.017079
-27.974874,21,5736.102552
70.826031,20,5736.191221
-211.446266,34,5736.34122
39.298801,26,5736.45007
-41.579569,35,5736.600766
63.94621,23,5736.706337
-26.595098,20,5736.798164
-165.840918,42,5736.983225
-19.925655,20,5737.063292
-28.405608,20,5737.148251
-22.263417,19,5737.230544
169.708164,21,5737.324831
203.391122,22,5737.420013
-53.542195,27,5737.53945
-17.429937,20,5737.630424
-50.239258,25,5737.733212
-50.615802,23,5737.834932
-125.41627,19,5737.911319
-248.441966,37,5738.067466
-14.84584,19,5738.149496
-239.369768,49,5738.363659
-35.610509,21,5738.454217
-541.721267,101,5738.884527
68.502329,21,5738.973191
-80.669495,30,5739.102303
-23.453371,19,5739.18249
-31.511842,22,5739.276949
-2.048326,36,5739.441084
-65.941694,27,5739.558825
-63.925762,28,5739.679817
-29.502636,20,5739.768465
-119.735254,20,5748.709777
4.783275,32,5748.91114
45.599785,24,5749.026198
-119.984298,19,5749.110164
-33.501087,40,5749.390295
-231.253611,36,5749.581803
-131.153014,20,5749.693935
-53.83925,25,5749.807692
-148.566998,37,5749.964392
-25.520506,20,5750.065872
124.95122,30,5750.203561
-344.859978,56,5750.446914
-58.697814,24,5750.547119
279.70396,21,5750.636283
-25.238397,21,5750.729637
-24.08711,19,5750.815062
-27.43432,21,5750.905148
-135.721825,37,5751.090951
-8.497487,18,5751.168092
-22.942671,36,5751.322625
-36.28142,22,5751.416606
-249.39666,39,5751.585993
-10.179285,35,5751.737528
-79.049861,31,5751.871342
-36.310338,23,5751.972032
190.893453,19,5752.053746
-27.602688,36,5752.210833
-243.87282,37,5752.364491
167.033079,24,5752.468905
-30.462372,21,5752.565119
-147.333733,25,5752.669524
-21.171191,20,5752.753453
-61.135604,27,5752.874562
165.112046,24,5752.9868
-233.284208,36,5753.154474
-301.048339,59,5753.419958
-122.704593,19,5753.509047
-81.771802,32,5753.646603
-32.831701,23,5753.742834
-123.967167,19,5753.820916
-28.07952,20,5753.90647
-20.438904,20,5753.992078
65.695424,22,5754.085537
45.085421,26,5754.198375
-25.322641,19,5754.275582
-256.646899,37,5754.434812
-184.889709,28,5754.551046
-24.05019,20,5754.655356
39.430822,27,5754.824072
-123.859148,18,5754.923688
-105.601589,32,5755.148499
-43.542556,24,5755.296499
46.765286,25,5755.47422
-58.961704,27,5755.659708
-127.886607,19,5755.800132
-114.739906,19,5756.091687
-127.296375,19,5756.259878
-47.131511,25,5756.476407
-0.30683,35,5756.766464
18.820546,31,5756.951638
-24.41178,35,5757.178556
-57.863726,26,5757.301526
-52.63322,43,5757.496577
-64.870853,28,5757.623166
-235.084464,37,5757.821147
-29.714279,20,5757.901125
-132.711402,21,5758.013127
72.62508,20,5758.09597
-141.433557,39,5758.268966
-30.874292,21,5758.360966
-105.152837,39,5758.539347
-128.5855,21,5758.627491
-34.203306,36,5758.780849
-176.484325,29,5758.898848
-24.805427,20,5758.991916
-58.696357,27,5767.087759
-358.593415,58,5767.381443
32.598741,27,5767.488371
-57.184142,27,5767.60564
-65.459649,25,5767.722345
-10.545616,33,5767.86536
36.258873,28,5767.991889
-25.485981,20,5768.072963
-28.702483,20,5768.156645
-260.067252,67,5768.434977
-67.368773,28,5768.566755
-22.347547,19,5768.640302
-156.799915,26,5768.750205
-170.466371,26,5768.857739
167.036685,23,5768.954758
-207.780932,33,5769.092473
-176.998303,30,5769.229821
-28.241129,20,5769.312016
73.03589,20,5769.392265
-42.754035,23,5769.494476
-4.442285,17,5769.563492
-274.274938,41,5769.742156
-124.385648,19,5769.820821
-76.312895,31,5769.950796
-32.800474,21,5770.045731
-33.436649,25,5770.157774
-681.667873,101,5770.600443
-42.93472,24,5770.703904
-107.596689,49,5770.922417
-204.164841,32,5771.066504
-24.825902,19,5771.148897
-124.485991,19,5771.240481
-48.05829,25,5771.349516
-42.287009,23,5771.447434
-46.09646,24,5771.552377
-24.983521,19,5771.636709
-42.736215,38,5771.79318
83.92857,21,5771.881779
-30.342745,20,5771.970272
-132.257381,20,5772.055506
-391.071139,58,5772.425057
-26.885714,20,5772.50489
-131.792726,35,5772.662867
43.532443,25,5772.775296
-149.113024,37,5772.937263
-96.915732,45,5773.142546
-126.679212,19,5773.223517
-173.490844,28,5773.351748
-35.086994,22,5773.446734
-98.492534,32,5773.587422
-125.528723,19,5773.666104
27.419445,28,5773.787936
63.834608,23,5773.883399
-448.643871,63,5774.155639
-206.635517,46,5774.358728
-12.315108,37,5774.533887
-145.456271,37,5774.70432
-59.500702,26,5774.829294
-218.858261,48,5775.038468
40.210286,27,5775.157865
-56.197699,25,5775.281849
-43.633457,23,5775.379834
-222.37936,75,5775.681408
-126.212989,19,5775.869418
-109.504925,36,5776.282782
-21.50113,19,5776.362777
-29.730229,22,5787.922803
-155.80967,28,5788.081876
71.619386,20,5788.176141
-14.617579,19,5788.262524
-167.197164,40,5788.428663
-258.738995,52,5788.645724
-207.307617,37,5788.797577
-123.132115,19,5788.879292
-40.703631,23,5788.980974
33.414668,28,5789.095455
-140.398005,23,5789.196202
-131.510263,36,5789.343149
-22.023094,34,5789.485534
-39.497098,23,5789.58166
-26.874581,20,5789.663725
-242.685341,37,5789.828144
-126.694481,20,5789.914915
-148.712086,25,5790.017903
-80.277549,42,5790.184373
60.818685,23,5790.278337
-18.787113,18,5790.353399
-123.633923,19,5790.435597
-51.222466,24,5790.536907
-22.568702,20,5790.62188
-361.481662,56,5790.865147
-266.464447,40,5791.034956
-132.635555,20,5791.120671
-15.930013,36,5791.278449
-165.540268,27,5791.386421
-68.308921,31,5791.514431
73.927628,20,5791.598343
15.067878,30,5791.728107
-251.314728,37,5791.890424
-138.273856,23,5791.994369
-130.924551,20,5792.078767
-176.473308,29,5792.204897
-25.067293,20,5792.295031
-17.464339,20,5792.382148
67.433339,35,5792.531567
168.845227,21,5792.614736
-59.320579,40,5792.785873
-239.213847,37,5792.948079
-212.810967,35,5793.1018
-223.861782,48,5793.313812
-17.725219,18,5793.388066
-155.060848,26,5793.493639
-708.153966,101,5793.927848
-132.204648,20,5794.009203
-25.083174,20,5794.0987
-21.410543,19,5794.178215
-38.017759,22,5794.27408
149.882074,24,5794.375602
-234.742633,37,5794.532012
-190.447095,44,5795.0577
-37.577301,23,5795.267252
-26.642527,20,5795.356607
-42.3235,23,5795.472128
190.711938,21,5795.598471
-88.978534,30,5795.731294
-25.737871,20,5795.818809
-30.090431,21,5795.916296
-234.450097,34,5796.058712
-441.395708,92,5796.463279
66.174755,22,5796.561316
74.335184,20,5796.64915
75.333705,20,5796.740301
-155.306626,24,5796.860508
-180.265626,31,5796.985744
-30.01486,20,5797.113621
-139.672606,35,5804.25841
-118.193617,18,5804.377831
-45.03184,25,5804.50947
-36.451127,22,5804.600169
-38.495172,24,5804.69976
-247.514911,37,5804.862476
-32.657507,23,5804.957881
-31.483298,21,5805.046497
-210.936697,34,5805.301586
29.584666,28,5805.41637
-37.309477,22,5805.508457
-124.453754,19,5805.592504
68.6952,21,5805.679967
-66.639002,27,5805.802494
-124.593872,19,5805.885139
-125.04797,20,5805.972849
244.458504,24,5806.070944
-144.018677,23,5806.168649
168.55218,21,5806.254679
-19.152261,20,5806.338817
-16.228975,21,5806.42509
-30.199872,20,5806.507149
189.32469,20,5806.58778
-172.332401,26,5806.698995
-247.097344,37,5806.863404
-173.319617,28,5806.991407
-541.870787,76,5807.313875
169.767189,21,5807.403097
-39.628961,21,5807.492562
-131.253753,20,5807.573605
-231.889596,35,5807.71378
-125.673167,21,5807.806981
-125.516126,36,5807.960597
-45.142557,24,5808.060227
-246.360404,39,5808.228582
65.406594,21,5808.311994
-228.766144,35,5808.45587
195.561827,23,5808.554175
-27.78875,20,5808.638864
-108.601867,18,5808.715229
-125.681496,19,5808.789167
-76.119155,30,5808.912204
42.537053,26,5809.029106
67.524077,25,5809.130875
-130.646118,20,5809.216675
-117.987717,18,5809.296304
-127.688439,19,5809.380755
-263.101231,64,5809.75017
72.211902,21,5809.846072
-21.563103,19,5809.93019
-41.010528,22,5810.026519
47.238212,25,5810.13686
-98.871078,33,5810.271699
-134.898421,23,5810.369966
-181.235699,28,5810.504623
67.955111,21,5810.624311
-144.561225,37,5810.938758
73.266483,20,5811.023451
-130.447147,36,5811.178987
-150.399114,25,5811.294183
168.229117,21,5811.38338
131.388531,26,5811.491112
-124.968093,19,5811.578716
-273.846637,40,5812.132466
-162.311792,27,5812.476892
-177.863828,42,5812.699452
-28.117301,21,5812.821101
75.268355,20,5812.944209
-130.60808,20,5813.074282
-42.858124,37,5813.350526
-25.560833,35,5813.712713
-49.02345,25,5813.870795
-51.448601,25,5814.092001
-44.773361,27,5814.373031
-42.607581,24,5814.512704
-437.653674,66,5814.899746
63.749424,22,5814.99495
-23.074908,22,5822.383915
-59.652369,26,5822.546852
-24.826369,19,5822.647648
-32.691754,22,5822.759606
-22.936105,19,5822.854242
-37.05735,22,5822.965706
-214.992128,33,5823.129127
-130.963968,20,5823.227282
163.917517,22,5823.337177
63.527148,22,5823.442677
-132.150196,20,5823.552686
-135.852124,23,5823.662248
-273.638084,47,5823.902377
-35.978563,22,5824.006209
-31.387827,21,5824.108421
-148.148501,27,5824.236535
-71.789822,27,5824.36734
-511.530585,75,5824.738797
157.210465,27,5824.870394
-144.85236,37,5825.0513
-121.82924,21,5825.140972
-132.147729,20,5825.23083
140.66048,25,5825.339955
-131.266966,20,5825.424391
-127.797908,19,5825.504908
203.74034,18,5825.583861
-162.920102,37,5825.741265
60.160517,23,5825.85079
-130.320737,20,5825.942896
-37.758666,24,5826.041321
-129.346631,35,5826.190409
10.243211,30,5826.322076
-178.794011,42,5826.497936
-52.699889,24,5826.591388
-30.981944,20,5826.67627
160.524417,22,5826.768909
-237.17199,35,5826.918618
-132.921637,20,5827.012997
-207.556862,32,5827.153726
54.357369,23,5827.249003
-18.714997,20,5827.330719
-34.362968,22,5827.432995
-49.728963,38,5827.603756
63.856807,22,5827.701752
-27.432456,21,5827.792791
-126.674495,19,5827.878099
-285.041415,101,5828.407255
-22.08089,19,5828.49693
-260.800359,37,5828.656938
-36.688107,23,5828.759365
73.32818,20,5829.007044
-179.49332,29,5829.391767
-33.216037,21,5829.50376
-281.417027,57,5829.763741
-21.892906,19,5829.848313
-76.379323,29,5829.975154
-44.219537,23,5830.078444
-164.919052,40,5830.26573
25.423772,80,5830.610614
61.707412,22,5830.709132
-22.712487,19,5830.793922
-36.500054,24,5830.899569
-129.452194,35,5831.053382
-53.602395,26,5831.162802
-36.397697,23,5831.262129
-57.243603,26,5831.37474
152.910047,36,5831.534099
65.079838,23,5831.634073
-56.699685,26,5831.744684
-197.556397,31,5831.889069
-24.436785,20,5831.983175
-247.801778,37,5842.271909
16.263021,30,5842.489525
-80.801462,29,5842.619028
-134.024911,22,5842.712695
41.28104,25,5842.828362
-220.435775,76,5843.156404
-379.285572,101,5843.580886
-62.065269,26,5843.692628
24.108993,41,5843.870378
-65.127027,28,5843.994968
64.751212,22,5844.090762
-137.615131,21,5844.179498
-21.445871,19,5844.259085
-15.228911,19,5844.336053
-29.721451,20,5844.424817
-117.638098,20,5844.52364
-35.960831,22,5844.623286
77.707513,20,5844.74808
-206.499333,33,5844.930188
-260.303422,37,5845.092023
-214.775582,33,5845.227591
-69.877258,29,5845.34937
-250.670907,37,5845.525318
76.297203,20,5845.608812
-30.167026,21,5845.69523
-102.934585,32,5845.831898
-180.990946,28,5845.948386
-320.891883,49,5846.171584
-11.044788,19,5846.252218
-574.224262,101,5846.673774
-6.457027,32,5847.221242
-49.574554,23,5847.358945
-124.955854,19,5847.438293
-140.957895,37,5847.601465
-132.504357,20,5847.681813
66.927432,22,5847.782238
-119.342408,18,5847.865891
-35.058566,22,5847.967612
43.860733,26,5848.088253
-43.214301,22,5848.19466
-38.950663,24,5848.303267
67.949447,22,5848.396496
73.271096,21,5848.489515
-126.880509,22,5848.592718
-163.553969,27,5848.704021
-33.983059,22,5848.795683
-46.338719,24,5848.895533
-26.081385,20,5848.984983
-228.541471,49,5849.197894
-172.269894,28,5849.317928
-144.171222,37,5849.474319
-136.916319,22,5849.568336
-301.086935,44,5849.759918
-32.151647,22,5849.856082
58.633645,23,5849.951458
-27.842891,20,5850.041164
-128.57759,20,5850.124753
-47.042119,24,5850.222024
23.809569,30,5850.351987
-124.775181,22,5850.443459
-259.958589,37,5850.600593
-130.203278,36,5850.755507
-34.684566,22,5850.849015
-49.151595,25,5850.956063
-18.788124,20,5851.039696
169.011788,21,5851.131659
-246.873623,37,5851.290885
80.850178,23,5851.393601
-103.315275,32,5851.52819
-44.159935,37,5851.691761
-13.892822,36,5858.416888
-166.368971,27,5858.728798
76.9966,23,5858.833039
-26.3554,21,5858.925387
-78.190626,42,5859.107689
-210.481679,34,5859.255325
73.085463,20,5859.341548
-29.374894,20,5859.423211
-14.355408,19,5859.504589
-134.378937,22,5859.60488
-23.613845,19,5859.684068
-216.601729,34,5859.820719
52.012834,25,5860.111016
-202.287788,50,5860.326595
-121.521632,18,5860.405232
18.953939,29,5860.536528
-22.44466,20,5860.628555
48.166758,45,5860.836157
-28.199518,20,5860.926782
-21.985704,19,5861.010573
-21.843999,19,5861.094142
180.567231,22,5861.191201
-195.404007,45,5861.392978
73.132978,21,5861.484135
-23.758377,20,5861.570613
-463.260092,101,5862.004424
-17.486093,19,5862.081907
193.237865,19,5862.160494
62.259121,23,5862.260666
-232.612176,34,5862.406683
-193.181985,43,5862.604317
-378.394696,54,5862.830535
-126.916668,20,5862.919121
-135.889514,23,5863.015413
54.257386,24,5863.118132
-29.079976,20,5863.209405
-141.40159,37,5863.364842
-127.461917,19,5863.437729
-19.644798,19,5863.518798
-85.433742,30,5863.646047
-23.120742,20,5863.731389
41.664431,27,5863.846269
-26.913198,35,5863.994355
-131.673483,20,5864.075183
-106.650661,34,5864.222163
20.363688,29,5864.343051
-130.183782,21,5864.430332
38.261001,28,5864.551744
-114.66667,18,5864.624448
-28.57809,20,5864.708691
-149.692771,37,5864.868013
52.559503,25,5864.973302
58.152393,42,5865.155348
65.53105,22,5865.257693
-58.865954,25,5865.360096
-55.562667,24,5865.467865
-31.356654,21,5865.552348
-126.705774,20,5865.634069
-121.65651,19,5865.712973
-33.777832,21,5865.801697
-214.888599,47,5866.112761
-24.325041,20,5866.293166
-70.179529,28,5866.591608
-247.498565,69,5867.233424
-204.723344,35,5867.653696
-45.114894,37,5867.953846
-91.48245,32,5868.264308
356.148397,24,5868.426714
272.248162,23,5868.572845
-129.034885,21,5868.716423
23.921536,65,5875.505903
-75.603814,28,5875.684609
-131.707649,22,5875.790335
-284.356717,42,5875.96427
-159.112391,65,5876.241239
169.302136,21,5876.338176
45.918569,27,5876.456267
-319.101515,51,5877.003249
-29.206734,20,5877.084256
-28.681434,20,5877.169802
40.771309,26,5877.279925
-30.661326,20,5877.367028
-24.052794,21,5877.455395
-220.719209,33,5877.603328
-63.694128,28,5877.720795
-180.287693,42,5877.898702
-24.457323,20,5877.984485
-241.80065,37,5878.142767
-31.484336,21,5878.23311
-121.81822,19,5878.32388
-122.95638,19,5878.402935
72.250937,20,5878.488617
-232.749147,35,5878.636416
-84.513164,30,5878.762759
-29.254885,21,5878.852203
-38.491707,36,5879.00675
-33.740519,22,5879.108722
-191.808794,50,5879.327706
-28.115478,21,5879.415641
-25.016269,19,5879.493171
-118.699857,20,5879.576848
-128.892679,22,5879.67241
-115.094145,33,5879.812038
55.956265,23,5879.91043
-31.352828,20,5879.996017
-23.920669,19,5880.086255
-206.948146,32,5880.227818
-272.054745,37,5880.382272
65.329568,21,5880.48188
65.209598,22,5880.583658
69.955695,24,5880.683542
9.629726,31,5880.816402
2.023772,33,5880.952247
32.88031,27,5881.070565
-235.59128,37,5881.226703
-253.186939,69,5881.536577
-76.942196,30,5881.666166
-35.849993,22,5881.75721
-56.184379,27,5881.962318
-251.30688,36,5882.114259
-20.570492,19,5882.199636
-512.118487,101,5882.645311
-37.732572,37,5882.804135
-165.735137,40,5882.980502
-153.109724,39,5883.14454
-81.686239,29,5883.271151
-29.355367,20,5883.359107
-21.29776,20,5883.450272
-22.954417,19,5883.527505
-13.956298,19,5883.604655
-228.764315,35,5883.753181
-124.388641,19,5883.830387
-131.161895,20,5883.917425
-111.973016,31,5884.051294
-30.24769,20,5884.133094
-31.08691,22,5884.232716
-43.157527,22,5884.32745
12.3055,30,5884.460691
44.465725,26,5884.572263
240.496806,25,5884.680596
-38.143112,22,5884.770914
-167.200865,27,5892.682467
-6.417844,33,5892.868779
69.969623,20,5892.960404
-89.482695,31,5893.08971
-105.035103,31,5893.218649
-173.101258,29,5893.342674
-32.671153,21,5893.439195
-39.454173,23,5893.541132
-190.028657,97,5893.958231
-42.248679,37,5895.056383
-72.643569,28,5895.202637
-26.03654,20,5895.297772
-36.916701,23,5895.417379
-148.722424,36,5895.597231
-101.074909,33,5895.761932
-255.039573,54,5896.039594
-51.330917,25,5896.169082
-137.386339,23,5896.284021
-115.487529,19,5896.368588
164.680286,23,5896.502537
69.999954,21,5896.614837
-59.163419,37,5896.782645
-33.763541,21,5896.87868
-144.963038,37,5897.236989
-17.472619,19,5897.331395
-245.684563,40,5897.508239
-68.671345,27,5897.623968
-33.344991,21,5897.708929
-128.600259,20,5897.800293
-122.270373,21,5897.89769
-32.163918,21,5897.992015
3.938891,31,5898.127307
74.137716,20,5898.218476
-43.295502,37,5898.376565
-55.731322,39,5898.552288
69.970861,20,5898.636563
-36.72868,22,5898.73442
-242.59199,48,5898.94371
-30.856916,35,5899.097788
-39.651663,23,5899.20192
105.88221,36,5899.371318
-210.34003,35,5899.528222
-237.811138,44,5899.709635
-31.065396,20,5899.791692
-210.12614,33,5899.930345
-30.956419,20,5900.014089
-8.25596,18,5900.095923
68.664383,22,5900.197676
-437.54314,81,5900.560392
-31.017527,20,5900.643982
-251.620517,40,5900.80902
58.651578,27,5900.921864
-143.580344,24,5901.020385
-139.07922,24,5901.123512
-21.20322,20,5901.206489
-24.489931,20,5901.290751
-163.84896,27,5901.41054
71.108931,20,5901.51736
-29.849819,20,5901.606067
-27.126359,20,5901.692716
69.721774,21,5901.783426
-38.069444,37,5901.937787
-289.093842,44,5902.116356
-344.110752,48,5902.323172
-47.117839,45,5902.516152
162.879324,23,5902.610654
-25.242141,19,5902.695585
-28.400674,20,5902.77997
-26.516584,20,5902.864861
-127.215879,40,5909.699131
22.568573,29,5909.849264
-22.23898,20,5909.932047
-132.953178,22,5910.02143
-150.057943,37,5910.1744
138.844974,28,5910.294645
-25.921855,20,5910.383963
-21.336676,19,5910.462689
-288.301416,56,5910.698108
-24.371791,20,5910.781908
-29.293686,21,5911.168272
-207.789362,32,5911.34821
-108.91814,33,5911.502554
-9.534808,18,5911.579809
-105.257581,32,5911.717627
-35.528096,22,5911.897434
57.126284,24,5912.000227
-26.164004,19,5912.080138
-124.646794,20,5912.165956
-117.017783,20,5912.251378
73.483855,20,5912.335695
-76.115738,28,5912.456271
-23.881794,20,5912.539244
-245.650753,37,5912.707743
-8.693014,18,5912.787746
67.709207,22,5912.886209
-234.951879,37,5913.04188
-119.797963,19,5913.120599
-210.305488,37,5913.284948
-62.696355,37,5913.443993
-30.251527,20,5913.527434
-179.055405,41,5913.710214
70.710835,21,5913.798903
-32.964293,22,5913.891581
-21.2638,19,5913.973901
-120.008731,20,5914.058237
-23.156223,19,5914.141747
64.238679,22,5914.231134
-41.011179,24,5914.328918
-79.833953,31,5914.456257
-40.8956,24,5914.557771
-472.927852,73,5914.863749
-124.551365,39,5915.035716
-238.419906,36,5915.193799
-246.7187,37,5915.345749
22.213925,30,5915.466678
72.697544,20,5915.548398
-308.082121,47,5915.746888
-259.459859,37,5915.908037
32.857483,27,5916.026641
203.060012,36,5916.183321
-23.394578,20,5916.271833
-169.868096,42,5916.46205
-166.607516,29,5916.590083
-222.257236,35,5916.744646
-44.052179,22,5916.839039
-24.763217,20,5916.926888
-65.573733,27,5917.039918
-46.178147,24,5917.137927
-45.441727,24,5917.242269
-63.588578,27,5917.358694
-27.252941,20,5917.444325
11.724006,29,5917.564112
-149.120303,27,5917.680525
-33.591599,22,5917.775471
-53.7609,25,5917.892124
-133.385634,20,5917.978456
-245.658133,44,5918.164654
-28.106552,20,5918.28046
-142.684682,37,5918.493358
-25.300965,20,5918.612439
-100.031576,45,5919.135834
-31.916135,20,5919.308627
-33.90592,21,5927.221073
10.512843,50,5927.492618
3.455651,30,5927.630503
-70.843524,28,5927.750255
-294.951818,56,5927.988828
-20.015354,20,5928.143107
-252.640505,37,5928.572759
-263.348213,37,5928.74092
-42.359794,24,5928.842629
-195.755554,32,5928.987314
-212.257788,33,5929.126039
11.732842,29,5929.249419
-160.534887,37,5929.447964
-136.334913,37,5929.625007
-41.410278,24,5929.733906
-246.438398,41,5929.908391
-115.543448,47,5930.116755
-73.200093,29,5930.246067
-257.863933,37,5930.414244
-26.636063,20,5930.501632
-25.10356,20,5930.586691
30.583249,28,5930.706926
-124.943446,21,5930.795108
-201.072521,37,5930.966336
64.781698,22,5931.062885
-53.193214,25,5931.166295
242.19002,29,5931.288793
161.127514,26,5931.400985
-172.100558,27,5931.520286
-129.23906,20,5931.608262
-64.414921,40,5931.787851
-32.685273,36,5931.936042
-256.807777,38,5932.104687
-68.943383,27,5932.217679
-27.93222,22,5932.31229
-20.926364,19,5932.397007
-263.884533,38,5932.572939
63.595952,22,5932.671057
-88.30682,31,5932.800221
-114.3008,46,5933.005841
-30.057341,21,5933.099058
58.680915,23,5933.193545
-124.12767,19,5933.274024
135.572953,37,5933.448965
-29.701642,21,5933.542879
-99.498817,31,5933.673194
-41.382786,23,5933.765975
-15.313588,19,5933.847765
-132.1887,20,5933.928727
-67.528906,29,5934.045913
-17.182902,34,5934.27387
-31.633454,21,5934.363693
-23.646085,19,5934.448172
-35.20648,22,5934.544739
-104.598762,52,5934.760623
-28.324986,21,5934.850425
43.080315,26,5934.957497
81.376448,19,5935.031011
-141.908561,24,5935.130828
71.688455,23,5935.226066
-118.412819,20,5935.31667
-135.80211,23,5935.417607
-199.241855,58,5935.663827
47.834649,25,5935.767036
-53.411176,25,5935.87729
96.799691,26,5935.997343
13.532729,31,5936.135567
61.003021,36,5936.289571
-27.390361,20,5936.375118
-69.479808,27,5936.493421
-22.39203,20,5936.580651
-29.98517,21,5947.894831
-168.635071,27,5948.052663
-375.032175,53,5948.277014
63.612034,22,5948.373838
-143.2316,22,5948.465051
-129.963932,20,5948.543947
-173.342418,28,5948.667472
-124.74087,19,5948.75442
66.377793,22,5948.848809
-253.640987,37,5949.033239
-26.597461,20,5949.120445
-27.972394,22,5949.215012
-20.084199,19,5949.296854
22.276006,30,5949.431559
-250.026153,37,5949.588016
44.812107,27,5949.707628
-576.374558,84,5950.073026
70.293622,21,5950.158976
-10.07294,18,5950.234123
54.017839,24,5950.339488
-138.855986,21,5950.433664
-31.201923,21,5950.528499
-78.636574,28,5950.644237
152.710025,28,5950.769747
-25.762846,20,5950.857509
-28.356573,20,5950.946591
-349.54169,56,5951.198575
72.972704,20,5951.280792
-159.43358,38,5951.440237
-317.132693,53,5951.665835
-30.7856,22,5951.75822
-150.263208,24,5951.86071
45.852367,27,5951.974015
-76.455828,29,5952.091959
-26.934337,21,5952.181972
-114.808369,19,5952.259919
-84.663229,29,5952.381468
-297.568178,46,5952.564796
-15.723945,19,5952.646086
-38.127962,36,5952.804289
-36.274243,36,5952.968973
-180.128405,30,5953.100587
-61.197546,27,5953.213599
-129.427542,20,5953.296001
-176.703649,28,5953.413999
-175.404324,41,5953.591852
-166.57906,42,5953.780649
4.317047,31,5953.908411
-126.101303,19,5953.987205
-29.549321,36,5954.140993
-55.76205,28,5954.262834
56.476426,24,5954.366581
14.076907,28,5954.492106
-129.657161,35,5954.76791
-118.454164,37,5955.148045
-185.906678,29,5955.737966
-26.894304,20,5955.859459
-29.482516,20,5955.960814
59.420144,25,5956.091647
-116.397888,20,5956.202858
-74.039127,28,5956.323599
-467.526119,68,5956.616344
37.621977,27,5956.732324
-188.479686,29,5956.861484
-27.524148,20,5956.952733
-189.492655,30,5957.098724
73.386459,20,5957.191444
65.654894,22,5957.295658
-354.852525,60,5957.623565
-28.985697,20,5957.705214
-217.58167,47,5964.864013
59.232522,25,5964.97406
-33.391525,22,5965.070315
-264.231836,37,5965.233676
-58.49399,26,5965.346938
-158.74919,40,5965.519492
-143.381578,40,5965.685736
-26.364478,20,5965.77068
-185.045884,30,5965.896394
-127.382106,20,5965.983336
-43.784392,39,5966.156984
-66.88299,27,5966.270346
-242.428405,37,5966.428955
-23.076731,20,5966.512556
-146.626464,22,5966.606018
-32.741108,21,5966.691516
-22.830467,19,5966.771341
139.629087,47,5967.157197
-29.300683,20,5967.244805
51.406367,24,5967.354067
-124.572417,19,5967.435496
-181.981477,43,5967.619022
-424.930541,101,5968.05837
-133.959889,22,5968.150441
-167.809752,39,5968.323572
-199.528333,45,5968.527641
-42.822988,24,5968.629895
-29.73919,21,5968.717571
-70.532952,28,5968.840523
57.77585,23,5968.937833
-66.684993,27,5969.048974
-258.235751,37,5969.213117
-126.45733,36,5969.363745
-150.001676,26,5969.469227
-159.653428,27,5969.58872
-75.262785,43,5969.775513
-44.134201,24,5969.876879
-192.479373,31,5970.015536
-27.019711,20,5970.098121
61.72402,23,5970.196275
64.338157,22,5970.288977
-24.897603,19,5970.370523
-147.003356,37,5970.531637
-70.575313,28,5970.65133
-132.430922,21,5970.743941
-28.907249,20,5970.82597
-282.571756,43,5971.018033
65.83327,21,5971.107148
-268.646229,40,5971.280735
-250.518894,39,5971.437783
-282.511649,60,5971.69348
-203.855099,32,5971.833653
47.624127,24,5971.943683
87.918514,35,5972.090973
-257.371647,37,5972.260601
52.714226,24,5972.36507
-20.945323,19,5972.448918
-149.179467,23,5972.582436
-37.877983,23,5972.705897
-64.798863,27,5972.890592
-23.269771,19,5973.041506
-260.464572,37,5973.340643
-258.540163,42,5973.758233
-23.044859,19,5973.905961
-42.395601,24,5974.11086
63.24124,22,5974.258715
-40.549955,23,5974.430856
-190.216032,33,5981.923674
71.095974,21,5982.075853
-247.257765,37,5982.239723
-34.352475,21,5982.329076
-144.494346,39,5982.490236
-29.986149,20,5982.577446
-15.673977,19,5982.65576
-296.321816,43,5982.829662
34.571271,29,5982.956309
-22.01573,19,5983.037492
-75.578393,30,5983.161599
198.098651,22,5983.259498
-502.502323,101,5983.695094
72.520335,20,5983.781244
64.16059,22,5983.872437
182.014941,24,5983.974668
354.40889,24,5984.0792
-59.274871,28,5984.194462
-126.142931,20,5984.279186
-171.541428,44,5984.462555
64.721926,22,5984.561672
-20.511693,19,5984.643218
-252.187587,39,5984.814645
-121.591367,20,5984.907608
-126.963851,19,5984.993452
-640.164351,101,5985.434006
57.382623,22,5985.525758
-250.76429,38,5985.682929
-241.734221,40,5985.847885
42.723612,26,5985.959485
-37.144472,23,5986.058283
-25.698762,20,5986.147094
-623.413172,101,5986.569126
-21.643629,19,5986.645004
-203.468312,35,5986.793962
-21.131725,19,5986.872229
-118.226829,18,5986.949858
75.755927,20,5987.036967
66.990258,21,5987.130446
-49.907128,24,5987.238338
-250.418807,39,5987.402484
-124.322766,19,5987.482011
-148.411358,37,5987.643377
57.112445,24,5987.743272
-175.170479,29,5987.867649
-213.208047,39,5988.040172
51.763943,23,5988.135981
-32.526275,21,5988.223885
-53.335411,25,5988.334358
-249.25433,37,5988.49337
-29.848454,21,5988.583402
-524.771595,88,5989.12841
-126.252326,35,5989.278365
-119.66517,18,5989.358589
50.914633,23,5989.488796
-127.963436,20,5989.570568
39.941266,28,5989.688544
-27.78978,21,5989.856423
-126.496748,19,5989.938952
-189.411697,37,5990.099449
-29.979706,21,5990.189899
-95.597926,44,5990.380328
-60.395812,26,5990.494226
-131.834197,20,5990.577285
-71.890772,28,5990.704233
-53.959976,26,5990.817343
-126.989429,19,5990.897438
66.08193,22,5990.994367
-331.591198,49,6000.125078
55.961367,23,6000.231715
-123.843893,19,6000.314458
-260.143184,37,6000.472913
-129.455455,35,6000.624751
150.3319,23,6000.726339
54.960837,27,6000.848747
-13.676341,20,6000.937921
68.393908,21,6001.032166
-236.327944,41,6001.204243
-137.138289,21,6001.292499
175.717993,21,6001.385376
-124.625506,19,6001.470724
-141.792122,24,6001.574444
-31.702469,22,6001.666381
-142.686124,37,6001.826024
-199.055322,79,6002.158917
-31.39644,21,6002.25377
-76.280464,30,6002.383148
63.065059,22,6002.481302
-17.297938,19,6002.562938
-260.210146,39,6002.720447
72.373445,20,6002.802099
-276.607,37,6002.963041
-45.853724,23,6003.067131
-49.764644,40,6003.238996
-78.423273,57,6003.482368
60.803904,22,6003.579505
164.383976,22,6003.666601
-27.434687,20,6003.74908
-55.600227,26,6003.858672
-139.505458,23,6003.952986
-126.870991,19,6004.030925
-28.408171,20,6004.113645
-35.483597,22,6004.208977
-74.273206,32,6004.343372
-22.227723,19,6004.424302
62.213691,23,6004.52271
-126.553104,19,6004.603023
-208.983252,33,6004.754007
-322.295605,79,6005.198367
-183.05899,31,6005.715955
-381.184467,55,6005.999152
-33.613183,21,6006.101634
-25.605173,19,6006.200001
-10.719919,35,6006.367211
-14.342778,19,6006.453301
-451.941662,72,6006.77266
-103.755255,32,6006.918418
-31.657394,21,6007.008603
-24.092739,19,6007.087832
-49.63587,23,6007.193416
-257.623921,41,6007.415327
-49.644387,24,6007.547454
71.331774,20,6007.643309
-64.807648,28,6007.765753
-81.968718,43,6008.04463
-101.045717,36,6008.215272
-126.109609,19,6008.297551
49.732359,24,6008.400901
-36.284207,36,6008.548423
-38.369573,24,6008.653232
-35.093805,22,6008.750151
30.955057,27,6008.863081
-86.433788,42,6009.047647
-154.368706,25,6009.153064
-274.409701,43,6009.333848
-102.022313,32,6009.471379
-215.437981,47,6016.41356
-202.984432,31,6016.560143
-24.832709,19,6016.64283
-45.158307,23,6016.745748
-27.774709,20,6016.838191
175.060055,21,6016.935146
63.157917,22,6017.036673
137.132969,27,6017.154292
69.462604,22,6017.254269
-36.143326,21,6017.361102
51.858476,23,6017.46127
72.619998,21,6017.558754
-155.761295,38,6017.723146
-354.297934,52,6017.952641
-214.567862,32,6018.096668
-62.182968,37,6018.255655
-32.775368,22,6018.347859
-24.621663,22,6018.443025
-360.327037,50,6018.654471
-310.546451,44,6018.839449
34.391952,26,6018.951053
-133.918329,22,6019.16996
-192.521293,44,6019.369743
-247.598982,36,6019.52616
177.804547,21,6019.618372
162.754349,33,6019.767946
70.879484,21,6019.856368
-60.710578,37,6020.030791
27.251642,28,6020.150511
-29.606557,23,6020.245165
176.530873,21,6020.33717
-25.418962,20,6020.426648
-47.01467,23,6020.528569
285.744917,37,6020.685478
-135.246756,21,6020.778991
65.69363,22,6020.877807
-222.273688,68,6021.163286
-270.131818,40,6021.337153
71.254483,21,6021.427702
-441.063955,74,6021.750529
-142.95449,22,6021.847118
-249.367194,37,6022.005236
48.662341,25,6022.1123
54.442957,22,6022.206994
58.799235,23,6022.303292
-387.646685,66,6022.596092
48.27652,25,6022.702204
58.948455,24,6022.80495
-29.198268,21,6022.895369
-55.95313,26,6023.015476
-34.049839,23,6023.114228
-165.489811,27,6023.228904
-24.916557,20,6023.31148
150.093216,27,6023.436473
-213.457183,32,6023.584759
-227.81659,36,6023.731561
-262.380754,37,6023.889379
-115.561838,18,6023.967258
83.194358,20,6024.052391
-256.976542,52,6024.279113
-137.038181,37,6024.446569
-164.317929,26,6024.567789
-555.438844,90,6025.123623
-1.893097,33,6025.395357
-27.985429,21,6025.567076
-86.175195,32,6025.845127
3.632327,32,6033.893168
-25.677678,20,6034.005724
36.247172,28,6034.13426
-159.586381,36,6034.287166
-103.655361,35,6034.440648
-41.16489,22,6034.534284
-24.732344,20,6034.620733
194.522728,19,6034.701664
-60.874571,27,6034.81822
-118.42226,33,6034.961207
-23.084852,19,6035.040658
-112.685537,52,6035.270006
-153.643424,39,6035.443259
-241.667395,36,6035.600195
-20.535487,20,6035.681393
-307.873913,45,6035.874581
65.491816,21,6035.966179
-172.778723,28,6036.086338
-35.752805,22,6036.177225
-7.129738,33,6036.327345
-30.022229,20,6036.411891
-125.785575,19,6036.489918
63.79076,22,6036.580632
-34.274652,22,6036.675138
-55.602529,26,6036.782241
-38.900119,22,6036.876193
-21.503335,19,6036.959564
-183.221524,30,6037.089008
-37.160981,25,6037.19933
-69.144617,30,6037.328389
-192.325349,43,6037.512821
-48.861356,23,6037.618684
-119.531804,18,6037.693192
56.054045,22,6037.787426
46.916241,59,6038.065732
-66.433093,27,6038.184771
-32.636316,21,6038.273827
7.655286,31,6038.400699
-162.244033,28,6038.516879
-511.064462,101,6038.946303
164.163097,22,6039.040333
23.219893,31,6039.171244
18.042739,28,6039.285002
-253.755309,37,6039.445673
-19.986522,19,6039.527162
-570.289476,79,6039.859691
-27.828492,20,6039.942543
-262.273945,37,6040.108034
69.338389,22,6040.201646
-34.796292,23,6040.300896
-252.803844,37,6040.453421
-13.93327,19,6040.532575
-30.006118,22,6040.624489
-12.451587,19,6040.709459
-388.621867,59,6040.966881
-73.259779,29,6041.094751
-37.956752,23,6041.287665
-208.672954,33,6041.433869
-27.341016,22,6041.530791
-109.554723,36,6041.679845
130.794513,30,6041.810051
-56.514111,26,6041.926335
-65.796854,27,6042.04535
-123.906416,19,6042.126185
54.855739,24,6042.228001
71.071001,21,6042.322702
-268.641917,37,6042.483091
-30.660637,20,6042.567066
100.120586,36,6042.719617
70.322858,20,6053.963152
-33.987495,21,6054.128787
116.654521,31,6055.115308
-26.607815,20,6055.251982
62.16789,59,6055.574644
-9.098194,55,6055.855425
-21.562766,19,6055.940453
36.443666,28,6056.08134
-67.640524,25,6056.184859
-177.247044,29,6056.317589
-31.198342,21,6056.418444
-17.363233,37,6056.590071
-71.892269,29,6056.833541
-39.360499,23,6056.948616
71.500268,20,6057.08627
71.333675,21,6057.267326
43.70816,26,6057.416629
-29.606884,21,6057.522772
-389.989077,101,6058.004129
55.059683,24,6058.110868
-30.221038,21,6058.214874
-268.135279,42,6058.430416
-246.159352,37,6058.710877
-28.852961,20,6058.81589
-154.017367,40,6059.061382
-669.097478,99,6059.642574
-17.6651,35,6059.825545
189.189976,25,6059.939188
-231.893477,33,6060.108707
-105.029397,32,6060.248824
-161.483615,27,6060.363477
-88.66251,31,6060.514232
-33.956702,23,6060.618825
-30.856653,20,6060.808744
137.872158,25,6060.961038
78.856841,40,6061.301385
-100.055653,33,6061.481961
74.030271,20,6061.570677
-272.173509,40,6061.745197
-165.710174,37,6061.904255
-220.267077,33,6062.07184
-100.325047,33,6062.230855
-134.473853,24,6062.348758
-65.105271,28,6062.494739
-35.910245,41,6062.765183
73.381063,20,6062.865102
57.788793,24,6063.010589
-106.395721,30,6063.276255
-280.361148,42,6063.481785
37.113275,27,6063.616123
-124.249575,19,6063.712381
-162.497085,99,6064.141798
-125.101918,19,6064.228196
74.685342,20,6064.313754
-136.551227,36,6064.472524
-122.096155,19,6064.559257
-125.152272,19,6064.63838
-133.307069,20,6064.806584
-173.277961,41,6064.988744
-116.097336,18,6065.06886
-133.940768,20,6065.156212
-19.612618,21,6065.244095
-29.186098,20,6065.328894
-23.810752,20,6065.413013
-49.634633,23,6065.511973
-120.245546,18,6065.589528
53.759734,23,6072.444766
22.451251,30,6072.601758
158.300356,26,6072.72234
48.357207,25,6072.83078
-30.701779,21,6072.924939
0.915006,32,6073.064866
-199.905497,67,6073.340967
-30.977568,23,6073.441912
127.344782,37,6073.610815
-33.897337,23,6073.708887
-74.659333,30,6073.832912
-31.674986,21,6073.924508
49.173853,25,6074.027002
-28.610184,21,6074.114525
-147.201148,37,6074.272016
170.361042,29,6074.393234
-23.290314,19,6074.476279
-194.252916,31,6074.609031
-535.733228,101,6075.039245
-66.62087,27,6075.154181
-24.18493,19,6075.232314
66.468818,21,6075.323236
-108.123089,34,6075.474969
-10.785207,18,6075.647323
-372.507172,53,6075.880249
257.822423,23,6075.976293
-119.521403,19,6076.057734
-20.969923,19,6076.135983
-25.880879,20,6076.218742
-39.529416,23,6076.317033
-260.797141,39,6076.494973
27.083192,29,6076.621085
-27.42105,21,6076.709212
-245.023056,44,6076.902301
-38.694329,23,6077.002099
-132.945279,36,6077.158931
36.753031,25,6077.264171
-22.300476,19,6077.348267
-28.121377,21,6077.43675
-22.622932,20,6077.521269
-26.407477,21,6077.61112
-61.541562,37,6077.775268
-142.381951,41,6077.942857
-150.226532,26,6078.058221
-61.750059,24,6078.1631
85.684069,19,6078.24613
-51.58613,23,6078.341807
-24.609362,20,6078.428498
56.347655,24,6078.533019
174.000954,22,6078.628754
-170.375845,40,6078.805065
-128.484668,19,6078.886916
-46.341021,25,6078.994128
163.101993,22,6079.085879
-17.213969,20,6079.172704
-128.582829,20,6079.270385
-33.282743,21,6079.365606
-24.312678,20,6079.467668
-15.256778,20,6079.591935
-110.041981,33,6079.77185
76.667875,21,6079.863186
-128.715553,19,6079.941405
204.933819,18,6080.016447
-147.733152,38,6080.183188
19.073824,30,6080.308149
130.668961,28,6080.422627
63.789795,22,6080.520915
-22.322831,19,6080.599874
-192.317597,43,6080.786536
44.631471,26,6080.895444
-60.274622,26,6081.010421
-128.961807,20,6081.129721
-216.029032,34,6081.315676
-31.657295,22,6081.427535
-27.224743,20,6090.072189
-426.466812,91,6090.536348
-44.993683,25,6090.641914
-37.55672,23,6090.739031
132.775025,35,6090.886867
-137.951902,23,6090.984251
-36.248553,22,6091.080286
-147.060984,37,6091.241277
-32.52509,20,6091.326345
-170.338098,30,6091.455594
-123.077942,19,6091.536477
78.604148,21,6091.623111
-55.496904,23,6091.719528
34.756563,28,6091.840201
-290.164147,43,6092.02079
-43.02443,22,6092.118422
163.250611,23,6092.22273
-31.685832,20,6092.312989
-0.780938,41,6092.494568
-19.019269,40,6092.676274
187.306999,20,6092.768862
147.821485,31,6092.906881
62.598579,22,6093.006187
-162.453644,40,6093.169552
-79.644341,30,6093.290538
-29.221877,20,6093.371683
-23.678313,36,6093.519495
71.059203,21,6093.606838
-55.14475,27,6093.717579
47.640666,27,6093.833566
-27.259889,20,6093.917141
-133.575429,38,6094.096838
-237.839097,37,6094.248469
-22.240923,19,6094.333898
-93.908965,31,6094.473664
-266.245834,37,6094.626533
-295.083735,45,6094.812816
-75.590695,30,6094.945393
-176.088806,27,6095.060276
-129.737546,20,6095.151087
9.907677,30,6095.280052
74.15451,21,6095.370341
-128.452166,23,6095.468142
192.153215,23,6095.568936
-41.552018,25,6095.677148
-35.288586,22,6095.770008
-215.271393,42,6095.949963
152.565326,27,6096.063627
-247.763313,37,6096.223938
-245.458785,37,6096.380451
-28.58433,21,6096.467429
-237.629267,51,6096.68794
-83.402602,31,6096.827708
-119.736428,33,6096.97154
-186.619461,29,6097.088408
67.798866,21,6097.182677
111.925796,30,6097.311898
16.928531,30,6097.435856
63.938463,51,6097.649487
-119.66509,18,6097.729734
72.065453,21,6097.817419
-94.760635,34,6098.075259
160.977128,23,6098.175319
-25.129898,20,6098.256829
-110.930854,35,6098.40797
-23.49037,19,6098.485884
-21.152679,19,6098.565759
-210.901986,46,6098.771901
-168.184591,26,6098.880674
-50.739458,25,6098.998534
55.446545,24,6109.241172
-114.842327,35,6109.52263
-173.804301,28,6109.691737
-21.599694,19,6109.775168
-13.770693,19,6109.848553
-112.934758,48,6110.058044
-37.464259,36,6110.209584
187.422964,20,6110.297774
-39.499766,23,6110.398177
-72.290936,28,6110.520916
-16.539915,34,6110.673706
-62.535683,27,6110.785004
-159.517535,41,6110.962013
49.364178,27,6111.081562
-258.448977,37,6111.241385
74.15765,20,6111.328535
-26.173359,19,6111.413711
-27.319888,20,6111.500029
-131.240346,20,6111.597976
-91.141624,29,6111.72606
-101.234339,33,6111.862398
70.216595,22,6111.954991
-46.763007,23,6112.057946
-66.318295,27,6112.188265
59.219424,25,6112.359903
169.011548,21,6112.460975
101.311962,36,6112.61375
-16.253412,20,6112.702302
45.775136,26,6112.816894
-431.183549,77,6113.141084
-52.062999,26,6113.2542
-35.262504,22,6113.341301
-42.956027,23,6113.436026
-58.01274,26,6113.544972
-74.996629,29,6113.663417
-81.175374,29,6113.787315
79.413063,19,6113.86911
55.615974,22,6113.955996
-115.293853,19,6114.031063
-36.089438,22,6114.131069
-40.542074,23,6114.223624
-32.143099,22,6114.319348
-122.279751,19,6114.39829
-127.658189,19,6114.473888
-361.999085,56,6114.712794
-8.284602,34,6114.861399
-33.808757,21,6114.957626
-37.383558,22,6115.052891
203.542679,22,6115.14758
-23.195738,19,6115.230405
-32.926847,22,6115.320363
-111.955698,19,6115.401728
-167.816121,30,6115.532334
68.296533,21,6115.625135
-120.929342,21,6115.717288
-389.850818,78,6116.038909
-24.29426,20,6116.13296
4.019215,37,6116.295504
165.548875,25,6116.405616
-118.635379,69,6116.705895
-33.746147,36,6116.861179
-23.134691,19,6116.939413
42.865645,24,6117.046257
-16.520864,18,6117.122343
-126.289261,34,6117.264385
-29.934461,42,6117.435679
-149.052481,37,6117.609398
-125.183942,21,6117.701359
-129.474809,22,6117.801776
-4.4749,18,6117.876692
-74.033194,26,6117.994068
-241.042246,37,6118.156075
-26.893173,20,6118.238973
259.470621,22,6128.457104
-38.511442,22,6128.599844
-30.538382,21,6128.697264
-101.885934,64,6128.964917
-23.491707,19,6129.050962
67.397024,22,6129.142538
71.778418,20,6129.23519
-248.976363,37,6129.388969
63.890416,22,6129.484366
74.709595,20,6129.566215
60.883205,23,6129.670641
-26.122336,20,6129.755816
-26.95291,21,6129.848793
-138.883094,37,6130.003925
-233.922416,48,6130.208992
-62.354417,27,6130.320514
-31.999655,21,6130.411347
-31.318361,23,6130.510407
38.438881,26,6130.619383
-131.704666,22,6130.711488
-27.959458,20,6130.79568
165.747783,22,6130.891405
24.592717,28,6131.008143
-30.383298,21,6131.098399
-49.699476,24,6131.210719
-102.531507,35,6131.359455
-203.678442,37,6131.515031
-36.953825,21,6131.605835
-22.907502,20,6131.691817
-173.320536,30,6131.827021
-49.847249,25,6131.932352
54.110834,24,6132.118976
-261.938285,37,6132.292351
-32.455989,21,6132.392107
-30.87006,20,6132.473825
64.561627,22,6132.569855
-130.335174,22,6132.676566
-16.683798,19,6132.758089
-26.330727,38,6132.926777
-24.5177,20,6133.021169
72.393421,21,6133.11459
62.462372,23,6133.213016
21.308024,30,6133.347312
-456.359603,101,6133.783715
51.363601,23,6133.890463
-33.515865,21,6133.975173
-81.874982,29,6134.105006
-177.451396,58,6134.35651
-86.200583,31,6134.486431
-32.742856,21,6134.57896
22.340631,29,6134.70356
-126.551277,19,6134.78657
78.795395,19,6134.869222
-731.223358,101,6135.319068
33.098024,27,6135.439769
-248.516912,36,6135.592389
-10.246356,19,6135.668545
-107.469808,32,6135.809038
-151.45606,25,6135.91405
-134.075888,22,6136.008383
-125.016464,19,6136.088905
62.297007,22,6136.186249
-257.360035,39,6136.346882
69.597356,20,6136.450629
-144.537324,39,6136.929127
-22.112538,20,6137.017668
-18.300609,19,6137.10155
-18.633566,19,6137.185312
88.540072,19,6137.275691
-26.642111,22,6137.391656
-31.482657,22,6137.499496
-182.282301,44,6137.767817
-126.832295,19,6137.875249
-27.299284,20,6147.728557
-206.176199,29,6147.898485
66.200878,21,6147.988017
54.32547,25,6148.094553
-351.633619,66,6148.390934
-126.550022,19,6148.47094
-31.55791,23,6148.570079
41.438466,26,6148.67888
-117.410753,33,6148.818876
-439.210919,101,6149.25245
-212.404519,33,6149.426147
14.008008,30,6149.555669
-33.959719,22,6149.648273
-250.158886,37,6149.801231
-31.647381,22,6149.895764
36.1312,27,6150.009876
-69.160166,28,6150.131735
-35.969717,21,6150.221558
179.975561,21,6150.315551
28.44204,29,6150.443098
72.96924,21,6150.538013
-374.950074,78,6150.874348
-579.968899,81,6151.229484
-28.580143,19,6151.308258
63.20107,25,6151.419941
58.272646,26,6151.549436
55.786259,24,6151.652829
130.072198,32,6151.797085
-94.507278,29,6151.922262
-47.54852,24,6152.024558
-480.605727,101,6152.455435
-174.24698,29,6152.576843
-68.577318,28,6152.705828
-25.421397,20,6152.792633
-45.01964,25,6152.891963
-35.439242,22,6152.981879
59.860477,23,6153.093804
56.179812,24,6153.198335
-23.651756,20,6153.284997
63.091944,22,6153.377473
-276.561232,42,6153.555154
-135.655014,22,6153.645404
6.085845,30,6153.777339
71.765003,20,6153.861726
-22.937459,21,6153.947497
-205.762659,32,6154.875109
-29.038203,21,6154.970705
-171.25923,89,6155.400497
-128.380787,21,6155.496463
160.371621,42,6155.675576
-29.773575,37,6155.835679
48.883815,23,6155.94016
70.044825,20,6156.021236
-24.528162,19,6156.102363
-27.929072,21,6156.188624
157.919007,27,6156.306198
-119.193684,18,6156.382939
-95.884838,33,6156.532107
-124.966642,33,6156.677593
-121.758959,20,6156.762286
-121.175602,19,6156.981225
74.862614,20,6157.075025
69.02218,21,6157.162559
-58.583263,26,6157.270173
-118.85577,20,6157.356973
-259.770415,37,6157.510339
-28.082746,21,6167.688664
-25.791979,20,6167.899239
-342.308942,58,6168.324211
-71.569512,29,6168.450372
-187.456133,36,6168.604972
95.783695,39,6168.772326
66.785327,21,6168.864749
81.573855,22,6168.96731
-13.191719,19,6169.056443
179.535743,46,6169.264632
-151.651725,25,6169.373418
-105.160355,33,6169.571742
-33.347607,22,6169.677034
-115.72718,18,6169.758039
-284.238829,43,6169.934392
-53.357205,24,6170.040613
-22.247139,19,6170.117971
-79.287887,30,6170.246879
-65.610743,28,6170.365117
-161.07347,28,6170.499903
56.398272,22,6170.595413
-173.029339,28,6170.717111
-58.026307,27,6170.834106
-360.181638,101,6171.258601
-139.34844,22,6171.369757
66.78782,21,6171.471403
71.453914,21,6171.560557
-143.714796,44,6171.747449
-263.174479,37,6171.901304
63.884669,22,6171.997396
-121.004481,37,6172.1554
-183.646434,29,6172.278413
-133.883516,20,6172.37073
-31.224916,20,6172.477983
-81.835881,29,6172.608157
-117.075684,18,6172.68523
71.91035,20,6172.769074
-16.775991,34,6172.921605
51.425247,24,6173.042716
485.823397,76,6173.370272
-162.593052,40,6173.53746
44.845787,27,6173.652953
-74.4471,42,6173.833316
-13.627596,19,6173.912461
-158.431287,27,6174.043416
-107.017665,51,6174.257316
-124.472736,19,6174.340955
-14.614429,19,6174.422043
-38.425213,25,6174.538912
67.809504,21,6174.626443
-230.97096,48,6174.841876
-22.228265,21,6174.930033
-271.78565,101,6175.355385
-155.77564,37,6175.515278
52.277789,24,6175.617758
-394.777541,58,6175.868794
-36.402135,21,6175.958846
-47.242539,40,6176.131743
-141.066603,37,6176.287533
-172.94045,41,6176.465772
-31.44974,21,6176.562021
-218.250119,37,6176.72382
-204.985141,44,6176.914527
-40.87564,25,6184.166409
72.670641,20,6184.285326
-103.416931,44,6184.488968
-135.882316,22,6184.584524
159.974686,24,6184.68807
-197.393752,42,6184.871675
-134.656151,21,6184.963435
-190.860124,34,6185.107275
-171.726148,69,6185.415729
-244.084091,37,6185.568522
-26.585717,19,6185.655667
-37.48522,21,6185.744178
-36.177777,21,6185.830341
68.114572,24,6185.929883
-35.860854,21,6186.021451
-63.039396,27,6186.13506
-21.683892,19,6186.215883
72.872838,20,6186.298119
-32.327905,21,6186.386685
53.754776,24,6186.487932
-15.058948,19,6186.572458
-130.985047,20,6186.673333
23.989815,36,6186.853775
74.044749,20,6186.944633
-507.368434,101,6187.412048
-121.131557,18,6187.500831
-172.376077,28,6187.627679
-46.250365,23,6187.724543
-121.62801,21,6187.816906
-148.735928,38,6187.980028
-44.691454,24,6188.089213
-213.240788,34,6188.248024
-23.832848,20,6188.415481
-164.036592,39,6188.596281
72.214592,21,6188.685901
58.664704,23,6188.787793
164.102469,25,6188.894595
-54.924268,24,6188.99551
59.691643,23,6189.099303
-117.599533,20,6189.188892
-51.645563,25,6189.303286
-25.130517,20,6189.38764
-141.371875,24,6189.488374
-82.465032,30,6189.619929
-58.478692,27,6189.735809
-557.78645,90,6190.457523
-27.569164,21,6190.54685
-115.344497,18,6190.622696
-65.909783,26,6190.739902
61.647865,22,6190.846656
-199.037657,47,6191.049767
-137.967513,22,6191.142121
74.438351,21,6191.231821
-21.883164,19,6191.310178
-45.012127,25,6191.434296
-29.271919,20,6191.52331
-262.506187,37,6191.681637
-43.083842,24,6191.786228
-30.806514,21,6191.872856
-35.315529,22,6191.963539
-263.138852,39,6192.119707
-129.583131,21,6192.209979
-34.947839,22,6192.301554
-30.408572,21,6192.389514
-102.813575,35,6192.535822
-576.024174,86,6192.91402
0.749093,31,6193.051117
-43.183829,24,6193.155532
-21.526392,20,6193.254548
-32.743163,21,6193.355408
-139.731802,24,6193.453856
186.149266,20,6204.139594
-182.030458,30,6204.332254
-361.586879,91,6204.748307
-29.361212,21,6204.832912
-45.382288,23,6204.933833
81.981006,19,6205.013845
-114.02718,49,6205.227668
-15.02126,19,6205.307567
-37.752861,23,6205.405015
-67.083474,25,6205.513436
43.977175,24,6205.613494
-36.93807,22,6205.71282
-37.774994,21,6205.803123
-56.888074,43,6205.984055
-145.196366,22,6206.079074
180.659687,21,6206.169069
71.827727,21,6206.265092
-165.036704,25,6206.373802
-50.212833,25,6206.489072
72.878845,20,6206.573917
-34.951397,22,6206.667476
-27.661903,21,6206.755908
-21.593931,21,6206.839611
-119.770594,18,6206.919284
-29.914956,22,6207.012151
69.302372,21,6207.101552
83.291537,19,6207.182337
-57.665838,25,6207.284129
-302.972517,59,6207.536879
18.246696,29,6207.677041
-127.745368,63,6207.959307
-189.716546,28,6208.08726
-127.772567,20,6208.169569
67.257924,21,6208.261826
-208.350044,59,6208.520519
-27.1371,20,6208.603086
-62.284924,30,6208.736723
-29.076895,20,6208.82326
-79.248225,48,6209.028476
-67.123801,26,6209.142186
-257.926457,37,6209.301978
-28.466254,22,6209.395598
92.172145,34,6209.540537
108.812059,22,6209.635759
68.903573,21,6209.729875
189.969596,20,6209.821117
-122.556146,19,6209.908007
-31.838013,22,6210.000078
68.100285,21,6210.089166
64.133587,68,6210.378542
-128.252126,19,6210.463113
-274.038359,41,6210.634762
158.558805,23,6210.729527
-195.416883,33,6210.868454
-76.967892,31,6211.003798
76.494039,23,6211.1047
-54.06325,26,6211.219264
-245.494284,37,6211.377444
44.052233,24,6211.477514
-123.544962,21,6211.570648
-232.67708,50,6211.796523
-70.841581,29,6211.923793
-449.121431,101,6212.36061
-24.035239,19,6212.43997
-27.717599,19,6212.520138
-147.100102,25,6212.627223
-23.107515,19,6212.714274
24.274641,87,6221.292876
-30.417743,21,6221.49562
61.134695,22,6221.635099
-28.443418,19,6221.765986
-28.960735,21,6221.932879
54.350223,25,6222.183161
-128.025356,19,6222.361509
-68.002973,62,6222.891604
48.869301,25,6223.095666
-48.022274,24,6223.283721
163.16606,22,6223.389871
-143.123777,25,6223.498272
67.438674,21,6223.588887
-160.61795,27,6223.705254
-49.100964,41,6223.886705
-28.900334,21,6223.973933
181.584174,21,6224.066788
-144.766579,24,6224.173866
-2.73898,33,6224.319842
-59.721777,52,6224.545505
-127.667242,19,6224.626874
-274.932437,44,6224.826599
-34.994372,21,6224.918951
-144.593198,22,6225.016627
51.524446,23,6225.11698
-23.724983,20,6225.201657
-101.238094,32,6225.334185
-146.640282,37,6225.494403
-126.15854,19,6225.574029
78.190302,22,6225.66672
176.490751,26,6225.781742
-32.863964,22,6225.884846
-29.242082,20,6225.969801
-136.569015,34,6226.115884
-407.278767,77,6226.444041
-45.612255,45,6226.631444
-145.700213,24,6226.733856
-78.619181,41,6226.911579
-21.962323,19,6226.992561
-24.600069,19,6227.07198
69.087366,21,6227.159666
-243.148633,37,6227.322791
-20.879742,20,6227.407836
-28.481486,20,6227.49357
-44.870926,24,6227.596088
-60.535559,27,6227.715788
-131.725361,20,6227.810111
-278.353319,45,6227.997965
63.264813,22,6228.097738
71.570439,20,6228.183916
-304.584182,44,6228.369764
73.486202,20,6228.456778
-33.458348,22,6228.554532
23.192287,30,6228.682524
-117.018081,20,6228.768481
68.228014,21,6228.855091
-40.82715,23,6228.950794
-44.702189,24,6229.057271
-44.186492,24,6229.165142
-365.165084,78,6229.524092
-413.185087,66,6229.861875
331.411256,26,6230.188573
-127.890496,19,6230.276744
-29.9712,20,6230.360995
-128.645092,19,6230.443866
-163.917106,40,6230.61217
69.942389,21,6230.70594
-45.910247,22,6230.800107
-128.167345,19,6230.883317
-26.194236,19,6230.963574
-241.871093,37,6231.118107
-36.835823,36,6231.266376
-50.305458,38,6237.303337
-30.123363,20,6237.427794
-146.087164,40,6237.61456
-126.542856,19,6237.694674
-29.896928,21,6237.785623
50.557243,26,6237.897149
67.270435,21,6237.986425
88.948037,24,6238.094679
-193.328016,31,6238.229923
65.947942,21,6238.319802
-25.873354,19,6238.399331
60.047451,22,6238.495049
-53.251015,39,6238.659726
124.791493,33,6238.799817
-39.667606,22,6238.897747
70.045683,21,6238.993864
-34.343332,21,6239.094446
-34.962599,23,6239.192711
64.3923,22,6239.283577
-39.843063,36,6239.435931
-638.236841,101,6239.860971
-217.393972,35,6240.018124
-12.091105,19,6240.100159
-31.394693,21,6240.191561
-22.304262,19,6240.272464
-139.382308,24,6240.375549
68.601624,24,6240.479325
-131.599061,21,6240.569527
-123.923128,19,6240.654527
-16.091584,19,6240.736057
-22.286119,20,6240.821613
-35.950348,23,6240.919525
-26.897558,20,6240.999275
-80.59516,32,6241.137981
-125.182869,19,6241.215764
-147.039771,25,6241.321438
71.019519,21,6241.4099
74.386422,20,6241.491772
-265.202688,37,6241.653269
-142.865975,37,6241.888266
-22.936197,19,6241.970022
-196.582446,31,6242.113737
-29.423767,20,6242.201756
-37.501753,22,6242.302171
-27.673173,21,6242.435416
-174.637585,28,6242.587277
61.500567,22,6242.676276
181.107949,21,6242.76483
-107.577526,31,6242.902349
-118.258649,35,6243.051718
-23.106948,37,6243.213843
-39.829048,36,6243.368608
62.635901,22,6243.459196
-31.14088,21,6243.543397
164.665587,22,6243.636777
-27.717568,22,6243.733859
-131.993593,22,6243.8258
-265.733582,40,6244.001449
-28.272637,20,6244.08825
-26.279055,20,6244.17173
-132.972056,20,6244.257335
-233.832244,52,6244.479748
-366.91377,52,6244.712734
-75.763551,29,6244.836668
-125.82787,19,6244.920449
-134.513773,36,6245.072099
-162.154436,47,6245.275175
59.132765,23,6245.3732
-137.27032,21,6245.461655
46.143397,26,6245.575572
-31.855693,21,6245.666999
-24.236886,19,6245.746251
50.482063,25,6245.850903
-14.985083,19,6245.935946
63.170842,28,6246.06466
-10.707583,37,6246.225381
165.45878,22,6254.456102
-59.721794,25,6254.608526
-19.418705,21,6254.706856
-219.624431,38,6254.865084
-138.2599,22,6254.96128
-156.174431,25,6255.072312
-123.946397,38,6255.237733
-259.835818,37,6255.394486
-280.102636,38,6255.558643
-125.990761,21,6255.652671
-23.763235,20,6255.738075
66.971414,21,6255.826021
-116.434754,94,6256.23388
-30.895373,21,6256.323559
-369.399503,59,6256.581181
-303.26792,46,6256.776269
-68.931839,28,6256.894649
-313.747771,46,6257.089022
-236.343591,37,6257.248076
-29.206302,22,6257.344913
-52.261754,28,6257.465812
-30.627624,20,6257.555034
-24.066013,19,6257.631726
-117.301476,20,6257.716555
-24.191649,20,6257.80544
88.915382,37,6257.962274
-39.112872,22,6258.060772
28.033017,28,6258.185813
55.345422,25,6258.292402
-24.926764,20,6258.378273
-30.635934,20,6258.462823
168.953892,21,6258.547832
170.265535,24,6258.653178
56.862278,23,6258.751292
-38.94257,22,6258.846119
12.025832,30,6258.977365
-138.700356,34,6259.123421
-38.058251,22,6259.2222
-50.30002,24,6259.327122
-28.192272,21,6259.419275
-29.985265,20,6259.506455
-252.756963,40,6259.676833
63.912135,21,6259.770342
-166.572496,29,6259.900826
24.052907,29,6260.024915
-232.060025,41,6260.20176
-147.209622,37,6260.361108
-31.431116,21,6260.443299
-281.120803,42,6260.644079
-19.488879,21,6260.733684
-498.946018,83,6261.084441
-614.25736,101,6261.552892
-318.275667,47,6261.771682
51.066097,25,6261.89175
-17.692669,19,6261.974526
-41.682867,23,6262.078741
-91.851269,29,6262.21676
-57.172725,27,6262.338642
72.938441,20,6262.441405
-208.09233,33,6262.583013
-127.866591,19,6262.666717
-140.688883,37,6262.838676
177.709876,21,6262.927934
80.64014,19,6263.013324
-35.897569,35,6263.168109
-51.126639,27,6263.280817
-132.769544,23,6263.378607
-182.641892,31,6270.101707
-160.662463,29,6270.272809
-73.891297,42,6270.563668
-95.573963,31,6270.696162
-57.338009,26,6270.805451
-503.313149,101,6271.238995
-541.993911,94,6271.638907
-33.687152,21,6271.722971
-22.953559,20,6271.807495
-139.64592,35,6271.951522
-47.885213,24,6272.05202
-145.141564,24,6272.160693
-20.879893,20,6272.240146
-490.92587,69,6272.543755
-27.560152,20,6272.629941
-72.971395,29,6272.759777
69.848979,21,6272.849941
76.117484,21,6272.941431
-208.939723,32,6273.092242
32.28052,27,6273.211098
162.009151,23,6273.30666
-120.411632,18,6273.380392
-34.762167,22,6273.474983
-249.912968,38,6273.63755
-143.300313,39,6273.807059
55.115782,24,6273.904943
-643.302409,101,6274.33998
-393.10285,55,6274.582972
-409.01984,70,6274.878322
-234.485946,61,6275.141661
-148.805308,23,6275.238029
-98.045839,31,6275.372364
-31.078386,20,6275.461107
72.685734,21,6275.553437
-125.539734,19,6275.640102
-327.894673,51,6275.857258
-123.385218,19,6275.935532
49.284567,25,6276.042621
-145.584971,37,6276.201464
-120.57253,21,6276.293087
-39.384826,23,6276.387673
36.02425,27,6276.49877
-94.925928,44,6276.684508
72.916449,20,6276.768232
-23.113797,19,6276.850972
160.335023,23,6276.957692
-166.948782,43,6277.146678
-132.482255,21,6277.236648
-38.589312,23,6277.333727
-102.16732,33,6277.52786
-51.811068,25,6277.672756
67.764165,23,6277.8524
7.852955,31,6278.174217
-29.837654,21,6278.390102
-194.400799,34,6278.711063
-29.26415,21,6278.902119
-27.886507,22,6279.088937
-82.071834,29,6279.352747
-95.630993,29,6279.627063
-21.923888,21,6279.86688
-37.467109,23,6280.10786
-45.632624,26,6280.390774
-151.221306,36,6280.628498
71.454019,20,6289.312121
50.195462,25,6289.489157
-338.151093,49,6289.716992
-46.270334,24,6289.819452
-30.31775,22,6289.91859
-136.826536,23,6290.015582
38.67202,36,6290.175359
3.914606,31,6290.305365
-56.421049,37,6290.466268
64.390507,23,6290.56963
-23.656414,19,6290.652347
-125.24193,19,6290.732247
-142.269445,23,6290.832584
-127.495787,20,6290.90977
-38.157115,23,6291.00226
-148.686187,27,6291.116668
-29.124107,20,6291.202999
-125.745492,19,6291.284817
-129.105707,19,6291.362641
-23.001736,19,6291.445302
-30.526585,20,6291.535591
-129.0474,21,6291.62421
56.415596,22,6291.718457
-186.248765,31,6291.849113
-170.629642,28,6291.975678
-185.475573,43,6292.159808
-26.635741,19,6292.242751
34.142173,27,6292.364989
-138.05934,21,6292.452202
-75.10933,28,6292.575133
-26.615932,20,6292.664316
-82.217333,29,6292.784718
63.104161,22,6292.879198
149.806021,27,6292.993219
54.90718,25,6293.114649
-153.931301,37,6293.275179
-117.218884,34,6293.416661
-203.27511,45,6293.601229
-42.246195,37,6293.752512
-34.841769,23,6293.850363
-57.431975,39,6294.018633
-129.915408,20,6294.100908
-60.679049,26,6294.209103
-57.582147,26,6294.394796
156.705235,25,6294.499179
168.416308,23,6294.599518
42.510125,27,6294.730301
-27.567613,20,6294.816167
50.499331,23,6294.910514
-6.605761,31,6295.047857
70.08834,21,6295.13154
-31.672724,23,6295.229524
-21.165061,19,6295.318786
-154.43387,24,6295.428718
-25.25366,21,6295.515725
-172.73508,28,6295.637047
-23.475531,19,6295.721697
-33.314241,22,6295.811648
-26.439233,20,6295.895436
-244.153252,37,6296.050386
-24.519173,19,6296.129423
74.996246,20,6296.214252
-30.859544,20,6296.297942
73.796442,20,6296.381921
-287.147667,57,6296.637051
-25.887319,20,6296.728228
-270.536538,59,6296.973771
82.639007,25,6297.080121
-124.797432,19,6297.162919
-144.274518,37,6297.326445
-199.546013,45,6297.521456
-30.671491,23,6297.622838
3.06981,32,6297.995505
59.268096,23,6298.20862
-31.181344,21,6298.319907
70.013452,20,6298.405873
75.087595,20,6298.489609
-42.657383,23,6298.829025
69.234043,21,6307.134562
46.796956,25,6307.276835
-144.280213,40,6307.447051
73.583089,21,6307.536333
63.265775,22,6307.630467
-154.126801,43,6307.813594
-23.100514,19,6307.899779
-28.219762,20,6307.996248
-149.708176,25,6308.105223
69.171401,21,6308.1952
-23.875342,19,6308.276554
-31.355293,36,6308.433101
-29.154244,20,6308.512525
-189.410027,31,6308.64688
64.004458,21,6308.734964
-158.171593,41,6308.901153
-76.124636,42,6309.074011
121.019292,29,6309.198403
-137.182165,35,6309.346177
-21.99253,20,6309.433869
139.790002,28,6309.549986
-25.269379,19,6309.628845
78.939497,19,6309.717632
-121.70037,19,6309.799425
-247.207608,36,6309.951785
-140.143726,23,6310.054744
-196.72825,43,6310.245237
-7.25286,35,6310.397261
-204.771736,33,6310.545474
57.45185,22,6310.637932
-110.310029,34,6310.783809
-23.799929,19,6310.868173
-50.968852,23,6310.965031
-80.559036,63,6311.232256
-48.102358,38,6311.391766
-125.816439,19,6311.471584
-139.965624,25,6311.576003
-50.897852,25,6311.680041
-41.469952,36,6311.837441
42.772484,27,6311.957259
79.038048,37,6312.117447
70.752414,21,6312.206024
-15.824461,19,6312.291233
37.919206,26,6312.399179
-128.933594,19,6312.471956
-22.161857,19,6312.549467
-200.235221,76,6312.868124
-118.53749,35,6313.022188
-136.822926,22,6313.119245
70.696814,20,6313.205556
-46.520572,22,6313.296712
-382.811234,76,6313.62691
-251.107175,37,6313.783364
-126.441604,19,6313.859882
-23.786057,19,6313.937643
-80.738662,29,6314.066334
-116.864478,18,6314.142041
-41.159062,23,6314.237313
74.760558,20,6314.320011
-26.452895,20,6314.399308
-28.769402,36,6314.551191
-29.263289,21,6314.641884
-416.117555,81,6315.212193
-76.865247,30,6315.388482
-25.111514,20,6315.477117
-127.047895,19,6315.556912
-146.389028,24,6315.6658
-26.035244,21,6315.757978
-15.587483,19,6315.84033
-34.083472,23,6315.942043
-14.618952,19,6316.024507
-142.79605,23,6323.421177
-168.558966,38,6323.664807
-127.364267,20,6323.761257
-63.87597,37,6323.918049
-223.605751,49,6324.13433
66.059294,21,6324.224107
-196.887093,30,6324.467547
-52.073409,25,6324.587836
-197.596774,31,6324.719216
29.131025,28,6324.839702
-122.478004,19,6324.919945
-483.638875,101,6325.362857
-29.159368,22,6325.456213
-31.929357,20,6325.5406
-122.330639,19,6325.625454
-38.103783,22,6325.721961
29.084831,30,6325.852442
-28.63057,21,6325.947118
69.894889,20,6326.034963
93.104651,27,6326.153661
44.025304,26,6326.270076
-36.344524,21,6326.35918
-17.127683,18,6326.438005
-32.858271,21,6326.534457
70.458405,20,6326.618282
-48.262369,23,6326.718443
-130.194738,36,6326.877566
73.137499,21,6326.966069
-124.745776,19,6327.046347
-19.269915,19,6327.134529
14.506644,30,6327.259812
-43.249593,22,6327.355761
-33.587911,22,6327.44928
-125.84687,20,6327.532593
-28.491018,20,6327.620196
-35.044454,22,6327.713121
-28.753056,21,6327.806154
160.260478,25,6327.920531
72.470248,20,6328.002055
-126.814938,19,6328.082311
-132.272248,21,6328.17739
181.574482,24,6328.288778
-141.370702,23,6328.392949
-156.298832,26,6328.505842
-152.723248,26,6328.618511
-130.121038,21,6328.710468
-80.072498,30,6328.836506
-21.015679,20,6328.929318
-20.131256,20,6329.015191
64.191824,22,6329.105711
-29.59384,20,6329.186216
-64.869781,42,6329.369383
-65.42397,28,6329.488074
158.649824,23,6329.591957
-170.901358,38,6329.75468
-245.520415,37,6329.96791
-16.561448,20,6330.08795
66.932797,22,6330.228274
53.054426,25,6330.440477
185.579285,42,6330.831178
-137.670099,21,6331.058782
-22.628951,21,6331.263372
-17.348509,19,6331.453514
63.122176,22,6331.678924
-159.600603,25,6331.944013
-91.672054,33,6332.312468
-227.7865,35,6333.338662
-99.879944,32,6333.73831
-39.214758,23,6333.973979
68.305983,24,6334.237688
-170.631534,40,6334.674772
-144.980965,24,6334.82854
-178.439584,28,6334.99667
65.782856,22,6335.129786
77.460168,19,6335.230781
-75.76631,27,6335.374711
-186.617905,28,6335.542795
-96.290571,31,6335.683645
-55.23838,24,6343.315758
-289.488282,39,6343.567532
-25.048105,20,6343.663248
128.953241,31,6343.801102
-21.789295,20,6343.890385
-29.767955,20,6344.169761
-46.443463,25,6344.328314
-78.663144,26,6344.447498
-379.064962,53,6344.686247
-28.435209,20,6344.788415
-25.009894,19,6344.889608
72.701166,20,6344.991156
142.668929,40,6345.18517
-197.837872,31,6345.349714
71.096862,20,6345.444392
49.906986,28,6345.594676
56.013472,23,6345.71106
-237.5769,48,6345.945345
203.921046,33,6346.10978
-36.38305,37,6346.28431
-21.026551,19,6346.373434
144.146031,24,6346.483808
-61.758891,40,6346.659943
-80.214525,35,6346.830655
-85.313946,29,6346.970407
-64.7066,27,6347.102634
-140.616324,37,6347.28499
-260.977035,37,6347.457875
-128.284682,20,6347.557242
140.617292,25,6347.669778
63.999385,22,6347.808578
-31.719877,21,6347.959958
60.946702,27,6348.09392
-133.430826,36,6348.260335
-28.021322,35,6348.413713
51.810187,23,6348.599918
-261.458549,43,6348.887856
76.02084,20,6348.999446
69.695475,21,6349.10671
-564.786617,97,6350.085452
-29.188802,21,6350.181939
75.153483,20,6350.274757
50.174693,24,6350.472652
-72.256833,29,6353.683626
-77.673844,30,6355.049782
-22.295991,19,6355.204873
-209.624031,56,6355.577282
-36.00359,22,6355.70731
-33.076342,21,6355.817429
46.027921,25,6355.937933
-84.284196,30,6356.08506
-225.132789,35,6356.247791
-64.984493,27,6356.39675
-49.270804,26,6356.597947
-176.649568,28,6356.817507
65.709231,21,6356.990782
-22.85127,19,6357.268087
43.06834,25,6357.552194
-149.320583,25,6357.793622
-30.282318,21,6358.053779
-151.610672,24,6358.252411
-10.16217,18,6358.399295
-17.082018,19,6358.674872
-49.353517,25,6358.905505
-525.545245,101,6359.461882
-58.456366,26,6359.567334
61.511796,85,6359.927798
-236.308019,38,6366.426153
-31.227657,21,6366.555081
61.593834,22,6366.660375
-85.216817,50,6366.867187
-131.27868,20,6366.949421
-267.147524,40,6367.124965
-186.707481,43,6367.304352
-147.781619,25,6367.411744
-21.771499,19,6367.48848
157.668533,26,6367.592177
90.236959,65,6367.851006
-175.027388,30,6367.978201
-251.949311,38,6368.140373
-256.035872,37,6368.300529
-31.958911,21,6368.392841
-31.317865,23,6368.489419
202.141151,33,6368.621892
-125.931332,20,6368.7062
78.127785,19,6368.786797
-110.419062,39,6368.938671
-88.051062,33,6369.080842
-243.199498,37,6369.240451
-181.180024,43,6369.421521
-59.941777,24,6369.520041
-72.646127,29,6369.635971
-129.779328,34,6369.773491
-237.705786,37,6369.926252
54.274057,24,6370.027412
60.15171,22,6370.121531
-117.500809,20,6370.204433
-26.70316,20,6370.284446
62.295296,24,6370.381728
-178.461733,42,6370.547706
-39.094344,22,6370.634236
-71.974127,30,6370.754081
-170.434816,40,6370.921544
-209.685475,32,6371.056303
-181.453415,28,6371.165172
163.295253,23,6371.260955
-27.539646,21,6371.343792
94.18179,32,6371.479153
-21.675655,19,6371.559504
-32.938464,22,6371.646211
65.707805,22,6371.744261
-20.812007,20,6371.831275
77.779913,21,6371.922672
-201.205748,33,6372.057792
144.676867,28,6372.177829
17.527561,30,6372.302044
-120.935173,21,6372.388652
47.742499,24,6372.484278
38.797218,25,6372.592097
-383.622551,54,6372.820488
-22.217201,19,6372.897769
-36.321938,22,6372.988987
362.485068,23,6373.090889
-22.254896,19,6373.173864
48.109356,25,6373.280503
60.756951,23,6373.404391
-285.941845,51,6373.625178
57.95694,23,6373.720276
-28.999159,21,6373.802942
20.522761,30,6373.928609
-127.596553,19,6374.004148
-414.427273,54,6374.229763
43.75429,24,6374.327852
-117.882336,18,6374.404967
-18.295563,19,6374.485732
305.166378,32,6374.61728
-90.98811,29,6374.734988
-191.879137,59,6374.989451
13.83938,30,6382.340971
-313.95726,48,6382.553122
158.188371,22,6382.642201
42.802331,27,6382.753307
-185.187814,54,6382.985571
72.914673,20,6383.068204
58.58092,23,6383.167292
-158.51866,27,6383.279131
36.198905,27,6383.399302
-124.916424,19,6383.570824
-204.763685,46,6383.76508
38.648748,27,6383.880676
-24.456009,20,6383.961503
-399.162684,71,6384.256614
43.91362,26,6384.362181
-290.055854,98,6384.822749
-44.982345,24,6384.92222
-29.746932,21,6385.012577
-147.339621,24,6385.110647
-161.639038,26,6385.219552
-128.009473,19,6385.310881
-118.66854,20,6385.394625
-66.514611,41,6385.569361
58.814018,22,6385.656189
31.088928,28,6385.770071
48.24571,25,6385.876115
-38.003589,23,6385.967138
-182.012451,33,6386.110701
64.709303,21,6386.1958
-35.401026,22,6386.288008
-159.29854,26,6386.392139
-146.916604,24,6386.48781
71.428584,20,6386.564814
-31.0005,35,6386.706482
-320.22603,95,6387.101935
72.681704,20,6387.182983
18.825497,29,6387.308241
-19.711448,37,6387.468019
-41.51995,23,6387.563313
-23.399175,20,6387.643458
-137.44872,36,6387.785195
-346.620435,58,6388.016344
56.461116,24,6388.113747
-22.70645,19,6388.197846
59.973643,23,6388.293349
-190.592466,34,6388.434846
-47.866182,25,6388.539881
-317.094744,86,6388.901967
61.015555,23,6389.029947
-94.531768,32,6389.227134
-130.946857,21,6389.341707
-207.581394,90,6390.057307
-40.3028,23,6390.244244
-144.985055,37,6390.688307
-29.855857,20,6390.901292
-33.725121,21,6391.145492
163.923102,22,6391.395935
-116.827574,46,6391.964483
-166.182952,41,6392.423777
-142.67931,39,6392.804277
-334.695686,50,6393.320156
-77.914485,29,6400.861673
-27.092048,22,6400.993573
51.671561,23,6401.095979
-635.375353,88,6401.467998
-85.027591,31,6401.597166
-267.634551,40,6401.766126
-27.966657,20,6401.844659
135.420895,27,6401.961616
-178.942389,33,6402.106106
-248.162708,38,6402.267315
37.128752,28,6402.383801
-34.160061,22,6402.476326
-101.002398,32,6402.609906
-88.144122,32,6402.740111
138.777934,32,6402.875532
48.555969,25,6402.978035
-59.686265,26,6403.086295
-13.129842,35,6403.239699
74.225062,20,6403.319967
60.135371,24,6403.423845
-169.214404,26,6403.569702
-149.279756,63,6403.853506
-95.620782,43,6404.030222
-130.142112,35,6404.178528
199.561444,20,6404.256245
-123.562233,22,6404.346407
-37.96865,24,6404.444691
44.503337,31,6404.576584
-149.725142,25,6404.678381
-35.008092,22,6404.771575
-21.845305,19,6404.852663
-135.521079,22,6404.953798
-34.710239,22,6405.04699
-57.781957,26,6405.15432
-164.624544,25,6405.253336
-25.334701,35,6405.402185
-144.614743,22,6405.505131
-209.58129,34,6405.648049
140.881509,75,6405.952532
-128.852598,21,6406.048589
-114.83846,19,6406.12607
-236.182688,68,6406.456673
71.794745,20,6406.539919
182.481301,23,6406.638255
-242.494884,37,6406.873071
-25.591565,20,6406.955839
63.026321,23,6407.053112
-155.800108,37,6407.211071
70.027938,21,6407.296606
70.913894,20,6407.379074
-26.047252,20,6407.465649
-141.887068,23,6407.566663
-124.010308,19,6407.646497
65.070756,24,6407.74807
-69.090332,27,6407.859617
199.54786,20,6407.939801
-164.940617,27,6408.056725
-28.188981,20,6408.141629
-119.015606,37,6408.303769
-41.4801,23,6408.396946
-175.704723,56,6408.627888
-89.331266,31,6408.753713
-131.627312,21,6408.837295
-35.540155,22,6408.931131
-25.165146,20,6409.015342
-2.886263,33,6409.150266
-61.101893,28,6409.274999
-41.760835,25,6409.384427
-70.887251,31,6409.563375
-127.673063,19,6409.65494
-31.733665,21,6417.840274
61.677085,23,6417.998444
167.402049,21,6418.099742
68.475131,21,6418.197552
-14.650432,18,6418.273237
-28.796307,20,6418.349302
-248.368981,37,6418.500327
65.737634,22,6418.58894
160.372667,23,6418.682268
-612.870069,101,6419.109102
85.334102,19,6419.18751
29.236971,54,6419.409481
-51.551166,37,6419.580319
67.206309,21,6419.668944
-22.92131,19,6419.745339
-158.752815,43,6419.912941
-136.495335,22,6420.008157
127.591443,28,6420.126266
-29.391592,20,6420.209287
-21.850168,20,6420.296322
-51.417865,24,6420.39487
-18.080729,19,6420.48235
-239.643729,38,6420.637987
-36.111255,22,6420.729264
-131.72285,20,6420.813944
60.721391,28,6420.93148
-42.440727,24,6421.034585
98.607577,25,6421.144074
91.209919,26,6421.276535
-211.346188,47,6421.473761
64.514693,22,6421.56584
-130.539499,21,6421.651076
-241.630546,42,6421.831007
-160.485668,37,6421.982663
-29.319561,23,6422.073512
-200.772674,59,6422.311968
-40.406612,38,6422.464186
69.605593,21,6422.551425
-118.502574,18,6422.628098
-68.956331,28,6422.745462
-22.99482,19,6422.822404
-23.134906,19,6422.899714
59.694988,23,6422.991002
-263.365977,37,6423.137893
-118.210273,18,6423.230241
65.021451,22,6423.327242
-54.907043,27,6423.444457
-37.62036,24,6423.54816
-56.72949,37,6423.698164
-164.544805,28,6423.812921
-34.002937,22,6423.902437
-27.535786,21,6423.985147
-130.823969,20,6424.063862
-23.301989,19,6424.146787
-45.556271,23,6424.240819
189.574211,19,6424.319041
-61.212222,27,6424.433221
-40.163754,23,6424.531914
72.482691,20,6424.616777
42.733495,26,6424.721694
-174.393581,28,6424.83683
-83.04097,31,6424.968951
-125.183834,20,6425.045648
66.433897,21,6425.132712
-41.774219,24,6425.232394
-94.922111,50,6425.438813
-133.080592,35,6425.580008
-134.013813,20,6425.661166
-34.722339,21,6425.748676
-166.939646,29,6425.863671
42.052966,40,6426.029344
-92.231921,36,6426.174963
330.941497,28,6426.290091
-35.85641,22,6426.380352
70.814414,21,6433.984294
-119.388581,19,6434.111331
-29.423454,21,6434.215054
44.315306,24,6434.326559
-126.142602,19,6434.403903
-129.788731,20,6434.485584
-89.138483,31,6434.613591
44.164225,24,6434.71086
-127.399644,19,6434.787825
-31.001934,21,6434.873847
50.801865,25,6434.97477
-21.144061,21,6435.060543
48.638872,26,6435.165754
97.817284,39,6435.327496
-238.752675,37,6435.491044
-28.452398,21,6435.577568
-44.116204,24,6435.795954
62.70114,23,6435.888088
66.944524,21,6435.986354
63.503041,22,6436.074123
-32.39385,22,6436.168276
-29.215373,21,6436.263824
-27.409706,21,6436.359319
4.172118,32,6436.496928
65.385035,23,6436.590815
-287.185354,43,6436.764581
-83.398461,57,6437.006544
-6.522088,32,6437.14634
-34.355506,22,6437.236546
-66.009112,27,6437.343913
-20.934024,19,6437.423943
66.573544,37,6437.576414
156.944893,23,6437.675774
268.986215,21,6437.763319
-38.385406,24,6437.871556
-94.321324,32,6438.020918
-394.783285,51,6438.252306
-199.18874,36,6438.398225
41.217583,28,6438.515049
-130.207013,20,6438.597201
-260.286902,39,6438.760037
170.095563,21,6438.847201
-25.254819,19,6438.926116
-56.335664,25,6439.043028
-38.663494,24,6439.142929
55.593858,26,6439.249223
69.586025,21,6439.340982
67.630444,21,6439.435016
-70.867306,28,6439.560071
-160.306274,29,6439.679748
-29.629601,20,6439.760608
57.146742,22,6439.848403
42.006597,28,6439.972032
-635.689101,101,6440.395886
-135.6212,36,6440.547969
-23.268464,19,6440.635917
-10.406887,18,6440.720722
-18.998915,19,6440.823476
-35.005005,23,6440.948366
-48.362889,40,6441.217402
6.640469,38,6441.612947
-87.811872,66,6443.073137
71.778389,20,6443.284596
-24.834861,19,6443.469145
9.324399,31,6443.788906
75.143024,20,6443.969846
-192.545458,30,6444.332768
-99.848266,30,6444.831414
-179.295604,44,6445.409101
63.205114,22,6445.651886
69.633192,20,6445.879972
181.502827,21,6446.160191
63.015526,22,6446.380831
-52.992999,26,6446.701315
-444.526888,60,6456.090486
-150.893582,24,6456.209456
-50.679104,51,6456.422034
-479.394133,88,6456.770401
-29.196753,21,6456.860291
-4.033745,32,6456.992016
49.94878,23,6457.08641
-180.597166,42,6457.265038
71.056681,20,6457.349994
61.798406,23,6457.449728
-34.307978,22,6457.542248
-119.460706,18,6457.616333
-23.821122,19,6457.697154
-220.179078,35,6457.857969
-172.032315,30,6457.988508
-283.117326,41,6458.157177
-73.477274,28,6458.295933
-138.89371,23,6458.389351
-297.937095,46,6458.587003
-43.370446,23,6458.681747
-254.488261,38,6458.84078
-170.997985,44,6459.014491
-41.457509,24,6459.11937
-7.181325,33,6459.248624
-35.825751,22,6459.344481
40.510439,26,6459.465948
-128.687016,21,6459.662966
73.391535,23,6459.770317
-242.163142,37,6459.93001
-41.754347,22,6460.021724
53.786361,24,6460.120705
-236.117173,41,6460.291886
-49.305615,26,6460.400554
-129.349097,19,6460.475552
12.368857,30,6460.597678
70.669593,21,6460.690635
66.234211,21,6460.776787
-378.385128,55,6460.994752
-38.359798,23,6461.087846
-30.972928,21,6461.173325
-151.63685,24,6461.277239
62.420966,23,6461.37089
-89.922694,32,6461.504718
-162.166451,37,6461.652149
-142.602778,41,6461.831249
110.336507,37,6461.981272
-130.698607,20,6462.063149
-252.586418,36,6462.322439
-24.278988,19,6462.410667
-183.723607,31,6462.549378
-76.965415,30,6462.676473
-0.038405,33,6462.821159
-31.915619,21,6462.911818
78.515374,19,6462.990992
-12.924248,34,6463.134393
-35.598753,22,6463.233928
-45.640182,23,6463.33445
-133.242746,20,6463.423283
-29.007668,21,6463.518344
-23.58542,19,6463.603817
-139.628304,36,6463.75818
47.95901,25,6463.875444
-37.664427,22,6463.970709
37.255257,26,6464.081968
80.502141,19,6464.163072
-467.130004,71,6464.464278
41.767029,25,6464.568047
12.981405,32,6464.698605
-27.582796,21,6473.746493
164.829907,30,6473.932773
-117.134237,35,6474.081303
-29.24612,20,6474.165311
-372.231483,54,6474.398948
-132.125053,20,6474.484572
170.117744,24,6474.5824
-149.438963,24,6474.67779
-218.472248,34,6474.821935
-38.788586,23,6474.915085
57.372636,23,6475.008208
-526.013226,91,6475.381654
-23.252916,19,6475.463424
-50.097651,23,6475.559546
-30.949673,21,6475.644861
24.799083,28,6475.764447
-79.765855,27,6475.873338
-138.27079,23,6475.961605
66.305715,22,6476.05418
-203.939973,32,6476.192788
-142.235578,37,6476.347599
50.939721,24,6476.44987
65.30283,22,6476.541553
165.121693,22,6476.634777
19.589311,29,6476.751712
-60.627783,40,6476.929807
-60.660311,37,6477.093327
-25.978235,20,6477.177994
-117.072584,18,6477.25194
-45.90102,24,6477.354745
70.460406,21,6477.44189
72.983987,21,6477.52455
-33.334041,21,6477.607688
163.931782,22,6477.700133
-33.87368,21,6477.783963
-49.060557,24,6477.882529
-287.943952,45,6478.077748
72.408417,20,6478.159478
40.015521,26,6478.275532
79.204368,22,6478.36563
-225.285711,35,6478.517357
51.661231,23,6478.611981
-197.392374,31,6478.738552
-29.404006,21,6478.826009
-32.807678,22,6478.917832
29.185543,28,6479.03166
34.435138,26,6479.137962
-166.408129,28,6479.252045
-133.570678,20,6479.333699
-64.054041,27,6479.454157
-160.812954,37,6479.608676
118.21884,77,6479.922799
-84.051185,42,6480.0964
-35.852004,21,6480.178699
-31.915986,21,6480.268067
-22.792772,19,6480.346038
-132.50727,20,6480.433151
51.375274,25,6480.534729
-24.582893,20,6480.614317
-99.991809,31,6480.739921
-126.43287,38,6480.899095
-25.064336,20,6480.978776
-165.235769,40,6481.151398
69.781683,21,6481.234613
-109.590771,33,6481.375903
66.114381,22,6481.473217
-40.1059,23,6481.565147
-77.075813,28,6481.682647
-122.77426,19,6481.76028
-22.019207,20,6481.846216
-263.683657,37,6482.006047
53.637126,22,6482.09555
-138.650887,23,6482.193463
59.686677,23,6482.286529
-127.730685,19,6488.955409
-170.059202,41,6489.1782
-72.935856,28,6489.297046
-127.370973,35,6489.43718
-59.346732,27,6489.547284
-44.625933,25,6489.649274
-35.175397,37,6489.800355
67.358478,24,6489.898852
-135.252276,38,6490.059023
-52.159344,25,6490.170789
-40.80549,23,6490.266743
-122.200423,20,6490.353542
-26.580382,20,6490.433142
-97.540719,31,6490.560246
-30.736766,21,6490.64161
91.466646,56,6490.881134
253.017476,28,6490.99977
-436.128121,75,6491.409476
-10.693512,33,6491.548082
-31.592959,23,6491.640149
-129.679954,20,6491.725709
-30.710379,21,6491.815657
-27.646508,20,6491.897423
-230.920178,36,6492.04777
167.474401,22,6492.154765
-28.05179,20,6492.234954
-30.388251,21,6492.319276
-17.114609,19,6492.401093
-261.931911,57,6492.631426
-125.791511,19,6492.711139
-125.933261,19,6492.790685
44.60051,26,6492.904274
-125.665482,36,6493.055434
-31.409784,20,6493.136064
-15.996923,19,6493.217419
-259.190214,37,6493.373312
-134.898192,20,6493.453246
144.244738,26,6493.558377
-23.803149,19,6493.636745
45.617249,26,6493.745403
-51.483244,25,6493.851707
39.558443,27,6493.964957
164.612893,22,6494.057526
66.704625,21,6494.152542
74.022723,20,6494.230305
157.125188,24,6494.330264
-265.952634,37,6494.489436
-51.384688,23,6494.585888
-82.690306,28,6494.70165
65.723755,22,6494.792833
-60.532404,41,6494.962189
-107.372457,33,6495.094495
-278.939505,42,6495.261587
-45.820963,23,6495.352086
-106.61688,29,6495.492573
74.234528,20,6495.573779
-93.867346,29,6495.683853
-82.254224,31,6495.810362
22.057093,31,6495.940661
-262.478602,37,6496.088599
-20.129088,19,6496.167897
-542.689404,101,6496.636185
-269.18446,37,6496.826327
-60.832487,27,6496.9616
-27.52427,20,6497.077902
-40.452908,24,6497.208692
69.845464,21,6497.321863
46.646302,23,6497.450024
-11.898624,34,6497.646866
63.648786,22,6497.833989
-69.039218,28,6498.133942
-39.768839,23,6506.343465
63.782129,35,6506.526962
75.311909,20,6506.620047
-261.950093,60,6506.869606
-162.911711,27,6506.994968
16.441296,30,6507.116326
68.707983,21,6507.22085
-137.332759,41,6507.402456
60.769939,23,6507.503823
43.527986,26,6507.624116
71.378115,20,6507.711962
256.749986,24,6507.833757
66.643442,21,6507.933399
-29.239284,20,6508.016741
-160.297652,40,6508.181073
-33.288306,22,6508.277757
-118.3301,40,6508.450252
-178.763984,29,6508.575655
-81.228622,33,6508.707549
-121.361297,19,6508.785665
-26.991983,20,6508.865422
-208.051085,34,6509.012424
-60.953194,37,6509.177191
-19.781568,20,6509.257971
23.364131,29,6509.375376
-23.31451,20,6509.457522
-43.9522,38,6509.617182
-133.453021,20,6509.698479
-31.095979,21,6509.778744
-97.539899,31,6509.89721
-254.536276,37,6510.050742
-242.566845,37,6510.215334
55.832962,24,6510.308233
-242.208383,37,6510.460826
-220.893384,34,6510.604112
-57.894333,39,6510.776021
-173.968185,27,6510.88853
-241.111808,36,6511.033798
-30.343583,20,6511.114365
75.705111,22,6511.210263
-29.639979,20,6511.294693
75.043152,21,6511.376105
-118.929458,18,6511.448517
-43.291447,24,6511.558011
10.168142,30,6511.685434
-33.840759,38,6511.843915
-34.513622,38,6512.007958
-131.355837,21,6512.09393
-131.736393,21,6512.182931
256.434579,24,6512.281141
61.209061,22,6512.369067
-213.304282,34,6512.528376
-165.287889,71,6512.862249
-9.878474,18,6512.962298
-27.541367,21,6513.18046
58.908407,22,6513.276793
135.813346,49,6513.496418
-142.078382,41,6513.670089
-164.527055,27,6513.781296
-21.59833,19,6513.86044
176.414978,27,6513.97477
-152.576911,24,6514.074378
-258.768116,37,6514.243996
-130.321298,22,6514.333601
-61.91376,27,6514.446331
171.292262,21,6514.531845
-38.537152,22,6514.622977
20.492775,32,6514.753047
-314.225588,49,6514.961025
-123.583218,21,6515.047542
-15.629219,32,6524.315304
-128.14536,21,6524.460266
58.661991,24,6524.5704
-128.283443,20,6524.653678
142.140167,28,6524.7711
-28.073461,20,6524.856237
-208.852502,34,6525.000669
-190.955092,32,6525.133535
-258.361686,37,6525.286535
-53.636053,26,6525.391533
-61.32384,25,6525.496349
-33.436014,22,6525.586205
33.492371,29,6525.70857
68.87753,21,6525.794427
-116.352758,19,6525.869592
173.014321,22,6525.961635
-151.827566,25,6526.072028
-172.105726,26,6526.178203
-148.298082,42,6526.359714
-124.739513,19,6526.442378
71.06403,20,6526.522863
32.75716,28,6526.642824
256.394484,24,6526.743492
102.105551,37,6526.897507
98.582127,37,6527.053417
68.909523,21,6527.145044
-82.124881,43,6527.313692
-28.416187,21,6527.394507
-31.064337,21,6527.481097
-132.281297,20,6527.559565
-231.026858,42,6527.732558
-55.106297,26,6527.844998
53.897571,25,6527.945352
38.501261,27,6528.056039
76.610014,35,6528.200001
-44.993195,23,6528.301092
-131.660482,20,6528.381608
-128.399463,19,6528.45859
0.214931,53,6528.673865
-31.181553,21,6528.762962
-26.821793,22,6528.853465
-27.54873,21,6528.938993
-191.570268,47,6529.135128
28.53534,42,6529.307394
97.753854,38,6529.501537
-19.107981,19,6529.584133
-246.981854,37,6529.742923
88.396348,32,6529.878976
39.13131,27,6529.988436
-21.236706,19,6530.065134
-124.054277,19,6530.141526
61.703961,22,6530.234648
-60.736332,37,6530.391418
68.951241,21,6530.477377
-27.116503,20,6530.560743
68.289751,21,6530.645657
-271.486318,41,6530.809878
-22.061084,33,6530.940539
-166.718583,54,6531.154179
-169.427453,43,6531.331893
-102.968864,45,6531.515459
-24.343273,20,6531.597691
-132.818524,21,6531.683457
-25.221589,19,6531.765558
163.897684,22,6531.85605
-116.897391,33,6531.989888
-77.833838,33,6532.126084
-475.836408,101,6532.548474
-41.237847,26,6532.657838
-24.493066,20,6532.744639
63.137058,23,6532.844167
64.605267,22,6539.728919
-341.659408,51,6539.997975
-246.387719,37,6540.156213
-58.573161,37,6540.305273
-23.875545,19,6540.380316
-304.737593,48,6540.584676
-30.142142,20,6540.668737
-195.123022,31,6540.793693
-22.211007,36,6540.942324
58.250991,23,6541.042067
73.306781,21,6541.128634
70.202282,20,6541.20873
70.314433,21,6541.30153
-140.6062,36,6541.528433
-222.394228,33,6541.672015
-22.33162,19,6541.753536
72.600312,20,6541.834508
-29.475059,20,6541.915767
-158.734982,37,6542.069545
-87.73734,30,6542.197964
-64.822478,37,6542.357709
-130.381084,37,6542.615924
64.915463,22,6542.712076
-33.814474,22,6542.804557
68.494057,22,6542.90061
-252.105284,39,6543.061686
99.808247,67,6543.341325
162.772746,24,6543.448281
159.579992,25,6543.552973
31.923135,26,6543.659248
-74.578899,29,6543.775943
156.410893,26,6543.885844
-121.882468,21,6543.975168
-22.864414,20,6544.063774
-238.295809,49,6544.284857
-258.9545,37,6544.436177
-161.764043,37,6544.582179
161.968228,22,6544.676006
-28.07175,20,6544.758559
-58.415655,26,6544.867507
-108.165605,33,6545.008662
-130.584177,20,6545.087563
-164.817965,37,6545.238889
70.285708,20,6545.617966
-247.023361,61,6545.916876
46.117494,24,6546.014924
-29.407749,20,6546.093958
36.592452,25,6546.202234
188.061505,20,6546.286002
267.046586,22,6546.377375
221.97835,27,6546.497531
-92.747307,32,6546.625388
-239.802651,37,6546.778464
69.400832,21,6546.861227
-254.223511,41,6547.044159
-141.312648,22,6547.134641
-88.759928,41,6547.314058
-161.800801,40,6547.480304
-115.306811,33,6547.624163
66.530734,21,6547.708509
-140.992264,25,6547.813804
-31.340982,20,6547.903246
-168.175203,42,6548.15003
-68.818453,26,6548.355806
-29.659057,20,6548.532678
-61.356597,26,6548.782202
266.153578,22,6548.963291
23.55742,29,6549.174373
-124.400572,19,6549.321174
-35.358309,23,6549.507931
-27.054871,20,6549.678736
-22.460167,19,6557.004118
-31.313571,23,6557.13856
-258.680417,37,6557.303444
-170.968897,26,6557.422014
-136.595534,22,6557.51118
-164.026757,26,6557.617893
-158.753796,37,6557.776319
-94.590135,31,6557.900596
-175.347109,43,6558.072361
39.945159,27,6558.188796
-3.124732,35,6558.341804
-22.734548,20,6558.423496
-111.10319,35,6558.573888
-226.095777,35,6558.719089
-127.113367,19,6558.796341
72.21856,20,6558.876079
-143.969282,36,6559.038688
-257.557384,40,6559.21232
-163.824514,37,6559.365234
-84.340018,43,6559.545362
-162.80564,27,6559.65965
-29.275565,20,6559.739788
152.154946,45,6559.92892
-86.562634,31,6560.055144
-25.477227,20,6560.14058
69.987048,42,6560.324495
-126.1355,19,6560.404263
-180.508918,44,6560.585026
-135.681327,37,6560.737965
-119.786316,18,6560.811978
266.733774,22,6560.899345
-100.614913,32,6561.02898
-29.632434,20,6561.106274
-34.515804,22,6561.197631
72.20761,20,6561.280789
-142.402956,36,6561.478819
245.987317,33,6561.671298
-134.776439,20,6561.76731
211.590419,31,6561.897519
-163.360212,27,6562.011856
-277.424293,71,6562.315152
-154.865646,26,6562.43419
-62.561902,27,6562.542714
-193.14614,34,6562.6771
-20.506179,19,6562.75485
-691.515815,101,6563.16606
-130.84444,21,6563.2564
-49.384551,24,6563.35463
56.060163,23,6563.451878
-16.407647,19,6563.534138
-26.585709,20,6563.615919
-68.762921,37,6563.764074
-28.636485,20,6563.84741
-36.540444,22,6563.938787
-29.617294,21,6564.024839
-49.69896,24,6564.125864
-264.238339,40,6564.434519
26.329317,47,6564.64112
-30.160067,38,6564.808898
-185.645795,31,6564.936466
-200.811919,34,6565.084442
-254.327785,37,6565.237958
-15.593337,19,6565.316431
-234.065095,39,6565.47695
-146.534437,25,6565.587874
35.279512,27,6565.704503
-110.344187,45,6574.232917
-26.674364,19,6574.354797
-173.192283,28,6574.484674
72.774928,20,6574.56447
20.169031,28,6574.677718
70.327504,21,6574.762271
-29.50675,20,6574.847443
-157.490479,26,6574.954676
72.187775,20,6575.03873
-139.253897,23,6575.142178
-62.590535,30,6575.281647
72.132219,20,6575.368251
43.699201,26,6575.476651
-26.669965,20,6575.560865
60.169348,23,6575.65718
-661.883325,101,6576.072642
71.876503,22,6576.16368
-57.147623,25,6576.270087
-29.831493,20,6576.346369
-127.99641,34,6576.491655
-52.478836,24,6576.591425
162.755368,25,6576.700578
-29.893877,20,6576.782169
-28.940469,20,6576.865395
118.636511,43,6577.576486
-32.218127,20,6577.670285
62.475394,22,6577.758813
-188.659376,31,6577.892548
-120.61082,18,6577.969174
-146.174558,25,6578.073808
-32.811083,36,6578.230285
-176.515822,56,6578.485239
3.010002,34,6578.620935
-35.225401,22,6578.711324
-19.7712,19,6578.788777
-198.949225,58,6579.029223
-130.709376,20,6579.105812
-35.219241,22,6579.193549
-41.557974,36,6579.356742
-460.151255,101,6579.779141
49.42256,25,6579.890696
-236.5476,37,6580.051944
-30.328906,21,6580.137189
-46.802728,24,6580.234158
-184.850647,31,6580.364095
-136.448417,22,6580.453001
52.090469,25,6580.551025
-165.433137,37,6580.699832
-332.448603,60,6581.026961
66.449681,22,6581.153376
-51.047166,26,6581.289954
-144.979115,37,6581.478441
12.68274,41,6581.654756
-184.129736,34,6581.802493
-367.524123,53,6582.037792
-144.603039,37,6582.192792
-31.755842,20,6582.273438
-20.220839,19,6582.355959
-163.74564,40,6582.524301
-245.630871,51,6582.745373
-245.763586,43,6582.919096
-46.89474,24,6583.020549
-127.395485,19,6583.100031
-43.935605,37,6583.260481
63.983193,22,6583.353313
-43.087564,24,6583.467985
47.395649,25,6591.447942
-25.377242,20,6591.584418
-586.454709,101,6592.018915
-123.575271,19,6592.099139
-49.446704,24,6592.202345
-22.811776,20,6592.284125
76.145556,20,6592.366788
-126.881599,19,6592.479176
-108.607647,36,6592.913065
-90.119914,82,6593.830574
-31.826874,21,6594.064053
61.387019,22,6594.191203
-169.358707,41,6594.400388
-127.252598,22,6594.514298
-128.638286,19,6594.607104
-22.651375,20,6594.712783
-22.732496,20,6594.808536
65.02578,22,6594.931927
-167.263685,28,6595.06438
-157.522379,39,6595.248474
27.645247,28,6595.425089
57.89162,23,6595.529353
-21.642932,19,6595.616092
-22.628626,19,6595.784527
-87.761224,30,6596.032613
-40.856016,37,6596.190809
-142.740526,37,6596.350435
-32.93848,21,6596.437756
-348.282126,58,6596.682497
51.415056,25,6596.789618
-79.792743,29,6596.914411
99.29617,25,6597.023181
-114.46535,18,6597.106964
160.995398,26,6597.20986
-240.555139,36,6597.3507
-235.777362,37,6597.512421
-46.611798,37,6597.766972
-153.434854,27,6597.878931
-63.935267,27,6597.999189
-27.003002,20,6598.081396
-64.343415,27,6598.18864
-139.525369,35,6598.336863
-30.453718,21,6598.421713
76.100199,21,6598.508924
-37.493648,37,6598.658039
-133.261776,20,6598.738483
-20.129874,33,6598.872035
203.893862,19,6598.949864
-117.655046,18,6599.026798
60.077118,23,6599.120613
-290.662298,49,7576.798619
-367.003553,55,7577.278569
-26.5286,20,7577.397466
-458.908332,101,7577.977934
-94.201455,45,7578.337681
-21.355245,20,7578.571765
66.258346,22,7578.802175
-10.371718,18,7578.973031
-18.670494,20,7579.216873
-381.016374,101,7580.570156
-25.609664,19,7580.796035
72.051561,20,7581.014056
101.642094,39,7581.555457
207.201955,47,7582.089045
-129.603964,20,7582.30525
40.352027,26,7594.389157
-26.493221,20,7594.57466
48.382561,23,7594.731867
40.773908,26,7594.912703
-133.626102,22,7595.182465
92.694066,46,7595.827658
-39.733441,23,7596.102689
-143.171143,25,7596.413622
-82.650597,30,7596.652685
-269.312035,37,7596.868083
-128.385173,35,7597.013583
204.754963,24,7597.124148
-524.408778,100,7597.543451
-158.608855,37,7597.705831
-110.142814,32,7597.843877
-270.104083,40,7598.009401
-47.450126,37,7598.164264
-257.549841,37,7598.317873
-36.07088,25,7598.416621
53.121568,24,7598.514249
60.431586,23,7598.611925
-22.91005,21,7598.700696
-33.531001,22,7598.794042
-33.963438,21,7598.884573
-26.766032,20,7598.983122
-22.377994,19,7599.061571
-38.458121,37,7599.215355
60.828507,28,7599.32879
-190.105704,34,7599.461765
-29.319332,20,7599.541194
261.492285,23,7599.631471
-123.96578,37,7599.79239
67.542244,21,7599.879279
-158.828243,26,7599.986873
41.315243,26,7600.08955
-22.923296,21,7600.173165
-129.367902,19,7600.246022
-22.307693,19,7600.320735
-71.3423,30,7600.440325
-30.973081,20,7600.526648
-26.101888,20,7600.606839
-336.067032,48,7600.799601
-125.51489,19,7600.901574
36.7164,26,7601.011957
-126.378128,21,7601.099778
-202.458669,30,7601.220601
-115.095563,19,7601.313477
73.13358,20,7601.397791
-315.649886,46,7601.583967
59.887238,22,7601.670418
-122.498686,19,7601.74593
-92.785726,44,7601.924315
-128.974984,19,7602.00314
-54.584632,26,7602.107444
-131.091504,36,7602.250354
-56.231561,26,7602.359885
-122.928726,18,7602.432512
-176.400451,27,7602.537196
-74.539194,27,7602.644987
-15.943154,19,7602.720916
166.665173,24,7602.822909
-49.31662,27,7602.93216
62.236905,22,7603.022661
-35.975062,21,7603.106771
-436.237846,101,7603.631527
62.741608,22,7603.717361
-31.747746,22,7603.817566
-28.311873,22,7603.90737
-26.462481,19,7603.984041
16.175804,30,7604.104746
69.008396,21,7604.195456
-45.846652,23,7604.286382
68.064063,21,7604.368091
-263.933764,37,7616.571515
-65.102389,28,7616.719863
263.03348,23,7616.823918
7.184467,29,7616.945954
-268.360858,54,7617.175939
-53.11297,42,7617.352447
73.25977,20,7617.431025
-128.507703,19,7617.506173
-126.075878,22,7617.594029
180.571199,35,7617.750163
69.660499,30,7617.887301
-265.321917,41,7618.055894
61.88069,23,7618.152828
-24.774649,20,7618.243951
70.554163,21,7618.325904
163.742147,22,7618.408447
-19.604863,20,7618.487971
-222.1924,35,7618.623635
-187.058838,29,7618.739265
-59.745186,26,7618.848896
-145.876804,24,7618.952132
-23.746399,19,7619.029902
-90.842749,31,7619.152346
69.150746,24,7619.25429
72.812995,20,7619.330943
-188.135769,74,7619.633203
-165.472903,43,7619.805633
-38.127448,22,7619.897807
-242.175527,40,7620.054044
-213.026914,37,7620.199961
-131.580828,22,7620.290859
-21.276408,20,7620.366443
-245.444953,37,7620.518904
-47.925377,24,7620.614854
18.181395,30,7620.732355
-9.492961,37,7620.885714
-121.409062,51,7621.088325
-304.479433,76,7621.391574
-82.719326,31,7621.523913
-35.304066,22,7621.611592
57.286616,23,7621.701356
-660.279915,101,7622.107956
-164.768445,37,7622.258929
42.240948,27,7622.376719
-63.674597,30,7622.494618
-129.515343,21,7622.583854
-265.853238,37,7622.726953
52.638375,27,7622.83938
-138.53189,50,7623.043077
-127.127831,19,7623.116953
-30.415256,36,7623.262013
-40.464422,23,7623.356896
52.014161,23,7623.447268
-15.735031,19,7623.52235
62.120241,25,7623.621761
-253.167356,37,7623.769936
-12.604202,19,7623.858539
-146.819079,22,7623.962881
-62.431883,27,7624.075754
-436.506533,82,7624.399479
-27.492357,21,7624.485102
-30.567382,20,7624.563279
-19.716573,19,7624.644392
-35.078289,22,7624.742602
-47.535138,38,7635.317553
-26.725645,19,7635.453512
-2.072666,33,7635.638987
39.83523,27,7635.762001
-136.541982,22,7635.856988
-18.558688,20,7635.937428
-278.384036,44,7636.151408
60.344448,22,7636.240685
-79.408392,31,7636.37036
-8.624588,18,7636.445141
-56.620111,25,7636.548669
-201.614252,35,7636.694963
148.686231,28,7636.814402
-119.734959,19,7636.89785
92.745,21,7636.993068
-21.601422,19,7637.077992
14.217325,30,7637.209403
-188.376046,59,7637.457837
-53.738514,27,7637.564583
-16.118288,34,7637.7058
-174.308746,77,7638.066828
-275.41513,41,7638.329793
-61.585641,37,7638.610778
-259.444481,37,7638.931699
-191.401998,35,7639.152506
-34.654857,23,7639.250069
-4.298972,32,7639.461765
47.22794,24,7639.569511
74.643358,20,7639.668202
-50.579151,23,7639.761124
-63.247638,37,7639.916516
-113.020673,39,7640.075893
60.78691,23,7640.175276
-458.646705,101,7640.588534
-122.848843,19,7640.66882
26.067823,27,7640.78895
20.775077,28,7640.941421
-201.684488,30,7641.063864
-306.84678,53,7641.313493
-15.818105,19,7641.393573
-206.32428,33,7641.534859
-48.164257,38,7641.69732
-168.129773,29,7641.815324
-176.909084,27,7641.923353
-140.672282,37,7642.076515
73.218398,20,7642.16207
-49.320264,25,7642.263877
231.727089,26,7642.374595
-214.701423,62,7642.623502
-244.587024,44,7642.802646
-26.177568,20,7642.8882
-28.779483,21,7642.975595
48.751999,25,7643.077195
-60.680325,37,7643.235412
67.425219,21,7643.329214
70.098326,21,7643.412913
-34.337515,22,7643.502179
-165.512234,26,7643.603147
-111.995216,52,7643.824768
60.170812,22,7643.916744
-21.053993,34,7644.056291
-139.749739,23,7644.152995
-129.857019,20,7644.238633
-80.904499,30,7644.366366
54.483094,23,7644.458869
-144.076058,55,7659.119017
-26.179577,20,7659.276399
24.315189,29,7659.424592
-78.169823,30,7659.557519
-43.610629,23,7659.650676
-16.150293,19,7659.730393
53.355232,80,7660.061678
-126.154237,19,7660.138396
-194.389054,29,7660.260944
-128.963767,21,7660.348376
-182.795637,29,7660.466006
-35.623787,22,7660.555114
-20.94992,19,7660.630038
-261.763478,37,7660.775884
-255.010281,37,7660.932834
79.531712,22,7661.02777
165.121208,24,7661.132483
194.825278,25,7661.324067
-27.090368,20,7661.421501
-247.407569,37,7661.576795
73.331551,20,7661.661642
-15.463113,19,7661.737592
-24.68694,19,7661.817812
-12.472749,19,7661.891953
-181.471134,27,7662.00806
-26.77627,19,7662.084158
-34.982603,22,7662.174311
-116.913517,20,7662.252868
-320.893412,101,7662.664891
-251.957557,39,7662.817972
-56.20879,27,7662.931715
-28.597099,20,7663.014956
-181.097967,57,7663.24835
-21.493482,19,7663.324177
-124.073434,21,7663.406584
-37.992965,23,7663.497322
-197.174043,49,7663.705108
-212.408654,33,7663.837319
-37.860509,24,7663.933388
-51.560461,24,7664.02934
35.692801,27,7664.140815
179.654155,21,7664.235483
170.163477,27,7664.361072
-86.883652,47,7664.552812
-138.199232,21,7664.637254
68.733242,21,7664.722383
-38.248246,23,7664.814957
168.023762,21,7664.898086
64.104759,22,7664.988251
-129.787415,22,7665.079092
189.716722,24,7665.180283
-253.692947,39,7665.339588
-125.843856,36,7665.494911
268.436523,22,7665.583132
133.169892,28,7665.691607
155.236712,73,7665.977757
-45.290887,23,7666.07647
-114.517883,19,7666.155772
-30.996444,22,7666.241341
-32.650777,21,7666.327859
-34.836104,22,7666.416742
-31.434591,20,7666.500044
170.561938,21,7666.587858
-149.472111,37,7666.736306
-27.241497,21,7666.823344
-17.463055,19,7666.895984
-41.715732,22,7666.986864
-34.520165,21,7667.172832
-129.695348,20,7667.254218
-10.645568,33,7667.395668
-217.513238,51,7667.60448
-46.305907,24,7667.700991
-279.602339,58,7684.29763
-47.832464,23,7684.414922
54.079338,24,7684.54123
67.333422,22,7684.628528
41.344128,26,7684.737937
57.394224,23,7684.834636
-50.293385,26,7684.944141
-16.761742,19,7685.018386
-146.436463,24,7685.114643
-43.681757,46,7685.302665
-138.444762,35,7685.437003
-32.208824,35,7685.584607
-22.294205,19,7685.668662
-11.425293,19,7685.744279
204.985484,21,7685.827719
-249.274297,37,7685.97555
-233.615711,32,7686.103143
-203.767423,30,7686.244615
-33.471426,22,7686.360089
-142.24403,35,7686.506677
62.602427,23,7686.599989
61.066342,23,7686.696188
-30.695517,21,7686.780098
-25.701327,19,7686.858949
-98.852905,32,7686.99022
-23.110637,19,7687.06576
-13.631624,19,7687.140461
-26.317895,19,7687.215795
-38.094549,21,7687.306171
47.101593,25,7687.416632
24.589094,54,7687.631145
-145.637923,24,7687.733605
-32.53318,21,7687.817083
39.710285,26,7687.915977
-13.567629,19,7687.992304
-162.767199,40,7688.159105
-27.588973,20,7688.236119
-57.893448,25,7688.334522
83.564888,19,7688.414365
-48.187397,23,7688.50753
-312.509109,46,7688.689921
-142.054749,23,7688.777746
54.895764,24,7688.874346
-22.094901,19,7688.958001
58.033905,23,7689.053518
-28.82493,20,7689.135167
65.79367,21,7689.225465
-21.865161,19,7689.302642
-306.727734,58,7689.530706
-14.325829,19,7689.612743
-51.15094,25,7689.713428
-138.792295,22,7689.802946
-25.311231,20,7689.886433
275.297642,40,7690.05473
-230.546824,72,7690.341945
-121.502061,18,7690.417103
-20.713486,19,7690.491593
-127.43672,19,7690.568089
-125.827883,19,7690.642756
-86.01158,29,7690.757634
-143.621109,24,7690.861115
-166.56347,37,7691.00659
-126.288926,19,7691.084203
-76.87599,30,7691.207111
-27.276446,21,7691.297235
-136.565374,23,7691.386849
-11.821836,36,7691.5308
-28.63287,21,7691.614425
-19.067335,36,7691.774329
-138.918752,36,7691.918506
-371.819908,67,7692.192678
-201.830873,46,7692.379788
-145.362945,22,7692.471428
-103.81524,45,7703.773466
-46.962222,25,7703.914204
74.32614,20,7704.002051
-30.008748,21,7704.090974
-71.291411,29,7704.208113
-141.281397,37,7704.364998
-257.453609,55,7704.586975
-65.721874,40,7704.749473
-113.532999,18,7704.824185
-177.040112,41,7704.986482
-117.44717,20,7705.064377
-102.346441,38,7705.223216
-33.354699,21,7705.305849
-290.369166,47,7705.500512
159.451151,22,7705.586025
-26.314146,19,7705.66434
-34.987351,36,7705.815807
-18.035948,20,7705.894855
-619.077998,101,7706.309568
-131.002501,22,7706.407106
-31.744273,20,7706.484306
-80.588099,29,7706.604881
-24.056222,19,7706.681097
22.489936,28,7706.794748
-124.350355,19,7706.871443
-25.738701,19,7706.94757
-23.739106,19,7707.029279
137.472107,27,7707.141291
-124.713102,19,7707.215638
-14.022298,46,7707.402216
-31.415729,36,7707.637749
-11.635319,19,7707.720245
-71.587735,28,7707.833669
-51.608976,25,7707.936676
-246.675164,37,7708.083432
187.960047,20,7708.174821
-117.983606,18,7708.246151
-25.055453,20,7708.324544
-156.474315,37,7708.474536
-30.734282,20,7708.553236
-232.120488,35,7708.696382
73.17895,20,7708.77466
-28.085123,20,7708.854017
-38.362545,22,7708.945692
-268.664874,40,7709.108108
-128.386788,19,7709.189964
-34.202774,22,7709.27785
-176.279645,27,7709.385596
45.572926,26,7709.484941
-39.623536,25,7709.581841
-27.05333,20,7709.666542
-32.555617,23,7709.796492
-41.121208,22,7709.881817
-292.402436,42,7710.045376
-30.310225,20,7710.132119
-119.788085,20,7710.213128
-37.28427,22,7710.306696
57.311935,23,7710.404861
79.309695,22,7710.49408
-27.203314,20,7710.573781
-122.969886,19,7710.650667
70.732474,20,7710.73527
-167.087874,55,7710.951703
-29.83703,23,7711.052242
70.898496,20,7711.128839
64.173014,22,7711.221658
-37.277369,22,7711.318349
73.903658,20,7711.399609
-169.876412,40,7711.553325
-120.289425,38,7711.69945
-23.925524,19,7711.773758
-604.46377,82,7712.112964
-147.998211,22,7712.204703
-126.320368,19,7725.99368
-22.718391,19,7726.112038
-19.267785,19,7726.217232
-131.371903,20,7726.320755
8.869611,31,7726.471275
-61.343869,25,7726.577522
134.02516,30,7726.700672
7.263464,31,7726.830854
-29.389917,21,7726.911254
-25.630902,20,7726.991753
-29.154207,20,7727.070952
-161.225101,41,7727.250213
-107.82249,34,7727.384255
-24.385943,19,7727.465072
73.667845,20,7727.549263
-189.155346,29,7727.670005
-58.710403,25,7727.770921
36.498409,27,7727.87961
-30.16864,20,7727.967694
-210.222297,53,7728.183681
-28.926189,20,7728.260896
-19.222624,19,7728.336416
-132.130307,20,7728.411977
165.147127,26,7728.517749
-281.834503,42,7728.686333
-163.751596,46,7728.977993
-27.552523,21,7729.116834
-73.529166,30,7729.248102
-25.234934,20,7729.328117
-9.251116,18,7729.407898
185.96648,20,7729.502685
83.327932,19,7729.607443
-24.417806,19,7729.701166
-17.159807,19,7729.783768
64.39598,22,7729.870312
-53.910377,26,7729.973876
151.67425,27,7730.088762
181.104343,21,7730.173925
-135.563936,21,7730.260997
-31.800679,21,7730.346909
-150.311913,25,7730.451314
-123.994854,21,7730.541368
-42.107308,22,7730.632974
-52.431798,38,7730.787004
-49.141135,25,7730.884272
66.279598,21,7730.964778
-136.469541,21,7731.049172
-48.969548,23,7731.140484
177.170904,22,7731.234075
-56.319339,45,7731.413829
49.355301,25,7731.513204
-22.663212,20,7731.591173
-288.470632,73,7731.886376
-41.863366,37,7732.037213
-37.477936,37,7732.181837
357.199144,24,7732.28094
-22.042754,21,7732.366464
-123.615661,21,7732.46157
105.75345,31,7732.589565
-282.639371,42,7732.763903
-170.922965,41,7732.92122
-41.101683,23,7733.018152
-142.731946,38,7733.170222
44.796232,25,7733.265583
-128.114727,19,7733.339838
-17.985843,21,7733.429331
-221.001065,34,7733.564396
-69.454107,30,7733.682034
-23.257688,20,7733.759874
58.962512,23,7733.853993
-139.670324,24,7733.947414
57.815934,23,7734.047347
-12.958939,19,7734.120058
-130.273542,20,7734.196677
-194.989484,31,7734.320635
185.722368,21,7734.501434
-256.720196,40,7734.666557
84.716992,19,7747.333779
-135.395298,24,7747.513553
73.884176,20,7747.610781
-36.769,22,7747.729032
-126.906593,19,7747.829522
53.506999,25,7747.941374
-190.114706,35,7748.08525
-29.441686,20,7748.165082
-41.512872,23,7748.263373
15.867455,30,7748.382227
-413.129846,75,7748.677528
-129.317802,21,7748.762998
-401.498207,79,7749.078019
-20.927442,20,7749.161284
-28.343015,19,7749.237504
-143.738818,23,7749.331644
86.160118,33,7749.460655
-34.012173,23,7749.55273
-41.794388,23,7749.648839
-36.49037,22,7749.738738
-15.159925,19,7749.823836
64.512916,22,7749.913115
60.095128,23,7750.004753
60.313038,26,7750.109814
-236.733482,36,7750.25618
-127.390259,19,7750.326213
-20.719767,35,7750.464232
78.716001,19,7750.53962
-29.048204,21,7750.622269
-26.200631,20,7750.704205
157.01377,26,7750.809065
-133.117847,20,7750.886647
76.305329,20,7750.969261
-198.352614,30,7751.096493
-23.630082,19,7751.175799
-250.952717,38,7751.325868
-143.723796,22,7751.409124
-35.170084,33,7751.545773
-123.927995,19,7751.622322
-22.772299,22,7751.711161
-126.431032,19,7751.78929
-248.84339,37,7751.931483
-139.596224,23,7752.02861
-154.850401,25,7752.136546
63.994888,22,7752.225151
198.510597,20,7752.305741
-22.265966,19,7752.384435
-533.137293,101,7752.793892
-21.540013,19,7752.871835
-125.170218,21,7752.960834
-26.924685,20,7753.03746
-132.746154,23,7753.132398
-262.169782,42,7753.30271
79.187754,19,7753.376951
-132.549312,22,7753.465379
49.557464,25,7753.56786
-140.267954,21,7753.652
-19.652027,19,7753.735705
17.28362,29,7753.855505
-277.020103,42,7754.022222
17.504586,28,7754.13193
-28.62766,20,7754.215002
-91.840288,31,7754.360182
-30.799047,20,7754.437769
-178.975775,43,7754.608389
-29.457564,20,7754.687983
49.004152,26,7754.798002
-216.726875,33,7754.934161
-31.82293,21,7755.016896
-123.690161,19,7755.09157
77.208888,19,7755.173988
79.90616,19,7755.24684
52.058532,25,7755.348046
67.065027,21,7755.434032
-27.072331,19,7755.50747
-171.304074,27,7755.620725
-138.706322,36,7765.91449
149.333286,37,7766.134042
161.702553,23,7766.244753
-119.337172,20,7766.332654
70.429459,21,7766.419206
-13.452117,19,7766.497355
73.255108,20,7766.575996
-233.544475,50,7766.785889
-284.09589,44,7766.964561
-29.153123,20,7767.045269
63.212682,22,7767.133981
-74.3987,48,7767.329322
-32.677787,21,7767.413782
-125.641333,19,7767.504959
-120.651961,36,7767.647418
23.913598,27,7767.761868
-79.264378,29,7767.88867
72.069137,20,7767.973588
56.90308,24,7768.074487
19.929937,32,7768.205186
-306.518313,61,7768.46156
-104.819625,32,7768.586543
-127.306226,19,7768.660277
-30.735086,20,7768.739498
-91.959576,43,7768.905752
-129.562429,21,7768.985875
-152.88219,56,7769.214462
-83.158889,30,7769.326875
-611.389302,101,7769.720706
103.081491,32,7769.842075
58.206636,23,7769.930112
-397.432837,101,7770.450037
30.981035,27,7770.562527
67.325576,21,7770.646729
-21.30485,20,7770.735047
-22.667806,19,7770.811002
-49.023158,39,7770.968221
-85.933789,32,7771.096318
-38.657474,22,7771.185941
-25.160206,19,7771.261556
-17.648566,19,7771.336692
31.609507,27,7771.445137
-129.016757,19,7771.528806
-25.53938,19,7771.607185
43.275206,26,7771.708068
-157.267632,27,7771.815226
-25.825388,20,7771.894434
-292.330358,41,7772.061302
-29.764454,21,7772.149336
-62.745323,37,7772.294167
-312.906323,46,7772.484806
-61.745903,27,7772.592227
-75.567602,29,7772.708012
-65.696918,27,7772.817804
45.668559,26,7773.260279
21.409806,36,7773.42825
72.683611,20,7773.514283
-260.039027,37,7773.669678
-40.184143,24,7773.764136
-253.746912,50,7773.962274
-123.955224,21,7774.045391
-123.641295,18,7774.121401
203.758081,18,7774.204901
-161.749309,37,7774.356283
-125.051838,18,7774.437701
35.865002,27,7774.542881
-35.410448,22,7774.626048
120.059742,30,7774.748424
-30.928735,20,7788.050415
-29.091095,20,7788.162239
98.65526,33,7788.320073
43.624781,26,7788.43858
-32.315001,22,7788.522671
-27.136143,20,7788.60104
-22.024152,19,7788.678771
-30.51978,21,7788.770659
-168.554895,30,7788.936009
-238.314819,37,7789.132537
-61.418269,37,7789.325863
-120.119703,33,7789.469281
-52.190157,41,7789.631127
-21.57688,19,7789.707743
-424.708829,65,7789.976126
-24.352234,20,7790.059597
-143.036621,35,7790.205538
-214.289152,34,7790.34682
-223.487275,34,7790.485811
57.721637,23,7790.598518
-92.601379,31,7790.727703
-21.410469,19,7790.800757
-87.45912,29,7790.921191
65.926241,21,7791.009789
-127.357629,19,7791.086928
-108.767104,18,7791.162732
-69.588687,29,7791.281776
-28.695393,20,7791.366061
-27.202086,20,7791.445352
200.362362,20,7791.527532
-129.873471,35,7791.664813
-33.037771,21,7791.747173
-24.170791,19,7791.822996
97.710591,22,7791.918054
-218.529604,37,7792.070366
-16.777676,19,7792.16352
-23.667241,19,7792.250447
-126.243931,19,7792.331547
-243.164986,37,7792.485173
80.512196,20,7792.564531
-37.772185,23,7792.654736
-133.328167,20,7792.73109
-26.185703,19,7792.806735
-5.135526,45,7792.986275
82.437476,19,7793.058992
-99.890743,45,7793.254286
-135.139961,36,7793.400303
-159.758265,55,7793.611422
-51.699103,25,7793.713679
62.362346,22,7793.801285
-32.205443,20,7793.879957
-48.457875,25,7793.978622
-161.938281,26,7794.088716
69.439069,21,7794.182999
-250.757014,37,7794.336171
208.244265,20,7794.417861
-48.302475,26,7794.53234
64.577928,22,7794.621219
-145.947,24,7794.715793
-24.699301,21,7794.802841
-28.110016,20,7794.879938
149.016837,25,7794.977441
67.93779,22,7795.068849
72.549151,21,7795.151871
-61.291503,24,7795.249365
-25.21284,19,7795.326947
-30.892262,21,7795.41436
154.772123,24,7795.507498
-246.340428,46,7795.689733
-247.253039,37,7795.835199
-136.604372,37,7795.994743
-38.98408,43,7796.170102
-127.995351,19,7796.247084
-101.149442,34,7796.381094
-55.053546,26,7796.485019
-133.701241,20,7808.835803
-58.362136,26,7809.009623
121.123278,51,7809.342012
117.278531,30,7809.473358
-37.177269,36,7809.618443
-52.765253,26,7809.72576
191.396212,24,7809.823155
-49.571977,25,7809.923148
-252.602281,42,7810.09273
-25.529274,19,7810.17293
-59.404527,28,7810.283697
-145.786505,25,7810.391543
-52.087156,24,7810.495577
63.787578,22,7810.589036
-248.281761,39,7810.759448
-208.794551,33,7810.896559
-16.764887,32,7811.024527
-126.607473,19,7811.101251
-123.51787,19,7811.174978
-43.786028,24,7811.272544
55.914364,22,7811.360693
90.66258,39,7811.522525
-192.212118,33,7811.653233
-30.112696,20,7811.73069
12.14119,36,7811.867183
-193.141269,46,7812.052949
71.242578,20,7812.133892
169.71573,23,7812.22244
-110.878534,33,7812.365822
-25.57912,19,7812.44932
-27.677076,20,7812.527242
-47.890381,22,7812.634364
-76.780531,29,7812.786819
51.608749,24,7812.907257
62.810706,22,7813.009028
-30.5936,21,7813.094829
-65.264732,27,7813.214407
-22.205807,19,7813.296426
49.062209,25,7813.394572
82.071861,19,7813.474483
15.135925,37,7813.628071
-58.84449,27,7813.746131
-31.79742,20,7813.822206
-43.359276,24,7813.921192
177.478984,22,7814.00854
-48.736397,23,7814.109049
-19.983981,21,7814.197843
56.038535,24,7814.300773
-66.616365,41,7814.470404
77.880538,19,7814.5508
-250.996471,39,7814.745889
-63.954986,47,7815.000549
-129.912337,21,7815.117594
53.612233,25,7815.313798
75.991822,23,7815.586469
-23.310215,19,7815.765411
-102.845229,32,7816.087272
-72.667194,29,7816.351664
143.847496,26,7816.542492
61.26639,22,7816.755241
69.968095,20,7816.955851
49.822808,24,7817.169442
102.791093,39,7817.528829
44.447598,24,7817.790604
-117.08085,35,7818.176524
-19.541528,21,7818.400648
-14.901814,19,7818.603424
-22.557344,19,7818.828735
55.707236,41,7819.247258
-239.741879,38,7819.553184
-381.116868,49,7819.803568
59.62133,23,7819.894732
64.401163,21,7819.981806
-146.057392,27,7820.092025
-29.440836,20,7820.182199
-138.731541,22,7830.945091
40.339879,27,7831.150316
57.393438,37,7831.329374
-29.49001,21,7831.423545
-132.485533,20,7831.51559
-241.206206,37,7831.672289
198.173191,42,7831.845289
-117.467801,18,7831.918577
82.09908,19,7831.995473
-134.935411,20,7832.075477
-19.125983,20,7832.158021
-98.422162,33,7832.293964
162.243248,22,7832.384114
45.9258,25,7832.488962
-204.103661,45,7832.666043
-32.78076,21,7832.750934
-24.33405,36,7832.895232
-122.43262,18,7832.966512
-33.246519,20,7833.046164
-73.535425,29,7833.169247
57.028764,24,7833.265208
-98.169849,30,7833.386029
-21.182951,37,7833.533871
-20.067169,19,7833.608403
-172.264223,32,7833.734265
35.622161,26,7833.831981
-27.417728,21,7833.912599
-167.307529,28,7834.019707
-15.284615,19,7834.395388
-130.931023,21,7834.520761
-45.957103,24,7834.622001
-29.507101,20,7834.697017
-236.877968,37,7834.841856
53.873,25,7834.952992
52.882958,24,7835.057221
54.757059,22,7835.147654
-14.334569,18,7835.222169
-127.29342,19,7835.294838
80.589815,19,7835.372751
-81.336252,32,7835.504444
166.342987,22,7835.591222
-248.824792,37,7835.738021
-166.472889,40,7835.899399
-187.889097,48,7836.184582
-28.628726,20,7836.289422
-21.883862,20,7836.382267
-27.651395,22,7836.473557
-43.124085,23,7836.577974
-147.364678,37,7836.755405
-104.750177,33,7836.898278
52.412499,24,7836.993946
-23.578893,34,7837.132746
-30.031671,20,7837.217224
238.454886,32,7837.34688
-50.144563,25,7837.445653
67.153913,21,7837.540964
-387.689657,67,7837.808456
-94.864823,31,7837.934118
67.761497,21,7838.017724
-28.777361,20,7838.095575
-38.969117,24,7838.191329
-56.539974,27,7838.29847
-36.090161,36,7838.439996
-6.255838,32,7838.577976
-143.154278,26,7838.67929
-157.601686,26,7838.779068
-62.274969,27,7838.886087
67.193596,21,7838.971597
-24.500395,20,7839.053523
-43.073873,37,7839.212486
-32.497259,22,7839.298219
34.459687,28,7839.410726
-99.045298,45,7839.592198
-201.590808,35,7839.726287
-38.839622,23,7839.81393
-136.713792,36,7852.846661
-29.634016,20,7852.956585
-210.227332,31,7853.100693
226.969421,29,7853.223628
-255.681164,37,7853.370879
-15.408907,19,7853.44522
-30.329129,20,7853.523923
-249.87795,37,7853.666611
35.117517,27,7853.77288
74.285584,20,7853.855377
71.430143,21,7853.940477
-133.322267,20,7854.018588
-140.688807,23,7854.107476
67.236146,21,7854.192706
-27.185302,20,7854.280822
239.965698,39,7854.437136
-36.66485,21,7854.522285
-45.137394,22,7854.614494
-22.706522,19,7854.689451
-182.242044,31,7854.814668
150.77734,23,7854.906291
-35.901005,24,7854.994925
-54.028538,26,7855.098579
69.952049,21,7855.180641
-39.768295,23,7855.27234
-131.851921,20,7855.350493
70.520048,20,7855.431691
-153.524195,44,7855.607043
-615.09442,101,7856.015993
-60.534073,27,7856.114964
-138.263888,24,7856.207862
-149.857819,24,7856.303872
-138.992739,26,7856.402751
-26.795752,20,7856.479199
49.274942,25,7856.580461
-141.803433,37,7856.730526
-27.022334,20,7856.808921
-423.336653,101,7857.21695
-187.625707,30,7857.333501
58.454908,24,7857.431515
-28.928635,20,7857.516129
-123.209189,51,7857.718418
-58.218331,28,7857.831343
17.63445,30,7857.950937
55.366582,22,7858.041862
-59.331494,37,7858.195351
206.291739,90,7858.555406
-161.607627,27,7858.666963
50.955171,24,7858.770163
-440.709207,67,7859.037357
-122.224709,19,7859.113567
44.078174,26,7859.214805
44.324628,26,7859.312533
23.525972,29,7859.424762
46.646733,42,7859.591395
-15.147014,19,7859.669558
20.435345,29,7859.789033
-24.734589,21,7859.876054
62.785629,22,7859.961751
246.205737,24,7860.057214
-22.566953,21,7860.143524
-163.752626,45,7860.319975
60.829552,23,7860.410774
-140.569053,21,7860.495338
24.1963,31,7860.62068
-133.87873,20,7860.703213
-27.592427,20,7860.780449
-172.358815,40,7860.944497
-69.811459,29,7870.418562
-137.914476,22,7870.566866
-123.682018,19,7870.661018
-47.217671,42,7870.836366
-64.046655,28,7870.949291
-126.918413,22,7871.043343
-35.626785,23,7871.234506
-30.979128,20,7871.313508
36.436744,27,7871.429914
56.628194,22,7871.518182
-80.359689,28,7871.626119
65.378016,22,7871.718325
-145.303466,24,7871.816528
-139.524518,23,7871.909531
-130.039141,35,7872.046981
-16.336384,19,7872.126313
80.936285,19,7872.209495
-154.849296,37,7872.35537
48.650207,25,7872.455324
168.6951,21,7872.551983
59.584285,23,7872.639772
-68.250909,26,7872.743324
150.894394,24,7872.838378
-118.218154,18,7872.911301
-34.267029,22,7873.002961
58.751331,23,7873.095632
-28.932018,20,7873.178015
167.114044,21,7873.26185
-55.503977,37,7873.410672
-134.856275,21,7873.494012
66.529118,21,7873.583541
-121.721077,34,7873.716801
-38.987528,24,7873.813199
-37.555952,23,7873.905521
-120.075579,18,7873.977725
-208.074984,33,7874.104155
-162.030994,40,7874.264992
-23.348564,19,7874.338428
278.528481,22,7874.428337
54.030432,24,7874.529215
-121.437349,18,7874.600501
-190.629777,43,7874.765846
22.198405,30,7874.883924
-117.183972,48,7875.078084
61.395509,23,7875.172674
-14.332045,18,7875.247181
152.992928,24,7875.341953
-25.570311,20,7875.422349
-126.122047,19,7875.497251
-111.38035,19,7875.575839
-104.15482,50,7875.77483
-137.976152,21,7875.85364
-9.427569,18,7875.929339
54.77692,24,7876.030299
-118.004243,18,7876.101083
-32.284188,21,7876.181747
-20.472276,19,7876.257404
-127.178575,37,7876.396197
-40.541408,24,7876.490802
-25.050353,20,7876.57342
67.974796,22,7876.683778
-124.742597,19,7876.802485
-162.327067,37,7877.150982
42.171242,27,7877.353191
-124.094624,19,7877.51366
-17.620302,20,7877.701079
-239.803139,37,7878.144834
-128.145938,21,7878.333094
59.698643,22,7878.515838
-216.800841,47,7878.911903
-29.381795,20,7879.057671
-55.410604,26,7879.223758
-278.035302,48,7879.595037
-59.516788,27,7879.883028
-24.116423,19,7880.045993
-151.333475,39,7880.411103
-33.977129,22,7880.626466
-241.580348,37,7880.943064
-88.329808,33,7881.141831
-19.020074,20,7889.995758
52.01317,25,7890.154899
58.776746,22,7890.256943
258.172599,23,7890.361425
49.629001,25,7890.467699
-125.360731,20,7890.5507
-146.793806,39,7890.702704
-24.888319,20,7890.782846
-69.722717,28,7890.893233
-132.681076,22,7890.982403
-36.948267,22,7891.068655
-33.966129,24,7891.164771
-133.069329,20,7891.242319
-144.092494,24,7891.336538
-24.614835,20,7891.417222
-126.181552,19,7891.493587
81.332887,35,7891.636524
-18.933095,20,7891.718468
47.356823,26,7891.820965
230.370829,28,7891.9312
72.259344,21,7892.017688
-116.51274,36,7892.166461
-48.435571,23,7892.251713
41.144391,27,7892.355325
158.894192,23,7892.450043
-130.954973,20,7892.532794
-50.024349,23,7892.629545
-24.329592,20,7892.707611
53.955295,25,7892.806912
-43.931604,25,7892.904777
-19.922905,20,7892.980342
32.859107,29,7893.104519
-23.215341,19,7893.179395
-170.527864,27,7893.283702
-133.312099,20,7893.368667
-122.408296,19,7893.451322
-127.436263,19,7893.530044
-25.469741,19,7893.608509
-121.907303,20,7893.688827
-42.288573,24,7893.784409
-48.477725,26,7893.887112
-129.942486,20,7893.964643
-44.391838,23,7894.055485
-140.312689,38,7894.607307
-51.095847,26,7894.804351
-122.984519,34,7894.95574
-133.107177,21,7895.041425
240.435714,30,7895.159868
-60.997462,40,7895.325599
66.714089,22,7895.427444
-71.227341,28,7895.539014
-158.204416,41,7895.795301
17.228567,29,7895.9091
9.613206,38,7896.070215
144.20338,27,7896.182889
-19.923091,19,7896.293998
-123.144154,22,7896.410908
-14.590786,18,7896.485931
-184.061826,31,7896.606428
-29.182936,20,7896.686071
-30.996922,22,7896.779112
-54.884088,26,7896.884708
-175.065934,28,7896.996508
-62.661192,26,7897.099197
-136.234796,22,7897.184239
65.873465,22,7897.276226
-23.869177,21,7897.359583
-18.262879,19,7897.43317
253.331087,24,7897.530785
-129.161219,19,7897.615194
-24.777162,19,7897.689838
-30.42592,23,7897.784427
-130.841967,51,7897.987822
-137.421439,23,7898.083442
-187.24197,42,7898.246579
-205.631922,43,7898.421153
53.051663,25,7898.543773
63.204541,23,7898.633671
68.550322,21,7898.721162
-50.642514,25,7898.821044
-161.65924,42,7911.342243
-73.84321,28,7911.519917
-131.049341,35,7911.670643
-39.442584,24,7911.765406
51.853296,23,7911.857716
-37.291404,23,7911.948294
-26.425373,21,7912.032152
57.327445,23,7912.124772
-72.398794,30,7912.247585
-32.72135,21,7912.329035
72.053318,20,7912.408439
-55.132998,26,7912.509055
-76.677291,41,7912.682287
-142.022242,37,7912.831306
-41.931707,23,7912.925545
59.539766,22,7913.019394
-124.6494,19,7913.090812
-43.687889,22,7913.177666
-22.244113,19,7913.253879
-172.259261,28,7913.366352
-306.914407,97,7913.748196
-124.611528,19,7913.819931
-40.529139,21,7913.90278
-0.174484,30,7914.024305
18.779101,29,7914.1343
-155.816632,38,7914.283907
-29.495786,20,7914.36276
-10.140233,18,7914.435906
-189.935577,30,7914.550723
-21.4504,21,7914.634589
61.544413,23,7914.728217
-53.364142,26,7914.831496
16.199529,30,7914.951278
-128.090185,39,7915.103877
-36.049196,22,7915.19266
-89.832402,30,7915.312146
-40.203055,21,7915.396176
58.0156,24,7915.494432
-266.848977,40,7915.72256
-222.659095,36,7915.863243
-237.941336,53,7916.077974
32.805209,28,7916.191433
68.620379,21,7916.278284
-44.891646,24,7916.371789
-187.903357,44,7916.548324
-118.134589,34,7916.68236
-23.18119,19,7916.754955
-330.232564,53,7916.962563
-73.153614,31,7917.093863
-487.893584,101,7917.5097
-6.809056,33,7917.651733
-133.444074,38,7917.800333
-361.286611,55,7918.024669
-23.051114,21,7918.109725
77.216768,20,7918.191368
74.654291,20,7918.274661
-35.219881,22,7918.360193
-147.565375,78,7918.668811
-376.327867,62,7918.906044
-45.923437,24,7918.997388
-49.722095,25,7919.101932
-243.328439,37,7919.250135
-50.281759,23,7919.338305
47.069799,26,7919.443416
-171.988777,41,7919.610569
-29.23159,20,7928.442775
-22.344002,19,7928.559086
38.547711,27,7928.693941
-39.478031,36,7928.852453
141.931176,28,7928.96472
-46.792108,22,7929.05275
-45.179131,37,7929.206761
-27.479178,20,7929.28731
6.278655,31,7929.415307
53.102293,24,7929.511817
38.062362,26,7929.724182
46.679161,26,7929.83086
74.959368,20,7929.914867
-153.096838,26,7930.022401
45.645876,26,7930.12857
-37.89264,22,7930.216617
-265.477855,37,7930.358982
-163.407512,41,7930.5211
194.715167,23,7930.611323
-33.232477,22,7930.696637
-127.632003,20,7930.777454
-48.623745,23,7930.871734
-97.906169,32,7930.994124
-19.411287,34,7931.13108
-130.948623,22,7931.219773
4.553305,32,7931.347243
36.42102,27,7931.451598
-208.834897,38,7931.601819
-22.453842,19,7931.677053
69.895259,21,7931.761798
44.297064,24,7931.858085
68.043483,21,7931.93885
-29.103863,21,7932.023204
17.024672,28,7932.138476
-166.550075,28,7932.252778
-22.561864,19,7932.324359
-44.84494,22,7932.411416
-20.382078,20,7932.490088
-44.755585,36,7932.641378
-153.496921,80,7932.971079
-25.378965,19,7933.048238
-20.881806,19,7933.122822
-43.141954,23,7933.215861
-197.677342,46,7933.397576
80.384891,19,7933.470699
-135.501121,22,7933.557489
-25.832469,19,7933.628799
-566.43763,77,7933.932584
-245.609379,37,7934.075591
54.305746,23,7934.167447
42.119975,26,7934.271509
70.416898,20,7934.354248
55.341503,22,7934.442556
35.038402,27,7934.555308
-25.177465,34,7934.692719
-246.022908,37,7934.840603
63.533644,22,7934.925121
-128.153758,36,7935.068804
-142.325808,37,7935.292188
-27.024597,19,7935.391976
58.503071,23,7935.501322
-98.364656,37,7935.709227
68.30412,21,7935.826663
-38.051576,22,7935.955818
-84.010046,30,7936.140972
-32.203342,20,7936.263536
-26.301004,22,7936.428577
-29.628713,20,7936.664961
-151.87522,38,7936.952352
-19.833913,19,7937.062341
-173.536995,56,7937.370096
43.203224,26,7937.485127
-282.570835,42,7946.456764
82.211041,41,7946.712212
-263.022165,37,7946.885449
-30.004126,20,7946.963841
50.047784,23,7947.052481
-130.334945,20,7947.134521
-116.622009,31,7947.257849
51.279018,24,7947.352096
212.204507,20,7947.430488
-30.666095,36,7947.579585
-166.118858,37,7947.734322
73.387628,20,7947.810721
-125.611784,19,7947.884727
10.944834,31,7948.0189
-15.060051,19,7948.095167
-161.417967,58,7948.320122
-149.399908,37,7948.467341
-165.946119,30,7948.589739
-546.775287,101,7948.984255
-37.944227,23,7949.074468
-24.807785,19,7949.152951
-129.247262,19,7949.228886
78.701638,19,7949.302564
45.934404,26,7949.407008
-262.389122,40,7949.570905
-10.448426,34,7949.709029
-23.005504,19,7949.786607
68.65793,21,7949.865152
-39.590683,23,7949.954956
-32.627822,21,7950.038355
-248.258158,37,7950.180747
63.311161,22,7950.265843
-29.461663,20,7950.342033
55.169347,23,7950.429773
-85.554924,29,7950.545107
67.833788,21,7950.625328
-260.765499,37,7950.774374
-22.114805,19,7950.845111
-126.104887,19,7950.92146
-122.158441,33,7951.050049
60.089984,23,7951.1409
-27.580718,21,7951.229166
68.939908,21,7951.31264
18.651489,29,7951.43
-188.714288,31,7951.55197
-34.725981,22,7951.640445
-234.805987,36,7951.788657
-155.236804,51,7952.622625
-40.97886,23,7952.743533
-126.564283,50,7952.973255
-132.391589,20,7953.059747
-675.434076,93,7953.442515
-122.634147,19,7953.521606
103.074712,21,7953.615946
132.591936,27,7953.719305
195.005588,21,7953.807874
65.587635,22,7953.89547
22.382084,29,7954.01037
70.97474,20,7954.090973
69.023964,22,7954.183304
71.107389,21,7954.323097
-161.838983,27,7954.430899
-133.652457,22,7954.516244
10.490746,30,7954.648131
-29.152905,20,7954.728046
-116.802886,31,7954.857885
165.286097,22,7954.944113
-139.345325,37,7955.093595
-137.394449,38,7955.244038
66.442931,21,7955.325454
-55.118626,39,7955.48795
-174.368635,41,7967.827209
-167.8079,37,7968.004451
-57.655355,27,7968.110282
-16.052997,19,7968.186721
-200.582717,39,7968.342355
-80.914944,39,7968.49372
-39.307548,22,7968.585307
-99.423963,31,7968.708766
-252.137916,36,7968.8483
-21.936043,19,7968.923978
-26.642944,21,7969.007829
-33.491322,23,7969.10178
68.340527,21,7969.191925
-246.413735,37,7969.339659
39.92515,76,7969.641179
-488.189255,101,7970.032477
67.037566,21,7970.111596
-126.717073,20,7970.191402
-112.61344,33,7970.323482
68.754736,21,7970.405493
-128.926514,21,7970.490153
-46.969176,23,7970.58009
-27.280455,20,7970.660795
-237.187548,51,7970.860638
-135.535215,36,7971.000981
-65.859527,27,7971.108391
-31.685442,23,7971.203728
-48.904092,24,7971.299364
-52.876322,27,7971.405499
-129.685782,35,7971.540471
169.782258,21,7971.627083
-115.101474,35,7971.766526
67.746363,22,7971.851538
53.895158,24,7971.947748
-6.393525,18,7972.0197
-75.037154,31,7972.140518
-133.102768,22,7972.231374
-251.261901,37,7972.37326
-45.241348,23,7972.459831
-35.638445,21,7972.543067
-27.658449,21,7972.632532
-125.904811,19,7972.70843
-126.464473,20,7972.786303
-60.658815,26,7972.898547
-37.967381,23,7972.991072
-46.460142,24,7973.087159
-17.213951,20,7973.168251
-61.676443,26,7973.280624
-60.537583,26,7973.381041
-134.563222,20,7973.460117
-20.455399,19,7973.536976
-129.761391,20,7973.619345
54.594046,22,7973.706027
50.087298,25,7973.809092
-318.671435,51,7974.007664
238.588096,28,7974.120479
71.295546,20,7974.201272
185.297441,20,7974.283476
-33.646168,21,7974.368037
-526.79707,93,7974.737135
-339.569324,75,7975.037567
72.918589,20,7975.118699
57.404544,22,7975.204299
54.721284,22,7975.289731
-19.952411,19,7975.363547
62.127105,23,7975.451417
-182.762937,29,7975.564317
68.027581,21,7975.647699
-24.885155,19,7975.72518
-181.995252,29,7975.839493
-98.444954,32,7984.613911
-120.455686,19,7984.720693
177.063581,21,7984.817224
-145.075369,23,7984.909192
19.861423,50,7985.108733
-22.708457,19,7985.18408
138.580327,26,7985.286895
-692.419924,101,7985.674922
-60.85805,27,7985.786305
-334.117769,62,7986.032673
155.672246,26,7986.235226
17.629968,29,7986.357595
32.56986,26,7986.467972
-260.187068,37,7986.614486
-117.374863,48,7986.803738
41.001279,25,7986.902171
-127.06799,21,7986.983619
-11.077587,33,7987.114264
-25.60881,19,7987.189771
-51.683692,24,7987.29567
-149.06126,24,7987.387771
-66.919986,27,7987.498709
55.387355,24,7987.592441
-127.253518,23,7987.6921
-27.761296,20,7987.769341
-106.045598,34,7987.90774
-119.209972,33,7988.045592
153.516271,24,7988.143221
-32.317253,20,7988.223122
-44.750562,22,7988.31106
-117.005177,19,7988.388353
60.801866,22,7988.473094
-119.001871,18,7988.544932
-36.525291,22,7988.631528
-72.676042,29,7988.746475
-166.671572,28,7988.860065
-31.2961,23,7988.948045
-44.988491,25,7989.047151
-34.240991,23,7989.142126
-110.377387,46,7989.326495
-53.162102,26,7989.429565
60.425452,24,7989.525777
-24.918262,20,7989.606063
-25.161491,35,7989.746122
190.70471,19,7989.824772
67.443991,22,7989.91231
27.680354,67,7990.190285
-29.794568,35,7990.332901
-44.868863,23,7990.421829
-127.286466,19,7990.496599
-41.506201,37,7990.642714
-16.791648,19,7990.724387
165.788106,22,7990.812579
-24.518217,19,7990.89136
20.608051,28,7991.00734
-167.58287,27,7991.114174
-90.440362,32,7991.242501
-27.605579,20,7991.322606
39.978664,44,7991.488935
-160.69076,37,7991.690857
58.242267,23,7991.857627
-53.90274,25,7992.085388
-43.51439,22,7992.254867
69.448579,21,7992.433265
-261.715383,46,7992.889269
-178.21708,42,7993.301291
-151.821419,26,7993.506009
49.238166,25,7993.719909
-24.300144,19,7993.881037
-58.515662,26,7994.05265
-48.642637,24,7994.171308
73.154936,20,8003.801568
-26.486841,19,8003.917177
-22.384099,19,8004.015503
-319.79975,47,8004.23327
26.328381,32,8004.35958
-32.230901,21,8004.443218
-210.725305,44,8004.613655
-17.500061,19,8004.687483
-51.799448,25,8004.786544
67.543713,22,8004.885406
68.741257,20,8004.962592
160.540912,22,8005.048944
-632.060537,98,8005.438887
52.760849,24,8005.537639
26.273748,28,8005.647467
-26.743807,20,8006.041877
-25.390905,19,8006.138792
-73.055177,45,8006.323545
62.077105,22,8006.411445
61.912821,23,8006.504137
-24.743067,19,8006.581472
69.183444,21,8006.667182
-147.895046,25,8006.779724
-131.612467,21,8006.859404
-109.401365,45,8007.046578
-19.020067,20,8007.126877
-142.905568,37,8007.278862
-131.875214,22,8007.402663
-389.943027,65,8007.704934
-56.409998,25,8007.813697
47.287574,25,8007.925924
56.160138,23,8008.024706
66.721282,22,8008.120606
-26.440877,19,8008.212979
-168.154864,45,8008.406135
-162.803098,25,8008.51516
-156.278215,39,8008.694403
-30.687732,20,8008.777295
73.943389,20,8008.861673
-57.121843,25,8008.962372
-183.199789,31,8009.095567
61.510066,23,8009.187731
150.085324,25,8009.288515
13.829736,29,8009.409293
40.457973,26,8009.514577
-20.866616,20,8009.598068
-115.151614,42,8009.764887
-105.184408,32,8009.891644
66.697372,21,8009.971865
-164.471694,42,8010.150456
-26.087817,21,8010.233982
-120.958351,19,8010.388839
-122.292866,19,8010.474189
-28.360417,20,8010.553532
-256.322807,37,8010.70063
-82.672329,50,8010.902686
84.486078,21,8010.989253
77.981245,19,8011.062295
-29.529775,21,8011.146252
53.217142,24,8011.246138
204.306939,21,8011.331528
-21.679303,20,8011.409915
164.018908,22,8011.498918
-120.252758,18,8011.567649
-260.889499,37,8011.70945
193.897277,19,8011.785891
-34.217012,21,8011.871723
66.198364,23,8011.964853
-240.911191,36,8012.109854
-116.73999,18,8012.183236
-84.29745,47,8012.368024
65.806499,21,8012.451823
138.404775,29,8012.573614
-131.842064,35,8025.201801
52.339238,22,8025.334318
-42.150909,24,8025.462776
197.01446,20,8025.549812
-58.772877,26,8025.65249
-42.162837,23,8025.73964
-29.157746,20,8025.820714
59.552429,23,8025.911323
70.511731,22,8026.000794
-194.613218,42,8026.168338
-44.059634,24,8026.258161
84.753261,19,8026.330183
-244.089048,37,8026.47011
-136.724998,22,8026.561051
-27.404309,20,8026.639068
63.815389,23,8026.7345
-27.720781,20,8026.814598
29.378222,27,8026.919074
-174.487814,56,8027.132856
-247.206305,37,8027.276281
10.349332,31,8027.399429
-143.102626,37,8027.542626
-91.155287,30,8027.666322
-43.201822,24,8027.765652
-289.319552,43,8027.939669
85.474992,32,8028.063653
-37.358681,22,8028.15059
71.339391,20,8028.232844
-34.202331,22,8028.319391
-18.705799,20,8028.397047
-124.37674,20,8028.478429
-199.272046,56,8028.693989
-89.337417,30,8028.81446
272.266879,21,8028.894255
43.758207,24,8028.990055
-131.557585,20,8029.068828
39.398031,42,8029.237598
-220.746276,36,8029.375903
-86.592896,44,8029.54867
-128.78719,19,8029.621988
165.871849,21,8029.700881
-50.524395,26,8029.802566
-130.322771,19,8029.876321
-38.421064,23,8029.968889
22.278669,28,8030.082495
62.806225,22,8030.170369
-30.247907,21,8030.25637
65.405276,21,8030.338995
-240.586516,37,8030.484963
-65.097981,27,8030.591403
-129.248182,20,8030.670785
182.032304,20,8030.750119
-47.74088,25,8030.848191
-132.780215,20,8030.923679
-124.304766,18,8030.994098
-491.552459,101,8031.404376
-30.748838,21,8031.486164
-247.836863,37,8031.635442
-28.32444,21,8031.720741
-41.999124,23,8031.808012
-149.96437,37,8031.956849
-129.034808,19,8032.035933
-20.321764,19,8032.107972
-157.559956,24,8032.205882
48.49466,25,8032.306158
-71.240522,41,8032.468393
-33.805842,21,8032.554149
-11.401869,19,8032.631645
-108.880252,54,8032.8547
61.998522,24,8032.950779
156.59675,22,8033.042885
-29.140798,20,8033.130302
-172.000321,52,8033.342528
-30.152797,20,8040.839994
-194.072397,32,8041.04455
-27.362445,19,8041.136487
-26.767673,19,8041.220427
-48.146278,22,8041.311913
56.126029,23,8041.403047
-15.362222,34,8041.537807
-55.66356,37,8041.690656
-139.296217,37,8041.844938
-40.334592,24,8041.939644
65.430217,22,8042.027386
-135.208531,36,8042.179154
-34.806741,21,8042.267823
-127.178223,19,8042.341074
47.397916,26,8042.443848
-220.043639,32,8042.570061
182.977693,21,8042.655586
0.288901,32,8042.791133
149.12702,35,8043.013132
-24.578198,20,8043.096953
11.654401,30,8043.229308
56.153574,23,8043.322111
-230.796921,40,8043.48607
-21.54222,19,8043.560903
-209.550344,44,8043.742143
-29.825342,20,8043.821736
-27.168509,19,8043.897924
164.341842,22,8043.981969
182.142863,21,8044.068868
-43.373473,54,8044.286021
-33.889457,22,8044.378415
-21.155851,19,8044.453972
175.753605,22,8044.539402
50.460391,23,8044.635823
-28.474608,22,8044.726397
-128.591446,19,8044.80352
-124.810301,34,8044.940816
-38.299724,23,8045.034602
63.171853,22,8045.12586
-38.290614,23,8045.288657
-56.118494,39,8045.446434
-45.999452,23,8045.534876
-36.706461,24,8045.635346
-29.941055,21,8045.718432
68.497003,21,8045.806002
-106.857906,59,8046.04629
-125.038643,18,8046.124072
-273.407584,81,8046.471869
-127.368346,19,8046.551228
-121.030507,19,8046.626795
-79.681057,28,8046.738647
-19.538743,20,8046.81882
139.458329,28,8046.926584
-0.835451,32,8047.056083
-32.432469,23,8047.151456
-19.286759,20,8047.231458
175.081082,20,8047.318606
-71.810018,28,8047.453933
-44.761511,23,8047.542543
-44.260623,24,8047.638439
55.491383,24,8047.738452
-233.382154,35,8047.876336
-123.479977,19,8047.954908
-78.109498,31,8048.082461
-296.380016,44,8048.261564
-35.990024,23,8048.3512
-38.023825,22,8048.476631
-21.246506,20,8048.586339
-16.878147,33,8048.75818
-147.600055,37,8048.964921
-146.620341,37,8049.172666
-260.996887,37,8049.390627
-47.170055,36,8049.595932
-185.947271,31,8049.838469
120.738539,29,8056.405433
211.317832,20,8056.520141
-26.625279,20,8056.612507
27.861044,27,8056.724507
60.512577,23,8056.821328
-226.883645,37,8056.974075
-37.79633,23,8057.068796
-24.158382,20,8057.154351
176.622727,22,8057.241886
-35.634997,22,8057.336552
-267.04534,40,8057.496627
-184.316365,62,8057.76231
-117.354893,19,8057.842092
-173.448902,37,8058.006691
-20.650389,20,8058.09267
-135.211375,21,8058.184998
-199.235396,29,8058.31729
-140.112429,37,8058.469251
183.766542,20,8058.55194
-699.515487,101,8058.961444
25.996231,28,8059.079873
-19.271639,20,8059.162808
-35.115299,22,8059.2534
-24.073841,19,8059.332949
-252.517597,37,8059.488826
-131.365754,21,8059.574347
28.679355,27,8059.684756
-30.599719,20,8059.766562
-86.174817,33,8059.941053
-63.822134,28,8060.074177
-71.792664,27,8060.188608
-127.522908,19,8060.265948
-49.810627,25,8060.367886
-132.766258,20,8060.447995
-25.302966,19,8060.526095
166.758958,21,8060.613298
-65.777841,27,8060.726194
-244.244636,37,8060.881393
171.293774,21,8060.969764
33.595526,29,8061.0909
-116.403409,18,8061.165407
67.318103,21,8061.264287
-235.196697,36,8061.409773
-298.431202,43,8061.591562
74.831735,41,8061.759971
-127.156644,19,8061.84138
-14.687997,35,8061.982871
-124.440194,19,8062.061423
156.562346,25,8062.169616
-719.07265,101,8062.588577
-119.693189,18,8062.666356
86.508015,22,8062.760598
185.386477,21,8062.840329
-19.941953,20,8062.91967
95.663862,57,8063.250932
206.310888,21,8063.336181
-146.251038,25,8063.438428
39.558344,26,8063.547263
-128.72421,35,8063.691165
-248.378693,37,8063.848543
-123.436837,20,8063.929203
44.07826,24,8064.028906
-28.023308,22,8064.119109
162.96192,22,8064.211502
-118.35452,20,8064.290942
-37.00686,23,8064.385004
75.722499,20,8064.465495
-242.081314,37,8064.621603
-13.857055,33,8064.758079
-22.088042,19,8064.83839
-190.282626,33,8064.977025
-10.086478,30,8074.495684
-42.6139,22,8074.6337
-22.145434,19,8074.722987
-131.853329,20,8074.807913
-159.304081,41,8074.979027
64.582191,22,8075.070661
132.967118,30,8075.20043
-30.863822,20,8075.29324
40.869489,26,8075.399928
-501.9182,101,8076.280442
72.579532,21,8076.399441
-153.147539,26,8076.522929
-128.697255,20,8076.651108
-191.786346,52,8076.975105
-67.139857,28,8077.092633
-30.677941,35,8077.245863
-73.687256,29,8077.372304
157.608104,23,8077.490452
60.733676,22,8077.594019
79.833745,21,8077.681426
-145.608866,23,8077.789142
-22.584295,19,8077.87256
-19.703376,20,8077.977526
-29.333254,20,8078.224522
66.682518,21,8078.504124
-57.325714,26,8078.789231
12.163954,29,8080.750224
-125.876982,19,8080.903551
144.263128,24,8081.084013
-139.085466,21,8081.310498
-157.795125,39,8081.741712
-295.296117,44,8081.951903
70.380353,20,8082.037162
33.643188,40,8082.223502
-124.798216,21,8082.3228
45.140894,25,8082.432575
-22.962725,19,8082.5275
-20.087817,21,8082.630897
65.30446,22,8082.764957
66.788209,21,8082.873079
-27.250341,19,8082.971846
-277.128702,42,8083.174723
-72.431598,29,8083.314523
7.778242,32,8083.467923
-44.140408,23,8083.581674
-139.349852,21,8083.670614
-71.121938,29,8083.823884
-138.404319,22,8083.916524
156.126223,23,8084.01652
-23.169325,19,8084.101753
-16.024322,33,8084.248307
-182.39774,30,8084.388049
-125.677648,19,8084.468411
200.622531,25,8084.594749
-22.925216,20,8084.774711
-34.865504,22,8084.888863
-139.735941,37,8087.032426
215.598098,24,8087.268593
-53.591042,24,8087.434537
-182.466135,29,8087.621598
-21.22541,34,8088.195668
76.91429,59,8088.58561
188.516311,20,8088.673878
132.902425,29,8088.811776
-47.959683,22,8088.926267
-25.743685,21,8089.031935
-19.818935,19,8089.141527
-22.190131,22,8089.260132
-140.629763,21,8089.363022
215.281618,42,8089.553137
-28.234488,19,8089.641897
-32.968511,20,8089.73161
-194.077941,32,8089.866493
-160.036012,37,8090.034262
-30.467289,35,8090.189319
-16.235646,20,8097.9751
-79.462229,30,8098.176197
-126.307882,19,8098.283115
-18.464271,20,8098.381726
-17.137152,33,8098.545922
-32.03824,22,8098.648426
-299.453037,45,8098.842253
-74.19638,28,8098.969016
115.274889,50,8099.193296
-81.004175,29,8099.318401
64.881882,22,8099.413763
-53.468966,26,8099.549816
-89.550537,43,8099.945724
-130.260283,19,8100.066221
-128.825795,19,8100.157807
-99.436427,31,8100.308358
-23.848123,19,8100.39346
-52.416063,24,8100.539351
59.056434,22,8100.676824
-188.204979,30,8100.876781
-22.660173,34,8101.297782
-146.464743,24,8101.664263
58.047017,23,8101.801172
-110.113189,18,8101.897585
-141.453032,36,8102.14284
-31.430587,21,8102.260473
65.537742,21,8102.366379
-26.531648,35,8102.536318
66.314631,21,8102.639495
85.383473,33,8104.441818
-25.741056,20,8104.649616
-24.229515,20,8104.76072
-40.658374,23,8104.86953
-24.029178,19,8104.956708
-166.940537,26,8105.071925
-23.086319,21,8105.17449
-131.162034,20,8105.26863
-31.301855,21,8105.376631
-475.61586,68,8105.68244
-127.179186,19,8105.762349
165.616982,21,8105.863645
-29.251488,21,8105.956006
48.112615,25,8106.077884
-11.926736,18,8106.189292
-40.972786,23,8106.322134
70.866029,20,8106.421873
-128.904975,19,8106.506377
65.380559,21,8106.606701
165.913157,21,8106.700389
-122.357607,18,8106.776949
-33.443909,21,8106.878129
-103.890559,33,8107.032593
-56.520262,26,8107.313911
149.223947,27,8107.713519
238.026351,34,8108.692741
-127.793673,37,8109.254198
-26.027912,34,8110.610128
-131.523401,23,8110.927108
-64.960937,27,8111.188755
55.624777,22,8111.452447
-17.173419,19,8111.662227
-27.804813,19,8111.829831
71.584946,20,8111.968046
115.611186,28,8112.16724
59.961009,23,8112.324132
177.567833,23,8112.454052
-44.688508,23,8112.583468
-161.368077,25,8112.723042
67.70527,21,8112.826312
-26.711303,20,8112.918129
166.137175,21,8113.020315
-131.035506,20,8113.122904
-137.13742,36,8113.298897
-36.912041,23,8113.40857
65.59207,21,8113.50997
-223.654418,34,8113.694533
-36.47415,36,8113.85614
-596.62041,101,8120.845512
51.581712,24,8120.982419
-156.867697,37,8121.141397
-21.437915,20,8121.222546
-33.463594,23,8121.322275
26.897714,29,8121.470468
-160.69042,27,8121.584112
-25.646528,19,8121.65856
-21.944987,20,8121.757642
60.694953,22,8121.85554
68.802491,21,8121.94333
-162.218147,40,8122.095841
-22.245849,20,8122.173678
-71.055223,27,8122.283071
167.710815,21,8122.367519
-173.874628,28,8122.483284
54.636692,24,8122.583271
-19.17033,34,8122.730947
-16.08575,19,8122.812527
-249.176734,37,8122.969554
-29.856054,22,8123.058327
-22.653745,19,8123.142674
71.65572,21,8123.226701
-161.350606,39,8123.388725
-127.973973,23,8123.486182
-136.821146,21,8123.566068
-73.009078,30,8123.691818
-26.538426,20,8123.778286
-69.215608,39,8123.940432
-169.512528,40,8124.104325
-84.825856,30,8124.24541
-378.903902,76,8124.556183
49.312425,25,8124.661273
206.052069,21,8124.751337
-32.972297,21,8124.83594
-241.80913,37,8124.983481
-48.524286,24,8125.089894
46.879061,25,8125.218847
71.812315,21,8125.316848
-128.802146,19,8125.401612
-124.555268,21,8125.502784
-25.167544,20,8125.617436
-31.527233,21,8125.716763
-26.325391,20,8125.823652
-54.423423,37,8126.016641
-205.736757,33,8126.179541
-179.978066,30,8126.297483
-40.356946,22,8126.389366
53.322491,24,8126.48154
-101.873882,45,8126.672601
67.308491,21,8126.758354
-146.475958,37,8126.907398
-64.316019,37,8127.058298
50.888213,24,8127.162022
-174.17245,90,8127.633852
60.948492,22,8127.729091
-73.173587,28,8127.850716
52.681134,24,8127.957402
-143.428542,23,8128.050609
-29.542895,20,8128.217784
2.210076,30,8128.369981
-40.897126,24,8128.483709
-140.431246,24,8128.599007
-252.752178,34,8128.74108
-29.050243,22,8128.83564
-129.448165,19,8128.911226
-132.69346,23,8129.006804
56.276075,22,8129.098673
-27.369075,20,8129.191799
-115.544151,37,8129.339583
-38.739371,26,8129.442452
-18.72412,34,8129.595376
-130.508807,35,8129.737207
-357.70032,101,8142.270651
151.672937,24,8142.413032
-114.223243,19,8142.502637
-27.682641,20,8142.589243
-131.752903,20,8142.677197
70.729383,20,8142.766471
33.577061,27,8142.876588
56.083746,24,8142.981928
-44.52078,42,8143.153235
-122.379084,21,8143.241449
53.384842,23,8143.343116
-151.417615,25,8143.442189
-124.685426,19,8143.520434
-46.533481,22,8143.612771
46.321236,25,8143.722372
-69.017548,26,8143.827893
-150.402825,25,8143.939724
-24.016568,19,8144.018099
-172.702349,27,8144.132471
46.379101,24,8144.229606
21.875888,29,8144.352406
-32.623585,21,8144.441228
-141.006217,21,8144.524672
-28.190145,20,8144.611506
-65.749353,27,8144.729241
-34.573201,22,8144.819712
-25.560434,20,8144.897742
-27.040314,19,8144.981536
53.411511,24,8145.08284
-116.306747,18,8145.166129
-168.763012,27,8145.276904
-20.596575,19,8145.355637
-169.90113,47,8145.54936
63.720671,22,8145.635332
-24.302132,19,8145.718676
-67.0933,27,8145.836748
-118.493072,19,8145.916834
-19.138229,19,8145.995277
-25.297397,19,8146.072997
-39.692355,21,8146.167006
-64.802441,28,8146.283887
-207.783233,63,8146.535485
-39.351538,21,8146.621472
-57.199951,26,8146.752865
41.626433,25,8146.87768
6.111804,29,8146.998827
-170.56774,26,8147.102739
287.376101,20,8147.189646
-160.020108,37,8147.363676
31.894591,26,8147.473266
-24.760522,19,8147.55943
-23.954743,19,8147.632217
-91.996359,30,8147.760245
55.594743,23,8147.855109
-16.642654,19,8147.94036
71.923058,21,8148.055361
34.656788,26,8148.170817
-54.542586,23,8148.275216
-47.655092,24,8148.385791
-16.17615,19,8148.462198
-16.325682,20,8148.545706
60.6752,23,8148.645294
-24.77549,19,8148.72111
-105.139371,45,8148.905627
83.337265,19,8148.984486
-22.217052,19,8149.448895
67.944484,41,8149.698439
36.498449,27,8149.816958
-19.513158,20,8149.901628
-32.811776,22,8150.001701
-131.90299,38,8150.183366
-31.545253,35,8150.328206
70.678811,21,8150.414914
-28.748308,20,8150.505966
-40.813793,23,8150.620214
-17.20863,34,8150.781622
144.439334,26,8150.901368
-29.644681,20,8150.983718
-127.611037,19,8151.061035
-128.602985,19,8151.146694
180.09265,21,8159.291859
-131.479019,20,8159.454508
-21.591044,20,8159.565212
69.43628,21,8159.667397
-28.735582,21,8159.765509
-143.818437,37,8159.931965
-145.992418,37,8160.116123
49.131841,23,8160.226106
-33.8912,21,8160.314821
-122.836018,19,8160.394097
-106.328783,92,8160.78151
-32.998731,21,8160.87767
-532.961766,92,8161.270398
-126.717989,19,8161.354399
-16.052633,20,8161.431465
-17.526509,20,8161.511905
-282.40752,45,8161.700985
-99.30085,34,8161.837053
-260.654564,37,8161.985354
-120.622986,19,8162.067075
24.589026,42,8162.252216
-128.088392,19,8162.3383
-128.598844,19,8162.511261
-164.470882,31,8162.65648
-131.602616,37,8162.817485
-29.307418,20,8162.904467
33.666394,28,8163.038718
182.984614,21,8163.129496
-33.245353,21,8163.222234
-256.304222,39,8163.393851
36.541941,27,8163.506303
-92.349061,29,8163.62354
-254.586305,38,8163.77216
58.937608,22,8163.865407
64.392344,22,8163.959916
-133.14692,20,8164.045392
-89.506458,30,8164.176646
-217.994809,34,8164.327733
63.887134,22,8164.416464
-37.676521,35,8164.568483
-143.488684,37,8164.71976
41.846257,25,8164.83303
-49.76087,24,8164.976053
-28.774558,21,8165.080383
13.817515,32,8165.243126
9.512106,29,8165.36156
-26.363739,19,8165.439041
-54.697612,25,8165.537997
-14.736052,19,8165.621066
-51.082382,26,8165.7256
-234.166829,37,8165.896819
-83.880724,28,8166.018483
-168.139712,39,8166.19017
-130.161513,35,8166.362153
-51.917466,42,8166.571088
-40.829893,22,8166.678575
-47.925719,28,8166.81523
-131.72169,21,8166.931713
-234.228167,43,8167.154828
-32.084669,20,8167.256453
-26.239272,20,8167.353458
-302.114801,43,8167.587045
-30.686405,21,8167.683664
-35.327578,22,8167.787904
204.576394,19,8167.870845
-26.50979,20,8168.002156
-59.301514,37,8168.242137
-30.689178,20,8168.355183
44.691979,26,8168.512984
17.046903,29,8168.748874
-25.647575,19,8168.991366
-128.365999,19,8169.3326
-27.879795,19,8179.540022
-190.524442,85,8180.180141
-146.042118,23,8180.339432
167.163581,22,8180.456721
199.913256,20,8180.569745
-35.708371,23,8180.676124
-291.706542,49,8181.863053
-30.183876,21,8182.003245
-20.752462,19,8182.108138
65.507449,22,8182.219758
-20.028318,19,8182.30866
-49.888603,25,8182.431106
-194.299714,98,8182.935419
-177.186246,38,8183.114827
-20.446432,21,8183.199603
-145.074554,22,8183.292459
-136.742287,54,8183.514917
152.376619,24,8183.618107
-98.142554,32,8183.747804
168.872643,23,8183.850229
57.142229,23,8183.945412
181.728092,23,8184.041788
-22.068233,76,8184.368825
44.595977,28,8184.479674
99.716101,22,8184.585546
-125.233389,20,8184.673283
-339.324744,60,8184.916119
-79.151384,30,8185.033745
-34.451082,22,8185.125682
49.721912,25,8185.232728
66.740963,21,8185.326105
-26.871452,20,8185.407594
-225.291439,47,8185.598485
-20.224647,20,8185.675259
59.896177,23,8185.765042
-25.116585,19,8185.845937
-41.214012,23,8185.942708
-43.762052,24,8186.048634
-82.882071,30,8186.174455
45.304275,26,8186.288519
-88.399165,31,8186.411572
-322.2348,48,8186.619415
-27.168224,21,8186.70648
-213.088626,33,8186.845682
-55.636474,37,8186.997288
-206.534003,46,8187.186019
173.844112,25,8187.293922
73.706975,20,8187.370403
144.411947,27,8187.477837
-24.483213,19,8187.558251
-89.064363,31,8187.680409
-121.449535,19,8187.763192
-134.588117,22,8187.853226
-127.225138,19,8187.936927
-104.106307,33,8188.071107
-54.320219,24,8188.167542
-212.080335,33,8188.300117
60.923478,22,8188.388751
-64.391065,27,8188.58982
-269.50587,55,8188.824256
-32.714315,37,8188.976293
-18.8806,20,8189.069983
4.417195,31,8189.198222
75.316868,22,8189.286032
148.923612,23,8189.376286
62.601292,24,8189.487136
-123.575463,34,8189.77682
-152.287148,23,8189.945376
96.295899,32,8201.157709
62.948698,22,8201.276044
-179.955728,30,8201.425924
-18.553232,20,8201.522196
-657.163901,101,8201.966903
-116.756613,18,8202.042667
-32.648955,21,8202.130412
-184.47573,29,8202.262791
-139.135272,24,8202.363118
-104.577974,32,8202.493307
167.676338,21,8202.585615
157.795537,23,8202.682078
-43.185946,37,8202.868039
29.14338,27,8202.986348
-111.653328,52,8203.213934
15.910194,30,8203.339863
-36.758339,22,8203.430933
-130.370152,20,8203.516244
-17.792473,21,8203.601053
55.885579,22,8203.687955
-126.4151,19,8203.771961
-210.321531,48,8203.972932
-44.92013,25,8204.072755
61.989446,22,8204.169427
-56.220188,37,8204.33212
-122.730691,20,8204.416309
-152.486456,54,8204.645401
95.396061,37,8204.80085
51.079366,24,8204.899978
-30.870736,20,8204.993205
-30.309663,20,8205.099131
-78.005065,43,8205.287182
-27.954873,21,8205.376965
-541.172732,87,8205.743638
65.97665,21,8205.832305
-37.80039,23,8205.935233
-44.328976,24,8206.033768
-162.766328,40,8206.192975
230.067155,26,8206.299464
-195.496334,61,8206.554086
66.307459,22,8206.655186
63.692505,22,8206.750332
-27.977848,21,8206.836798
-255.291959,40,8207.007615
25.592456,41,8207.173858
-105.681864,34,8207.308889
63.360381,23,8207.399146
65.093909,21,8207.482357
-33.040358,21,8207.565026
-33.706489,21,8207.652725
-129.72825,23,8207.750722
35.694238,27,8207.862113
-41.919056,36,8208.007422
-19.903942,20,8208.086849
-16.072579,18,8208.15916
-144.06124,24,8208.263351
-326.648229,49,8208.459865
-133.007701,20,8208.545803
-33.100507,21,8208.629464
172.367555,23,8208.724404
44.131126,26,8208.834279
-123.315072,38,8208.986993
38.137997,27,8209.095968
-41.199246,37,8209.247411
-116.299434,18,8209.320359
-16.522693,20,8209.399944
-74.244692,59,8209.646133
-158.390887,38,8216.364311
-39.306764,24,8216.850405
-280.573412,101,8217.321661
-127.769022,20,8217.399681
-25.276291,19,8217.47681
76.675179,20,8217.557636
-85.782306,46,8217.744141
68.77229,20,8217.833323
-18.013454,20,8217.917348
-128.096114,19,8217.999093
-127.045284,38,8218.150055
-260.76958,51,8218.354801
-129.63339,19,8218.433384
-139.25447,36,8218.582418
-339.105708,75,8218.896894
35.280928,37,8219.063805
163.838261,24,8219.169965
-115.260957,36,8219.313619
-27.303457,20,8219.399221
-88.444407,32,8219.530158
-184.443683,30,8219.648885
-218.725659,46,8219.842237
167.415861,27,8219.956196
-128.673977,19,8220.03583
-572.172255,101,8220.747372
-193.047032,100,8221.166703
-193.288317,33,8221.310995
35.178759,26,8221.41815
-73.769229,40,8221.587248
-490.972007,101,8222.025175
-247.398835,54,8222.246347
-27.844759,21,8222.331813
-125.949114,20,8222.409955
49.344768,24,8222.505306
6.40722,37,8222.665064
-35.716188,36,8222.824148
-33.752655,23,8222.923162
-165.354503,26,8223.062911
-234.586197,49,8223.27711
-262.622129,41,8223.44236
-117.197078,20,8223.526477
-43.754377,25,8223.625745
-62.43209,29,8223.751096
363.313,22,8223.842787
-29.469471,21,8223.929059
-209.272415,32,8224.060515
210.793345,20,8224.14785
40.967109,26,8224.261567
71.478384,20,8224.338492
176.615585,22,8224.426492
65.622215,21,8224.510539
-139.089227,23,8224.609837
42.201054,26,8224.71763
-135.981519,36,8224.867035
-215.60323,46,8225.049467
-124.778165,19,8225.132469
-61.541753,27,8225.246792
-27.068445,22,8225.339632
-183.83979,42,8225.520756
-20.703872,19,8225.601401
-200.197229,46,8234.157738
-138.641088,69,8234.455126
-21.375255,21,8234.544462
-40.202285,21,8234.632759
-28.515582,21,8234.71581
65.423999,21,8234.80841
180.507545,21,8234.899158
-29.674731,20,8234.984135
-30.846845,20,8235.065376
-21.142299,19,8235.143966
105.242182,31,8235.270607
4.942174,31,8235.398516
-16.908316,20,8235.480171
162.046675,22,8235.565728
-162.328097,40,8235.731228
-41.268736,37,8235.882443
-45.326154,24,8235.98131
62.834393,22,8236.070178
-182.055846,42,8236.242661
-63.368159,27,8236.354948
60.491863,23,8236.448241
-49.474853,25,8236.557431
-16.830706,19,8236.636874
-127.307937,19,8236.713175
38.392339,45,8236.901362
41.408813,37,8237.054671
46.999496,25,8237.157058
34.41229,27,8237.267727
-30.053818,20,8237.346551
-35.491904,22,8237.430338
68.922499,22,8237.51729
-151.591491,54,8237.733979
-9.035427,32,8237.871784
137.05603,25,8237.970958
-29.636782,20,8238.063099
60.734965,22,8238.15295
-93.152035,32,8238.280014
76.507782,21,8238.367689
10.180919,38,8238.516744
17.223976,30,8238.660863
60.0364,23,8239.25635
-196.398746,33,8239.439491
47.70111,24,8239.544834
-58.38198,29,8239.66249
-180.522283,30,8239.793838
87.56282,65,8240.058298
-21.880213,19,8240.141344
-120.053768,18,8240.230533
-67.327347,29,8240.357098
-549.673833,101,8240.768614
66.058317,23,8240.865829
-23.337744,19,8240.944144
185.38678,20,8241.029437
-24.686187,19,8241.106461
52.936959,23,8241.194487
-143.954521,24,8241.292503
-123.085408,35,8241.444646
-61.640237,37,8241.603215
-10.878639,36,8241.755621
-21.853175,35,8241.900839
-138.079922,36,8242.045667
251.381314,23,8242.144182
-24.285222,21,8242.232929
-14.551907,19,8242.309707
-159.652804,37,8242.549995
-116.67731,18,8242.627558
34.386027,26,8242.734321
-35.363549,22,8242.832853
-129.960071,20,8242.917165
-22.00805,20,8242.998094
-201.841611,47,8250.700836
-22.699967,20,8250.843358
67.278666,21,8250.944308
0.660251,32,8251.075365
-33.046501,22,8251.16769
-54.432006,26,8251.277449
-126.032199,19,8251.352098
-250.883565,55,8251.574497
-497.173266,101,8252.003848
-123.314682,19,8252.080406
77.530772,19,8252.1628
-134.430782,35,8252.315177
-132.56873,38,8252.467766
39.568855,25,8252.56639
-27.904604,20,8252.64484
-128.744657,21,8252.726249
-130.157744,20,8252.809712
112.67282,45,8253.003473
-219.763321,33,8253.140444
-121.782289,21,8253.229492
-43.48013,22,8253.315834
-37.854594,23,8253.405728
-30.067045,20,8253.484957
-24.417944,20,8253.565416
-194.723692,58,8253.804042
-279.079278,41,8253.967047
-95.968246,32,8254.094058
-43.234072,23,8254.190221
-222.352392,34,8254.334539
-29.278634,20,8254.413714
-132.020391,34,8254.558375
-172.402851,40,8254.723726
-205.025127,33,8254.863427
-292.847468,57,8255.10517
30.369029,40,8255.272389
-15.693229,19,8255.351532
-20.740086,35,8255.502056
64.475319,21,8255.588167
-145.672239,22,8255.675737
-46.652819,22,8255.766672
-16.321629,19,8255.843235
-6.449859,31,8255.980106
51.137912,24,8256.07552
-36.446884,23,8256.170463
-25.546827,20,8256.273389
41.64753,25,8256.390634
158.342648,25,8256.504743
-142.118134,21,8256.590399
-21.974802,19,8256.665831
-160.312277,27,8256.777547
-146.692057,27,8256.887866
186.411832,22,8256.984479
67.547492,20,8257.06898
-32.707903,20,8257.151878
-50.679794,37,8257.30121
-18.797759,33,8257.436022
80.116614,19,8257.514345
-71.821615,28,8257.625624
-160.159229,37,8257.778452
-111.173181,34,8257.930405
69.846999,21,8258.015753
136.125226,29,8258.141768
-78.250161,30,8258.26573
-104.135129,51,8258.476559
-173.364875,33,8258.603296
-126.831546,19,8258.679955
-116.608664,18,8258.756006
-127.604974,22,8258.844903
-43.617721,23,8258.936638
118.756259,29,8259.053719
-78.924845,41,8259.219673
-161.672316,37,8266.313996
-155.543284,36,8266.470066
-307.912581,48,8266.673474
60.697927,22,8266.769406
-27.105249,20,8266.850991
-468.16794,101,8267.267789
-170.8142,30,8267.393228
-291.121958,42,8267.567431
59.54455,24,8267.669052
-120.296891,37,8267.826118
-160.336446,40,8267.988296
-119.848293,19,8268.063417
-25.641452,19,8268.139072
-25.856101,19,8268.215479
60.641562,22,8268.305302
69.058927,21,8268.393201
34.153495,26,8268.50083
73.134351,20,8268.581359
157.256299,25,8268.685027
-112.753263,18,8268.760071
-52.179017,25,8268.863469
-159.992832,26,8268.969961
-124.599299,22,8269.056366
-115.200371,18,8269.129396
-243.511759,36,8269.278482
54.286234,22,8269.3682
-3.424473,31,8269.492386
-121.199275,19,8269.57016
-26.120388,19,8269.645323
52.87138,27,8269.759735
-1.825186,31,8269.882921
-12.410698,18,8270.054956
-66.018019,27,8270.178486
68.205482,20,8270.264472
39.824636,26,8270.366766
22.571546,29,8270.483749
53.910613,22,8270.571953
-25.243516,34,8270.708492
23.862302,29,8270.832195
-257.341112,37,8270.979867
21.543363,29,8271.102029
-91.720783,32,8271.305942
60.332305,22,8271.405967
69.365205,20,8271.483114
-135.446046,20,8271.562514
-187.88394,29,8271.679513
-16.785619,19,8271.75629
-256.18768,38,8271.910888
-24.488031,19,8271.989948
-126.40901,19,8272.070135
51.306884,23,8272.161983
-132.20513,20,8272.245342
-154.155095,23,8272.350033
-73.257821,30,8272.496029
-120.266922,33,8272.651409
-37.981719,23,8272.759673
65.072748,22,8272.874206
-469.258251,101,8273.31012
-66.120706,28,8273.426931
53.022573,26,8273.534821
-114.969767,18,8273.611967
-302.783598,45,8273.79025
-243.40708,38,8273.947862
-28.946117,20,8274.024992
-52.180761,24,8274.121402
69.850066,21,8274.209451
-21.18216,19,8274.28615
-26.578574,19,8274.364461
-19.581565,20,8274.449766
-19.656609,19,8274.530708
-30.027142,21,8274.616981
52.884511,24,8274.718045
241.96368,37,8274.878562
-30.068701,20,8282.708535
-135.890421,37,8282.909656
63.247856,21,8282.999441
-55.555202,37,8283.157339
-160.580752,37,8283.306028
-88.731018,30,8283.422502
-129.985317,19,8283.50139
-125.782608,19,8283.577965
-282.093831,42,8283.745409
-63.769153,27,8283.854016
61.464265,23,8283.947945
-25.868535,22,8284.042489
-16.608981,19,8284.127177
-31.871641,20,8284.210429
-128.825308,19,8284.284952
-132.628137,20,8284.369951
8.859542,32,8284.499707
166.583299,22,8284.593564
67.051129,24,8284.691877
-129.41748,19,8284.769082
78.566381,21,8284.857644
-127.127467,20,8284.940876
-132.166086,20,8285.022922
-28.34262,19,8285.095799
-79.275511,31,8285.238846
-126.764335,19,8285.320186
-296.343443,44,8285.504803
-127.728339,20,8285.588255
-61.966123,39,8285.955778
27.338836,29,8286.200531
-78.547901,33,8286.36771
-49.156617,37,8286.534647
53.155988,24,8286.632859
-38.371981,21,8286.720386
37.9943,25,8286.823986
-148.849873,36,8286.971798
-264.568599,53,8287.198158
-144.459931,22,8287.294387
-58.910718,26,8287.397475
-90.97726,34,8287.554685
-39.893045,36,8287.715861
-80.556283,29,8287.843629
74.490889,23,8287.943032
-263.624585,51,8288.157106
67.614521,21,8288.239655
-125.447198,39,8288.400029
-148.885343,23,8288.4941
74.314506,20,8288.57515
-128.223353,19,8288.649184
-22.92441,21,8288.736359
-137.193605,23,8288.900634
-27.866488,19,8289.002929
-27.549235,20,8289.133792
-29.841513,20,8289.262996
-48.53306,22,8289.386315
77.959021,21,8289.497621
-27.071002,19,8289.589858
-144.50985,25,8289.711271
-31.371347,21,8289.815579
77.266666,20,8289.909862
-47.309165,38,8290.090719
64.364869,22,8290.185951
8.92485,31,8290.332044
72.270822,20,8290.420934
-27.598841,22,8290.518699
-26.569289,21,8290.60357
30.329666,27,8290.720318
-196.443516,32,8290.877415
-128.720892,19,8290.983423
-25.439727,19,8291.077282
-167.507853,38,8291.261309
-47.275911,38,8291.44225
-145.559242,22,8291.54742
66.250363,21,8291.644072
-56.77227,53,8291.992161
-124.887171,19,8292.085332
-44.472458,22,8292.194247
-64.746107,27,8301.358754
-71.536686,27,8301.52017
-67.937078,25,8301.63109
-140.180914,25,8301.736609
-132.562073,20,8301.822087
-26.874175,20,8301.907447
52.792186,24,8302.007162
-26.256806,19,8302.086846
-138.104896,21,8302.172538
-17.120787,19,8302.25299
-27.165107,21,8302.347076
-32.688514,22,8302.435967
-262.492977,40,8302.598933
55.676136,24,8302.696795
-78.430673,39,8302.863507
-158.732502,40,8303.031385
-23.534855,19,8303.11002
49.319614,24,8303.209461
-128.067721,19,8303.285703
60.47733,22,8303.378212
-73.610284,28,8303.499951
-113.459552,38,8303.651205
-138.818387,22,8303.744102
-141.133708,24,8303.839233
-17.603353,19,8303.914277
123.509702,32,8304.046775
-199.255565,32,8304.17984
61.757782,22,8304.275399
-123.918781,37,8304.425829
-190.265154,42,8304.597292
42.604716,25,8304.699591
41.419293,26,8304.807961
-130.874138,22,8304.898232
41.419407,26,8305.015574
-19.83159,32,8305.153705
-86.49744,46,8305.344166
-98.259104,31,8305.473704
-252.803954,37,8305.62646
-474.554112,101,8306.053378
-154.471432,37,8306.204364
-48.308768,25,8306.303885
139.071269,31,8306.425013
-174.69667,30,8306.548331
62.894273,22,8306.634022
-135.133569,38,8306.797468
-132.31003,21,8306.881902
57.014734,23,8306.975369
-12.64647,18,8307.048293
-305.102564,77,8307.360868
-21.395731,19,8307.443522
-30.459245,20,8307.524772
-130.966388,20,8307.604081
-47.257798,24,8307.706867
-264.200478,37,8307.869329
57.967347,23,8307.963368
-83.967447,33,8308.097479
164.44892,22,8308.188662
-249.045928,37,8308.340231
-245.449792,37,8308.491746
-23.708406,19,8308.565057
-59.61863,26,8308.667893
-126.046653,19,8308.742633
-205.303233,31,8308.868342
197.504459,20,8308.950865
-95.069518,32,8309.083667
40.902491,26,8309.199262
-43.336019,24,8309.300783
160.683358,24,8309.400474
-128.88485,19,8309.47679
-53.989363,26,8309.581668
72.150458,20,8309.662095
-39.93561,35,8309.803025
-40.343118,24,8316.481883
-83.487719,28,8316.638495
-137.951285,21,8316.73056
-147.726336,37,8316.884
-68.33806,39,8317.044139
69.928105,20,8317.135403
69.744588,21,8317.223858
-194.22534,42,8317.404623
-20.715318,19,8317.486
-249.646415,36,8317.635917
-131.916178,21,8317.72416
-28.744351,20,8317.808428
-166.753902,28,8317.929536
62.227987,22,8318.0194
-24.830679,19,8318.095592
-140.801113,82,8318.426493
153.279678,24,8318.520471
169.4603,23,8318.614135
-56.936758,26,8318.722383
61.986943,23,8318.819118
-36.471293,22,8318.910013
-23.999694,20,8318.990006
-127.111005,21,8319.074731
168.740924,21,8319.160836
-73.460524,28,8319.276772
-96.680844,42,8319.452486
-72.719623,28,8319.568883
-45.994756,22,8319.657532
-133.017252,20,8319.739252
-52.846982,37,8319.90958
-32.860096,22,8319.999222
-125.854102,37,8320.155415
-36.052417,36,8320.306884
-44.721824,23,8320.400157
54.180648,24,8320.502665
64.846855,22,8320.600429
188.179032,24,8320.78275
-241.595523,84,8321.137951
-116.885107,18,8321.234545
-37.624998,23,8321.328872
241.00676,33,8321.476177
-147.030509,37,8321.6289
51.994322,24,8321.727284
-232.915199,41,8321.89426
-25.464482,19,8321.971945
-128.611492,19,8322.051059
-47.93095,23,8322.148539
59.816832,23,8322.237939
-51.736399,23,8322.333165
-50.351043,25,8322.510725
67.059912,22,8322.752835
-28.047323,20,8322.839565
-113.653009,33,8322.982545
-237.866024,36,8323.126914
-249.025349,37,8323.284499
-229.012081,42,8323.455616
-21.572058,19,8323.532643
-141.234056,24,8323.62771
-29.95669,20,8323.707517
-172.531651,42,8323.881358
-128.731226,19,8323.958114
14.057625,42,8324.135488
-30.918331,34,8324.278808
-33.731529,21,8324.363246
167.178857,61,8324.6078
48.794949,26,8324.71509
68.293852,21,8324.811453
-60.336314,26,8324.917301
-158.408659,24,8325.017308
-254.213908,51,8325.235926
69.874448,20,8325.320743
-139.173282,23,8333.398405
-22.739397,19,8333.50298
-102.818698,32,8333.649685
-32.174836,21,8333.739924
-92.797834,30,8333.861923
-21.329193,35,8334.00308
151.285654,26,8334.10818
-61.124519,26,8334.213352
-187.411054,30,8334.336462
-512.132057,101,8334.748875
72.752915,20,8334.830669
-17.760482,19,8334.907967
-105.841835,30,8335.030664
-259.634576,37,8335.197514
70.227257,20,8335.27985
225.065994,43,8335.455841
-40.623736,24,8335.557297
-10.927109,18,8335.630689
-361.53096,52,8335.83857
-237.867639,38,8335.99576
-80.583179,29,8336.110862
-42.447063,24,8336.208138
160.042088,22,8336.297462
-147.602878,50,8336.499309
12.393272,30,8336.630302
-162.863987,27,8336.739829
-349.449816,70,8337.035376
77.406816,23,8337.132018
-74.104816,30,8337.25673
-23.522936,19,8337.330344
-61.458021,37,8337.48052
-161.562003,37,8337.629739
-31.590705,23,8337.729364
-137.274904,50,8337.94694
-27.050311,20,8338.030275
-193.945142,45,8338.218254
168.77078,21,8338.305749
210.997108,31,8338.434803
70.760849,20,8338.515738
-35.639762,21,8338.600776
-30.850905,20,8338.683774
-30.798771,21,8338.770411
-55.693511,38,8338.926734
-41.097876,23,8339.019044
33.685608,28,8339.138904
-567.248153,101,8339.548475
55.217382,24,8339.646247
-410.856353,87,8340.001907
-128.059754,19,8340.080597
55.107524,23,8340.18168
-61.462243,26,8340.311915
56.571068,24,8340.898253
-37.607662,22,8341.169411
-33.34796,20,8341.267757
-31.471014,20,8341.358629
12.087424,30,8341.479651
-38.696779,23,8341.576539
-41.604268,23,8341.674275
73.307569,20,8341.761532
-215.681035,35,8341.912251
-28.592332,20,8341.996234
-41.564198,23,8342.091675
-54.751114,25,8342.208853
-21.210913,19,8342.298343
9.137872,34,8342.435736
54.89105,22,8342.526161
-12.822693,33,8348.914246
-75.198846,49,8349.237998
18.960037,30,8349.3715
-146.128351,37,8349.525683
-110.976611,34,8349.668357
-45.294089,35,8349.808751
-73.040295,28,8349.924467
136.429526,40,8350.086653
-128.072236,34,8350.226301
-29.769572,20,8350.306129
-48.348662,24,8350.410599
-29.71999,20,8350.491483
-29.959929,20,8350.569556
-28.828478,20,8350.648794
19.166778,29,8350.76628
60.317286,22,8350.856955
-264.160141,37,8351.006475
74.315588,23,8351.104837
51.128786,23,8351.205187
160.685294,22,8351.300106
-54.442042,23,8351.392477
62.254563,23,8351.485251
-34.26456,22,8351.580163
-46.056668,24,8351.68247
-30.234515,20,8351.761538
-54.608411,25,8351.866142
-47.709954,23,8351.964183
-143.554853,50,8352.167925
-33.5825,35,8352.311353
59.669518,23,8352.398585
-22.811797,19,8352.474034
-125.483079,19,8352.550092
-53.420632,26,8352.658215
-37.475692,22,8352.748016
-132.773878,20,8352.834978
-27.592302,19,8352.912726
-208.440703,34,8353.057385
-193.701154,34,8353.199256
-250.359866,38,8353.352468
-29.943386,20,8353.431117
-32.38212,20,8353.512144
71.466344,20,8353.59345
-176.888914,29,8353.727457
-45.815166,40,8353.891967
43.079783,24,8353.988503
-61.777202,26,8354.093638
-126.717065,19,8354.167284
61.918788,22,8354.255574
44.887286,25,8354.358046
-134.477621,22,8354.449426
-125.647574,19,8354.534168
-129.369,20,8354.697684
-26.662574,19,8354.793011
59.797357,23,8354.912016
-21.777937,19,8355.007816
-16.043921,18,8355.100681
-124.842748,19,8355.214867
-189.120577,30,8355.38955
252.737151,24,8355.564723
-127.736388,21,8355.763349
-249.086688,37,8356.130514
-259.907446,37,8356.764762
-19.672582,37,8357.210863
66.9348,21,8357.352709
-40.091561,23,8357.479071
64.919865,22,8357.592937
-259.622327,38,8357.748985
-59.360045,37,8357.91951
-138.408626,22,8358.011844
-29.143396,21,8358.105836
-236.851976,36,8358.253633
-247.384386,37,8358.409154
-156.658944,41,8358.571244
-29.392612,22,8358.658929
-18.019161,20,8358.737931
-124.621666,20,8358.819511
-25.986867,20,8358.896139
69.142039,20,8364.637385
-172.560779,31,8364.805849
-14.665229,19,8364.887718
-256.980109,66,8365.166669
-238.277562,36,8365.320089
486.442379,32,8365.448972
-144.12,24,8365.547258
-27.393673,21,8365.633641
-51.141357,25,8365.733879
-28.861659,20,8365.818843
-124.449107,19,8365.895798
-19.36126,21,8365.980661
-27.051237,20,8366.061218
-153.658275,24,8366.162224
-38.305544,22,8366.252855
-30.093563,20,8366.3348
-130.982579,20,8366.41792
-16.149123,19,8366.492843
72.466395,20,8366.572941
-45.583845,24,8366.67079
-150.451606,26,8366.825512
-136.974003,21,8366.909147
52.486592,25,8367.012168
-246.078447,37,8367.165571
-38.616369,21,8367.248956
160.962344,22,8367.336426
-127.456629,21,8367.421651
25.166646,28,8367.534405
72.864613,20,8367.620816
47.714364,24,8367.721669
166.258987,21,8367.807667
68.509365,21,8367.903721
74.471815,20,8367.982981
-26.323234,20,8368.062631
-39.168051,36,8368.217476
-159.03,27,8368.426943
-153.710041,38,8368.658542
-109.081158,46,8368.881044
-124.526242,19,8368.970865
-174.339272,29,8369.118954
364.233112,22,8369.226233
-45.379182,24,8369.339262
63.024879,22,8369.444177
-180.791321,45,8369.754203
-38.937818,24,8369.872749
-60.499546,27,8369.999208
-11.738803,19,8370.087277
-27.316406,19,8370.186549
-28.05296,21,8370.283324
65.64626,21,8370.383771
-13.693134,19,8370.472892
-42.025513,25,8370.596659
-161.795129,37,8370.768922
-243.470979,37,8370.942835
65.849592,22,8371.056641
-127.482631,35,8371.220436
-235.103727,36,8371.384506
-102.754258,45,8371.566056
-41.780212,24,8371.664904
54.463273,22,8371.757663
-246.779931,37,8371.910143
-58.978892,26,8372.016755
-25.343622,19,8372.092923
-14.392933,18,8372.16874
-19.796233,19,8372.252231
-125.691736,19,8372.336627
54.13283,24,8372.432759
-33.326428,21,8372.519497
-45.736521,23,8372.675774
-39.063576,24,8373.064499
-131.141806,20,8373.177917
-191.526371,30,8373.304932
-656.075384,98,8373.71396
176.38254,22,8373.805413
71.900188,20,8373.887724
-127.901913,19,8373.964522
40.001017,26,8374.072927
-37.309406,24,8382.745759
-127.767981,19,8382.907736
-724.111511,101,8383.495216
-166.363939,26,8383.600349
-1.070407,32,8383.737537
-232.389312,35,8383.881422
89.931389,33,8384.016512
-122.568332,20,8384.103424
62.077199,22,8384.191577
-134.743867,36,8384.352533
-30.762913,36,8384.51049
-281.753519,42,8384.677607
-157.200107,25,8384.778374
-121.547277,20,8384.859294
-247.826372,37,8385.018333
-303.306539,45,8385.207842
-44.597009,24,8385.305726
50.666551,29,8385.424221
-25.329513,19,8385.501445
60.169002,24,8385.601765
74.703919,20,8385.683439
-23.284099,36,8385.830461
-22.616355,19,8385.906822
-48.502491,24,8385.999779
-134.472506,20,8386.07993
-30.449679,20,8386.160157
-54.807235,25,8386.262985
70.310741,20,8386.343637
-124.682033,21,8386.436091
-4.838675,31,8386.561284
-260.419898,37,8386.729658
-33.273408,21,8386.816808
15.335691,37,8386.985032
-122.497528,20,8387.073643
-330.342897,70,8387.36768
318.272646,30,8387.488375
-33.017497,22,8387.578282
-20.751925,20,8387.664061
-61.395651,37,8387.818032
-127.365901,19,8387.903368
54.827606,24,8388.003655
-133.650178,21,8388.091069
-506.778471,87,8388.451886
-27.578371,20,8388.53622
-16.954198,19,8388.613021
-26.245948,20,8388.698086
-146.708627,37,8388.98572
0.179009,32,8389.194921
72.161273,20,8389.300793
-131.747225,59,8389.55181
-27.480281,20,8389.634924
-75.969898,29,8389.767844
-15.834855,18,8389.844856
-29.516592,20,8389.92665
-129.398369,20,8390.015269
-125.204332,19,8390.097194
-37.560501,22,8390.185482
-7.433292,18,8390.257323
66.514241,21,8390.340961
-30.280552,21,8390.427536
52.065724,24,8390.53771
-25.752021,19,8390.648542
-130.738072,19,8390.755817
-210.807095,33,8390.922959
-131.786613,35,8391.078316
-129.207115,19,8391.181193
59.889566,22,8391.332578
-45.407467,22,8391.425801
60.604751,23,8391.5192
157.167897,23,8391.609505
42.648034,25,8391.723343
70.170447,20,8391.810391
-135.809918,22,8391.898551
-38.927246,22,8398.9286
-3.766267,33,8399.121828
-154.896601,40,8399.297073
-34.485855,20,8399.377588
-171.422697,27,8399.486806
69.439473,20,8399.562601
-33.040361,23,8399.74492
-22.524003,19,8399.825053
56.591192,37,8399.981039
-70.020491,27,8400.094177
-130.591364,20,8400.176682
-142.323843,37,8400.322031
-127.421266,19,8400.414344
-34.288331,23,8400.507736
-30.227092,20,8400.585852
18.179266,28,8400.698267
-132.999772,20,8400.775934
-17.505376,20,8400.862562
48.876611,24,8400.957467
56.526041,26,8401.064044
-30.629306,20,8401.147504
-28.501048,20,8401.229927
-29.429077,20,8401.315264
-14.248655,19,8401.392196
198.485487,20,8401.475439
-27.305446,20,8401.562858
-171.725241,27,8401.671622
-133.116871,20,8401.748622
-11.296368,18,8401.81777
-446.077745,101,8402.236133
-153.881557,26,8402.341249
-58.339563,26,8402.44454
-22.848794,20,8402.981691
62.152923,22,8403.229102
-199.821538,31,8403.399233
-137.019278,22,8403.500428
-247.186159,37,8403.655552
-138.560074,21,8403.743404
-67.908585,28,8403.859705
-71.005316,28,8403.970503
53.90029,37,8404.131225
-92.063844,29,8404.244061
-259.641958,37,8404.394488
-147.610045,37,8404.563437
-140.917967,37,8404.717646
-247.082945,37,8404.869325
-23.945455,19,8404.942867
-26.097476,19,8405.018814
-113.871458,19,8405.128964
-18.044205,19,8405.246896
-28.603052,22,8405.374747
-119.458089,20,8405.530865
-131.163285,36,8405.839389
-20.729309,19,8405.987976
-26.758277,19,8406.141976
-115.990472,19,8406.305043
-44.263058,22,8406.507041
-127.222018,20,8406.686877
-35.088554,22,8406.987409
-8.322405,33,8407.492292
36.041926,30,8407.837678
-21.78754,34,8408.299011
-23.524957,20,8408.576482
258.976926,23,8408.756601
37.692275,40,8409.013924
-76.159556,28,8409.162624
-56.3727,25,8409.279227
71.988745,20,8409.363016
-160.201452,25,8409.469864
-104.443248,30,8409.593919
-118.109988,19,8409.674693
-192.175164,42,8409.850957
-109.106318,33,8409.996436
-148.296719,37,8410.163131
-269.874206,40,8410.333444
-35.988898,36,8410.495168
-29.721933,21,8416.859688
184.37073,42,8417.08809
25.674774,28,8417.20039
-119.285915,20,8417.280207
-242.572818,79,8417.596063
-103.856477,34,8417.740601
-24.80375,19,8417.813989
159.15892,23,8417.907695
164.969698,36,8418.059812
-27.304224,19,8418.13775
-20.162008,19,8418.216798
17.818164,29,8418.331181
-185.782648,44,8418.526114
-48.067647,38,8418.685033
-161.181216,37,8418.836575
-112.348727,48,8419.03496
-129.069992,19,8419.119729
11.872599,30,8419.239967
-14.42899,19,8419.31663
-264.002387,37,8419.471475
-19.693226,20,8419.559393
-84.449512,32,8419.687539
-250.654053,37,8419.837941
-45.697837,24,8419.935395
61.174944,23,8420.032919
57.226088,25,8420.138665
-16.775564,19,8420.220787
-45.289,37,8420.371012
-119.962492,20,8420.452203
-250.593639,38,8420.61164
-189.990632,43,8420.795243
-137.815598,22,8420.885487
-125.884803,19,8420.961969
35.20077,27,8421.079014
-132.188524,20,8421.160047
97.838607,32,8421.288946
-25.875652,21,8421.37579
-87.723165,42,8421.550533
143.221417,26,8421.661167
-21.69694,21,8421.747206
-132.047594,20,8421.82779
-141.588776,36,8422.073875
-26.386523,19,8422.153306
-140.9321,26,8422.270627
167.743937,21,8422.354896
-119.512386,18,8422.430442
-18.45166,19,8422.507824
-14.053841,19,8422.581512
-30.762369,21,8422.668266
58.63707,37,8422.827469
67.677179,21,8422.915429
24.113396,28,8423.035437
-138.122112,22,8423.124518
-40.508688,22,8423.208436
-80.498784,30,8423.340144
-154.127834,37,8423.486471
-138.003212,21,8423.578349
-125.195243,19,8423.659898
71.628934,20,8423.74048
-114.029288,18,8423.814374
-60.294793,37,8423.967329
-9.586855,18,8424.03854
237.22538,27,8424.150303
64.104833,22,8424.241622
-29.376777,20,8424.327766
72.991061,20,8424.409173
-60.021155,37,8424.555124
45.630291,25,8424.654083
6.361911,51,8424.862895
-134.692054,24,8424.960069
-30.065565,20,8425.045529
-36.63765,36,8425.190374
-116.944465,34,8425.326451
-133.908052,20,8425.41613
17.738886,29,8434.098174
-16.891839,37,8434.279595
-210.785549,45,8434.457811
-59.823274,25,8434.559993
43.873807,26,8434.668408
-72.138352,26,8434.773074
-169.700846,37,8434.926563
-336.4579,63,8435.184274
-69.596791,27,8435.304702
-57.200337,26,8435.412711
-139.539646,23,8435.504926
-49.417055,25,8435.610481
-42.298177,23,8435.701507
-66.222905,25,8435.80324
-39.748725,36,8435.956144
-123.614351,19,8436.030859
-152.198,24,8436.13112
-121.594575,47,8436.381124
20.649189,28,8436.511754
-42.223452,24,8436.642339
-34.561233,21,8436.741418
-128.399201,19,8436.827413
-138.536326,21,8436.919955
-30.775246,20,8437.006587
55.541783,22,8437.102041
258.465894,23,8437.198246
-21.15564,19,8437.275392
-160.064468,34,8437.409621
245.062855,24,8437.505677
-51.224289,26,8437.611745
-304.00567,77,8437.937469
-46.279949,22,8438.026745
357.418764,23,8438.120977
-28.034444,20,8438.204451
19.557895,29,8438.320677
-25.250214,19,8438.397466
-15.050681,19,8438.473308
-250.981093,37,8438.623872
-112.59744,18,8438.703914
-41.810932,22,8438.79149
-229.436738,35,8438.935926
-14.39675,19,8439.014117
65.795949,21,8439.09691
152.17728,24,8439.196502
-24.256438,19,8439.271304
-408.570726,95,8439.659625
-17.541585,20,8439.743384
54.012967,24,8439.848251
67.888679,23,8439.940829
266.795479,21,8440.027747
-126.781561,19,8440.10671
-51.009613,25,8440.206554
-371.55591,69,8440.494294
-133.879339,20,8440.575648
-86.12214,43,8440.749004
-393.995726,73,8441.048599
-133.329256,20,8441.129181
44.437886,25,8441.247028
-11.098695,34,8441.389625
67.963158,21,8441.472029
261.770801,23,8441.562996
-9.380548,18,8441.635415
30.700892,28,8441.748307
263.094808,22,8441.840877
50.119619,24,8441.941553
-140.143753,36,8442.089631
-167.61899,41,8442.259963
-60.19056,37,8442.412915
-133.60323,20,8442.494961
267.530162,21,8449.811089
-281.738244,80,8450.21676
67.202057,21,8450.299633
-534.742027,101,8450.703237
-32.354704,20,8450.784921
80.205492,46,8451.046338
21.266399,30,8451.171393
-129.582604,22,8451.268864
-76.121589,28,8451.381711
-16.935868,19,8451.457961
-288.246764,40,8451.623842
70.862142,20,8451.706541
-262.056148,37,8451.856115
59.094291,22,8451.94573
66.85953,21,8452.035001
51.871381,23,8452.12835
-100.72249,49,8452.327168
-28.118445,20,8452.408793
-216.291225,32,8452.541768
-208.979202,31,8452.667222
-99.486443,30,8452.789525
-124.457797,36,8452.938475
-45.029758,22,8453.039599
-117.79037,18,8453.113775
-66.262871,25,8453.214648
-30.625114,20,8453.290258
-47.879349,23,8453.381542
-124.967548,18,8453.45597
-30.395513,36,8453.600443
38.749727,26,8453.708731
-125.628597,19,8453.786825
-139.250025,21,8453.884744
-133.82558,20,8453.965859
-63.615344,37,8454.114148
-68.215202,41,8454.280247
-118.448131,19,8454.358051
26.989413,28,8454.472471
67.762012,21,8454.560774
-50.793015,41,8454.724341
-57.742344,45,8454.911097
-45.474416,23,8455.001772
-24.470993,21,8455.088112
-135.473639,39,8455.249499
52.008648,25,8455.349552
-102.354982,81,8455.693913
-33.114439,22,8455.786966
75.205192,22,8455.8782
37.121972,27,8455.988751
-69.190772,29,8456.104376
-75.718666,30,8456.22918
-107.740922,35,8456.374926
-31.934585,20,8456.502179
-21.255675,52,8456.840125
-127.348305,19,8456.993407
-32.341853,21,8457.179332
-42.242291,37,8457.464038
-184.766019,70,8458.043424
189.399205,37,8458.428536
-42.268166,23,8458.648274
-49.529884,24,8458.875481
62.805517,22,8459.062555
-267.764428,37,8459.38149
173.467843,20,8459.53674
-123.745837,19,8459.72989
-68.179713,28,8459.965824
64.603733,22,8460.126435
-103.687618,31,8460.296994
-160.031827,25,8467.425142
-18.617028,19,8467.53121
-145.36252,23,8467.644005
-134.725229,22,8467.735337
-263.440038,37,8467.898244
-9.173438,18,8467.981431
-78.003658,27,8468.095832
-265.653011,37,8468.242448
-269.558876,42,8468.415413
-155.076108,37,8468.570198
-34.609633,22,8468.659798
-28.37699,20,8468.744607
-190.990605,31,8468.871179
205.536085,35,8469.016047
-114.729765,46,8469.203919
-29.059435,22,8469.301577
68.661832,21,8469.388037
67.49125,22,8469.475842
-70.236653,27,8469.582183
-59.080105,26,8469.688255
71.933059,21,8469.777709
-63.426176,40,8469.93518
-44.546542,23,8470.028163
-80.203338,42,8470.197076
-253.482916,37,8470.34543
69.507869,24,8470.442201
-51.994624,25,8470.554424
-57.606054,37,8470.706656
-73.200362,28,8470.826924
-26.570583,19,8470.90542
59.338756,23,8470.99746
-212.840713,63,8471.264148
-260.931173,37,8471.407745
190.755248,19,8471.49163
-82.694063,44,8471.67214
-52.481985,25,8471.772846
44.076492,26,8471.881327
-144.000334,37,8472.032197
-28.802683,36,8472.181369
81.669813,20,8472.262505
-144.046567,37,8472.419187
-126.415163,21,8472.506219
-204.468087,30,8472.632846
-48.290893,25,8472.731099
-205.048099,32,8472.863066
-238.868444,52,8473.179549
8.72839,30,8473.304569
107.153701,34,8473.446136
-155.052458,24,8473.545342
-163.13779,31,8473.676602
-65.249685,26,8473.783575
59.910293,23,8473.881258
-101.81751,30,8474.006422
-65.233331,37,8474.153721
57.258133,45,8474.338986
0.03333,32,8474.468403
-35.527985,22,8474.557266
107.167433,40,8474.71839
-292.477592,56,8474.951145
-146.901961,37,8475.098356
-139.566009,22,8475.196092
-249.105143,50,8475.398905
-261.636976,37,8475.550041
66.076961,22,8475.641181
-38.74354,23,8475.73779
-30.821609,20,8475.819057
-120.595347,20,8475.900963
172.256352,32,8484.959265
-92.478953,32,8485.12477
-201.076441,34,8485.259741
-143.963105,38,8485.43166
36.864432,28,8485.549783
-120.920343,19,8485.628959
169.749713,24,8485.729942
-50.317112,67,8486.005524
-45.077663,24,8486.103408
-99.86082,33,8486.233116
-46.444217,37,8486.376964
-119.611929,18,8486.45008
-151.316569,25,8486.551434
-31.698554,20,8486.636086
-20.739204,19,8486.71687
-14.550469,19,8486.790514
136.304785,27,8486.903524
50.37051,23,8487.000021
-168.581679,27,8487.110792
-214.768902,36,8487.258032
-61.437215,37,8487.405463
-82.939379,32,8487.5327
-242.726854,37,8487.681275
-58.451785,26,8487.78847
-135.254594,37,8487.942284
-124.808923,20,8488.030035
-15.930688,19,8488.10856
-162.250437,26,8488.217031
-27.365177,20,8488.298563
-56.220143,25,8488.398826
-688.919178,101,8488.804949
-313.353034,59,8489.043727
104.234036,31,8489.173229
32.89279,26,8489.278051
-29.468039,24,8489.384455
-284.841932,88,8489.732367
-257.600868,37,8489.879048
-13.12988,39,8490.037648
98.07262,32,8490.173775
-190.590985,42,8490.342641
65.548443,21,8490.425991
-56.767018,26,8490.531794
231.750988,28,8490.650773
63.054082,22,8490.739465
-103.31157,32,8490.86671
-18.466769,19,8490.943593
-137.370595,40,8491.103214
-246.714492,37,8491.258695
-22.528046,21,8491.342722
-34.488453,22,8491.431659
-239.190854,36,8491.580697
-158.357148,37,8491.726982
-25.249818,20,8491.808757
161.59056,22,8491.898101
-24.409628,20,8491.982587
-252.178485,37,8492.128035
59.023526,23,8492.217771
-119.251686,18,8492.293869
-105.111272,32,8492.42602
-28.197817,23,8492.517808
-243.455163,36,8492.660825
-51.361108,40,8492.823013
57.776107,23,8492.916885
-20.313822,20,8493.00444
-127.388046,19,8493.085389
-48.548516,25,8493.187992
-141.762126,22,8500.494809
-16.004861,19,8500.626831
-89.21194,30,8500.770196
-126.888609,19,8500.853731
-34.510035,22,8500.941631
163.862552,22,8501.030183
324.324022,67,8501.313959
-234.034343,34,8501.461449
155.259669,24,8501.571625
-26.370027,19,8501.647866
-28.297667,21,8501.731712
-591.71822,101,8502.26265
259.28829,23,8502.359617
59.468798,75,8502.660375
59.409247,22,8502.75166
-250.078938,36,8502.900389
38.178804,25,8503.004757
-23.3079,21,8503.09575
-15.507864,19,8503.17669
-124.627351,19,8503.25285
-78.269514,29,8503.430368
-106.812461,45,8503.698072
-246.391185,37,8503.862753
-87.780691,32,8503.993993
-158.992017,37,8504.145868
49.103329,23,8504.244819
-188.081921,28,8504.361224
50.177876,25,8504.463881
120.867624,27,8504.57738
-128.793274,19,8504.651557
-24.606424,21,8504.736417
-116.826092,18,8504.805601
-126.485707,19,8504.88388
-134.463225,23,8504.976848
-143.631345,36,8505.121555
49.694823,25,8505.225859
-134.015754,37,8505.377549
197.760715,19,8505.453393
-227.692762,34,8505.604003
-28.449227,21,8505.692713
-148.848497,53,8505.919711
54.223658,24,8506.019939
-136.6694,21,8506.110965
-122.231064,33,8506.24687
-52.008809,38,8506.419321
-21.176596,19,8506.500849
-162.476776,37,8506.648898
42.751928,24,8506.747476
-86.389349,34,8506.889831
-114.938661,19,8506.970907
70.537176,21,8507.060505
-245.83791,37,8507.208938
66.208279,22,8507.297454
-24.833338,20,8507.382443
-124.107295,19,8507.455946
248.782368,25,8507.554159
51.152405,24,8507.70413
-27.596698,21,8507.835672
49.033671,25,8507.98995
-96.557716,33,8508.284276
-21.787135,19,8508.443268
-21.383374,19,8508.589857
-76.390187,27,8508.807087
-33.104746,22,8508.995612
-348.859631,82,8509.843976
-24.323343,19,8509.981536
55.873553,23,8510.11618
-33.328652,21,8510.260625
-10.815895,18,8510.400894
-55.684337,26,8510.679669
-116.514287,20,8510.865264
-539.166215,73,8519.041621
-341.824316,66,8519.316515
-40.049022,21,8519.620887
-129.684615,35,8519.811158
-62.759606,27,8519.924978
-34.491413,35,8520.079092
5.400185,31,8520.21049
-176.691916,41,8520.387077
-43.698839,22,8520.480636
279.286463,25,8520.589534
-113.067798,18,8520.663401
-156.01931,24,8520.762323
-63.119855,27,8520.87906
-124.248246,19,8520.95697
-88.551134,45,8521.138474
-52.439413,43,8521.352966
-60.77287,37,8521.529149
-128.687978,22,8521.624439
-87.766126,45,8521.81076
69.530877,20,8521.898812
-38.080125,36,8522.047853
37.58555,27,8522.157834
34.943992,28,8522.269958
19.362245,30,8522.386618
-45.338915,24,8522.481586
-133.224217,21,8522.565163
61.775971,22,8522.652745
-420.839123,87,8523.015202
-84.136741,29,8523.134112
-120.658782,19,8523.210407
-164.938607,28,8523.326889
-174.084509,28,8523.441105
-135.722999,37,8523.599848
102.485899,31,8523.733367
4.632336,31,8523.858175
65.040968,21,8523.947553
-14.840326,19,8524.02578
-310.795456,66,8524.301782
-32.836511,23,8524.39368
-368.892498,52,8524.615688
41.114851,26,8524.7168
-140.623244,37,8525.175646
65.25286,21,8525.292889
-89.631352,76,8525.728215
6.280712,31,8525.883032
-362.229136,56,8526.119323
-30.039093,20,8526.202529
-292.510425,101,8526.642991
-1.135882,32,8526.777072
-60.54305,26,8526.882265
-25.49576,19,8526.958762
73.523748,20,8527.042792
-281.946972,101,8527.453196
-337.944494,65,8527.709198
257.896992,22,8527.805127
68.399504,21,8527.897601
-30.578854,20,8528.003468
-242.58411,57,8538.705971
-97.611716,32,8538.897772
-8.961143,32,8539.033493
-148.053518,37,8539.187681
60.865042,23,8539.282731
232.65922,28,8539.405451
-24.226789,20,8539.485347
-160.19674,28,8539.595883
15.784457,51,8539.816001
-136.905077,36,8539.960365
-461.177829,68,8540.240285
-42.968976,23,8540.334446
-63.606244,37,8540.488476
-157.36722,27,8540.594894
64.66498,22,8540.685848
-120.347177,19,8540.758491
-201.159646,31,8540.893516
90.354143,32,8541.018921
-147.806604,26,8541.121537
-88.379379,47,8541.31531
-90.570926,30,8541.432054
-244.764203,51,8541.648062
-533.981919,101,8542.067557
-12.967702,49,8542.265719
-46.215918,25,8542.377436
-37.097569,22,8542.549502
-14.077194,18,8542.667179
-341.706831,51,8542.988089
-217.326256,31,8543.149359
-46.262226,23,8543.257451
-159.954474,37,8543.426885
163.538672,22,8543.533058
-61.410957,40,8543.718198
-34.047542,22,8543.835211
-48.036425,24,8543.951292
-259.420157,37,8544.128827
-153.885834,25,8544.24088
-38.224824,35,8544.405862
-126.532342,19,8544.495318
-52.57558,25,8544.61873
-86.878181,74,8544.975435
-250.084943,37,8545.161734
70.35539,20,8545.269566
-38.436724,24,8545.386488
49.861952,25,8545.505907
-23.435876,22,8545.607534
70.779625,20,8545.708569
-131.556181,49,8545.956398
-108.897243,48,8546.259852
-15.749608,19,8546.352475
-80.438,31,8546.509019
-94.620109,31,8546.94727
-253.467686,37,8547.166936
-108.595078,45,8547.387039
-24.840008,19,8547.476518
-79.047936,29,8547.613282
185.263709,21,8547.705732
-530.98361,100,8548.203181
-205.972445,32,8548.359315
-35.46916,21,8548.458249
-14.852894,19,8548.542194
-21.674842,19,8556.163963
-68.732456,29,8556.357913
179.808394,21,8556.480723
175.206495,36,8556.735509
-35.105152,21,8556.833697
-168.488318,39,8557.011762
-42.137482,22,8557.10138
20.416229,30,8557.235877
-236.564676,40,8557.399096
-26.480665,20,8557.483541
70.321274,20,8557.567076
-134.996943,22,8557.65368
-40.720994,23,8557.744264
-108.984125,47,8557.94256
-65.704401,30,8558.079804
-231.659251,48,8558.274142
-148.011509,23,8558.447255
-53.25589,26,8558.557921
69.487579,21,8558.646851
-53.37044,36,8558.795202
-54.456905,27,8558.905349
94.762295,37,8559.08247
49.098055,24,8559.182661
-11.989227,18,8559.252246
-41.751916,23,8559.343364
54.845856,24,8559.442809
-222.737232,34,8559.582243
-31.666979,21,8559.664594
-30.323561,21,8559.74818
-48.910583,37,8559.910006
-118.946034,35,8560.050505
-51.698345,25,8560.156837
-90.804762,30,8560.281737
-260.608348,37,8560.434111
-38.821339,22,8560.519929
53.093116,26,8560.62533
-125.591357,64,8560.888588
158.533637,23,8560.981574
-46.531388,24,8561.085892
-36.788969,36,8561.237828
-115.629867,19,8561.327384
-397.333028,65,8561.645875
-56.154416,26,8561.754538
-21.307498,19,8561.831623
-54.318824,27,8561.950437
-99.812596,45,8562.139714
-170.464685,41,8562.310712
-17.440096,19,8562.388921
-46.717415,24,8562.488925
-57.836956,26,8562.594505
-154.4606,26,8562.699286
-124.354761,19,8562.777271
60.347136,23,8562.870203
-94.3125,32,8563.003246
-200.83926,30,8563.123544
1.84046,47,8563.31599
69.158556,21,8563.403258
-326.788395,65,8563.66981
-27.5862,20,8563.750602
2.599694,30,8563.930276
184.917815,25,8564.071976
-61.36693,26,8564.268478
54.268522,22,8564.47382
72.198129,20,8564.674785
-110.195224,61,8565.249392
-125.957911,22,8565.429786
-118.453788,20,8565.584414
-35.605551,22,8565.847831
65.083969,22,8566.094946
-55.540876,25,8566.357488
-129.945051,35,8575.470202
-38.855291,37,8575.637935
21.685952,30,8575.760413
-65.189412,39,8575.92278
-24.63602,34,8576.05926
-24.162939,19,8576.139605
44.491292,26,8576.244982
-146.55671,24,8576.341135
-29.682229,20,8576.419976
-184.096909,29,8576.543645
-59.129886,26,8576.651155
-136.130905,22,8576.739935
-63.076136,25,8576.844641
-607.572169,101,8577.257759
-26.653117,34,8577.3937
11.073667,30,8577.515682
-38.161903,23,8577.610817
-60.573082,55,8577.833869
-122.144889,19,8577.910043
-23.883485,19,8577.985604
-33.344331,34,8578.129606
-264.022752,37,8578.285247
-26.733787,20,8578.367534
-258.755698,38,8578.518062
-222.690688,36,8578.663454
58.124337,26,8578.769956
72.114055,20,8578.850083
-30.673438,35,8578.995133
-162.460304,37,8579.147053
-38.448686,22,8579.235823
-60.024364,26,8579.34312
-124.687923,18,8579.419106
-147.644314,27,8579.539625
-15.579245,20,8579.623248
58.486564,23,8579.717725
-29.574577,20,8579.796171
-29.460193,20,8579.877298
-51.536579,23,8579.970721
-119.629748,18,8580.048278
-264.619964,37,8580.201043
-23.77752,19,8580.275814
-16.941062,20,8580.351813
-70.52799,58,8580.594759
-40.740338,36,8580.743344
-246.055854,37,8580.894748
-29.061562,20,8580.978509
-118.206259,18,8581.049516
-31.44912,20,8581.130909
-147.987425,22,8581.222422
60.234224,23,8581.32259
-27.784069,20,8581.409572
183.672597,21,8581.504502
361.107637,36,8581.657209
-129.028064,19,8581.914107
-28.553355,20,8581.994366
-128.210866,20,8582.083172
-48.91637,37,8582.237938
-137.063404,22,8582.331247
-16.682017,19,8582.407994
-33.05479,21,8582.494804
14.165841,30,8582.621629
-214.075413,48,8582.807299
-31.140918,21,8582.89267
50.268104,36,8583.052965
-234.467027,41,8583.220189
47.304382,25,8583.319997
-114.33335,18,8583.389067
-28.711706,21,8583.474683
-128.38745,35,8583.619789
-119.855282,18,8583.695881
-62.205047,37,8583.843287
-141.054497,23,8583.932335
-156.884472,40,8591.856507
-79.20567,29,8592.004664
-132.635328,20,8592.086493
-105.937011,32,8592.218705
-253.735144,66,8592.494469
-146.573563,40,8592.653606
-370.237853,101,8593.076744
-165.134866,37,8593.224468
62.697983,22,8593.320118
-132.374442,20,8593.400824
-265.115421,37,8593.546655
-290.325305,43,8593.718685
-116.487742,35,8593.86468
53.793222,24,8593.962281
-96.18014,30,8594.085131
-28.436206,20,8594.176033
-40.9765,22,8594.263617
-76.470809,29,8594.380174
-247.971595,38,8594.537484
60.472758,23,8594.635821
-261.935428,37,8594.787353
-78.238317,29,8594.912667
66.166533,21,8594.99565
-174.975635,44,8595.649091
-211.864714,59,8595.963752
-266.106515,37,8596.125152
-30.6423,20,8596.213791
-42.351382,23,8596.313897
-128.123841,19,8596.389408
45.221902,26,8596.510403
-258.346979,37,8596.66422
-115.280789,19,8596.740185
63.86255,22,8596.833428
-23.19238,19,8596.906683
-28.950556,20,8596.986772
58.784591,23,8597.082562
162.57051,22,8597.171738
32.899735,28,8597.283739
-263.011584,37,8597.437913
-27.426167,34,8597.577275
-196.305432,46,8597.764568
30.241031,28,8597.880268
-15.477637,37,8598.049229
-100.718346,32,8598.18992
-206.886262,45,8598.378619
157.895574,39,8598.557114
-13.936004,20,8598.638302
-216.729914,33,8598.774319
-17.877909,20,8598.856318
-55.977324,27,8598.968725
-138.681536,40,8599.128592
-137.1841,22,8599.219448
-134.387041,20,8599.301999
-59.197574,29,8599.41958
71.570538,20,8599.501249
67.144715,21,8599.590481
-332.597874,81,8599.926781
-712.826191,101,8600.344462
-213.326289,31,8600.469377
50.964559,24,8600.563133
-45.692239,35,8600.701161
26.571633,28,8607.945547
-34.564222,36,8608.167263
-34.039704,21,8608.262055
-20.313674,21,8608.353054
-118.787154,18,8608.426211
-60.997286,37,8608.574663
14.631605,28,8608.687178
-146.412566,37,8608.842578
-60.334734,27,8608.963469
-117.053259,18,8609.041838
-127.048562,19,8609.119757
-22.232291,19,8609.196632
-194.309231,29,8609.314384
-38.921336,25,8609.415906
-264.960786,37,8609.565904
61.549326,22,8609.656141
192.459421,19,8609.74103
-266.068071,37,8609.898259
40.678484,37,8610.04646
-25.875004,20,8610.130906
-124.450842,33,8610.261718
-131.02916,35,8610.556787
157.732465,23,8610.6567
-54.948499,24,8610.753332
164.600233,22,8610.842449
-25.768423,22,8610.934791
72.463402,22,8611.022838
19.847029,29,8611.144141
62.403065,22,8611.23474
-54.641181,25,8611.333615
165.917344,21,8611.419768
15.577154,32,8611.553196
-36.270192,21,8611.641705
74.200925,20,8611.722781
-314.023675,47,8611.920397
-103.606007,32,8612.054614
-46.456901,23,8612.14729
-104.047048,36,8612.29363
163.518422,22,8612.382609
-30.116033,21,8612.472155
-148.212961,37,8612.625148
-572.885415,101,8613.037297
-123.773939,19,8613.11472
41.545795,27,8613.22704
-125.398432,19,8613.30183
21.456755,29,8613.420587
19.31982,31,8613.546
-91.336998,32,8613.67923
-36.298241,24,8613.776287
-123.191831,19,8613.854307
-15.378311,19,8613.933875
-123.379418,36,8614.080711
-260.04206,39,8614.238538
67.290064,21,8614.319252
-145.913041,50,8614.531824
-116.483607,19,8614.609067
-12.220341,33,8614.744144
-106.746216,35,8614.890468
260.463595,23,8614.986625
-131.066061,36,8615.177473
-138.391606,36,8615.326725
-252.993917,33,8615.471854
125.403889,33,8615.603087
162.938058,22,8615.695235
158.276147,23,8615.790661
70.292606,20,8615.867936
-206.967774,43,8616.094496
-48.913228,24,8616.228511
-207.950255,34,8616.437226
-58.610456,39,8616.755789
-15.803464,19,8616.909438
-16.453132,19,8617.208509
-63.66924,40,8626.525477
-339.099121,62,8626.790036
-56.225486,24,8626.888459
-27.103875,19,8626.962646
-245.293324,37,8627.12381
-74.989041,28,8627.236436
-438.265322,72,8627.525012
32.48539,27,8627.637531
62.848372,22,8627.725011
-126.182134,36,8627.869696
-314.103091,46,8628.069191
-49.912824,25,8628.171628
-115.781088,18,8628.243003
-46.333899,25,8628.345699
-465.019474,93,8628.716936
-589.23364,101,8629.130224
-51.033782,23,8629.22404
-32.444489,23,8629.319508
-83.116576,30,8629.442143
66.898455,22,8629.529623
-210.408066,46,8629.719104
-42.58596,37,8629.872183
-272.979305,43,8630.04518
-53.633884,26,8630.148774
-98.840598,45,8630.323433
-63.812918,37,8630.471028
-118.590906,35,8630.630947
-49.374133,24,8630.739459
-257.998273,37,8630.895436
-246.166057,37,8631.057972
-75.894011,43,8631.234194
-263.346918,40,8631.399835
-32.876685,36,8631.548272
-30.095634,20,8631.634396
42.282117,26,8631.743406
-131.529101,23,8631.83498
-25.71104,20,8631.916355
-273.658006,53,8632.13369
-26.204676,20,8632.216051
-36.155348,22,8632.301861
12.016716,31,8632.427368
-133.246052,25,8632.532094
-181.761381,57,8632.765898
-99.9995,32,8632.895245
-177.036322,28,8633.004576
-170.71372,43,8633.31005
-61.094831,37,8633.472778
47.766808,26,8633.581439
17.596909,29,8633.70123
180.28148,21,8633.780878
-116.502986,18,8633.854817
-36.441105,22,8633.944032
-46.094108,26,8634.049399
-153.60752,37,8634.20681
-24.919626,36,8634.348949
-127.910316,19,8634.423294
343.06959,27,8634.529789
-414.179216,59,8634.763792
-134.136256,20,8634.843704
47.823775,25,8643.726408
-30.898987,22,8643.861614
176.242989,23,8643.97645
-67.794613,27,8644.089551
-83.683179,31,8644.22624
-247.610569,37,8644.377735
-145.877878,24,8644.47612
61.424426,25,8644.58224
257.061202,24,8644.68205
-121.439295,19,8644.764143
109.945479,30,8644.887657
-173.163846,42,8645.05879
-49.228304,23,8645.157133
-257.633224,38,8645.310489
-34.367856,21,8645.393373
-68.470214,27,8645.498743
57.186465,23,8645.592674
54.942261,25,8645.704854
-263.278084,37,8645.854039
-135.241518,36,8646.001221
-75.22469,30,8646.12404
-114.803736,18,8646.203657
-158.468509,28,8646.319006
-147.670812,38,8646.48118
-143.18301,35,8646.622987
47.336472,26,8646.727399
-26.85614,19,8646.807333
-55.787657,27,8646.923581
-29.573929,20,8647.008506
14.138555,30,8647.131727
-24.801278,20,8647.212198
-98.15581,31,8647.342177
210.723423,20,8647.428005
-27.707804,20,8647.509592
54.046957,25,8647.610736
176.188864,24,8647.711227
27.850386,28,8647.826685
-125.284993,36,8647.97834
-64.555899,37,8648.14699
-83.457723,29,8648.267751
-162.318245,37,8648.414949
-150.70697,60,8648.65678
-34.896385,21,8648.739148
50.077594,39,8648.903346
256.075739,24,8649.00841
-33.799084,23,8649.106208
-294.62481,78,8649.477046
-34.516374,22,8649.571082
-285.837195,44,8649.838202
-173.246958,54,8650.055714
-103.161263,43,8650.226029
-23.554362,20,8650.306542
-133.924446,20,8650.389075
35.457488,27,8650.498175
-39.370789,37,8650.649647
-40.552386,21,8650.734222
-47.89452,45,8650.945753
-256.329221,64,8651.24533
-135.953756,38,8651.44421
-57.872179,27,8651.576643
66.020024,21,8651.674174
-34.714073,23,8651.782966
-131.731214,23,8651.888174
-36.333582,22,8651.981097
25.025134,28,8652.111628
-44.439377,22,8652.212864
-27.594783,21,8652.305064
-220.069926,46,8652.503603
71.49458,20,8659.032139
-117.242543,18,8659.139092
-35.443559,22,8659.259482
42.604582,26,8659.373353
-120.576329,19,8659.449618
61.45908,22,8659.541528
-177.237211,56,8659.771548
-148.078463,24,8659.871384
-124.67931,19,8659.952116
62.832101,22,8660.04337
-157.221676,26,8660.156518
-369.795401,71,8660.446864
-33.079183,21,8660.528064
-125.68151,19,8660.610634
365.46531,31,8660.737764
-109.902056,50,8660.94523
-81.499817,31,8661.071496
-26.565105,19,8661.15408
65.955363,22,8661.244823
67.461063,21,8661.332083
-27.085666,20,8661.415585
136.805461,25,8661.514243
-40.899185,23,8661.606485
4.565785,32,8661.739647
-111.847749,51,8662.075456
-126.299023,22,8662.169498
-154.650314,53,8662.377623
-241.212988,37,8662.525564
278.50137,39,8662.690107
71.221711,21,8662.775879
-24.748204,19,8662.851908
-40.44525,23,8662.947294
12.974479,30,8663.072118
-264.759416,37,8663.223956
38.862959,25,8663.331496
-116.689908,34,8663.469914
-29.09428,21,8663.552982
-149.184725,41,8663.719429
-259.859071,37,8663.868705
-136.484299,21,8663.95419
-113.818846,34,8664.090438
-39.081471,21,8664.181289
-91.781636,29,8664.299946
-25.510332,20,8664.381828
43.944678,26,8664.483383
-84.734991,30,8664.60804
-116.746749,46,8664.797665
253.199021,24,8664.896837
-250.379997,40,8665.071434
-52.593732,25,8665.172327
-126.319198,34,8665.307225
-17.256394,34,8665.446389
-21.343511,20,8665.530595
-91.009284,42,8665.699603
151.229765,25,8665.81132
97.589471,20,8665.896115
-62.284946,28,8666.011625
-72.750509,28,8666.134
33.848794,26,8666.243039
-46.745136,22,8666.3323
-27.615803,20,8666.413728
-28.389112,20,8666.500765
-29.639363,35,8666.644249
-41.18068,22,8666.736217
-32.739801,21,8666.81851
-99.200429,43,8666.997757
55.626831,22,8667.084602
-126.875151,37,8667.235585
-166.293314,37,8667.39216
-28.407021,21,8667.501947
-50.796644,23,8667.640128
-422.371275,76,8679.228595
-304.124676,45,8679.421938
-45.310638,22,8679.509369
-128.070013,19,8679.582444
-258.488899,52,8679.786576
-27.955547,19,8679.868561
-113.266574,35,8680.012179
60.624558,22,8680.10626
-160.644951,26,8680.221857
-172.238405,26,8680.330103
-17.904056,32,8680.468805
-19.153843,21,8680.555082
163.395436,22,8680.65568
62.963377,22,8680.762064
40.917555,26,8680.886082
59.946424,23,8681.001017
187.015359,24,8681.112519
-249.655534,37,8681.285182
-69.340356,29,8681.422437
-29.383644,40,8681.58615
51.128796,24,8681.687518
-1.819659,31,8681.812439
-34.564385,22,8681.90018
-28.642501,20,8681.988453
-27.957657,21,8682.078268
-128.250702,19,8682.161629
-127.158348,19,8682.239387
-63.38149,26,8682.348813
-195.137833,32,8682.479963
-228.336193,37,8682.635553
-4.74793,32,8682.778286
32.336376,28,8682.892067
-41.140847,23,8682.982662
62.614249,22,8683.081371
57.472466,24,8683.181836
-266.250028,37,8683.339693
421.794635,77,8683.654282
-34.116935,21,8683.738888
40.89725,52,8683.952799
84.925151,26,8684.06274
202.942726,18,8684.138153
196.404868,46,8684.327394
-190.6687,44,8684.513064
-63.450183,27,8684.629135
46.027529,25,8684.729658
256.144795,41,8684.897219
52.90035,24,8684.991802
-38.251257,35,8685.139259
-188.44877,31,8685.271912
-28.33016,34,8685.422644
-5.70608,31,8685.545854
64.241076,21,8685.627707
-50.925511,24,8685.727761
-604.306439,88,8686.093111
-29.677321,20,8686.181836
156.040285,28,8686.296908
-182.115538,55,8686.626844
54.109382,24,8686.730078
-304.752018,44,8686.914343
-168.971944,26,8687.028232
-23.543111,19,8687.115177
-145.797817,51,8687.340759
71.993629,20,8687.424581
-74.669783,41,8687.591313
-270.133937,38,8687.753927
-40.775069,23,8695.965306
-98.509296,34,8696.155504
-125.058272,52,8696.388667
-147.163852,22,8696.476969
-155.162898,24,8696.572141
-199.652869,44,8696.761199
-322.795151,50,8696.970513
-129.611989,21,8697.067143
261.179112,22,8697.170167
-38.678464,24,8697.269809
-32.213955,23,8697.365024
-92.240445,29,8697.484202
-92.348934,32,8697.611814
-26.444236,20,8697.695587
-25.203467,19,8697.774082
-272.901557,39,8697.936561
213.272225,33,8698.085953
-15.451447,19,8698.165043
68.272508,50,8698.383234
-43.423462,22,8698.477343
261.472061,23,8698.57399
-137.027274,21,8698.655277
-45.804372,24,8698.76132
-29.163379,20,8698.845474
-26.775416,20,8698.92884
-39.485265,36,8699.076026
50.4491,24,8699.173126
-19.389782,19,8699.24882
-125.152251,33,8699.388111
54.359028,24,8699.484168
0.093525,31,8699.615798
-32.914314,23,8699.716335
-203.853407,32,8699.848389
-28.060315,21,8699.936623
48.234653,26,8700.042152
-25.759613,19,8700.121212
19.696476,29,8700.245206
-119.765821,19,8700.322514
-46.826329,25,8700.426431
-33.572337,21,8700.515136
162.934271,23,8700.607946
166.849108,21,8700.692666
71.14363,21,8700.776014
-252.997758,37,8700.925072
-85.748933,30,8701.04397
-174.087867,39,8701.219876
-595.470597,98,8701.609109
-56.085462,26,8701.716794
43.909148,26,8701.823269
37.86246,27,8701.935428
-53.205543,26,8702.039982
-335.076923,74,8702.344095
-52.415685,24,8702.44402
39.257485,26,8702.549238
42.979292,26,8702.654005
-46.277395,25,8702.755968
-76.340459,28,8702.868232
-126.854694,35,8703.026795
-38.508191,23,8703.132522
175.851445,22,8703.224484
-127.314786,39,8703.381224
77.623698,20,8703.45891
-658.636288,101,8703.87307
83.475034,19,8703.954622
-35.181875,24,8704.054823
59.045663,24,8704.154974
-47.419086,25,8704.257339
-41.336662,24,8704.355188
-122.430996,20,8704.761028
-249.598499,36,8711.857452
-23.751532,20,8711.962012
-51.422143,24,8712.065102
-138.373458,22,8712.16022
-121.264175,19,8712.242755
33.170021,27,8712.354748
162.208675,22,8712.446903
-20.318588,20,8712.530765
51.31953,24,8712.633698
29.384376,27,8712.739373
-29.603686,20,8712.821576
-229.895187,47,8713.01141
-29.817394,20,8713.093734
71.317768,20,8713.1779
-450.355647,101,8713.608743
71.616948,21,8713.692376
-60.499937,37,8713.841109
-27.873412,20,8713.922019
-202.59396,62,8714.177291
53.421536,24,8714.273542
-34.143178,23,8714.366779
24.565674,48,8714.557513
39.290563,26,8714.662608
-73.873254,27,8714.772312
-31.003827,21,8714.862565
68.257092,23,8714.959378
-55.11416,26,8715.244845
-59.32133,25,8715.347736
39.979387,26,8715.457817
-35.030925,23,8715.548468
15.944805,30,8715.673679
-261.441686,37,8715.820576
-21.24787,20,8715.905318
-3.267947,45,8716.094516
262.3447,22,8716.18682
31.969005,28,8716.301803
-115.771026,19,8716.376109
-92.982605,31,8716.500947
-56.071144,25,8716.603455
-39.244315,36,8716.751009
53.742477,57,8716.977043
-245.671315,92,8717.353028
33.194082,27,8717.461075
-29.378049,20,8717.542821
-132.597297,21,8717.629431
-25.013888,19,8717.706176
-548.92332,101,8718.132456
-263.044301,37,8718.283367
-114.389928,34,8718.419814
-28.021143,20,8718.501777
-30.041685,20,8718.581807
-125.16325,19,8718.659269
48.77053,25,8718.757827
-129.853973,19,8718.834181
-140.481806,37,8718.989177
-72.12275,46,8719.177502
-22.699007,19,8719.256022
-112.009952,32,8719.386149
-81.647644,32,8719.517944
-504.5331,99,8719.918937
-274.504083,70,8720.1997
57.462915,23,8720.289849
3.583613,33,8730.642158
-237.529204,47,8730.871707
-15.060465,19,8730.950341
-25.548501,20,8731.029642
63.55128,21,8731.115598
-49.343702,26,8731.220196
50.564887,38,8731.383396
-145.026824,24,8731.480882
188.332611,20,8731.567758
91.675266,23,8731.66695
-24.84466,19,8731.742162
-134.877289,36,8731.888279
-81.350251,57,8732.123042
-86.559139,42,8732.291366
-26.601885,19,8732.368357
-15.726691,19,8732.444557
-133.12827,20,8732.526007
39.931303,26,8732.6309
-114.957687,18,8732.703493
-26.055514,20,8732.787792
-95.217627,33,8732.920935
-31.90129,21,8733.006495
-56.930383,39,8733.169484
-267.615251,42,8733.348406
-153.104962,25,8733.449217
71.242869,20,8733.526616
73.094459,20,8733.608397
-64.537365,27,8733.715551
-24.453036,19,8733.791024
-68.445777,28,8733.903391
-125.639103,19,8733.97898
-51.791391,25,8734.079314
-28.254327,36,8734.235316
-29.705855,21,8734.324526
-39.622303,23,8734.419762
-122.852238,19,8734.511516
-142.595528,50,8734.716131
-54.928147,41,8734.886754
-60.764288,27,8734.99532
-27.129431,34,8735.141785
65.018345,21,8735.224623
-266.065439,37,8735.372384
-203.988985,32,8735.501915
-25.380366,21,8735.5897
-21.353659,19,8735.668688
-46.803089,23,8735.759036
159.040299,26,8735.86719
-40.513227,52,8736.085222
-127.993131,19,8736.162389
-36.690772,36,8736.478025
-36.746187,21,8736.583508
-21.135743,20,8736.665924
-42.639024,23,8736.767601
-117.748365,34,8736.908507
-189.254032,33,8737.039898
53.510084,52,8737.256009
160.549403,23,8737.348507
-31.09466,20,8737.428859
151.466297,23,8737.529976
-259.592977,37,8737.684053
-201.436708,33,8737.821042
-183.64447,32,8737.947513
72.859837,20,8738.026772
55.019592,22,8738.124956
-35.870323,36,8738.279612
-116.914881,20,8738.363441
-26.374872,20,8738.446249
-54.836345,26,8738.734517
-30.043839,20,8738.820139
53.037268,24,8738.929662
-172.366283,26,8739.036156
-22.364019,21,8739.126511
-181.3178,48,8739.322272
-263.447916,37,8747.544772
-69.168255,51,8747.829067
-8.993756,18,8747.91118
-127.907887,36,8748.060952
-151.222343,23,8748.171328
-119.15862,20,8748.254667
-18.609786,34,8748.392877
-83.447242,29,8748.516451
359.210802,23,8748.610413
-36.444004,22,8748.702424
-138.583704,24,8748.802051
-61.762392,28,8748.920475
-85.952487,44,8749.101915
-101.13118,49,8749.312879
-238.018013,64,8749.566513
61.710551,22,8749.655105
-20.932957,21,8749.740407
-43.080836,26,8749.845096
159.028088,26,8749.956161
-127.501561,19,8750.035245
-239.556892,39,8750.205921
-172.724673,28,8750.318664
-167.243799,26,8750.420041
-34.180405,21,8750.50419
-226.866067,52,8750.718452
158.416652,31,8750.842514
-23.55416,19,8750.920817
-42.694151,36,8751.060099
-185.95432,42,8751.235074
-128.199606,22,8751.324255
-22.329549,38,8751.478392
-180.530252,57,8751.722217
209.020449,38,8751.87947
-262.340394,37,8752.029752
-186.50604,43,8752.218549
-27.252245,20,8752.300318
55.882572,22,8752.388734
-162.499839,37,8752.536937
-133.481226,20,8752.621501
-9.536726,18,8752.694256
-96.207433,31,8752.824691
-25.780181,20,8752.905939
-309.849169,45,8753.089433
60.062914,22,8753.184817
74.558383,20,8753.264999
130.885111,27,8753.381426
-86.018046,42,8753.554407
48.674402,23,8753.65148
-127.538595,21,8753.741437
-116.79116,35,8753.88551
-129.881345,35,8754.027339
-187.138257,75,8754.326381
-138.263295,36,8754.464685
15.583232,30,8754.587395
165.373177,21,8754.671266
-87.474458,30,8755.176598
-162.320184,37,8755.35089
-163.958991,37,8755.505859
-87.275337,30,8755.626523
59.78704,23,8755.732994
-32.369963,23,8755.83212
-70.539616,26,8755.937045
-260.528558,37,8756.084034
-643.975064,101,8762.784465
-126.573183,19,8762.898038
138.902108,25,8763.012966
-131.52234,20,8763.093668
-158.28389,26,8763.204356
-29.254468,20,8763.28267
27.291983,29,8763.402822
-36.084193,23,8763.492373
-23.470352,20,8763.574428
-56.442851,37,8764.108144
130.165066,28,8764.256145
-45.349715,22,8764.346056
72.76546,20,8764.423269
-44.68659,22,8764.511938
48.303754,26,8764.618638
-127.037552,36,8764.771058
-141.232972,24,8764.871821
-264.349244,37,8765.034854
-33.155413,20,8765.117457
146.253317,26,8765.222435
43.301807,26,8765.335325
-20.407889,19,8765.41096
-166.744976,26,8765.514016
-35.330511,22,8765.605779
0.345259,48,8765.811752
-36.358839,22,8765.900958
-120.096069,20,8765.984718
50.908938,24,8766.083133
-133.172022,20,8766.181755
-128.783442,22,8766.281789
-55.585799,24,8766.380596
-53.632161,25,8766.499879
-452.73018,101,8767.075172
-45.67499,23,8767.183903
-254.395722,35,8767.333889
-84.920863,32,8767.463402
-143.495491,24,8767.560892
-157.836789,25,8767.662377
60.818612,23,8767.756324
-183.95448,43,8767.946735
-130.878301,20,8768.035697
-116.186751,20,8768.121288
-24.934639,19,8768.203157
-153.049557,36,8768.353664
-35.404138,22,8768.443426
-47.049571,24,8768.539155
-77.214338,44,8768.721093
-50.706916,23,8768.814044
-519.816758,101,8769.224862
43.922596,26,8769.334594
-24.709659,19,8769.411898
62.563837,34,8769.549931
-155.765399,64,8769.813722
-135.178725,20,8769.8966
68.16848,21,8769.983439
-72.248043,50,8770.194316
206.207404,45,8770.379186
-141.89772,37,8770.53851
-143.213458,23,8770.629442
-20.482335,36,8770.779018
-268.557459,40,8770.944374
-64.447267,40,8771.103369
-387.952942,101,8771.505156
-67.605874,29,8771.621186
-24.35477,21,8771.710993
-200.013018,33,8783.044569
-77.347683,27,8783.226581
-125.210453,34,8783.383527
-44.059979,22,8783.481353
-150.761416,23,8783.572965
-74.74841,28,8783.688736
36.851554,27,8783.802594
69.885857,20,8783.882232
66.570175,21,8783.965939
50.546208,24,8784.080881
-65.462057,28,8784.200177
-94.90604,34,8784.344636
-31.015829,22,8784.435037
-445.941252,101,8784.845479
-39.096817,23,8784.937203
60.553133,23,8785.03034
-123.903416,19,8785.109721
-196.132815,43,8785.293247
-119.464698,35,8785.431189
-32.242799,20,8785.510255
68.694393,21,8785.598589
-35.625617,21,8785.684229
-28.694732,20,8785.763549
-132.23214,20,8785.84369
-134.506864,20,8785.924984
-253.622186,37,8786.0721
167.10463,21,8786.170499
-123.278033,21,8786.256191
-132.408859,20,8786.336449
-120.862746,19,8786.414476
-183.086562,46,8786.601587
-438.077522,78,8786.919213
38.319871,26,8787.039908
-23.141848,21,8787.128474
-262.989375,55,8787.359365
-441.44113,101,8787.775673
266.381227,58,8788.018243
95.785401,32,8788.157398
60.068268,22,8788.242727
-133.581061,36,8788.389961
64.855768,21,8788.477454
-84.861323,50,8788.683093
81.770721,38,8788.838743
79.632169,19,8788.914139
-44.489147,24,8789.010724
-71.106896,28,8789.128339
-42.917727,37,8789.279822
-593.666625,92,8789.651158
55.214914,24,8789.748705
-269.736907,40,8789.918241
62.03102,22,8790.009815
-183.835326,53,8790.219939
5.147515,31,8790.343158
-60.034437,39,8790.515021
-97.746735,29,8790.635841
-410.820631,90,8790.999793
-75.698641,27,8791.111522
23.501341,29,8791.230392
-23.973071,19,8791.440805
163.982736,22,8791.529159
73.317189,20,8791.609815
45.216825,26,8800.296725
-14.072007,20,8800.427688
-178.919218,27,8800.577258
-169.449003,26,8800.700127
-27.515184,20,8800.783934
-189.894369,30,8800.911047
-138.40707,24,8801.014286
-143.085679,24,8801.12491
-34.41702,23,8801.234021
-178.504716,40,8801.413849
62.375824,22,8801.503309
-66.037839,27,8801.614713
-221.089466,47,8801.809357
-127.536713,35,8802.089189
231.719946,30,8802.258276
-113.234095,35,8802.467582
-48.582622,37,8802.643106
-243.844016,37,8802.833997
-342.494608,50,8803.077865
34.917789,28,8803.23129
-125.631946,35,8803.410364
-103.176052,47,8803.651148
-286.75662,68,8803.985961
-173.71641,28,8804.462841
-125.892985,20,8804.637788
-89.888542,30,8804.818255
-99.012368,36,8804.988803
-180.777332,41,8805.196565
72.602709,20,8805.285361
-27.868584,21,8805.395078
168.115497,26,8805.518484
112.319559,30,8805.667156
-134.111895,23,8805.781634
-131.574807,40,8805.99483
27.350249,27,8806.130209
-34.549286,23,8806.244466
-39.984704,24,8806.363687
-226.417195,49,8806.604051
-45.673485,22,8806.712706
-246.205141,37,8806.885034
167.580543,22,8806.992118
-255.486104,37,8807.179531
-147.485694,25,8807.29934
-28.79007,20,8807.393898
-29.082382,20,8807.489653
-37.279317,22,8807.600017
-40.005932,36,8807.776218
-135.016918,23,8807.882789
-117.981706,40,8808.076455
-20.835575,35,8808.2516
60.42293,24,8808.369141
-49.439014,25,8808.493809
-57.715576,26,8808.616938
66.845311,21,8808.712687
-42.297843,24,8808.825122
-24.926345,19,8808.914639
16.855125,31,8809.07742
68.108968,21,8809.171372
152.176765,26,8809.282315
-174.74443,35,8809.419538
-50.798227,24,8809.514297
-148.285473,39,8809.671568
-161.040666,25,8809.776946
-30.961759,21,8809.860769
58.887155,37,8810.017006
-96.313935,83,8810.354292
-153.601235,28,8810.478353
37.664071,25,8810.585399
-145.842465,49,8817.324823
-79.507441,29,8817.451842
-96.169972,31,8817.581944
-199.378588,29,8817.694207
-159.67826,37,8817.843132
-209.86274,34,8817.989798
-70.106162,41,8818.165547
-139.784269,41,8818.335595
-26.905212,20,8818.416718
-34.569754,36,8818.567196
64.941297,22,8818.659135
-223.071361,34,8818.795252
-110.462612,33,8818.928135
-28.470306,20,8819.011329
-162.162214,37,8819.155147
-136.799582,36,8819.302491
38.640386,26,8819.403746
-87.795603,30,8819.533483
-201.988921,71,8819.829901
173.424116,38,8819.985215
-122.039624,20,8820.071121
-320.419211,48,8820.273146
72.065733,20,8820.355472
-140.839815,21,8820.43844
-70.520233,38,8820.593149
45.00378,26,8820.698372
-17.899957,37,8820.849516
233.835542,32,8820.979025
-45.539963,24,8821.075274
49.668578,23,8821.176165
58.128922,24,8821.388869
67.607901,21,8821.481026
-245.043623,37,8821.73335
57.092336,23,8821.833278
23.777098,28,8821.954159
-84.234425,30,8822.076821
-65.976618,27,8822.195343
-25.517336,19,8822.273559
-181.020423,45,8822.458922
62.901477,22,8822.553766
-38.252542,21,8822.645347
-343.740464,63,8822.897577
-118.180389,20,8822.987818
258.500599,23,8823.085257
-156.556563,25,8823.196988
-303.440219,44,8823.373898
-111.300523,18,8823.443552
65.061214,22,8823.534031
-260.993424,37,8823.693791
-63.459788,37,8823.84757
-455.132176,101,8824.270767
165.308217,21,8824.359845
-119.896098,36,8824.503118
-184.927758,26,8824.608153
-109.162534,33,8824.738332
-37.592096,39,8824.897125
60.862954,22,8824.985956
-256.484106,37,8825.135084
-116.394886,33,8825.274785
-260.146074,37,8825.426908
-366.498218,101,8836.610355
-135.391734,21,8836.742043
-45.455764,22,8836.854717
-284.758538,71,8837.15415
-101.447512,31,8837.273891
-37.541085,21,8837.367166
-80.474847,28,8837.482002
-91.687479,33,8837.618465
-125.831869,19,8837.696781
-50.912381,44,8837.872578
-16.21144,34,8838.027306
-28.8005,20,8838.11404
-255.876805,37,8838.271671
-25.78557,20,8838.353708
-44.748261,24,8838.451632
-118.805117,18,8838.525468
-51.731824,23,8838.621016
-438.208068,101,8839.045764
-31.083437,21,8839.135999
-199.479479,32,8839.269852
-46.544299,22,8839.357531
-43.124563,22,8839.450331
-53.8598,25,8839.552889
58.230821,24,8839.648953
-144.724749,22,8839.738867
-67.183179,40,8839.898326
-135.580298,36,8840.048813
59.286592,23,8840.144366
-128.538924,19,8840.224159
-118.964046,36,8840.371017
-118.453623,34,8840.508922
-268.665911,41,8840.673586
-55.884934,25,8840.775275
-116.080527,18,8840.847762
-117.924666,50,8841.050452
-100.271979,61,8841.293775
59.339746,41,8841.462498
-124.779036,53,8841.670854
-150.204581,23,8841.764163
-279.849772,41,8841.933971
232.08811,29,8842.051356
-222.06463,63,8842.306462
-206.163061,31,8842.440537
-161.88788,26,8842.547722
-160.018459,26,8842.653866
-60.061,27,8842.761286
-56.919688,27,8842.880165
-117.470828,19,8842.958464
-20.045178,20,8843.041331
39.551716,26,8843.148227
-89.999087,34,8843.28956
-59.464508,26,8843.39401
-246.344165,37,8843.540195
-138.16411,40,8843.704731
-40.572677,24,8843.805041
-125.771654,19,8843.879189
70.50468,20,8843.961402
61.216322,23,8844.055615
-23.833029,19,8844.13026
-134.409138,35,8844.273264
-175.158083,60,8844.520048
70.444213,21,8844.607819
-128.271489,19,8844.682211
-33.865937,21,8844.769985
-21.118918,21,8844.855167
-250.973437,38,8845.006602
-66.338453,38,8851.637754
31.403969,28,8851.966488
154.370642,22,8852.073348
-190.473414,75,8852.38503
-27.388031,20,8852.473831
-29.034276,21,8852.565225
178.475743,39,8852.722474
-129.161381,20,8852.807963
-247.846278,37,8852.958055
-263.508191,37,8853.104895
-143.967024,38,8853.274824
-13.46565,36,8853.424925
-39.508397,23,8853.516212
228.740016,69,8853.803826
-48.555108,24,8853.917255
-35.36788,50,8854.120931
-246.565019,40,8854.284061
-131.452767,22,8854.372578
-103.195924,35,8854.51284
-38.14696,22,8854.604509
-155.754187,39,8854.756347
-61.459845,72,8855.061395
-220.122564,34,8855.202372
-16.230247,19,8855.278444
-49.940551,36,8855.426679
142.50446,28,8855.541735
202.632639,21,8855.624876
-162.724281,37,8855.776722
-74.86201,28,8855.892722
62.445347,22,8855.993119
-45.090611,22,8856.087287
357.675053,23,8856.189347
-29.686738,21,8856.293472
45.083853,27,8856.413941
-242.271881,66,8856.683288
-251.280877,37,8856.83028
-113.298768,33,8856.971539
-121.953006,19,8857.046714
39.90576,25,8857.151638
58.940811,24,8857.259647
-50.308712,24,8857.383569
-181.620171,29,8857.548853
-151.559109,55,8857.867201
-81.773897,28,8858.028204
-39.271037,22,8858.169601
6.484883,32,8858.462432
-114.993541,38,8858.728202
-252.6731,65,8859.181172
-130.827703,54,8859.528103
-52.796697,42,8859.735476
-278.661633,41,8859.913354
50.229476,25,8860.016411
-238.246503,36,8860.196258
63.12836,22,8860.340002
-286.104788,37,8860.485987
3.654771,33,8860.647476
70.63229,20,8860.73247
-38.165157,22,8860.823265
-31.610167,20,8860.903164
-153.217792,46,8861.090529
-64.495313,37,8861.254997
-189.835378,40,8868.185589
48.718205,23,8868.295645
-104.15414,48,8868.497696
-154.980882,36,8868.658555
-34.890373,22,8868.75476
169.748572,22,8868.844453
-69.122082,26,8868.948427
-24.464664,50,8869.15537
-557.396718,100,8869.568891
-17.581838,19,8869.650341
50.546098,24,8869.747252
44.770839,43,8869.926838
121.049066,34,8870.074258
-284.803675,40,8870.23628
123.837015,28,8870.34502
-22.736587,19,8870.419016
-28.670462,20,8870.499954
146.186443,25,8870.603845
-640.993738,89,8870.96964
-186.412953,43,8871.14737
-133.667911,49,8871.34148
54.602656,24,8871.437096
-272.110388,39,8871.600907
-223.481154,49,8871.801717
-157.533242,37,8871.952217
64.01707,22,8872.040371
-181.523202,48,8872.231736
-53.939334,26,8872.3396
141.640616,25,8872.435794
51.47611,24,8872.530771
17.807768,46,8872.843582
-0.330266,32,8872.982463
-400.633295,70,8873.273879
74.056687,20,8873.355764
-22.766333,21,8873.447913
-166.062557,39,8873.604486
8.090136,31,8873.733307
-205.355873,31,8873.855553
11.026102,30,8873.983038
18.300819,28,8874.096354
-66.146943,28,8874.216794
53.405017,23,8874.310239
-256.203022,37,8874.457073
-27.170149,35,8874.596775
-125.109602,35,8874.736953
-115.420468,18,8874.80577
-138.641603,36,8874.950056
52.95179,24,8875.047943
-51.874867,23,8875.139525
168.855477,29,8875.265723
-84.783239,45,8875.447086
-159.739939,37,8875.593923
-76.123372,27,8875.705769
-160.859154,37,8875.857096
-173.18746,29,8875.972578
-159.621846,25,8876.077404
-24.372994,19,8876.158527
-27.900355,20,8876.235001
-33.056106,21,8876.318411
-132.091863,22,8876.408763
-248.872783,53,8884.728654
-314.004589,47,8884.983079
-66.896193,26,8885.090622
-242.921782,37,8885.25253
18.0224,29,8885.370158
72.210732,21,8885.456439
-208.25044,60,8885.69798
-50.767994,23,8885.791294
-462.547919,101,8886.207044
-255.3009,36,8886.35302
-16.381178,19,8886.431702
-165.780968,37,8886.588642
-233.804385,32,8886.71859
-161.788612,25,8886.824176
-102.18988,33,8886.957705
-127.775031,19,8887.036788
-183.472462,46,8887.223472
-94.227184,33,8887.373247
57.939355,24,8887.471504
-187.479298,43,8887.640395
-55.591633,24,8887.745457
-137.663553,21,8887.8326
58.314825,23,8887.92971
58.132517,23,8888.023471
131.636894,30,8888.151346
-35.772561,23,8888.246496
54.044201,24,8888.34624
-158.595191,26,8888.452492
-143.419212,39,8888.618946
-145.270697,37,8888.776052
-33.562949,37,8888.94189
-130.457815,51,8889.155143
-54.206509,26,8889.261349
92.864914,32,8889.389979
-19.673531,36,8889.531901
16.705238,29,8889.649816
-48.066904,24,8889.749199
-245.73262,37,8889.903252
-30.620219,36,8890.053005
-19.993346,21,8890.138358
-300.987826,44,8890.315729
-27.236328,20,8890.398712
-153.893675,24,8890.495524
-342.152147,80,8890.820894
-241.578471,66,8891.566657
-43.776468,23,8891.682494
-26.473483,20,8891.76495
-126.029175,19,8891.843342
-84.241563,30,8891.966692
-115.508251,19,8892.050015
-155.850874,25,8892.15312
-149.057571,23,8892.246046
157.784439,24,8892.343217
60.536903,24,8892.440991
67.193345,21,8892.532682
-170.529027,26,8892.640629
14.338433,30,8892.77993
-27.419909,21,8892.87833
-27.703062,19,8892.958618
144.186348,27,8893.071071
-30.221083,35,8893.219406
-162.684021,25,8893.324126
-24.883538,19,8893.41191
70.636683,21,8893.501082
-26.389184,19,8893.585127
-22.757085,35,8893.726913
322.626274,38,8900.826648
-97.820084,34,8901.025165
-150.593609,26,8901.152733
-33.798366,22,8901.253159
154.807776,23,8901.462266
-10.405218,49,8901.698228
-260.267291,68,8901.980718
50.753336,23,8902.075838
-241.065376,61,8902.324362
-252.130065,38,8902.479603
148.359801,24,8902.576225
-129.841646,19,8902.650955
-152.238238,44,8902.835698
197.536943,23,8902.93551
26.679578,29,8903.058617
-44.568949,23,8903.15823
-248.185739,37,8903.311801
-124.58237,37,8903.462716
-260.949903,37,8903.617312
-193.312358,42,8903.782289
-17.81356,20,8903.867955
-65.209433,67,8904.139028
-508.560969,87,8904.480419
-125.201356,62,8904.729232
-134.150735,23,8904.824555
70.268881,21,8904.910605
-164.029115,26,8905.016545
-148.80066,40,8905.167848
-125.795216,19,8905.242005
-255.617436,37,8905.393744
47.574223,25,8905.494576
-116.163387,34,8905.633014
64.199399,22,8905.723819
55.448296,24,8905.81931
51.515888,25,8905.921941
-123.365786,19,8906.001609
-45.903029,22,8906.086667
-359.7755,70,8906.373917
-260.093999,37,8906.526268
-113.980679,18,8906.601481
61.889095,21,8906.680374
56.644896,23,8906.771826
-450.782056,95,8907.419362
-241.401593,36,8907.796222
-39.292881,23,8908.026377
-67.351652,40,8908.355246
-126.801257,20,8908.531904
-25.88859,20,8908.698311
-112.194958,39,8909.116929
-144.782331,37,8909.44309
-117.735697,20,8909.570825
51.618858,24,8909.697586
-134.915038,20,8909.794655
50.418988,23,8909.900288
-49.424626,24,8909.999532
-216.130492,35,8910.149402
-247.204653,65,8910.407041
-244.37007,37,8910.565694
-28.234187,20,8910.646702
-62.090861,37,8910.801177
-146.507664,24,8919.063412
-259.637919,51,8919.329677
-42.921621,22,8919.426963
-36.034091,53,8919.644424
22.008979,30,8919.763842
-58.920304,27,8919.869762
-51.448377,23,8919.963976
-205.879956,42,8920.143805
-116.882622,19,8920.219991
-27.792126,22,8920.30741
-206.862773,44,8920.485931
-16.860395,19,8920.565569
57.37309,23,8920.656382
-25.708718,20,8920.737468
-26.525833,20,8920.816371
-130.719251,21,8920.899494
-95.080931,33,8921.037241
157.442716,23,8921.138036
-51.843179,37,8921.29287
-0.46234,45,8921.480818
72.341189,20,8921.559609
-64.187083,28,8921.675509
-21.044414,19,8921.748616
-251.091289,42,8921.917747
-126.107023,21,8922.002105
-155.367024,39,8922.157396
81.804077,19,8922.237703
-26.233337,21,8922.323247
-114.721827,33,8922.458443
68.450618,21,8922.543755
33.667161,27,8922.650037
-124.369304,36,8922.798148
-45.538119,26,8922.916322
72.221538,23,8923.014177
-216.842157,58,8923.258132
-5.658712,33,8923.38905
-120.332663,38,8923.543938
-190.403027,30,8923.665468
-25.235127,19,8923.742592
201.648311,21,8923.82973
-160.574809,27,8923.944929
-48.210485,23,8924.159795
-347.26401,52,8924.376909
118.804203,31,8924.508658
-100.82528,32,8924.650018
-82.315075,29,8924.77023
-254.79352,37,8924.924057
-161.970273,37,8925.075481
69.460467,20,8925.160859
-233.499303,33,8925.296353
360.067351,23,8925.390391
-182.69048,41,8925.566469
-35.890673,22,8925.651374
70.911742,20,8925.730884
-68.639158,28,8925.848875
-131.174374,36,8926.0034
-8.95328,33,8926.141078
-181.769901,43,8926.323406
-106.724106,32,8926.457331
-127.342791,19,8926.529272
-122.161555,18,8926.602686
47.522916,24,8926.701093
-339.431541,51,8926.91486
33.818259,29,8927.038101
-31.682117,21,8927.121599
-150.25457,37,8927.275378
74.124135,20,8927.35716
-26.833901,19,8927.435342
-141.852281,24,8927.536131
-82.56881,31,8936.19955
-235.186114,38,8936.409638
-150.060559,23,8936.510367
-231.408955,33,8936.649222
-127.669851,37,8936.799197
-616.852085,91,8937.166064
2.709779,34,8937.348036
-23.506298,22,8937.482753
-36.860336,23,8937.610075
-43.51602,22,8937.717195
-58.631773,24,8937.83383
-82.70868,29,8937.974348
-63.329337,43,8938.203788
165.638526,22,8938.319218
-220.705933,52,8938.583799
-170.512107,58,8938.905608
-114.096716,18,8939.062892
-261.178246,37,8940.558716
-10.794324,45,8940.837447
-125.456343,20,8940.93725
174.085114,21,8941.042923
-95.916395,34,8941.215152
-239.903378,37,8941.402956
-98.255041,31,8941.564214
42.498419,42,8942.302977
-160.268505,58,8943.699838
29.957835,27,8943.853589
-75.073217,30,8944.046152
-49.313312,46,8944.320426
-36.39604,22,8944.449272
269.464844,21,8944.577885
-251.36791,36,8944.820902
-394.466371,56,8945.18374
-242.563723,39,8945.402129
-222.611458,34,8945.574473
-521.464858,101,8946.032396
180.335116,21,8946.128944
0.741738,48,8946.334205
-153.477894,23,8946.456262
-71.880416,38,8946.630181
-164.818564,39,8946.794887
24.4806,26,8946.915247
-49.886513,23,8947.01222
-14.212824,37,8947.181998
-146.326142,51,8947.413528
-106.576453,50,8947.652149
-226.132546,34,8947.807609
-298.980393,43,8948.010504
48.125311,23,8948.110113
-176.185026,40,8948.323497
-143.586144,49,8948.538089
-47.649864,23,8948.646629
44.84097,26,8948.760174
-63.259213,37,8948.913254
-93.937136,32,8949.048457
-352.424987,73,8958.605303
-77.740967,31,8958.792167
-115.700792,20,8958.88483
145.830627,25,8958.992127
-132.51461,20,8959.080846
-223.309648,36,8959.237898
-281.791195,63,8959.510453
-79.912415,28,8959.637656
-41.935664,24,8959.921951
-81.832025,30,8960.079523
-60.258586,26,8960.194872
-31.90115,22,8960.331219
-51.842753,23,8960.438321
-45.878665,24,8960.555381
-65.600351,25,8960.675999
-28.15511,39,8960.846368
72.113672,20,8961.540961
-39.345118,22,8961.702665
-96.512277,43,8961.901823
28.835568,28,8962.024274
-307.271907,59,8962.273621
-62.30986,28,8962.394584
-163.308145,37,8962.55469
-122.150041,36,8962.704843
57.370549,23,8962.803975
-77.554178,30,8962.925943
76.486865,21,8963.013462
267.987669,21,8963.106145
-230.601431,76,8963.438914
-384.430133,101,8963.876116
-31.536452,23,8963.969362
-138.257787,24,8964.074803
4.441554,31,8964.228225
-34.771152,23,8964.322191
-139.98707,21,8964.413368
-213.189968,83,8964.771951
57.209641,24,8964.870654
-265.927202,37,8965.037601
51.730732,24,8965.146438
-61.511501,26,8965.290622
117.478277,33,8965.462102
180.803146,21,8965.58625
61.782561,22,8965.707309
-32.205649,21,8965.834021
-25.292266,19,8966.059753
-163.73721,43,8966.802918
-46.325162,24,8967.063268
-28.127301,20,8967.32319
-128.795635,19,8967.845768
-26.038633,19,8968.201255
-144.706624,54,8969.67321
45.845245,24,8970.103227
-61.991973,27,8970.311156
26.483835,29,8970.62076
-40.799707,36,8970.91428
-19.272009,20,8971.28076
265.179597,24,8971.753595
-122.078237,19,8971.911957
-116.044433,18,8972.059042
-119.783615,19,8972.209808
-178.591802,28,8972.429933
-74.189034,28,8972.637193
-165.897632,39,8972.885667
-51.982087,36,8973.121653
-77.220963,30,8973.284668
-164.189076,37,8973.478441
-185.587482,28,8973.852938
-31.998342,21,8982.294823
-27.111216,19,8982.409879
-35.600266,23,8982.516803
-52.875995,26,8982.635051
-66.293138,27,8982.751479
-130.13929,19,8982.834637
-100.802081,45,8983.026684
-153.238505,25,8983.136886
54.777415,24,8983.249198
-226.248416,49,8983.450914
61.019753,22,8983.543144
-61.523034,26,8983.665579
-37.491896,44,8983.855821
-179.325954,39,8984.028975
-46.842379,25,8984.141484
-42.027554,40,8984.303957
-152.426814,37,8984.461583
-37.068392,22,8984.557381
-31.557108,20,8984.640942
-791.913659,94,8985.044414
60.951629,24,8985.151307
-107.29707,51,8985.360385
-34.888517,22,8985.473705
-416.911868,101,8985.994673
-33.787463,22,8986.088276
-35.965967,23,8986.185941
-27.918713,20,8986.270845
197.526063,22,8986.369548
-28.953134,19,8986.451251
56.073307,23,8986.546921
47.167251,25,8986.653389
-61.676941,45,8986.839164
-43.527527,22,8986.934343
-304.353826,44,8987.123976
-45.536419,37,8987.292393
-37.623856,22,8987.383154
-28.05993,20,8987.459549
164.483334,22,8987.549244
30.007641,26,8987.655228
88.774335,37,8987.808482
52.632966,25,8987.920669
-30.55397,20,8988.007411
-323.593239,54,8988.410869
-9.758913,39,8988.588689
-29.178794,20,8988.672679
-104.468149,43,8988.860894
76.084766,22,8988.950418
-246.608065,66,8989.23503
-120.246123,18,8989.312327
-107.611133,34,8989.456234
26.162696,30,8989.587272
-336.22298,63,8989.850177
-86.494983,56,8990.10188
-46.820221,22,8990.195819
-24.977499,19,8990.272613
-20.34592,47,8990.465354
-340.216038,56,8990.691276
184.968352,24,8990.794391
255.828665,23,8990.895772
-67.052658,30,8991.020329
71.405442,20,8991.102725
9.734933,33,8991.24424
-50.430282,23,9000.486714
-64.17734,27,9000.658012
-29.842053,20,9000.755227
-115.496484,59,9001.012522
-118.710099,35,9001.165427
-103.376072,32,9001.306329
-353.189083,52,9001.523361
-214.679775,31,9001.648275
157.752491,23,9001.745513
-32.809732,20,9001.831182
73.321149,20,9001.9159
-153.08018,25,9002.021822
59.950061,23,9002.125265
20.737338,78,9002.460521
-30.358746,22,9002.55619
-233.98824,36,9002.716268
-41.566304,23,9002.81337
62.631945,22,9002.904203
-191.681824,42,9003.088881
-164.695393,26,9003.198251
-29.224724,20,9003.288327
76.706279,19,9003.368718
-51.937628,26,9003.485159
14.09919,30,9003.608551
-24.272848,20,9003.691122
55.94194,23,9003.792309
-95.192908,43,9003.966635
-225.702508,61,9004.231688
251.551377,25,9004.33657
-17.782678,20,9004.427118
-34.619392,39,9004.587145
-116.57067,34,9004.733473
45.249467,39,9004.89745
-129.843832,35,9005.049277
67.875561,21,9005.138856
148.852775,25,9005.248435
331.662208,28,9005.369068
-50.571393,26,9005.481932
9.064538,30,9005.609689
-76.662206,29,9005.735052
-119.307215,19,9005.815537
-210.11377,34,9005.954395
-73.358942,29,9006.077827
160.468846,22,9006.17285
-234.77546,33,9006.31444
-283.221216,41,9006.485819
-61.161696,26,9006.601193
-46.765605,25,9006.707924
21.09349,29,9006.831585
-28.245981,22,9006.923957
-26.375025,19,9007.000772
-268.93952,40,9007.168095
-117.740617,19,9007.248805
-40.959228,23,9007.343363
65.025402,22,9007.440519
-46.258163,24,9007.539757
-147.291555,24,9007.64208
-229.040254,37,9007.79889
-136.110813,23,9007.897011
-154.962902,41,9008.07265
-340.230479,68,9008.360188
-27.024406,19,9008.444263
-20.733045,19,9008.528902
-23.387682,41,9008.704169
-91.754522,31,9008.842577
-280.438537,45,9009.035189
27.225148,27,9009.161544
-411.47705,66,9017.176749
-50.413848,25,9017.299782
55.383272,22,9017.397239
-3.219684,46,9017.587636
-55.583113,38,9017.748568
153.584835,24,9017.846629
-38.055254,22,9017.934952
-377.27363,68,9018.242493
-91.455462,31,9018.378303
155.807982,24,9018.484168
159.828771,23,9018.694601
-27.363284,20,9018.785819
151.923307,32,9018.92348
-211.618213,45,9019.124479
-26.079366,20,9019.20845
-215.54225,33,9019.349502
-28.756605,19,9019.432311
-91.826336,31,9019.560728
-34.537158,23,9019.66256
-70.157093,29,9019.786466
38.369233,25,9019.892794
-246.20648,38,9020.053425
-296.006412,73,9020.352722
-185.341325,28,9020.474544
42.480957,27,9020.587644
103.9862,33,9020.735398
59.329136,23,9020.832088
245.687541,24,9020.933559
-209.90164,58,9021.18092
-110.943457,36,9021.32914
-76.529118,27,9021.443493
-204.870231,58,9021.686095
51.923747,25,9021.796125
17.667265,29,9021.921309
-44.741133,25,9022.024916
-24.107433,19,9022.102114
71.161997,20,9022.188347
49.190384,26,9022.294894
-160.940755,43,9022.475131
-129.126608,20,9022.563259
-164.369965,41,9022.728782
-46.633813,26,9022.838519
-124.383135,19,9022.915944
-446.972081,101,9023.343506
55.925342,25,9023.452461
7.809491,30,9023.573749
-147.497835,40,9023.749594
65.330299,21,9023.844573
-215.016005,44,9024.041263
-78.013288,41,9024.285592
-65.369637,55,9024.656543
-116.441713,20,9024.807929
63.564842,22,9024.977003
-116.116859,34,9025.299156
-131.76794,20,9025.493975
-181.015738,29,9025.746633
-137.838458,22,9025.951638
-67.625199,28,9026.184771
51.927382,25,9026.370784
27.529111,30,9026.55393
-72.560812,28,9026.71379
-129.178608,19,9026.801585
241.663585,26,9026.909577
-33.739901,38,9034.102933
-23.186961,21,9034.243702
-38.73295,23,9034.37549
30.359298,28,9034.489959
209.220684,20,9034.572501
63.962647,49,9034.777619
-128.044577,19,9034.858076
-267.471491,39,9035.022366
-56.625071,44,9035.208733
-61.643367,27,9035.326293
-135.112983,22,9035.417466
-33.55573,21,9035.505933
-123.112675,36,9035.663953
-128.832512,19,9035.744852
-54.178642,26,9035.861271
-19.059504,49,9036.066469
-335.24003,50,9036.293077
99.49024,22,9036.391182
-429.726199,80,9036.754616
-72.934443,29,9036.876394
-168.815403,42,9037.060207
-250.076257,37,9037.216551
-45.819527,22,9037.305753
-33.831898,22,9037.394476
57.174972,23,9037.491215
-88.033192,45,9037.687507
32.546709,28,9037.801026
55.651693,24,9037.901155
-139.656197,36,9038.053382
255.052962,24,9038.157118
27.85725,28,9038.287378
-139.066483,36,9038.440687
-190.820269,41,9038.614706
47.424552,26,9038.724766
-312.014543,46,9038.924755
-469.790146,90,9039.305898
-65.431884,54,9039.532249
-120.911985,37,9039.682665
-138.617017,23,9039.780521
-125.564804,19,9039.865418
162.417327,22,9039.96034
-268.046986,41,9040.143012
154.752102,24,9040.242586
-160.428786,53,9040.63115
28.097363,27,9040.748873
-125.730941,19,9040.829849
-164.941189,25,9040.937875
-153.558444,25,9041.0506
-34.869157,24,9041.162671
-235.366527,35,9041.307323
-26.395253,19,9041.386334
-43.49835,23,9041.482594
-149.589724,24,9041.580804
-122.80428,19,9041.663983
-60.004071,25,9041.763308
52.528181,23,9041.859263
-27.845931,20,9041.940626
-214.445999,50,9042.158404
-248.839827,37,9042.317523
-75.964093,56,9042.552425
-57.778065,24,9042.657042
67.698925,21,9042.74466
-35.649986,21,9042.835397
-14.086658,35,9042.978534
45.884971,26,9052.15245
51.639492,26,9052.330832
-117.729861,19,9052.436383
-127.683029,20,9052.526912
-45.319943,25,9052.632046
-145.348536,37,9052.788982
64.795032,21,9052.878425
-160.341283,37,9053.034663
-43.258842,25,9053.142916
-139.730374,54,9053.381555
-105.7342,36,9053.534613
-23.888625,19,9053.613099
201.279608,22,9053.707574
2.304599,32,9053.855606
-169.336515,29,9053.980844
-64.467425,28,9054.107584
-125.032299,21,9054.203581
-33.51397,21,9054.290087
65.665832,21,9054.383317
-234.5659,77,9054.714788
-85.923115,32,9054.846535
155.142278,25,9054.947459
-23.751724,19,9055.034362
-56.70857,27,9055.149872
59.504785,23,9055.243018
-238.525317,36,9055.392223
-36.057961,21,9055.484689
-41.173598,23,9055.580437
150.009551,30,9055.703307
-125.821867,19,9055.788025
-223.659356,48,9056.000382
-124.271613,19,9056.082471
-162.220879,37,9056.232328
-133.126757,42,9056.410822
-247.157271,37,9056.577323
-113.266612,36,9056.725422
-191.35849,44,9056.90441
-116.573142,38,9057.07892
-132.427992,20,9057.162867
26.994386,28,9057.283917
-24.901055,19,9057.362839
54.112249,22,9057.452687
-203.976513,47,9057.651174
-115.982833,32,9057.786221
-129.327827,48,9058.00164
-329.375606,47,9058.21038
-94.481028,32,9058.346953
136.003085,27,9058.459022
-111.055993,32,9058.595006
-185.384576,33,9058.735133
-112.478231,57,9058.977462
40.192157,26,9059.091613
-40.640917,24,9059.196545
-203.807254,31,9059.330503
252.343937,30,9059.464233
69.815631,20,9059.550022
-120.983563,34,9059.692446
35.056381,26,9059.802742
-116.834449,18,9059.888931
62.628584,22,9059.983597
-128.588621,19,9060.061098
102.363486,45,9060.266094
-200.29712,31,9060.40082
-33.170038,23,9060.501563
-171.270832,49,9060.706356
-128.312084,19,9060.788999
-135.506514,52,9061.009877
23.786254,27,9067.555189
-128.715866,19,9067.664769
37.682656,26,9067.781274
-75.703529,28,9067.898167
137.488588,26,9068.347692
-121.937729,19,9068.428274
1.072249,48,9068.624618
-262.281814,64,9068.893451
-493.107281,101,9069.339641
-120.850109,36,9069.492473
-136.483172,22,9069.589791
-71.228393,29,9069.712158
-123.39539,39,9069.973568
-46.002617,24,9070.072751
-121.825561,19,9070.15375
18.600529,30,9070.282289
-546.647144,101,9070.727415
-279.318651,37,9070.950392
-433.842687,101,9071.380501
-338.306376,48,9071.583101
-208.979563,32,9071.717381
-272.882883,39,9071.881561
-31.609634,21,9071.969074
79.731544,21,9072.058852
-196.909281,32,9072.201073
-68.885444,29,9072.320408
-37.123992,21,9072.408145
-38.921464,24,9072.514261
-113.035822,36,9072.667632
-250.23925,37,9072.828759
-36.031558,22,9072.920162
-22.059889,21,9073.00869
-30.363951,22,9073.101652
-341.330626,61,9073.376953
65.199397,21,9073.467257
-380.911931,101,9073.9005
39.893699,37,9074.062021
-40.761624,38,9074.239044
41.870228,28,9074.35504
-169.196596,39,9074.516282
-43.983794,23,9074.61623
53.549498,23,9074.710398
-134.825914,21,9074.799984
-173.027541,40,9074.968767
61.704791,22,9075.063478
-66.118227,29,9075.189474
28.981586,27,9075.305993
-177.180121,27,9075.42277
55.478116,23,9075.541995
5.689821,34,9075.732496
65.011711,21,9075.850567
-268.548728,37,9076.131892
-249.325616,37,9076.439589
-53.968779,23,9076.621002
-131.304462,21,9076.798123
-486.502471,101,9077.825139
-124.151656,19,9078.008787
-51.095783,25,9085.689904
-17.425721,32,9085.851646
-39.481847,24,9085.954078
-75.96646,31,9086.090781
-27.089077,22,9086.18539
-64.725341,25,9086.293852
68.811622,37,9086.450393
-28.941385,20,9086.538562
-159.93889,37,9086.720181
-0.859069,48,9086.931835
71.049258,21,9087.030445
42.63603,24,9087.141503
46.163584,25,9087.259266
-187.804597,29,9087.379548
-252.570015,37,9087.537309
44.530479,37,9087.692453
219.653358,41,9087.861516
-291.483648,44,9088.055697
-60.178791,25,9088.159348
31.952529,29,9088.286739
-46.970583,23,9088.389945
-146.502968,37,9088.556903
197.116059,22,9088.659118
-155.899868,55,9088.893101
-108.765831,45,9089.088053
-67.355596,28,9089.200559
-15.595169,20,9089.283911
-119.884629,18,9089.359852
-121.868591,19,9089.438085
114.509496,31,9089.566372
69.462823,21,9089.658482
50.662512,23,9089.755604
-42.38039,24,9089.854406
119.051506,31,9089.983852
56.646789,23,9090.082087
-39.621272,21,9090.183432
-22.392201,19,9090.262233
-256.064408,37,9090.410431
-128.145051,21,9090.496702
71.502767,20,9090.581439
-167.407937,37,9090.733675
-24.176724,19,9090.813479
64.842754,21,9090.902883
41.287499,26,9091.011911
-116.8978,32,9091.142358
-32.109281,20,9091.225174
201.57996,19,9091.305668
-132.632359,20,9091.396511
-371.666252,75,9091.719854
-248.056483,37,9091.870396
-125.390256,20,9091.953707
-26.475255,19,9092.036583
-42.178624,23,9092.128523
71.865073,20,9092.361858
74.51797,21,9092.451906
-46.820615,25,9092.56871
-30.528786,20,9092.658632
72.807276,20,9092.745098
157.485795,23,9092.84295
-308.68054,64,9093.108338
-53.994273,24,9093.21159
151.984035,24,9093.316124
-8.160821,52,9093.534768
-269.162848,37,9093.704881
-120.553792,20,9093.787413
-73.674193,30,9093.922396
20.352056,29,9094.044851
-44.469082,26,9094.154081
-166.851306,39,9094.318779
12.861226,32,9094.45756
66.749553,21,9094.548364
-47.723905,24,9104.148067
-24.875122,19,9104.258255
651.925104,24,9104.380062
-28.356592,22,9104.48254
-52.384019,25,9104.592498
-91.210412,31,9104.733044
-247.167172,37,9104.895627
43.665717,27,9105.007591
35.087391,27,9105.126126
127.039976,27,9105.238893
-153.123339,26,9105.353142
-122.430203,41,9105.523708
-27.002409,20,9105.606357
-33.751829,54,9105.878409
-143.480788,52,9106.255204
16.276154,30,9106.429793
58.212913,23,9106.558848
-45.074489,37,9106.74023
-20.851625,19,9106.842592
53.290234,23,9106.951731
-87.425609,46,9107.160238
-247.624892,36,9107.315116
-412.222085,58,9107.561052
-133.686441,36,9107.708949
-86.062446,28,9107.828718
-65.513169,27,9107.946084
-568.544454,100,9108.381526
-29.647792,21,9108.47738
262.081931,22,9108.573786
27.323608,28,9108.692007
-5.591299,33,9108.83002
-170.883048,59,9109.071111
-266.027035,37,9109.230949
8.992781,31,9109.364001
-132.236937,67,9109.6522
7.53194,32,9109.784126
-261.142713,39,9109.944064
-24.661791,36,9110.091643
-39.8493,24,9110.190704
-29.955631,20,9110.270008
-128.458991,21,9110.356795
-125.425954,21,9110.448327
6.078829,44,9110.630317
53.699089,23,9110.728073
-260.906348,37,9110.883135
-192.734089,29,9111.005223
32.67095,28,9111.122928
-234.41438,35,9111.270785
72.369429,21,9111.35789
-127.11853,19,9111.434967
9.589225,30,9111.564461
-156.151064,37,9111.722239
319.803024,29,9111.846828
55.161562,25,9111.951974
-244.359172,36,9112.104698
18.698382,30,9112.228712
1.436833,32,9112.365455
-127.064384,19,9112.445157
-89.484878,31,9112.575078
-39.079307,22,9112.667949
-160.481459,40,9112.840682
-172.935524,28,9112.961456
-119.499735,19,9113.040118
-37.875188,22,9113.132871
-4.314544,33,9120.4076
-107.991853,45,9120.618408
182.613034,21,9120.715524
9.243458,46,9120.907845
-39.886807,21,9120.991845
88.46826,35,9121.1387
353.883808,24,9121.241513
-250.234037,47,9121.432715
-30.243153,22,9121.527916
1.541405,31,9121.66156
54.296016,24,9121.761066
-46.108358,25,9121.871897
270.990752,22,9121.977993
9.676208,30,9122.107427
-121.565547,19,9122.18582
-186.51386,42,9122.366484
-78.931042,31,9122.498778
8.400554,31,9122.631123
-22.240281,19,9122.827114
-210.980595,43,9123.006864
-158.313001,37,9123.154595
-269.486281,39,9123.321235
54.276343,24,9123.418457
-111.162152,32,9123.556586
66.939251,22,9123.649146
168.477377,22,9123.747151
-300.48015,69,9124.041083
-13.420857,33,9124.183322
-87.336438,31,9124.317323
-381.25244,56,9124.549278
-128.593246,20,9124.629664
-276.228125,37,9124.786378
-22.282682,41,9124.954822
-213.190136,33,9125.095527
27.316831,28,9125.219264
-178.686011,27,9125.328212
174.435686,35,9125.472479
-239.799208,101,9125.893202
-224.26002,33,9126.033449
198.951344,32,9126.170662
-28.4501,20,9126.253133
-196.687927,55,9126.486209
-128.16563,19,9126.562624
-133.803995,38,9126.720485
-50.94803,25,9126.826052
-122.104929,18,9126.905426
-146.500969,37,9127.067114
-84.207348,46,9127.260896
-465.487827,101,9127.690254
-347.016734,101,9128.117686
-140.934741,38,9128.273086
-302.629227,44,9128.457013
-189.100325,42,9128.67134
37.634301,24,9128.819991
-95.741951,32,9129.012584
-24.693111,20,9129.171683
-296.276078,43,9138.139776
30.921885,100,9138.615367
-144.901876,37,9138.780574
63.725212,22,9138.876986
-259.117659,37,9139.03013
-102.839814,33,9139.163707
-272.275384,40,9139.334745
-47.321774,22,9139.431438
-174.127461,29,9139.559373
-207.556446,46,9139.75139
55.818425,22,9139.845302
-43.769078,25,9139.954754
-205.014352,29,9140.076061
16.595487,28,9140.19182
72.816981,20,9140.281689
-35.138066,21,9140.367124
-6.008479,49,9140.574661
-123.772331,19,9140.653077
-362.028455,52,9140.875117
-136.853597,21,9140.959795
58.062178,23,9141.057115
-192.924569,42,9141.244718
-543.29164,90,9141.628894
-268.343034,37,9141.783477
-103.405328,33,9141.927839
-119.761619,20,9142.009488
-227.11022,36,9142.165747
-16.98089,47,9142.372997
-172.325932,38,9142.532099
-12.044365,32,9142.669504
-27.216763,22,9142.758667
-74.969164,28,9142.877129
-29.796719,38,9143.036914
2.520076,31,9143.170569
-575.31865,85,9143.536849
-247.504265,37,9143.699699
-124.038662,19,9143.773684
-142.053018,48,9143.971173
-14.461852,20,9144.054848
-578.293986,81,9144.386566
70.35807,20,9144.46928
-128.609853,19,9144.548255
-246.349703,42,9144.725403
-28.652244,20,9144.811785
-264.186348,50,9145.016405
155.872487,23,9145.226397
-27.037399,19,9145.322135
68.805427,21,9145.463923
-262.985548,39,9145.637024
-100.755932,30,9145.767536
-75.580481,27,9145.882571
-105.284689,79,9146.220252
-143.862742,38,9146.385328
-342.495134,77,9146.695193
-149.500777,24,9146.801546
-139.884248,52,9156.687683
63.999357,22,9156.829017
-44.574703,24,9156.951214
197.427534,20,9157.039076
-83.044498,56,9157.28677
26.245052,29,9157.410488
257.793027,23,9157.505538
-86.812386,31,9157.639816
-157.022238,24,9157.746199
-38.815824,23,9157.841394
-9.851165,66,9158.130836
-21.975154,19,9158.213779
-127.772999,19,9158.299702
-273.023047,40,9158.475527
-176.498827,42,9158.659818
-45.048875,22,9158.759273
41.214001,26,9158.875957
-33.062129,34,9159.017502
-455.69745,71,9159.321475
-27.687555,19,9159.402329
38.155861,26,9159.518663
-41.664978,25,9159.626969
70.833329,20,9159.709768
56.062531,23,9159.809361
-68.862724,31,9159.944906
-82.003344,48,9160.157094
-48.352509,40,9160.328243
34.31493,78,9160.685154
68.335418,21,9160.775509
-28.451091,20,9160.856225
-26.902119,19,9160.937291
-196.664925,33,9161.076664
166.456974,21,9161.171639
-163.939798,25,9161.276824
-14.335343,37,9161.431017
-158.004473,39,9161.590491
-30.413628,20,9161.677723
-208.279396,44,9161.865506
88.268692,19,9161.946072
-37.23072,22,9162.03751
-92.332476,54,9162.272421
-129.821906,19,9162.348001
160.202525,23,9162.446882
66.820044,23,9162.550762
-34.248208,21,9162.64218
-96.216512,32,9162.783629
62.127651,23,9162.880369
70.053329,21,9162.966714
-201.241377,33,9163.105815
47.971758,25,9163.213169
74.799921,20,9163.292841
-142.695248,37,9163.458129
-26.355034,20,9163.541689
67.566331,21,9163.624465
-27.928276,20,9163.707155
-26.311805,20,9163.790921
-135.715276,58,9164.031524
-70.203902,28,9164.150408
73.872698,19,9164.230171
-27.054173,47,9164.429501
-67.927391,28,9164.54745
64.012784,23,9164.647034
-112.379544,32,9164.784573
32.991898,27,9164.894867
-41.946457,37,9165.049509
-220.29579,34,9165.18945
-258.915581,37,9165.34643
70.756331,20,9165.426884
73.142474,20,9165.50843
32.301196,28,9172.801114
-112.355029,45,9173.012276
-38.294854,22,9173.109266
-25.290413,19,9173.190252
-212.853679,33,9173.32995
-181.851063,41,9173.518552
-133.255509,20,9173.601548
-170.894379,40,9173.766208
-115.476811,46,9173.960607
142.906944,26,9174.071543
-127.678379,19,9174.153263
-78.228662,30,9174.2805
-130.365354,19,9174.356196
-54.102866,58,9174.596614
-21.896943,36,9174.745043
-12.021839,49,9175.276801
6.601999,33,9175.46499
-281.346047,79,9175.802808
-114.71936,33,9176.039128
-32.087889,21,9176.126435
74.678092,20,9176.217232
-28.027195,20,9176.310268
-41.875413,37,9176.473072
-264.597986,37,9176.637458
-45.052136,37,9176.790748
53.949865,25,9176.895365
-358.695641,51,9177.110601
-117.416106,20,9177.195083
6.771226,31,9177.328485
162.619807,23,9177.426542
-112.000091,33,9177.569629
-151.104585,37,9177.723819
60.497072,23,9177.821944
-273.619668,40,9177.995535
65.627821,21,9178.082276
-198.854589,44,9178.26562
-127.656463,19,9178.34761
-120.379599,35,9178.490644
50.36595,24,9178.591015
-22.375359,19,9178.67551
54.930939,22,9178.766904
-43.648923,24,9178.868346
210.574243,46,9179.067482
69.974201,20,9179.153781
67.737537,21,9179.240974
-275.163417,42,9179.432565
-460.102956,100,9179.851883
-39.959809,22,9179.94492
67.718786,21,9180.042596
-65.218126,37,9180.210402
71.85464,20,9180.293573
-338.076185,76,9180.613853
-271.663459,40,9180.789147
-118.542403,19,9180.870407
111.337169,30,9181.002853
-125.781478,19,9181.089323
-249.733457,37,9181.236108
-128.258174,19,9181.31586
-139.953713,40,9181.523107
-38.193332,22,9181.654546
-94.11942,43,9181.916858
-243.419869,37,9182.214343
-184.896195,40,9191.930746
-163.826167,26,9192.056583
16.062234,29,9192.182382
-62.054657,37,9192.336819
-132.772448,36,9192.489693
-114.384214,33,9192.63663
-257.194069,37,9192.788799
-40.515659,22,9192.881664
-120.131726,21,9192.969636
-123.770708,19,9193.053551
-26.903772,20,9193.134424
-40.260475,36,9193.287006
-138.940929,24,9193.390486
-265.285277,39,9193.553723
-23.848581,21,9193.638641
-149.646625,38,9193.808726
-44.914691,24,9193.914739
-107.098268,36,9194.063902
-316.57134,75,9194.375945
46.839365,25,9194.480451
-119.627337,32,9194.61833
-256.060691,38,9194.787306
57.272619,23,9194.885409
-127.435661,19,9194.965667
-30.387382,35,9195.114196
-26.444168,19,9195.19339
-38.812436,24,9195.301041
-45.980651,41,9195.478336
-265.007557,37,9195.632243
-63.631385,24,9195.739163
-169.276184,37,9195.889438
166.042807,21,9195.976038
-177.158496,40,9196.159601
-124.083283,18,9196.239841
-156.813195,38,9196.400885
-172.05827,40,9196.57367
66.040406,21,9196.661383
-77.894515,44,9196.847813
-8.141027,37,9197.000142
-289.805688,59,9197.248922
-39.417258,22,9197.34064
162.225168,23,9197.439277
-176.253368,40,9197.615405
-270.639942,41,9197.788879
-40.345409,22,9197.88103
-22.482911,19,9197.958487
64.203912,21,9198.055892
-87.934283,30,9198.186636
61.862908,22,9198.276692
-259.341861,37,9198.436696
-25.066444,20,9198.518665
-267.498921,37,9198.675003
-242.884817,40,9198.846471
51.048794,24,9198.948921
19.827321,58,9199.302277
-147.839575,37,9199.465646
-123.677183,19,9199.540302
-62.897455,27,9199.65668
70.121303,20,9199.744991
-35.511783,22,9199.840172
-43.094657,22,9199.936458
-121.844257,19,9200.014859
9.266213,30,9200.139251
-163.746904,62,9200.401118
-39.784413,23,9200.495794
-171.751976,39,9210.397335
-249.329548,37,9210.60234
-33.280937,20,9210.686298
-38.685672,22,9210.778635
-51.820544,25,9210.882293
-31.822015,20,9210.966219
-28.695086,19,9211.044238
-266.497005,37,9211.1975
216.360422,29,9211.321436
-31.627743,21,9211.405268
-66.603399,28,9211.525914
-266.919402,37,9211.683702
-24.416301,19,9211.76377
22.814618,29,9211.888294
-176.200918,29,9212.017431
-256.587623,37,9212.174523
-182.077259,31,9212.310724
-265.822928,37,9212.462029
-271.370481,40,9212.639059
46.478683,25,9212.746817
-130.30554,53,9212.972991
-31.168555,21,9213.070147
15.592088,28,9213.184173
-24.813671,19,9213.268058
69.019567,20,9213.366064
-675.39039,101,9213.791555
-249.540504,37,9213.94109
-26.863505,20,9214.029034
-26.893347,20,9214.111977
-26.330504,19,9214.190654
-31.522719,20,9214.277219
-214.870538,74,9214.581554
-3.181393,36,9214.736404
142.30073,26,9214.843678
-133.098809,35,9214.988917
55.573382,23,9215.079896
63.810171,23,9215.184898
-39.674633,22,9215.279655
-155.890473,38,9215.438905
-162.001071,53,9215.655114
-31.324047,21,9215.738845
0.796764,34,9215.886587
169.139268,23,9215.992019
-78.926773,30,9216.124844
-61.252652,25,9216.256021
-253.168698,37,9216.417584
60.95884,23,9216.522571
-40.080482,39,9216.688485
-274.130532,41,9216.863287
-42.206084,23,9216.962385
-144.274186,39,9217.123331
66.903057,21,9217.209916
-21.445627,46,9217.40489
-32.377878,20,9217.483827
-120.51331,35,9217.630059
-249.837933,37,9217.783918
-34.665878,21,9217.872321
-138.861258,22,9217.964025
173.972807,22,9218.056277
-27.868129,19,9218.141043
-35.218467,21,9218.226846
66.62517,21,9218.313061
-34.515926,21,9218.405204
-126.356684,35,9218.543797
-40.571513,38,9218.702706
65.457994,22,9218.800138
-126.759883,20,9218.884826
-127.514569,36,9219.03857
-130.477181,20,9226.829448
-71.429189,27,9226.984307
-95.750029,34,9227.140834
-217.520678,58,9227.38842
-207.802944,33,9227.529857
-69.451323,27,9227.649648
-136.408215,20,9227.731833
-145.736025,37,9227.891611
-29.299842,20,9227.972462
-28.849065,20,9228.052959
-127.590199,35,9228.202042
-32.883572,21,9228.291609
-53.482386,25,9228.402009
-34.426182,21,9228.488345
-192.216089,43,9228.668734
-425.443533,87,9229.03696
-128.262039,20,9229.118018
-211.844533,60,9229.369109
57.25225,23,9229.466714
156.371103,41,9229.639225
-47.326371,37,9229.806235
-73.988301,30,9229.935164
-44.513208,41,9230.110288
1.403245,31,9230.35585
-189.791879,42,9230.537614
-136.083906,40,9230.705948
67.080734,21,9230.793518
-58.003379,25,9230.899796
-104.657566,32,9231.037634
-169.838925,29,9231.158022
-34.77938,21,9231.247485
-272.1695,40,9231.419807
-165.812411,37,9231.580059
157.916326,24,9231.682122
-43.152586,22,9231.776952
-17.973439,34,9231.917794
-61.725933,41,9232.085772
-11.651062,19,9232.169052
-126.48291,19,9232.253543
352.036074,24,9232.354472
-280.303273,55,9232.595214
66.698515,21,9232.686921
-37.156096,22,9232.78397
-63.063591,27,9232.900757
-176.534526,28,9233.019335
71.646035,37,9233.172286
-121.836052,19,9233.254089
-142.040213,37,9233.415695
160.277479,23,9233.511447
-33.110953,20,9233.595102
-68.845432,28,9233.711904
-49.126585,24,9233.817825
-166.39005,37,9233.973161
-243.831783,37,9234.124513
-128.88304,33,9234.259493
-225.245241,35,9234.408354
-154.856772,37,9234.553795
-20.818891,19,9234.632206
-0.921146,35,9234.781372
-46.606327,24,9234.880114
-132.359786,36,9235.033945
-165.675548,27,9235.150315
-21.910778,20,9235.232417
12.395352,31,9235.362687
132.575947,26,9235.47346
162.265444,22,9235.56584
65.971729,25,9245.017755
72.141008,20,9245.16328
-55.768142,24,9245.341494
-97.580408,31,9245.48266
71.400711,20,9245.578835
-33.399932,22,9245.661991
-178.024011,43,9245.836348
-218.145494,50,9246.044658
170.18145,21,9246.134864
-160.057025,26,9246.24616
24.646899,28,9246.35883
-131.730966,53,9246.57703
-32.562649,21,9246.662454
-22.343106,35,9246.811435
-122.686845,19,9246.887346
-250.991376,37,9247.045483
96.831931,32,9247.18415
-265.870678,40,9247.348518
-113.122107,35,9247.489853
-136.884853,36,9247.632153
-188.246865,42,9247.79949
-124.107851,22,9247.89069
67.61422,21,9247.984359
-261.276637,39,9248.138275
64.959086,38,9248.29752
-136.952509,49,9248.513152
-72.831071,47,9248.696125
-13.173313,86,9249.053907
-212.952607,45,9249.238077
-189.537706,30,9249.360896
-171.572167,41,9249.5314
-213.039014,32,9249.666294
-270.29957,37,9249.825921
-194.673792,44,9250.010943
-149.046851,22,9250.108637
-134.993539,41,9250.276197
-132.940779,20,9250.357505
-368.147861,54,9250.579015
-185.786437,42,9250.75239
73.279177,20,9250.842114
157.381498,23,9250.934481
-148.941542,40,9251.100134
-141.321177,33,9251.239463
-560.611993,85,9251.577229
69.745165,21,9251.665427
-35.326955,22,9251.749808
-157.868217,38,9251.915316
-188.351825,42,9252.097788
-28.713584,20,9252.1772
-97.131069,32,9252.30564
-37.347525,22,9252.396378
-157.407316,40,9252.563197
-53.979217,38,9252.722037
-266.16946,37,9252.98882
-164.324614,42,9253.167195
-126.364482,20,9253.251262
46.647614,27,9253.367866
-169.005429,26,9253.479986
-244.112383,37,9253.630635
-74.339124,29,9253.748089
-293.9197,95,9264.349042
-126.183836,19,9264.43347
-120.228152,19,9264.515641
-267.76879,39,9264.678218
189.872713,21,9264.76662
-126.279821,19,9264.850848
-128.753174,19,9264.928372
-263.85152,37,9265.094706
-126.602041,38,9265.259419
-44.779148,24,9265.358189
-299.525917,43,9265.54508
-598.772179,101,9265.983092
-260.932438,37,9266.136436
-134.2014,20,9266.21633
-61.23582,26,9266.325739
-143.411618,37,9266.482447
-34.646713,22,9266.574965
-115.867093,35,9266.714081
3.344154,33,9266.848247
-187.211614,28,9266.961827
-31.907652,21,9267.046118
-93.986377,31,9267.170689
-37.93836,23,9267.262877
-23.549951,19,9267.34135
195.692471,22,9267.435371
169.165927,23,9267.535449
-42.811685,23,9267.634518
-196.257533,56,9267.867191
-152.398438,37,9268.020421
-125.045919,19,9268.104059
65.422649,21,9268.191033
-43.328842,22,9268.291535
33.548555,25,9268.400906
-95.752378,31,9268.530532
-106.486939,32,9268.658612
-250.082603,37,9268.819754
-31.404399,21,9268.907172
-16.210907,20,9268.995475
-225.462478,61,9269.250691
-151.150678,24,9269.358136
61.521321,38,9269.515183
-257.325801,38,9269.67199
-112.242013,50,9269.883908
-174.093089,56,9270.114062
-28.62985,20,9270.200611
52.176604,24,9270.300494
-53.126248,23,9270.393469
-326.057994,47,9270.591366
-29.532393,20,9270.676541
-26.359872,20,9270.760801
-189.924503,30,9270.890664
454.061832,24,9271.000749
8.187156,35,9271.144206
-44.875732,23,9271.245312
-41.270856,24,9271.344425
-247.499051,37,9271.495293
-72.895383,28,9271.613342
-222.810533,37,9271.769887
4.441883,46,9271.955164
-31.041167,23,9272.051064
-136.772143,22,9272.15291
-137.660347,21,9272.240267
-124.172304,46,9272.428877
-124.629765,19,9272.506466
-126.255163,19,9272.590169
-19.296796,19,9280.015627
-120.151505,18,9280.12672
-38.202426,35,9280.577194
104.637999,43,9280.79031
-198.445514,31,9280.934576
-148.822007,24,9281.033306
-247.585931,37,9281.204738
67.358448,21,9281.299182
-264.053739,43,9281.490687
53.918051,24,9281.596681
-60.158679,42,9281.776563
-260.913999,38,9281.938152
-180.912032,30,9282.062786
-128.258004,19,9282.145794
-142.405818,51,9282.354217
-158.09664,26,9282.460058
-246.019042,37,9282.611568
-119.123321,36,9282.758483
-250.366308,37,9282.91249
192.529045,36,9283.064986
-201.21722,43,9283.24931
-31.253205,21,9283.33599
60.49982,25,9283.446175
-144.958174,37,9283.604229
-96.384972,31,9283.735755
-393.901721,101,9284.318968
-196.070279,31,9284.448982
-127.391189,21,9284.536719
-155.725751,23,9284.636346
-414.800388,57,9284.946971
-53.555385,26,9285.055943
-175.968274,27,9285.171351
-81.655831,30,9285.295524
-23.064932,47,9285.487347
-235.108869,33,9285.622679
-184.232268,62,9285.886431
-23.444493,35,9286.045832
-30.988504,20,9286.129654
-28.834873,20,9286.213111
-24.423071,21,9286.299338
22.700064,29,9286.421118
-31.855645,21,9286.509312
163.3954,22,9286.598512
9.841627,30,9286.726778
-57.080484,26,9286.834926
-64.781083,40,9287.01487
-266.149099,37,9287.164552
-106.553135,45,9287.345085
-129.562666,19,9287.434951
-197.960471,44,9287.624346
-129.340637,19,9287.702059
-40.848858,37,9287.856863
-247.128811,37,9288.012436
-80.80016,28,9288.132803
-63.174111,26,9288.256478
-267.306732,37,9288.416179
-151.470162,37,9288.574627
-15.104594,19,9288.653685
70.935909,20,9288.733159
-167.235527,26,9288.838921
-26.26211,19,9288.917291
-140.339931,36,9289.081275
-246.044558,37,9289.234608
-535.085434,101,9298.610845
-258.370295,37,9298.764495
76.225275,19,9298.847835
357.457762,23,9298.946897
325.019862,28,9299.088696
-264.533208,38,9299.258463
-267.168665,37,9299.412827
-168.022402,27,9299.536475
-128.441906,19,9299.614779
-39.626277,22,9299.706825
-138.970744,23,9299.812798
-318.820868,45,9300.004494
-42.705371,23,9300.104459
-26.361833,20,9300.191586
281.971428,41,9300.372287
-266.17761,37,9300.541374
-225.700835,35,9300.690081
-2.684075,33,9300.82578
-206.631361,32,9300.972357
-73.121194,27,9301.104927
262.235222,36,9301.248912
74.15295,20,9301.330575
-59.693011,25,9301.434805
-259.142299,37,9301.584232
162.608272,22,9301.681387
-174.650322,30,9301.81111
-251.730671,37,9301.966879
69.622875,20,9302.053149
-133.681112,22,9302.145571
68.504594,21,9302.231185
-215.083319,49,9302.434944
-127.747526,19,9302.519062
-153.82592,37,9302.680992
-241.384438,37,9302.842149
-172.784477,31,9302.971236
-64.057474,39,9303.129703
-394.244279,101,9303.563161
56.919151,23,9303.658156
70.622514,20,9303.743287
62.622408,22,9303.833621
-252.140218,37,9303.990721
-463.342467,86,9304.365839
-21.875425,19,9304.44425
-15.5226,19,9304.524149
50.744133,24,9304.634655
34.836696,27,9304.748686
-193.152403,42,9304.92975
69.968968,20,9305.014774
-34.189603,21,9305.104569
-121.313522,46,9305.296454
-146.484836,24,9305.391716
-248.38914,37,9305.543676
24.013036,29,9305.666575
-504.948647,101,9306.091983
-124.792761,19,9306.165551
-32.988264,20,9306.248883
-196.641864,32,9306.385185
-111.098908,18,9306.45984
75.392349,38,9306.770041
-607.304362,98,9316.599077
-72.855587,28,9316.905244
61.874159,22,9317.20435
-128.538943,19,9317.377307
-129.338318,37,9317.615649
-156.663009,42,9317.83951
-250.047945,65,9318.166275
-50.275537,25,9318.270518
-74.01919,30,9318.394019
-21.804513,21,9318.49188
52.184963,24,9318.595651
-27.238577,20,9318.682628
-129.260636,19,9318.766985
-218.81317,38,9318.934155
-284.435336,43,9319.113729
-323.213856,48,9319.320273
-53.520007,26,9319.434936
-408.124076,65,9319.719032
21.248576,30,9319.848185
-130.374283,19,9319.927501
-32.055023,20,9320.018474
-104.997243,33,9320.160318
-261.158919,37,9320.324526
-130.564595,19,9320.408051
-163.288091,37,9320.572495
-230.516983,66,9320.852538
87.479662,33,9320.991358
-60.935774,26,9321.099646
-132.123799,20,9321.182535
49.88375,25,9321.304222
-26.401342,37,9321.470889
203.968022,78,9321.810709
-222.475206,47,9322.00888
-153.513742,39,9322.181372
108.2877,30,9322.314798
-136.538869,36,9322.464681
-104.013688,32,9322.598851
-50.213652,38,9322.765174
-260.370904,98,9323.18719
-268.121347,37,9323.346491
-0.214027,34,9323.492879
-14.042133,34,9323.641615
-113.754381,52,9323.860067
-21.650681,36,9324.011531
-55.767985,26,9324.122547
156.281038,23,9324.21905
38.014761,40,9324.386911
-49.890872,24,9324.482623
-248.803035,53,9324.704628
-131.356921,22,9324.793487
156.152515,24,9324.894129
-6.979724,34,9325.03646
-247.287005,37,9325.189733
-22.996811,21,9325.276653
-125.000116,20,9325.360969
-88.629507,31,9325.492259
-23.14232,19,9325.57009
-26.612743,19,9325.645994
-192.288473,47,9325.85011
-579.421082,101,9332.898275
-108.974206,18,9333.04127
-84.735139,30,9333.384582
-249.729479,37,9333.55871
45.80226,26,9333.668161
64.729396,21,9333.75416
-87.15808,30,9333.884717
-131.598547,22,9333.974833
-140.767711,36,9334.122188
58.274711,23,9334.221176
-15.505048,35,9334.380417
-130.997354,20,9334.464786
-251.562755,37,9334.622846
-56.91779,25,9334.732668
-46.016002,25,9334.836366
76.735018,20,9334.923186
-50.296708,23,9335.025068
-125.743416,19,9335.102294
-209.541836,33,9335.242518
161.580835,22,9335.339618
-63.249305,26,9335.444033
-51.056792,25,9335.550479
-205.523856,45,9335.739351
-62.84784,27,9335.852581
-222.834319,46,9336.045413
274.30197,21,9336.134828
-185.190233,43,9336.340776
-195.216006,48,9336.550894
-115.961758,35,9336.705486
-24.847266,21,9336.796348
31.360548,26,9336.907645
-35.705055,22,9337.005411
-48.941512,25,9337.229618
28.313728,27,9337.345328
-493.366211,101,9337.767954
-65.527976,37,9337.928563
67.697965,22,9338.022216
-54.163309,26,9338.13366
-189.442812,46,9338.321965
-41.303296,35,9338.483377
-129.987118,19,9338.562825
-109.656755,31,9338.694111
-59.646898,26,9338.802227
-158.02635,37,9338.956756
33.400577,28,9339.074236
248.586956,25,9339.181372
97.657338,40,9339.360461
68.38419,21,9339.4535
-195.958138,46,9339.652288
-134.512011,50,9339.859382
-22.182256,19,9339.933573
-150.41468,25,9340.036173
-159.968527,24,9340.139817
-300.308507,58,9340.399583
-82.771682,29,9340.526539
-29.03264,21,9340.618345
-581.879009,101,9341.040204
-154.934039,56,9341.285458
-21.217453,19,9341.368164
-63.06696,43,9341.545276
-118.360529,48,9349.991483
-6.601591,33,9350.191716
59.25078,22,9350.298331
-189.622664,70,9350.596335
-243.211552,35,9350.917383
-22.583209,20,9351.12645
-27.804014,22,9351.217886
-519.29087,101,9351.871547
-276.790342,79,9352.222381
-156.598118,37,9352.375346
208.394656,31,9352.503631
-297.531042,54,9352.735852
-34.483831,22,9352.836571
322.231622,33,9352.982989
-122.400527,46,9353.188172
61.216097,22,9353.285429
-105.489165,46,9353.485126
-126.713622,19,9353.564762
30.456855,28,9353.684491
-38.193558,36,9353.835234
181.826447,34,9353.978207
-139.451082,21,9354.06892
-97.115501,46,9354.264207
52.82318,24,9354.371133
-46.246732,23,9354.466864
-200.700734,29,9354.598122
-181.125887,41,9354.768836
-140.406527,23,9354.867817
-108.178308,35,9355.027726
-129.882061,19,9355.110544
-170.279173,26,9355.221436
-198.804687,33,9355.364356
-123.513059,19,9355.436888
-57.381486,25,9355.538847
-31.505275,21,9355.626091
-133.517201,36,9355.78113
82.727164,19,9355.858466
-153.8031,37,9356.018252
6.7699,31,9356.145566
68.229849,21,9356.230554
-126.827737,20,9356.309211
-32.613923,20,9356.393297
60.129402,23,9356.496135
66.270381,21,9356.589794
-437.936793,67,9356.873897
68.500489,21,9356.959091
54.651718,23,9357.057188
-240.444628,40,9357.226213
-270.379539,38,9357.383823
-141.414358,24,9357.483397
-50.50074,23,9357.577571
190.044574,19,9357.654895
60.696531,22,9357.751707
163.443044,22,9357.844926
-47.955634,24,9357.950441
148.720467,26,9358.05912
-38.773662,23,9358.159051
-123.336291,21,9358.249654
68.361437,21,9358.337378
-21.601894,21,9358.425992
37.380574,27,9358.543222
70.760938,20,9358.622321
-292.061935,60,9358.86483
-279.334082,37,9359.016106
18.532397,30,9359.146036
39.29042,25,9359.25421
-203.06791,36,9366.07563
-183.624017,64,9366.353672
-25.810385,20,9366.439775
71.348863,20,9366.524913
-26.719935,20,9366.613845
-268.947926,37,9366.778795
-22.07296,19,9366.855524
-146.391622,37,9367.008088
-139.735826,21,9367.097069
-43.528558,23,9367.197678
11.709561,31,9367.330766
-63.377126,29,9367.451953
-123.065345,21,9367.541975
-121.843292,18,9367.616035
-157.552985,55,9367.848916
-430.693666,87,9368.519628
-38.905235,24,9368.636804
-314.407945,45,9368.836873
-188.272422,31,9368.981817
-282.688598,53,9369.223566
-45.051988,22,9369.326774
5.663534,31,9369.475252
-35.871393,22,9369.569445
-147.880974,37,9369.722033
-169.883563,43,9369.918438
-94.720401,32,9370.048983
-275.806409,40,9370.216258
-307.740739,56,9370.450065
-124.715058,21,9370.539576
-300.466192,71,9370.840036
-141.306798,21,9370.930121
-24.481144,19,9371.009958
6.598379,31,9371.147578
67.915844,21,9371.236969
28.473814,28,9371.362665
-243.017462,37,9371.58034
-87.865933,30,9371.805791
70.664604,21,9371.985254
17.615738,29,9372.226173
153.067391,38,9372.517063
-333.382893,62,9373.248422
54.751083,25,9373.569356
-250.329897,37,9374.032344
-135.42497,20,9374.267933
-28.853262,20,9374.549428
-55.470496,26,9374.882367
144.10726,26,9375.171355
65.885055,21,9375.380192
-124.693427,21,9375.610522
-128.881429,19,9375.796251
-43.142148,24,9376.081827
-29.145936,20,9376.334865
68.223084,21,9376.639932
107.824819,30,9376.906117
-27.149496,20,9377.081452
-51.745974,37,9377.330562
-244.270785,38,9377.509049
-173.073831,44,9377.70432
-23.141392,19,9377.777971
-30.118171,22,9377.874972
142.096456,27,9377.997028
-161.090137,27,9378.112987
164.945087,21,9378.206336
221.138537,41,9378.381681
-11.819813,32,9378.536194
-110.693831,33,9385.443486
127.91843,46,9385.675078
258.241447,23,9385.774262
-30.071403,20,9386.173637
199.964651,20,9386.266101
-55.800238,23,9386.360844
132.098744,50,9386.575456
-119.621678,48,9386.781161
66.938211,21,9386.889486
154.568381,23,9386.995461
14.018373,30,9387.132537
-26.937758,20,9387.215697
219.293945,31,9387.347729
-144.201703,25,9387.449644
-103.635587,55,9387.67755
-688.005957,101,9388.111734
-25.726623,19,9388.188986
43.159823,25,9388.293748
-45.092505,23,9388.388971
-131.141083,19,9388.472352
47.433922,25,9388.584171
-24.568095,19,9388.66638
-37.048708,22,9388.759007
-52.396642,37,9388.916332
-159.610554,37,9389.076873
-60.607046,27,9389.189756
-94.300274,31,9389.324909
210.576321,44,9389.513294
169.549252,24,9389.613809
-210.904395,49,9389.82028
-84.935335,49,9390.02827
164.315584,22,9390.125663
-38.504665,22,9390.220374
-146.756419,38,9390.53738
-40.509866,22,9390.638035
-150.004502,37,9390.795492
-135.250164,22,9390.882935
-123.096402,19,9390.972174
-122.552948,19,9391.060517
-231.763171,37,9391.218642
-55.651192,26,9391.330637
-27.867868,20,9391.419084
-51.960925,39,9391.580591
-135.769358,23,9391.670693
-0.608202,33,9391.813103
-145.750913,37,9391.971626
-129.782087,21,9392.069728
-50.441965,24,9392.170999
-51.943148,23,9392.270559
53.322699,25,9392.374425
-267.232503,55,9392.607324
-21.941269,19,9392.692222
-42.567641,23,9392.797708
71.249687,20,9392.882297
-37.518396,21,9392.968087
-26.089559,20,9393.049224
177.482223,22,9393.144037
160.350873,22,9393.243596
157.508736,23,9393.340146
-204.764206,32,9393.481974
-12.825204,18,9393.558776
166.057846,21,9393.649063
57.914677,22,9393.743406
-170.283962,41,9393.919257
32.211926,28,9394.040025
-29.36276,20,9394.126224
52.510665,44,9394.311762
-17.071599,34,9394.458543
-145.422045,49,9403.48984
49.25433,24,9403.652465
185.974121,20,9403.75638
-124.516743,21,9404.15522
-60.646778,24,9404.270837
-260.94994,37,9404.435842
-282.103021,54,9404.668913
-18.702796,19,9404.747037
-40.344014,23,9404.844157
168.909846,23,9404.950723
148.224048,24,9405.056944
-207.273872,37,9405.224579
69.629765,22,9405.319496
-183.437749,41,9405.49502
27.634641,29,9405.619227
53.055886,24,9405.720424
70.828933,20,9405.806639
-289.461065,65,9406.078636
-14.172188,33,9406.219928
-124.96177,19,9406.305226
-134.813673,22,9406.404872
-162.641958,37,9406.567255
-112.045953,34,9406.709754
-116.11147,61,9407.014972
-44.995489,24,9407.135494
-81.529183,30,9407.283891
-49.540585,37,9407.469599
-258.223774,37,9407.647796
-26.199239,19,9407.738781
-155.780003,55,9407.99255
47.516624,23,9408.096015
41.519164,45,9408.295101
-269.39101,37,9408.455161
-192.084472,40,9408.632193
2.539887,30,9408.759518
30.887811,45,9408.94602
175.9595,21,9409.041678
5.453992,30,9409.172647
-29.50071,20,9409.260418
-123.71598,20,9409.34157
-250.227074,37,9409.505683
-124.063884,35,9409.658949
-4.880192,36,9409.813428
25.418236,28,9409.935177
-28.634253,20,9410.017778
-132.790379,20,9410.104525
-268.075653,37,9410.253691
-43.159408,39,9410.421433
54.858567,23,9410.521771
94.159403,34,9410.671827
38.668607,26,9410.780949
-48.233959,38,9410.93873
46.517879,26,9411.049083
-262.504244,37,9411.203768
-189.998357,56,9411.446799
188.258145,19,9411.529519
-139.374715,21,9411.620641
-24.062877,19,9411.698011
-69.080084,29,9411.820594
53.76987,22,9411.912673
57.412975,23,9412.006086
-35.780457,22,9412.099489
-254.196407,36,9412.248531
-585.780007,101,9412.667881
-123.668845,19,9412.751274
-54.14188,23,9419.715645
-124.052588,19,9419.848173
-78.553009,55,9420.128151
21.722743,29,9420.255853
-52.263418,25,9420.478346
15.572415,28,9420.599849
-28.012701,21,9420.692377
43.368563,26,9420.800196
-25.777635,19,9420.887065
142.60231,26,9420.999409
-20.22582,19,9421.389062
-258.574608,37,9421.587648
-28.914361,35,9421.740294
160.87799,23,9421.84149
12.012472,31,9421.98483
124.985183,30,9422.121726
-19.957594,19,9422.209402
-90.066428,42,9422.390588
-85.563164,29,9422.509515
59.018971,22,9422.601828
-381.144971,57,9422.850805
-192.477494,57,9423.105831
-54.652632,25,9423.217032
-125.491759,19,9423.295206
-21.996753,21,9423.383934
-190.015428,29,9423.518989
-162.095487,27,9423.629994
-125.087436,34,9423.77458
-33.962702,21,9423.864523
147.880268,23,9423.95989
-148.984791,37,9424.118539
225.518027,33,9424.252454
-32.784435,21,9424.344793
-30.838831,21,9424.433301
70.070835,20,9424.515802
-145.283151,37,9424.674559
-131.779836,20,9424.75688
63.292935,22,9424.850298
-127.264322,19,9424.931718
-314.769239,45,9425.113575
-161.30912,27,9425.226943
-32.050111,35,9425.380939
2.992147,32,9425.515074
-123.359216,19,9425.591857
72.151226,20,9425.679424
208.146559,20,9425.76999
47.297001,25,9425.878451
-26.283901,19,9425.989069
-54.435309,36,9426.236179
-78.850924,29,9426.435753
61.95265,22,9426.593268
-188.023812,30,9426.821976
-24.256445,19,9426.96748
164.199522,22,9427.147523
-206.421391,44,9427.715301
-62.50191,25,9427.99185
-364.298868,50,9428.508455
69.989382,20,9428.74134
-131.264918,20,9428.979326
65.671129,22,9429.241104
-243.742303,37,9429.712112
-130.910239,19,9429.98797
-51.492682,25,9430.308146
163.994705,37,9430.753269
-171.035675,54,9431.425253
0.37408,32,9431.835798
-127.979034,19,9432.056315
-626.000892,101,9432.617421
-30.901233,20,9432.707953
-138.04217,36,9432.857167
-532.575879,101,9441.142441
156.605871,23,9441.240364
-20.489648,35,9441.381412
-45.380341,22,9441.47243
-385.196336,54,9441.699923
-341.830316,48,9441.90859
59.404702,23,9442.011011
-139.533281,22,9442.108826
71.495013,21,9442.199381
-109.613856,36,9442.356093
-75.809173,29,9442.481895
-153.460833,37,9442.638653
-51.436872,25,9442.744341
-265.314369,67,9443.025944
-64.075209,28,9443.142858
37.256185,26,9443.2546
224.407737,30,9443.380833
-161.727633,37,9443.543676
-52.427773,25,9443.651981
-170.703825,27,9443.765963
119.26779,34,9443.908065
-24.517978,19,9443.987044
-50.433829,25,9444.089747
-18.929027,34,9444.243425
72.275407,20,9444.324992
-158.39722,37,9444.481599
53.320571,23,9444.583133
70.067231,21,9444.668533
1.568236,44,9444.849779
-78.969522,41,9445.019201
-54.125104,26,9445.130422
-117.157936,18,9445.202529
60.997112,22,9445.292238
43.843492,25,9445.398314
-23.634582,19,9445.47671
-348.336169,65,9445.746676
29.879742,26,9445.987116
-184.180503,29,9446.12405
-126.504548,32,9446.255098
59.6891,23,9446.358522
-132.333664,20,9446.440337
-25.283842,20,9446.525603
-32.591308,21,9446.611855
65.184272,21,9446.701692
-100.756631,31,9446.835296
-28.134586,20,9446.920242
-150.034655,37,9447.083441
-48.083634,24,9447.182091
83.029367,35,9447.327918
246.2995,27,9447.442741
-251.141582,36,9447.599979
-191.227008,42,9447.77347
-29.791526,20,9447.854806
-38.172663,41,9448.039599
-167.441374,27,9448.155691
-64.282753,27,9448.282262
73.748943,37,9448.444818
-30.247802,20,9448.5477
-166.655792,25,9448.674509
-122.189728,19,9448.755205
-55.064779,25,9448.859411
-326.837401,54,9449.082781
-65.900477,27,9449.190619
-171.286767,28,9449.312283
-260.211779,40,9449.481232
-474.367765,101,9459.192344
-236.379835,46,9459.383099
-178.909815,40,9459.551338
-64.573472,37,9459.709549
157.576307,23,9459.805957
-49.31812,25,9459.914893
-25.948756,19,9459.998979
-42.138086,23,9460.093043
-139.339742,22,9460.179991
-242.190558,43,9460.370433
-31.733656,21,9460.461408
29.845316,27,9460.576471
-30.594292,44,9460.756528
10.537664,30,9460.881183
-274.579283,37,9461.026675
-46.391232,24,9461.127835
-138.660808,21,9461.219419
-113.068933,34,9461.362913
-29.018573,21,9461.457224
-138.608577,22,9461.556056
-98.742522,33,9461.697148
-100.841871,34,9461.840691
-27.140617,20,9461.924522
-126.486141,20,9462.015247
-175.839576,41,9462.188471
-220.536367,34,9462.32247
-31.690309,20,9462.403458
-58.947523,39,9462.57268
-82.698635,45,9462.76578
-122.162462,35,9462.905645
55.986179,24,9463.006306
165.634072,21,9463.089855
33.38534,27,9463.200813
67.573235,21,9463.286728
-74.481212,40,9463.449114
-160.472706,25,9463.559797
-511.432436,101,9463.984257
-49.250748,24,9464.080824
-166.453456,40,9464.241661
-96.711372,48,9464.450464
-188.821349,59,9464.69573
48.616354,23,9464.791654
-282.464378,47,9464.977705
-21.923448,19,9465.056816
-13.949257,35,9465.19803
-131.528333,20,9465.276745
-186.490311,42,9465.445925
-566.926529,101,9465.875606
-93.556872,33,9466.009765
53.060582,24,9466.107908
-38.48812,22,9466.196902
19.805097,30,9466.32028
-89.009322,31,9466.445728
-34.048756,22,9466.539638
-131.992436,20,9466.621741
70.68777,21,9466.708782
41.481518,25,9466.81304
59.519404,23,9466.91028
-88.747209,31,9467.038237
-277.340928,40,9467.217711
-27.161904,20,9467.347122
-129.261431,20,9467.469361
36.915728,27,9474.858882
-279.234985,61,9475.47415
-83.13795,29,9475.624856
45.995486,23,9475.724953
67.635286,21,9475.810669
50.068057,27,9475.926051
73.004015,38,9476.088381
-106.997381,32,9476.337412
-9.677794,35,9476.490069
-126.870969,22,9476.593729
-35.451922,21,9476.689833
-62.192547,40,9476.85468
20.134781,42,9477.032887
173.872384,25,9477.137834
-33.213356,21,9477.221869
-48.048902,22,9477.312131
62.324909,24,9477.420318
-245.682719,77,9477.740125
-72.486273,30,9477.869064
244.567802,36,9478.021022
48.238824,24,9478.128342
-58.489135,38,9478.282889
54.817502,22,9478.372693
-46.452633,22,9478.464335
-22.793175,19,9478.539696
157.356852,23,9478.64349
-176.221369,48,9478.837583
-154.523818,24,9478.933321
-90.538083,31,9479.065263
-31.925502,22,9479.154178
-148.069876,37,9479.306407
-121.540668,35,9479.454667
-142.534123,36,9479.597153
-30.207221,20,9479.682437
35.218747,28,9479.799496
-26.211147,19,9479.877047
248.52129,28,9479.991246
-21.648875,20,9480.093258
-197.655361,30,9480.216833
221.870204,28,9480.33309
-43.083435,37,9480.488994
-35.960119,22,9480.581735
55.000619,23,9480.675636
-125.854109,19,9480.760763
-36.657131,23,9480.857096
64.782106,21,9480.943989
-32.328444,20,9481.026921
-329.73319,46,9481.223937
12.762816,92,9481.618389
34.608428,28,9481.779488
-44.913347,24,9481.909778
-270.001543,37,9482.112837
119.713451,42,9482.44717
-107.161358,33,9482.73275
-179.233764,27,9482.971647
-30.090618,20,9483.159805
280.752105,24,9483.330797
-110.343736,45,9483.852253
-105.634747,32,9484.120732
-243.712258,37,9484.424166
-22.354748,19,9484.557845
179.20072,22,9484.71869
-32.712497,22,9484.890394
-97.110935,34,9485.145142
68.482681,21,9485.30946
-144.090281,22,9485.46453
-256.577333,38,9485.730369
-124.282089,21,9485.859542
-270.251013,43,9493.690941
-21.178605,19,9493.777883
-147.09244,37,9493.933358
-246.646223,37,9494.089013
156.775533,23,9494.197626
-24.885107,19,9494.275098
1.121754,35,9494.422547
60.855107,22,9494.510306
147.472951,26,9494.619358
-113.310041,45,9494.808625
-123.564349,19,9494.891848
11.243208,30,9495.014797
-172.647828,29,9495.130667
55.490879,24,9495.232309
-88.928975,43,9495.417838
-166.276534,42,9495.59185
-248.131085,37,9495.743829
41.097808,25,9495.843939
-23.497758,21,9495.931065
-127.972957,19,9496.012819
-25.684939,19,9496.09125
-183.76207,41,9496.257293
-111.580155,64,9496.521792
51.796162,24,9496.618237
-405.103403,66,9496.8892
-153.266814,24,9496.995124
-36.665204,22,9497.083896
153.513059,24,9497.185731
-133.764756,21,9497.271573
-232.154211,48,9497.471011
-77.863736,29,9497.585215
-26.016471,19,9497.664484
18.037846,30,9497.835544
-29.653756,20,9497.917729
-26.70277,19,9497.99446
-129.224303,19,9498.071147
44.335067,26,9498.174494
-222.417209,37,9498.330821
-24.413849,21,9498.412982
-30.351388,20,9498.495452
-472.934939,101,9498.91171
-265.622044,40,9499.209843
-23.431031,19,9499.286948
-146.335815,51,9499.487896
-579.944747,101,9499.918323
156.591136,25,9500.025318
-409.528621,101,9500.442614
164.965114,22,9500.535132
-182.417578,41,9500.705285
-245.093364,35,9500.847743
-89.742801,31,9500.973782
-29.445013,20,9501.059326
57.639592,22,9501.149931
-247.375756,37,9501.303353
-116.144468,33,9501.440213
55.385317,23,9501.531188
62.140039,22,9501.623487
-140.731386,36,9501.777911
167.492131,22,9501.868637
-121.308949,20,9501.952634
-134.201384,35,9502.102348
-61.106967,27,9502.219797
31.060927,45,9511.778942
-235.287738,68,9512.056354
-68.445185,27,9512.174116
-176.326682,26,9512.283539
153.209051,24,9512.387062
455.219234,23,9512.482973
-18.35988,19,9512.56806
169.21091,22,9512.658199
-28.280745,20,9512.74593
68.453208,21,9512.827743
-144.522727,22,9512.92482
-130.056417,19,9513.248645
35.624867,25,9513.35551
-120.98672,60,9513.6084
40.238601,25,9513.709976
-274.555387,51,9513.920001
-34.342809,21,9514.0095
-71.33325,29,9514.135887
-254.089497,38,9514.298628
-248.127418,52,9514.517993
46.457775,23,9514.618821
-173.637914,28,9514.734591
-37.162278,22,9514.825589
-60.292825,26,9514.934438
356.734532,23,9515.043382
-198.193661,60,9515.296287
-62.723239,37,9515.442195
-275.160785,42,9515.621307
-190.638399,41,9515.791803
-2.231144,32,9515.925351
-21.150573,19,9516.003268
-26.947891,20,9516.085907
-61.161126,37,9516.268393
-43.7201,23,9516.370407
35.909034,27,9516.484121
-15.77337,36,9516.635198
-248.581656,37,9516.785401
48.216514,24,9516.878523
-247.561685,51,9517.094106
10.675678,33,9517.239344
-204.437772,32,9517.373971
-151.848267,38,9517.527659
-132.914247,35,9517.666688
-30.096575,20,9517.747271
78.928916,19,9517.829571
41.316394,26,9517.941318
58.541893,24,9518.03904
-28.617025,21,9518.131129
-177.098178,40,9518.298768
-62.601337,27,9518.416347
34.293211,27,9518.52518
68.443609,21,9518.616836
25.643026,29,9518.73755
64.685074,22,9518.833026
65.116297,22,9518.924351
-39.490102,22,9519.015902
-56.961384,24,9519.111576
51.592659,25,9519.216215
-73.805595,28,9519.331972
9.868539,42,9519.506229
-33.514907,21,9519.593639
-67.426979,25,9519.697843
-113.395725,38,9519.853832
-124.130691,19,9519.934745
-129.615238,35,9520.082127
-39.903955,22,9520.175456
35.605461,26,9520.282389
-125.177994,35,9520.427953
-51.103283,36,9527.487524
53.011251,22,9527.604154
-96.383149,33,9527.743422
-39.530461,22,9527.836187
-26.616409,21,9527.923064
58.369505,23,9528.01811
-60.375602,26,9528.130695
66.397816,21,9528.21624
-146.873714,24,9528.317499
-48.281969,25,9528.421702
-128.291064,19,9528.50134
-237.082752,35,9528.648094
-23.518257,19,9528.728031
-27.01045,20,9529.309575
-44.243289,37,9529.46843
44.37378,26,9529.577996
-289.571323,82,9529.926262
-28.1596,22,9530.016084
77.19333,19,9530.095929
-25.802506,19,9530.172401
-143.747661,54,9530.401977
-130.563377,34,9530.559537
-164.019665,46,9530.745642
-46.517698,22,9530.835176
-51.821205,25,9530.938325
-15.487522,19,9531.020762
-189.922271,33,9531.164119
-301.689361,101,9531.579175
-324.74088,46,9531.786395
133.356506,32,9531.92102
-60.244474,27,9532.035628
-91.229252,31,9532.166626
-7.51776,33,9532.305567
-191.601038,32,9532.450388
228.687458,33,9532.598455
-141.672057,23,9532.701776
-24.794978,19,9532.785612
-236.700391,36,9532.941051
-28.804633,20,9533.025021
-53.9837,25,9533.135648
-44.683759,22,9533.235351
-239.492558,37,9533.389195
-129.10203,19,9533.464991
-194.820592,32,9533.609137
-251.390645,37,9533.768595
-99.870364,43,9533.950842
-145.081187,37,9534.104534
-140.175513,23,9534.204594
-139.713737,21,9534.29467
-121.696664,36,9534.443894
130.775779,27,9534.561254
-191.233899,43,9534.799043
-127.653376,19,9534.909457
-239.204004,32,9535.150028
-32.184519,21,9535.340493
-246.475141,36,9535.629338
-133.442188,21,9535.773287
71.461705,20,9535.925755
-382.250362,56,9536.356883
64.261552,21,9536.60061
-240.854718,37,9536.897588
-54.858894,26,9537.047397
-43.962985,40,9537.229408
-236.496983,39,9537.401274
-22.658205,20,9537.486616
-235.751134,37,9537.644264
40.217324,26,9544.836384
48.445646,25,9544.979872
-33.571324,21,9545.07852
444.572523,25,9545.188226
-118.594632,20,9545.27314
-124.097959,34,9545.4146
-82.908552,48,9545.618958
237.512821,32,9545.755678
-28.694127,20,9545.844766
-30.006207,20,9545.931673
-121.92173,34,9546.076623
-38.126369,21,9546.170413
-93.858766,44,9546.352676
70.542788,20,9546.432063
-188.609037,42,9546.611811
-25.293089,20,9546.694554
62.762036,22,9546.786891
-129.101196,47,9546.996797
-39.30794,36,9547.148364
-164.800445,26,9547.260405
-70.74322,29,9547.384055
67.862535,22,9547.478967
-20.161472,19,9547.569528
-26.877968,19,9547.653022
-17.176029,20,9547.736349
-68.320064,43,9547.918845
-25.278732,19,9547.998891
-19.717213,19,9548.081052
-62.249204,25,9548.188397
-47.762413,24,9548.294661
-110.366939,37,9548.447639
-107.236366,33,9548.589939
-27.756815,20,9548.679353
-2.017315,33,9548.818938
-188.266238,44,9548.998809
-269.768956,37,9549.159483
-185.152568,30,9549.286162
-74.075063,28,9549.402298
-53.13275,25,9549.50625
-27.922187,19,9549.590157
-31.652918,21,9549.677862
-260.772052,38,9549.842076
-56.833987,40,9550.010105
-43.795713,36,9550.161061
-42.658326,37,9550.32298
-23.124828,19,9550.403521
39.450719,26,9550.514561
-50.017422,25,9550.624883
-23.699127,19,9550.713374
-637.720742,95,9551.232413
-260.096817,37,9551.390883
-183.196189,50,9551.599714
-260.684714,37,9551.751898
40.492121,47,9551.951504
-151.485427,40,9552.125193
-30.283998,21,9552.217105
-161.282821,25,9552.321272
-24.303077,19,9552.400696
-208.551747,44,9552.585366
-29.208486,20,9552.667376
-125.203678,19,9552.749046
-337.925985,64,9553.019581
78.86581,19,9553.097774
-171.342473,40,9553.270313
-130.727171,19,9553.351626
-18.049295,40,9553.516375
66.464624,21,9553.606113
167.69956,21,9562.069759
-128.45208,19,9562.18634
63.838357,22,9562.300006
62.925002,22,9562.395913
-16.173019,19,9562.48806
-29.23937,20,9562.575436
-196.851562,32,9562.709413
-271.069732,37,9562.867395
-148.71504,38,9563.036876
-81.217813,28,9563.158405
-151.975491,40,9563.63733
-375.95122,67,9563.92968
-36.356481,21,9564.020267
-229.983957,35,9564.174566
-62.509768,25,9564.279473
47.989542,25,9564.386315
-247.826643,45,9564.582265
-269.286431,37,9564.739823
146.24825,25,9564.849656
-287.563469,42,9565.02585
-112.330792,34,9565.171466
-128.456013,38,9565.330742
-144.168509,22,9565.417654
27.741701,27,9565.542688
-244.5498,50,9565.752825
-132.228804,20,9565.836572
-125.692845,19,9565.911832
-25.688393,19,9565.988831
60.066408,23,9566.084255
156.941423,24,9566.192466
-245.008536,37,9566.347119
-279.723008,42,9566.524593
41.93804,27,9566.635522
-29.525353,20,9566.7159
-184.351041,28,9566.835419
256.354368,24,9566.939823
59.008643,23,9567.035719
-260.135816,37,9567.190606
-26.352188,19,9567.274403
-178.744186,28,9567.394239
76.236039,19,9567.474325
-163.202018,25,9567.582205
-99.27556,35,9567.737566
-208.88838,35,9567.897009
32.230276,29,9568.026608
-183.03406,42,9568.206786
-455.236605,101,9568.625135
-28.645951,20,9568.708109
-339.055917,48,9568.907163
-487.726971,101,9569.317879
-32.472734,20,9569.400323
-297.1075,56,9569.625016
-34.250208,23,9569.723243
-83.100922,31,9569.852856
-26.452272,19,9569.935726
-265.050265,37,9570.089815
-176.813319,59,9570.337084
-81.835445,29,9570.472234
175.157376,21,9570.56364
67.887598,21,9570.652314
19.884247,31,9570.787566
-81.888209,28,9570.903022
145.530608,26,9571.00792
6.6288,32,9578.331017
-127.410799,20,9578.471687
28.8152,28,9578.620051
0.881257,34,9578.766292
22.198648,31,9578.935444
-143.518228,22,9579.045323
34.290518,39,9579.21194
120.435808,33,9579.353526
-697.344442,101,9579.776694
-125.084913,19,9579.855174
-27.240145,20,9579.937573
-129.221403,19,9580.015248
-155.897332,26,9580.123311
-143.634583,38,9580.395182
-93.956865,45,9580.586922
-164.826969,26,9580.692594
-27.211882,19,9580.768429
66.891053,21,9580.856277
137.970147,27,9580.971096
33.638105,27,9581.090761
-158.39056,26,9581.321108
-31.593368,20,9581.649064
-472.528369,101,9582.099157
-35.399947,37,9582.253422
26.823284,27,9582.364866
-66.062733,37,9582.518649
-29.257259,22,9582.606595
-173.939265,29,9582.730437
-160.111887,27,9582.842507
-504.464484,87,9583.222313
75.305973,20,9583.30582
-111.704541,35,9583.451246
-31.443771,20,9583.533217
288.701537,29,9583.671485
-30.579788,20,9583.757978
-172.259028,43,9583.937973
-394.486,58,9584.176977
-269.163353,37,9584.330708
86.562842,22,9584.4267
24.968217,28,9584.554341
-27.439899,19,9584.630922
-238.741099,36,9584.776478
-23.839643,19,9584.858378
-29.933192,20,9584.943447
52.175206,23,9585.041854
-52.262847,25,9585.142283
20.261419,29,9585.263374
-40.198749,22,9585.355403
-63.615434,28,9585.47303
-151.453049,24,9585.569847
35.301321,26,9585.681467
-41.328083,38,9585.86305
-118.464568,36,9586.068393
-32.874402,52,9586.474588
46.506489,25,9586.722177
-127.084923,19,9586.911355
-129.266995,20,9587.118041
-267.679821,37,9587.42588
-239.815747,38,9587.924472
-192.598331,32,9588.427611
-197.76892,45,9588.7791
-137.645517,36,9588.987135
-135.621145,22,9589.162949
-80.484982,30,9589.293069
-297.695352,79,9597.109239
225.722049,29,9597.235088
15.481446,30,9597.361543
-39.017408,22,9597.45452
31.182631,28,9597.579594
-149.418733,37,9597.740493
220.769553,49,9597.94507
-58.670684,39,9598.102355
-143.122508,23,9598.194758
-172.354845,40,9598.3925
-35.29506,22,9598.497821
-56.893213,39,9598.662984
-82.581283,70,9598.95691
-128.78355,19,9599.044253
-336.015552,62,9599.294579
44.884577,26,9599.40105
-26.297999,19,9599.801545
-61.945468,26,9599.935012
-11.093931,37,9600.114583
-20.905273,19,9600.210021
-206.359018,33,9600.349761
-46.788865,39,9600.529595
-603.528698,101,9600.959526
-49.410248,23,9601.061154
-28.861805,23,9601.155401
-28.247734,20,9601.239131
37.27991,26,9601.343035
-27.332483,20,9601.424065
-37.010545,23,9601.519971
-16.761224,49,9601.727113
-36.519135,22,9601.82722
-24.265593,19,9601.906476
115.029662,52,9602.124522
139.412177,26,9602.229307
141.057316,24,9602.328679
-144.680395,23,9602.428744
217.132577,29,9602.552923
-25.635071,19,9602.633009
-53.720592,23,9602.728271
-46.858258,23,9602.825787
-173.154817,26,9602.934517
-126.306979,19,9603.025663
-86.574796,42,9603.21495
-22.200493,19,9603.291004
-27.122292,20,9603.376246
-35.16676,21,9603.470736
-45.832847,42,9603.653632
-259.203836,39,9603.93064
-94.229182,43,9604.118162
141.742311,33,9604.254855
-213.827237,45,9604.453266
-244.829044,37,9604.609075
-144.373214,57,9604.86058
-24.19238,34,9605.003398
-128.972508,19,9605.085823
-153.103543,52,9605.31771
-38.361236,23,9605.415302
-28.756684,20,9605.500179
-136.748693,20,9605.582941
-509.8198,71,9605.881907
-38.171982,21,9605.972705
-24.255078,19,9606.055869
-49.076477,25,9614.375229
-51.520768,26,9614.529071
-301.601542,58,9614.782725
-178.089025,26,9614.898177
-115.896963,35,9615.048688
-202.13561,32,9615.188283
363.427319,26,9615.302642
-15.79077,19,9615.385093
38.774052,27,9615.498719
-48.089382,24,9615.603181
288.269677,33,9615.748549
261.457874,25,9615.857219
-21.686173,21,9615.949122
-230.528939,35,9616.097159
261.101549,22,9616.187183
-137.988237,21,9616.2816
-28.17397,34,9616.426846
-208.518965,39,9616.610743
43.253878,25,9616.718999
-149.908119,37,9616.881962
-136.400247,37,9617.035518
-59.996017,26,9617.145329
-27.151117,20,9617.229275
-55.92512,23,9617.325585
-129.688727,19,9617.407235
-315.167278,47,9617.601901
-158.299653,25,9617.70022
66.687912,21,9617.992611
-192.776648,30,9618.231116
261.46633,24,9618.348531
-34.194496,20,9618.43859
-126.648588,34,9618.583295
-138.952202,23,9618.686088
-61.023209,40,9618.862121
-75.997238,28,9618.981567
65.835639,22,9619.068738
-30.731711,22,9619.165995
-58.552605,27,9619.277975
-168.012462,29,9619.401385
48.071906,25,9619.507732
-59.761924,39,9619.671263
-103.891654,36,9619.82707
-31.396593,21,9619.912592
-33.602383,35,9620.062886
-38.814403,23,9620.163046
-253.425002,57,9620.402963
-263.388561,37,9620.561344
-109.375069,45,9620.765274
-26.039311,19,9620.844279
-94.276445,45,9621.036172
-30.466784,21,9621.123644
-263.93172,37,9621.275055
-81.33926,40,9621.444962
-79.902944,27,9621.556484
-211.434912,31,9621.683606
20.670196,30,9621.809997
-157.606826,37,9621.96819
-174.27083,40,9622.129413
81.464604,36,9622.283109
-346.149041,101,9622.730065
-302.798032,44,9622.915456
-200.813925,33,9623.056184
-173.666493,41,9623.227061
32.291157,27,9623.343415
-53.738339,23,9623.440273
-80.005473,30,9630.087408
-35.320376,22,9630.204803
-95.551282,30,9630.338008
-49.967533,39,9630.505505
-257.70812,37,9630.661736
-252.383125,37,9630.823308
-125.155802,19,9630.900462
-435.315671,74,9631.202785
53.858471,23,9631.300384
-372.619049,76,9631.629939
-125.242166,18,9631.712944
-30.140283,20,9631.803627
-26.19426,19,9631.888735
-151.798549,25,9631.992037
59.174755,24,9632.093508
-113.266348,35,9632.241159
-34.910075,21,9632.420589
-252.366764,37,9632.587452
31.522327,27,9632.701856
-44.123408,23,9632.80168
69.92293,21,9632.894575
144.794907,26,9633.008851
-259.486018,37,9633.165564
-75.408728,27,9633.277966
-23.922151,19,9633.359168
-622.027947,99,9633.783922
-217.488492,64,9634.059846
-37.561877,36,9634.214388
-32.651224,21,9634.302842
39.479587,26,9634.409071
-249.371108,37,9634.572501
-67.359071,25,9634.67856
-214.365689,64,9634.943961
66.310387,22,9635.03823
-191.943038,32,9635.174974
-160.386524,26,9635.539014
-38.622693,22,9635.703508
358.225411,23,9635.807863
-88.119025,72,9636.116894
68.948307,20,9636.215939
-17.008017,19,9636.316557
54.184758,24,9636.419227
-19.192154,36,9636.577554
-161.259279,37,9636.74271
-181.313525,29,9636.867856
-143.7657,23,9636.962995
-258.571303,54,9637.19256
-325.348522,45,9637.382915
-558.192063,101,9637.817397
71.154195,20,9638.023069
44.314935,25,9638.171314
-265.34335,37,9638.427096
-261.080488,37,9638.695429
-294.756087,47,9639.17924
-119.907532,18,9639.358399
70.181968,23,9639.56474
-149.651118,39,9639.899289
-104.21204,36,9640.280433
-152.981974,23,9640.414152
65.859883,21,9640.527366
-202.618374,48,9647.437624
168.585266,21,9647.531935
-33.03412,21,9647.628615
-306.288471,63,9647.916395
50.131621,24,9648.017397
-23.895369,19,9648.097932
-117.274497,40,9648.273303
-187.197402,30,9648.397667
-42.163446,24,9648.497256
-263.981147,37,9648.660106
-29.491474,48,9648.865658
253.755683,25,9648.971225
30.683225,28,9649.094101
-31.365284,22,9649.186883
-37.033473,22,9649.283245
-248.04241,37,9649.440264
-14.942846,38,9649.604997
-144.564148,37,9649.763298
-49.530925,24,9649.865123
20.26496,30,9649.988172
259.620156,23,9650.086029
-65.518672,37,9650.241754
-152.778353,24,9650.339447
-397.993986,64,9650.602407
-88.2199,46,9650.796476
-125.55023,19,9650.881344
-122.865927,18,9650.957524
-169.941114,28,9651.07509
-155.087125,24,9651.178503
-379.452201,81,9651.51677
-223.783114,35,9651.661237
-281.746887,61,9651.923365
-411.645724,57,9652.165495
-265.530005,39,9652.336611
-246.329309,37,9652.494245
112.755372,44,9652.675867
13.71039,30,9652.806651
-179.61874,41,9652.990221
-253.215749,70,9653.632816
-36.510066,23,9653.749875
89.36984,25,9653.860403
-260.665913,37,9654.028129
-127.845991,37,9654.19366
-22.804334,20,9654.277916
-216.132967,46,9654.466224
-261.010215,37,9654.712732
-59.952606,26,9654.831006
-33.919731,22,9654.926711
-26.06403,19,9655.005597
-127.068816,35,9655.153588
16.760597,29,9655.276956
-552.55681,101,9655.704169
165.497794,21,9655.791665
-93.121149,47,9655.995429
-162.328589,37,9656.150917
-129.037825,19,9656.233435
-29.249429,20,9656.314232
-363.737032,70,9665.358918
-49.627878,26,9665.478351
61.997961,23,9665.575731
-25.082072,19,9665.663723
-220.767032,60,9665.928419
54.930719,23,9666.026021
128.779738,29,9666.147361
-133.744832,38,9666.313666
-32.132783,45,9666.504637
-27.17637,19,9666.589998
246.146661,26,9666.697963
-45.026119,22,9666.789791
-214.440424,34,9666.942753
35.440211,28,9667.06404
-254.588266,38,9667.224726
45.963078,28,9667.340705
-483.358156,69,9667.637547
57.299083,23,9667.734127
-56.357108,25,9667.839018
-154.181113,37,9667.999578
-17.929937,18,9668.076172
176.865148,21,9668.164566
-221.526643,46,9668.354144
-24.586036,19,9668.43151
-128.947278,19,9668.517528
-71.570734,40,9668.69021
53.374655,24,9668.794481
-263.622826,37,9668.951257
-142.782472,40,9669.121108
-65.052191,28,9669.246675
-253.091659,37,9669.407471
46.848431,25,9669.512028
-24.407322,19,9669.59299
-148.958211,37,9669.746279
-225.713731,48,9669.95049
-102.961327,50,9670.165413
58.046086,23,9670.262968
-132.710674,36,9670.413521
-164.958745,40,9670.580591
180.736605,20,9670.663903
-28.028618,33,9671.127226
-49.535565,24,9671.246384
-244.518113,37,9671.403637
-154.752128,38,9671.573142
-22.289544,19,9671.652705
-126.71948,19,9671.733318
22.317096,83,9672.081396
-26.561569,19,9672.164179
284.579549,23,9672.261267
-54.574154,25,9672.376014
-39.918064,58,9672.62043
77.909049,19,9672.70284
154.928394,24,9672.807361
-74.42008,40,9672.976613
-222.794718,51,9673.199733
-5.783482,32,9673.336204
-67.82982,54,9673.570197
-246.803374,37,9673.736628
-148.58861,22,9673.830359
-36.713658,22,9673.926177
-34.371897,21,9674.016652
-486.904604,82,9681.281555
-164.938745,39,9681.504634
-25.932049,19,9681.593676
-85.629963,44,9681.782385
-173.367057,29,9681.909511
60.930563,22,9682.008505
-61.954344,26,9682.115603
-150.288665,37,9682.27591
-37.227564,21,9682.365118
-107.579654,49,9682.57603
-249.952941,37,9682.737423
34.915525,26,9682.847618
-252.405411,37,9682.99413
52.099347,23,9683.094547
246.10679,30,9683.242994
-160.412461,37,9683.408562
-33.030519,35,9683.555843
-262.812706,37,9683.716758
-40.235108,23,9683.821978
-160.399125,25,9683.928955
-186.427939,30,9684.055644
-121.40535,37,9684.325192
256.560662,31,9684.472366
-78.144381,41,9684.652453
-194.145062,32,9684.795741
-180.713724,26,9684.903742
265.924236,22,9684.995335
-124.913379,19,9685.075195
-13.343458,31,9685.20752
-134.036882,20,9685.291198
-25.009255,20,9685.372533
1.193908,35,9685.524596
-134.042748,34,9685.663531
-74.049397,40,9685.831269
-23.116389,19,9685.905738
-33.507919,22,9686.002644
-29.088566,20,9686.093353
-55.63298,27,9686.211817
-221.477939,48,9686.414656
-146.018025,22,9686.5061
142.352773,24,9686.607067
-123.226441,19,9686.687947
24.904995,30,9686.818786
-64.237957,40,9686.98524
104.060395,35,9687.137949
8.189261,31,9687.270976
-244.884284,37,9687.427389
-251.626797,37,9687.587615
-23.291731,20,9687.699425
-49.053998,43,9688.177127
-128.666102,20,9688.273529
43.392434,26,9688.380296
-128.194999,19,9688.468621
47.905465,25,9688.576903
-177.327219,27,9688.692985
-40.205724,21,9688.794907
59.296597,23,9688.893879
-123.558065,21,9688.98264
-260.003406,39,9689.148616
-138.226,37,9689.307984
-150.996426,24,9689.409489
-40.573,38,9689.570582
-248.608382,37,9689.836751
-130.077909,21,9689.979866
-41.465687,23,9690.145046
-26.707469,20,9690.279628
-26.137007,38,9690.533108
70.060466,21,9690.692701
-127.487594,19,9690.833536
-250.100798,37,9691.179553
-40.589422,35,9699.283004
-25.702417,19,9699.397377
-155.053194,26,9699.516357
-195.295787,43,9699.702761
459.522818,24,9699.802818
-18.638814,19,9699.888053
-23.836035,19,9699.97211
-598.551703,86,9700.350297
-38.313007,22,9700.439917
153.656209,24,9700.538699
-131.095528,19,9700.615732
-217.053352,34,9700.76556
36.70443,26,9700.871834
-129.777188,53,9701.095222
-57.329284,37,9701.259315
-133.967263,84,9701.620179
49.194011,25,9701.728516
-47.513759,22,9701.819827
29.506759,27,9701.941107
-29.757963,20,9702.033471
-77.773628,43,9702.218001
-147.130771,39,9702.385096
169.3273,23,9702.484816
-133.533152,20,9702.572087
-70.850934,30,9702.702645
-33.345914,21,9702.791832
31.927168,27,9702.909023
-129.0125,19,9702.99122
-24.66844,19,9703.070766
-37.375181,22,9703.16299
-129.434863,19,9703.237269
-267.695095,37,9703.395389
-28.241156,19,9703.47417
-61.749474,26,9703.590542
62.979822,22,9703.681731
-137.674673,21,9703.783214
-42.367184,22,9703.877544
-59.255043,24,9703.981369
-300.141887,55,9704.211674
-127.868297,19,9704.290668
-39.417053,21,9704.380012
-129.512628,19,9704.458853
-27.505329,19,9704.536107
-131.218532,19,9704.618398
-105.749646,44,9704.804954
-156.335165,25,9704.91824
-25.201017,19,9704.99948
-132.243639,20,9705.08389
-67.862917,29,9705.225279
74.999566,21,9705.600851
-131.522757,37,9705.796238
48.411395,26,9705.909788
53.492805,22,9706.004063
-195.155591,42,9706.182176
-25.092947,19,9706.260702
-395.919124,76,9706.596053
-231.965875,47,9706.802445
-129.48151,19,9706.880436
-87.156326,30,9707.12587
-27.73237,20,9707.212392
53.118259,25,9707.326377
68.246929,21,9707.417707
-57.273283,26,9707.536863
-103.73305,29,9707.66233
-139.362997,22,9707.75347
-268.928499,39,9707.928157
63.964674,21,9708.014969
50.536522,24,9708.118487
-30.430088,20,9708.204475
-70.809496,27,9708.323605
-252.324183,37,9708.48095
-75.916656,28,9717.116819
-25.30835,19,9717.226297
-22.090238,19,9717.314638
-120.229709,46,9717.511167
-4.433263,30,9717.644606
-29.11,19,9717.725578
47.521841,40,9717.901074
-127.366641,19,9717.981299
-16.32647,36,9718.125847
63.249016,22,9718.225109
-30.554569,20,9718.308669
-138.607326,23,9718.410014
-251.30701,37,9718.563932
-50.42899,40,9718.739728
-150.877724,25,9718.848382
-112.99562,51,9719.06216
-61.285411,27,9719.17559
-117.755186,33,9719.30949
-57.866735,26,9719.417294
-52.110968,23,9719.513348
-119.04328,18,9719.587853
165.31343,22,9719.690194
-54.296897,40,9719.862843
-48.944099,25,9719.970547
-220.416861,47,9720.172407
-167.253228,61,9720.433576
23.644098,29,9720.56286
-25.375211,34,9720.704079
-147.448729,49,9720.920037
-63.411966,26,9721.031461
-186.029182,29,9721.157475
-163.618837,39,9721.321949
-64.237187,27,9721.434043
-18.757776,34,9721.579464
56.66098,22,9721.672478
-31.583027,21,9721.759246
60.794156,23,9721.86427
66.047864,21,9721.955137
-55.186505,40,9722.131272
49.871416,24,9722.236494
-47.815784,24,9722.339085
-263.011997,37,9722.496634
67.612732,21,9722.584026
-251.328605,37,9722.741312
96.500002,32,9722.877443
-235.273503,51,9723.401625
56.47592,23,9723.502693
-250.980018,37,9723.664953
-174.376497,27,9723.785161
-85.247285,30,9723.912478
-35.543616,22,9724.008811
-119.160677,19,9724.089566
-220.934677,46,9724.286999
-251.065624,37,9724.447374
-54.82143,38,9724.615606
-53.445761,39,9724.784863
-160.964833,39,9724.951078
100.474735,46,9725.143552
-234.562068,34,9725.292416
-143.471469,63,9725.567725
-101.938834,33,9725.703311
-123.947263,18,9725.781273
-43.078349,37,9725.943031
57.051058,23,9726.040785
-62.929557,26,9726.152376
116.52252,31,9732.974805
-38.429442,23,9733.100295
-237.656355,65,9733.37469
144.00662,25,9733.485137
-231.14447,52,9733.704885
-15.78071,20,9733.792709
42.373546,26,9733.898885
-170.035327,26,9734.00865
-29.950687,20,9734.093957
-40.18821,36,9734.243854
-127.460499,19,9734.329963
-448.228924,78,9734.659137
72.514256,20,9734.744173
356.052375,23,9734.846421
-41.049408,37,9735.002424
-34.331932,23,9735.100169
-56.850911,40,9735.268175
-260.732165,37,9735.416845
-64.109065,28,9735.540543
-159.533233,41,9735.726777
-104.883725,33,9735.868634
-112.929856,61,9736.296772
59.119939,22,9736.397164
-268.03181,44,9736.577477
-245.01284,37,9736.731594
-120.441976,18,9736.811595
-33.166748,20,9736.899852
162.506607,24,9737.003852
-40.640417,23,9737.103273
-47.056498,22,9737.196653
-36.321701,38,9737.354057
-196.283976,30,9737.484009
-270.576164,36,9737.638949
-20.098928,20,9737.722205
129.836515,28,9737.846234
-653.056584,101,9738.273926
-133.735476,20,9738.357895
-226.161832,33,9738.501687
142.917509,25,9738.605908
-37.11764,23,9738.699517
227.932281,33,9738.843465
72.368877,35,9738.999522
-195.217998,42,9739.179377
-27.509865,20,9739.263795
-30.899496,20,9739.348457
180.080161,21,9739.442829
80.412615,40,9739.612589
-136.329796,35,9739.760621
-126.576321,19,9739.844912
-252.693484,37,9739.997924
-303.319548,44,9740.184005
43.702716,25,9740.289063
-34.468218,22,9740.383108
-114.799972,33,9740.602968
166.612092,24,9740.948978
-373.69199,53,9741.195821
-122.690887,18,9741.337321
-36.297284,22,9741.431026
-29.359437,21,9741.519147
-114.734495,33,9741.659987
-37.054184,22,9741.782406
78.77802,19,9741.876631
-10.262222,34,9742.054223
-210.143494,44,9742.299767
-208.407395,32,9750.313125
192.213263,26,9750.448282
-249.06799,37,9750.615004
-64.625301,49,9750.826142
43.561506,26,9750.937809
-32.63635,21,9751.025406
-29.610526,20,9751.109284
-135.885429,20,9751.199838
57.495096,23,9751.301133
-64.69495,40,9751.476382
-165.383796,28,9751.590266
-130.514997,20,9751.67257
-194.651601,43,9751.852739
-102.22477,46,9752.046659
-248.90009,37,9752.209408
-118.829964,20,9752.293254
149.311221,23,9752.390331
-200.87593,31,9752.519949
261.191481,24,9752.623677
-85.890903,30,9752.75577
-270.471487,40,9752.924846
-101.06451,55,9753.165259
-98.235032,46,9753.356873
-166.339822,37,9753.512118
-8.205439,35,9753.667253
-54.915949,26,9753.788477
36.480041,25,9753.906864
30.47206,27,9754.026712
-152.547942,37,9754.185513
-26.041974,19,9754.261125
-27.743306,20,9754.345301
-216.700191,69,9754.642847
-128.781041,20,9754.727446
-308.371509,44,9754.912441
-23.979657,19,9754.996241
-163.06561,39,9755.16217
-155.117935,37,9755.31757
-30.201059,21,9755.404887
-174.176273,44,9755.590474
236.247254,27,9755.709088
-197.733816,45,9755.899637
-84.863423,30,9756.036456
-190.563678,32,9756.172651
-49.262259,22,9756.287451
-251.361972,37,9756.444606
-76.822706,74,9756.750507
-76.995781,29,9756.877302
-168.991565,30,9757.009682
-395.678833,57,9757.249547
-58.250723,26,9757.359874
-95.072143,33,9757.502294
-117.079414,35,9757.651205
-28.161433,20,9757.740005
66.409648,21,9757.831135
-128.366969,19,9757.912244
-127.74339,19,9757.992883
-39.090375,49,9758.294291
69.591901,20,9758.384085
67.088957,21,9758.466358
60.992323,22,9758.5556
-122.880359,32,9758.691655
-24.975241,19,9758.772771
-27.582031,20,9758.865429
-152.771425,37,9759.361802
38.060738,28,9767.948222
-93.000442,32,9768.162089
50.23064,23,9768.275022
-144.197867,22,9768.381213
-63.283189,39,9768.549632
-20.257454,19,9768.628945
-36.706638,22,9768.722287
-544.110002,90,9769.108793
-47.18944,24,9769.215159
-59.388566,25,9769.324583
-81.067082,30,9769.448297
-28.780242,19,9769.525995
-199.11852,32,9769.660814
-250.159072,38,9769.826329
-127.476669,19,9769.909384
-268.30911,39,9770.079067
155.930507,24,9770.177899
-328.811458,60,9770.435217
-27.904593,20,9770.517958
-30.347988,21,9770.612597
-62.81163,25,9770.71759
198.001996,20,9770.809612
-70.420663,28,9770.938147
-607.823431,101,9771.366453
-25.905989,19,9771.447388
357.518622,24,9771.549307
-32.014831,20,9771.631071
160.062632,22,9771.723383
-190.080941,29,9771.84938
-45.785942,24,9771.947862
-50.058406,24,9772.051841
88.788543,34,9772.200076
168.490237,24,9772.304727
-30.976829,21,9772.392471
-33.499942,21,9772.477215
-74.982178,41,9772.657115
-128.951367,19,9772.737011
-136.975132,22,9772.830519
-558.598073,101,9773.261472
38.306027,37,9773.419123
164.856549,29,9773.545873
236.83833,27,9773.660078
-32.278903,20,9773.741827
-51.89308,38,9773.910286
352.261197,24,9774.009924
-127.996659,19,9774.089379
-26.022895,34,9774.234452
-29.312425,20,9774.315023
57.778327,24,9774.420053
-179.794791,29,9774.544474
-85.27261,32,9774.677416
173.051397,20,9774.769983
-320.355148,67,9775.057529
-73.893306,40,9775.229194
-26.560309,19,9775.311234
-41.69815,39,9775.477853
152.727226,25,9775.582568
-156.596231,26,9775.690978
-134.846264,20,9775.777121
-72.139094,40,9775.94269
-33.292441,20,9776.027542
44.960323,25,9776.133444
-85.851261,42,9776.308567
-263.738343,37,9776.473072
-92.574522,30,9776.597228
-32.706253,21,9776.686417
-75.124696,28,9783.833015
-122.796222,19,9783.953606
-111.643827,62,9784.242567
-54.379376,38,9784.407161
-15.933332,19,9784.490158
65.08368,21,9784.582495
-168.308417,37,9784.730724
-128.208011,19,9784.80944
-368.187725,52,9785.030533
-232.900396,36,9785.18097
-126.015619,19,9785.264388
-127.068465,19,9785.347508
158.167747,23,9785.442093
-261.452922,37,9785.593804
-74.072923,42,9785.762729
-95.759953,43,9785.942136
-129.342603,19,9786.024897
-220.377605,49,9786.227612
-216.492899,34,9786.367362
-25.129856,52,9786.578426
-34.076554,21,9786.6688
-49.666356,23,9786.76178
-95.918777,31,9786.892992
44.034028,26,9787.011053
-234.415474,35,9787.161392
-293.165458,70,9787.437116
-22.373119,21,9787.611778
-110.704905,34,9787.753097
21.711225,29,9787.872073
-56.240892,24,9787.974335
-61.236821,27,9788.088332
45.676291,25,9788.202797
89.379037,35,9788.346567
-126.58183,19,9788.42559
62.302689,22,9788.524552
-147.038448,37,9788.682184
-130.400173,19,9788.755666
70.033592,20,9788.848061
-27.19333,19,9788.926766
-38.090184,23,9789.025802
-36.464909,21,9789.112657
-33.747327,21,9789.196115
-259.525342,40,9789.363451
-28.538885,20,9789.449745
-74.696961,29,9789.574912
-84.391243,29,9789.69179
61.906408,22,9789.785561
62.034771,36,9789.935867
207.727833,34,9790.077534
-43.08565,24,9790.184993
24.31827,29,9790.309794
-251.074796,37,9790.46602
-26.200439,19,9790.542398
-26.077542,19,9790.615549
-94.25518,32,9790.746259
-57.288731,26,9790.850909
-45.48069,23,9790.941305
236.112432,35,9791.095917
62.818409,22,9791.190735
-86.554757,30,9791.320447
-142.136438,57,9791.561427
-132.694267,20,9791.64284
-140.969251,49,9791.845195
-491.190518,101,9792.26178
-56.544786,24,9792.356498
-130.8086,19,9792.430449
-127.401327,19,9792.50903
-89.939591,49,9802.791868
170.339402,21,9802.890261
418.695903,45,9803.085645
-60.322345,27,9803.202537
-41.885602,23,9803.301479
-117.733891,32,9803.437077
47.947463,24,9803.535719
260.400181,23,9803.631484
-45.948684,35,9803.776992
-24.051799,19,9803.860821
-128.223207,19,9803.938736
-94.649624,45,9804.124828
-26.746947,20,9804.213911
-79.726935,29,9804.336618
-185.831468,28,9804.450008
-262.567971,54,9804.695391
-31.351396,20,9804.776999
20.365779,30,9804.909082
34.435647,26,9805.016806
119.926228,29,9805.136945
-76.649404,29,9805.258707
35.577849,27,9805.368559
-39.110699,25,9805.476215
-269.909826,37,9805.629054
-88.908978,30,9805.75439
-17.564146,18,9805.831302
-157.369572,42,9806.009557
-168.772422,39,9806.173939
-205.127326,33,9806.306239
-168.863292,39,9806.47289
-65.103691,39,9806.636839
149.596573,24,9806.738538
-32.551363,20,9806.824032
-76.163545,41,9806.998074
-32.767374,21,9807.082434
-249.891872,37,9807.234583
-37.758577,21,9807.330882
-127.775939,19,9807.409311
-33.30849,37,9807.565176
-50.658674,23,9807.65762
-24.608497,20,9807.740763
9.487236,30,9807.862901
-51.892355,26,9807.97041
-35.389496,22,9808.062586
192.343183,36,9808.209571
-198.135469,47,9808.404668
-130.23508,19,9808.485849
-213.747578,34,9808.623711
-52.474672,26,9808.727195
-26.125131,19,9808.811717
66.29282,22,9808.906457
-48.710243,25,9809.006811
-95.915159,29,9809.134039
-486.744162,73,9809.439557
-252.005608,37,9809.591642
45.050667,25,9809.694592
-619.422937,95,9810.084369
-51.168291,23,9810.183104
9.905521,30,9810.307527
-79.914051,30,9810.433646
50.644342,24,9810.531548
-16.632472,18,9810.602572
-61.093132,37,9810.857349
-50.170822,37,9811.018979
67.398585,21,9811.121898
-62.573726,39,9811.288115
-40.208366,39,9820.145108
49.692369,24,9820.329355
25.06947,27,9820.53455
-464.526873,101,9821.080948
-47.54212,23,9821.185138
-81.91517,43,9821.371753
-22.829469,20,9821.45877
-160.498355,41,9821.645662
66.905758,21,9821.735367
161.58857,22,9821.827943
-27.18422,19,9821.91344
67.482635,21,9821.998703
-136.498747,22,9822.091689
-191.489669,31,9822.230072
-29.509099,21,9822.322448
44.81847,41,9822.499818
-180.490046,42,9822.688481
-50.925762,23,9822.789811
-96.164681,49,9823.003053
-128.546819,19,9823.078725
202.630119,24,9823.184481
-18.853577,19,9823.273506
-127.076114,19,9823.35547
103.349707,64,9823.628656
-117.422932,33,9823.764931
-53.185423,54,9823.995309
1.301751,48,9824.206437
-248.312839,37,9824.37216
-74.449527,27,9824.486498
-72.887144,29,9824.617646
-252.440183,37,9824.773906
-265.469822,37,9824.933483
65.269117,22,9825.022535
-144.356257,37,9825.182174
-120.595624,32,9825.321964
-168.488423,53,9825.546908
-92.895773,33,9825.685973
71.84536,20,9825.764661
135.322076,27,9825.875692
-141.988873,42,9826.05834
149.129827,24,9826.168121
-21.196421,19,9826.25356
-23.618665,20,9826.355996
21.598094,29,9826.485134
69.41251,20,9826.575786
91.222115,39,9826.741462
63.829075,23,9826.836734
-48.403181,41,9827.007528
162.075064,22,9827.098185
-31.154582,21,9827.188415
13.266977,30,9827.329753
-130.348824,19,9827.412254
-272.807055,37,9827.570002
-26.806702,19,9827.650695
-27.796134,20,9827.741474
20.246444,29,9827.862646
-355.465963,97,9828.290735
-31.514047,20,9828.373444
-37.471484,48,9828.572814
-79.569154,42,9828.752236
-27.56741,19,9828.836035
26.093634,28,9828.968728
-246.273858,51,9836.233533
-92.181419,29,9836.407276
-30.860937,20,9836.510056
-88.518729,41,9836.686177
-52.026389,38,9836.845693
-130.634484,19,9836.926042
-13.081297,33,9837.075535
-219.702287,34,9837.220562
-30.580809,20,9837.309659
-72.687189,28,9837.432079
53.076166,24,9837.538345
-90.71375,30,9837.665616
-227.356995,34,9837.809115
-270.953076,37,9837.972997
-570.728491,88,9838.358952
-8.422377,35,9838.507244
160.009284,23,9838.602899
-43.380381,23,9838.700209
-634.778399,101,9839.133341
-39.796848,37,9839.306549
-37.277225,22,9839.400421
-119.805899,47,9839.595805
-283.495763,41,9839.766139
7.836583,33,9839.904868
-66.14949,26,9840.020093
327.582074,27,9840.141393
-135.493247,50,9840.358278
-118.943129,19,9840.435864
-53.693002,23,9840.643269
-71.120685,29,9840.763015
-162.777598,37,9840.918632
-76.908185,40,9841.091098
-160.598682,38,9841.259157
-39.98306,21,9841.349771
-24.563577,19,9841.430607
98.698481,32,9841.577329
53.582974,22,9841.674031
-198.217661,32,9841.811912
-26.277799,19,9841.895078
-17.415345,34,9842.039463
-262.775556,37,9842.196091
-125.525335,19,9842.27792
148.960509,64,9842.569322
160.957013,23,9842.737476
66.697949,41,9842.910925
198.451629,32,9843.044383
-46.778877,22,9843.136387
-74.206908,27,9843.249797
-135.865635,22,9843.343542
-105.659139,31,9843.476086
370.039925,22,9843.585863
-255.936649,37,9844.035006
-38.672463,22,9844.141744
40.148152,27,9844.259876
-46.362268,23,9844.360497
164.537879,22,9844.451813
-125.909188,19,9844.528572
127.209669,27,9844.642726
-30.960831,20,9844.7295
-44.892003,38,9844.892912
-108.634079,72,9845.20004
-151.624202,25,9845.309381
-464.360049,82,9855.691628
-114.72772,48,9855.955213
70.310248,20,9856.041489
18.945662,28,9856.162807
-266.086868,37,9856.322179
-93.113369,49,9856.530973
-182.083625,42,9856.707354
-271.48008,37,9856.868573
59.433693,22,9856.961263
-27.958052,20,9857.051081
63.905355,22,9857.149432
-159.886887,39,9857.318844
-130.606426,36,9857.472621
-165.982759,37,9857.623349
28.470228,28,9857.746149
156.498098,23,9857.844993
-179.784558,31,9857.976885
142.867408,29,9858.101956
-262.846935,37,9858.257169
85.198046,39,9858.421962
143.710798,24,9858.528391
-27.6477,22,9858.626409
224.002925,35,9858.775816
-201.98786,31,9858.918183
-70.277676,27,9859.031252
126.840546,27,9859.146737
-33.138479,21,9859.240277
-16.787416,19,9859.326365
-239.295785,40,9859.495201
21.168733,29,9859.617141
-152.056653,24,9859.722061
-106.97809,45,9859.912532
-73.716781,40,9860.081591
-596.987343,97,9860.502774
59.232229,23,9860.599033
-200.840233,43,9860.785033
-37.012959,23,9860.886161
-59.395545,26,9860.997448
-143.20154,23,9861.097007
163.513629,22,9861.187458
49.387877,25,9861.299743
-127.549091,19,9861.379162
-23.570474,19,9861.462238
-128.150183,19,9861.541204
25.507057,28,9861.6631
-27.969831,20,9861.74619
-35.966182,22,9861.84385
-239.437528,34,9861.990082
43.662877,25,9862.097554
48.267951,25,9862.198899
-4.784837,35,9862.341698
-564.481606,101,9862.75082
70.929425,20,9862.83103
-36.157232,21,9862.917209
-137.537519,22,9863.010329
-56.489286,38,9863.173087
33.96797,28,9863.288212
-127.392779,19,9863.367759
32.461558,27,9863.486186
-129.445915,19,9863.564754
58.904041,23,9863.665595
-3.579637,38,9863.836803
173.615091,20,9863.929382
-132.166701,20,9864.012657
-271.983517,46,9864.214074
-28.251269,39,9864.37735
-33.773602,21,9873.260321
-34.371111,21,9873.404297
-66.691593,25,9873.538346
-269.647888,37,9873.703429
42.919494,25,9873.813878
65.92009,21,9873.921476
99.668246,46,9874.228011
67.279504,21,9874.336688
-35.662841,22,9874.437673
299.979816,22,9874.538331
-170.138518,40,9874.706927
-75.426829,29,9874.833259
-223.862231,34,9874.985369
-23.872022,19,9875.064264
-146.557474,36,9875.220258
-87.578168,43,9875.402742
-287.727062,41,9875.572487
-143.184392,23,9875.669653
62.096558,22,9875.761758
-755.713352,101,9876.225728
-235.809014,34,9876.390329
-173.358344,26,9876.498591
-29.548113,20,9876.581762
-150.541457,48,9876.790569
151.115667,24,9876.893202
-232.831921,64,9877.172448
-680.025345,101,9877.60992
-169.821808,37,9877.762099
-212.834907,32,9877.89846
-17.647306,18,9877.96896
-26.973188,20,9878.052743
-6.26751,51,9878.268762
-243.834067,37,9878.430571
-32.766765,20,9878.512349
-359.591966,57,9878.759525
-132.557819,34,9878.903158
-128.085386,19,9878.98381
-44.234363,24,9879.0906
-197.38412,31,9879.223003
46.70902,24,9879.325715
156.631285,23,9879.421428
-34.441407,20,9879.506803
-128.725067,19,9879.58585
173.300309,42,9879.758753
-143.742932,22,9879.853739
-34.143076,23,9879.954354
11.148908,31,9880.087353
-32.37023,20,9880.171213
50.966465,37,9880.325469
-158.201403,40,9880.491423
67.508452,21,9880.579896
-207.05235,32,9880.722426
-51.666367,27,9880.837284
39.156131,27,9880.95113
-78.104663,41,9881.145733
-60.133348,40,9881.342033
-185.984791,46,9881.538872
59.888566,23,9881.63826
-352.432191,52,9881.877936
-146.190221,25,9881.986537
-121.826723,18,9882.066539
-29.164069,20,9882.146988
-129.450952,19,9882.229665
53.558107,24,9882.333859
-25.557918,19,9889.316014
-128.438177,20,9889.433203
-258.127309,37,9889.665755
-165.061622,26,9889.774361
-25.99207,19,9889.851288
165.661253,24,9889.956788
-202.345208,46,9890.166711
-144.190546,35,9890.312114
-51.467539,24,9890.409082
-161.489936,37,9890.563752
-133.827102,20,9890.649787
-87.084732,29,9890.770275
76.137461,34,9890.911937
-352.913439,52,9891.141627
-676.625461,101,9891.570894
-31.024984,22,9891.668051
-42.289768,23,9891.769649
-100.747697,32,9891.907598
-33.94596,21,9891.991654
163.604338,64,9892.253403
-70.479254,27,9892.371049
-130.43366,19,9892.450722
-45.290034,24,9892.551443
261.379173,22,9892.641536
237.028538,26,9892.753786
-99.637213,45,9892.949569
-129.328124,19,9893.029472
-26.644771,19,9893.108229
-21.61096,19,9893.189359
-229.195011,36,9893.345257
-126.274321,19,9893.427519
-46.769368,23,9893.52269
-152.365047,23,9893.615786
-73.726118,28,9893.737501
-23.218119,19,9893.82025
357.991447,23,9894.068372
-25.03115,19,9894.150249
52.439892,24,9894.25505
-53.145803,25,9894.366495
-232.253596,45,9894.565317
-178.923123,48,9894.777469
-25.594744,19,9894.857747
-146.671952,36,9895.011428
-65.343342,28,9895.127133
39.670632,32,9895.263307
-137.392984,21,9895.356681
-135.992363,21,9895.442979
-126.11125,19,9895.523022
53.581983,35,9895.666997
35.34946,26,9895.77419
-252.672802,37,9895.926547
-23.497971,19,9896.00274
-46.077213,24,9896.105865
-142.482632,37,9896.272974
-169.48893,53,9896.492542
-21.359965,20,9896.581965
-48.181508,55,9896.81003
-175.154974,40,9896.980815
-18.288263,20,9897.071874
-61.596526,42,9897.246309
69.123735,21,9897.339873
52.319784,24,9897.443509
-98.816369,49,9897.670642
66.682316,21,9897.760758
-34.155174,23,9897.859036
154.274061,23,9897.956514
-37.070288,22,9898.055505
-131.25244,34,9898.194174
27.377391,28,9914.036439
-169.322387,39,9914.239259
-254.333579,37,9914.402395
-274.542874,37,9914.56702
-32.45429,21,9914.655826
-62.98688,24,9914.764486
-60.147239,25,9914.875367
-51.697555,26,9914.985842
153.912337,24,9915.089106
15.176089,30,9915.224051
-216.933946,45,9915.406313
-98.587476,44,9915.597609
-166.120224,26,9915.713003
30.663301,25,9915.817826
-260.648272,37,9915.966741
223.963954,30,9916.097272
-49.622799,22,9916.187951
-27.442442,20,9916.272696
-130.076217,19,9916.352277
-167.876841,37,9916.504415
-250.866228,37,9916.675113
0.62767,33,9916.810509
-141.681349,21,9916.898583
-24.264018,19,9917.565886
-158.264289,37,9918.033488
-109.160671,30,9918.217643
-151.325381,37,9918.4336
-125.850374,34,9918.601677
-293.701978,41,9918.800484
-47.494586,24,9918.917969
-27.903283,20,9919.008312
-120.047145,18,9919.097907
-26.246445,20,9919.202278
-209.386635,32,9919.3464
14.765487,31,9919.489429
69.712165,20,9919.587105
-101.854869,31,9919.734196
-288.241732,42,9919.965307
-34.10368,21,9920.104947
-65.291205,29,9920.292444
70.07619,20,9920.430359
-32.075886,20,9920.549921
66.465294,22,9920.693014
-116.046502,33,9920.962215
77.638775,19,9921.076878
36.514322,26,9921.284262
-109.878598,18,9921.601579
-177.267255,41,9922.129397
-134.627038,20,9922.274684
-264.545554,40,9922.49801
-16.133465,47,9922.695444
-148.433796,51,9922.915434
-25.139267,19,9923.006657
-165.570544,27,9923.126653
-43.942546,23,9923.236618
-341.45944,47,9923.456794
-14.665484,33,9923.602746
-42.465997,22,9923.693687
-125.626649,19,9923.7752
-29.385612,19,9923.856274
-34.649312,21,9923.951348
-23.056344,19,9924.033568
178.192545,26,9924.142298
-51.008273,26,9924.252985
32.689244,27,9924.367516
-57.787018,26,9924.473934
-36.94907,22,9924.56745
-48.98599,23,9924.661588
54.295928,24,9924.7686
116.253101,29,9925.064338
-48.861322,26,9925.184717
-126.88183,19,9925.27512
-326.26773,48,9936.570501
-39.218416,22,9939.006959
64.682081,22,9939.442784
240.846134,28,9940.151916
-27.015499,19,9940.995407
43.384743,25,9941.52493
54.179589,23,9942.572769
-204.789145,30,9943.517267
27.264139,31,9944.730045
-127.906941,19,9945.115233
-117.677882,19,9945.600963
-194.092014,42,9946.799223
-26.130798,19,9947.363658
-26.026847,21,9947.859038
-56.811476,25,9948.280152
-261.422276,39,9948.872338
-34.109675,21,9949.249375
-508.911443,101,9951.403635
-270.52713,37,9953.690428
66.688112,21,9953.946839
-272.562642,37,9954.283178
71.614499,21,9954.501674
-190.956315,30,9954.83964
168.036473,27,9955.265919
-215.64725,33,9955.742104
351.039873,24,9955.971575
71.131653,21,9956.25903
-74.082003,42,9956.824823
-39.571131,23,9957.000954
172.942986,23,9957.146699
-35.028311,21,9957.263946
-28.506003,20,9957.364872
-44.742835,38,9958.428349
-136.329253,22,9958.601839
58.811927,23,9958.736033
-338.911495,61,9959.079555
-176.473452,28,9959.206475
118.755351,31,9959.342713
-240.296185,40,9959.544948
-180.836468,55,9959.851988
-129.957039,21,9959.949922
-26.307366,19,9960.033158
-105.193265,54,9960.283865
262.595162,22,9960.392001
-128.827942,19,9960.468559
221.915085,28,9960.593432
-26.398615,19,9960.691768
-272.79722,37,9960.857887
-24.306543,19,9960.939606
-36.784666,21,9961.02649
-24.787635,19,9961.13368
-25.217528,19,9961.233009
-12.968331,18,9961.314071
-46.907896,22,9961.405226
-126.297167,19,9961.489747
11.83394,32,9961.651383
-164.293651,40,9961.820637
-42.93852,24,9961.927814
-50.113296,24,9962.032793
-107.869625,45,9962.225115
-267.345727,39,9962.383917
-47.829319,22,9962.472357
-24.275955,19,9962.554101
-252.052136,37,9962.709697
-178.704978,27,9962.823425
66.167844,22,9962.916528
-129.111752,38,9963.107844
42.566627,25,9963.217255
-157.923888,26,9963.331683
-27.872394,19,9963.411516
-46.048897,24,9963.515203
-57.015551,25,9963.617759
-157.994152,37,9973.842871
-539.203256,101,9974.446948
-25.202287,19,9974.544015
-72.709694,26,9974.671634
-254.489523,37,9974.848555
-43.262833,24,9974.962925
58.31938,23,9975.084561
164.577528,21,9975.210028
-140.524267,21,9975.302032
-32.321124,20,9975.391095
-230.025727,61,9975.655245
-192.997366,59,9975.938423
-124.672533,19,9976.029866
-263.289247,50,9976.275548
123.378261,41,9976.461014
-140.453966,23,9976.570155
-125.840037,19,9976.649274
-233.548355,34,9976.793088
-92.831537,31,9976.942622
-61.076359,27,9977.060472
-226.055182,34,9977.203731
-247.570203,37,9977.387197
-131.603464,21,9977.501223
-66.752201,41,9977.708973
-0.196188,31,9977.86673
-25.371705,20,9977.976782
-26.736559,19,9978.079707
-126.232345,19,9978.18353
-32.350267,21,9978.288642
-130.094059,49,9978.517659
27.666339,50,9978.73507
-21.056905,19,9978.816368
61.886887,22,9978.909807
89.677735,27,9979.040052
-162.94039,62,9979.312366
-39.364393,23,9979.549375
-129.552599,19,9979.648798
18.311213,29,9979.799631
-63.96693,27,9979.939818
-23.467399,20,9980.043771
-125.714547,19,9980.139721
-26.568024,20,9980.239959
-189.384594,46,9980.472589
-128.507124,19,9980.567732
-37.40017,22,9980.683006
-31.433149,20,9980.805405
-19.270208,19,9981.418253
28.114308,27,9981.728626
-288.223762,42,9982.631593
-166.268297,37,9982.887112
72.551999,20,9982.993736
-71.040978,27,9983.123364
-122.766807,38,9983.294414
-266.564591,37,9983.460044
-24.863655,19,9983.541937
44.939322,25,9983.674553
45.157413,25,9983.795743
-254.468767,37,9983.977268
-251.045018,83,9984.354572
-24.25217,19,9984.430896
-154.882993,42,9984.611138
-87.064803,43,9984.81469
-251.622975,37,9985.072268
-25.789454,19,9985.185158
