#{"t_start": 1736963272.790115, "env_id": "gymnasium_env/PingPongEnv-v0"}
r,l,t
-264.338853,37,13.995016
-78.582031,38,14.172746
-260.15948,37,14.346029
-286.112999,37,14.512971
-274.390402,37,14.685313
-261.621547,37,14.849675
-247.678605,37,15.016537
-274.798964,37,15.177627
-284.039971,37,15.338705
-261.455255,37,15.503742
-258.049041,37,15.665135
-262.612638,37,15.827915
-251.453845,37,15.988031
-276.993013,37,16.583361
-261.890551,37,16.778868
-272.530132,37,16.979998
-289.870159,37,17.269053
-275.798812,37,17.530133
-269.586902,37,17.767769
-281.325785,37,17.988823
-266.40044,37,18.227833
-246.722483,37,18.420116
-256.630223,37,18.638095
-277.572241,37,18.840793
-270.700182,37,19.333418
-286.74401,37,19.842585
-294.655312,42,20.304368
-263.035187,37,20.772979
-267.828076,37,21.176706
-265.66677,37,21.998603
-246.406331,37,23.103369
-245.906976,37,23.604355
-245.527244,37,24.056109
-280.827274,37,24.431894
-241.575947,37,24.637426
-264.199738,37,24.814464
-260.275917,37,24.982478
-242.750957,37,25.138376
-270.755208,37,25.303554
-187.311353,44,25.521059
-253.651022,37,25.673951
-264.711885,37,25.824572
-262.192115,37,25.976696
-243.31503,37,26.135216
-246.894982,37,26.303271
-250.115619,37,26.461388
-244.410971,37,26.639994
-247.467264,37,26.811871
-245.528134,37,27.006437
-258.028438,37,27.17593
-254.61269,37,27.341155
-189.666539,31,27.502756
-247.414963,37,27.682784
-247.018978,37,27.841454
-269.717155,37,27.998348
-257.402664,37,1113.575294
-245.203345,37,1113.810798
-245.097407,37,1113.993959
-266.737804,37,1114.162252
-247.635662,37,1114.352228
-261.661048,37,1114.526666
-259.970124,37,1114.693883
-234.985385,37,1114.855227
-285.108368,37,1115.027431
-271.557601,37,1115.205527
-261.201599,37,1115.366715
-268.856068,37,1115.538289
-200.226862,32,1115.681317
-246.545917,37,1115.883843
-251.764838,37,1116.097543
-250.286253,37,1116.426895
-253.024888,37,1116.694755
-279.147866,37,1116.874853
-263.47309,37,1117.140125
-242.19549,37,1117.587549
-290.879579,37,1118.439816
-274.68745,37,1118.668102
-266.16141,37,1118.847475
-269.683581,37,1119.039337
-251.911051,37,1119.210894
-257.040789,37,1119.394919
-251.198067,37,1119.639113
-263.998553,37,1119.894811
-274.15261,37,1120.097852
-245.673358,37,1120.725001
-276.127949,37,1120.972144
-257.407358,37,1121.170112
-255.439886,37,1121.442541
-255.018004,37,1121.674018
-243.962461,37,1121.872471
-238.398875,37,1122.038414
-247.399136,37,1122.207702
-269.819352,37,1122.383774
-261.969096,37,1122.548964
-244.044904,37,1122.712473
-277.222064,37,1122.874517
-252.244364,37,1123.069018
-267.29862,37,1123.234725
-196.337531,30,1123.367375
-254.092522,37,1123.53209
-244.750816,37,1123.716309
-250.321603,37,1123.890899
-274.459701,37,1124.054066
-259.60628,37,1124.218722
-250.180743,37,1124.374653
-262.47873,37,1124.563256
-260.117144,37,1124.753453
-261.451263,37,1124.978186
-252.863727,37,1125.161195
-186.246603,28,1125.278473
-278.666927,37,1125.452501
-235.621161,37,1137.701377
-263.64109,37,1137.865846
-259.63253,37,1138.023908
-282.577915,37,1138.173635
-253.508533,37,1138.324414
-262.484798,37,1138.471315
-266.77342,37,1138.620219
-327.89259,47,1138.807545
-262.779888,37,1138.957743
-248.639981,37,1139.108716
-256.922041,37,1139.265956
-284.627317,37,1139.52267
-256.350349,37,1139.687777
-72.051205,27,1139.812067
-253.860364,37,1140.033763
-276.381472,37,1140.198623
-251.78032,37,1140.348462
-246.839896,37,1140.525842
-248.99105,37,1140.681078
-284.594471,37,1140.870838
-150.870127,35,1141.023073
-233.290901,37,1141.178543
-248.599267,37,1141.340173
-254.183178,37,1141.528519
-258.558921,37,1141.729012
-274.309734,37,1141.913203
-249.673243,37,1142.082487
-257.30907,37,1142.255677
-260.14098,37,1142.426137
-256.265592,37,1142.602174
-37.379677,24,1142.720786
-248.300833,37,1142.895113
-254.604357,37,1143.060219
-244.774197,37,1143.231995
-266.923716,37,1143.446349
-28.071394,22,1143.553478
-267.551843,37,1143.739949
-250.035106,37,1143.909872
-257.969083,37,1144.110396
-217.718196,34,1144.283108
-254.694446,37,1144.43975
-253.662524,37,1144.6024
-292.432864,37,1144.771443
-250.613722,37,1145.337392
-245.749931,37,1145.606939
-250.704544,37,1145.806571
-264.743077,37,1146.005079
-273.848839,37,1146.173259
-241.117189,37,1146.337128
-82.12462,31,1146.47752
-265.308825,37,1146.641206
-258.994055,37,1146.822415
-248.551042,37,1146.978027
-267.476577,37,1147.13902
-142.835683,25,1147.249785
-247.998998,37,1147.414582
-259.684367,37,1155.598845
-308.72997,47,1155.883686
-238.582405,36,1156.040184
-277.109682,37,1156.323053
-232.361525,37,1156.495286
-250.737196,37,1156.666972
-271.958699,37,1156.844602
-252.336384,37,1156.989463
-265.597682,37,1157.149981
-242.307538,37,1157.305721
-257.93295,37,1157.460694
-252.919928,37,1157.618997
-261.44408,37,1157.777279
-261.378659,37,1157.929662
-240.418826,37,1158.088726
-244.346485,37,1158.242783
-275.927219,37,1158.393766
-266.261925,37,1158.550644
-260.886426,37,1158.709004
-286.39606,37,1158.87384
-254.98018,37,1159.028006
-270.349677,37,1159.184602
-237.071008,37,1159.339631
-283.593177,37,1159.493789
-308.696339,37,1159.640763
-283.121512,37,1159.793848
-256.472175,37,1159.945588
-269.287414,37,1160.102164
-241.637819,37,1160.255526
-253.711844,37,1160.417513
-233.013578,36,1160.588975
-252.377839,37,1160.772621
-235.75775,37,1160.952999
-192.027477,33,1161.092051
-254.746938,37,1161.275137
-249.626482,37,1161.444564
-261.716588,37,1161.619111
-249.49153,37,1161.87765
-260.846707,37,1162.12159
-253.038385,37,1162.511274
-268.156404,37,1162.882443
-250.781308,37,1163.275291
-273.265522,37,1163.659851
-265.553005,37,1164.081065
-273.255168,37,1164.489334
-287.460888,37,1164.900775
-257.200732,37,1165.21597
-243.205086,37,1165.434079
-265.115319,37,1165.624118
-264.027101,37,1165.776885
-248.199814,37,1165.943962
-254.788943,37,1166.094311
-244.024868,37,1166.246801
-247.355674,37,1166.396152
-249.000371,37,1166.553052
-272.429833,37,1166.69871
-280.294931,37,1173.498567
-171.093936,41,1173.693885
-251.731142,37,1173.845209
-267.872502,37,1173.995626
-259.809007,37,1174.142146
-251.274572,37,1174.303618
-275.15101,37,1174.464361
-255.572809,37,1174.649521
-240.923194,37,1174.80461
-345.147564,61,1175.068011
-150.553419,25,1175.175896
-238.934942,37,1175.330893
-270.342402,37,1175.484286
-272.291825,37,1175.639063
-273.723593,37,1175.785368
-242.493729,37,1175.93797
-246.633533,37,1176.0941
-223.908312,35,1176.242453
-243.588352,37,1176.395578
-636.350737,101,1176.801478
-243.134737,37,1176.957826
-295.991903,46,1177.150392
-53.926725,27,1177.271407
-271.058862,37,1177.422841
-243.79469,37,1177.579003
-254.586384,37,1177.74116
-252.143319,37,1177.906527
-255.194628,37,1178.058331
-259.176109,37,1178.210625
-280.733292,37,1178.504575
-254.798861,37,1178.658294
-282.486012,37,1178.805103
-256.68965,37,1178.965258
-237.112983,37,1179.115809
-284.218964,37,1179.271682
-256.24517,37,1179.421969
-252.911908,40,1179.593025
-248.290456,37,1179.745138
-250.401722,37,1179.905884
-259.224598,37,1180.057842
-268.709808,37,1180.213073
-253.870263,37,1180.3698
-258.621909,37,1180.525262
-263.90063,37,1180.671561
-244.007997,37,1180.82771
-251.663222,37,1180.998397
-276.723109,37,1181.157664
-261.762773,37,1181.311927
-264.224709,37,1181.461854
-259.173986,37,1181.614525
-247.238976,37,1181.7635
-230.117175,36,1181.917089
-239.882279,37,1182.07782
-131.783774,37,1191.065034
-236.848494,37,1191.245791
-207.073725,36,1191.404629
-278.220503,37,1191.578339
-248.328738,37,1191.730849
-135.722608,23,1191.82834
-530.845844,101,1192.244273
-252.941856,37,1192.395215
-270.061109,37,1192.549081
-251.100094,37,1192.694229
-139.383912,23,1192.788697
-272.133343,37,1192.946948
-250.459659,37,1193.098646
-285.928938,37,1193.251877
-242.921729,37,1193.403727
-263.220047,37,1193.555692
-249.641216,37,1193.706392
-260.083498,37,1193.853411
-273.729765,37,1194.003744
-243.043656,37,1194.156729
-258.158674,37,1194.306253
-262.828143,37,1194.454532
-267.685573,37,1194.607545
-246.836296,37,1194.754328
-244.770855,37,1194.903383
-270.689015,37,1195.060332
-138.686187,25,1195.164122
-39.552231,24,1195.262189
-247.325305,37,1195.411308
-244.088021,37,1195.559607
-255.683576,37,1195.704678
-236.863501,37,1195.855889
-235.966156,37,1196.005966
-272.757137,37,1196.166826
-108.275195,33,1196.30273
-255.650005,37,1196.449037
-250.277546,37,1196.595821
-266.147108,37,1196.74434
-254.230803,37,1196.892769
-262.52161,37,1197.043349
-211.546096,33,1197.174256
-230.979616,35,1197.315802
-256.561813,37,1197.461342
-251.902229,37,1197.603049
-270.223429,37,1197.74979
-256.132713,37,1197.892839
-274.122539,37,1198.044242
-255.341076,37,1198.19244
-143.324516,37,1198.342089
-283.664364,37,1198.499592
-253.951317,37,1198.648023
-172.035432,27,1198.755694
-266.066062,37,1198.908031
-264.800691,37,1199.057094
-237.134008,37,1199.214939
-263.173106,37,1206.095335
-250.640314,37,1206.317406
-255.663858,37,1206.489501
-248.000646,37,1206.664978
-275.714316,37,1206.834086
-239.930584,37,1206.982309
-240.122039,37,1207.265412
-239.581464,37,1207.420618
-240.240783,37,1207.576179
-241.064035,37,1207.735695
-254.099138,37,1207.880062
-263.473858,37,1208.025267
-257.79799,37,1208.177815
-171.859073,29,1208.29845
-235.856977,37,1208.448391
-257.4886,37,1208.597861
-279.545139,37,1208.745742
-270.354578,37,1208.893978
-242.627635,37,1209.045995
-268.486655,37,1209.196824
-238.155821,37,1209.34528
-382.787707,78,1209.693259
-260.640206,37,1209.851546
-265.891903,37,1210.006859
-250.010128,37,1210.156674
-271.589044,37,1210.296801
-256.703767,37,1210.443434
-253.331444,37,1210.590453
-263.795883,37,1210.738422
-249.599473,37,1210.888975
-259.097881,37,1211.045079
-269.501528,37,1211.197897
-245.132221,37,1211.348382
-275.969929,37,1211.502766
-270.846093,37,1211.651932
-249.494887,37,1211.809542
-255.859336,37,1211.963646
-242.642306,37,1212.116891
-246.254598,37,1212.267441
-263.162569,37,1212.742117
-242.186117,37,1213.18022
-258.621571,37,1213.448012
-242.201241,37,1213.737016
59.690759,24,1213.94059
-258.719912,37,1214.332583
-237.310632,37,1214.673186
-263.137083,37,1215.085463
-136.046971,35,1215.455827
-260.015263,37,1215.906844
-247.725099,37,1216.232681
-252.884092,37,1216.496748
-242.228849,37,1216.707595
-197.683348,31,1216.853924
-248.679632,37,1217.007522
-248.298268,37,1217.151662
-267.34696,37,1223.904776
-263.377048,37,1224.117837
-247.342917,37,1224.279593
-273.148013,37,1224.435964
-249.550526,37,1224.59345
-248.796853,37,1224.741045
-251.872461,37,1224.888625
-259.460221,37,1225.041697
-260.943764,37,1225.188975
-302.735631,37,1225.333877
-240.570788,37,1225.479554
-246.793746,37,1225.633344
-266.078277,37,1225.784919
-246.21436,37,1225.933881
-247.76269,37,1226.081293
-246.704205,37,1226.235786
-273.139003,37,1226.390404
-271.293072,37,1226.545573
-24.336415,22,1226.635463
-272.494476,37,1226.789092
-290.913525,37,1226.9358
-251.955786,37,1227.088829
-260.152201,37,1227.238892
-278.578898,37,1227.38623
-263.06349,45,1227.580635
-251.10935,37,1227.728183
-218.75414,33,1227.861481
-280.69301,37,1228.011928
-258.239115,37,1228.160695
-262.247016,37,1228.307381
-156.186738,25,1228.407587
-256.887465,37,1228.56044
-249.303042,37,1228.708031
-263.14286,37,1228.863037
-239.959811,37,1229.0073
-258.405985,37,1229.160974
-241.737115,37,1229.451168
-194.885793,31,1229.581463
-256.654369,37,1229.833616
-250.883859,37,1229.993659
-241.531225,37,1230.138057
-265.557964,37,1230.292802
-271.095748,37,1230.436688
-266.952201,37,1230.633568
-251.75768,37,1230.830108
-265.458107,37,1231.034579
-245.317178,37,1231.19323
-261.47668,37,1231.341737
-231.75917,37,1231.495939
-238.767135,37,1231.652912
-274.017524,37,1231.807909
-261.973573,37,1232.103243
-265.771253,37,1232.258032
-282.302703,37,1232.420035
-227.276811,36,1232.570861
-253.952287,37,1232.721584
-238.226193,37,1232.883541
-319.980356,52,1242.103204
-264.588542,37,1242.277916
-238.243319,37,1242.43066
-252.198124,37,1242.578234
-123.67875,34,1242.714725
-263.953156,37,1242.864636
-242.718233,37,1243.025
-237.041718,37,1243.169011
-274.034403,37,1243.312659
-252.655948,37,1243.469235
-249.984471,37,1243.622486
-267.728822,37,1243.771989
-274.427616,37,1243.917387
-250.894031,37,1244.066891
-237.532063,37,1244.214628
-253.062227,37,1244.364353
-245.285546,37,1244.516767
-261.583229,37,1244.66733
-248.564298,37,1244.81241
-233.553969,37,1244.961068
-245.615192,37,1245.112973
-250.882981,37,1245.263531
-244.765094,37,1245.415742
-266.744173,37,1245.566753
-263.785702,37,1245.720044
-262.914425,37,1245.861846
-265.552367,37,1246.017806
-237.026984,37,1246.17065
-90.577059,30,1246.290206
-244.713077,37,1246.434873
-251.039893,37,1246.589799
-245.924029,37,1246.741107
-245.123902,37,1246.895813
-240.46955,37,1247.041733
-269.721825,37,1247.195201
-243.176608,37,1247.352395
-256.150339,37,1247.497331
-265.529519,37,1247.643927
-256.117631,37,1247.793105
-43.861697,24,1247.887492
-274.260946,37,1248.03526
-252.029517,37,1248.186551
-248.370678,37,1248.344427
-273.467075,37,1248.48678
-252.439935,37,1248.634051
-251.573097,37,1248.794451
-156.73344,27,1248.900592
-140.776338,26,1248.998977
-192.918674,31,1249.125153
-155.586929,26,1249.227588
-19.54769,20,1249.308883
-260.233773,37,1249.454313
-235.070021,37,1249.646011
-238.858341,37,1249.843946
-265.637273,37,1250.052364
-256.629502,37,1250.239695
-173.554114,29,1250.372501
-244.563805,37,1257.518914
-260.351306,37,1257.707233
-245.4725,37,1257.86546
-259.944352,37,1258.009466
-252.475884,37,1258.155752
-180.630177,29,1258.272047
-243.191153,37,1258.421949
-247.693592,37,1258.568663
-276.9629,37,1258.716141
-262.531366,37,1258.988131
-248.293007,37,1259.137968
-265.927663,37,1259.285692
-245.182039,37,1259.43595
-161.848499,26,1259.539186
-281.377277,37,1259.687282
-248.634812,37,1259.838519
-272.17393,37,1259.984474
-241.885783,37,1260.13328
-282.095062,37,1260.282236
-256.125355,37,1260.426349
-242.643445,37,1260.57356
-255.190265,37,1260.722768
-263.334794,37,1260.867793
-249.390601,37,1261.023268
-239.958175,37,1261.171646
-253.330517,37,1261.322697
-242.362295,37,1261.470408
-178.211406,27,1261.57617
-252.355264,37,1261.724362
-257.796598,37,1261.868901
-260.635737,37,1262.024118
-250.294105,37,1262.168475
-272.818749,37,1262.317114
-182.086487,30,1262.442403
-241.046867,37,1262.591566
-256.615036,37,1262.744221
-53.784235,27,1262.849325
-275.751611,37,1263.0012
-183.789971,30,1263.120455
-274.704422,37,1263.263374
-271.189401,37,1263.411672
-250.519676,37,1263.557291
-261.467181,37,1263.704036
-258.776718,37,1263.852601
-271.059514,37,1264.003721
-137.737365,23,1264.094095
-237.961297,37,1264.244706
-257.106317,37,1264.456109
-250.463054,37,1264.662039
-280.296703,37,1264.947519
-244.246386,37,1265.241107
-244.531754,37,1265.526081
-245.744093,37,1265.8235
-160.654764,25,1266.092183
-211.460527,33,1266.444834
-283.43789,37,1266.816359
-259.583991,37,1267.133601
-253.945823,37,1274.843087
-239.415991,37,1275.069659
-247.883586,37,1275.240046
-286.247121,37,1275.39799
-265.937646,37,1275.553852
-142.73189,37,1275.705997
-21.46492,35,1275.84934
-148.945195,37,1276.013373
-250.552022,37,1276.164788
-252.944636,37,1276.316288
-269.269728,37,1276.463578
-265.955753,37,1276.606687
-241.808063,37,1276.752833
-175.853204,43,1276.92724
-241.124664,37,1277.079609
-244.245969,37,1277.229315
-245.390081,37,1277.37828
-252.609647,37,1277.524534
-254.654254,37,1277.672021
-240.055743,37,1277.824183
-256.668139,37,1277.969827
-267.168091,37,1278.114997
-241.62821,37,1278.260544
-240.816418,37,1278.4016
-253.700579,37,1278.547563
-242.86492,37,1278.697707
-266.883363,37,1278.846418
-264.171277,37,1278.992239
-238.74246,37,1279.140494
-242.137975,37,1279.288291
-253.935171,37,1279.435128
21.187561,29,1279.55452
-283.332067,37,1279.699495
-229.446973,35,1279.833306
-161.428343,26,1279.93815
-267.710666,37,1280.082722
-161.853807,28,1280.195997
-258.695345,37,1280.347106
-241.501827,37,1280.494224
-241.601015,37,1280.783181
78.742902,20,1280.869583
-254.756212,37,1281.0179
-248.110969,37,1281.169771
-235.067153,37,1281.315212
-267.448931,37,1281.466438
-251.573741,37,1281.621142
-259.449096,37,1281.768716
-274.361986,37,1281.918277
-259.864432,37,1282.068593
-268.108765,37,1282.220501
-264.989103,37,1282.369617
-249.644557,37,1282.516302
-253.47973,37,1282.735669
-148.403429,25,1282.837914
-137.689065,23,1282.930592
-246.483487,37,1283.079064
-247.280739,37,1283.228479
-248.462346,37,1283.379232
-247.247038,37,1291.979638
-227.148703,35,1292.14379
-378.224156,101,1292.559674
-248.873913,37,1292.706349
-266.54776,37,1292.859639
-245.543977,37,1293.006938
-265.101875,37,1293.156461
-272.318965,37,1293.306522
-255.310874,39,1293.463569
-266.053935,37,1293.616234
-259.133171,37,1293.771526
-239.593561,37,1293.917345
-241.461443,37,1294.063244
-245.299252,37,1294.214057
-275.16777,37,1294.356953
-249.974262,37,1294.508788
-262.05538,37,1294.65892
-251.87678,37,1294.804194
-226.316387,34,1294.93836
-254.883482,37,1295.090533
-258.767652,37,1295.237134
-256.071223,37,1295.385809
-265.392798,37,1295.53589
-135.365109,37,1295.685196
-238.194007,37,1295.837869
-270.805309,37,1295.986459
-248.568116,37,1296.147652
-240.72879,37,1296.290777
-252.421199,37,1296.437368
-266.38811,37,1296.590318
-245.838178,37,1296.737489
-211.455339,34,1296.874157
-243.0133,37,1297.018113
-240.13651,37,1297.168406
-207.81607,34,1297.306268
-260.06057,39,1297.463683
-239.857076,37,1297.61018
-77.096654,30,1297.728293
-132.824616,23,1297.819395
-229.690769,35,1297.954225
-280.688182,37,1298.102883
-276.860009,37,1298.253503
-129.225104,37,1298.402584
-239.149197,37,1298.547359
-243.495872,37,1298.694572
-114.937397,36,1298.836309
-172.240514,27,1298.943431
-235.662146,37,1299.086705
-134.475738,23,1299.176867
-239.788927,37,1299.3248
-250.51199,37,1299.470839
-90.243496,33,1299.603766
-247.514407,37,1299.750502
-261.041907,37,1299.895572
-245.940571,37,1300.044684
-185.966027,29,1306.641705
-243.132281,37,1306.839577
-267.441451,37,1306.98559
-248.3151,37,1307.129316
-243.107024,37,1307.272208
-253.412695,37,1307.420918
-249.413197,37,1307.568623
-244.017171,37,1307.710974
-70.599982,29,1307.826806
-106.637009,31,1307.947501
-255.716461,37,1308.091409
-262.712036,37,1308.240216
-473.927791,101,1308.762659
-254.619415,39,1308.92561
-254.226452,39,1309.080296
-268.631729,37,1309.225894
-252.393289,37,1309.37477
-263.993703,37,1309.520677
-263.870978,37,1309.670307
-245.108699,37,1309.814935
-257.729912,37,1309.957777
-241.138923,37,1310.102776
-235.316804,37,1310.249306
-272.373806,37,1310.393472
-275.241762,37,1310.545786
-253.272042,37,1310.689834
-70.686778,28,1310.799637
-245.494834,37,1310.941791
-158.098089,47,1311.133344
-233.098311,36,1311.274092
-247.771515,37,1311.425715
-220.83221,35,1311.562774
-229.011627,36,1311.709834
-189.069817,29,1311.828478
-258.330955,37,1311.975225
-233.047468,36,1312.113721
-255.243527,37,1312.25791
-251.384873,37,1312.402688
-256.349969,37,1312.550939
-269.65067,37,1312.696527
-239.233092,37,1312.843384
-276.693492,37,1312.990056
-235.047662,37,1313.136887
-130.111818,21,1313.217546
-238.745656,37,1313.359548
-50.782636,25,1313.457361
-251.721168,37,1313.601973
-152.906455,25,1313.703348
-259.640518,37,1313.876183
-276.203367,37,1314.098665
-195.030537,33,1314.325377
-243.807315,37,1314.594796
-224.476678,35,1314.866731
-275.096287,41,1315.166452
-237.868128,37,1315.40991
-190.573112,30,1315.695296
-156.743009,26,1323.866953
-252.697987,37,1324.05098
-229.920577,36,1324.201469
-248.260539,37,1324.372272
-252.63161,37,1324.524866
-241.79133,37,1324.678153
-235.126005,37,1324.824658
-246.148483,37,1324.974766
-252.597098,37,1325.12068
-250.749685,37,1325.27023
-262.52049,37,1325.423898
-255.806492,37,1325.573503
-245.945416,37,1325.72175
-253.996974,37,1325.876635
-187.992504,31,1326.00476
-271.332702,37,1326.166996
-244.931768,37,1326.316252
-248.914248,37,1326.462674
-265.760005,37,1326.607215
-243.595859,37,1326.748842
-248.087192,37,1326.897275
-139.551793,23,1326.987813
-271.235677,37,1327.136128
-206.613161,31,1327.262952
-254.972646,37,1327.407135
-281.739495,37,1327.548699
-180.888838,30,1327.669876
-268.845848,37,1327.82128
-129.732661,38,1327.969288
-266.838876,37,1328.119389
-249.252391,64,1328.375332
-249.855293,37,1328.516324
-38.671473,25,1328.610299
-272.573455,37,1328.754365
-240.0146,37,1328.900624
-240.052447,37,1329.041058
-249.493444,37,1329.189086
-258.089533,37,1329.334962
-243.277412,37,1329.476446
-237.673165,37,1329.62456
-243.585603,37,1329.773957
-236.263795,37,1330.049564
-247.887417,37,1330.208066
-249.883382,37,1330.360116
-262.487015,37,1330.512069
-263.296284,37,1330.66574
-240.150664,37,1330.814714
-256.732198,37,1330.963593
-263.024208,37,1331.118222
-202.923948,31,1331.237629
-266.490948,37,1331.386061
-246.275542,37,1331.53914
-262.335072,37,1331.692397
-254.332715,37,1331.8384
-259.189959,37,1331.986972
-250.309454,37,1332.129492
-256.709678,38,1341.951731
-263.673597,37,1342.131344
-196.937774,31,1342.264864
-238.900918,37,1342.409315
-275.140079,37,1342.557576
-240.257977,37,1342.704702
-246.77389,37,1342.851186
-274.258076,37,1343.000684
-239.395798,37,1343.147994
-255.499531,37,1343.290977
-239.981108,37,1343.439191
-305.790691,45,1343.61907
-253.780643,37,1343.766957
-248.60602,37,1343.914021
-260.509454,37,1344.061416
-241.156501,37,1344.206401
-241.105355,37,1344.348846
-243.376453,37,1344.493439
-255.636841,37,1344.639547
-141.346563,23,1344.730425
-237.768474,37,1344.880979
-174.580081,28,1344.989177
-169.80578,27,1345.095759
-235.483076,37,1345.243303
-288.813629,37,1345.400705
-293.716424,37,1345.547281
-244.286434,37,1345.693517
-35.485632,36,1345.839949
-238.357521,37,1345.991841
-232.660891,37,1346.148058
-234.686033,37,1346.300379
-257.812399,37,1346.447836
-248.510657,37,1346.597749
-271.214919,37,1346.750144
-268.941281,37,1346.898055
-243.173317,37,1347.041023
-249.338089,37,1347.186246
-254.374642,37,1347.328976
-252.11615,37,1347.479083
-280.031208,37,1347.627289
-245.709464,37,1347.774938
-267.531075,37,1347.927573
-248.473322,37,1348.075511
-276.11996,37,1348.219391
-238.518952,37,1348.373748
-254.770387,37,1348.520782
-149.637429,24,1348.615432
-213.013446,32,1348.740346
-271.25828,37,1348.890964
-251.969207,39,1349.042535
-258.330751,37,1349.186157
-262.31461,37,1349.345478
-143.861486,24,1349.441906
-228.022631,35,1349.587002
-254.475862,37,1349.736317
-248.996406,37,1349.887026
-148.862008,37,1350.03226
-267.576885,37,1356.49446
-246.452305,37,1356.69821
-248.889245,38,1356.852506
-269.818205,37,1357.007033
-292.134491,37,1357.159095
-271.224311,37,1357.300852
-246.556401,37,1357.446873
-242.057765,37,1357.588137
-258.114814,37,1357.738979
-274.378788,37,1357.883857
-258.285194,37,1358.029112
-274.921625,37,1358.177517
-186.975766,28,1358.289446
-236.069049,37,1358.433812
-242.175221,37,1358.586074
-237.635486,36,1358.847329
-237.092911,37,1358.995287
-238.793994,37,1359.153732
-248.089053,37,1359.297631
-264.987528,37,1359.443024
-259.165553,37,1359.588452
-253.103435,37,1359.735005
-648.643217,101,1360.1392
-255.582992,37,1360.284995
-142.094434,24,1360.379645
-251.214311,37,1360.528488
-217.627218,33,1360.658341
-236.413692,37,1360.806822
-135.920569,56,1361.029927
-266.555572,37,1361.182942
-248.306644,37,1361.33833
-152.047734,28,1361.448864
-282.191923,37,1361.603377
-128.396236,37,1361.755263
-248.958845,37,1361.902748
-247.337532,37,1362.048981
-166.383797,27,1362.157397
-241.247436,37,1362.310267
-10.094079,32,1362.439474
-255.589304,37,1362.584931
-240.852574,37,1362.738705
-251.865215,37,1362.883742
-256.286317,37,1363.026276
-94.207223,32,1363.153298
-258.782738,37,1363.295921
-184.016577,31,1363.419617
-238.373433,37,1363.568333
-242.890111,37,1363.713678
-235.123658,37,1363.859214
-243.920433,37,1364.003712
-270.197981,37,1364.190268
-123.662368,33,1364.383752
-161.298386,28,1364.578694
-116.770382,20,1364.756575
-245.734837,37,1365.032057
-240.071664,37,1365.304183
-149.477843,38,1373.869288
-249.294815,37,1374.025523
-82.785634,43,1374.201207
-201.442396,32,1374.326229
-202.111911,33,1374.454742
-37.934574,23,1374.551848
-268.330479,37,1374.694472
-248.063905,37,1374.842951
-255.917168,37,1374.988608
-268.137037,37,1375.13989
-268.618375,37,1375.294817
103.389874,32,1375.420813
-242.767896,37,1375.569549
-249.821505,37,1375.721773
-239.205285,37,1375.87024
-237.035313,37,1376.023591
-271.991939,37,1376.168324
-260.897919,37,1376.315316
-262.054448,37,1376.462337
-253.669218,37,1376.613364
-269.463957,37,1376.755212
-243.99612,37,1376.9573
-282.462364,37,1377.129805
-246.673114,37,1377.278153
-244.838284,37,1377.428719
-249.282501,37,1377.580436
-269.360429,37,1377.728631
-242.771451,37,1377.876725
-185.85065,31,1378.002231
-130.348912,22,1378.087642
-262.939387,37,1378.239209
-296.146557,44,1378.413916
-238.339947,37,1378.566891
-244.618992,37,1378.70944
-242.978594,37,1378.853671
-371.590462,56,1379.077752
-260.295695,37,1379.224641
-246.20626,37,1379.378708
-249.778087,37,1379.52834
-246.364241,37,1379.673757
-246.353714,37,1379.815295
-245.361017,37,1379.967771
-256.60649,37,1380.115784
-246.031121,37,1380.365724
-243.489721,37,1380.517546
-251.191867,37,1380.667058
-211.515771,33,1380.794004
-122.236266,37,1380.942992
-244.940453,37,1381.096714
-240.192143,37,1381.241557
-154.89431,25,1381.342106
-258.759711,37,1381.490991
-265.943098,37,1381.640036
-260.693464,37,1381.785216
-242.384467,37,1381.937637
-98.375378,33,1382.068884
-273.044381,37,1390.299614
-248.616684,37,1390.479255
-153.445178,25,1390.579393
-256.965976,37,1390.727354
-247.75648,37,1390.881454
-246.588744,37,1391.033351
-348.205193,54,1391.263843
-253.509601,37,1391.410546
-127.456741,22,1391.492385
-265.476213,37,1391.641689
66.729514,34,1391.779161
-240.377639,37,1391.925333
-260.348479,37,1392.072743
-236.01617,37,1392.215917
-241.737917,37,1392.36292
-266.41786,40,1392.519226
-266.892995,37,1392.663165
-242.108649,37,1392.81976
-257.678565,37,1392.968739
-265.676908,37,1393.11538
-164.933862,27,1393.227721
-253.930604,37,1393.371951
-240.732086,37,1393.522455
-245.41265,37,1393.675752
-144.682143,24,1393.771358
-247.640042,37,1393.922447
-262.678216,37,1394.067997
-257.747335,37,1394.216827
-237.281548,37,1394.365701
-242.879231,37,1394.516625
-285.817125,37,1394.660551
-239.720079,37,1394.80962
-237.400426,37,1394.954885
-250.398087,37,1395.097494
-265.848078,37,1395.252209
-258.676596,37,1395.399695
-317.744123,52,1395.605968
18.140225,30,1395.724826
-237.165514,37,1395.871176
-137.575567,23,1395.973495
-243.452433,37,1396.129658
-245.084461,37,1396.275245
-236.646558,37,1396.416949
-244.86727,37,1396.562675
-240.842494,37,1396.711078
-252.190632,37,1396.860257
-248.434302,37,1397.010715
-233.939102,37,1397.161382
-235.175671,37,1397.308385
-189.241114,32,1397.440017
-243.267902,37,1397.585782
-248.624528,37,1397.733024
-241.729532,37,1397.876478
-251.057109,37,1398.023632
-150.704868,26,1398.132454
-43.648886,25,1398.240023
-249.396749,37,1398.391634
-181.551324,28,1950.629633
-268.38593,40,1950.990964
-250.135497,37,1951.232936
-242.176528,37,1951.612992
-248.78368,37,1951.960191
-246.867408,37,1952.919133
-243.52913,37,1953.476581
-241.109126,37,1953.80872
-244.310427,37,1954.041728
-252.645728,37,1954.266343
-242.436946,37,1954.55527
-260.223075,37,1954.926076
-244.9554,37,1955.592212
-240.217759,37,1955.89709
-244.233197,37,1956.204485
-158.395757,41,1956.65487
-40.593711,23,1956.836988
-246.599888,37,1957.100725
94.147117,89,1958.226873
-172.783243,28,1958.384603
-261.018515,37,1958.556298
-151.008623,37,1958.727129
-135.97449,23,1958.828693
-245.061393,38,1959.001297
-252.088801,37,1959.153971
-239.357301,37,1959.307469
-237.518159,37,1959.476189
-47.254019,26,1959.611283
-253.607206,37,1959.785634
-232.653029,37,1959.950227
-135.059436,23,1960.053389
-251.903535,37,1960.208086
-245.244107,37,1960.37471
-260.882403,37,1960.538363
-237.795143,37,1960.732437
-246.387338,37,1960.894072
-265.807287,37,1961.051135
-193.084834,28,1961.176147
-241.042873,37,1961.350793
-243.93557,37,1961.550536
-260.721992,37,1961.756092
-237.853995,37,1961.990273
-255.167684,37,1962.2124
-249.192976,37,1962.437244
-241.163356,37,1962.629359
-385.076068,61,1962.980657
-252.950191,37,1963.237551
-185.114182,30,1963.442265
-293.355106,47,1964.059028
-252.734724,37,1964.535742
-245.137087,37,1965.089005
-247.670646,37,1965.584015
-278.696463,37,1966.035251
-264.929573,37,1966.561679
-256.163686,37,1967.110325
-244.216587,37,1986.852117
-271.190871,37,1987.067923
-260.207566,37,1987.251214
-240.64251,37,1987.453154
-142.579157,37,1987.650762
-225.324912,36,1987.841327
-240.336867,37,1988.033514
-247.560063,37,1988.211784
-249.190188,37,1988.378239
-135.429141,23,1988.490702
-246.963074,37,1988.662565
-71.302781,26,1988.788681
-182.884485,29,1988.916267
-241.459971,37,1989.086564
-256.664055,37,1989.250856
-258.086563,37,1989.425893
-244.823042,37,1989.598488
-257.650321,37,1989.768341
-235.714428,37,1989.939296
-47.635628,26,1990.056354
-248.15816,37,1990.224322
-248.767044,37,1990.391181
-254.780372,37,1990.561623
-253.852228,37,1990.729838
-265.432737,37,1990.89265
-256.709143,37,1991.055043
-263.534001,37,1991.226031
-121.314685,35,1991.376427
-263.153951,37,1991.557108
-130.740691,37,1991.741409
-239.53068,37,1991.908049
-254.042949,37,1992.082961
-248.897025,37,1992.273766
-251.475182,37,1992.446914
-9.348859,19,1992.55021
-252.045815,37,1992.746965
-237.733415,37,1992.932486
-268.558541,37,1993.118835
-257.735491,37,1993.315665
-246.914827,37,1993.508952
-236.663945,37,1993.74939
-242.073014,37,1993.978398
-260.623699,37,1994.244727
-302.976899,55,1994.677728
-262.48377,37,1994.971133
-246.379904,37,1995.199603
-270.515261,37,1995.366545
-181.068318,29,1995.490379
-256.14689,37,1995.800776
-408.587257,56,1996.072432
-245.105325,37,1996.23764
-237.409554,38,1996.451179
-205.434278,33,1996.634137
-249.150517,37,1996.812337
-42.975907,26,1996.934126
-253.794969,37,1997.106219
-241.473026,37,1997.290832
-267.841892,37,2014.826695
-262.571565,37,2015.01074
-248.815631,37,2015.173025
-250.211312,37,2015.32648
-256.572244,37,2015.510794
-227.206585,35,2015.690369
-240.02786,37,2015.852764
-274.430237,37,2016.028503
-134.377192,37,2016.204715
-244.557284,37,2016.377426
-602.95445,84,2016.754929
-242.130349,37,2016.912427
-278.869448,37,2017.062479
-235.3922,37,2017.239372
-240.634695,37,2017.402125
-251.44138,37,2017.562229
-240.431939,37,2017.717144
-248.389589,37,2017.86964
-271.653206,37,2018.026576
-236.512795,37,2018.18257
-255.004428,37,2018.353771
-23.101761,21,2018.446813
-241.616505,37,2018.600641
-313.044633,47,2018.811009
-241.443288,37,2018.986603
-246.839379,37,2019.137603
-260.868356,37,2019.300074
-27.960657,22,2019.391016
-244.57686,37,2019.551455
-131.948529,21,2019.640249
-257.032834,40,2019.797297
-142.697002,25,2019.905047
-336.245169,58,2020.157283
-250.606077,37,2020.344178
-312.274127,47,2020.550605
-163.945911,27,2020.670339
-235.281595,37,2020.832806
-250.235516,37,2020.996987
-214.4701,34,2021.143122
-242.668468,37,2021.307866
-120.041676,31,2021.436475
-264.169255,37,2021.589154
-290.071695,43,2021.770523
-224.969411,36,2021.931151
-239.777539,37,2022.092286
-257.647365,37,2022.263481
-236.573649,37,2022.418203
-262.767389,37,2022.581752
-257.294639,37,2022.74465
-255.918335,37,2022.908207
-243.371685,37,2023.063044
-243.141615,37,2023.220918
-123.624705,21,2023.313588
-248.722083,37,2023.500672
-243.613299,37,2023.711657
-246.338748,37,2035.165233
-251.856488,37,2035.458279
-256.259184,37,2035.734755
-260.230192,37,2035.974766
-163.574224,37,2036.576471
-260.053152,37,2036.833798
-244.124748,37,2037.003103
-15.302307,34,2037.153009
-236.452884,37,2037.333452
-250.688736,37,2037.503314
-256.948895,37,2037.656829
-250.290394,37,2037.81106
-257.373653,37,2037.96475
-262.263085,37,2038.122042
-239.822825,37,2038.338759
-252.540183,37,2038.620383
-259.850868,37,2038.846598
-244.686566,37,2039.015314
-255.668926,37,2039.182049
-263.940661,37,2039.347881
-252.968039,37,2039.647079
-247.280686,37,2039.80934
-168.641925,27,2039.938438
-275.698171,37,2040.101157
-254.747643,37,2040.267873
-241.646383,37,2040.430556
-233.89197,37,2040.589476
-256.772314,37,2040.748803
-198.925632,32,2040.891285
-181.236501,31,2041.020237
-253.724902,40,2041.190887
-266.41631,37,2041.349967
-232.244307,37,2041.52609
-257.652471,37,2041.702117
-250.11024,37,2041.860858
-266.908276,37,2042.02618
-266.812182,37,2042.182145
-282.830838,37,2042.352675
-249.746663,37,2042.510559
-261.47849,37,2042.663101
-219.628037,33,2042.801097
-254.95425,37,2042.955884
-259.080939,39,2043.116107
-267.68,37,2043.291703
-248.473036,37,2043.454668
-273.205636,37,2043.649581
-214.178454,33,2043.811039
-247.665312,37,2044.087483
-253.7254,37,2044.275963
-259.038453,37,2044.439981
-147.4062,24,2044.544758
-248.634586,37,2044.709721
-245.289719,37,2044.889047
-264.925814,37,2045.04167
-253.620671,37,2045.316811
-243.441766,37,2045.6075
-269.76356,37,2046.501839
-261.469986,37,2067.120943
-245.881607,37,2067.598035
-232.511228,37,2068.022949
-263.527546,37,2068.272739
-248.291783,37,2068.453695
-283.250291,37,2068.627231
-173.198566,29,2068.761436
-287.999272,37,2068.921182
-241.815429,37,2069.078144
-274.552899,42,2069.251027
-251.780052,37,2069.40229
-253.911589,37,2069.553642
-249.00476,37,2069.706293
-254.504638,37,2069.862847
-275.444137,37,2070.006568
-243.318933,37,2070.160565
-262.348087,37,2070.328871
-249.696083,37,2070.488371
-234.214813,37,2070.654362
-257.969484,37,2070.815492
-300.886099,45,2071.04228
-260.863656,37,2071.204654
-243.26041,37,2071.362534
-271.32714,37,2071.536765
-240.019766,37,2071.697948
-262.03947,37,2071.856513
-257.308792,37,2072.01699
-29.55128,23,2072.11417
-122.580197,21,2072.200352
-243.399357,37,2072.365948
-237.093709,37,2072.519149
-250.181291,37,2072.687745
-30.764786,37,2072.838699
-255.844414,37,2072.99281
-71.17246,30,2073.119047
-236.581617,37,2073.276053
-269.176634,37,2073.437726
-248.448875,37,2073.594162
-255.998681,37,2073.751283
-238.661517,37,2073.897515
-271.245991,37,2074.047052
-256.477991,37,2074.199717
-271.50007,37,2074.355948
-259.212291,37,2074.509891
-265.929861,37,2074.660836
-254.454229,37,2074.811751
-151.423621,35,2074.952321
-234.02724,37,2075.09948
-245.895533,37,2075.257415
-256.260588,37,2075.409607
-257.750397,37,2075.701685
-242.23136,37,2075.848487
-241.631786,37,2075.992233
-263.260186,37,2076.151355
-130.530272,22,2076.256802
-239.616013,37,2076.418944
-269.158321,37,2086.141951
-240.330405,37,2086.358964
-243.908652,37,2086.978584
-247.744165,37,2087.203257
-271.530667,37,2087.401315
-214.518078,36,2087.588937
-242.97022,37,2087.772288
-217.0914,34,2087.911581
-21.587627,21,2088.006913
-248.936169,37,2088.157706
-254.899323,37,2088.31688
-249.759347,37,2088.476802
-251.423602,37,2088.637481
-272.064335,37,2088.797417
-240.910196,37,2088.966448
-248.450432,37,2089.119474
-245.040476,37,2089.273424
-276.934542,37,2089.419735
-244.030992,37,2089.564819
-129.251193,37,2089.711807
-128.299463,22,2089.808638
-237.718257,37,2089.955759
-217.555082,39,2090.107336
-246.835999,37,2090.258787
-238.7673,37,2090.408955
-269.125739,37,2090.558753
-248.210287,37,2090.719962
-386.028002,59,2090.95556
-253.933965,37,2091.105935
-267.226081,37,2091.259104
-506.706291,69,2091.538769
-246.906939,37,2091.768093
-171.160445,28,2091.908328
-261.791769,37,2092.07372
17.051911,32,2092.222449
-173.889997,39,2092.38733
-245.505626,37,2092.53799
-244.167331,37,2092.686964
-239.187752,37,2092.840647
-251.449379,37,2092.987042
-250.857015,37,2093.143303
-239.866287,37,2093.290563
-185.71899,28,2093.401925
-147.365697,41,2093.567042
-296.869147,37,2093.708994
-246.011914,37,2093.857991
-266.329143,37,2094.013006
-262.396381,37,2094.16227
-246.006315,37,2094.313604
-259.782804,40,2094.486727
-142.459222,37,2094.633848
-258.095535,37,2094.78567
-259.174288,37,2095.112485
-267.998897,42,2095.633185
-241.747171,37,2095.807608
-269.252926,37,2103.077401
-264.616093,37,2103.296618
-248.536143,37,2103.464756
-251.70294,37,2103.614254
-260.761329,37,2103.765158
-264.047763,37,2103.915835
-257.36712,37,2104.071462
-138.710893,37,2104.213358
-237.574152,37,2104.370187
-236.252372,37,2104.522533
-247.712183,37,2104.673533
-269.406689,37,2104.825131
-279.41241,37,2104.977096
-271.331746,37,2105.128407
-259.71143,37,2105.28634
-129.22969,22,2105.377069
-246.456336,37,2105.524598
-237.224931,37,2105.675979
-15.632106,20,2105.761557
-197.095711,31,2106.185776
-241.461029,37,2106.413586
-217.39283,34,2106.556558
-255.602365,37,2106.71465
-254.101521,37,2106.867619
-244.305132,37,2107.150602
-153.719833,40,2107.368084
-136.269316,24,2107.470816
-249.371924,37,2107.630993
-260.469988,37,2107.789609
-243.62668,37,2107.946708
-247.212576,37,2108.106049
-274.093145,37,2108.261378
-259.935851,37,2108.425371
-256.462769,37,2108.574097
-253.075293,37,2108.719328
-149.855956,25,2108.825342
-314.443864,49,2109.030106
-171.992419,29,2109.149686
-259.881393,37,2109.300585
-255.498153,37,2109.453218
-256.244646,37,2109.604618
-225.978702,34,2109.745063
-249.470218,37,2109.901136
-237.846544,37,2110.058232
-245.29358,37,2110.303239
-266.747926,37,2110.459472
-282.90156,37,2110.61904
-268.688849,37,2110.772231
-244.559233,37,2110.928947
-247.134187,37,2111.084021
-247.995641,37,2111.232261
-248.507991,37,2111.390137
-242.660274,37,2111.538603
-244.592204,37,2111.689813
-262.969408,37,2111.849251
-172.937714,28,2111.971708
-246.813178,37,2112.138507
-265.551474,37,2112.299569
-244.320538,37,2128.24829
-240.672346,37,2128.732949
-298.733168,46,2128.968527
-265.355434,37,2129.12505
-265.416832,37,2129.28759
-267.552805,37,2129.455434
-258.935142,37,2129.612994
-245.516513,37,2129.797599
-153.490417,26,2129.910781
-302.60781,47,2130.107634
-249.636839,37,2130.266162
115.33394,49,2130.498135
-245.332687,37,2130.652128
-263.873044,37,2130.809939
-252.605833,37,2130.96459
-253.639224,37,2131.133895
-243.804929,37,2131.2985
-266.463886,37,2131.463863
-252.806933,37,2131.61709
-251.509925,37,2131.777275
-248.605932,37,2131.933624
-243.412727,37,2132.080445
-266.393327,37,2132.237523
-280.076402,37,2132.40253
-233.270656,37,2132.553277
-267.600063,37,2132.705963
-242.456092,37,2132.866234
-249.552992,37,2133.051102
-256.27065,37,2133.197508
-240.322048,37,2133.349007
-229.743088,37,2133.501714
-254.958867,37,2133.668986
-256.157138,37,2133.822473
-241.054138,37,2133.979735
-96.822925,31,2134.116492
-243.12747,37,2134.277191
-266.099364,37,2134.427709
-241.097763,37,2134.571365
-250.579109,37,2134.718936
-275.580721,37,2134.866034
-268.941469,37,2135.014706
-212.212992,33,2135.156466
-242.047009,37,2135.304258
-233.565029,37,2135.453565
-546.679707,101,2135.858418
-254.302883,37,2136.012191
-244.301946,37,2136.158605
-143.409411,22,2136.246465
-235.294751,36,2136.389935
-262.104129,37,2136.54181
-252.401444,37,2136.837609
-281.338364,37,2136.997113
-243.229735,37,2137.144267
-281.021503,37,2145.157263
-244.790041,37,2145.421002
-269.134338,37,2145.613671
-231.186063,36,2145.76869
-235.296092,37,2145.9184
-254.194015,37,2146.075059
-236.465599,36,2146.224343
-265.521403,37,2146.375149
56.000338,37,2146.868226
-245.754103,37,2147.034768
-258.900198,37,2147.206304
-196.213851,31,2147.390573
-266.786722,37,2147.549
-258.296518,37,2147.718518
-239.332201,37,2147.867523
-268.556472,37,2148.019545
-242.45598,37,2148.181631
-159.694943,27,2148.299033
-241.035627,37,2148.454774
-243.265405,37,2148.630694
-156.64446,25,2148.737557
-280.461161,37,2148.905914
-261.004411,37,2149.069674
100.927087,77,2149.398697
-257.861749,37,2149.556648
-236.061878,37,2149.712844
-161.452149,26,2149.825921
-91.75611,31,2149.960249
-235.256533,37,2150.117456
-261.99863,37,2150.274199
-260.454861,37,2150.428325
-261.913843,37,2150.5881
-251.916567,37,2150.744163
-233.736224,37,2150.896772
-180.446498,29,2151.015012
-190.903068,28,2151.128765
-245.087607,37,2151.282638
-266.805456,37,2151.439278
-262.792372,37,2151.590576
-258.577109,37,2151.746707
-242.001386,37,2151.905858
-259.73959,37,2152.062924
5.027609,31,2152.194783
-248.121757,37,2152.360269
-175.96157,28,2152.477745
-172.730774,30,2152.603211
-233.749553,37,2152.765014
-145.908178,38,2152.920946
-246.443736,37,2153.071054
-239.37901,37,2153.219638
-260.320767,37,2153.366245
-314.497814,59,2153.593617
-251.972097,37,2153.746458
-251.293712,37,2153.890387
-254.901044,40,2154.053532
-254.050627,37,2154.203805
-586.056874,101,2161.752111
-248.258626,37,2161.916126
-241.17946,37,2162.073342
-243.318287,37,2162.231101
-263.577085,37,2162.387514
-250.510809,37,2162.543829
-282.134272,43,2162.721971
-233.456129,36,2162.870491
-258.531663,37,2163.017116
-269.072343,37,2163.172236
-240.214382,37,2163.325888
-250.898709,37,2163.47506
-244.23477,37,2163.6251
-246.235985,37,2163.77487
-256.694022,37,2163.981468
-246.360531,37,2164.147796
-259.223715,37,2164.297382
-248.026652,37,2164.447789
-149.989138,40,2164.604676
-259.703081,37,2164.751526
-237.039666,37,2164.897354
-254.079219,37,2165.128984
-273.280755,37,2165.279377
-392.199365,59,2165.518127
-234.928639,37,2166.142317
-164.727836,27,2166.262889
-263.315828,37,2166.423477
-139.560288,40,2166.590066
-238.767556,37,2166.748536
-267.883475,37,2166.907602
-247.33424,37,2167.063852
-60.135214,27,2167.17996
-246.664326,37,2167.346293
-245.525309,37,2167.508221
-264.531751,39,2167.671993
-268.652316,37,2167.831566
-109.384742,32,2167.964118
-239.925109,37,2168.117064
-240.380742,37,2168.271947
-240.541081,37,2168.43597
-250.111493,37,2168.588973
-235.971924,37,2168.728487
-253.89228,37,2168.878606
-263.118392,37,2169.039192
-245.407286,37,2169.199682
-269.30194,37,2169.356559
-220.810488,35,2169.503874
-258.227268,37,2169.670137
-261.1845,37,2169.825638
-245.788385,37,2169.973568
-251.083884,37,2170.125654
-157.622453,27,2170.236839
-257.622538,37,2170.395375
-261.459156,37,2170.550409
-147.534036,24,2181.550193
-239.162799,37,2181.815986
-201.023284,34,2181.986794
-228.659691,36,2182.132315
113.703964,37,2182.290609
-263.580656,37,2182.465632
-243.418477,37,2182.620669
-255.716702,37,2182.774861
-118.433301,20,2182.859397
-246.32605,38,2183.018293
-240.155507,37,2183.171788
-255.402033,37,2183.319907
-271.217896,37,2183.476348
-239.177419,37,2183.630001
-257.034741,37,2183.784166
-233.452816,36,2183.929346
-267.060361,37,2184.078258
-280.184694,37,2184.226906
-264.175071,37,2184.378252
-259.561397,37,2184.529314
-240.266894,37,2184.681945
-253.009987,37,2185.163777
-242.26922,37,2185.884247
-244.622259,37,2186.179574
-262.012554,37,2186.355402
164.782632,26,2186.463904
-25.018842,21,2186.557475
-268.927601,37,2186.715461
-250.283193,36,2186.861955
-275.908862,37,2187.013236
-262.566869,37,2187.172742
-238.583028,37,2187.336481
-273.671743,37,2187.498023
-243.226221,37,2187.66748
-257.425169,37,2187.826369
-158.861907,27,2187.933859
-254.513443,37,2188.088997
-240.796826,37,2188.241054
-239.872697,37,2188.399909
-263.463053,37,2188.553449
-247.635831,37,2188.707319
-274.000694,37,2188.85419
234.521064,69,2189.143372
-257.399715,37,2189.306113
-244.987874,37,2189.461011
-260.753591,37,2189.614073
-250.942864,37,2189.767558
-230.388131,36,2189.913578
-283.092782,37,2190.063745
-240.829517,37,2190.214783
-271.057179,37,2190.378256
-265.02979,37,2190.537771
-41.945955,24,2190.63601
-11.884347,34,2190.783646
-240.937415,37,2190.938565
-255.009264,37,2191.08397
-265.190603,41,2191.378555
-35.420771,23,2198.279046
-238.748497,37,2198.554507
-261.175976,40,2198.834425
-253.881284,37,2199.126765
-246.492002,37,2199.461502
-242.507644,37,2199.785282
-277.021532,37,2200.025762
-247.306666,37,2200.219769
-239.802293,37,2200.399341
-285.252907,37,2200.560546
-250.163006,37,2200.715496
-249.728612,37,2200.875277
-240.608339,37,2201.033128
-231.952493,37,2201.191396
-238.768073,37,2201.345801
-220.96882,34,2201.494924
-263.039472,40,2201.649899
6.724111,31,2201.779667
-255.911433,37,2201.931727
-239.084574,37,2202.084402
-53.481186,26,2202.192321
-266.042972,37,2202.350258
-277.471279,37,2202.496927
-257.088889,37,2202.649943
-245.028175,37,2202.806504
-247.21551,37,2202.954059
-250.011372,37,2203.099256
-238.00413,37,2203.245769
-244.640086,37,2203.721551
-268.363487,37,2203.955113
-264.055126,37,2204.12589
-275.98732,37,2204.278912
-234.575555,37,2204.434646
-242.679299,37,2204.581683
-253.132877,37,2204.735414
-261.915979,37,2204.888913
-254.34519,37,2205.047763
-280.964836,41,2205.245961
-234.972841,36,2205.397735
-258.004394,37,2205.55258
-244.685929,37,2205.715975
-266.964473,37,2205.869917
-390.167359,58,2206.132594
-258.699756,37,2206.285625
-242.107683,37,2206.44143
-212.248704,34,2206.591948
-245.707029,37,2206.809211
-247.701631,37,2206.980401
-250.589478,37,2207.140076
-252.241073,37,2207.294729
-211.995696,33,2207.437744
-224.279661,35,2207.587087
-277.375036,43,2207.765331
-246.605073,37,2207.921268
-144.901723,37,2208.081567
-254.879256,37,2214.544745
-245.840031,37,2214.767969
-263.410714,37,2214.940463
-253.129835,37,2215.091163
-259.457091,37,2215.237383
-242.9352,37,2215.574903
-290.437398,37,2215.876753
-256.412598,37,2216.045978
-223.290257,35,2216.193998
-248.324276,37,2216.345034
-256.080978,37,2216.513359
-61.046503,41,2216.690546
-267.202535,37,2216.85651
-130.01782,22,2216.945223
-272.406981,37,2217.10138
-248.054309,37,2217.263158
-241.604586,37,2217.430676
-245.088059,37,2217.580958
-266.306802,37,2217.733966
-253.409059,37,2217.894198
-250.94714,37,2218.048386
-246.128978,37,2218.202193
-248.489558,37,2218.385606
-233.711297,37,2218.604372
-264.359837,37,2218.773419
-241.650246,37,2218.926303
-241.797662,37,2219.078369
-271.669454,37,2219.233117
-251.827568,37,2219.376466
-256.49242,37,2219.650686
-207.126168,32,2219.875711
-254.713679,37,2220.04166
-252.039012,37,2220.200135
-241.973579,37,2220.353814
-246.951862,37,2220.508619
-240.727209,37,2220.663919
-239.074745,37,2220.817037
-243.252676,37,2220.96943
-247.195596,37,2221.128323
-281.480771,37,2221.282595
-134.798431,37,2221.437351
-244.363442,37,2221.593206
-244.558269,37,2221.746674
-243.840445,37,2222.036401
-240.104379,37,2222.436691
-421.985408,61,2222.698204
-244.079676,37,2222.851034
-286.564966,42,2223.025312
-267.47948,37,2223.177368
-93.873271,42,2223.341505
-251.66408,37,2223.485279
-240.380303,37,2223.638694
-298.352569,45,2223.821706
-258.185217,37,2223.971175
-249.618303,37,2224.121537
-250.374394,37,2233.239288
-253.687638,37,2233.450206
-253.593252,37,2233.600382
-229.355913,36,2233.751443
-244.467998,37,2233.904894
-81.398867,80,2234.246701
-251.387631,37,2234.39945
-216.993528,36,2234.548232
-251.039002,37,2234.703427
-240.061041,37,2234.85739
-262.672024,37,2235.006713
-306.317476,96,2235.411557
-258.05793,37,2235.571969
-125.070286,38,2235.727618
-261.698173,37,2235.876957
-239.029736,36,2236.031307
119.667773,30,2236.156177
-57.850675,26,2236.271994
-261.078501,37,2236.46208
-127.941377,21,2236.550467
-256.120709,37,2236.706788
-268.323775,37,2236.860181
-259.224613,37,2237.015701
-28.879991,21,2237.099044
-243.554884,37,2237.248319
-242.151116,37,2237.423708
-235.918873,37,2237.571938
-257.927256,37,2237.72218
-251.273256,37,2237.874597
-238.817055,37,2238.027669
-243.807666,37,2238.168392
-245.431208,39,2238.327798
-153.961952,26,2238.438672
-246.165387,37,2238.587172
-275.129088,37,2238.735051
-247.016707,37,2238.884828
-253.618759,37,2239.041572
-191.664749,31,2239.172546
-244.031062,37,2239.321836
-279.223622,42,2239.525078
-193.011282,31,2239.657371
-239.132511,37,2239.809221
-253.054022,37,2239.96321
-256.11204,37,2240.128557
-254.917579,37,2240.284854
-150.194172,25,2240.393075
-47.974121,26,2240.497632
-264.622392,37,2240.652127
-264.457174,37,2240.800368
-257.546274,37,2240.960117
-250.866473,37,2241.113882
-138.392524,24,2241.210515
-250.160415,37,2241.363978
-157.414945,25,2241.46373
-233.763803,37,2241.616111
-234.026717,37,2242.065687
-235.994939,37,2250.276073
-257.989129,37,2250.461652
-267.422927,37,2250.758804
-233.852879,37,2250.913645
-237.997143,36,2251.069286
-213.791016,32,2251.200533
-250.459271,37,2251.359882
-99.773012,32,2251.492661
-232.150071,37,2251.652338
-263.627264,37,2251.815868
-95.463791,46,2252.01107
-258.322975,37,2252.160483
-250.967118,37,2252.317784
-239.916382,37,2252.47947
-139.213991,37,2252.632122
-268.538402,37,2252.787476
-258.573422,37,2252.934775
-154.688608,27,2253.052031
-234.144401,37,2253.206218
-260.739975,37,2253.350634
-65.262799,29,2253.474019
-239.567779,37,2253.629831
-255.366413,37,2253.791382
-251.480293,37,2253.948729
-133.979534,37,2254.105181
-240.382981,37,2254.263874
-563.558416,91,2254.632925
-234.231035,37,2254.787997
-95.048224,31,2254.917523
-235.061951,37,2255.071949
-266.709107,37,2255.223487
-250.497332,37,2255.373091
30.910128,28,2255.489716
208.157899,30,2255.607858
-246.929116,37,2255.759209
-241.970528,37,2255.913829
-294.989812,45,2256.115595
-311.845487,47,2256.328479
-253.072099,37,2256.529307
-247.464656,37,2256.807212
-246.952548,37,2257.153345
-254.858469,37,2257.431398
-246.885855,37,2257.746936
-240.953091,37,2258.016876
-245.07848,37,2258.344772
-192.831898,31,2258.515674
-146.582473,25,2258.654961
-240.996397,37,2258.886566
-249.556099,37,2259.084466
-247.729496,37,2259.24712
-276.880512,37,2259.403938
-235.834437,37,2259.561673
-236.276362,37,2259.708662
-257.968003,37,2259.869034
-242.400781,37,2260.011816
-269.786716,37,2267.041367
-267.949665,37,2267.230575
-239.775875,37,2267.401939
-163.220182,30,2267.526803
-127.594553,35,2267.671183
-239.223978,38,2267.828923
-250.096607,37,2267.989233
-251.552667,37,2268.163843
-250.508824,37,2268.330288
-263.877564,37,2268.483097
-269.101069,37,2268.641704
-234.293697,37,2268.803507
-255.744014,37,2268.953742
-153.309247,25,2269.055794
-250.855747,37,2269.217187
135.594183,28,2269.33819
-251.536463,37,2269.495604
-28.116573,23,2269.588779
-249.17798,37,2269.749642
-260.186108,37,2269.912091
-243.732623,37,2270.072374
-263.655905,37,2270.228166
-254.204357,37,2270.850672
-251.131904,37,2271.032097
-240.660146,37,2271.193758
-208.062915,33,2271.333596
-241.006882,37,2271.489332
-280.580255,37,2271.647721
-272.024957,37,2271.809742
-250.787318,37,2271.959962
-121.267489,21,2272.04392
-241.001341,37,2272.200813
79.198869,42,2272.390218
-228.167828,37,2272.717672
-252.027611,37,2272.874525
-374.00847,64,2273.164326
-259.846632,37,2273.321171
-241.683715,37,2273.489397
-254.015687,37,2273.650287
-34.806156,23,2273.757443
-236.047705,36,2273.919778
-246.834762,37,2274.072431
-167.771389,29,2274.194669
-239.765779,37,2274.343208
-444.628241,101,2274.790683
-161.759463,26,2274.900334
-238.206999,37,2275.052332
-21.113507,21,2275.143472
-242.019741,37,2275.294893
-239.608648,37,2275.444651
-254.655809,38,2275.913278
-259.85762,37,2276.097615
-270.345075,37,2276.265089
-240.807441,37,2276.433259
-253.054457,37,2276.587427
-245.474007,37,2276.7428
-243.954046,37,2285.246183
-264.729666,37,2285.40988
-243.870965,37,2285.559396
-246.862082,37,2285.724858
-261.13453,37,2285.906327
-237.187524,37,2286.067993
-274.740369,37,2286.226757
-240.658908,37,2286.382393
-261.904104,37,2286.543374
-530.425331,71,2286.841418
-236.686369,37,2286.998206
-253.913656,37,2287.153668
-224.359233,35,2287.306656
-170.058774,27,2287.423327
-204.247795,32,2287.550847
-237.698277,37,2287.707024
-258.054882,37,2287.861553
-258.235167,37,2288.02219
-31.068729,37,2288.182498
-234.894246,37,2288.33864
-213.912091,34,2288.489422
-246.932628,37,2288.659558
-231.784037,37,2288.860721
-264.276662,40,2289.357023
-131.611692,22,2289.46282
-258.805892,37,2289.632794
-256.50751,37,2289.803311
-253.095222,37,2289.962573
-243.189508,37,2290.114677
-250.861213,37,2290.265039
-256.784056,37,2290.419197
-267.16876,37,2290.574607
-256.708461,37,2290.730461
-235.576512,37,2290.882481
-100.29073,32,2291.01841
-64.612378,27,2291.130506
-269.953737,37,2291.292878
-266.199299,42,2291.467287
-265.782795,37,2291.624586
-50.154627,25,2291.724242
-253.867232,37,2291.873707
-248.720654,38,2292.036213
-248.477068,37,2292.185225
-237.003212,37,2292.338661
-235.444781,37,2292.524347
-240.635486,37,2292.695337
-247.404064,37,2292.853407
-243.098135,37,2293.025396
-244.129751,37,2293.193334
-260.795352,37,2293.348204
39.252196,27,2293.458476
-41.205555,23,2293.560465
-250.190014,37,2293.711472
-249.490366,37,2293.861898
-260.740242,37,2294.011942
-240.453684,37,2294.163186
-247.350282,37,2301.847396
-261.235553,37,2302.04386
-273.704985,37,2302.212035
-29.927148,36,2302.356747
-76.963194,30,2302.49189
-222.902108,34,2302.64843
-241.654887,37,2302.948638
-53.451601,24,2303.052585
-242.490527,37,2303.220377
-141.209468,37,2303.380192
-236.983403,37,2303.54573
-241.610328,37,2303.716077
-240.982892,37,2303.894423
-259.370216,37,2304.066156
-277.451254,40,2304.234699
-260.843153,37,2304.383494
-246.067958,37,2304.533757
-259.178169,37,2304.688302
-27.652541,22,2304.789273
-252.71192,37,2304.943289
-237.780721,37,2305.115794
-250.700203,37,2305.279194
-27.042932,22,2305.382162
-242.215413,37,2305.53985
-257.692313,37,2306.074283
-236.589163,37,2306.372601
-237.57988,37,2306.565983
-239.251809,37,2306.714298
-262.565244,37,2306.860217
-253.993447,37,2307.019441
-259.431319,37,2307.169681
-247.603528,37,2307.330806
-250.92707,37,2307.50086
-234.008392,37,2307.906468
-271.272523,37,2308.077076
-710.031035,101,2308.672334
-259.4848,37,2308.883434
-245.82699,37,2309.135707
-242.910801,37,2309.435543
-254.459845,37,2309.742694
-274.112867,37,2310.024554
-239.611534,37,2310.308468
-244.627781,37,2310.536128
-265.98935,37,2310.71638
-254.665459,37,2310.877831
-246.794644,37,2311.029944
-247.169754,37,2311.181677
-81.573557,31,2311.318159
-59.199887,27,2311.431419
-260.332728,41,2311.603265
-259.715387,37,2311.769519
-263.494828,37,2311.942993
-257.151982,37,2312.096101
-163.880368,27,2312.206139
-270.672967,41,2312.363582
-144.008013,37,2312.541907
-295.199111,44,2319.64599
-239.3136,37,2319.805847
-254.924536,37,2319.958816
-254.937514,40,2320.120703
-241.040795,37,2320.26372
-259.624798,37,2320.421455
-17.919232,19,2320.501775
-283.476529,46,2320.692304
-237.699052,37,2320.84668
-260.379833,37,2321.000109
-266.226132,37,2321.146791
-246.625001,38,2321.302837
-260.468349,37,2321.46282
-259.425274,37,2321.620307
-273.430613,37,2321.767782
-240.280294,37,2321.926642
-242.96357,37,2322.07772
-147.109234,37,2322.231515
-596.936355,88,2322.593607
-241.549198,37,2322.747315
-308.474414,44,2322.929234
-227.087777,35,2323.070667
-242.21299,37,2323.220058
-265.291693,37,2323.370134
-258.909328,37,2323.521444
-267.921222,37,2323.665674
-259.646065,37,2323.816772
-189.785609,30,2323.949169
-232.322236,37,2324.10111
-218.055888,38,2324.260237
-278.512772,37,2324.420804
-65.862485,26,2324.533288
-169.950759,41,2324.712607
-180.398876,31,2324.980657
-220.153153,33,2325.122205
-249.113332,37,2325.278362
-249.934543,37,2325.441058
-250.288528,37,2325.596694
-237.025821,37,2325.757764
-259.410519,37,2325.911834
-66.789515,42,2326.167365
-257.868326,37,2326.71733
-243.13629,37,2326.904518
-299.717813,47,2327.099608
-245.895136,37,2327.252682
-249.424921,37,2327.411724
-244.368756,37,2327.577095
-249.403597,37,2327.735786
-242.126254,37,2327.892702
-261.327639,37,2328.057553
-233.95674,37,2328.212573
-242.22617,37,2328.366875
-236.283677,37,2328.51654
-253.038319,37,2328.665404
-247.648825,37,2338.037829
-229.203968,36,2338.200799
-244.276257,37,2338.352538
-21.212435,20,2338.456355
-257.152382,37,2338.61867
-237.872361,37,2338.808142
-176.674495,42,2339.038168
-237.732103,37,2339.199124
-242.319755,37,2339.353014
-161.726433,25,2339.449948
-50.557268,25,2339.556179
-234.287664,37,2339.712539
-236.957899,37,2339.865067
-252.662879,37,2340.0213
-255.873438,37,2340.1847
-251.63023,37,2340.334908
46.974711,25,2340.441105
-258.931169,37,2340.5942
-245.236361,37,2340.749276
-263.769794,37,2340.911575
-253.897306,37,2341.058886
-256.283699,37,2341.21925
-240.16122,37,2341.372415
124.7037,32,2341.513062
-257.392749,37,2341.668732
-253.076414,37,2341.825859
-249.244456,37,2341.979715
-83.366228,30,2342.107198
-244.712249,35,2342.261555
-256.596413,37,2342.418666
-217.556841,34,2342.568831
-49.464049,24,2342.669396
-247.909898,37,2342.828778
-76.124735,29,2342.949812
-248.573043,37,2343.101146
-246.12465,37,2343.254975
-42.395725,25,2343.359517
-169.626198,27,2343.473922
-238.111562,37,2343.627814
-212.746555,32,2343.758173
-252.962935,37,2343.904048
-385.404956,62,2344.180557
-33.845801,22,2344.2733
-418.900613,73,2344.567769
-244.252032,37,2344.725869
-239.284281,37,2344.882005
-267.60525,53,2345.103255
-119.044771,36,2345.252143
-232.088732,37,2345.414589
-141.762165,37,2345.567235
-126.076321,21,2345.656222
-246.856669,37,2345.805316
-224.65291,34,2345.944595
-254.273903,37,2346.100269
-216.333998,36,2346.251381
-256.514969,37,2346.408159
-266.702576,37,2346.575924
-235.95827,37,2354.835957
-123.556493,20,2354.950977
-235.309657,37,2355.120832
-41.587641,23,2355.213307
-64.209708,25,2355.314411
-240.059952,37,2355.470854
-145.479717,37,2355.617779
-215.594337,33,2355.756642
-246.995333,37,2355.905946
-252.941476,37,2356.168924
-225.154316,34,2356.368101
-253.148814,37,2356.514286
-250.786606,37,2356.670462
-66.473834,26,2356.780348
-259.544955,37,2356.942493
-172.248016,28,2357.063214
-247.303467,37,2357.217169
-111.96685,69,2357.517501
-254.279052,39,2357.686454
-245.106049,37,2357.861803
-263.677417,37,2358.012723
-183.913775,29,2358.124661
-258.824632,37,2358.278601
-249.947015,37,2358.423338
-244.648229,37,2358.581808
-248.053577,37,2358.731084
-247.774347,37,2358.88268
-256.660302,37,2359.035397
-224.178804,36,2359.190242
-248.138475,38,2359.34885
-264.468073,37,2359.505927
-242.081568,37,2359.665435
-244.539949,37,2359.816247
-217.337919,34,2359.957651
-245.050832,37,2360.1091
-242.948251,37,2360.271493
-235.416955,37,2360.428647
-311.483595,46,2360.625378
-231.728586,37,2360.774183
-233.340625,37,2360.926412
-163.698976,26,2361.035994
-258.251782,37,2361.190838
-200.892063,30,2361.314884
-260.605312,37,2361.475755
-140.410677,23,2361.595811
-255.235196,37,2361.804664
-285.292143,74,2362.390866
-39.251573,23,2362.662794
-136.666747,23,2362.901257
-168.304091,39,2363.273538
-248.253543,37,2363.549719
-117.984578,19,2363.734436
-24.541651,21,2363.900593
-205.625371,37,2364.117124
-241.277502,37,2364.305189
-307.154825,44,2364.481963
-392.832052,58,2364.714544
-256.496779,37,2376.862752
-262.457956,37,2377.073451
-239.550068,43,2377.330194
-249.680696,37,2377.535059
-259.545934,37,2377.743396
-261.015978,37,2377.971249
-236.262275,37,2378.15202
-257.873582,37,2378.373401
-238.272053,37,2378.735443
-203.625175,44,2379.13039
-249.580658,37,2379.49018
-240.659544,37,2379.867907
-246.074277,37,2380.142768
-191.433784,31,2380.998733
-250.84624,37,2381.465385
-257.310666,37,2381.860211
-240.979909,37,2382.215681
-246.504859,37,2382.557309
-476.735531,99,2383.454413
-258.300273,37,2383.857062
-255.68776,37,2384.210217
-244.424954,37,2384.544202
-245.711841,37,2385.364552
-267.984171,37,2385.765629
-232.455193,36,2386.163699
-66.437445,27,2386.426969
-235.669731,37,2386.777778
-243.457346,38,2387.138108
-251.496075,37,2387.483656
-250.783638,37,2387.838895
-256.40832,37,2388.132336
-235.181059,37,2388.476383
-254.075966,37,2388.850598
-242.062456,37,2389.216837
-253.529627,37,2389.574126
-235.577627,37,2389.915733
-236.447047,37,2390.533767
-237.003444,37,2390.886156
-250.210953,37,2391.218527
-253.966193,37,2391.527286
-194.06532,29,2391.796672
-31.785179,21,2391.995585
52.267396,29,2392.268843
-453.576703,79,2393.005773
-260.035033,37,2393.334877
-352.369627,53,2393.804642
-262.966143,37,2394.117712
-256.189786,37,2394.419244
-239.113803,37,2394.738253
-264.642146,37,2395.032147
-157.250947,29,2395.270837
-236.11414,37,2395.564715
-232.661537,36,2395.985829
-417.399737,61,2417.897564
-245.774906,37,2418.146974
-248.873764,37,2418.432091
-260.227731,37,2418.680046
-255.438045,37,2418.941567
-373.760038,101,2419.70657
-247.811246,39,2420.025838
-248.430069,37,2420.311101
-249.049203,37,2420.596204
-254.073462,37,2420.884093
-251.942829,37,2421.196097
-203.99445,31,2421.446218
-260.753376,37,2421.758859
-134.520607,22,2421.961736
-147.91224,24,2422.147981
-249.762227,38,2422.424287
-209.258539,33,2422.605741
-31.744483,22,2422.719193
-252.103123,37,2422.950199
-241.472821,37,2423.214901
-252.150777,37,2423.51863
-266.847319,37,2423.802216
-125.29717,19,2423.926567
-258.406664,37,2424.201591
-246.731027,37,2424.473037
-140.786717,23,2424.634286
-47.947138,45,2424.946557
-163.164319,28,2425.16433
-268.939208,37,2425.421905
-241.183152,37,2425.66499
-261.968262,37,2425.925749
-251.113609,37,2426.754603
-225.781666,62,2427.332584
-253.954018,37,2427.610008
-261.930009,37,2427.904611
-126.174206,19,2428.382473
-251.352712,37,2428.659417
-195.515432,37,2428.922912
-254.010603,37,2429.190706
-157.763073,26,2429.386725
-243.124574,37,2429.64201
-182.832197,28,2429.836973
19.720068,74,2430.426592
-342.392469,55,2430.819221
-255.803789,37,2431.088132
-153.376013,37,2431.34787
-260.768934,37,2431.608933
-260.02537,37,2431.891337
-240.914188,37,2432.168402
-258.832439,40,2432.477674
-194.896915,33,2432.741277
-251.243732,37,2433.021506
-259.928863,37,2433.283911
-182.31493,30,2433.509291
-254.536126,37,2433.788459
-241.50606,37,2448.13857
-167.310009,26,2448.610958
-248.963693,37,2448.970344
-60.600717,28,2449.193786
-232.822111,37,2449.441214
-241.170824,37,2449.702991
-246.477527,37,2449.976776
-259.591092,37,2450.265021
-256.60792,37,2450.543781
-254.079237,37,2450.808944
-43.335963,22,2450.972455
-252.697969,37,2451.254169
-251.871661,37,2451.782178
-245.439163,37,2452.112451
-253.502657,37,2452.414867
-162.661729,26,2452.629021
-244.217739,37,2452.916686
-193.291343,31,2453.166697
-187.72838,29,2453.396667
-657.762469,98,2454.142943
-258.690751,37,2454.406438
-99.911941,31,2454.622567
-143.710394,23,2454.805273
-271.207398,37,2455.081761
-247.108267,37,2455.362694
-255.204832,37,2455.623895
-244.442544,37,2455.902588
-253.491447,37,2456.542986
-254.194894,37,2457.222426
-258.03232,37,2457.613006
-32.60754,23,2457.857134
-244.722562,37,2458.260948
-242.867042,37,2458.670644
-263.482927,37,2459.130048
-243.741339,37,2459.803968
-239.646552,37,2460.363435
-248.834258,37,2460.818624
-67.867602,28,2461.121013
-289.248121,43,2461.517848
-263.541622,37,2461.793052
-250.74867,37,2462.060104
-257.009809,37,2462.351291
-256.899626,37,2462.637769
-191.915253,32,2462.876472
-231.893622,36,2463.134999
-44.937651,23,2463.30185
-264.256313,37,2463.575348
-257.020444,37,2463.845457
-261.607849,37,2464.12463
-249.773226,37,2464.412975
-183.420186,28,2464.614533
-243.486272,37,2464.904489
-170.622993,28,2465.122774
-256.167051,40,2465.418156
-247.924055,37,2465.668469
-238.336924,37,2465.939413
-151.07952,24,2466.118221
-258.222317,37,2481.004984
-252.745528,37,2481.29514
-415.580573,76,2481.860185
-245.745267,37,2482.135634
-236.684494,37,2482.392685
-238.259814,37,2482.668521
-222.548076,35,2482.915214
-248.239662,37,2483.170958
-254.360402,37,2483.439622
-61.928082,40,2483.733156
-252.531732,37,2484.002387
-232.642022,36,2484.255492
-152.965936,39,2484.524829
-254.629789,37,2484.836208
-251.203086,37,2485.129113
-266.22562,37,2485.404939
-153.535616,24,2485.597874
-246.746962,37,2485.885547
-247.677944,39,2486.154736
-256.08854,37,2487.008227
-244.43165,37,2487.438761
-257.246528,37,2487.708098
-249.051885,37,2487.988266
-250.417372,37,2488.249742
-245.147911,37,2488.776851
-253.688033,37,2489.174801
-249.228562,39,2489.471738
-263.96486,37,2489.735844
-250.998126,37,2490.016487
-237.012806,36,2490.256175
-479.665708,76,2490.843179
-245.847795,37,2491.1768
-250.746299,37,2491.492597
-131.103819,22,2491.662123
-191.453632,32,2491.911707
-27.541794,22,2492.089342
-252.008714,37,2492.371837
-156.647792,27,2492.587224
-241.767871,37,2492.882839
-264.529199,37,2493.168246
-244.630687,37,2493.612575
-121.392971,33,2493.865171
-234.728519,37,2494.139973
-246.818588,37,2494.398736
-148.331851,25,2494.565295
-251.229308,37,2494.821498
-100.184834,30,2495.034199
-255.285133,37,2495.289952
52.164352,25,2495.468865
-259.40987,37,2495.727581
-248.787017,37,2495.982906
-224.325214,34,2496.220912
-245.845347,37,2496.486018
-236.508151,37,2496.752683
-264.427949,37,2497.039865
70.305333,21,2497.180075
-166.756795,27,2497.368404
-263.733284,37,2514.154135
-228.860622,35,2514.387007
-242.894289,37,2514.635867
-241.199889,37,2514.950061
80.093354,42,2515.254043
-245.346166,37,2515.530656
-246.641556,37,2515.802431
-211.233748,65,2516.299374
-263.115713,37,2516.867147
-235.74339,37,2517.573441
-244.503928,37,2517.850791
-272.155137,37,2518.179852
-228.819873,34,2518.449563
-53.059051,24,2518.631133
-242.894977,37,2518.916317
-248.812889,37,2519.196213
-261.274549,37,2519.470482
-108.324013,57,2519.897724
-158.517247,47,2520.242477
-246.561001,37,2520.515892
-253.85501,37,2520.791639
-246.528486,37,2521.06274
-238.504935,37,2521.327062
-244.371433,37,2521.607439
-258.497792,35,2521.862502
-126.695814,20,2522.015259
-192.755193,44,2522.332526
-224.290127,37,2522.596403
-246.242871,37,2522.858651
-152.804663,27,2523.040664
-261.24346,37,2523.29228
-214.498063,34,2523.537841
-241.151296,37,2523.798501
-144.245304,37,2524.051992
-151.196436,26,2524.231685
157.831492,59,2524.691039
-248.222104,37,2524.957689
-48.354495,41,2525.255819
-187.856097,31,2525.469937
-265.34517,37,2525.760482
-254.732381,37,2526.039543
-231.507314,37,2526.291665
-242.541839,37,2526.585094
-257.666971,37,2526.863533
-157.984241,25,2527.054812
-61.048616,25,2527.662359
-262.514888,37,2527.984942
-253.262923,37,2528.214839
-263.375785,37,2528.480908
-264.510058,37,2528.767493
-244.966864,37,2529.060284
-241.55076,37,2529.326792
-152.147709,37,2529.610681
-235.122579,37,2529.871153
-266.510179,40,2530.168824
-265.87393,43,2543.683233
-179.969758,30,2543.898702
-260.471213,37,2544.17344
-244.006423,37,2544.437364
-261.267246,37,2544.692873
-117.191394,19,2544.820506
-246.506147,37,2545.090984
-15.091599,20,2545.233006
-173.358479,28,2545.503541
-240.751168,37,2545.777178
-237.483441,37,2546.023783
-217.777912,51,2546.372459
-663.830814,101,2548.606831
-261.871131,37,2549.218519
-220.310626,32,2549.500956
-234.027609,37,2549.830904
-241.32524,37,2550.109339
-203.758569,32,2550.345799
-359.938273,52,2550.71468
-240.632009,37,2550.985505
-268.235045,37,2551.265377
-38.548973,23,2551.431334
-252.860167,37,2551.687937
-238.814599,37,2551.95142
-282.335363,44,2552.257031
-234.188712,37,2552.51743
-238.823463,37,2552.803556
-242.688335,37,2553.065207
-124.042449,19,2553.21568
-244.204418,37,2553.479942
-8.622353,18,2553.612802
-254.549972,37,2553.914798
-258.523859,37,2554.195401
-255.186557,37,2554.452969
-258.197598,37,2554.780627
-253.063265,37,2555.139774
-245.134515,37,2555.515801
-167.77183,27,2555.794738
-170.798696,42,2556.343886
-298.105145,37,2556.731568
-253.36531,37,2557.127233
-245.003921,37,2557.538162
-259.51091,37,2557.982856
-269.742373,41,2558.567792
-384.879262,66,2559.957866
-232.34196,39,2560.278087
-263.066522,37,2560.551243
-241.13188,37,2560.832993
-246.273402,37,2561.092271
-252.653536,37,2561.383663
-254.541874,37,2561.636303
-209.464177,32,2561.871184
-27.125728,22,2562.024374
-255.08747,37,2562.277179
-264.824217,41,2562.589752
-258.40674,40,2575.716937
-262.556706,37,2575.990352
-313.506345,53,2576.327243
-298.589634,45,2576.64311
-273.592443,37,2577.389923
-246.212568,37,2577.899951
-253.267817,37,2578.15625
-241.419253,37,2578.422842
-141.459107,37,2578.704517
-71.085867,29,2579.382036
-163.775228,26,2579.613603
-249.691698,37,2579.908385
-251.317113,37,2580.223871
-137.471481,23,2580.452417
-468.756862,92,2581.11927
-250.538593,37,2581.376427
-135.331764,37,2581.638509
-269.735037,37,2581.915823
-157.788858,41,2582.198333
-251.333577,37,2582.467177
-225.861995,35,2582.715842
-231.035045,37,2582.978638
-261.529907,37,2583.224552
-28.545275,21,2583.370153
-240.821303,37,2583.641936
-245.458135,37,2583.928068
-242.048954,37,2584.165728
-254.370685,37,2584.438732
-258.383586,37,2584.701595
-258.838714,37,2584.976038
-248.525867,37,2585.229287
-65.048889,27,2585.414636
-244.826892,37,2585.689576
-269.406859,37,2585.958913
-177.409756,28,2586.172177
-197.176281,36,2586.435997
-246.709213,37,2586.694885
-248.053668,37,2586.962453
-275.408927,37,2587.187115
-255.835283,37,2587.461797
-46.587903,26,2587.676889
-237.81959,37,2587.955778
-252.685357,37,2588.217263
-244.327008,37,2588.70139
-244.938163,37,2588.959416
-55.108423,39,2589.241755
-241.530689,37,2589.507229
-330.570902,46,2589.844968
-254.690594,37,2590.105654
-245.841885,37,2590.362592
-267.630076,40,2590.647782
-162.346063,25,2590.831345
-261.070488,37,2591.103515
-31.193638,22,2591.258635
-241.337059,37,2591.530916
-242.952259,37,2608.728781
-174.952607,42,2609.105147
-256.041745,37,2609.406158
-247.750143,38,2609.667004
-241.056773,37,2609.940556
-289.378556,45,2610.256242
-9.0505,18,2610.390907
-369.482104,51,2610.747883
-84.267506,30,2610.95221
11.458377,31,2611.16233
-44.955934,25,2611.331998
-251.326614,37,2611.60584
-263.32933,37,2611.899191
-236.933398,37,2612.169364
-263.17796,37,2612.425454
-241.039842,37,2612.692854
-255.846783,37,2613.007189
-255.049829,37,2613.263363
-316.688292,45,2613.607622
-151.206576,24,2613.790261
-135.082529,22,2613.933426
-217.554642,34,2614.15803
-240.130733,37,2614.406465
73.285624,21,2614.553262
-153.676761,37,2614.806428
-266.048276,37,2615.056325
-256.658225,37,2615.313498
-262.941583,40,2615.588115
-214.384943,32,2615.837184
-166.016928,28,2616.074787
-252.721943,37,2616.387587
-269.507152,37,2616.698819
-238.139952,37,2616.953957
-230.853286,37,2617.208984
-259.093741,37,2617.471817
-139.542853,37,2617.765213
-248.638055,37,2618.0201
-247.824503,37,2618.272677
-238.583211,37,2618.516577
-199.243857,73,2619.02396
-254.084149,37,2619.742267
23.676886,29,2619.969711
-155.821758,37,2620.251131
-283.234587,50,2620.595553
-8.177199,32,2620.804181
-225.785295,34,2621.054203
-249.149799,37,2621.320024
-160.746424,25,2621.492701
-181.439145,30,2621.697215
-266.178138,37,2621.952871
-214.064066,34,2622.205268
-239.702139,37,2622.476065
-130.519251,20,2622.618423
-252.647966,37,2622.894189
-221.786994,34,2623.13641
-237.174735,37,2623.406013
-254.642245,37,2623.671691
-238.391139,37,2623.936996
-250.916104,37,2638.186832
-33.235985,21,2638.336951
-256.651052,37,2639.085216
-259.082025,37,2639.3938
-19.530685,19,2639.528675
-232.260451,37,2639.79413
-266.68925,39,2640.097929
-263.088839,41,2640.388552
-279.007048,44,2640.68349
-243.249311,37,2640.940948
-92.263751,29,2641.155539
-251.100258,37,2641.422192
-392.009555,60,2641.859065
-72.270888,27,2642.05558
-259.349179,37,2642.334666
-170.629246,27,2642.519797
-236.516508,37,2642.796673
-240.736562,37,2643.233251
-246.955018,37,2643.519642
-41.37285,37,2643.774847
-201.79394,33,2644.034543
-149.975528,40,2644.327565
-126.118717,63,2644.77827
-245.664105,37,2645.051012
-239.26488,37,2645.290457
-73.889806,32,2645.47465
-159.261624,27,2645.6651
-159.224136,28,2645.875304
-130.418776,22,2646.043862
-217.873088,33,2646.269592
-253.552624,37,2646.560223
-26.703516,22,2646.720008
-263.169354,37,2646.98353
-294.331954,58,2647.447762
-157.2345,41,2647.774332
-155.026669,25,2647.987043
-185.656087,30,2648.218483
-266.11305,37,2648.468342
-83.171459,44,2648.883397
-34.132255,22,2649.101435
-251.186515,38,2649.483148
-24.139457,21,2649.713468
-256.020493,37,2650.128286
-251.823746,37,2650.67537
-255.595633,39,2651.065132
-241.446336,37,2651.476299
-85.474819,31,2651.810014
-407.926545,69,2652.554416
-159.217234,25,2652.887476
-226.41029,35,2653.343219
-15.201562,19,2653.556581
-256.548365,37,2654.003486
-219.811453,35,2654.283632
-238.593176,37,2654.586976
-245.09904,37,2654.856385
-249.930237,37,2655.107849
-226.537206,34,2655.361877
-70.199417,28,2655.564314
-235.869907,34,2671.723449
157.399335,29,2671.924961
-243.528981,37,2672.238051
-37.277357,24,2672.421434
-223.842758,35,2672.694318
-126.199149,35,2672.96623
-143.035427,23,2673.1242
-173.728082,42,2673.443369
-159.078011,41,2673.757411
-390.653543,58,2674.172282
-258.528646,37,2674.439057
-258.025653,37,2674.690009
-171.924688,42,2674.974094
-242.562228,37,2675.215622
-255.342805,37,2675.454659
-336.447261,50,2675.778914
-256.547753,37,2676.012447
-255.047621,37,2676.258326
-145.403755,38,2676.51562
-19.323281,20,2676.644112
-253.837658,37,2676.897003
-259.188664,37,2677.140836
-235.192377,37,2677.679541
112.150915,65,2678.223477
-141.301269,25,2678.380729
-257.613001,37,2678.6439
-251.798839,37,2678.927012
-258.819475,37,2679.190869
-327.950373,44,2679.48098
-260.888509,37,2679.756565
-168.222405,42,2680.069607
-240.958015,37,2680.325062
-181.544768,28,2680.518456
-264.11057,37,2680.812645
-176.21848,28,2681.008189
-260.520124,37,2681.270743
-221.245263,35,2681.501868
-269.485667,37,2681.764234
-168.363895,27,2681.951791
-22.146549,20,2682.089627
-113.539592,33,2682.316785
-124.403529,35,2682.549297
-174.524142,28,2682.737719
-263.247646,37,2683.011091
-241.891128,37,2683.279794
-116.13397,19,2683.416051
-251.260775,37,2683.653088
-234.151692,39,2684.153476
-206.840851,31,2684.372168
-235.881396,37,2684.62954
-221.789092,33,2684.874037
-257.560969,37,2685.168691
-265.891796,37,2685.456582
-136.10139,37,2685.731066
-246.396388,37,2685.980566
-20.319733,20,2686.117456
-131.479992,22,2686.279472
-252.618268,37,2686.552036
-258.05456,37,2704.39424
-252.539198,37,2704.696481
-147.736392,26,2704.890876
-241.008769,37,2705.154663
-15.534726,19,2705.287487
-269.996438,37,2705.550978
-113.675813,34,2705.786139
-33.15865,24,2705.951731
-236.377997,37,2706.212389
-67.326712,28,2706.393719
-271.492688,37,2706.643107
-352.528007,51,2707.00542
-239.6629,37,2707.265119
-258.682651,37,2707.520769
-257.687585,37,2707.750372
-259.443278,37,2708.031058
-119.792234,21,2708.177867
-226.268188,34,2708.403269
-265.317672,37,2708.639742
-136.867176,23,2708.792266
-245.963401,37,2709.07915
-155.178531,25,2709.255084
-219.772818,35,2709.511629
-252.521805,37,2709.765736
-184.090455,32,2710.004944
-253.026868,37,2710.26245
-79.724918,27,2710.46538
-443.098264,74,2711.002559
199.384607,28,2711.215609
-146.543769,37,2711.498581
-217.710963,33,2711.73198
-259.291016,37,2712.008795
-38.96063,23,2712.16775
-259.680463,37,2712.416271
-237.243221,37,2712.677789
-254.613667,37,2712.946577
-159.544457,25,2713.139837
140.661594,45,2713.458236
-243.338231,42,2713.761243
-279.599311,37,2713.999834
-238.907843,38,2714.259877
-240.577149,37,2714.529979
-142.791053,37,2715.088553
-152.967965,37,2715.389016
-132.151292,38,2715.630916
-180.712563,41,2715.889003
-268.119672,37,2716.150543
-372.63208,56,2716.578955
-262.120441,37,2716.887429
-33.725853,22,2717.054552
-266.889714,40,2717.35239
-97.212232,32,2717.591275
-211.135708,32,2717.817134
-20.328328,21,2717.998144
-500.367395,71,2718.470232
-241.966105,37,2718.735264
-163.948177,25,2718.916526
-259.13993,37,2733.734104
166.053532,28,2733.963232
-257.817861,37,2734.721053
-250.591121,37,2734.970852
42.995535,24,2735.131981
-276.294065,42,2735.421871
-249.883967,37,2735.685628
-243.237814,37,2735.977487
-348.323816,52,2736.343322
-256.820183,37,2736.596392
-271.001544,37,2736.852231
-140.284818,22,2737.014257
-240.458705,37,2737.314396
-260.150994,37,2737.58608
-137.422233,23,2737.748899
-145.456841,53,2738.168172
-135.213116,23,2738.353188
-124.592692,36,2738.604528
-213.108167,34,2738.837553
-217.561251,33,2739.099631
45.631555,26,2739.271823
-245.431145,37,2739.739612
-288.439173,43,2740.129341
-178.249336,28,2740.352045
-88.394831,30,2740.585688
-252.966124,37,2740.880016
-169.520682,27,2741.062639
-258.992736,37,2741.321094
-24.299773,21,2741.462673
-249.003512,37,2741.726319
-248.418194,37,2741.994944
-248.496816,36,2742.233488
-241.471423,37,2742.491797
-125.380763,21,2742.627879
-256.247814,43,2742.929416
-629.924426,101,2743.655849
-145.269796,37,2743.913108
-247.272336,37,2744.145034
-140.69312,37,2744.398104
-132.869535,22,2744.548998
-261.911551,37,2744.800526
-243.479768,37,2745.058497
-245.017536,37,2745.45634
-165.775015,26,2745.724289
-280.959866,37,2746.126759
-247.20462,37,2746.513696
-257.183195,37,2746.984101
-247.336459,37,2747.391831
-259.010692,37,2747.792594
-256.490604,37,2748.155564
-239.714485,36,2748.527939
-164.952683,28,2748.852096
-261.243469,37,2749.264779
-252.638514,37,2749.689899
-235.694872,37,2750.077845
-241.740536,37,2750.471661
-247.959366,37,2750.773856
-237.933929,40,2751.033003
-244.47293,37,2766.148691
-248.476828,37,2766.384201
-260.406311,37,2766.635496
-40.974169,23,2766.821572
-249.8531,37,2767.092711
-259.186485,37,2767.350761
-42.109767,23,2767.511391
-140.409494,37,2767.75619
-244.430109,37,2768.027548
-68.767217,27,2768.226278
-238.777412,37,2768.469956
-241.290415,37,2768.725902
66.605488,22,2768.884975
-100.487908,31,2769.109364
-246.015553,37,2769.383294
5.403694,30,2769.596426
-242.428165,37,2769.823315
-243.68717,37,2770.067507
-382.759257,57,2770.469374
-244.699153,37,2770.718225
-120.571637,19,2770.866962
-151.039766,37,2771.129242
-326.415117,56,2771.531826
-243.514353,37,2771.810445
-240.192293,37,2772.067239
-236.229396,37,2772.323856
-244.390238,37,2772.571441
-141.947286,37,2772.832961
-238.621119,37,2773.457753
-246.869736,37,2773.744038
-238.424491,37,2774.000543
-328.834664,49,2774.315224
-256.824263,37,2774.552114
-143.325858,23,2774.702413
-241.18086,37,2774.957309
-246.205233,37,2775.19438
-164.700946,28,2775.390494
-203.946008,32,2775.6041
-186.446755,30,2775.803076
-258.191803,37,2776.050795
-240.139841,37,2776.307561
-157.389289,27,2776.511539
-249.095035,37,2776.775017
-249.641765,37,2777.068354
-264.934157,37,2777.322112
-266.349231,37,2777.618861
-243.734502,37,2777.880567
-38.552352,23,2778.057479
-101.905688,33,2778.288694
-257.252453,37,2778.531149
-258.609843,37,2778.789558
-163.894086,26,2779.150996
7.059787,51,2779.544721
-143.116672,37,2779.8205
-283.139533,58,2780.223186
-240.1331,37,2780.499617
-65.462894,39,2780.780744
-149.384758,23,2795.625287
-264.063157,37,2795.863213
47.464289,37,2796.054243
-252.463597,37,2796.218058
-261.276882,37,2796.376868
-183.175294,29,2796.496448
-111.191068,32,2796.66058
-214.530619,34,2796.816713
-257.733577,39,2796.978934
-249.51698,37,2797.134916
-47.311295,25,2797.23611
-239.79788,37,2797.391927
-261.493529,37,2797.55371
-248.606624,37,2797.70492
-21.023243,19,2797.780338
-264.921625,37,2797.941306
-201.842396,33,2798.078398
-267.054611,37,2798.23206
30.677209,28,2798.345114
-248.005619,37,2798.497655
-250.812599,37,2798.65004
-181.443951,33,2798.790294
-255.607305,37,2798.945813
-17.379982,20,2799.025608
-240.870696,37,2799.173983
-246.836414,37,2799.320723
-258.394185,37,2799.471016
-252.780315,37,2799.616734
-222.441559,48,2799.810275
-93.928569,29,2799.928667
-144.440515,37,2800.080054
-166.369342,28,2800.19343
-248.285187,37,2800.34842
-268.643359,37,2800.502968
-234.4669,37,2800.655903
-42.081056,24,2800.751374
-243.16394,38,2800.916094
-259.391954,37,2801.065431
-186.070685,30,2801.182089
-207.139621,32,2801.313828
-238.513275,37,2801.464187
-168.132807,27,2801.574837
-248.500765,37,2801.725409
-246.873615,37,2801.883063
-32.665152,23,2801.979712
-241.557926,37,2802.130141
-267.883341,37,2802.283336
-245.287335,39,2802.455498
-258.788975,37,2802.608418
-239.308298,37,2802.763541
-190.912613,30,2802.887257
-262.917055,37,2803.037248
-234.019012,37,2803.193546
-245.804492,38,2803.352567
-38.222828,24,2803.448108
-231.413018,37,2803.605238
-21.048138,20,2803.688533
-37.027235,23,2803.783327
-159.621647,27,2803.895333
-37.782377,37,2804.05385
-246.451427,37,2804.210305
-143.248294,37,2811.862228
-262.425418,37,2812.033306
-251.724922,37,2812.188141
-293.409903,45,2812.374078
30.769919,27,2812.488875
-245.496819,37,2812.639117
-136.560898,21,2812.734068
-211.300377,33,2812.867363
-244.675004,37,2813.036903
-267.565428,37,2813.191291
-235.284248,37,2813.353713
-208.103944,32,2813.485284
-259.884506,37,2813.639724
-249.317615,37,2813.796197
-251.951632,37,2813.957988
-15.780664,20,2814.041936
-253.531729,37,2814.195714
-149.669803,24,2814.294821
-245.651344,37,2814.435637
-265.840351,37,2814.579374
-227.385496,37,2814.747066
-117.9153,19,2814.818305
-239.660252,37,2814.96354
-320.998586,49,2815.161343
-186.153895,46,2815.475766
-242.553511,37,2815.635344
-256.237245,40,2815.795752
-258.388345,37,2815.946084
-175.034855,28,2816.063334
-234.771991,37,2816.210829
-245.343754,37,2816.360148
-52.700421,24,2816.464361
-229.491975,37,2816.62079
-220.595533,35,2816.770949
-231.843769,36,2816.918537
-245.879942,37,2817.067149
-223.061523,34,2817.199949
-221.564586,35,2817.346024
-241.729983,37,2817.493761
-494.604471,101,2818.518955
-246.964945,37,2818.837194
-145.406102,23,2818.95474
-130.619429,22,2819.051448
55.444497,23,2819.145099
-284.20371,44,2819.334083
-256.169708,37,2819.490185
-167.855919,27,2819.602617
-240.049957,37,2819.75598
-240.428763,37,2819.907052
-159.005037,27,2820.020995
-232.903617,37,2820.172362
-254.689912,37,2820.333877
-243.334332,37,2820.481345
-119.648826,19,2820.562925
-254.896507,37,2820.754056
-272.079411,43,2821.017944
-258.800307,37,2821.453302
-210.771467,33,2830.127695
-238.968561,37,2830.345115
-52.251544,25,2830.463459
-191.402717,30,2830.588748
-259.34982,37,2830.739411
-244.240275,37,2830.895117
-243.17484,37,2831.044932
-262.4488,37,2831.197818
-247.492527,37,2831.352276
-241.768047,37,2831.505258
-240.526536,37,2831.967211
-323.101486,48,2832.177735
-263.927024,37,2832.332743
-97.217371,32,2832.471362
-239.938726,37,2832.635134
-255.934206,37,2832.788919
-152.141735,37,2832.943017
-262.832938,37,2833.090976
-117.311404,19,2833.167924
-272.715255,40,2833.326432
-248.465028,37,2833.481932
-255.192998,37,2833.641887
-237.448134,37,2833.797973
-242.070026,37,2833.952598
-27.355083,21,2834.038401
-131.431959,22,2834.127481
-237.909418,37,2834.290134
-24.105505,22,2834.383094
-33.666404,23,2834.477773
-221.433856,35,2834.616296
-238.061759,37,2834.780403
-242.935694,37,2834.93082
-28.168175,20,2835.010512
-125.773863,21,2835.094592
-144.171068,38,2835.245745
-251.733816,37,2835.398783
-106.309875,33,2835.537155
-269.473822,37,2835.681523
-83.31136,32,2835.812515
-262.381983,37,2835.967063
-157.12179,26,2836.072355
-242.691518,37,2836.22817
-237.987823,37,2836.383264
-217.063104,34,2836.533399
-161.979273,26,2836.636012
-36.056959,25,2836.734921
-246.644444,37,2836.882862
-196.272278,32,2837.013847
-254.325316,37,2837.168822
-262.811283,37,2837.331058
74.022886,21,2837.412959
-228.56583,35,2837.557878
-20.688958,20,2837.648354
-251.281978,39,2837.799099
-224.376483,36,2837.946643
-137.844685,37,2838.094641
-412.853266,57,2838.316228
-256.082251,40,2838.68997
-246.262028,37,2838.846025
-365.544451,51,2839.069382
-158.176087,26,2839.177506
-247.909616,37,2850.19597
-152.386363,25,2850.310934
-252.263367,37,2850.494137
-250.313392,37,2850.642227
-190.293689,32,2850.776514
-179.313271,28,2850.89577
-230.149781,37,2851.054894
-240.312702,38,2851.212946
-248.391131,37,2851.370028
-245.849694,37,2851.529608
-254.428569,37,2851.685039
-173.683163,28,2851.799047
68.526715,36,2851.94671
-244.678877,37,2852.097016
-260.341786,37,2852.252568
-228.585756,34,2852.395015
-164.896318,29,2852.517479
-242.866445,37,2852.678883
-62.448239,27,2852.787658
-136.431061,23,2852.883991
-232.46549,37,2853.044093
-42.123197,24,2853.139984
81.119762,21,2853.223343
-104.429873,31,2853.356825
-276.477539,37,2853.50713
-119.581673,34,2853.646818
-237.719145,37,2853.800912
-109.731189,32,2853.933204
-134.814494,45,2854.11729
-142.313755,38,2854.274177
63.260269,36,2854.419219
-166.292175,27,2854.534481
-265.641305,37,2854.694652
-168.737332,41,2854.858701
-226.685256,34,2854.998008
-46.097362,37,2855.149277
186.183339,23,2855.243313
-256.005092,37,2855.397803
-258.32236,37,2855.552156
-239.321231,37,2855.70658
-264.70016,37,2855.859955
-146.104932,23,2855.95579
-227.188832,36,2856.109958
-148.560136,37,2856.265924
-13.234891,19,2856.343804
-293.626659,46,2856.533751
-241.152372,37,2856.681305
-121.669733,19,2856.758439
-233.917782,35,2856.901902
-257.688411,37,2857.053731
-251.262036,37,2857.201577
-254.517786,37,2857.362088
-258.962873,37,2857.51002
-156.500073,60,2857.756251
-169.086542,28,2857.871753
-479.218954,65,2858.148076
-111.813303,33,2858.279529
-252.651776,37,2858.434934
-249.442042,37,2858.582347
-43.274095,24,2865.591478
-268.180446,37,2865.794401
-262.600536,37,2865.972071
-53.581257,24,2866.078168
-241.33702,37,2866.244191
-253.785752,37,2866.399344
-201.290822,48,2866.606264
-120.926028,18,2866.699573
-261.215381,37,2866.859434
-165.666637,41,2867.040069
-161.05766,26,2867.144749
-251.316247,37,2867.306198
-131.356819,22,2867.393599
-257.921613,37,2867.554047
-252.420229,37,2867.70798
-237.143388,37,2867.865709
-242.479276,37,2868.397679
-148.220057,39,2868.614671
-263.594173,37,2868.77388
-31.533942,21,2868.862369
-262.415441,37,2869.025594
-166.700758,28,2869.150524
-251.83424,37,2869.312869
-248.617001,37,2869.465941
-145.793551,23,2869.561042
-251.905627,37,2869.722855
-259.425629,37,2869.880829
-129.91665,39,2870.184637
-238.56918,37,2870.35933
-254.136496,37,2870.526242
-253.176003,37,2870.678371
-240.974344,37,2870.840579
-254.36864,37,2870.999458
-129.829539,21,2871.091544
-229.430793,34,2871.235932
-243.650576,36,2871.394987
-242.768458,37,2871.556153
-220.836706,35,2871.701045
-262.536191,37,2871.865882
-250.212333,37,2872.038706
-255.061767,37,2872.196803
-194.802731,32,2872.340067
-267.659164,37,2872.509241
-213.372873,32,2872.644823
-134.700716,23,2872.75498
-143.375321,24,2872.855889
-259.604188,37,2873.025438
-128.76982,20,2873.102705
-190.758204,31,2873.24045
-259.19802,37,2873.400563
-266.030658,37,2873.559801
-225.085688,36,2873.721173
-288.020465,43,2873.897777
-256.458365,37,2874.050714
-240.293866,37,2874.209364
-254.960895,37,2874.364652
-269.643303,37,2874.526631
-250.313337,37,2874.680987
-187.508712,29,2874.802171
-261.435288,37,2874.963727
-134.881173,21,2884.472035
-238.68066,37,2884.676608
-260.209691,37,2884.839714
69.795794,21,2884.924754
-237.352348,37,2885.069782
-241.509015,37,2885.223429
17.690565,31,2885.347099
-250.826934,37,2885.504263
-57.791969,25,2885.62055
-17.229635,19,2885.697251
-260.659967,37,2885.848858
-265.321746,42,2886.023234
-244.919002,37,2886.172318
-220.272815,34,2886.312895
-161.319664,37,2886.488515
-247.619146,37,2886.995592
-32.564395,22,2887.127914
-195.984231,29,2887.264996
-124.688776,21,2887.359673
-262.223226,37,2887.516968
-148.194488,37,2887.669982
-241.222941,37,2887.824263
-241.845505,37,2887.979556
-241.377034,37,2888.131225
-233.268613,37,2888.303142
-314.430551,47,2888.510618
-265.289508,41,2888.676599
-215.163379,32,2888.81183
-349.036675,52,2889.029659
-137.455799,23,2889.135145
-135.474989,23,2889.230779
-49.404728,43,2889.405894
-148.926646,38,2889.561874
-139.815895,25,2889.673285
-241.631678,37,2889.825803
-268.794008,40,2890.008272
-254.34153,37,2890.158053
-269.907652,37,2890.306168
-130.647504,22,2890.395257
-13.95263,37,2890.562656
-241.177695,37,2890.721248
-260.070964,37,2890.880433
-209.8651,34,2891.020004
-233.520646,36,2891.174011
-251.872243,37,2891.330398
-235.804132,37,2891.483604
-260.181205,37,2891.628989
-248.932523,37,2891.780424
-212.833477,32,2891.911502
-252.876312,37,2892.067111
-237.835577,37,2892.234096
-185.7507,29,2892.353692
-79.643715,28,2892.479009
-254.079436,37,2892.638627
-362.248547,74,2892.952934
-248.225806,37,2893.114253
55.016861,24,2893.210821
-213.780127,32,2893.340771
-141.485535,22,2893.554687
-665.7596,94,2904.145731
-607.418781,101,2904.581349
-192.673774,30,2904.712591
-129.022773,35,2904.853535
-37.799131,23,2904.949845
-261.149864,37,2905.10908
-225.291556,36,2905.275843
-255.337993,37,2905.433077
-235.764913,38,2905.600627
-171.43044,26,2905.705559
-170.141664,41,2905.880267
-255.145551,37,2906.037996
-240.437547,37,2906.19349
-247.979117,37,2906.355582
-253.133343,37,2906.574019
-74.744521,28,2907.077586
-232.014627,37,2907.253842
77.049089,34,2907.415792
-250.960348,37,2907.571652
-229.249261,36,2907.741738
-194.83187,33,2907.895397
-333.225534,52,2908.145041
-242.757599,37,2908.614958
-210.410215,34,2908.863343
-385.261381,55,2909.106437
-255.978795,37,2909.260686
-261.854626,37,2909.422575
-239.010101,37,2909.596028
-242.654521,37,2909.759357
-240.617361,37,2909.935545
-177.256829,28,2910.067858
-21.349963,20,2910.161045
-245.536347,37,2910.339553
-149.214069,37,2910.510594
-236.259335,37,2910.655267
-238.748598,37,2910.813329
-245.92943,37,2910.977474
-156.919684,26,2911.092857
-269.097271,42,2911.271895
-261.040054,37,2911.434572
93.610841,50,2911.649988
-252.569759,39,2911.818309
-244.30179,37,2911.97261
-178.683069,29,2912.103579
-234.263566,37,2912.263492
-337.000283,52,2912.486797
17.710165,30,2912.625741
-264.306954,40,2912.795557
-133.696357,36,2912.946417
-247.243229,37,2913.102449
-143.25747,22,2913.190293
-42.060172,25,2913.290915
-37.377819,22,2913.3822
-183.651157,30,2913.509527
-256.928757,37,2921.215205
-258.141012,54,2921.518988
-167.786976,27,2921.628329
-245.160149,37,2921.776571
-253.76388,37,2921.923929
-265.807129,37,2922.071443
-131.446182,36,2922.215094
-313.926365,67,2922.494141
-251.15491,37,2922.675207
-15.689335,19,2922.753029
-240.411422,37,2922.910129
-240.91629,37,2923.068157
-178.663137,29,2923.187694
-119.262867,21,2923.270183
-256.985866,37,2923.428622
149.602539,31,2923.562806
-90.417989,29,2923.68606
-20.853099,22,2923.779712
-154.821212,41,2923.952647
-239.634212,36,2924.093328
-226.82722,35,2924.232535
-84.970041,29,2924.350207
-248.935207,37,2924.498363
-43.673064,37,2924.652062
-256.358095,37,2924.80379
-75.843485,30,2924.924502
-242.684748,37,2925.085891
-252.340137,36,2925.233528
-246.935534,37,2925.387742
-266.209282,40,2925.555047
-255.314927,37,2926.169488
184.803605,20,2926.278978
-241.521957,37,2926.441107
-26.139734,36,2926.60127
-147.984117,24,2926.743644
-235.685788,37,2926.917479
-270.33052,41,2927.095714
-236.223044,37,2927.246585
-256.723378,37,2927.403927
-147.464556,26,2927.510646
-245.333364,37,2927.655003
-250.70034,37,2927.808066
-256.242457,37,2927.95171
-136.067459,23,2928.061205
-263.43452,43,2928.319304
-39.222747,39,2928.559856
-242.941612,37,2928.741422
-113.454696,32,2928.897764
-240.735111,37,2929.053578
-249.152123,37,2929.210718
-242.381158,37,2929.362238
-22.293926,20,2929.439392
-261.012174,37,2929.588494
-96.543117,44,2929.770252
-258.566004,37,2929.926511
-246.058503,37,2930.083399
-121.950858,35,2930.222513
64.295506,22,2930.316413
-168.236853,40,2930.481049
-51.931261,24,2940.104253
-191.682123,29,2940.280303
-146.589917,23,2940.381234
-41.440472,23,2940.47863
-263.707946,37,2940.641792
-189.425507,29,2940.759266
-123.530917,19,2940.835272
-47.544353,25,2940.939552
-199.530675,30,2941.064252
-96.707441,33,2941.202554
26.869972,46,2941.393342
-217.501054,33,2941.532883
-247.875867,37,2941.685727
-274.193669,37,2941.848847
-259.814142,37,2942.07899
-157.574565,25,2942.21108
-262.892689,37,2942.377043
-243.860072,37,2942.526195
-269.367623,59,2942.772419
-242.014593,37,2942.932267
-256.962752,37,2943.095759
-247.047603,37,2943.254453
-245.009052,37,2943.432053
-236.089384,37,2943.587922
-257.906777,37,2943.746976
-243.909537,37,2943.901217
-245.817698,37,2944.055418
-534.686182,98,2944.448388
-33.316517,22,2944.535874
-261.335052,37,2944.691943
-44.994103,25,2944.795261
-253.71389,37,2944.948746
-147.511962,37,2945.103439
-140.516888,24,2945.504749
-219.228547,49,2945.788198
-231.627324,37,2945.945091
-301.416461,46,2946.141576
-239.12079,37,2946.295489
-250.926659,37,2946.448547
-252.149797,37,2946.608277
-140.940379,37,2946.764244
-39.964664,23,2946.85355
-252.18231,37,2947.011918
-164.866503,26,2947.133513
-243.320493,37,2947.293759
-151.830466,25,2947.408393
-242.615297,37,2947.563149
-255.049986,37,2947.719397
-126.834144,22,2947.812198
-234.112454,37,2947.972785
166.506953,60,2948.242319
-258.503988,37,2948.403775
-236.127814,37,2948.550536
-255.616357,37,2948.699784
-254.921855,37,2948.854568
-242.364824,37,2949.006641
-205.185713,33,2949.152713
-259.586127,37,2955.673969
-242.793378,37,2955.884806
-36.831139,23,2955.984447
-75.66041,27,2956.209787
-42.689209,23,2956.317775
-252.716214,37,2956.474699
-239.51433,37,2956.627512
-206.416516,68,2956.898249
-256.372924,37,2957.050305
-137.624087,23,2957.147284
-240.633012,37,2957.29859
-177.297379,27,2957.41642
-261.00915,37,2957.569504
-237.737257,39,2957.72756
-253.727969,37,2957.881268
-154.566445,26,2957.999337
-156.0031,25,2958.105338
-244.913353,37,2958.27204
-176.010073,31,2958.403877
-238.377999,37,2958.55495
-154.663009,25,2958.657003
-137.305129,24,2958.760577
-287.581758,43,2958.944438
-263.099618,37,2959.113583
-50.585745,26,2959.229046
-240.558894,37,2959.379855
-127.750401,20,2959.466679
-259.695058,37,2959.618664
72.144737,25,2959.724005
-240.050807,37,2959.880247
-253.781914,37,2960.02687
-175.558766,27,2960.144766
-289.518785,37,2960.30533
-262.811533,37,2960.451244
-239.338278,37,2960.601595
-38.600169,24,2960.700845
-253.808963,37,2960.855184
-252.892788,37,2961.00308
-251.459973,37,2961.152363
-241.303619,38,2961.319275
-280.777688,40,2961.480767
-247.080185,37,2961.681985
-245.815734,37,2961.936743
-319.536157,46,2962.296782
-158.257515,26,2962.484986
-240.272328,37,2962.879626
-246.316561,36,2963.286027
-250.710172,39,2963.705803
-255.180304,37,2964.513456
-279.17926,37,2964.951467
-260.020753,37,2965.36598
-263.10967,37,2965.740531
-276.334407,37,2966.090094
-253.861707,37,2966.496507
-143.563333,24,2966.705363
-78.78586,44,2967.057184
-254.146679,37,2967.281234
-267.387491,37,2967.445146
-240.441882,40,2967.621741
-258.524946,37,2975.222117
-252.57301,37,2975.441065
-140.832925,23,2975.54025
89.907228,18,2975.614497
-129.835066,23,2975.715529
-244.902929,37,2975.872948
-155.299992,24,2975.968509
-244.611382,37,2976.119509
-251.880436,37,2976.271984
-245.479463,37,2976.428121
-163.136155,26,2976.534205
-27.189323,23,2976.627062
-160.310687,37,2976.778603
-159.449908,26,2976.883187
-258.660165,37,2977.042202
-263.434794,37,2977.197803
-256.602598,37,2977.350321
-134.506953,21,2977.436472
-221.134812,35,2977.573304
-249.032264,37,2977.73257
-249.966234,37,2977.929467
-252.751363,37,2978.091815
-249.170114,37,2978.262256
-294.931039,49,2978.482491
-381.003016,60,2978.748999
-148.23146,26,2978.86168
-250.114755,37,2979.011817
-233.415433,37,2979.169217
-641.216401,101,2979.593247
22.467285,40,2979.755088
-150.386883,26,2979.853613
-43.887192,25,2979.958569
-261.394016,37,2980.107353
-174.088556,45,2980.423751
-237.755656,37,2980.577561
-40.84722,26,2980.684654
-186.794087,32,2980.820956
-233.726011,36,2980.974972
-161.629961,26,2981.083449
-176.796818,30,2981.205689
-17.412425,19,2981.28156
3.831632,31,2981.41662
-253.066295,37,2981.569915
100.515995,36,2981.716491
-249.162949,37,2981.881169
-136.439641,55,2982.110973
-111.344274,33,2982.243418
-145.700058,39,2982.406557
-23.948978,20,2982.488193
-265.022474,39,2982.652429
-323.902986,50,2982.856392
-99.922591,32,2982.991539
-242.105192,37,2983.146882
211.331179,23,2983.246215
-21.110897,19,2983.325516
-195.803686,45,2983.768835
-236.848519,37,2983.988882
-257.113128,37,2984.163016
-270.308018,37,2984.31847
148.652554,39,2992.365893
-162.377952,26,2992.512525
-249.696425,37,2992.667049
-133.133589,23,2992.762198
-34.542792,22,2992.849542
-257.43539,37,2993.00648
-151.494899,25,2993.116666
-247.226723,37,2993.276279
-58.339993,37,2993.426689
-44.77075,37,2993.577093
-243.525495,37,2993.730767
-248.972272,37,2993.889189
-9.857294,32,2994.019944
-69.819556,27,2994.125424
-241.262954,37,2994.281508
-134.95127,22,2994.374229
-250.638474,37,2994.529334
-255.720849,37,2994.688379
-136.490935,37,2994.837592
-246.955358,37,2994.987889
-78.438507,32,2995.128465
-37.595218,22,2995.217442
-259.032971,37,2995.370191
-246.397361,37,2995.523256
-18.647636,35,2995.665001
-245.991425,37,2995.813409
132.03766,50,2996.031754
-76.075712,40,2996.19454
-91.039607,30,2996.326207
-18.514104,35,2996.477169
-402.334209,58,2996.715089
-16.957667,19,2996.799467
-176.476279,28,2996.915361
-256.688604,37,2997.06833
-246.760201,37,2997.216694
-258.9385,37,2997.369932
-174.537234,42,2997.544422
-260.905068,42,2997.721725
-255.059472,37,2997.876457
-155.257067,25,2997.976378
113.743174,29,2998.105694
-183.775486,29,2998.223446
-680.278088,101,2998.834444
-185.712378,45,2999.307501
-46.923836,25,2999.434979
-125.767071,20,2999.523503
275.528166,22,2999.61915
-76.971116,49,2999.834385
-178.833265,30,2999.962928
-244.656263,37,3000.118533
-238.268708,37,3000.275653
-241.463702,37,3000.429398
-251.691577,38,3000.595694
-128.740739,21,3000.687434
-295.394375,42,3000.866397
-118.936036,34,3001.013115
-141.331507,37,3001.172512
-273.240058,40,3001.342379
-275.561365,37,3015.02758
-559.677261,101,3015.478168
-54.031696,25,3015.586055
-261.070024,37,3015.862993
-161.204344,28,3015.982489
-252.962654,37,3016.141834
-157.385936,24,3016.249988
-238.967561,37,3016.42104
-259.213796,37,3016.596835
-111.609728,19,3016.683777
-255.713436,37,3016.850213
-257.105985,37,3017.002542
-244.540166,36,3017.153992
-262.675879,37,3017.304061
-253.715497,37,3017.461766
-129.514519,35,3017.607615
66.667584,21,3017.695896
-271.013338,37,3017.851581
-258.072899,37,3018.008963
-194.857584,32,3018.164341
184.473985,26,3018.289361
-145.524307,24,3018.393729
-262.301402,37,3018.543615
-362.413519,62,3018.815851
-12.160905,19,3018.896814
-224.810616,35,3019.043223
-334.075136,49,3019.250241
-248.491726,37,3019.401887
-254.248514,37,3019.560557
-200.17694,31,3019.691327
-260.211683,37,3019.850812
-142.184268,37,3020.012198
-236.507761,37,3020.164883
-275.705753,37,3020.324204
-143.106048,23,3020.416891
-262.002633,37,3020.579994
-160.548206,37,3020.734725
-15.402408,49,3020.94507
-116.793007,33,3021.37228
-272.984326,42,3021.691846
-236.846736,37,3021.927593
-254.794781,37,3022.19717
-256.768958,37,3022.488574
-157.882175,40,3022.900707
-205.523663,31,3023.215536
-265.659228,37,3023.603885
-248.748259,37,3023.99573
-195.698714,31,3024.320434
-333.38977,51,3024.805005
-238.807739,37,3025.163627
-41.595766,24,3025.39645
-139.156947,24,3025.634799
-256.031439,38,3025.903466
-258.204238,37,3026.111537
-246.618827,37,3026.272601
-136.120955,37,3026.430985
-153.24522,26,3026.539528
-119.409276,36,3033.704478
-222.910293,35,3033.876595
-52.365153,24,3033.986382
-245.661674,37,3034.15499
-264.155518,37,3034.312351
-660.995807,92,3034.702065
-247.760322,37,3034.85556
-259.486769,37,3035.006717
-217.500598,34,3035.151696
-259.816872,37,3035.30196
-261.378314,37,3035.45945
-250.166154,37,3035.610668
-668.133342,101,3036.032122
-248.27537,48,3036.222373
-148.849144,25,3036.328102
-245.821852,37,3036.482146
-254.801592,37,3036.646303
-252.698415,37,3036.804433
-260.359214,37,3036.95994
-249.166609,37,3037.10898
-24.854066,21,3037.193813
-63.557501,27,3037.307739
-229.352398,36,3037.467877
-248.419895,37,3037.631347
-157.522287,26,3037.746294
-41.060136,24,3037.844749
140.530687,26,3037.952554
-37.90546,24,3038.051162
-262.422975,37,3038.209967
-397.663619,58,3038.456294
-19.461596,19,3038.531436
-251.099289,37,3038.684681
-157.172899,37,3038.834171
-250.868056,37,3039.088408
-162.893827,28,3039.205959
-239.787894,37,3039.368017
71.829011,21,3039.455181
-365.51012,58,3039.702301
-241.264794,39,3039.864376
-781.195618,101,3040.522061
-348.67977,51,3040.818356
-229.788207,36,3040.96786
-236.450974,37,3041.127074
-237.722367,37,3041.273798
-236.895567,37,3041.438584
-241.907743,37,3041.596087
-126.752888,20,3041.679337
-268.173027,37,3041.832932
-168.650507,28,3041.954611
-32.493767,22,3042.050539
-245.720039,37,3042.218205
-262.781624,37,3042.372447
-109.6564,36,3042.521726
-219.916833,34,3050.462659
-245.641129,37,3050.686189
-241.169388,37,3050.860932
-254.794598,37,3051.013296
-155.280232,43,3051.181146
-142.329315,25,3051.2867
-252.389565,37,3051.442097
-234.593549,37,3051.597542
-90.410143,31,3051.73102
-399.781057,54,3051.952913
-134.012126,22,3052.050432
-192.609856,29,3052.168794
-265.343424,37,3052.323703
-272.279305,37,3052.4762
-178.084039,43,3052.649273
-260.255922,37,3052.802182
-410.201588,55,3053.02698
-243.415918,37,3053.195119
-256.444968,37,3053.3489
-259.997232,37,3053.506568
-239.564675,37,3053.657591
-246.542722,35,3053.802901
-206.969625,35,3053.946711
-253.309926,37,3054.105163
-244.43143,37,3054.259199
-69.465765,26,3054.36486
-125.754416,22,3054.459358
-253.520125,37,3054.621012
-181.214767,42,3054.799696
-243.695043,37,3054.947843
-255.179406,37,3055.107228
-235.567009,35,3055.253079
-266.567629,39,3055.41637
-128.418322,33,3055.559086
-168.262948,28,3055.672452
-36.322491,24,3055.773948
-175.068807,42,3055.940655
-31.122097,22,3056.02978
-241.813485,37,3056.189587
-255.676312,37,3056.345732
-219.062734,47,3056.540699
-264.797206,37,3056.692527
-228.611894,34,3056.833649
-124.89161,19,3056.912272
-252.413884,37,3057.074569
-241.599663,37,3057.232306
-152.408661,38,3057.392458
-252.000275,37,3057.543719
77.230251,41,3057.715594
-245.33977,37,3057.87227
-26.057931,22,3057.961793
-226.312533,34,3058.104271
-81.735863,29,3058.228879
-245.105172,37,3058.387327
-225.097398,34,3058.978651
-206.019824,33,3059.604189
-253.12974,37,3059.802705
-233.37162,36,3059.949894
-126.138857,19,3060.029453
-102.335951,36,3066.682138
-237.597639,37,3066.874829
-28.383832,35,3067.023924
-219.879293,34,3067.167543
-239.757006,37,3067.325168
-252.385931,37,3067.47621
-257.262598,37,3067.62619
-243.57013,37,3067.781226
-88.058225,28,3068.000402
-131.007659,21,3068.091914
-231.65633,37,3068.237511
-56.013528,26,3068.343998
-235.992157,37,3068.496185
-256.467431,37,3068.650425
-240.009804,37,3068.809436
-172.750082,28,3068.921812
-131.837836,20,3069.001333
-240.015103,37,3069.158792
-163.073512,25,3069.269624
-252.404637,37,3069.42393
-259.08019,37,3069.583198
-261.623569,37,3069.732802
-264.05772,37,3069.885395
-263.137748,37,3070.038014
-142.573149,37,3070.191533
-216.557294,37,3070.346413
-253.097947,37,3070.493708
-273.24577,37,3070.650548
-123.917999,40,3070.813684
-149.358763,23,3070.906388
-238.52646,37,3071.058323
-182.398557,30,3071.177639
-196.99608,32,3071.312573
-270.940376,40,3071.475924
-120.85132,77,3071.792749
-162.375385,40,3071.957083
-168.104139,40,3072.122067
-248.419481,37,3072.267431
-238.482891,37,3072.412549
-257.131808,37,3072.557726
-174.404238,31,3072.684484
-254.559348,37,3072.836884
-17.340901,19,3072.912637
-240.933161,37,3073.068483
-241.072013,35,3073.21678
66.769224,24,3073.320281
-168.38105,42,3073.565369
-130.919653,22,3073.688925
-247.448019,37,3073.89451
-100.335396,32,3074.157675
-244.519271,37,3074.427252
-246.023653,37,3074.73957
-32.800444,22,3074.927191
-251.142962,37,3075.283331
-134.715231,37,3075.558845
-273.629016,57,3075.938831
-265.792412,37,3076.173125
-63.753861,28,3076.366953
-262.942123,40,3083.702142
-21.756334,19,3083.818541
-243.618489,37,3083.97653
-250.235767,39,3084.134164
-51.574404,25,3084.230628
-251.818906,37,3084.380705
-242.360786,37,3084.551056
-259.541706,41,3084.733557
-259.385754,37,3084.885277
-212.574745,32,3085.07719
-241.979239,37,3085.23006
-179.596848,28,3085.338802
-128.943875,20,3085.41921
-264.695513,37,3085.5686
-194.747102,33,3085.709569
-238.905801,37,3085.860799
-164.189334,26,3085.968713
-42.038481,25,3086.073511
-241.132655,37,3086.229209
-266.297188,37,3086.367876
-28.925561,21,3086.450381
-217.751217,33,3086.580576
-215.968397,33,3086.717041
-238.248574,37,3086.872642
-252.840562,37,3087.020722
-237.032352,37,3087.166623
-280.441942,42,3087.337685
-307.061145,45,3087.51314
-259.697426,37,3087.659354
-147.885643,37,3087.80637
-238.013794,37,3087.9585
-259.144801,37,3088.10938
-245.925049,37,3088.264071
-85.98368,29,3088.377535
-63.334435,26,3088.48212
-396.743211,65,3088.740175
-209.947816,48,3088.935639
-60.102934,26,3089.253471
-211.440441,61,3089.813572
-253.859808,37,3090.089397
-113.907307,32,3090.22368
-80.023111,30,3090.348705
26.417418,27,3090.467
-239.040884,37,3090.619831
-251.88646,37,3090.770603
-235.163305,37,3090.915847
-58.28186,24,3091.006084
-263.402373,37,3091.155216
-34.504211,23,3091.248897
-244.434602,37,3091.407038
-18.656496,19,3091.489159
-178.339064,29,3091.607107
-167.38119,28,3091.719945
-89.200264,34,3091.856347
-307.139355,45,3092.041907
-227.571936,36,3092.184373
-241.727881,37,3092.334226
104.841785,35,3092.483214
-252.37592,37,3092.633205
256.582017,26,3092.739035
86.721547,32,3101.70311
-244.626139,37,3101.877544
-263.824147,39,3102.041352
-237.788247,37,3102.19275
-226.122381,35,3102.336243
-594.369919,101,3102.754016
-88.926558,31,3102.881045
-234.313147,37,3103.038195
-258.610809,37,3103.194974
-136.637181,42,3103.360542
-163.352374,28,3103.474945
-190.532593,30,3103.604464
-245.306731,37,3103.762694
-242.513881,37,3103.9136
-15.540645,19,3103.990286
-228.210353,36,3104.139329
-333.13686,48,3104.332124
-251.325347,37,3104.472023
-259.064946,37,3104.614837
-160.119993,25,3104.713581
-234.492277,36,3104.857093
-391.210761,55,3105.081726
-258.954526,40,3105.253756
-266.713266,40,3105.436356
-258.004182,37,3105.586172
-18.460755,21,3105.673902
-261.149625,37,3105.82362
-120.518929,33,3105.956602
110.682085,35,3106.100592
-256.291746,37,3106.255247
-36.452938,23,3106.351063
-257.107594,37,3106.506817
-237.363123,37,3106.702054
-117.304563,20,3106.808533
-204.389603,31,3106.934066
-238.093941,37,3107.08345
-211.1626,39,3107.247297
-239.883279,37,3107.401475
-140.381271,24,3107.505303
-137.673945,24,3107.602146
-232.138503,37,3107.750895
-267.682298,37,3107.900527
-272.997947,42,3108.073119
-143.018546,37,3108.229372
-244.22256,37,3108.380182
-96.933068,35,3108.523501
-265.057283,40,3108.689424
-235.476097,37,3108.869033
-140.512987,23,3108.980687
-256.317932,37,3109.143104
-158.165166,37,3109.298586
-251.766944,37,3109.449588
44.100551,47,3109.651957
-220.961115,85,3110.002758
-239.271822,37,3110.160627
-254.718971,37,3116.647216
-258.362504,37,3116.82872
-258.733772,37,3116.977426
-18.565788,19,3117.056241
-152.746515,37,3117.208955
-125.051965,21,3117.29734
-185.052999,30,3117.421472
-249.801024,37,3117.573899
-241.998817,37,3117.715329
-192.782887,30,3117.838768
-131.305842,21,3117.923208
-252.218309,37,3118.071564
-98.496185,32,3118.591635
-154.063531,24,3118.811546
-218.751418,33,3118.972769
-130.194061,20,3119.058831
-248.212368,37,3119.443479
-242.099562,37,3119.791862
-408.400775,55,3120.054095
-226.721597,37,3120.209154
-278.913081,40,3120.37518
-255.469396,37,3120.528088
-255.35302,37,3120.680824
-521.309313,83,3121.032656
-133.322153,37,3121.188542
-243.069119,37,3121.338265
56.545617,22,3121.420919
185.753252,33,3121.551579
-163.628347,28,3121.674135
-247.20815,37,3121.822157
-243.707651,37,3121.972227
-264.92227,37,3122.122922
-71.726722,27,3122.233185
-246.932275,37,3122.382203
-135.131953,22,3122.472832
-42.001686,24,3122.57495
-153.127866,24,3122.673241
-256.654076,37,3122.830349
-156.397275,28,3122.943563
-246.444493,37,3123.093432
-265.824397,37,3123.264824
-49.392685,26,3123.375051
-111.97263,19,3123.455067
-207.079824,35,3123.597772
-207.556205,44,3123.790991
-260.42733,37,3123.999031
-19.872878,35,3124.244182
-161.05355,37,3124.573895
-13.637442,19,3124.747707
-189.04521,30,3124.96828
-246.327311,37,3125.250642
-262.547666,37,3125.54205
-214.027068,47,3126.028742
-123.968724,19,3126.154898
-129.899377,66,3126.533227
-261.88507,37,3126.681718
-682.987706,101,3127.105286
-216.397753,34,3127.246178
-123.753777,20,3133.824976
-263.784752,37,3134.019694
-263.126168,41,3134.197774
-246.177281,37,3134.346154
-127.866448,20,3134.42817
-240.234799,37,3134.590456
-20.353271,19,3134.662362
-250.731566,37,3134.812114
-89.217008,66,3135.083662
-24.44755,21,3135.176379
-240.218614,37,3135.331888
30.109253,28,3135.446763
-224.076719,35,3135.589095
-289.757532,58,3135.827198
-18.854485,34,3135.962002
-208.517154,32,3136.107587
-148.640376,24,3136.526482
-234.012701,37,3136.763101
-244.641485,37,3136.940887
-27.551092,21,3137.031309
-246.983054,37,3137.18349
-167.64519,27,3137.301683
-145.644755,34,3137.457819
-206.081108,31,3137.590286
-105.562745,35,3137.74085
-26.90341,20,3137.823849
-300.206163,47,3138.02054
-248.394881,37,3138.182971
-145.102439,24,3138.283558
-239.48975,37,3138.4306
-238.022611,37,3138.584988
-238.393894,38,3138.749037
-254.696396,37,3138.900559
-261.656116,37,3139.05739
-141.322916,23,3139.149902
-193.858,33,3139.283109
-21.982544,20,3139.363689
-241.553224,37,3139.51199
5.190333,35,3139.65328
-248.859761,37,3139.806568
-385.209498,52,3140.017711
-245.485293,37,3140.167621
-67.905964,27,3140.280821
-144.269668,37,3140.557569
-260.517984,38,3140.714615
-205.435773,32,3140.841658
-489.535522,78,3141.165381
-24.709116,20,3141.249077
-49.696841,26,3141.355671
-229.127544,35,3141.493562
-253.181262,37,3141.647779
-223.623156,32,3141.780697
-153.93802,26,3141.891761
-243.797296,37,3142.038281
-131.400438,22,3142.130499
-177.102201,29,3142.250287
-234.070716,35,3142.39022
-251.134623,37,3142.540732
-162.980945,26,3142.643762
-256.481836,37,3142.796712
-259.130115,37,3152.245592
-18.313667,20,3152.343192
-140.991271,37,3152.504989
-259.113344,37,3152.655847
-30.51502,21,3152.740446
-242.173513,36,3152.892297
-237.163074,37,3153.050746
-220.463158,36,3153.204934
-260.428591,37,3153.362287
-247.081504,37,3153.513739
-101.510498,31,3153.639526
-149.802707,26,3153.74155
-255.004695,37,3153.906945
-60.780226,27,3154.017089
-150.679442,26,3154.12473
-260.334817,37,3154.281917
-180.702541,30,3154.40616
-257.337784,37,3154.557617
-234.140963,37,3154.721773
-241.390587,37,3154.885817
-254.517278,37,3155.084561
-186.006626,28,3155.206958
-146.821355,24,3155.303321
-26.123159,20,3155.379402
-237.528569,37,3155.535049
-238.696775,36,3155.682046
-167.706217,28,3155.798775
-256.624215,37,3155.946524
-249.486161,38,3156.098667
-229.529927,36,3156.244672
-244.229936,37,3156.390921
-235.921274,37,3156.547198
-22.504705,20,3156.628768
-221.909965,33,3156.767172
-9.739609,18,3156.839482
-85.344628,44,3157.022134
-266.111939,39,3157.18112
-224.147818,35,3157.325113
-241.965889,42,3157.494939
-22.234934,20,3157.57815
-160.237887,26,3157.676962
-219.111264,33,3157.810186
-612.614605,101,3158.239796
-243.579374,37,3158.388246
-58.819862,26,3158.493983
-259.50319,37,3158.639319
-259.917292,37,3158.789872
-244.25704,37,3158.932218
-264.040697,37,3159.080612
-259.622779,37,3159.229238
-124.491914,19,3159.304805
-151.049505,26,3159.419405
-241.125778,37,3159.572305
-59.534173,27,3159.692331
-247.652576,37,3159.86132
-148.74541,37,3160.032008
-255.005573,37,3160.192227
-24.284056,20,3160.278957
-137.449357,23,3160.461842
-223.520288,35,3160.60874
-148.37439,37,3160.752984
-245.688057,36,3168.189631
-191.354332,29,3168.342076
-256.962846,37,3168.496787
-279.605915,37,3168.642691
-374.049355,54,3168.879075
-156.28954,26,3168.985
-154.694072,27,3169.100394
-193.74829,31,3169.233219
-245.03676,37,3169.384536
-192.103647,30,3169.508795
-184.205031,30,3169.627136
-240.301305,38,3169.785786
-150.782511,26,3169.887754
-138.650954,22,3169.978265
-111.323244,34,3170.117205
-33.585774,24,3170.613898
-123.691889,19,3170.733665
-162.476716,28,3170.862846
-159.091227,37,3171.020064
-241.003418,38,3171.172995
-19.153578,20,3171.261967
-218.545344,34,3171.425588
-176.296887,30,3171.549443
-146.541713,26,3171.656732
-124.633779,20,3171.734235
-258.796473,37,3171.887174
-195.549761,30,3172.010968
-250.630312,37,3172.161988
-98.812069,31,3172.305619
-79.883496,28,3172.420136
-260.363187,37,3172.573621
-119.71675,21,3172.661531
-101.627825,31,3172.78443
-164.59256,28,3172.898098
-147.656987,37,3173.056248
-237.503191,37,3173.251256
-241.62473,37,3173.398506
-139.626392,24,3173.500984
-277.175518,42,3173.67973
-398.977608,75,3174.000116
-251.514002,39,3174.166117
-241.065276,37,3174.319382
-120.378332,18,3174.390883
-243.822866,37,3174.548783
42.401088,37,3174.701985
-254.364161,37,3174.846531
-121.693718,35,3174.987033
-258.824475,37,3175.133452
127.983374,28,3175.246145
-26.061388,20,3175.321105
-263.427909,37,3175.465587
-244.300305,37,3175.618508
-27.695704,20,3175.69555
-264.142925,42,3175.931508
-252.635057,37,3176.188895
-232.219611,37,3176.507371
-239.755756,37,3176.883199
-257.591098,37,3177.252373
-14.876685,19,3177.426111
-254.688415,39,3177.729902
-266.469768,37,3178.168041
-26.563189,20,3178.375953
-29.246398,20,3178.524612
-221.532427,34,3186.212905
-258.682998,37,3186.405929
-264.967641,37,3186.565948
-253.442733,39,3186.732146
-263.35698,37,3186.885247
-76.174816,27,3186.994188
-103.021166,33,3187.131206
-67.162473,30,3187.263621
-133.060613,20,3187.343993
-29.181938,21,3187.429606
-256.460553,37,3187.581851
26.330831,27,3187.690569
13.312162,28,3187.803368
-250.548291,37,3187.951457
-200.799715,32,3188.08721
-137.069518,22,3188.18221
-238.039341,37,3188.340473
-262.085075,37,3188.491125
-33.206629,23,3188.587608
-245.167511,37,3189.007833
-263.684152,41,3189.22827
-254.669684,37,3189.391571
-195.928916,41,3189.562357
-290.835022,45,3189.752362
-246.069123,37,3189.904407
-97.971224,31,3190.036286
-135.384895,37,3190.186661
-188.508404,29,3190.3127
-235.479823,37,3190.469045
-126.621107,35,3190.615485
-129.911294,35,3190.758138
-236.915203,39,3190.917522
-260.897289,37,3191.069044
-134.044763,23,3191.161972
-18.821424,19,3191.242635
-259.412087,37,3191.396803
-129.256742,20,3191.480867
-241.026167,37,3191.637923
-249.069991,37,3191.790087
-251.082024,37,3191.953633
-138.025686,24,3192.052439
-163.129633,41,3192.221479
-134.636895,24,3192.32024
252.489823,27,3192.43395
-244.101853,37,3192.590103
-259.854534,37,3192.743997
-249.331421,37,3192.891367
65.600894,22,3192.980772
-62.253162,53,3193.346848
-248.829096,37,3193.497823
-252.010328,37,3193.651855
-235.229177,37,3193.80713
-123.827717,19,3193.892804
-26.246636,22,3193.994681
-27.128806,21,3194.08146
-238.396232,37,3194.235345
-151.781333,26,3194.343115
-246.381121,37,3194.502938
-256.598833,37,3194.655493
-252.566965,41,3194.823714
-265.140101,37,3194.974317
-238.895362,37,3195.126669
-255.673207,37,3205.83307
-233.183899,34,3205.994614
-239.654628,37,3206.160286
-141.373932,25,3206.263871
-265.169632,37,3206.410293
-271.309294,42,3206.586857
-131.515949,20,3206.671374
-241.933526,37,3206.833261
26.506944,40,3206.997938
-318.257892,47,3207.196045
-251.474625,37,3207.342809
-307.683864,46,3207.652143
-131.98639,23,3207.894993
5.13182,45,3208.083391
-262.639846,37,3208.24073
-243.845334,37,3208.395229
-221.684347,33,3208.53555
-436.080053,63,3208.788882
-250.629352,37,3208.939927
-78.017023,29,3209.059366
-214.127298,34,3209.199524
-39.563633,23,3209.286952
-252.728714,37,3209.437814
-246.923067,37,3209.933323
-158.824242,37,3210.300348
-264.42057,37,3210.484268
-238.445228,37,3210.632209
-141.726021,37,3210.786129
-209.752525,47,3210.972372
-120.320117,18,3211.044602
-263.026866,37,3211.19975
-241.510966,37,3211.359027
-534.956667,84,3211.693734
-248.733439,37,3211.84736
43.428998,26,3211.955727
-75.191433,27,3212.062659
-261.135848,37,3212.211944
-234.935849,36,3212.362841
-47.61191,37,3212.509638
-20.873618,19,3212.583459
-117.893241,19,3212.66003
-23.494505,20,3212.742886
-132.001625,21,3212.828782
-119.41204,19,3212.900667
-28.501997,20,3212.980184
-202.376013,32,3213.107993
-251.804549,37,3213.267326
-148.783374,24,3213.365004
-138.858816,22,3213.451371
-26.594827,20,3213.532604
-168.342167,28,3213.645935
-265.187467,37,3213.795723
-259.351043,37,3213.94108
-250.735762,37,3214.125006
-249.714617,37,3214.278327
-315.182749,46,3214.460502
-207.737644,31,3214.581188
-129.306552,21,3214.662884
-252.327138,37,3214.817537
-180.058049,28,3214.934191
-205.185791,31,3222.758652
-233.579687,37,3222.969027
-216.281663,36,3223.121104
-239.043688,37,3223.278584
-260.407156,40,3223.437672
-241.211896,37,3223.592903
-257.013001,37,3223.740632
-664.264909,101,3224.14676
-128.010094,34,3224.288576
-235.695379,36,3224.431066
-75.446326,28,3224.548217
-186.036041,31,3224.678371
-264.208055,37,3224.823091
-41.190546,23,3224.919716
-156.015507,37,3225.07741
-58.972062,27,3225.186584
-597.465663,101,3225.717857
-133.196154,22,3225.80528
-224.166009,35,3225.946232
-233.473551,34,3226.086278
-486.747587,71,3226.372614
-248.777971,38,3226.961826
-251.037058,37,3227.138997
-237.061394,37,3227.297877
-151.942693,24,3227.400426
-258.886896,37,3227.552147
-252.088506,38,3227.70931
-244.260998,37,3227.854706
-123.816334,19,3227.933126
-155.755412,24,3228.027997
-109.61849,34,3228.171209
-254.706096,39,3228.33336
-148.127212,24,3228.436282
26.969845,58,3228.669224
-354.800773,51,3228.882697
-237.363807,37,3229.035999
-284.551334,37,3229.188762
-128.958556,20,3229.273434
-123.502421,39,3229.430619
-244.699434,37,3229.583006
-258.88516,37,3229.757847
-20.54902,19,3229.846415
-169.543499,37,3230.015563
-118.420119,19,3230.090945
-205.67325,31,3230.22356
-665.710595,101,3230.635372
-256.678349,37,3230.82914
-167.292471,28,3230.99518
-185.279286,30,3231.183178
-260.699344,37,3231.571701
-75.020521,28,3231.872564
-171.210464,41,3232.347071
-165.263894,40,3232.739243
-164.217402,39,3233.162455
-242.414375,37,3242.776261
-107.738756,34,3242.928729
-243.274606,37,3243.0807
-142.254355,56,3243.324811
-254.974947,37,3243.485964
168.744978,35,3243.622814
-246.824066,37,3243.772379
-160.737885,30,3243.893109
-146.214369,23,3243.989373
-276.318718,42,3244.154074
-35.969156,22,3244.250097
-256.13831,39,3244.4099
-41.308787,24,3244.503885
-122.810812,19,3244.575787
-180.353067,45,3244.763419
49.032299,25,3244.874328
-52.896859,67,3245.156399
-28.913247,21,3245.247707
-258.456862,37,3245.398324
-259.724762,37,3245.545074
-60.768909,27,3245.650154
-342.176288,56,3246.175433
-18.765895,19,3246.306854
-662.988646,101,3246.767325
-196.318673,33,3246.914041
-257.380023,37,3247.066708
-147.919694,25,3247.164202
-239.699397,37,3247.326254
-179.628847,30,3247.450778
-92.138648,34,3247.586292
-260.545448,37,3247.735413
-57.609934,27,3247.845366
-240.888958,37,3247.997446
-119.873291,19,3248.075777
-226.880489,35,3248.215392
-245.592241,37,3248.381768
-252.307351,37,3248.533717
-168.967781,28,3248.644108
-255.774298,37,3248.792718
-239.903822,37,3248.941505
-52.248927,26,3249.045269
-257.613291,37,3249.197381
-585.424197,101,3249.611648
-134.941352,21,3249.696909
-284.544292,43,3249.877648
-243.42123,37,3250.1307
-218.904316,34,3250.366859
-236.780522,37,3250.538847
-251.245949,37,3250.693356
-257.936742,37,3250.841183
-126.351423,19,3250.913486
1.123252,34,3251.057112
-264.761521,37,3251.219246
243.368831,25,3251.327155
-243.981015,35,3251.468162
-292.953683,44,3251.661308
-258.574354,37,3261.427616
226.321446,40,3261.631357
-177.916575,42,3261.81916
-44.650764,23,3261.917551
-240.686966,37,3262.068795
-59.116506,25,3262.171075
-122.280968,19,3262.248181
-54.678815,26,3262.35023
-129.685611,37,3262.502233
-240.727524,38,3262.662019
-330.182138,50,3262.87736
-244.178623,37,3263.033167
-156.950115,26,3263.135438
-255.50041,37,3263.314119
-235.936931,37,3263.466098
-201.179302,32,3263.595125
-153.053311,23,3263.687591
-246.018758,37,3263.836936
-246.889657,37,3263.985257
-247.626638,37,3264.13021
-225.079228,35,3264.267477
-272.127323,40,3264.567216
-40.162985,22,3264.843545
-153.936224,37,3265.05467
-260.727162,37,3265.210498
-25.696341,20,3265.294838
-239.196677,37,3265.449199
-140.690155,23,3265.5448
-23.251753,20,3265.625316
-263.32253,37,3265.776647
-77.695005,42,3265.952329
-140.851196,23,3266.051947
-488.321388,101,3266.491839
-127.086395,20,3266.576597
-251.249372,37,3266.726127
-258.307009,42,3266.890561
-130.775449,22,3266.983518
-35.214698,22,3267.081086
-132.801997,41,3267.250003
-128.395838,20,3267.328999
-229.772592,36,3267.474238
-54.914026,37,3267.622451
-627.190051,99,3268.046932
-242.925173,37,3268.194908
-106.343708,36,3268.348769
-152.953565,41,3268.515786
-241.156754,37,3268.66691
109.556384,37,3268.82391
-69.718781,29,3268.945772
-237.197204,37,3269.107224
-696.290073,101,3269.526693
-144.399941,37,3269.836056
-201.072399,33,3270.390015
-142.677847,37,3270.596764
-278.099292,54,3270.836934
-256.905127,37,3278.635584
-256.793745,37,3278.837709
-250.475304,37,3278.991429
-265.246198,37,3279.139247
-113.283439,34,3279.270525
69.410513,22,3279.358765
-260.45229,37,3279.509227
-234.321175,37,3279.660776
-269.730298,42,3279.826194
-367.695808,53,3280.038175
-242.185114,37,3280.182751
-239.713659,37,3280.373196
-22.897398,19,3280.447885
-52.78441,42,3280.619771
-255.183221,37,3280.767372
-247.379555,38,3280.915233
69.407806,21,3280.99765
-26.140998,35,3281.140902
-259.789921,37,3281.306213
-395.654598,68,3281.70617
-243.982757,37,3281.858083
-250.487087,37,3282.001522
-298.884746,43,3282.175131
-234.995453,37,3282.333274
-318.689218,46,3282.511135
-224.036631,34,3282.65205
-259.220978,43,3282.824339
-196.054533,30,3282.95627
-216.831566,35,3283.098097
-232.957898,35,3283.242933
34.629431,28,3283.467863
-242.058525,37,3283.860839
-225.139201,49,3284.087536
-60.447864,26,3284.205333
-125.056401,21,3284.289626
-206.473865,32,3284.425237
-130.145124,36,3284.572133
-31.728782,35,3284.710574
-277.569163,44,3284.89237
-114.873384,35,3285.04057
-236.590168,37,3285.193327
-258.510366,37,3285.345376
-267.080459,41,3285.514031
-234.415959,37,3285.665424
-30.171912,21,3285.747555
-241.853841,37,3285.893417
-141.149215,23,3285.987459
-245.272693,37,3286.142783
-241.935408,36,3286.311744
-17.807317,19,3286.389949
-194.570563,30,3286.508915
-104.020874,36,3286.68889
-24.607073,20,3286.770214
-234.830572,37,3286.922049
-260.184315,37,3287.074889
-265.36259,37,3287.294717
-28.938797,20,3287.399126
-335.904129,62,3297.684722
-198.502373,47,3297.962702
-185.196147,31,3298.119716
-39.331671,22,3298.231231
-8.488824,57,3298.496156
-190.169563,29,3298.63699
-245.879797,37,3298.820562
-128.360191,21,3298.913483
-124.652894,19,3298.992564
-238.874708,37,3299.14789
-34.848489,22,3299.237106
-123.091739,19,3299.320072
-151.02193,25,3299.425725
-25.66042,21,3299.508411
-29.44784,21,3299.59179
-241.592895,37,3299.761247
-125.573158,19,3300.020189
-250.13341,37,3300.326896
-121.529209,19,3300.408775
-138.765196,21,3300.4995
-261.143083,37,3300.652161
-246.6861,37,3300.805382
-243.27498,37,3300.96728
-250.466294,37,3301.112981
-239.963646,37,3301.261356
-186.113443,70,3301.552228
-96.744409,30,3301.6777
-278.869804,44,3301.857689
-262.073317,37,3302.012617
-254.741496,37,3302.157784
-131.555083,21,3302.244794
-229.505842,35,3302.396759
-247.1981,37,3302.542601
-442.135203,67,3303.164747
-99.820049,60,3303.633221
-258.663282,37,3303.793782
-251.259171,37,3303.942667
42.068419,25,3304.046983
-26.194825,20,3304.125406
-244.305419,37,3304.273355
-23.357516,20,3304.354821
-61.533573,71,3304.657459
-261.789618,37,3304.822819
-234.057385,37,3304.966142
-127.768327,21,3305.046454
-84.488084,28,3305.162965
-179.290472,28,3305.274242
-233.859848,37,3305.423283
-255.247499,37,3305.570867
-26.718095,20,3305.649127
-260.963385,37,3305.791277
-176.62401,45,3305.972986
-20.57092,21,3306.056733
-222.640199,35,3306.32265
-87.91258,32,3306.468391
-134.159153,21,3306.550734
-259.866127,37,3306.709413
-241.025241,37,3306.861062
-259.042366,37,3307.01694
-259.671577,37,3307.161216
-243.897188,37,3307.316794
-114.955564,32,3317.707591
-243.379222,37,3317.903017
-242.568919,37,3318.057604
-257.801081,37,3318.205881
-292.369261,44,3318.403735
67.783435,23,3318.49367
-245.768167,37,3318.658163
-242.85606,37,3318.833284
-237.367637,37,3318.983675
-260.210724,37,3319.131298
-208.674806,33,3319.26505
-245.215003,37,3319.412337
-154.30462,26,3319.511731
-17.172123,34,3319.646521
-49.077904,23,3319.742513
-259.848419,37,3319.894148
-382.699033,63,3320.153243
-272.050035,37,3320.303207
-247.672204,37,3320.464909
-235.955844,37,3320.620027
-55.286372,51,3320.839225
-263.300155,37,3320.997049
-257.812503,37,3321.142473
-251.147531,37,3321.446296
-252.249703,37,3321.730258
-238.905527,34,3321.872463
-192.205769,31,3321.997371
-142.503423,37,3322.146358
-32.897537,21,3322.23509
-256.775514,37,3322.384602
-268.534088,37,3322.534649
-254.054064,37,3322.713464
-257.466857,37,3322.86535
-268.319937,56,3323.101644
-141.180926,23,3323.193926
-257.671716,37,3323.356796
-117.928778,18,3323.428811
-274.696828,40,3323.592201
-747.664162,101,3323.999498
104.367409,36,3324.158746
-137.28851,37,3324.316915
-228.657852,36,3324.463398
-154.36035,25,3324.563649
-233.796793,37,3324.72645
-255.946547,68,3324.99845
-246.402759,37,3325.14952
71.812176,21,3325.241024
-243.889433,37,3325.394804
-260.047719,37,3325.54448
-92.920856,57,3325.773639
-266.583807,37,3325.926999
-245.893446,37,3326.084411
-242.835053,37,3326.239715
-267.502348,37,3326.384411
-257.636286,37,3335.015688
-31.120918,36,3335.207088
99.57789,36,3335.356592
-197.840488,45,3335.550352
-38.875259,23,3335.640558
-328.634917,67,3335.916861
-23.141167,20,3335.995581
-244.110778,37,3336.143559
-253.057774,37,3336.294721
-252.843881,37,3336.445465
-270.222817,37,3336.590568
-49.412449,25,3336.69211
-147.600335,24,3336.794423
-151.748715,38,3336.944604
-262.154959,37,3337.1643
-253.00734,38,3337.320375
142.784152,33,3337.457156
-220.919009,33,3337.604107
-247.154686,37,3337.751166
-134.04831,21,3337.831284
-253.209496,37,3337.976775
-703.367207,101,3338.564252
-293.005627,46,3338.764757
-167.546785,40,3338.934094
68.349563,21,3339.022703
-245.428021,37,3339.169121
-235.605204,37,3339.31847
-220.915432,33,3339.452021
-242.909169,37,3339.60848
-259.416189,37,3339.815376
-239.109357,37,3340.321225
-170.603608,27,3340.48651
-125.991486,21,3340.596231
-123.831873,19,3340.672272
-131.855555,20,3340.758123
-236.877462,37,3340.914213
-253.936722,37,3341.057251
-151.748664,23,3341.149048
-123.279858,35,3341.291955
-140.679459,24,3341.390584
-251.757917,37,3341.549537
-50.079885,24,3341.650977
-166.247956,27,3341.764073
-59.01533,28,3341.879317
-134.631996,21,3341.965765
-84.794316,30,3342.091265
-13.252346,19,3342.174656
-151.20712,37,3342.33115
-239.197257,37,3342.484088
-202.874655,32,3342.60726
-41.392365,25,3342.712006
-154.059414,24,3342.812236
-253.118163,40,3342.982112
-258.994101,37,3343.129533
-63.134213,26,3343.234666
-251.306516,37,3343.400369
-253.29647,37,3343.544825
-251.522577,49,3343.7426
-137.394156,37,3343.896356
-152.269893,28,3344.039907
-256.256389,37,3354.348792
-241.039087,37,3354.583239
-238.260182,37,3354.759935
-370.1595,57,3355.033997
-238.561027,37,3355.177413
-129.241371,22,3355.267692
-242.268848,37,3355.418635
-140.571552,38,3355.570096
23.197864,29,3355.695265
-235.892706,37,3355.857584
-223.033389,33,3356.007358
-258.323812,37,3356.151622
-234.707699,37,3356.309158
-22.082822,20,3356.39176
-218.538604,34,3356.527128
-246.316909,37,3356.675663
-428.008222,101,3357.092173
-247.45586,37,3357.245381
-240.285514,37,3357.39681
-294.282339,44,3357.573131
-8.593322,18,3357.647985
-61.121464,25,3357.751127
-151.818842,23,3357.838744
-268.178253,37,3357.990148
-20.020017,20,3358.069203
-138.122121,23,3358.16328
-130.46395,56,3358.402179
-7.951671,33,3358.549656
-253.321901,37,3359.017558
-602.099388,101,3359.479495
-125.969898,19,3359.556608
-313.749387,61,3359.808791
-225.756959,35,3359.96787
-144.961876,37,3360.414906
-132.739275,21,3360.555094
-235.17644,37,3360.715267
-202.682529,46,3360.905652
-130.303026,47,3361.097577
-263.526685,37,3361.251053
-258.696073,37,3361.405126
-149.265022,37,3361.56183
-122.918652,34,3361.705718
-262.517041,37,3361.856467
-139.826288,37,3362.012487
-552.188543,101,3362.427497
-240.33518,37,3362.581575
-136.700779,76,3362.895249
-242.863535,37,3363.24435
-263.903985,37,3363.405954
58.134287,23,3363.495696
-171.512849,26,3363.595125
-257.089406,37,3363.74437
-234.795755,37,3373.726086
-253.58324,37,3373.945747
-346.234385,51,3374.193432
-206.861716,32,3374.327415
-49.223924,37,3374.478907
-203.548803,31,3374.607121
91.425268,37,3374.7579
-432.676951,90,3375.128128
-240.740816,37,3375.295925
-33.96147,22,3375.389439
-256.276515,37,3375.543324
69.86681,21,3375.630194
-146.540966,24,3375.731797
-142.781381,23,3375.824718
68.379449,23,3375.914883
-266.206974,37,3376.058025
-120.184633,34,3376.201513
-140.770626,37,3376.370141
-267.924999,40,3376.532373
-212.760382,33,3376.672134
-274.489339,42,3376.849436
-235.614838,37,3377.001999
-54.028448,27,3377.112171
-162.539995,38,3377.588255
-265.617103,42,3377.75947
-43.797099,24,3377.860836
-146.019152,37,3378.009752
-101.540621,44,3378.18448
-245.686005,38,3378.345087
-51.777162,47,3378.539263
-142.259393,37,3378.685926
-171.948863,27,3378.794751
-14.801584,19,3378.872073
-47.875128,24,3378.973981
156.161825,25,3379.08358
-250.090267,37,3379.258559
-168.113252,29,3379.385886
-235.951858,37,3379.53881
51.585977,26,3379.639157
-22.609695,20,3379.722927
-382.38297,55,3379.951142
-490.109103,101,3380.368762
-245.080363,37,3380.514562
-129.092036,20,3380.59453
-357.302368,58,3380.826616
-147.932068,37,3380.974274
-252.902578,38,3381.137892
-241.95939,38,3381.298372
-193.866602,45,3381.492568
-263.28784,37,3381.646292
-743.403133,101,3382.071069
-264.081182,37,3382.218932
57.467063,22,3382.368909
-675.397711,101,3391.038764
-208.077026,33,3391.21093
-239.118361,37,3391.38183
-535.73415,73,3391.698373
-249.012219,37,3391.847368
-151.631348,37,3392.002064
28.092644,54,3392.222516
-118.751672,18,3392.296177
-17.807568,19,3392.370873
-220.21353,34,3392.507304
-218.583175,33,3392.647199
-238.435275,37,3392.808683
-122.677552,19,3392.884688
-75.258418,27,3392.994129
-158.174124,25,3393.099981
-32.895555,21,3393.186789
-165.540555,27,3393.299782
-196.833269,32,3393.434891
-19.774064,19,3393.515732
-25.430694,36,3393.659743
-242.447473,37,3393.798538
-281.018401,37,3393.945174
-244.174851,37,3394.094698
-263.190236,37,3394.245033
-263.805674,37,3394.402055
-128.516562,36,3394.549119
-241.995486,37,3394.708488
-258.124426,37,3395.035073
-69.340529,28,3395.153257
-249.670597,37,3395.304229
-199.971555,31,3395.437743
-146.672552,23,3395.522568
-128.423635,20,3395.603768
-248.625975,36,3395.752774
-232.388445,37,3395.898594
-131.333535,20,3396.035038
-637.82368,101,3396.74783
-123.233387,19,3396.834099
-242.461718,37,3396.991939
-248.958053,37,3397.144039
285.052677,48,3397.346962
-45.62488,23,3397.442054
-230.221228,37,3397.596748
-239.369632,37,3397.751705
178.341161,26,3397.865195
-245.026592,36,3398.018106
-242.724028,37,3398.176655
-150.213953,38,3398.339381
-241.046383,37,3398.494277
-163.190402,26,3398.599166
-259.711581,37,3398.754417
-139.937161,24,3398.848549
-257.10461,37,3398.997273
-60.46417,28,3399.115059
-262.833413,37,3399.276447
-416.976872,58,3399.527586
-255.312274,37,3399.687369
-263.002877,37,3399.847389
-188.888028,31,3399.983447
-204.867716,35,3410.580858
-246.586799,37,3410.757177
-248.491424,38,3410.918148
-141.009729,37,3411.065414
-174.169486,29,3411.183488
-246.031548,37,3411.335315
-137.375062,37,3411.484069
-236.179612,37,3411.632639
-244.875802,37,3411.786952
-221.23241,35,3411.937385
-125.644914,36,3412.083265
-246.15062,37,3412.239494
-69.647293,29,3412.355884
-111.335597,18,3412.431106
-131.167687,49,3412.658557
-25.203782,20,3412.738105
-249.981988,37,3412.885629
-270.995774,42,3413.056066
-250.694189,37,3413.207331
-236.836391,37,3413.360124
140.473485,61,3413.609728
-275.528812,73,3413.908428
-168.192446,26,3414.01298
-236.829823,35,3414.151297
-99.780104,36,3414.331284
-253.894343,37,3414.813983
-16.317791,19,3414.913782
-239.028981,37,3415.073089
-242.913663,37,3415.231563
-242.440142,51,3415.445267
-23.666345,21,3415.533121
-219.40869,34,3415.679516
-244.556424,37,3415.822889
-27.097892,20,3415.901854
-22.888989,19,3415.997437
-249.698793,37,3416.145826
-237.284875,37,3416.312539
-187.612288,30,3416.433075
-160.790123,37,3416.600143
-257.119604,37,3416.749027
-238.646557,37,3416.898097
-129.474162,20,3416.980758
-108.71433,33,3417.112374
-240.273833,36,3417.261295
-99.15611,44,3417.455193
-245.222557,37,3417.604849
-251.246738,37,3417.759223
-157.431169,26,3417.858409
-248.521842,37,3418.020909
-51.66088,25,3418.126715
-26.080193,21,3418.210872
-112.153822,32,3418.340167
-253.792394,37,3418.502384
-254.947213,37,3418.659017
-150.031773,24,3418.754712
-149.538278,37,3418.903712
-263.950376,40,3419.066377
-4.509672,32,3419.314522
-67.701149,28,3419.435803
-270.923524,37,3430.808787
-183.456596,28,3430.963727
-297.684814,45,3431.150507
-298.899071,43,3431.330094
-266.06059,37,3431.475085
-246.979368,37,3431.617852
-321.192154,48,3431.830976
-183.920195,30,3431.951124
-258.009959,37,3432.101881
-261.810551,37,3432.249382
-21.496205,19,3432.324252
-149.693977,37,3432.471822
-261.332897,37,3432.619267
-366.934391,53,3432.834083
-217.552145,33,3432.967147
-242.518821,37,3433.11317
-178.509538,44,3433.301213
-170.075008,28,3433.421759
-335.854222,51,3433.639872
-104.163761,31,3433.767522
-25.978852,22,3433.863881
-134.724193,21,3433.949611
-240.354393,37,3434.103504
-172.568199,42,3434.275351
-238.972574,37,3434.423524
-118.440991,19,3434.498649
-10.767547,35,3434.641964
-111.330655,18,3434.716143
-264.802211,37,3434.855358
-131.316438,22,3434.945379
-238.100919,37,3435.094573
-121.199551,34,3435.242464
-249.19864,37,3435.395293
139.125594,47,3435.782046
-55.872128,25,3436.015591
-239.479315,37,3436.174461
-252.440473,37,3436.341569
-236.175254,37,3436.492853
-149.082278,23,3436.588078
-151.605531,37,3436.75024
-235.575566,36,3436.90038
-131.763342,22,3436.987086
-291.741456,57,3437.213707
-170.88098,28,3437.328352
-88.145289,32,3437.460084
-34.092135,36,3437.612628
-210.1514,51,3437.824452
-152.740393,24,3437.919006
-183.418571,29,3438.038396
-235.87096,37,3438.183021
-147.645816,37,3438.33482
-140.118631,37,3438.496886
39.719971,28,3438.608051
-33.530236,21,3438.693708
-142.390077,37,3438.845018
76.577534,44,3439.024054
-241.814508,37,3439.191509
-253.633213,39,3439.357719
-15.142573,19,3439.437956
-169.419963,30,3447.31915
-42.4039,22,3447.469504
-244.154194,37,3447.637665
-147.690223,24,3447.735715
-242.599392,37,3447.884369
-118.293092,34,3448.04171
-158.745887,26,3448.156867
-242.103397,37,3448.308036
-126.088749,19,3448.390089
-125.845985,19,3448.468119
-247.082671,37,3448.619739
151.521635,24,3448.716795
-148.011734,38,3448.870685
-83.307287,30,3448.995255
-74.223117,27,3449.102841
-262.005683,37,3449.256948
-158.135518,37,3449.407463
-202.834553,30,3449.525674
-179.204943,28,3449.644178
-228.035938,36,3449.788309
-563.698405,101,3450.69387
-265.375538,37,3451.922994
-175.728833,27,3452.070882
114.09412,34,3452.220338
-39.289482,37,3452.382327
-263.339976,39,3452.542926
-147.280986,39,3452.709363
-125.800461,19,3452.78563
-242.683276,37,3452.941258
-216.469444,36,3453.088322
-38.271188,23,3453.18432
-261.388941,37,3453.464943
-256.637146,37,3453.612928
-236.5545,37,3453.771002
-141.028841,37,3453.919831
-65.185389,28,3454.0295
-247.406069,37,3454.175342
-269.435003,37,3454.329571
-159.775608,25,3454.42866
-114.690747,19,3454.507112
-69.470414,27,3454.624035
-123.87567,19,3454.699696
-568.321408,82,3455.040578
-239.462635,37,3455.187044
-260.77401,37,3455.36104
-257.514877,37,3455.522109
-221.239691,35,3455.660479
-203.985801,31,3455.781139
-363.077821,66,3456.052873
-242.681253,37,3456.197967
-224.684647,35,3456.336223
-268.467085,37,3456.480807
-248.235644,37,3456.627107
-262.721468,37,3456.773005
-75.613537,30,3456.893346
-5.782589,33,3457.028311
-125.536579,19,3457.102399
-266.658349,37,3457.258803
-32.39938,20,3457.335666
-121.460927,19,3457.411835
-206.797513,47,3468.454042
-124.881409,19,3468.55138
-250.144827,37,3468.715252
-103.666795,35,3468.856976
-75.22913,44,3469.041944
-126.272124,21,3469.124945
-180.448689,29,3469.243638
-123.70316,19,3469.320228
-162.39993,25,3469.4249
-176.713091,28,3469.538238
-242.512375,37,3469.688283
-210.725517,33,3469.840259
-129.846504,20,3469.918981
-229.611492,33,3470.054569
-26.129433,20,3470.305436
-314.359405,83,3470.738631
-198.310297,33,3470.877195
-206.531436,33,3471.016281
-252.768533,37,3471.176596
-243.753572,37,3471.332734
-249.396153,37,3471.480622
-277.392515,55,3471.705601
-18.670194,19,3471.777336
-167.015542,31,3471.894396
-526.69141,101,3472.312691
-77.161388,30,3472.445588
-261.418679,37,3472.597605
-342.151328,53,3472.814461
-249.388082,37,3472.957478
-128.838321,20,3473.035722
-61.406279,28,3473.146619
50.864189,26,3473.254641
-255.825501,37,3473.413028
-239.091228,37,3473.567293
-242.263567,37,3473.71408
-247.836515,37,3473.870064
-101.356997,34,3474.006297
-176.293448,27,3474.113015
-236.613621,37,3474.25973
-256.628867,37,3474.411304
-238.491331,37,3474.56187
-41.733601,24,3474.665812
-135.080329,22,3474.753801
-35.419519,24,3474.852947
-125.146586,19,3474.927378
-20.15843,19,3475.003483
-236.67879,37,3475.156917
-243.584781,37,3475.301696
-251.09973,37,3475.47208
-256.703833,37,3475.626383
-239.626769,37,3475.777819
-290.600015,44,3475.957101
-234.538001,37,3476.10896
-253.456482,37,3476.273524
-215.483441,33,3476.402864
-251.338099,37,3476.555935
-251.808191,37,3476.705323
-133.471179,37,3476.85356
178.741903,22,3476.943195
-142.751952,37,3485.347567
-189.993011,31,3485.568877
-240.954082,37,3485.815686
-136.758455,21,3485.898495
-144.627986,25,3485.999661
-261.883386,37,3486.148474
-239.750985,37,3486.300124
-215.59897,33,3486.435351
-52.269143,25,3486.533567
-24.019371,20,3486.621564
-29.259291,21,3486.706681
-250.347115,37,3486.856763
-62.144603,28,3486.966778
-173.661572,30,3487.089899
-239.106898,37,3487.240805
-257.903936,38,3487.397867
-171.567846,29,3487.534056
298.27237,32,3487.660514
-135.839927,37,3487.812552
-264.000998,37,3487.95743
-241.764575,37,3488.116478
-237.191847,37,3488.271357
-297.229311,44,3488.788116
-261.482403,37,3488.945972
-263.83938,41,3489.117304
-45.180929,25,3489.23504
-288.629593,57,3489.466801
-231.838779,36,3489.614596
-246.389707,37,3489.766998
-181.899458,30,3489.887847
-248.698006,40,3490.05128
-162.16096,25,3490.152196
-242.762638,37,3490.340687
-127.538275,20,3490.419448
-183.64574,43,3490.596513
-244.565529,37,3490.739289
-224.298626,36,3490.883535
-280.543965,37,3491.040076
-60.027234,25,3491.156099
-246.727996,37,3491.399101
-244.471184,37,3491.74211
-267.424188,48,3492.132791
-241.998563,37,3492.50378
-147.59601,23,3492.73597
-222.594418,48,3493.158634
-139.926239,24,3493.355808
-254.858102,37,3493.69941
-130.467712,21,3493.830892
-54.626628,24,3493.956188
154.787834,48,3494.1623
-143.486701,23,3494.260368
-142.418641,24,3494.361673
-243.685932,37,3494.517693
-132.839696,35,3494.663789
-24.814614,20,3494.741349
-127.923426,21,3494.824694
-83.418308,55,3495.04942
-121.384227,35,3495.203785
-253.154558,37,3495.347971
-236.624693,36,3495.493223
-73.009,31,3495.62453
-299.177889,45,3503.650351
-252.313708,37,3503.87391
-90.135551,30,3504.000997
-131.915508,21,3504.087406
-122.931062,19,3504.172557
-245.056787,37,3504.32085
-113.341017,18,3504.393121
13.372938,31,3504.523274
-416.746737,75,3504.828854
-243.823339,37,3504.976157
-23.985255,20,3505.065533
-242.873224,37,3505.226529
-240.895534,37,3505.377161
-261.764803,37,3505.545806
-258.384732,37,3505.701401
-73.534557,29,3505.823043
-237.636238,37,3505.978615
51.853924,43,3506.151785
-249.335478,37,3506.637086
-236.586868,37,3506.825473
-30.60737,22,3506.930237
-262.066699,37,3507.097444
-234.056663,37,3507.247981
-17.37635,33,3507.383881
-124.454653,20,3507.470993
-143.117927,24,3507.565646
-231.283574,35,3507.714142
-203.053825,33,3507.844517
-284.189559,44,3508.019827
-10.11436,18,3508.09462
-298.587926,60,3508.336035
-244.389639,37,3508.505869
154.365636,42,3508.673215
-363.305851,91,3509.139502
-262.210924,37,3509.298113
-122.772079,47,3509.489029
-244.931305,37,3509.645718
-267.384465,40,3509.815687
-300.72942,45,3510.001403
-154.563432,38,3510.157039
-169.948198,26,3510.270321
-241.594375,37,3510.441137
-19.199354,20,3510.727079
-144.962823,37,3511.260635
-255.31165,37,3511.450969
-245.209525,37,3511.606862
-32.040712,24,3511.704326
-243.004268,37,3511.855181
-241.504345,37,3512.018984
-240.64596,37,3512.167242
-125.652,35,3512.304472
-260.149068,37,3512.471818
-157.298887,26,3512.584434
-268.406716,42,3512.753728
-23.975732,21,3512.843129
-249.912522,37,3512.993649
-266.110221,37,3513.141943
-260.607453,37,3513.298167
-146.062185,24,3524.056786
-244.01245,37,3524.246705
-214.923476,34,3524.382822
-234.248718,35,3524.523742
-174.852673,28,3524.640117
-241.800771,37,3524.813926
-261.039266,37,3524.990688
-287.848017,43,3525.260336
-267.265714,37,3525.636285
-237.453392,37,3525.796335
-258.968645,37,3525.942149
-305.433141,46,3526.133025
-289.513504,43,3526.333942
-201.662817,47,3526.521137
-15.447133,19,3526.608356
-238.760099,37,3526.785163
-273.376634,41,3526.954359
-128.479415,21,3527.038608
-147.964545,38,3527.192075
-200.77668,43,3527.376606
-122.081689,20,3527.460099
-254.695135,37,3527.616407
58.035757,24,3527.718515
-131.123298,21,3527.804588
-648.979023,87,3528.160362
-218.350262,34,3528.297142
-63.106316,26,3528.408387
65.74078,22,3528.508976
-227.269545,35,3528.647811
-28.685675,20,3528.735096
-244.199838,37,3528.883178
-205.062932,31,3529.00963
-238.421043,37,3529.161729
-187.7818,29,3529.284013
-67.881546,27,3529.39696
-204.378275,33,3529.527267
-133.827121,21,3529.614046
-38.468887,24,3529.708506
-7.40393,32,3529.834061
-170.074995,27,3529.947121
-242.674388,37,3530.096744
-135.153861,21,3530.182231
-147.797343,37,3530.332181
-41.381539,25,3530.435445
-11.8592,19,3530.51008
-245.417306,37,3530.660545
-140.697798,24,3530.764722
-257.403859,37,3530.91206
-245.812297,37,3531.063571
-293.420174,44,3531.242429
-144.296703,24,3531.341838
-43.958778,23,3531.435778
-93.873852,32,3531.565431
37.36894,28,3531.672364
-116.127843,34,3531.806979
-33.997697,23,3531.895999
-233.616953,37,3532.042013
-266.392055,37,3532.198734
-222.927079,34,3532.338536
-238.724231,37,3532.488731
-262.453173,37,3532.644874
-233.136122,37,3532.811573
-130.691341,22,3540.706863
-242.563045,37,3541.219562
-243.63874,37,3541.469875
-252.508954,37,3541.636245
70.585563,21,3541.723631
-255.223051,37,3541.980147
-623.025871,101,3542.467924
-243.174783,37,3542.622953
-126.18566,19,3542.702491
-163.25456,25,3542.807253
-73.411626,26,3542.908626
-191.493855,29,3543.029344
-644.640169,101,3543.439117
-254.165084,37,3543.598328
-253.491877,37,3543.745139
-215.143816,32,3543.877983
-152.430631,26,3543.987443
-25.589644,20,3544.48038
-248.778273,37,3544.82178
-123.270665,20,3544.952109
-321.055306,46,3545.145656
-283.095569,42,3545.327173
-139.935379,37,3545.483585
-203.04623,31,3545.609865
-184.480963,28,3545.717212
-162.234508,25,3545.8436
-64.837181,25,3545.946145
55.866288,26,3546.052417
-123.813667,22,3546.140863
-162.615266,25,3546.241015
-144.407233,37,3546.389462
-144.068974,25,3546.495956
-245.438536,37,3546.643896
-157.211441,37,3546.793843
-263.845609,37,3546.941498
-264.074665,40,3547.093639
-273.684807,37,3547.23825
-243.360032,37,3547.475073
-247.775573,37,3547.83443
-235.128768,37,3548.144898
-26.173211,20,3548.32163
-164.172755,38,3548.666533
-263.578713,37,3548.992977
-66.036889,27,3549.212873
-165.743438,27,3549.454142
-239.511665,37,3549.669606
-203.814478,33,3549.989201
-262.887667,37,3550.245804
-79.099984,31,3550.413613
-241.753765,37,3550.565476
-173.678754,28,3550.681938
-250.223472,37,3550.84076
-142.166405,37,3550.994131
-210.332282,33,3551.127728
-254.337317,37,3551.285791
-215.837356,34,3551.420199
-247.047404,37,3551.566692
-271.233269,50,3551.768426
-282.362625,53,3559.857325
-115.523341,19,3559.968543
-257.07329,37,3560.133394
-282.865706,38,3560.285483
-159.087901,27,3560.391519
-237.925916,37,3560.546977
-242.001946,37,3560.701766
-192.249965,31,3560.826388
7.572777,31,3560.957073
-244.991639,35,3561.104992
-223.143084,35,3561.24294
-46.113213,25,3561.34561
-108.976626,32,3561.477725
-247.997248,37,3561.625532
48.845226,26,3561.733204
-244.593188,37,3561.887781
-241.150339,37,3562.033843
-254.519237,37,3562.195651
-242.684481,37,3562.347924
-260.845903,37,3562.492671
-129.443486,40,3562.654949
-228.602227,36,3562.803158
-282.682615,39,3562.971375
-127.848557,21,3563.057971
-109.824291,18,3563.131536
-264.485554,39,3563.300527
-241.050412,37,3563.875295
41.979956,30,3564.098891
-250.503681,37,3564.283452
-258.34349,37,3564.429847
-76.151719,29,3564.557295
-254.907346,37,3564.704085
-190.114422,43,3564.888015
-250.729632,37,3565.052601
-224.423609,35,3565.206823
66.187386,28,3565.330154
-285.841197,53,3565.639668
-199.344568,35,3565.783909
-240.942261,36,3565.921735
-156.669481,27,3566.040758
-140.757597,38,3566.213896
-242.815043,37,3566.374735
-259.613131,37,3566.531688
-111.942477,33,3566.682425
-257.248953,37,3566.841323
-244.340186,37,3566.987882
-25.225583,19,3567.062749
-253.069478,39,3567.231867
-255.451997,37,3567.396577
23.712225,28,3567.514074
-239.991438,37,3567.679862
-240.100656,37,3567.837765
-252.889312,37,3568.005602
-248.950196,37,3568.165251
-237.967958,37,3568.321012
-236.234002,37,3568.495665
-140.99813,37,3568.66888
-58.675971,25,3568.779805
-410.13936,60,3569.042865
-27.182333,21,3585.287891
-57.879927,42,3585.503613
-151.546232,24,3585.608216
-244.406241,37,3585.764213
-164.061098,27,3585.87395
31.933168,46,3586.090397
-250.809524,37,3586.285602
-137.118119,37,3586.448843
-188.690674,31,3586.582542
-251.470366,37,3586.755129
-26.528006,20,3586.854628
-247.82879,37,3587.006881
44.973761,27,3587.123652
-119.692108,20,3587.236661
-141.639112,24,3587.353888
-138.100696,37,3587.522703
-234.399826,37,3587.703717
-257.379708,37,3587.86653
-246.946006,37,3588.023566
-13.510105,19,3588.127401
-254.983811,37,3588.34097
-271.234956,39,3588.530707
-239.56215,37,3588.689441
-242.287794,37,3588.849813
-138.667551,23,3588.94382
-242.509125,37,3589.098114
-236.426716,37,3589.250779
-129.279071,21,3589.35189
-83.368804,28,3589.468528
-60.272047,26,3589.58474
-259.085494,37,3589.750223
-216.11688,34,3589.891993
-127.978944,37,3590.046898
-171.341048,27,3590.155699
-203.640339,33,3590.302062
-147.527656,37,3590.454383
-155.926729,39,3590.613154
67.724243,21,3590.697915
-138.196302,51,3590.932287
-126.764392,21,3591.019406
-235.93231,36,3591.165707
-303.368421,46,3591.346914
-255.969384,37,3591.498167
49.454947,24,3591.604908
-253.014715,37,3591.751529
-261.777091,37,3591.904485
-254.338895,37,3592.057921
33.540496,52,3592.274284
-446.017687,69,3592.554003
-185.896855,41,3592.718689
-267.503824,37,3592.87047
-10.786209,34,3593.004619
-231.011617,37,3593.151115
-227.659433,34,3593.294806
22.234665,30,3593.415151
-240.116293,37,3593.576562
-57.193207,25,3593.679489
-144.73977,24,3593.776622
-167.179186,30,3593.902722
-80.105773,28,3594.018254
-192.267377,33,3594.157752
-179.768892,29,3603.829336
-30.882036,23,3603.948683
-237.190876,37,3604.115012
-222.614013,35,3604.26086
-21.018934,19,3604.334901
-20.991497,19,3604.418614
-235.212575,37,3604.575657
-255.411842,37,3604.733362
-64.598268,27,3604.846643
-33.96662,23,3605.044937
-129.410067,20,3605.133042
-136.511491,36,3605.286541
-173.041326,27,3605.402791
153.456908,28,3605.518481
-23.844374,22,3605.606964
-243.788081,37,3605.750877
-249.178484,37,3605.90994
-25.966097,21,3605.996476
-533.063379,101,3606.424961
-19.443076,19,3606.498567
-20.617454,19,3606.574267
-262.149253,37,3606.720215
-193.974737,30,3606.848132
-23.664685,20,3606.928928
-260.830571,37,3607.086297
-29.533053,20,3607.16675
-248.551553,37,3607.326103
3.154981,51,3607.549907
-220.33915,35,3607.692763
-123.019912,42,3607.870315
-259.219955,37,3608.026624
-235.668284,36,3608.178046
-115.649777,52,3608.38747
-238.231917,37,3608.548855
-25.557712,36,3608.708981
-265.165102,37,3608.860701
-133.310629,36,3609.006352
-214.871716,33,3609.142066
-250.010868,37,3609.285167
-202.012996,32,3609.414245
-254.175255,37,3609.570507
-148.798415,37,3609.727434
-235.852316,36,3609.868353
-29.904544,22,3609.960621
-293.761615,44,3610.139986
-238.150727,36,3610.323184
-235.887536,37,3610.616685
-255.184938,37,3610.969068
-200.2753,31,3611.183897
-539.664596,101,3612.277931
-286.213219,40,3612.660973
-242.919098,37,3613.032303
87.223497,34,3613.239234
-247.670517,37,3613.434099
-134.54772,21,3613.528462
-125.174715,19,3613.610646
-226.220753,35,3613.771964
-246.825474,37,3613.926846
-232.787988,37,3623.732218
-285.575495,44,3624.026842
-246.274233,38,3624.201062
-242.405363,37,3624.357225
-38.624233,24,3624.464093
33.32087,28,3624.576667
-142.715077,24,3624.676511
-281.042908,42,3624.848554
54.730774,24,3624.951995
-49.411204,26,3625.091648
-219.502114,35,3625.232907
-128.329206,20,3625.313832
-221.058004,35,3625.466907
-24.818187,23,3625.570872
-506.750959,71,3625.854411
-224.207557,35,3625.999876
-157.241287,25,3626.106054
-248.699159,37,3626.264053
-121.249045,18,3626.338192
-140.919103,37,3626.496411
-564.40963,84,3626.855093
-250.763526,37,3627.008488
-127.028781,40,3627.184293
-257.652664,37,3627.342706
-230.496222,36,3627.501249
-239.21257,37,3627.651193
-240.816035,35,3627.796476
8.781401,30,3627.919318
-142.160027,24,3628.017566
-147.063918,25,3628.119466
-234.562617,37,3628.273818
-183.948507,30,3628.399573
-241.06586,37,3628.549731
-130.158688,37,3628.711593
-236.812959,37,3628.87245
-124.339988,19,3628.960929
-29.450155,21,3629.061253
-116.793264,19,3629.144706
-221.789988,33,3629.286692
-242.899867,37,3629.442843
-112.245213,18,3629.51468
-260.76556,37,3629.778283
-127.804781,35,3629.929006
-196.447548,47,3630.135595
-252.40661,37,3630.295904
-165.762138,27,3630.40715
-149.141931,37,3630.56598
-42.866703,23,3630.663725
46.904773,26,3630.774018
-248.714978,37,3630.941998
73.358625,51,3631.182862
-192.309367,33,3631.573458
-28.075251,33,3631.788312
-243.035788,37,3631.976411
-244.221888,37,3632.145186
-234.14418,61,3632.405297
-53.048612,26,3632.52076
-139.245044,37,3632.682423
-205.45914,33,3632.825653
-263.235604,37,3632.977538
-119.433814,19,3633.057431
-262.789768,37,3647.641034
-101.188584,36,3647.835333
-337.53434,51,3648.118113
-140.138512,24,3648.243644
-28.509732,20,3648.330283
-257.75925,37,3648.484863
-242.339207,37,3648.649449
-129.554549,41,3648.818664
-130.285454,20,3648.9031
-239.18975,52,3649.12501
-7.682156,33,3649.258552
-60.128666,26,3649.363597
-253.755417,37,3649.517242
-141.586578,45,3649.704891
-244.698964,37,3649.853674
-618.1691,101,3650.278368
-170.922733,26,3650.388171
-45.437058,23,3650.490875
-259.090925,37,3650.646547
-16.113446,19,3650.728671
-257.905067,37,3650.890543
-132.695396,38,3651.055983
-255.721597,37,3651.196568
-205.874133,33,3651.33072
-256.157728,37,3651.483569
-119.104402,20,3651.563445
-252.48165,37,3651.717952
-202.141092,31,3651.846917
-324.083568,47,3652.038992
-438.10478,75,3652.357421
-134.227052,24,3652.45065
-8.958523,18,3652.525456
-234.945916,36,3652.666987
-200.098847,32,3652.795059
-244.102951,48,3652.993223
-250.767701,39,3653.150886
-122.828147,21,3653.233811
-315.440942,48,3653.432313
-261.505233,37,3653.591041
-241.347646,37,3653.740903
-260.304834,37,3653.886926
-44.9381,23,3653.981168
-246.852763,37,3654.13533
-137.67717,35,3654.277561
-145.327798,22,3654.364992
-150.928908,37,3654.513058
-239.664199,37,3654.663379
-41.794474,23,3654.752218
-29.853535,21,3654.849965
-143.792512,25,3654.957311
-183.170298,78,3655.265685
-152.195214,55,3655.49823
-262.023793,37,3655.645407
-66.352571,28,3655.759422
-129.78363,20,3655.851117
-708.591849,97,3666.496877
-29.672069,20,3666.599521
-242.62959,37,3666.748672
-191.23775,33,3666.881255
-138.124272,37,3667.04599
-244.243717,37,3667.188128
-160.765398,76,3667.509366
-265.789931,37,3667.661104
-478.425745,98,3668.173964
-178.881896,28,3668.292166
-258.433575,37,3668.450566
-347.829804,55,3668.687905
-77.783358,31,3668.813054
-39.378334,41,3668.982713
-194.696772,101,3669.389654
-256.845568,37,3669.538774
-190.188511,54,3669.75243
-241.231324,39,3669.905884
-581.052262,93,3670.285608
-142.469157,37,3670.440186
-182.958037,28,3670.558895
136.938643,47,3670.750605
-136.315154,23,3670.847512
-11.323744,19,3670.921367
-112.076146,18,3670.995602
-234.450025,37,3671.151323
-235.532238,37,3671.299458
-136.687822,23,3671.395741
-248.162762,40,3671.556771
203.784836,49,3671.761268
66.181303,22,3671.852997
54.570582,23,3671.945839
-119.799994,52,3672.176339
-627.144403,101,3672.584874
-191.480289,30,3672.704886
-179.111442,28,3672.820171
-257.614054,37,3672.968293
-128.311333,23,3673.061361
-214.7444,34,3673.198256
-121.285357,19,3673.275395
-153.80844,37,3673.440109
-257.504354,37,3673.693076
-266.449236,37,3674.027521
-186.553229,50,3674.431964
45.719589,26,3674.662223
-245.373496,37,3675.027321
-234.217448,37,3675.375179
-232.920647,35,3675.693963
-246.160955,37,3675.898941
-242.194785,37,3676.047957
-27.460451,20,3676.126423
-241.976742,37,3685.021636
-259.791846,37,3685.195677
-43.393916,23,3685.314184
-131.152761,21,3685.399787
-260.949599,37,3685.557645
-207.019306,47,3685.74734
63.954691,37,3685.903646
-254.379945,37,3686.054761
-158.152095,37,3686.222345
-22.982055,20,3686.303659
-322.535403,47,3686.498979
-216.137456,36,3686.643004
-135.738513,37,3686.808817
-244.464131,37,3686.963229
-61.737559,27,3687.070125
-40.146895,23,3687.159322
-213.073782,47,3687.368198
-120.871141,18,3687.447134
-171.944238,37,3687.596245
-54.672823,39,3687.765494
-212.690757,33,3687.89576
-236.247393,37,3688.044929
-254.059926,37,3688.191072
-236.674295,35,3688.32909
48.125059,37,3688.486692
-27.559875,20,3688.572104
54.947172,27,3688.691302
-25.176822,20,3688.775034
-79.027363,29,3688.895327
-123.10725,19,3688.972564
-192.393865,32,3689.096034
-240.197507,37,3689.242377
-129.171764,20,3689.321913
-185.469123,30,3689.445963
-284.757387,44,3689.631785
-208.851217,34,3689.77293
-215.150209,35,3689.912778
-77.704347,31,3690.036149
-252.249224,38,3690.202387
-151.853104,28,3690.31981
-62.361665,28,3690.435816
-14.926937,19,3690.516283
-64.862879,27,3690.629907
-157.601754,25,3690.730298
-307.597565,50,3690.933032
-224.857051,35,3691.203597
-140.809671,37,3691.360111
-126.412554,34,3691.646917
-244.450315,37,3692.180182
-251.219409,37,3692.42183
-320.26807,48,3692.637739
-238.118567,37,3692.78696
150.907905,23,3692.880761
-124.920212,19,3692.958052
-433.2251,73,3693.263121
-23.325233,21,3693.346028
-240.214974,37,3693.499206
-262.254356,37,3693.659769
-61.240303,26,3693.764559
-16.401707,19,3693.838141
-182.10447,30,3693.957007
-129.866651,36,3694.099785
-14.89211,19,3706.548899
-234.595125,34,3706.86908
-190.28445,32,3707.0211
-133.841944,22,3707.134609
-191.157957,32,3707.274828
-120.480516,19,3707.347832
-119.811138,19,3707.42587
-56.551444,24,3707.521739
-220.845172,35,3707.661533
-249.437067,37,3707.805319
-240.656622,37,3707.95186
-140.050459,36,3708.094682
-24.371437,20,3708.174147
-250.669308,37,3708.317731
-206.051909,33,3708.446907
-257.349878,37,3708.59632
-57.125926,27,3708.706611
-259.812566,37,3708.862681
-17.759289,19,3708.953873
-242.695173,37,3709.157888
-263.13605,37,3709.307827
-242.275946,37,3709.454239
-258.256406,37,3709.599501
-223.574066,50,3709.804433
-18.813633,19,3709.879535
71.364529,37,3710.030297
-239.266065,37,3710.176849
-142.899549,25,3710.288538
-246.929829,39,3710.445495
-233.021731,36,3710.590738
-269.119538,41,3710.762335
-24.599711,20,3710.89002
-11.615919,34,3711.027736
-126.403746,22,3711.12136
-140.873452,37,3711.269596
-25.256689,55,3711.495046
-205.401226,44,3711.685854
-269.377675,37,3711.840744
-401.885612,69,3712.115669
-247.005247,37,3712.269911
-59.668143,27,3712.379821
-246.175986,37,3712.533795
-133.036227,36,3712.681296
0.173017,60,3712.92519
-247.18789,41,3713.098436
-354.916877,51,3713.305408
-11.889876,19,3713.38355
77.668484,39,3713.541096
-246.200491,37,3713.709378
-31.82144,22,3713.796141
-252.351897,51,3714.331938
-114.85625,19,3714.47685
-251.028919,37,3714.670078
-263.82794,38,3714.833742
-121.650523,21,3714.926069
-129.44984,37,3715.07584
-63.797361,37,3715.227269
-136.637729,58,3715.468024
-47.200459,24,3715.578372
-225.052579,34,3724.068166
-98.033557,31,3724.28669
-666.658322,101,3724.728842
-244.260537,37,3724.87301
-133.858921,21,3724.95439
-145.485578,37,3725.105189
-41.475283,26,3725.212897
-241.093835,37,3725.375834
-238.105202,37,3725.528506
-243.078606,37,3725.675225
-127.928566,21,3725.76027
-130.681674,20,3725.844815
-150.176829,24,3725.943312
-26.305053,22,3726.035088
-256.516287,37,3726.263919
-47.333343,23,3726.36447
-253.28345,37,3726.514944
-242.442353,37,3726.677194
-19.726271,19,3726.752888
-33.265598,36,3726.900042
265.688002,37,3727.057216
-24.484982,20,3727.144931
77.632008,23,3727.245965
170.142362,24,3727.35911
-95.463028,30,3727.491549
-173.331494,27,3727.60659
-31.895721,21,3727.691739
-172.666975,31,3727.817417
-78.758288,30,3727.946231
-181.628723,29,3728.067368
-281.713834,37,3728.221747
-251.477028,37,3728.36716
-120.015237,19,3728.449786
-255.920234,41,3728.621865
49.594801,43,3728.804192
-237.927481,37,3728.957547
-88.127692,31,3729.092053
29.791388,28,3729.208841
-246.27424,38,3729.357775
-162.01548,40,3729.524598
-31.647148,22,3729.619851
-258.117913,37,3729.769622
-312.932596,61,3730.023372
72.400248,21,3730.107114
-29.766924,21,3730.195397
-356.491002,50,3730.397668
-242.630732,37,3730.552249
-27.830997,21,3730.634624
-156.583512,27,3730.762081
-27.30056,21,3730.847027
-72.060878,28,3730.969965
-39.100105,22,3731.061147
-254.167039,37,3731.216822
-239.624894,37,3731.373553
-25.717649,21,3731.457302
-255.469576,37,3731.609223
-164.1441,41,3731.994975
-240.950376,37,3732.309357
-260.061247,37,3732.665634
-254.913199,37,3733.015781
-248.576163,37,3733.3983
-163.117667,27,3733.618633
-35.692596,23,3733.877858
-18.218709,34,3734.730616
-266.040977,37,3744.631671
-445.843737,62,3744.907791
-21.263578,20,3744.987303
-33.585819,22,3745.074074
-349.795312,56,3745.320951
-174.794214,52,3745.537475
-153.310259,37,3745.685132
-284.430559,53,3745.897245
-247.433974,37,3746.043617
-241.307767,37,3746.201224
-243.756447,51,3746.422244
-63.395651,28,3746.539512
-74.699187,28,3746.66075
-380.33721,53,3746.88014
-234.825008,37,3747.044475
-342.070206,52,3747.26426
-234.040937,51,3747.476842
-318.6508,47,3747.671716
-121.602242,19,3747.75451
-128.545127,36,3747.90088
-153.815202,37,3748.051423
-122.005523,19,3748.128168
-138.644438,22,3748.220957
-130.231875,20,3748.307335
-163.124597,27,3748.416411
-398.892169,55,3748.644628
-69.549425,30,3748.771641
-1.066853,32,3748.90357
-44.207411,22,3748.991275
-241.787971,37,3749.136549
-251.292396,40,3749.295748
-261.864192,37,3749.452097
-161.217437,26,3749.558503
-132.055052,36,3749.714764
-273.457093,40,3749.889255
-176.138738,32,3750.022557
-259.591834,37,3750.599643
-33.31382,23,3750.823636
-146.959932,25,3750.939005
-115.322839,33,3751.080687
-261.593055,37,3751.254792
-90.272146,32,3751.4167
-125.415714,20,3751.502777
-97.374094,62,3752.548135
-247.103312,37,3752.737321
-244.167452,37,3752.889219
-255.072063,37,3753.049144
-128.93692,20,3753.128883
-636.720488,101,3753.55593
-27.276535,20,3753.643095
-205.364361,32,3753.775701
-231.195722,37,3753.927214
-330.526937,48,3754.136016
-237.661087,37,3754.293143
-261.195594,37,3754.450204
-246.58149,37,3765.994141
-20.052563,19,3766.119788
-257.575218,37,3766.278846
-72.986675,30,3766.402154
-422.879848,60,3766.686462
-231.143276,37,3766.843617
-216.204233,33,3766.989924
-266.815774,41,3767.176972
-170.115936,27,3767.294248
-33.666266,23,3767.390158
-242.645602,46,3767.583576
-261.439453,37,3767.737701
-152.578176,25,3767.841612
81.267611,56,3768.081402
-199.852674,31,3768.216231
-126.257327,19,3768.292923
-165.859206,26,3768.399319
-208.673829,34,3768.534083
-177.117214,27,3768.641489
-137.882541,37,3768.798332
-142.168196,26,3768.911399
-504.270344,101,3769.345838
-174.79611,27,3769.45921
-178.010265,29,3769.581829
-47.747212,24,3769.685275
-15.726497,19,3769.761523
-266.62233,37,3769.914736
-156.469496,37,3770.063193
-127.966146,20,3770.149898
-214.647648,37,3770.295858
77.185109,43,3770.469368
-579.371883,99,3770.902952
68.466082,21,3770.990402
-50.660557,26,3771.110595
-417.7408,77,3771.449421
-232.390073,37,3771.603492
-45.361599,25,3771.705687
-228.562566,36,3771.851842
-189.046619,93,3772.229658
-243.409619,37,3772.384283
-18.066537,19,3772.4595
-174.8524,27,3772.574051
-28.114886,22,3772.664837
-82.234897,31,3772.791718
-199.918551,30,3772.910617
-169.32298,60,3773.143319
-30.625901,22,3773.23467
-48.625494,26,3773.341342
186.983046,56,3773.575213
-189.313875,29,3773.714802
-236.790972,37,3773.869026
-18.061325,19,3773.952083
-110.131083,33,3774.085526
-431.548267,68,3774.376791
-457.358221,59,3783.066467
87.479271,37,3783.301833
-152.020788,27,3783.433747
65.575518,22,3783.526582
-140.92562,24,3783.629187
-23.251732,20,3783.738106
-26.157997,20,3783.819366
-235.830623,37,3783.97562
-28.521216,22,3784.064447
-127.672461,22,3784.161921
-268.377843,37,3784.312648
-219.421378,34,3784.447833
-38.513554,22,3784.536422
-258.684105,37,3784.693858
-29.763242,21,3784.778406
-132.936147,36,3784.927809
-133.465811,39,3785.08788
-243.061405,77,3785.406461
-145.287731,37,3785.633486
-25.676458,21,3785.930065
-243.323245,37,3786.094399
-203.83627,41,3786.263475
-84.689376,30,3786.391775
-23.833287,21,3786.474153
-251.943089,37,3786.631398
-121.261095,19,3786.709683
-31.456653,23,3786.796571
-12.0752,18,3786.86969
-19.308159,19,3786.944928
-182.283359,29,3787.064486
-120.121658,18,3787.13925
-22.973619,21,3787.22934
-84.893221,31,3787.36045
-123.245327,19,3787.437168
-43.710134,23,3787.530385
-169.26216,27,3787.64279
-275.156181,46,3787.832237
-161.579253,39,3787.995213
-244.313832,37,3788.144647
-24.425772,21,3788.228869
-131.418309,36,3788.377175
-231.12201,36,3788.523554
-16.932891,19,3788.602505
-132.856898,22,3788.699629
-253.369816,37,3788.858359
-239.794357,37,3789.010815
-237.269711,37,3789.158932
-251.266125,37,3789.314873
-254.275658,37,3789.470408
-20.850289,19,3789.549326
-165.181588,26,3789.659816
-256.844484,37,3789.804813
-576.435187,90,3790.215212
76.159059,57,3790.460611
-285.513923,42,3790.638971
-53.111629,27,3790.748027
-250.663005,39,3790.912878
-167.974563,41,3791.077701
-175.5488,28,3791.193572
-17.986824,19,3791.273382
-230.652794,37,3791.511122
-185.734012,29,3791.819211
-129.481889,22,3792.016211
-283.040756,43,3792.407395
-126.472952,19,3792.568142
-70.074066,28,3801.61452
-16.064911,19,3801.761993
-309.035586,45,3801.986401
-375.83981,55,3802.215034
-40.032087,22,3802.31246
-141.37598,81,3802.65675
-123.137491,32,3802.789181
-268.724072,40,3802.955396
-42.269369,38,3803.112392
-260.121251,37,3803.276044
-242.445699,37,3803.431171
-139.210045,57,3803.676565
-246.226759,37,3803.833319
-19.075418,20,3803.915147
-245.745443,37,3804.060481
-251.405633,39,3804.225129
-126.15599,21,3804.314177
-124.070245,19,3804.390678
-25.812716,20,3804.478877
-132.000942,21,3804.569243
56.852351,24,3804.671977
-172.866483,28,3804.790466
-257.592002,37,3804.947756
42.950532,24,3805.048219
-22.893653,20,3805.134474
-164.954014,28,3805.252941
79.697525,39,3805.417361
-255.326202,37,3805.576397
-260.495445,37,3805.732983
-45.007586,24,3805.826734
-59.415024,27,3805.935664
-146.297145,39,3806.092641
-241.207511,37,3806.250426
-259.046313,37,3806.404705
-261.998501,37,3806.552991
-284.831885,41,3806.729128
-23.962316,22,3806.818072
-28.316205,21,3806.906248
-148.055613,24,3807.007077
86.799243,26,3807.1191
-49.013102,25,3807.22797
-251.701844,37,3807.404594
-148.108621,36,3807.569363
-29.680552,21,3807.652476
-21.103889,19,3807.730608
-13.111323,19,3807.806457
-244.385829,37,3807.961801
-18.411654,19,3808.038958
-89.663002,30,3808.163804
-136.800268,22,3808.25983
-247.388584,37,3808.419364
-35.708697,24,3808.520868
-471.53819,80,3808.975461
-264.450142,37,3809.120842
-44.056794,24,3809.221249
-241.355558,37,3809.376939
-234.286573,37,3809.530477
242.570006,27,3809.643329
-25.036521,20,3809.735333
-266.163343,43,3809.925911
-22.083027,35,3810.068456
-245.77035,37,3810.222878
-186.181308,28,3810.343919
-253.772687,37,3822.022686
-255.730006,37,3822.237936
-304.897378,42,3822.419653
-205.638544,34,3822.560141
-22.455666,20,3822.644599
-543.360774,72,3822.954319
-129.418721,20,3823.034563
-412.401828,87,3823.396945
-130.35408,21,3823.482705
-220.029838,34,3823.618897
164.150408,30,3823.747269
-117.803356,19,3823.828297
-240.885164,37,3823.978729
-312.66164,56,3824.20724
-157.769087,27,3824.317718
-164.142846,26,3824.431327
-141.634924,37,3824.584162
-232.700805,37,3824.73156
-54.586381,24,3824.826857
64.919796,42,3825.004209
-154.282526,26,3825.117951
-594.773138,82,3825.452951
-167.630293,44,3825.629174
78.58247,40,3825.790705
-454.619851,90,3826.177526
-258.41376,37,3826.32423
68.37584,22,3826.415754
-241.207177,37,3826.571263
-325.135257,53,3826.826769
-239.473176,37,3826.981733
-149.059833,24,3827.078563
-118.312013,33,3827.218844
-255.237132,37,3827.372272
-89.710841,33,3827.520292
-158.165733,37,3827.671596
-168.729758,27,3827.786079
-175.028136,28,3827.902063
-590.582982,79,3828.222895
-144.484718,23,3828.315113
-470.973305,101,3828.72703
-169.243825,27,3828.838838
-283.821662,42,3829.010339
-15.946547,19,3829.089834
-290.985153,44,3829.26344
-232.284608,52,3829.485395
-273.538434,39,3829.6561
-224.740433,47,3829.843105
-273.560842,40,3830.010685
-33.874119,22,3830.102261
-167.89529,42,3830.27675
-20.216423,19,3830.355072
-252.197261,37,3830.506104
-256.693296,37,3838.858513
-21.208615,21,3838.970843
-124.342375,19,3839.05605
-160.715345,100,3839.480046
-272.548745,39,3839.641631
-119.555736,19,3839.721432
-258.745958,48,3839.931438
-243.032365,37,3840.087804
-125.332815,36,3840.250023
-442.305432,65,3840.527085
-166.568619,28,3840.651511
-83.599338,30,3840.772112
-10.149222,19,3840.850016
-270.518509,37,3840.999355
-246.926742,37,3841.14956
-254.291376,37,3841.309259
158.976208,26,3841.417236
-128.890752,20,3841.505553
-231.66847,52,3841.866442
-94.607261,34,3842.156344
-175.339206,38,3842.8043
-26.830166,23,3842.929263
-51.755959,26,3843.054503
-159.358408,41,3843.23985
-122.440603,19,3843.317205
-16.132357,19,3843.406275
-34.472306,22,3843.509962
45.45586,26,3843.62768
-19.686886,20,3843.715777
-131.436818,23,3843.813915
-223.493727,38,3843.973531
-356.451617,54,3844.211872
-135.014932,22,3844.303689
156.294855,31,3844.433556
-242.497957,37,3844.600076
-132.421043,36,3844.748093
-19.031354,19,3844.826442
-237.677158,37,3844.979919
-19.180783,19,3845.064356
-236.38569,37,3845.222247
-184.546553,29,3845.345882
-30.785197,21,3845.433085
-235.815803,35,3845.581721
-32.401656,23,3845.689421
-245.623371,44,3845.872935
-163.203661,27,3845.982958
38.453544,28,3846.096101
-244.775294,37,3846.237999
-203.765427,32,3846.366286
-149.906969,24,3846.466529
-20.082,21,3846.551309
-132.80135,21,3846.639642
-201.103422,30,3846.76145
-42.940503,23,3846.858029
-247.670385,37,3847.013488
-126.553847,20,3847.091386
-378.19271,61,3847.364274
-44.494155,37,3847.581272
-256.515908,37,3847.948049
-22.309699,21,3848.173898
-262.722199,37,3848.517648
-148.111765,23,3848.740517
-256.130671,37,3849.611507
-28.297129,20,3849.790991
-260.446803,53,3857.785752
-251.653639,37,3857.939361
-143.262051,23,3858.030057
-175.039328,29,3858.152079
-14.463974,19,3858.232761
-28.822007,20,3858.321248
-126.790045,36,3858.468868
-239.583302,37,3858.62208
-25.336672,20,3858.70939
-199.560943,34,3858.861792
-765.240667,101,3859.31668
-253.095201,37,3859.475148
-226.126143,34,3859.61928
-258.108036,37,3859.779399
-103.025929,33,3859.91904
-19.546045,19,3859.997535
-130.146057,20,3860.08279
-234.631558,37,3860.245197
73.548323,40,3860.416305
-258.236761,37,3860.573039
-249.511861,37,3860.726073
-27.752539,21,3860.816121
-258.409861,37,3860.972609
-26.832939,20,3861.052823
-128.909926,21,3861.134456
-187.673782,30,3861.256401
139.081168,50,3861.465461
-122.715319,19,3861.550142
-125.28966,20,3861.633741
-27.115668,20,3861.717717
-132.331045,22,3861.818065
-246.472491,37,3861.975781
-149.572959,37,3862.13655
71.7083,23,3862.237883
-244.886043,37,3862.401075
74.874229,42,3862.579779
-35.791954,22,3862.670727
-148.224172,37,3862.826549
-239.559273,37,3862.981802
-34.059987,23,3863.074848
-246.04728,37,3863.224639
-137.544171,24,3863.32334
-128.077586,21,3863.407902
-248.057789,37,3863.566121
-30.647938,20,3863.646548
-32.786858,24,3863.750175
50.328215,23,3863.851941
-242.364996,37,3864.004991
-31.701627,20,3864.085245
-258.086806,37,3864.246976
-119.548656,20,3864.325418
-241.254625,37,3864.477204
-249.737155,39,3864.635489
-134.447775,22,3864.738951
-53.028778,26,3864.848555
-258.07039,41,3865.026407
-23.936866,21,3865.19729
-153.713084,39,3865.372153
-260.65557,37,3865.526778
-177.054357,28,3865.643919
-212.189423,44,3865.818523
-28.484652,23,3865.91464
-230.812366,37,3866.072551
-258.373943,37,3866.221319
-273.052697,42,3877.150035
-453.898265,63,3877.484037
-117.837546,34,3877.630678
-175.30048,44,3877.81425
-169.742535,46,3878.009963
-50.12199,27,3878.118443
-203.349184,32,3878.248831
-133.56877,34,3878.390328
166.735124,25,3878.491758
-238.072894,37,3878.641883
-68.490011,28,3878.773958
-122.74143,19,3878.848513
-35.523535,23,3878.944167
-768.306605,101,3879.364077
-258.237237,37,3879.520695
-129.554288,20,3879.599718
69.081648,22,3879.690053
-254.447565,37,3879.848155
-30.55906,21,3879.930909
-245.826141,37,3880.079659
235.099561,47,3880.272836
-578.565139,82,3880.631581
-178.527517,28,3880.743802
-117.15934,34,3880.8829
-131.877456,22,3880.968322
-66.630858,29,3881.092732
-158.645616,28,3881.210914
-23.169947,19,3881.284501
-167.148587,26,3881.395822
-239.838803,37,3881.544711
-123.0944,19,3881.624099
-102.555026,31,3881.751659
-145.289802,24,3881.848828
-45.60812,24,3881.949331
-28.187653,21,3882.033935
-234.198934,50,3882.238785
-68.474204,30,3882.36748
-83.041815,34,3882.51159
125.979185,27,3882.623715
-97.552972,58,3882.870272
-62.31984,28,3882.991142
-126.100268,19,3883.070534
-236.121955,37,3883.229309
-135.336099,23,3883.329055
-245.358837,37,3883.482182
-163.177383,26,3883.591771
-185.053006,46,3883.801673
-147.613062,47,3884.003455
-17.771542,35,3884.147768
-241.415418,37,3884.306576
-29.514133,21,3884.397453
72.187515,21,3884.484287
-205.769707,35,3884.634632
20.631409,29,3884.750747
-206.995253,34,3884.894429
-43.005076,73,3885.197165
-241.359103,37,3885.361457
130.508918,32,3885.777713
-24.301681,19,3885.863684
-246.062425,37,3886.011695
-583.452082,79,3892.753708
-143.593133,35,3892.904459
-149.324815,24,3893.004156
-129.325843,20,3893.088949
-182.435277,41,3893.260206
-182.057705,29,3893.374792
-50.740214,24,3893.47537
-117.246679,19,3893.553612
-232.044957,36,3893.711027
-14.286903,34,3893.863734
-251.623381,37,3894.018299
-134.1032,23,3894.11397
-181.227289,31,3894.252675
-255.501506,37,3894.409392
-155.046432,25,3894.521156
-244.372351,37,3894.673803
-223.686672,43,3894.857415
44.798483,27,3894.971721
-251.757092,37,3895.128032
-267.822775,37,3895.277473
-16.862388,20,3895.358595
-28.113904,20,3895.442053
-249.850914,37,3895.596447
-124.95862,19,3895.678479
27.1347,28,3895.796704
-83.171259,31,3896.044449
-18.678802,19,3896.128194
-214.075108,37,3896.285888
76.040912,21,3896.373226
-34.287108,22,3896.463617
-169.003163,28,3896.583838
-94.892619,31,3896.715911
-594.129944,86,3897.077046
-154.64834,24,3897.178061
-435.143854,73,3897.502768
68.07451,21,3897.592569
-43.49468,26,3897.707311
-132.250014,35,3897.863053
-23.036713,19,3897.938643
-89.864616,31,3898.070537
-170.965944,28,3898.192434
-36.867007,22,3898.282203
-238.809417,37,3898.445621
-466.92048,63,3898.722181
-246.720861,36,3898.878487
-7.389703,35,3899.029155
-21.085054,20,3899.117412
-253.913146,37,3899.275627
-611.538294,101,3899.69636
150.64551,32,3899.829006
-245.599257,37,3899.988091
-260.629904,37,3900.143074
-273.129421,43,3900.327503
-146.814379,24,3900.42646
164.25541,25,3900.534894
-142.039352,23,3900.63418
-245.761552,37,3900.785974
-122.971955,19,3900.866429
-235.48035,35,3901.018736
74.752849,21,3901.104335
-129.711962,20,3901.189524
-51.37531,37,3911.00395
-27.837621,20,3911.120289
-161.609898,27,3911.244668
191.517695,19,3911.32497
-250.522503,37,3911.491642
-238.42974,37,3911.646447
-236.057952,37,3911.806318
-244.568313,39,3911.967451
-419.309434,101,3912.386074
-118.980363,18,3912.463707
-228.740164,35,3912.608433
74.597213,20,3912.691896
-118.370474,18,3912.766747
-204.06622,46,3912.9603
-131.147237,20,3913.041687
-258.453804,37,3913.201472
-233.750915,37,3913.36106
-270.125297,37,3913.51884
-181.373025,29,3913.642274
-118.837665,19,3913.729683
-9.747228,33,3913.87064
-248.781891,38,3914.031716
-245.03461,37,3914.191351
-239.952842,37,3914.344322
-20.203554,19,3914.425115
148.907503,26,3914.538014
-271.994855,41,3914.714162
5.79544,66,3915.006956
-243.411446,37,3915.170012
-124.96451,20,3915.254316
-262.444564,37,3915.405448
-32.039652,22,3915.499041
-9.137547,18,3915.577876
-258.939984,37,3915.735718
-24.604608,21,3915.823316
-259.879521,37,3915.97583
-169.200214,40,3916.143852
-501.683863,101,3916.5817
-254.341078,37,3916.745672
-64.707591,26,3916.854793
-246.736078,37,3917.011573
-33.186883,23,3917.108649
-185.125482,30,3917.241097
-46.533909,25,3917.348422
-34.5075,22,3917.443342
-660.378303,101,3917.887743
-30.418419,21,3917.979139
-134.252303,36,3918.129357
-37.284223,22,3918.224957
-116.83424,20,3918.312364
-253.141068,37,3918.465157
178.82786,35,3918.612352
-136.109853,37,3918.774914
-13.977634,19,3918.858929
-262.809073,37,3919.10169
-179.877686,29,3919.28524
-64.206594,54,3919.528543
-129.400443,20,3919.61529
-560.423722,101,3928.332135
84.181784,20,3928.43034
107.539857,31,3928.566854
-137.686933,21,3928.671783
-721.113198,101,3929.112418
-254.798701,37,3929.271392
-131.562233,20,3929.36063
-239.278518,37,3929.519595
-414.610405,59,3929.757575
118.441704,28,3929.876801
-46.128696,24,3929.980664
-251.731048,37,3930.139874
285.572016,21,3930.23287
-194.274484,34,3930.384182
-129.810197,21,3930.476278
-255.578708,37,3930.633366
57.915984,23,3930.732659
-123.830831,37,3930.89192
-58.117268,24,3930.992384
-134.715082,21,3931.08039
-261.141896,37,3931.244297
-196.65304,30,3931.369364
-21.320383,19,3931.454717
-15.782211,19,3931.539193
-123.845593,19,3931.612144
-29.959774,21,3931.699481
-175.976994,28,3931.815605
-47.20318,24,3931.915773
101.938635,24,3932.020823
-30.817588,23,3932.117571
36.109467,40,3932.293973
-146.449708,36,3932.692457
-151.265533,25,3933.09791
-118.148043,20,3933.207544
-262.554766,37,3933.376506
-47.242748,25,3933.484679
-75.628223,29,3933.606218
-234.625258,37,3933.767628
-173.672391,46,3933.964105
-130.3463,20,3934.04462
-15.66424,19,3934.128876
-147.588059,37,3934.279609
-16.558525,34,3934.425445
-31.68267,22,3934.521547
-186.472223,31,3934.659056
-109.237655,34,3934.80121
-345.458769,51,3935.026378
-122.567891,35,3935.185109
-409.865199,77,3935.521137
-69.535889,29,3935.647706
-14.140727,54,3935.882254
-635.692992,101,3936.318276
-227.3141,36,3936.463039
-181.4388,30,3936.591562
-113.925189,19,3936.676427
-454.85821,67,3936.963887
-257.181434,37,3937.120527
29.033632,28,3937.237597
12.461084,30,3937.366399
-64.783283,28,3937.48551
-22.947573,20,3944.751523
-176.043234,30,3944.958571
-70.905927,43,3945.173539
-247.318268,36,3945.328576
-302.634779,55,3945.570943
-246.522507,37,3945.724447
-43.730263,25,3945.830301
-148.269675,39,3945.99898
-301.681029,82,3946.34066
-19.546845,19,3946.418333
-161.08531,25,3946.523174
-124.748185,20,3946.60931
-175.787006,31,3946.763411
-67.685139,30,3946.883952
-18.452638,20,3946.965489
-246.364915,64,3947.239017
-255.302109,37,3947.402709
-19.093197,19,3947.482555
-255.566008,37,3947.634113
-130.19156,22,3947.727072
-357.337307,51,3947.948081
-247.933345,37,3948.111115
-259.361058,37,3948.268975
-255.753988,37,3948.428832
-235.452612,36,3948.573447
-139.625915,22,3948.660923
-226.744212,36,3948.892758
-224.400211,36,3949.044928
88.697294,19,3949.125253
-240.79176,37,3949.281513
-262.081668,37,3949.437187
195.363405,19,3949.521269
-133.439545,35,3949.664638
-248.417263,37,3949.819969
-263.641144,37,3949.969177
-62.09188,26,3950.082008
-234.18673,37,3950.24256
-203.655052,44,3950.420348
78.414659,27,3950.541604
-138.088718,37,3950.701878
-21.500146,20,3950.790814
-238.210265,37,3950.946515
-22.206073,20,3951.02907
-348.457014,49,3951.22849
-462.543793,62,3951.482621
-223.680648,42,3951.657263
-54.32982,25,3951.763036
-245.039537,37,3951.921306
-236.727949,37,3952.079582
-249.156042,38,3952.24376
-258.342065,37,3952.398971
-239.907239,37,3952.560204
14.632417,29,3952.67957
-196.91519,28,3952.800564
-201.666645,59,3953.059535
-134.159698,23,3953.149957
-237.356937,37,3953.309382
-29.504365,21,3953.395344
-35.035173,22,3953.487647
33.751803,27,3953.605834
23.554892,32,3962.727031
-252.109534,37,3963.221665
-257.300272,37,3963.422781
-132.714262,22,3963.515471
-96.048373,30,3963.642254
-9.869196,18,3963.717867
-247.177005,36,3963.881516
-233.832773,35,3964.034379
-123.465057,19,3964.113756
-238.922777,37,3964.276731
-234.444109,37,3964.432282
151.086999,26,3964.546395
-249.306878,39,3964.720106
-248.653603,37,3964.879171
-111.725968,37,3965.039791
-117.823024,20,3965.122934
-116.420798,20,3965.209765
-23.464943,21,3965.312776
-142.318953,37,3965.475633
-267.723291,37,3965.636719
-123.931786,37,3965.7961
-15.161889,18,3965.876085
-665.262846,90,3966.309077
-247.716415,37,3966.475415
2.522862,68,3966.759731
-142.408208,39,3966.922857
-241.89967,37,3967.079136
-249.613729,67,3967.343361
-254.330249,37,3967.509695
53.935432,25,3967.609984
-119.857848,35,3967.756967
-88.669828,31,3967.885605
199.590797,20,3967.974871
-189.395662,68,3968.256081
-240.013449,37,3968.404026
-256.904099,37,3968.560604
-126.651914,21,3968.643503
-112.482556,33,3968.785941
-26.569819,20,3968.868844
-301.077954,44,3969.050296
-256.82595,37,3969.205889
-139.959273,37,3969.351
-72.657467,29,3969.46995
-261.788963,37,3969.621187
-142.536699,37,3969.770667
-251.011134,37,3969.933393
-237.180444,37,3970.086255
-251.298593,37,3970.249462
-218.653885,51,3970.468123
-151.244865,25,3970.575362
-322.155061,52,3970.800979
-30.576741,21,3970.888093
-235.544058,37,3971.040654
-6.679619,37,3971.202198
-51.37117,25,3971.310658
-105.437731,63,3971.676674
-38.368327,22,3971.776063
-159.04526,43,3982.006429
-128.999358,20,3982.106356
-234.999724,37,3982.268729
-113.622287,18,3982.339244
-190.005305,33,3982.480536
-279.066425,42,3982.653112
20.401456,52,3982.866421
-524.180466,101,3983.307957
174.772143,22,3983.397662
-235.089012,60,3983.654794
-148.182069,34,3983.804174
-96.928991,30,3983.936142
-58.699804,37,3984.09218
-240.755937,37,3984.243986
-114.892206,20,3984.325236
-18.094654,20,3984.414614
-256.177291,49,3984.618333
-126.900354,36,3984.774857
-298.07316,42,3984.948315
-71.963764,27,3985.06265
-128.903291,20,3985.14883
-260.81621,37,3985.310151
-143.111575,37,3985.463345
-24.80169,22,3985.555093
-338.810619,49,3985.76693
-30.15347,21,3985.85984
-24.713559,21,3985.951194
-124.543789,19,3986.026896
-131.72484,22,3986.115355
-251.186908,37,3986.275757
-80.624035,29,3986.399556
-254.71206,37,3986.552392
-216.368795,34,3986.694163
-68.726501,41,3986.8685
-18.558074,19,3986.952572
-162.33566,27,3987.066703
-51.031012,24,3987.16418
-239.82646,35,3987.314975
-237.118427,37,3987.46977
-274.373111,42,3987.64722
-27.623406,21,3987.738958
169.193344,46,3987.930926
-118.124095,19,3988.005425
-51.963025,37,3988.160761
-533.756871,101,3988.598509
-250.017507,37,3988.753316
-253.339119,37,3988.913534
-250.764472,37,3989.063056
-128.6548,40,3989.219852
-234.506627,38,3989.380061
-20.142033,19,3989.461364
-104.169546,33,3989.597742
-38.522833,43,3989.780976
145.74394,28,3989.907579
-199.379336,47,3990.107029
-244.631557,37,3990.252361
-45.702172,25,3990.355382
-323.884827,45,3990.537054
-3.009906,31,3998.659665
-121.464506,36,3998.845401
-207.546762,53,3999.083521
-172.131578,30,3999.217339
-178.003666,27,3999.330002
-113.477213,89,3999.733613
-473.522619,64,4000.010171
-296.551666,45,4000.192059
-265.577994,37,4000.351618
-148.080007,24,4000.455924
-28.469189,20,4000.546458
-214.052509,32,4000.679025
-650.697305,101,4001.162934
-47.245693,36,4001.320716
-50.447126,23,4001.416101
-29.637441,20,4001.501817
-242.180037,58,4001.749508
-239.159588,37,4001.910549
15.178044,32,4002.048468
-246.532294,37,4002.21589
-239.891526,37,4002.378457
65.22569,23,4002.47645
-10.458849,43,4002.662886
-167.145815,31,4002.79321
-81.832994,28,4002.91062
-50.78116,26,4003.104271
-260.047377,37,4003.259764
-170.132731,28,4003.383741
45.077645,25,4003.490927
-26.161908,21,4003.586325
-30.072287,21,4003.673181
-40.946219,23,4003.772179
-253.148439,37,4003.93402
-401.756668,62,4004.204213
-84.357512,30,4004.341014
50.889342,25,4004.446217
-158.502999,25,4004.551541
-244.599005,37,4004.706874
-239.645073,37,4004.865476
-221.540073,35,4005.012893
-243.597266,37,4005.173311
-99.342605,30,4005.295496
-47.702011,23,4005.390945
-126.508294,20,4005.472202
-68.41445,27,4005.588148
-264.548313,37,4005.745007
-243.593853,37,4005.900493
-139.891577,24,4005.999729
-250.778934,37,4006.152832
-243.198705,37,4006.3048
20.728718,31,4006.444132
-156.457933,26,4006.556285
-314.460115,72,4006.901456
-18.089423,19,4006.985178
-136.017577,21,4007.077617
-187.126716,28,4007.196872
-126.006751,35,4007.350953
-21.409988,19,4007.429656
-159.12604,37,4016.446543
-48.845472,25,4016.599512
189.443166,55,4016.860186
-259.44255,37,4017.017238
-24.790166,20,4017.102374
-490.902554,101,4017.533399
-129.779711,20,4017.620492
-131.420279,22,4017.711861
-260.247901,43,4017.898326
84.046856,19,4017.976463
-592.931885,86,4018.351544
186.806083,22,4018.444752
-260.966882,39,4018.621164
-118.002281,20,4018.708148
-149.022991,26,4018.825719
-21.802769,19,4018.905317
-258.990833,37,4019.063811
-30.771969,21,4019.155566
-27.44009,21,4019.242081
-206.0133,33,4019.388936
-63.105082,28,4019.509152
-199.386206,31,4019.635337
-130.347113,21,4019.724314
-120.182441,35,4019.875082
-32.293791,21,4019.960973
-166.400981,57,4020.201855
84.471792,19,4020.280575
-255.810039,36,4020.43398
-64.376838,30,4020.56158
-24.246525,39,4020.73476
-34.385955,23,4020.836729
-238.44183,37,4020.994264
-13.355427,39,4021.171656
-276.469222,58,4021.426539
0.670373,47,4021.632154
-251.687204,37,4021.788282
-131.176932,20,4021.876367
-160.531969,26,4021.987913
81.071224,24,4022.090081
-286.196882,57,4022.337831
-121.261343,19,4022.413483
-353.817545,71,4022.718412
-170.000155,73,4023.487116
-91.116623,34,4023.654146
-21.480682,19,4023.73121
-257.608671,37,4023.88795
-126.336191,19,4023.968814
-20.75962,19,4024.052854
-177.818652,27,4024.170651
-26.852516,20,4024.261391
-58.778083,39,4024.422185
-548.709138,101,4024.851687
-9.345409,18,4024.924327
161.723314,24,4025.049611
-156.156095,27,4025.184434
-138.419618,37,4025.361333
-58.556563,26,4025.488667
-250.185263,38,4025.663562
-124.603423,37,4025.847193
177.234336,26,4032.685064
-279.969435,49,4033.376466
-120.647912,35,4033.527086
-233.843599,36,4033.683244
57.831646,23,4033.783426
-23.127921,20,4033.874431
-358.704792,101,4034.304027
-132.37565,37,4034.461079
-237.593155,37,4034.620328
-276.918824,42,4034.791088
-19.185567,20,4034.877545
-273.291344,42,4035.053649
-246.894884,37,4035.212657
-110.415183,34,4035.355158
-125.69241,35,4035.507076
-256.694649,37,4035.669138
-242.28534,37,4035.828504
-243.519459,37,4035.989574
-51.615206,25,4036.09547
-119.878094,18,4036.169629
-18.420415,19,4036.261655
-160.817908,44,4036.458953
-106.433664,33,4036.594548
-243.8236,37,4036.753046
323.560678,46,4036.951757
49.355828,25,4037.062956
-263.42134,37,4037.21093
-28.847761,20,4037.29596
-38.081316,23,4037.390632
-12.185197,32,4037.535622
-168.169267,28,4037.658335
-39.985909,23,4037.757427
-45.665788,24,4037.86119
-211.924993,33,4038.00221
-25.9121,21,4038.092991
-45.923112,23,4038.190303
-129.915137,20,4038.276386
-188.234623,30,4038.409312
-719.109825,101,4038.92962
-251.190028,39,4039.190044
-209.028546,33,4039.447396
-22.489086,19,4039.602689
-124.554799,19,4039.740468
-144.73881,37,4040.203311
-178.900517,28,4040.51505
-184.314938,31,4040.830126
-50.653364,25,4041.117719
-235.09105,37,4041.456614
-586.335191,101,4042.151912
20.979822,36,4042.303201
243.385993,29,4042.423383
-165.919543,42,4042.615584
-233.850506,35,4042.77568
-32.161345,54,4043.018224
-241.984827,37,4043.180078
-280.548137,46,4043.375451
-240.99007,37,4043.536462
49.432073,26,4050.426375
-156.986068,41,4050.663728
-22.798083,19,4050.784788
180.240209,21,4050.921101
-307.175551,42,4051.102571
-237.012077,37,4051.269846
-49.666682,24,4051.3833
-262.912303,37,4051.554314
-50.770703,26,4051.665662
-27.436464,22,4051.761493
-207.523286,31,4051.892903
-151.488607,37,4052.055068
-90.630408,32,4052.193321
-85.247008,43,4052.389237
-200.675391,32,4052.529478
-31.242882,22,4052.62826
-152.676071,27,4052.747658
-27.651247,21,4052.908227
-84.630307,31,4053.461556
-235.185339,37,4053.706899
-245.404399,37,4053.865288
-171.387712,29,4053.98915
-26.441416,20,4054.075684
-238.547226,37,4054.249504
-251.288942,37,4054.409038
-248.48389,39,4054.581367
-210.200578,34,4054.733229
-248.314909,37,4054.887202
-135.976116,37,4055.049301
-148.361792,24,4055.150157
-189.932396,46,4055.348188
-30.456047,21,4055.437755
-130.329289,20,4055.525911
-262.436474,37,4055.687482
-27.799079,20,4055.76905
-55.333358,44,4055.964427
-192.483619,47,4056.31294
-200.867948,30,4056.443182
-263.902062,37,4056.602696
-111.358179,49,4056.824053
-116.624701,18,4056.902145
-153.140769,26,4057.015578
-161.582588,44,4057.1986
-243.294565,37,4057.356689
-302.442183,59,4057.60506
-272.687312,37,4057.764792
186.554315,24,4058.032719
-136.161752,37,4058.355841
-200.193565,47,4058.558343
30.358198,28,4058.679734
-163.78551,28,4058.795526
-344.722466,52,4059.030144
-165.485506,28,4059.153885
-259.100619,37,4059.308682
-41.034874,39,4059.486251
-260.050496,37,4059.64535
-148.230581,37,4059.800158
-144.733735,24,4059.897253
-260.39328,37,4060.054091
-237.716719,36,4060.195871
-258.471518,37,4060.34301
-235.60616,35,4069.437124
-99.704809,44,4069.693677
-580.454654,101,4070.140488
-88.925059,31,4070.265802
-221.39784,48,4070.474597
-227.550282,42,4070.656278
-243.936662,37,4070.809132
-48.548983,26,4070.926563
-662.512551,101,4071.358888
-119.905119,19,4071.435566
-397.163381,62,4071.705946
-113.212792,36,4071.856927
-246.428973,37,4072.013982
-214.193043,33,4072.16157
-16.872918,19,4072.240282
-260.030854,37,4072.393888
-252.725675,37,4072.557312
65.976019,22,4072.647931
-770.656663,101,4073.075616
-198.749623,33,4073.225778
-155.184564,24,4073.326103
-129.332677,21,4073.412812
-156.703776,27,4073.531997
-126.086453,21,4073.621147
-414.131543,64,4073.90067
-87.43697,31,4074.035105
-44.681524,22,4074.12766
-26.242008,20,4074.211212
-242.705129,37,4074.38208
-23.780434,22,4074.473553
-132.047897,22,4074.569222
-65.405276,26,4074.676115
-129.798889,36,4074.83019
-68.65731,25,4074.940479
-244.41636,37,4075.096539
-124.210249,19,4075.172295
-143.437442,49,4075.376108
-121.406727,19,4075.456374
-56.953645,44,4075.639494
-212.690455,32,4075.775592
-121.48924,35,4075.933622
-17.558146,19,4076.015671
-300.633833,48,4076.226697
-129.834344,20,4076.61474
-182.343691,28,4076.76503
158.018038,28,4076.89239
-75.26123,30,4077.026447
-365.259854,54,4077.252468
-74.069897,28,4077.374809
-21.516305,19,4077.458775
-252.272413,37,4077.627549
-239.087597,37,4077.783308
-63.328121,27,4077.898061
-16.470685,19,4077.980424
-271.786534,37,4078.144607
-265.197141,37,4078.300444
-132.528132,23,4078.400721
-202.270149,35,4078.554051
-54.437838,27,4085.905887
-148.963005,36,4086.116621
-58.764816,25,4086.226319
-247.399635,37,4086.385615
-73.040511,30,4086.521144
-97.559918,69,4086.923814
-310.879797,47,4087.1295
-141.698353,37,4087.292425
-67.762886,28,4087.413761
-91.451828,32,4087.548105
101.769187,37,4087.709281
-19.521956,19,4087.791879
-231.855566,37,4087.955247
-25.468432,20,4088.042256
-260.306574,37,4088.198745
-130.067349,20,4088.285665
-244.926893,37,4088.447488
-230.648239,49,4088.652548
-119.318519,19,4088.732919
-28.360354,20,4088.817896
-53.963057,27,4088.934088
-143.884736,24,4089.040105
-124.022688,19,4089.125321
-257.746752,37,4089.281407
-548.315167,101,4089.716055
-239.962626,37,4089.873352
52.826376,60,4090.129065
-235.66616,36,4090.286064
-404.508667,101,4090.71906
-201.257798,53,4090.951627
-140.375666,23,4091.049453
-694.247283,95,4091.472418
-250.089419,38,4091.647592
-84.580977,32,4091.778897
-123.45568,19,4091.863036
-32.530385,22,4091.946958
-259.301402,37,4092.126578
-33.796102,22,4092.263926
-59.261143,27,4092.492705
-29.351354,22,4092.655124
-185.109521,28,4092.852973
-254.423036,37,4093.12608
-288.056986,61,4093.601225
-23.588405,19,4094.308265
-213.735777,33,4094.774556
-252.882492,40,4095.028395
-25.17335,21,4095.141224
-315.061702,48,4095.422596
-245.665634,39,4095.840629
-104.178477,34,4096.111452
-124.709305,19,4096.296247
-158.249413,38,4096.636577
-125.617982,19,4096.779175
-58.335393,27,4096.925941
-210.067952,36,4097.082775
-110.997292,59,4097.336591
178.975017,25,4104.107031
-236.011909,35,4104.307499
-134.085679,23,4104.417527
-40.651692,23,4104.521135
154.060323,26,4104.639021
-27.314494,22,4104.7357
-156.882141,37,4104.892736
185.062555,22,4104.982167
-265.892971,37,4105.139182
-252.724396,37,4105.299488
-49.730647,26,4105.411747
-133.728409,20,4105.497172
-234.24094,54,4105.724303
-57.752242,27,4105.832742
-43.291569,22,4105.920682
-118.951797,34,4106.068572
161.957458,25,4106.179231
-14.004302,19,4106.270005
-92.927661,43,4106.463619
-210.640245,35,4106.616671
-92.22589,45,4106.806865
-204.93607,33,4106.945957
-247.687754,43,4107.121553
-138.187971,24,4107.234425
-152.655159,37,4107.400914
-190.931717,29,4107.524984
-124.283251,35,4107.677314
55.865166,24,4107.784218
-258.237516,39,4107.954679
-52.598743,38,4108.114691
-262.696595,37,4108.274837
-136.486032,36,4108.429106
-186.125135,32,4108.56088
-25.204462,20,4108.646446
-70.945409,42,4108.828757
-244.042622,35,4108.99555
-234.88125,53,4109.223241
-132.596731,21,4109.312507
-264.012102,37,4109.582248
-183.024776,43,4109.773268
-568.370032,101,4110.221891
-93.811189,34,4110.37784
-95.090747,33,4110.525787
-224.52099,36,4110.670066
-162.294975,28,4110.78762
-135.022274,23,4110.882033
-152.680969,48,4111.087226
-122.499258,20,4111.172161
-54.739855,28,4111.292329
-546.425969,101,4111.716306
-251.657205,37,4111.868948
-123.651887,19,4111.951897
-308.74056,47,4112.15286
-132.651864,20,4112.435278
79.99556,20,4112.661655
-188.682937,44,4112.882239
-123.120966,19,4112.966159
-123.250407,36,4113.296327
-469.58941,101,4123.075953
-188.103882,30,4123.223515
-64.24712,28,4123.341926
-244.894868,36,4123.509591
-659.023403,94,4123.922328
-291.172726,44,4124.112256
37.160248,55,4124.343076
-143.902095,36,4124.496439
-249.141499,38,4124.657306
266.869972,24,4124.759878
-46.596672,25,4124.867801
100.062144,38,4125.030971
-170.214032,26,4125.142692
-149.819592,39,4125.308482
-468.171782,101,4125.735099
-45.29002,25,4125.838668
-260.699649,37,4125.992015
-259.680654,39,4126.160321
-260.078057,37,4126.318172
-23.694698,20,4126.404186
-240.231339,37,4126.56469
-116.578579,37,4126.736829
-124.41462,19,4126.817057
-265.282551,53,4127.041599
-558.884756,83,4127.399667
-186.073546,31,4127.524415
-127.278749,38,4127.695086
-150.222733,39,4127.855868
186.203028,24,4127.962537
-146.86108,25,4128.077268
-438.306496,59,4128.315308
31.777981,28,4128.440262
-230.719606,38,4128.598696
29.54725,29,4128.719876
-207.547667,34,4128.877391
-147.813859,39,4129.043163
-149.396295,24,4129.144734
-608.055279,101,4129.575728
-114.814722,19,4129.726359
-249.87272,37,4129.885193
-250.47992,39,4130.04926
-176.924037,57,4130.290243
-130.99205,23,4130.384214
-70.913941,30,4130.513708
-257.791279,42,4130.685477
-25.558499,21,4131.094887
-245.756022,37,4131.28393
-206.523294,33,4131.426884
-34.271532,61,4131.692168
-28.220569,20,4131.783371
-44.910321,39,4131.958567
-164.15923,26,4132.063236
-284.703287,43,4138.350922
-225.853014,33,4138.527531
-50.245933,26,4138.657698
51.077082,26,4138.781437
-197.245945,33,4138.927721
-23.913774,68,4139.23037
-236.677478,37,4139.390137
-24.751371,20,4139.615518
-143.940689,37,4139.776327
-257.447016,37,4139.935775
-123.121517,19,4140.016306
-232.489696,37,4140.16922
-252.526676,37,4140.33019
-184.026293,30,4140.45551
-205.996799,32,4140.585809
-402.718509,59,4140.828433
-244.381568,37,4140.988864
-53.385131,27,4141.106417
-265.552375,37,4141.259757
-70.54132,28,4141.376518
-315.772079,49,4141.580992
-49.632097,25,4141.694788
-184.372875,43,4141.871451
-22.909991,20,4141.954873
-230.832454,36,4142.108254
-174.295107,42,4142.295177
-294.205119,47,4142.500506
-324.655703,54,4142.726464
-230.690888,37,4142.879848
-286.872702,59,4143.1421
-130.280541,20,4143.622775
-139.387059,24,4143.870198
-245.491643,37,4144.063682
-186.368645,32,4144.206686
126.799703,35,4144.350358
-31.42421,20,4144.437466
-326.96556,49,4144.646092
-272.464985,59,4144.901998
-269.561912,38,4145.092562
-137.202527,24,4145.216853
-244.054666,38,4145.426419
-63.673628,43,4145.669492
-73.563729,29,4145.845723
-181.108749,30,4146.030123
-280.086523,45,4146.449175
-182.300161,29,4146.742651
-241.627466,37,4147.108858
-433.629989,101,4148.109316
-153.701254,27,4148.347554
-126.06371,19,4148.51542
-201.645111,33,4149.279162
-151.440289,25,4149.515973
-133.169674,36,4149.768876
-161.526287,25,4149.881126
-75.57406,28,4150.00204
-129.343848,20,4150.092379
-310.691588,52,4150.329023
-104.808885,35,4156.37647
-168.690267,26,4156.506062
-241.8695,39,4156.680197
-298.345226,45,4156.872042
-240.593309,37,4157.040767
-197.03018,35,4157.187185
-293.395954,42,4157.363351
-278.461657,43,4157.563968
-65.909324,29,4157.689699
-236.864492,37,4157.864778
-263.522151,37,4158.03185
-314.644414,64,4158.306466
-83.743454,42,4158.489896
-144.927064,39,4158.653345
-147.064701,37,4158.814503
-253.173115,55,4159.045014
-176.860983,30,4159.173405
-216.710484,37,4159.332012
170.771718,23,4159.440961
-80.975746,33,4159.589548
-265.889734,37,4159.743037
-274.140766,41,4159.911575
-241.511532,37,4160.068751
-192.91919,30,4160.18704
-244.741467,37,4160.343081
-28.534014,35,4160.49328
-259.137534,40,4160.653402
-235.99518,37,4160.804311
-161.473425,25,4160.908203
-55.197552,27,4161.029489
-243.388583,37,4161.185006
-254.648395,44,4161.37441
-125.417806,19,4161.455629
-56.699825,28,4161.577188
-102.229375,34,4161.726116
-124.000097,20,4161.814721
-303.052583,45,4162.125661
-233.09725,49,4162.364987
-237.777158,37,4162.529158
-267.873933,37,4162.677996
-246.643682,37,4162.840503
-336.22631,53,4163.067302
-139.949314,37,4163.216214
11.060258,68,4163.500028
-312.181905,46,4163.687418
-223.016991,38,4163.846138
-171.952342,29,4163.970086
-334.819031,48,4164.167073
-240.948419,37,4164.319023
-240.046185,41,4164.490769
-268.483935,41,4164.658043
-295.361836,45,4164.851655
-201.362638,32,4164.985235
-258.811155,37,4165.142801
-140.234237,22,4174.468312
-77.845672,31,4174.632956
-146.913949,39,4174.807908
-432.586998,76,4175.130445
-95.135145,34,4175.283926
-295.427057,42,4175.469674
-116.002374,35,4175.616392
-255.662818,37,4175.772638
-178.120832,27,4175.898068
55.911073,24,4176.007781
-20.163336,19,4176.087994
-161.673271,42,4176.258389
-269.13796,38,4176.417839
-215.411731,35,4176.5553
-33.298539,37,4176.708366
-142.659467,37,4176.873228
-426.39128,73,4177.189319
-149.949519,38,4177.351515
-122.409888,20,4177.437984
-146.065712,37,4177.600831
-77.727375,30,4177.723794
-239.112395,37,4177.881191
-773.318519,101,4178.321561
-25.530391,20,4178.404118
-203.300155,34,4178.547605
-241.675629,37,4178.703794
-251.597356,37,4178.861562
-114.282859,36,4179.032556
-253.480969,37,4179.192746
-90.060189,31,4179.32474
-131.224311,23,4179.42009
-430.406718,60,4179.668483
-58.630402,40,4179.843764
-151.123897,24,4179.945125
-103.537284,34,4180.080991
-258.363308,37,4180.234645
-313.044905,52,4180.450873
-213.528422,34,4180.595484
-149.410426,39,4180.761734
-155.228296,49,4180.975298
-235.938561,37,4181.143186
141.617987,63,4181.411166
-289.911,44,4181.602942
-212.926296,49,4181.811835
-245.825546,37,4181.965784
-75.22128,30,4182.096032
-159.511108,25,4182.203361
-47.093044,26,4182.321502
7.913739,31,4182.456281
-168.911082,29,4182.587137
-274.575939,39,4182.751805
-20.867918,20,4182.83763
-27.756672,20,4182.926069
-237.886987,37,4183.091848
-225.253093,54,4190.473645
-44.218738,22,4190.590145
-130.883462,20,4190.676518
-137.540379,22,4190.771594
-141.343085,41,4190.946601
-274.567352,37,4191.099631
-186.556414,43,4191.291207
-253.225811,37,4191.457063
-453.434481,66,4191.741773
-237.409467,37,4191.904103
-253.651878,37,4192.183291
-121.784144,34,4192.317837
-142.104884,23,4192.420136
-158.779381,44,4192.614636
-139.625758,24,4192.715368
-154.935213,26,4192.823527
-320.643005,48,4193.01709
-168.162132,44,4193.204745
-28.855629,21,4193.297582
-28.441391,33,4193.434202
-70.210337,28,4193.562011
-314.062894,61,4193.827839
-155.812824,42,4194.011624
-423.984526,101,4194.442235
-34.461492,21,4194.530204
76.90318,20,4194.615672
-246.070395,37,4194.773912
-87.938342,34,4194.925209
-238.113212,39,4195.089976
-129.205811,20,4195.167085
40.529324,25,4195.267547
-120.657618,21,4195.355988
-58.465513,39,4195.522436
-57.588858,29,4195.65103
-353.116556,51,4195.869137
-82.190455,30,4195.992989
-266.857015,49,4196.209899
38.674019,27,4196.325739
-44.06227,25,4196.435845
-122.459134,36,4196.588677
-255.302647,37,4196.753636
-137.066028,37,4196.910201
-24.362671,20,4196.992409
-26.485959,21,4197.077737
-112.985023,18,4197.155992
-218.210249,34,4197.305226
-181.527935,43,4197.508703
-240.599227,37,4197.724038
165.689852,24,4197.855612
-147.358679,38,4198.220553
-195.117444,32,4198.537247
-239.803379,37,4198.906255
-127.169429,22,4199.188116
-145.998067,26,4199.450996
-100.831443,30,4199.752729
-88.333261,30,4200.162691
-131.933716,37,4200.571963
-139.775606,23,4200.75026
-260.664094,37,4201.010301
-137.838968,37,4201.23463
-165.471126,28,4209.439623
-172.56436,29,4209.596614
-135.14237,21,4209.686851
49.64443,39,4209.842204
-296.267318,45,4210.038632
-275.300337,42,4210.208467
-487.693289,101,4210.639868
-145.090397,22,4210.732241
92.315501,56,4210.981981
-238.142139,37,4211.143556
-644.422667,101,4211.566947
-130.705543,21,4211.653981
-190.549134,35,4211.793314
-249.621641,37,4211.953579
-142.485698,39,4212.117325
-242.98802,37,4212.274208
-25.873468,61,4212.537536
-205.015132,33,4212.672728
2.802697,35,4212.817118
-145.304446,22,4212.91425
-31.164059,20,4212.997928
-212.139355,32,4213.13228
-37.203575,24,4213.231436
-30.088314,20,4213.319098
-182.744548,30,4213.449219
-259.710267,37,4213.603286
-58.746936,27,4213.722085
-292.90293,44,4213.902151
-287.356573,43,4214.095618
-238.267989,37,4214.265263
-158.160942,37,4214.416423
-30.586784,21,4214.505269
-171.185157,27,4214.621133
-164.891642,28,4214.736449
-145.506034,39,4214.90476
-23.157546,20,4214.994521
-255.798718,37,4215.145031
-148.739678,37,4215.300506
-46.000856,24,4215.409619
-256.222521,37,4215.722153
-118.374423,18,4215.803253
-23.917555,19,4215.884748
-199.504809,44,4216.083546
-431.265983,101,4216.523548
-73.451801,28,4216.642226
-196.946208,45,4216.842091
-19.749255,20,4216.928196
-91.831688,33,4217.064938
-246.206074,36,4217.22146
-81.843164,29,4217.343795
-135.607498,21,4217.433456
7.692104,30,4217.570488
-135.707744,35,4217.718344
18.115531,71,4218.02321
-109.274286,34,4218.173782
68.083608,21,4218.270123
-246.186029,38,4226.591288
-115.850419,89,4226.984093
-217.789164,36,4227.14192
-612.285992,79,4227.475553
-44.035704,24,4227.583471
-125.445218,19,4227.668824
-140.390286,39,4227.832572
-32.190692,38,4227.999347
-123.976149,19,4228.08003
-77.997365,29,4228.204759
-274.118895,42,4228.380051
-258.998781,37,4228.533659
-147.88249,44,4228.724244
-32.41564,21,4228.816859
-441.605546,70,4229.112818
-48.087745,64,4229.380597
-268.526225,37,4229.555274
-398.514529,101,4229.986532
-174.292521,28,4230.108647
-158.174834,37,4230.266956
-140.097666,37,4230.427538
-263.681386,37,4230.586016
-135.594676,37,4230.74073
-245.070023,37,4230.897402
-134.115488,21,4230.986354
-81.743267,31,4231.12447
-260.429908,37,4231.27789
-145.252725,24,4231.383743
-14.619332,36,4231.539824
-244.7075,37,4231.69822
-285.168121,51,4231.924506
-237.323921,37,4232.08083
-162.822116,43,4232.254839
-85.291115,30,4232.386738
-77.352476,30,4232.511713
-257.225822,37,4232.6784
-505.012959,101,4233.134704
-250.019738,37,4233.299905
18.943567,77,4233.883456
-62.655721,46,4234.426577
-28.188796,21,4234.523189
-507.250477,101,4234.977177
-128.907015,36,4235.140182
-132.609405,22,4235.233179
-236.855706,37,4235.393121
-120.375698,19,4235.471054
-251.164893,37,4235.631141
-47.472635,26,4235.740231
-266.426851,39,4235.91
-114.499199,38,4242.925297
-140.391019,36,4243.090848
-51.285019,26,4243.201587
-261.052358,37,4243.375079
-126.946267,19,4243.471786
73.509135,21,4243.59456
-260.428838,37,4243.771074
-85.647449,28,4243.90338
-251.847917,37,4244.082682
-253.739474,37,4244.265798
-50.415242,40,4244.458457
-167.796963,41,4244.645958
-254.220868,51,4244.88035
-71.784319,29,4245.159464
-214.282905,33,4245.301504
-56.786281,26,4245.40579
-134.188193,35,4245.560747
-237.616386,37,4245.715757
50.835439,27,4245.837062
-236.859156,37,4245.997001
-252.315469,39,4246.166817
-127.768083,34,4246.318643
-234.943943,37,4246.467581
-163.485455,37,4246.652529
-37.126825,37,4246.826325
-240.577639,37,4246.988812
-256.94593,37,4247.149193
-169.912494,39,4247.324661
-28.244173,20,4247.413014
-131.048732,35,4247.565565
-139.588367,37,4247.724054
-239.306159,37,4247.88426
-103.695925,33,4248.024081
-240.125106,37,4248.175542
-332.119712,64,4248.465427
-286.974729,42,4248.6385
-267.94929,37,4248.797199
-267.737115,37,4248.946918
-175.842994,39,4249.117891
-284.000786,41,4249.287029
-246.076688,37,4249.447308
-18.165619,19,4249.531136
29.528904,46,4249.72755
-103.544676,35,4249.880782
60.779213,22,4249.97185
-246.57022,37,4250.123898
51.38397,25,4250.228353
-82.303524,33,4250.358288
-262.016287,37,4250.514415
-137.431029,37,4250.665454
-68.737575,26,4250.802046
-84.541988,29,4250.964292
-199.234853,30,4251.114103
-248.085386,37,4251.327405
-248.896805,38,4251.600416
-274.008574,41,4251.948279
-250.20874,37,4252.422885
-168.227694,40,4252.916555
-338.104433,50,4262.018379
-163.087104,26,4262.13886
-258.46516,37,4262.310266
-126.424113,35,4262.461101
-88.561669,30,4262.586589
-184.537487,44,4262.771324
-125.684954,20,4262.86028
-176.690531,29,4262.982328
-404.613466,75,4263.305288
-239.749536,37,4263.468766
-246.225829,37,4263.631769
-39.147236,22,4263.954669
-60.985264,26,4264.48224
-242.70488,52,4264.747065
-373.447263,70,4265.049937
-25.119677,20,4265.13288
-174.220767,41,4265.312398
-263.370145,37,4265.473213
-12.494037,34,4265.624521
-151.275199,37,4265.779312
-111.242681,18,4265.858406
-264.781128,42,4266.026792
-129.991645,38,4266.192774
-247.34899,50,4266.410418
-124.245024,19,4266.489619
-118.48611,34,4266.64047
-125.315982,19,4266.723927
-251.080814,37,4266.882624
-92.811932,32,4267.023709
-61.243533,27,4267.146422
-172.052889,47,4267.3629
-186.806257,30,4267.55007
-255.252977,37,4267.754017
-59.886702,29,4267.878675
-25.922463,20,4267.960391
-132.474717,36,4268.113868
-171.672621,28,4268.22946
-355.347397,65,4268.509346
194.914964,37,4268.67404
-109.29843,48,4268.873899
-157.412147,27,4268.987726
-138.599244,36,4269.146589
-67.650072,26,4269.256363
-235.212126,37,4269.51105
-174.155098,41,4269.703922
-34.300638,21,4269.788424
-165.781482,38,4269.955757
-56.206306,26,4270.069801
-29.032792,22,4270.167194
-324.397935,48,4270.377053
-66.05993,27,4270.486217
-44.542783,24,4270.587584
-667.44417,101,4271.016845
-11.251363,19,4271.0989
-193.085277,32,4271.620712
-151.693999,37,4271.787536
-245.306361,37,4271.944288
-139.035481,37,4279.710595
-221.846571,47,4279.933308
-133.950261,41,4280.111652
-14.488784,20,4280.201301
7.697151,33,4280.353782
-221.995366,35,4280.504166
-150.216434,39,4280.669846
-283.614758,41,4280.852889
-57.178187,26,4280.962402
-206.11691,31,4281.091263
-19.889748,19,4281.169685
49.253081,37,4281.329344
-254.54,37,4281.490065
-25.890085,20,4281.573883
-257.508681,37,4281.730172
-136.611422,37,4281.888782
-258.397957,37,4282.045735
-24.565219,20,4282.130726
-258.520063,37,4282.304864
-73.655455,27,4282.419887
-160.180538,26,4282.530447
-105.320591,30,4282.655991
-213.180277,50,4282.869454
-250.156003,37,4283.023618
-14.781346,33,4283.159666
22.457633,30,4283.290893
-242.232699,36,4283.440434
-20.721539,19,4283.521563
-222.541383,34,4283.663513
-137.673149,37,4283.815048
-152.96758,24,4283.913784
-142.39153,37,4284.073231
-29.823555,20,4284.162015
-275.882238,52,4284.38988
125.762435,38,4284.55679
25.823625,27,4284.676448
-252.623868,37,4284.830561
-240.468513,37,4284.991704
-207.508043,33,4285.132027
-233.816093,37,4285.295166
-247.570878,37,4285.460729
-153.790046,26,4285.570443
-37.986495,22,4285.669994
-384.11838,70,4285.975459
-185.940855,30,4286.100035
-117.091616,51,4286.313892
242.394995,27,4286.438851
12.343867,34,4286.5852
-269.739015,39,4286.746806
-24.262726,21,4286.833187
-123.326692,20,4286.912108
-74.256415,31,4287.043702
-443.778736,101,4287.473585
-422.169784,60,4287.725807
-44.18961,25,4287.833557
-23.732216,20,4287.915321
-236.574796,37,4288.069109
9.965566,31,4288.19085
-150.94007,37,4288.346219
150.424975,27,4297.621306
-37.647743,24,4297.83522
-240.281765,50,4298.064841
-127.725471,21,4298.150644
-85.267682,61,4298.409537
-364.688497,62,4298.677404
-113.715534,34,4298.813671
-339.381709,51,4299.027536
-74.375908,30,4299.157721
55.773794,23,4299.252855
-223.525634,35,4299.399302
-59.338268,26,4299.51166
-372.41868,65,4299.790282
-243.935002,37,4299.947919
46.366436,30,4300.070659
-190.44073,29,4300.392762
-120.687043,19,4300.475033
-220.949794,33,4300.63593
-266.116825,40,4300.805194
-261.300558,40,4300.969484
-244.585134,37,4301.114776
-266.334756,39,4301.276746
-119.597791,19,4301.352625
-242.686257,37,4301.513176
-153.08495,26,4301.624523
-224.236997,36,4301.770562
-77.821264,28,4301.882349
69.279812,22,4301.975999
156.723672,54,4302.195929
-214.986903,33,4302.336485
-119.052688,20,4302.419761
-253.232916,37,4302.58042
-89.294868,33,4302.722423
-228.104871,49,4302.930023
56.28702,24,4303.022634
-156.10832,44,4303.207006
-305.571196,49,4303.407379
-258.12374,37,4303.565278
79.628758,21,4303.649535
-179.353669,42,4303.810573
-143.635474,25,4303.914908
37.859808,28,4304.028797
-248.799832,37,4304.193173
-281.695276,43,4304.363038
-24.873678,22,4304.460982
-82.76,28,4304.585265
-272.420813,37,4304.744806
-310.957846,66,4305.026414
-93.601306,35,4305.171408
-39.922705,23,4305.266389
-23.12141,20,4305.348285
-154.118426,25,4305.456836
-124.611368,19,4305.531225
-140.368188,37,4305.714449
-281.137048,44,4306.070268
-203.370303,32,4306.311896
-30.523691,23,4306.497586
-292.158951,45,4307.030905
-235.838123,37,4307.520241
-485.863905,101,4318.832614
-323.166303,49,4319.036002
-45.220989,24,4319.141259
-23.965148,21,4319.238287
200.88817,20,4319.326397
-149.132121,40,4319.492929
-86.299342,29,4319.603966
-173.92557,42,4319.771396
-42.366034,22,4319.860972
-107.157958,33,4320.000468
-27.705957,20,4320.081128
-172.392915,26,4320.189308
-160.558959,47,4320.388642
-222.606756,35,4320.536173
-41.450215,37,4320.689021
61.174707,23,4320.786276
-251.236313,37,4320.941073
-132.664501,39,4321.104068
-247.351639,37,4321.250607
-142.341006,23,4321.345842
-19.759677,19,4321.424007
-761.347519,101,4321.85174
-267.320591,37,4322.011918
-87.819359,28,4322.128586
-142.747082,37,4322.280848
-659.728061,83,4322.620138
141.073833,27,4322.733479
-123.380806,19,4322.817586
-139.809063,35,4322.961862
-205.560079,35,4323.095107
-78.888532,30,4323.217093
-116.451539,20,4323.30118
-130.381775,20,4323.381818
-133.946105,22,4323.474127
-125.60515,20,4323.561402
-236.731595,37,4323.720875
-132.467308,36,4323.870763
-49.478305,26,4323.975047
27.961381,30,4324.677221
-303.719733,48,4325.022032
-117.51481,34,4325.180173
-234.366718,52,4325.395242
-179.775571,29,4325.524117
-243.851487,37,4325.67713
-245.52725,37,4325.826882
-107.544892,18,4325.896278
-141.96713,38,4326.13774
-146.617658,25,4326.250782
-235.55609,37,4326.414381
-268.648988,37,4326.87951
-274.046272,40,4327.058742
-24.222382,20,4327.141875
-256.808795,37,4327.317807
-38.37635,23,4327.414078
-131.216944,21,4327.501906
-258.87359,37,4327.657624
27.479038,28,4327.771269
-261.039643,37,4327.92896
-259.76694,37,4328.087357
-26.179499,20,4336.670586
-346.713471,71,4337.163449
-246.785516,37,4337.322558
-22.859802,20,4337.403444
-257.252076,37,4337.56695
-75.44346,42,4337.750285
-105.493434,33,4337.895056
-118.879743,19,4337.980309
-39.480805,22,4338.076233
67.207811,41,4338.250703
-23.023892,20,4338.338813
-29.012936,21,4338.422775
-138.782338,40,4338.59743
-235.658012,37,4338.759212
-190.243503,30,4338.892652
-239.262715,37,4339.055061
-249.092313,37,4339.213832
-21.25273,19,4339.294256
-178.515286,28,4339.414264
-130.860952,22,4339.508633
-181.176879,43,4339.701645
158.79697,25,4339.813761
-525.782402,101,4340.243334
-18.257905,19,4340.325337
-284.739632,41,4340.506225
-129.767706,22,4340.602456
-33.521036,22,4340.695094
170.174226,23,4340.790237
-147.350612,36,4340.946322
-100.964473,34,4341.088995
-126.177421,21,4341.184803
-125.526746,19,4341.26261
-26.928301,21,4341.350741
-265.555203,37,4341.506967
-232.582186,37,4341.671006
-45.548612,25,4341.796489
-84.057046,30,4341.925007
-197.201019,32,4342.060692
-23.190798,20,4342.147995
-149.798087,40,4342.320637
-264.278575,37,4342.490131
-43.019026,37,4342.645306
-262.192663,37,4342.803131
-23.692699,35,4342.952926
64.111192,23,4343.05422
-102.233466,36,4343.207502
-303.084091,43,4343.381842
-119.643252,19,4343.459077
-667.104535,101,4343.885689
-127.189378,19,4343.966445
-203.058367,30,4344.096215
-143.284622,37,4344.255369
-564.160433,101,4344.698115
-39.347209,24,4344.797391
-136.285614,39,4345.304768
-247.167714,37,4345.507255
-133.687075,36,4345.662067
-19.165085,20,4345.747459
-23.464203,20,4345.827259
-236.397696,37,4345.979328
-123.161269,19,4352.452907
-227.448885,35,4352.682547
-192.412276,32,4352.836324
-28.417371,21,4352.922309
-82.653772,30,4353.049158
-70.996663,28,4353.169954
-14.232692,19,4353.248365
-238.928462,34,4353.392433
138.350694,26,4353.508054
-33.922421,21,4353.593651
-26.773348,20,4353.686986
-245.667458,37,4353.843972
-461.751483,85,4354.609861
-421.369095,64,4355.683635
-258.718336,37,4355.849351
64.051803,24,4355.955171
-56.421105,26,4356.060531
-127.656676,19,4356.142632
-119.392096,20,4356.22461
-302.237608,47,4356.426353
-89.6299,42,4356.609366
-124.778188,21,4356.782996
-247.51401,37,4356.935582
-209.82298,33,4357.074598
-241.819227,37,4357.250505
-137.013682,37,4357.40781
-140.836699,23,4357.506186
-209.551272,33,4357.650317
-48.229547,25,4357.761764
-293.683599,62,4358.027313
40.763134,27,4358.140264
-85.762313,32,4358.284225
-22.984868,20,4358.378166
226.904015,43,4358.5747
-184.173695,43,4358.769355
-180.668574,30,4358.901331
-20.093377,20,4358.985205
-149.871857,37,4359.147252
-96.058525,61,4359.410696
-64.004747,29,4359.539729
-242.532322,37,4359.699756
-239.847207,37,4359.851975
-150.210855,37,4360.0234
-643.601811,101,4360.459041
-254.486351,37,4360.613992
-132.199869,20,4360.694606
-85.528831,31,4360.821611
-219.246057,48,4361.029434
-112.955852,34,4361.175221
-254.805332,37,4361.332406
-306.139691,64,4361.60841
-29.461552,21,4361.701884
-116.357982,19,4361.783029
-127.553321,19,4361.861898
-65.649415,25,4361.968709
-60.915562,27,4362.078268
-218.047786,35,4362.225704
-270.62702,37,4362.390799
-117.244656,18,4362.47012
-241.452516,37,4362.707751
-152.500104,24,4372.453337
-247.200615,37,4372.672199
-209.008434,59,4372.926255
149.799745,28,4373.045828
-8.055105,38,4373.19832
-425.092115,64,4373.471971
27.599141,43,4373.662838
-250.074065,37,4374.094347
138.771584,66,4374.395212
-34.979806,22,4374.494257
-131.200739,20,4374.57796
-489.471858,101,4375.010754
-253.005697,37,4375.168093
-52.525538,25,4375.274469
-20.227299,19,4375.350333
185.05623,20,4375.433296
-133.241931,22,4375.52949
-245.83229,37,4375.686642
-16.866785,35,4375.835757
-265.500779,41,4376.018643
-119.663488,18,4376.096135
-244.951885,37,4376.25576
-144.456589,37,4376.428919
-580.679924,101,4376.874073
-193.865993,47,4377.074393
-22.985518,21,4377.164521
-376.066154,76,4377.500978
-23.778912,20,4377.586098
-247.728366,38,4377.746478
-362.03021,48,4377.940838
-90.163658,33,4378.082992
-442.396328,74,4378.400696
-32.367189,21,4378.488221
-27.168842,21,4378.573296
-59.59078,39,4378.744587
-28.464805,21,4378.833388
-272.530572,49,4379.03855
-45.486137,23,4379.133746
-27.341689,20,4379.220905
-245.279758,41,4379.395701
-612.107048,100,4379.81827
-138.490952,21,4379.91082
-129.211419,20,4380.004208
-273.550759,37,4380.178463
-268.003724,37,4380.499276
-256.355086,37,4380.664566
-242.886601,37,4380.81632
-119.333868,21,4380.906902
-239.821551,37,4381.061481
121.998093,46,4381.259723
-258.344165,37,4381.416493
-71.905336,29,4381.530281
-92.307124,30,4381.656132
-75.844101,33,4390.225649
-444.069073,96,4390.812633
-252.212009,37,4391.026303
-248.689062,37,4391.26437
-544.803231,101,4391.762029
-124.599422,20,4391.863048
-207.230213,45,4393.873266
-214.195073,34,4394.064668
-74.547724,42,4394.265731
183.524849,23,4394.369668
-135.213172,41,4394.577792
-216.754002,48,4394.798409
44.51163,26,4394.931343
-133.619941,20,4395.085941
-246.634813,37,4395.284098
-136.790869,38,4395.466953
-20.470555,19,4395.548091
73.277219,21,4395.628669
-178.897929,28,4395.80155
-213.418946,34,4396.098299
-253.881671,37,4396.286941
-241.166287,37,4396.502301
-105.56678,31,4396.675446
-267.932437,37,4396.974914
-117.950557,18,4397.253784
-263.412124,37,4397.741229
-241.047392,37,4398.545745
-132.147508,35,4398.977882
-15.776497,19,4399.235018
163.462704,24,4399.536644
-30.721699,20,4400.343324
-118.323777,20,4400.564566
-122.425474,19,4400.67336
32.455568,28,4400.834026
-202.692444,49,4401.057158
69.318041,21,4401.148453
-259.237967,51,4401.372241
-263.734897,37,4401.533118
-151.068632,36,4401.688488
-26.838103,20,4401.793776
-100.148549,36,4402.052406
-281.064974,41,4402.263011
-86.379584,52,4402.78217
-249.699116,37,4403.16716
-123.988927,19,4403.365891
-130.548504,35,4403.794106
-494.496017,82,4404.419361
-165.09022,25,4404.676148
138.019724,31,4404.983266
-247.451373,37,4405.18939
-14.662255,19,4405.283586
-91.713319,31,4405.426662
-120.31001,19,4405.525583
-116.499249,20,4405.609415
-243.913756,37,4405.770048
-116.073318,18,4405.852751
-85.327596,32,4406.01115
-47.412902,24,4406.124983
-119.560673,18,4406.206301
-250.691301,38,4406.378953
-244.15737,37,4416.723454
-241.490544,37,4416.951222
-241.380579,37,4417.133417
-364.918914,54,4417.392889
-233.776101,36,4417.577797
50.340788,25,4417.708112
-155.964509,25,4417.834151
-59.773048,55,4418.108958
-144.337456,36,4418.28483
-126.254521,21,4418.385866
-55.204514,25,4418.506762
-194.162089,45,4418.707934
-261.741897,37,4418.860409
40.068597,27,4418.973697
-92.853158,34,4419.124166
-304.088994,42,4419.305455
-122.336587,21,4419.394717
-136.314491,37,4419.557427
-26.026048,21,4419.654362
-162.81968,26,4419.768636
42.732337,24,4419.865923
-232.595614,71,4420.163053
-274.279441,37,4420.452349
-116.852784,35,4420.602968
-114.440467,19,4420.686502
-240.10713,37,4420.840053
168.342774,23,4420.939816
-134.699384,36,4421.103813
37.798852,28,4421.220281
-238.425872,37,4421.371242
-227.523163,37,4421.524706
-143.45281,37,4421.682586
-200.274782,41,4421.871219
-317.166523,50,4422.089861
-17.361634,19,4422.174895
-124.23815,19,4422.268453
-8.462279,48,4422.473171
-123.943358,19,4422.557181
-238.762146,37,4422.710401
-146.98624,39,4422.878348
-143.552236,37,4423.032423
-246.178495,37,4423.197533
-256.722687,39,4423.365659
-141.413135,24,4423.470295
-132.589599,20,4423.555309
-139.38585,37,4423.716438
-123.890536,19,4423.79623
-255.62648,37,4423.95447
-245.524041,37,4424.113936
-104.401868,37,4424.276313
-507.438857,101,4424.71446
80.423026,35,4424.865298
-241.172417,35,4425.021116
-137.772846,36,4425.182182
19.544546,30,4425.317558
-246.218828,37,4425.499306
-194.736907,32,4425.638782
-248.650519,37,4425.797897
-28.351725,21,4425.889004
-351.19026,69,4437.249487
-246.281386,37,4437.414655
-39.80789,22,4437.508449
-174.620706,28,4437.634422
86.037671,19,4437.711786
-240.006382,35,4437.859344
-66.331167,40,4438.057307
-95.202801,33,4438.228682
-150.913458,24,4438.522347
-235.325736,37,4438.726598
-108.552131,33,4438.923341
-243.775107,37,4439.229568
-173.621075,44,4439.466153
-41.638276,23,4439.590069
-12.112595,19,4439.680286
-277.940756,43,4439.877509
-71.028583,26,4439.988853
108.794647,31,4440.117942
-19.05055,19,4440.200284
-342.93427,63,4440.468782
-126.954252,19,4440.545995
-537.743513,101,4441.032309
-599.901899,90,4441.430692
-240.761887,37,4441.58126
-442.634632,74,4441.947774
-199.645661,43,4442.170282
-202.901902,34,4442.350945
75.691951,39,4442.552193
-12.169326,18,4442.64352
-35.552833,22,4442.747223
-34.124392,22,4442.854608
-345.634635,50,4443.124726
-161.537268,39,4443.329796
65.306934,23,4443.440248
-84.044956,32,4443.597929
-260.733304,37,4443.773194
-14.136852,19,4443.860292
-179.758669,43,4444.04751
-105.461888,33,4444.193976
-267.773958,37,4444.370849
-157.795841,41,4444.562772
-282.055701,44,4444.755173
-136.353193,37,4444.916455
-32.606579,38,4445.102699
-27.371117,21,4445.199676
184.406455,23,4445.305497
-271.282214,37,4445.478502
-50.051149,28,4445.621843
-121.539693,19,4445.754173
-237.332503,36,4445.959852
77.427849,20,4446.058904
43.182148,27,4446.290709
-509.659992,101,4446.843863
25.741961,29,4446.97725
-118.482574,35,4447.12549
-242.291301,37,4456.845621
-252.158217,37,4457.059724
-248.105301,51,4457.287718
-22.352061,19,4457.366304
-239.165153,36,4457.525744
-91.00757,31,4457.65985
-262.297219,36,4457.811189
-128.735624,20,4457.901917
-127.477787,20,4457.986225
-42.460327,24,4458.088639
-124.372844,20,4458.187572
192.396926,19,4458.285731
-87.988655,31,4458.424075
-252.607004,37,4458.584296
-224.680956,34,4458.719062
-39.621709,23,4458.820296
-201.418588,44,4459.025957
-63.438213,27,4459.13998
-83.22294,30,4459.281705
-169.609747,26,4459.396238
-59.822842,24,4459.49608
101.144937,32,4459.631396
11.127259,88,4460.009691
-128.72066,20,4460.097164
-259.205504,40,4460.280585
-181.531221,31,4460.413464
-155.684153,24,4460.521097
-22.852378,19,4460.608723
-125.432313,20,4460.694093
-328.986054,53,4460.919232
-240.567699,37,4461.075837
-263.523638,37,4461.226652
-27.376817,20,4461.314972
-28.747132,20,4461.408673
-238.652037,40,4461.586756
-214.527762,34,4461.74404
-45.09183,24,4461.856667
-84.183599,30,4461.993179
-129.272373,36,4462.146783
-139.683674,40,4462.318871
19.349622,31,4462.451216
-236.114995,37,4462.614116
-179.079671,31,4462.746988
-28.732969,21,4462.84332
-51.237907,24,4462.945146
-257.878366,37,4463.091288
-87.860913,30,4463.221997
-220.469295,35,4463.381408
-161.96199,26,4463.492619
-181.940678,28,4463.606027
-247.371249,37,4463.754918
-225.232817,33,4463.895688
-274.674673,41,4464.063711
-120.845538,18,4464.135652
-132.598858,37,4464.300147
-188.30532,33,4464.436876
-613.336369,101,4464.870149
-108.107242,32,4465.011197
77.126491,21,4465.496631
-186.289134,45,4465.800184
-8.772692,18,4465.876061
-30.471922,21,4465.962283
-147.689266,23,4466.055791
23.419323,29,4466.170715
-132.384042,20,4473.386324
172.372174,22,4473.524693
-131.220926,38,4473.716494
-191.54285,29,4473.84036
-41.70374,23,4473.935684
-244.553084,38,4474.101143
-115.620974,32,4474.24647
94.786795,21,4474.332153
-36.781675,42,4474.517943
-235.186437,37,4474.678783
74.407201,23,4474.783749
-140.345755,23,4474.880963
-124.802871,33,4475.015823
-644.058796,101,4475.462451
131.845468,30,4475.605613
-138.003458,21,4475.691862
-247.56513,37,4475.847662
-213.353626,33,4475.987453
-144.40791,38,4476.144551
-15.437392,19,4476.224533
-29.224247,41,4476.400649
103.510013,26,4476.516475
-142.434024,37,4476.681321
189.005213,22,4476.785034
-38.943105,24,4476.896815
-180.250901,29,4477.020856
-139.530691,24,4477.126191
74.649893,20,4477.214202
-248.04155,37,4477.472765
-646.516425,101,4477.920502
57.705167,23,4478.025465
-182.323442,28,4478.150633
-186.36664,69,4478.447239
-156.306728,25,4478.553079
-133.831714,21,4478.65018
-282.486077,38,4478.816478
-26.192802,35,4478.968649
-136.822243,21,4479.056148
-128.555231,20,4479.141644
-20.801377,20,4479.237661
-247.642324,37,4479.392929
-30.815836,21,4479.482401
-254.409602,37,4479.656909
-138.31857,37,4479.817507
-223.734275,36,4479.97006
-42.97838,24,4480.075845
-189.004761,31,4480.216865
-217.334315,35,4480.371453
-145.428544,23,4480.466582
49.32794,30,4480.593713
-27.115772,20,4480.6841
-250.223098,36,4480.836682
-56.874877,26,4480.968423
-40.620889,23,4481.064484
-131.979093,20,4481.151209
25.895452,45,4481.340842
-54.832081,25,4481.450638
11.193367,33,4481.921593
-532.179813,82,4482.364786
-248.61187,55,4482.637341
-71.376293,28,4482.763546
-21.483544,21,4482.848958
-18.735191,20,4491.612435
-165.441188,27,4491.776529
-234.574266,37,4491.956827
-51.347712,26,4492.073227
67.074307,22,4492.167609
-143.486092,37,4492.320802
-132.584589,20,4492.406678
-150.448894,36,4492.564508
52.208139,23,4492.666869
-245.028692,37,4492.829443
-288.554698,41,4492.997198
-243.643613,37,4493.151632
-258.119832,37,4493.307773
-28.829279,21,4493.40469
-115.952709,19,4493.499257
-131.084402,20,4493.590706
-237.022292,37,4493.753995
-127.926453,19,4493.831344
-134.646773,21,4493.918507
-42.309549,23,4494.016038
-33.046379,22,4494.111085
-524.404694,101,4494.566227
-19.307629,20,4494.650973
-10.65431,18,4494.730499
-247.644179,37,4494.888432
152.178518,26,4494.999743
-173.837903,44,4495.197495
-336.938421,51,4495.430355
14.261272,31,4495.563318
135.617082,40,4495.732187
-251.644841,37,4495.898393
-207.239285,33,4496.039842
-214.995543,33,4496.179152
-75.219643,29,4496.301744
-1.805354,31,4496.430123
-105.59203,34,4496.573215
-175.812876,30,4496.698797
-146.284416,23,4496.795202
-43.266817,25,4496.905961
31.393099,29,4497.023713
-62.047648,29,4497.141613
-143.295383,41,4497.312702
-690.96925,101,4497.75384
-140.94061,22,4497.841165
-136.090644,21,4497.93281
-304.067358,44,4498.124125
-635.04754,101,4498.560365
-40.389816,24,4498.667479
-137.676263,21,4498.88743
-119.430431,18,4498.980704
-65.862756,82,4499.768079
-144.302086,23,4499.867573
-272.802599,41,4500.040435
-264.403973,37,4500.199255
-256.919622,37,4500.362385
-196.796031,30,4500.488488
-140.452342,72,4500.911006
-197.171123,45,4501.108664
-391.369442,101,4509.132237
-28.974054,21,4509.275665
-243.365234,34,4509.475884
-152.386226,28,4509.63801
-25.896546,21,4509.728665
-144.014545,39,4509.896347
-126.615013,20,4509.982123
-25.515518,21,4510.071083
-61.372439,28,4510.1867
-216.190001,32,4510.316103
-120.444759,20,4510.402019
-38.894439,24,4510.521151
-116.194761,32,4510.655997
-36.609283,38,4510.835726
-18.259706,20,4510.925646
-122.134874,19,4511.006811
-701.44541,101,4511.453538
-131.444113,35,4511.605596
184.547051,27,4511.718396
-178.739632,40,4511.889698
5.648225,32,4512.033788
184.993969,20,4512.123724
-100.611833,35,4512.273328
35.606371,57,4512.506444
-392.105348,58,4512.769009
26.479407,30,4512.894368
-17.254733,19,4512.975306
-144.049694,39,4513.139089
-122.311087,19,4513.215694
34.664275,27,4513.341121
-268.829112,37,4513.495246
-43.392456,23,4513.590659
47.459081,25,4513.69813
204.254895,21,4513.787666
-119.402114,19,4513.869749
-137.905447,34,4514.014721
-267.659042,44,4514.19017
-259.71536,43,4514.381311
-113.655988,19,4514.462049
-151.951666,37,4514.616929
-145.029442,25,4514.735606
-121.693333,19,4514.819172
-25.947744,20,4514.905343
-149.311307,23,4515.00182
-249.483082,37,4515.155209
-258.186398,37,4515.31246
-20.829738,20,4515.401964
-201.001705,43,4515.729712
-147.636428,25,4515.840346
-61.982009,27,4515.964883
-279.29003,37,4516.480794
-132.875388,34,4516.643631
85.512459,39,4516.834616
-119.852276,19,4516.92345
-142.20047,37,4517.08157
-78.744121,27,4517.19547
-256.623897,40,4517.368719
-216.715281,33,4517.506897
154.601087,26,4517.630091
-240.581509,37,4517.802962
34.765068,28,4517.917348
-302.797211,45,4518.110982
-97.986011,30,4518.236621
-9.890374,18,4525.555761
-267.817608,37,4525.788641
-134.483245,22,4525.893666
-283.690153,45,4526.09077
-146.444336,23,4526.186986
-264.318411,40,4526.357106
-34.673942,22,4526.449496
-94.517919,34,4526.594518
-160.745615,37,4526.741694
-38.478375,22,4526.837722
-33.596502,38,4526.999087
-58.755117,27,4527.118987
-111.894178,19,4527.20484
-25.751294,33,4527.355849
30.793652,31,4527.493206
-242.588899,37,4527.652073
-11.920356,18,4527.735026
-27.767828,21,4527.828763
-300.83392,64,4528.103515
-508.916846,83,4528.461472
-125.13127,22,4528.560928
195.584195,20,4528.644197
-75.906332,30,4528.773605
-35.800616,22,4528.865392
-154.328289,40,4529.034635
-161.245604,37,4529.197797
-136.674724,37,4529.356869
-55.281082,37,4529.516816
-139.535099,37,4529.681046
-25.211026,19,4529.760746
60.1785,23,4529.858591
-304.93926,49,4530.169774
-254.860603,39,4530.328663
-237.636984,37,4530.49648
-269.461562,46,4530.693614
-531.228394,75,4531.017601
-115.31573,18,4531.102385
-32.141854,22,4531.200791
-129.430361,21,4531.293234
-128.393337,20,4531.379612
-234.203726,37,4531.531368
-42.338721,38,4531.688988
-172.874223,27,4531.802684
-122.066345,19,4531.882007
-256.241176,37,4532.042158
-241.193947,37,4532.199065
-125.476284,19,4532.285335
-86.31882,46,4532.484462
-37.9921,22,4532.583117
-261.616947,37,4532.737274
-65.944944,27,4532.856359
-152.727751,25,4532.964294
-262.248908,37,4533.512594
-54.119654,37,4533.70201
-97.029273,30,4533.830534
-244.120109,37,4533.994823
-189.622936,29,4534.117548
-244.196981,37,4534.285724
-93.221641,33,4534.427575
-141.324523,54,4534.661606
-251.782345,37,4534.817616
-157.882813,37,4534.987933
-14.762706,19,4543.746473
-15.605579,34,4543.933244
-117.543591,37,4544.095167
-116.144364,33,4544.238228
-243.877054,37,4544.390392
-162.027795,36,4544.550455
-134.133921,36,4544.705735
-343.076512,46,4544.898546
-205.347256,33,4545.048108
-124.340722,19,4545.125295
50.399592,25,4545.238795
-247.728208,37,4545.401478
-30.844248,21,4545.492739
52.42624,43,4545.678233
-32.469411,22,4545.775837
-266.086868,37,4545.930459
-35.659549,23,4546.041578
-21.180712,20,4546.125593
-126.157672,20,4546.209108
-228.233189,39,4546.376076
-414.530773,56,4546.62662
-302.928524,75,4546.975308
-235.948885,36,4547.127783
-16.777683,19,4547.214593
-125.506058,19,4547.300254
-163.063975,26,4547.411697
-213.501036,63,4547.726366
-117.550136,20,4547.819206
-150.070717,26,4547.939323
-242.201606,37,4548.110253
-115.191546,18,4548.190918
-356.889109,51,4548.434137
-489.346275,101,4548.886949
-231.579498,35,4549.033353
-250.966981,59,4549.287884
-32.424646,23,4549.382958
-255.741269,44,4549.565774
-22.959774,20,4549.654471
-57.265473,27,4549.775805
-211.716373,32,4549.911804
-117.690089,19,4549.988281
-30.256829,20,4550.07343
-38.922392,23,4550.173766
-128.426338,20,4550.256079
-241.381904,38,4550.411653
-173.666089,28,4550.52682
15.889125,32,4551.151811
-260.923484,38,4551.338508
-14.760963,19,4551.418898
-240.209863,36,4551.570679
-136.75991,37,4551.733667
-206.550347,32,4551.872584
-195.129005,42,4552.047965
-309.68034,69,4552.342275
-56.647592,25,4552.449217
-128.953861,20,4552.533526
-95.739528,33,4552.670254
-75.250969,30,4552.800933
-186.257118,45,4553.0031
75.558457,20,4553.089883
-289.209603,42,4560.277596
-110.737796,33,4560.421021
-27.83766,20,4560.500523
-168.543011,42,4560.68563
-67.179925,30,4560.820561
148.225713,39,4560.993998
77.254736,21,4561.087072
-121.655464,19,4561.164584
-222.125044,39,4561.332112
-241.517456,37,4561.488974
-367.289953,57,4561.732272
-20.053487,19,4561.809602
-17.922661,19,4561.892286
-248.786422,44,4562.080716
-248.433381,37,4562.241061
-54.890423,26,4562.356633
-27.166206,22,4562.448347
-45.927807,53,4562.678732
-250.759163,37,4562.834815
-200.005201,32,4562.96956
-141.773881,24,4563.082452
-160.576156,39,4563.255486
-52.061057,25,4563.361636
-157.256891,25,4563.47299
-67.050613,29,4563.596837
-253.614072,37,4563.753421
-54.920197,26,4563.859179
-117.348141,36,4564.007899
-128.560402,77,4564.347247
-367.901903,53,4564.57861
-124.167975,20,4564.660883
-237.703042,37,4564.815712
114.424699,32,4564.956095
-248.370333,43,4565.149483
-745.82946,101,4565.571485
-139.126615,37,4565.753211
-173.173948,30,4565.942427
-23.095641,19,4566.055174
-246.981955,37,4566.374669
-266.913589,40,4566.755391
-119.72873,20,4566.952199
-237.612749,37,4567.629338
-113.496114,19,4567.767311
-170.878589,44,4568.097925
-27.812858,21,4568.84423
-240.660782,37,4569.153157
-164.201692,28,4569.343991
-159.155448,37,4569.529878
185.893349,20,4569.627428
-55.730482,27,4569.776133
-53.978764,44,4569.981927
-258.221812,38,4570.137208
-35.845326,23,4570.237497
-461.801419,101,4570.694013
42.73441,24,4570.795863
-268.93548,42,4570.980293
-83.816121,32,4571.118344
-118.151822,18,4571.196407
157.84579,26,4577.669284
-506.272415,70,4578.030961
-20.843124,20,4578.115737
161.421963,25,4578.225426
-240.415761,60,4578.50114
-191.239532,29,4578.627021
-128.970247,20,4578.712191
-180.47973,43,4578.894249
-242.995686,37,4579.069563
-133.766381,22,4579.1643
-126.983603,19,4579.25568
-142.560023,23,4579.34964
-143.414146,43,4579.524138
-152.538816,37,4579.682439
-32.620616,22,4579.775233
-243.682066,37,4579.940169
-165.103594,28,4580.241102
-239.920154,37,4580.466332
71.572221,21,4580.573752
-459.226975,63,4580.869047
-239.088891,37,4581.022603
-272.143101,40,4581.186322
49.464337,26,4581.301688
-253.238629,37,4581.460344
-127.633414,19,4581.538013
-143.788417,22,4581.630395
-137.802334,37,4581.81507
175.807731,21,4581.90461
-201.335458,46,4582.103747
-128.271302,20,4582.192556
18.291483,51,4582.414476
-130.789345,35,4582.572108
-276.436867,49,4582.927937
-256.172527,37,4583.098007
-221.630849,33,4583.24387
-230.484472,41,4583.428127
-106.7568,32,4583.573278
-126.08052,20,4583.658964
-27.259328,20,4583.743626
-245.4001,37,4583.90987
36.3106,27,4584.026651
-530.738858,75,4584.351519
-128.649232,21,4584.439646
-68.293693,29,4584.562747
-303.464908,45,4584.756048
-138.596482,24,4584.873221
-184.802696,30,4585.004301
-116.791126,18,4585.08351
-252.411028,37,4585.24201
-51.616128,26,4585.359237
-180.099009,42,4585.875998
-226.293672,36,4586.053157
-207.78051,29,4586.183923
-66.419213,29,4586.30533
-189.027238,43,4586.4943
-55.14906,26,4586.606106
-64.607367,40,4586.775831
-266.314383,37,4586.943024
-216.047803,46,4587.143638
-27.573525,21,4587.233617
-306.240868,58,4595.858776
-153.930245,37,4596.076219
-237.323688,35,4596.227267
-53.643102,27,4596.341116
-152.692257,39,4596.507289
-241.159497,37,4596.66731
-150.111972,38,4596.828332
-256.578388,37,4596.990073
-73.164275,28,4597.11
-36.078663,22,4597.201751
-140.881865,25,4597.314766
49.731692,36,4597.477185
46.701413,24,4597.5796
-77.394966,28,4597.69264
-164.817397,25,4597.793928
-151.149737,37,4597.94716
-570.973881,75,4598.267083
-308.783856,46,4598.460446
-190.565774,30,4598.594378
-224.266832,34,4598.737791
-253.383058,37,4598.889732
-235.542761,37,4599.047472
-93.779038,31,4599.182395
-127.064505,20,4599.271649
-252.524028,38,4599.440503
-245.60191,37,4599.602763
-263.896463,48,4599.813164
-23.72593,20,4599.895703
-92.581626,34,4600.049232
-124.572624,19,4600.132649
-263.28726,37,4600.281808
-245.376521,37,4600.450417
-100.30585,33,4600.581281
-123.129312,79,4600.914468
13.631416,31,4601.049756
-82.580105,34,4601.192619
-206.074564,45,4601.386412
-131.034545,20,4601.463173
-117.18807,35,4601.623635
-232.914127,37,4601.778281
-314.944131,46,4601.974194
-173.063851,41,4602.158378
-237.530149,37,4602.324161
-163.72035,26,4602.436004
-154.883588,26,4602.548296
-261.191503,38,4602.70707
-168.636589,39,4602.878954
-291.010203,50,4603.090843
-135.753774,23,4603.189901
-53.219399,24,4603.298476
-213.595296,37,4604.700504
-174.07351,30,4604.918513
-256.810832,37,4605.249346
-52.815703,40,4605.517185
-120.55386,20,4605.768731
-237.564133,87,4606.241401
-301.265287,59,4606.530818
-212.056016,34,4613.782375
-243.899931,36,4613.962631
-130.216504,20,4614.046274
-128.829743,20,4614.135885
-259.985673,37,4614.423543
-224.870048,34,4614.567414
-430.848152,62,4614.83562
-139.670427,23,4614.932814
-62.824942,27,4615.052082
-86.88677,45,4615.245205
-236.134116,37,4615.409915
-599.621836,101,4615.851379
-162.883701,39,4616.01151
-23.143561,20,4616.100034
-279.862708,40,4616.27066
-276.282266,37,4616.429807
-195.609604,30,4616.554203
24.035489,29,4616.683508
-33.051092,23,4616.802497
-143.296487,23,4616.897676
-52.147673,26,4617.008741
-191.678391,30,4617.136448
-243.93126,38,4617.292643
-184.991494,43,4617.472527
-132.60617,36,4617.624162
204.288197,24,4617.733836
-138.267691,24,4617.838102
-241.496871,64,4618.11459
-37.176209,24,4618.21233
-391.440573,93,4618.618344
-13.41865,19,4618.697731
-268.306294,37,4618.853456
-794.66544,100,4619.305587
-27.303317,34,4619.464256
-43.496668,24,4619.569239
-246.981635,38,4619.73071
-21.087565,20,4619.8418
-162.330814,39,4620.081571
-235.982489,37,4620.364085
-123.729322,34,4620.790909
-199.122127,30,4621.080267
-258.196885,37,4621.503267
-27.757456,20,4621.718316
-187.439573,31,4622.036188
-115.90042,19,4622.195437
-34.939866,23,4622.381747
-202.319953,47,4622.750507
-142.025379,37,4622.978506
-268.162749,38,4623.61357
-158.433664,37,4623.855357
-187.590123,30,4623.996995
-123.628675,19,4624.082564
-249.881559,37,4624.23188
-142.068342,37,4624.392247
-150.594686,37,4624.549546
-26.677837,21,4624.637084
-128.036611,20,4624.725581
-21.702974,20,4624.81037
-41.674682,23,4632.057854
-175.426727,27,4632.232166
-28.605729,22,4632.334602
-135.15342,36,4632.494508
-20.085152,20,4632.580041
-25.120622,36,4632.743868
-73.150444,31,4632.890137
-189.110131,31,4633.054006
-310.039859,46,4633.257521
11.856954,29,4633.371552
-13.720537,36,4633.535603
-120.415418,38,4633.714336
-115.165846,18,4633.790694
-208.706507,31,4633.919734
-32.413118,22,4634.021085
-116.611269,18,4634.101496
-19.741715,20,4634.180957
-146.03635,37,4634.351253
-493.23109,75,4634.673101
-38.193517,22,4634.76708
-657.271644,101,4635.224178
-148.889971,25,4635.33342
-123.272945,19,4635.430814
-252.305496,37,4635.717008
-27.819905,23,4635.948859
-76.241917,29,4636.184011
-48.354573,24,4636.403779
-118.900652,19,4636.740064
-149.112236,52,4637.084599
-137.802218,37,4637.300911
-21.731709,20,4637.408641
-260.146051,37,4637.605261
166.675679,23,4637.734408
-117.424201,18,4637.832757
-128.307943,21,4637.955079
-127.967715,35,4638.146525
-162.282296,27,4638.273235
-123.551585,39,4638.479359
-232.214466,36,4638.838613
-118.019297,18,4638.961346
-59.499998,27,4639.299047
-79.290519,33,4639.603355
-130.423424,20,4639.732937
-163.124276,30,4639.925422
-16.666561,19,4640.033252
-172.960067,42,4640.258684
-218.672584,32,4640.405382
-255.183272,37,4640.57057
-241.823423,37,4640.733493
-91.407494,44,4640.921428
53.269926,24,4641.0256
-238.661467,37,4641.821527
-265.458641,37,4642.198235
-247.283792,37,4642.555851
-116.477017,19,4642.735889
119.923648,34,4643.148264
26.990109,29,4643.45789
-132.302619,21,4643.593736
-52.933704,26,4643.984079
-237.657578,37,4644.435953
-28.626893,20,4644.683199
-26.107042,20,4644.992727
-125.259342,51,4645.627201
-30.540603,22,4646.118481
-32.529363,22,4646.378876
71.03543,20,4646.674309
-39.473862,22,4647.650066
-24.021223,20,4661.235897
-151.386652,24,4661.387967
-45.483542,25,4661.501634
-250.94106,37,4661.649318
-104.978808,70,4661.973708
-35.081611,23,4662.071629
-129.69986,20,4662.162918
-124.05228,35,4662.312082
-248.815488,37,4662.464063
-181.300886,29,4662.592551
118.512413,45,4662.787547
-28.531208,20,4662.871392
-257.142719,37,4663.028805
-27.385815,21,4663.117921
-23.583161,20,4663.202139
-196.809551,34,4663.34222
-228.18347,36,4663.501937
-238.457494,37,4663.657189
-132.592768,22,4663.746402
-132.981008,20,4663.82925
-70.40309,28,4663.946024
-127.367135,21,4664.052142
-55.211851,25,4664.179875
-42.445976,38,4664.362492
-268.434342,37,4664.518128
-299.44412,64,4664.864279
-147.272282,35,4665.133666
-131.816382,20,4665.268776
-133.512785,37,4665.511916
-234.636487,37,4665.777649
-264.531758,37,4665.985481
-159.160094,26,4666.103916
-147.551175,38,4666.28245
-104.707718,34,4666.435894
-132.323261,21,4666.620743
-70.246807,27,4667.066192
-269.509149,37,4667.320477
-72.903261,30,4667.448014
-267.796517,37,4667.654486
104.53467,34,4667.847063
-107.884385,50,4668.154381
-256.470889,39,4668.867477
-245.38761,37,4669.294919
-102.053966,35,4669.49147
-129.090706,22,4669.585451
65.500224,22,4669.755143
169.435622,24,4669.926714
-22.015505,20,4670.03098
-14.772301,19,4670.129199
-162.245328,44,4670.432499
-260.727153,42,4670.834685
257.192483,25,4670.992967
-23.595236,20,4671.092596
192.539012,34,4671.239619
46.187537,27,4671.360446
-238.472461,37,4671.946944
-61.451131,26,4672.057492
-192.760769,31,4672.211684
-283.062876,58,4672.474657
134.384479,29,4672.599061
179.963558,22,4672.713738
-66.841838,26,4672.828262
-253.085573,37,4672.983376
-132.46194,22,4673.078937
-33.487011,23,4673.175565
-337.513831,52,4681.373623
-141.588503,23,4681.476609
-26.422737,20,4681.556602
73.658318,21,4681.647457
-125.97969,20,4681.730444
-34.721081,23,4681.835621
-201.260343,47,4682.062896
-171.868504,28,4682.216831
-150.446815,38,4682.558633
-25.904444,22,4682.689868
-24.347636,20,4682.787468
-409.788465,67,4683.146975
-47.541807,24,4683.260768
-239.662753,37,4683.4414
199.80522,25,4683.560331
-43.15029,22,4683.658442
-268.091426,37,4683.811305
-45.696134,24,4683.913453
-133.102437,22,4684.020742
118.633409,29,4684.162344
-150.859852,45,4684.353999
-139.727411,37,4684.532779
-420.612902,86,4684.894733
-14.822958,19,4684.973648
-228.554987,33,4685.108666
-283.104022,56,4685.371145
-251.206303,54,4685.621313
-169.706397,28,4685.745276
-52.597864,25,4685.85837
-69.751512,40,4686.029105
-31.155569,22,4686.119657
-140.340526,44,4686.305979
-23.149845,20,4686.398015
-43.296944,25,4686.506025
-210.972638,34,4686.638384
-117.929563,34,4686.779749
-19.101932,41,4686.961972
-50.422695,24,4687.065228
-131.105055,20,4687.150327
-79.514098,31,4687.301003
-122.854944,35,4687.564021
-21.505617,20,4687.686825
-142.508882,37,4687.952658
37.034959,28,4688.228455
-162.728202,27,4688.465883
-89.029716,33,4688.770447
-206.659467,33,4689.297758
-30.040243,20,4690.171688
-14.97549,19,4690.449616
-131.770857,20,4690.77809
-162.996849,25,4691.058263
-249.129617,37,4691.620166
-147.099235,37,4692.21295
-241.371564,37,4692.685431
-181.078059,44,4693.474039
-75.412834,30,4694.00904
-24.014707,20,4694.168581
-119.456918,20,4694.332101
-368.869477,66,4694.743193
-51.925899,37,4694.9449
-47.204947,25,4695.067197
37.648413,28,4695.203693
-80.571793,28,4695.36626
-78.659584,32,4705.994003
-229.904991,52,4706.607157
-117.647929,20,4706.714967
-31.027239,22,4706.818552
-126.292875,35,4706.976318
-157.003367,27,4707.11468
-61.931647,26,4707.252693
-130.335361,35,4707.448556
-256.338272,37,4707.627002
-127.072026,22,4707.731042
-58.41553,25,4707.868142
33.734108,44,4708.092422
-36.92287,23,4708.209776
163.36071,24,4708.337085
-207.500804,52,4709.251824
-237.923407,37,4709.490713
-51.786887,24,4709.625273
-160.391644,37,4709.853549
-60.232556,37,4710.090413
-91.135361,51,4710.634691
-118.741775,20,4710.749479
-137.323745,38,4710.942191
-41.018232,25,4711.090421
-150.93759,37,4711.460285
-29.075356,20,4712.015343
-164.118596,46,4714.09779
-274.363422,42,4714.872851
-45.469426,23,4715.138388
-268.626218,37,4715.737254
-661.479038,101,4716.321906
-120.356369,19,4716.419993
72.916436,21,4716.539529
-183.508992,43,4716.73286
-73.950349,28,4716.868088
121.289591,32,4717.037419
-8.755059,18,4717.126929
-47.531715,23,4717.248563
-142.763165,24,4717.356554
-156.648382,39,4717.538887
-168.981762,28,4717.672506
-126.163324,19,4717.848874
-29.038583,20,4717.954238
-123.786264,20,4718.05376
-37.537138,37,4718.228506
-128.088154,20,4718.312879
-119.976323,20,4718.408666
-24.216993,52,4718.627541
-17.917462,19,4718.71399
-216.586287,49,4718.923466
-273.226447,37,4719.086996
-70.061409,26,4719.203425
-209.286748,35,4719.371199
64.870086,22,4719.479617
-15.729136,19,4719.581697
-144.511636,38,4719.781554
-81.954982,31,4719.942424
-17.247417,19,4720.029312
-140.118232,37,4720.208214
108.540979,35,4720.361347
-255.894791,37,4720.51574
-25.884911,20,4720.611177
-47.242954,25,4720.725932
-137.660572,37,4720.879985
-223.043533,33,4721.036118
-249.977569,37,4721.197063
-168.897031,46,4733.163205
-125.326887,20,4733.272165
-23.697012,20,4733.363637
-111.363825,19,4733.442861
-254.083794,40,4733.614363
-29.558049,23,4733.713063
-123.489514,20,4733.805364
-140.122423,43,4734.018147
84.697723,19,4734.101408
-151.0816,39,4734.27068
-117.999672,34,4734.500084
-118.516852,20,4734.583444
-46.191606,24,4734.686163
-207.724304,34,4734.841884
-99.121124,34,4734.991156
-19.065216,21,4735.086508
-12.626382,19,4735.169741
-27.407118,21,4735.256908
-146.435199,38,4735.418785
-63.441092,41,4735.617239
-252.131595,37,4735.781349
-86.999617,31,4735.910584
-21.00596,21,4735.99977
-51.725207,25,4736.103481
-259.372727,37,4736.258024
-119.449133,19,4736.338682
-125.793492,20,4736.431109
-241.639907,37,4736.588904
-34.176159,35,4736.735791
-170.818164,41,4736.905679
-117.995828,18,4736.980716
-122.13825,20,4737.068526
-121.555602,19,4737.150211
-83.553412,61,4737.40628
-127.800777,20,4737.486149
-49.184485,23,4737.583901
-182.332387,53,4737.806144
-199.418807,57,4738.060057
-55.943895,26,4738.179107
-131.874262,21,4738.27146
-231.567477,36,4738.429687
-46.540791,25,4738.544219
-60.529238,27,4738.65963
-160.721463,27,4738.779239
-115.206072,32,4738.914973
-123.053341,34,4739.054625
-178.039508,30,4739.175588
-60.332991,28,4739.296408
-226.145298,33,4739.435538
-231.958367,49,4739.641318
-235.576762,37,4739.806764
-180.286882,42,4739.987285
-123.955896,36,4740.140222
-212.194541,35,4740.301985
-229.070005,35,4740.459367
-95.426801,31,4740.607185
-351.857958,53,4740.837478
-19.35234,19,4740.922057
-256.770406,42,4741.109686
-46.169481,25,4741.227482
-143.444093,23,4741.3295
-40.085907,24,4741.428812
-211.313574,33,4741.567556
-258.910172,37,4741.718675
-240.281991,35,4741.890511
-259.242449,37,4749.772183
-24.675082,21,4749.974273
-23.484724,20,4750.142139
-228.286079,40,4750.366497
-142.434335,38,4750.562495
-13.471193,34,4750.726247
-242.752902,37,4750.883218
-46.35693,24,4750.984686
-77.335365,29,4751.101399
-291.805596,45,4751.306601
-56.495186,27,4751.434547
-189.899243,30,4751.67148
-209.215218,34,4751.832614
-272.098575,37,4752.100089
-205.256749,31,4752.239581
69.100055,21,4752.330563
-377.091086,57,4752.571802
-22.382992,21,4752.659263
-138.565685,22,4752.753495
-144.005459,37,4752.916858
-256.628902,40,4753.087672
-403.471033,68,4753.408683
-76.270217,27,4753.535133
-170.669708,27,4753.662402
-78.133314,32,4753.804696
74.047997,20,4753.888366
-144.874405,37,4754.047796
-246.245878,38,4754.204649
-161.892834,28,4754.337156
-29.954787,20,4754.433693
-181.683171,29,4754.569188
-29.091039,21,4754.659973
-151.189199,38,4754.826755
-128.273486,36,4754.987891
-95.3608,31,4755.118424
72.426177,20,4755.203804
-101.656425,33,4755.348041
-129.306254,20,4755.437557
-605.73501,101,4755.894521
-218.748025,66,4756.160838
-252.649623,39,4756.33284
137.679291,29,4756.456091
-177.943519,29,4756.580368
168.185731,24,4756.694986
73.220937,20,4756.790438
-137.464216,37,4756.952688
-134.398806,36,4757.152193
-234.867346,42,4757.476679
-245.30675,37,4757.868977
-11.178926,18,4758.04627
-231.772018,40,4758.322124
148.310773,27,4758.625177
-146.809591,25,4759.330261
-187.589831,34,4759.908464
-46.097172,24,4760.185583
17.641215,31,4760.431752
-191.152274,29,4760.699227
-48.878583,26,4761.039698
-715.70456,101,4762.807928
-100.253174,32,4763.183263
-243.517108,37,4771.816433
-26.983951,20,4771.947268
-245.50393,37,4772.126615
-80.842694,28,4772.246887
57.231007,25,4772.362764
-249.391293,37,4772.518522
155.525364,26,4772.628321
-37.137572,24,4772.738702
-265.363844,37,4772.899182
-48.086185,38,4773.060789
-78.768074,28,4773.178589
-99.296368,36,4773.326216
-26.025758,21,4773.427092
-56.788042,40,4773.610723
-331.336318,52,4773.829166
-243.923325,38,4773.997497
-76.783876,29,4774.120786
-260.493554,37,4774.284543
-167.557442,40,4774.458085
-144.526549,24,4774.555595
-263.660146,37,4774.707926
-225.320685,35,4774.861554
77.860123,20,4774.943965
-51.54867,25,4775.05216
-177.240481,41,4775.223335
-247.02548,39,4775.379587
-244.816042,36,4775.531157
-189.126319,29,4775.649741
-29.803841,21,4775.742812
-265.049833,37,4775.902289
-95.493067,58,4776.150841
-230.180205,36,4776.305455
1.362837,38,4776.461326
-147.587071,25,4776.577201
-132.083989,21,4776.673682
-134.98334,22,4776.773562
-18.299379,20,4776.857689
75.302459,54,4777.221363
-154.711125,38,4777.389697
-166.132958,28,4777.51692
-113.069277,36,4777.686368
79.455226,36,4777.847149
-31.566896,21,4777.934776
-36.958286,37,4778.258404
-282.302478,60,4778.62314
-73.424107,29,4778.77026
157.028517,24,4778.881731
-131.529113,20,4779.420624
-351.731931,62,4779.728344
65.385013,22,4779.826419
-157.898335,37,4779.987236
-117.913524,19,4780.066178
-32.511434,21,4780.16032
-26.736357,23,4780.258959
-240.612366,37,4780.434717
-43.804783,24,4780.549445
-238.284474,48,4780.749634
-145.655672,24,4780.855243
79.313986,21,4780.958978
-129.660533,23,4781.062587
-139.492941,37,4781.219066
-128.736017,21,4781.314336
-75.402493,30,4781.444796
-27.403176,21,4781.528532
-99.489729,32,4791.249558
-37.889695,22,4791.398224
-228.395002,35,4791.568007
-27.770973,21,4791.659963
-33.49583,21,4791.747321
-259.193676,37,4791.900609
-36.561241,21,4791.99131
-313.117024,79,4792.327226
-48.363118,25,4792.441653
-47.949849,26,4792.560909
-37.226669,22,4792.652861
-30.444047,22,4792.743668
48.258749,25,4792.851279
-204.70845,32,4792.992565
-31.892439,22,4793.083307
-36.95165,21,4793.169403
46.245408,24,4793.275811
-267.271341,41,4793.448301
-45.961834,45,4793.65391
-43.968101,23,4793.754781
-365.67913,75,4794.087775
14.042342,52,4794.325901
-318.338115,48,4794.53651
-193.402134,43,4794.714722
-123.111263,19,4794.795818
-147.859157,26,4794.899102
-471.863318,64,4795.174051
-488.135013,69,4795.469866
-66.839571,28,4795.587338
-219.998443,34,4795.729113
-128.535342,22,4795.821317
-118.330417,19,4795.898901
-129.338868,20,4795.988085
-151.696874,39,4796.154612
-262.834747,37,4796.317019
-18.33886,19,4796.40062
-239.652868,37,4796.604731
-35.676564,23,4797.05373
-158.671167,40,4797.256073
-225.468795,31,4797.400224
163.360116,22,4797.497126
45.444008,44,4797.69712
45.638235,25,4797.821475
-114.458024,18,4797.910704
-94.721098,35,4798.066884
-190.860997,42,4798.246288
-283.186114,52,4798.474498
-240.636635,40,4798.645334
-48.156681,24,4798.758743
-37.501788,24,4798.859764
-125.072246,35,4799.007497
-167.117834,28,4799.126769
-198.796697,43,4799.312945
26.189548,28,4799.451731
-154.175756,28,4799.581619
-483.576958,101,4800.021591
-246.343153,37,4800.16462
-28.96407,21,4800.251986
-206.888953,46,4800.462299
-125.823336,19,4800.540874
-29.776655,20,4800.626638
-203.701821,34,4807.926827
-405.92178,57,4808.200096
-588.504219,79,4808.532258
-202.875723,35,4808.684
171.023316,23,4808.78585
-242.353193,37,4808.953354
-97.42774,34,4809.100499
-243.736783,39,4809.271723
-132.863658,20,4809.358315
-390.131064,87,4809.734944
7.022688,31,4809.955572
-375.775218,53,4810.192843
-24.858035,21,4810.282994
-222.736231,45,4810.488077
169.012284,35,4810.638221
-55.648345,25,4810.740999
-122.97803,38,4810.907008
-117.627543,18,4810.987697
-443.245414,98,4811.435645
-121.297548,35,4811.587049
-111.455468,18,4811.664643
-129.793141,20,4811.756566
-245.382308,38,4811.929536
-149.305664,96,4812.342266
-139.278502,37,4812.518978
-117.643799,18,4812.597638
-220.685431,50,4812.816368
-160.099204,44,4813.00451
105.849741,21,4813.099988
-139.338471,37,4813.412875
-61.70008,39,4813.897125
-140.305528,23,4814.010112
-44.615854,24,4814.114126
26.838872,28,4814.23616
-21.903669,20,4814.331202
-199.944117,31,4814.478744
-145.285241,38,4814.63752
-72.921108,29,4814.762265
-9.593677,18,4814.846857
-243.386031,37,4814.995689
-320.717359,46,4815.192131
-116.433153,18,4815.291407
-73.950838,30,4815.472382
-161.87723,27,4815.609436
-53.625401,24,4815.737333
-17.710162,34,4815.947078
-263.640532,43,4816.212282
-124.168183,34,4816.426418
75.249023,20,4816.587467
-52.713081,27,4816.827793
-137.549796,23,4817.056182
-16.271069,19,4817.182671
23.345957,31,4817.358898
-15.909525,19,4817.454622
-50.038456,24,4817.570194
-30.088489,21,4817.665551
-44.419493,24,4817.769344
-241.81251,37,4817.936177
-19.598266,20,4818.022446
-83.457337,28,4825.045095
-14.880589,20,4825.188936
-126.616621,22,4825.379569
116.271583,32,4825.532217
-177.187118,35,4825.681649
-163.06792,37,4825.847844
-218.36441,32,4825.983861
64.245414,23,4826.081484
-48.01876,25,4826.196773
-296.265129,45,4826.390629
-146.037312,22,4826.484948
-217.300806,47,4826.684817
-139.964182,36,4826.839922
-41.691565,23,4826.936481
-25.826928,20,4827.023601
179.485664,20,4827.111693
-196.851668,34,4827.256833
-62.18522,27,4827.368748
19.543309,31,4827.507842
-7.811218,18,4827.582707
-509.752758,71,4827.884406
-192.267292,42,4828.073343
-159.300126,37,4828.232404
43.244435,38,4828.405606
-10.796998,20,4828.488562
-76.966947,41,4828.663526
-226.332665,37,4828.828217
-136.57719,35,4828.97092
-118.618446,20,4829.06136
-176.239537,42,4829.245256
-244.930987,38,4829.423398
-111.318219,34,4829.571225
-26.403135,21,4829.663503
-141.974296,22,4829.75295
-63.007932,25,4830.319934
-138.961218,37,4830.584226
-271.609974,48,4830.809895
-115.877466,19,4830.891664
83.030142,37,4831.048951
-146.238601,23,4831.141373
-268.987391,56,4831.393626
-150.1698,40,4831.562882
-357.486807,72,4831.87062
-17.861804,19,4831.947777
67.975738,22,4832.037979
-239.043886,37,4832.19344
-133.481002,33,4832.430024
-249.805599,37,4832.599065
-98.422571,34,4832.752312
197.725358,22,4832.85085
-76.221805,30,4832.98142
174.749729,24,4833.085826
-269.182757,37,4833.246991
-160.332278,26,4833.354866
-247.338556,37,4833.533043
-132.136949,40,4833.705657
-163.826246,28,4833.825597
-94.089162,55,4834.069758
-86.418033,32,4834.20874
-124.189613,36,4834.364288
-97.898056,32,4834.511329
-16.389993,19,4834.591983
-20.244363,20,4834.676376
-125.603135,19,4845.184022
-130.048969,22,4845.361631
-32.177976,22,4845.479516
-261.96523,37,4845.639693
170.353759,27,4845.769011
-24.273296,20,4845.867346
-41.049861,22,4845.960343
-12.092999,19,4846.041401
-126.96461,20,4846.12379
-138.658148,22,4846.223696
-23.20899,20,4846.320544
-243.793497,37,4846.516397
-240.70687,37,4846.726647
-17.832525,20,4846.813939
193.145239,23,4846.919774
72.892354,20,4847.005813
-242.592058,35,4847.150135
-115.232207,19,4847.590447
-250.60931,37,4847.782998
-148.797402,24,4847.888416
-242.381909,37,4848.047466
-17.348559,19,4848.140499
-153.02672,23,4848.245828
-223.245567,37,4848.419142
-122.704216,33,4848.563843
-134.66482,24,4848.664486
-132.692134,20,4848.756382
197.062943,20,4848.857704
-66.980463,28,4848.97526
-192.310754,29,4849.101337
-266.34906,58,4849.355045
-34.090772,22,4849.460206
-117.498559,34,4849.598583
-140.701034,37,4849.769804
-43.164429,23,4849.867323
-80.120208,31,4850.000276
-250.390333,37,4850.156539
-185.48033,31,4850.28429
-22.488203,20,4850.372845
-126.394989,38,4850.555156
-136.35106,22,4850.650627
31.431199,27,4850.760932
-439.928363,70,4851.05437
-131.137318,20,4851.140828
-340.039659,72,4851.465741
-43.511055,25,4851.578992
-217.455836,34,4851.723286
-254.529175,37,4851.880844
-131.469807,36,4852.02974
-251.162472,37,4852.195174
-23.959666,53,4852.417793
-155.000258,26,4852.528292
-35.12371,24,4852.632985
-196.726335,33,4852.77576
-42.763892,24,4852.877367
-92.677066,33,4853.031347
-359.003311,101,4853.463383
-236.60729,47,4853.662268
-237.386668,36,4853.821771
-326.180468,50,4854.039408
-128.381817,19,4854.120432
-131.899161,20,4854.210113
-50.954739,26,4854.321871
-243.57369,68,4854.610231
-161.191434,39,4861.523032
-309.585107,49,4861.785601
-132.208319,20,4861.867701
-37.661763,22,4861.956429
438.119574,27,4862.073002
-71.721782,26,4862.182855
-323.411312,45,4862.376325
-687.210131,101,4862.814622
-265.423432,57,4863.065367
53.123038,25,4863.175474
-27.773952,21,4863.263014
72.083417,21,4863.34974
-105.33703,32,4863.487096
-127.019934,36,4863.639092
29.540086,29,4863.875755
-29.526826,20,4863.969269
-27.345312,20,4864.568654
-59.514845,26,4864.712392
-171.384702,42,4864.967597
-242.944966,37,4865.126396
-61.960812,28,4865.24613
-31.248013,23,4865.342022
-27.596268,20,4865.427473
-109.386234,35,4865.5875
-48.027009,23,4865.698077
-561.937015,101,4866.139226
12.685754,33,4866.282579
-58.618507,25,4866.390192
-45.841505,37,4866.559797
-89.133823,31,4866.703322
-63.374904,26,4866.809953
53.797177,25,4866.920367
-175.215386,41,4867.088785
-46.643214,24,4867.191508
-146.813273,23,4867.298683
-250.340807,38,4867.462049
-176.914344,28,4867.582175
-244.498687,37,4867.742127
-104.874739,33,4867.888402
58.472926,24,4867.994642
-155.883619,37,4868.160212
-65.209432,27,4868.27416
-247.726498,43,4868.462274
-23.269447,20,4868.549817
-13.348023,19,4868.633741
-115.25309,41,4868.817756
-262.337389,39,4868.978874
-135.984238,24,4869.083218
-148.963095,41,4869.260248
-254.57336,37,4869.422789
-27.562999,20,4869.512313
-255.092558,37,4869.71842
-130.357423,20,4869.838623
-37.570274,38,4870.084431
-28.218108,20,4870.251102
-1.617514,33,4870.700316
-221.446699,36,4871.062729
-57.089605,26,4871.28464
-482.943537,101,4872.126591
-139.957309,25,4872.257267
-27.010646,22,4872.381962
-20.297111,21,4879.967939
-57.853256,27,4880.161992
-25.137082,22,4880.283111
-28.299554,20,4880.382912
-163.379698,27,4880.518161
-25.471453,20,4880.620423
-242.75746,37,4880.788973
-54.982966,26,4880.913269
52.069045,28,4881.185167
-31.713333,21,4881.317353
56.081307,24,4881.462908
-312.338751,47,4881.754568
75.193163,20,4881.861701
-140.035523,37,4882.031185
-29.426581,20,4882.12645
-386.748099,58,4883.160849
-157.089851,24,4883.28989
164.230019,23,4883.408976
-335.976548,48,4883.711888
-48.983728,42,4883.926518
-281.120873,57,4884.20707
111.774597,17,4884.290818
40.595344,31,4884.452086
-285.683823,61,4884.785875
51.896787,24,4884.910924
151.10281,26,4885.035555
-256.622137,37,4885.220463
72.392955,20,4885.334857
-13.607799,36,4885.53263
-17.144508,19,4885.632441
-149.672859,26,4885.761261
-256.819622,37,4885.939804
-233.306933,39,4886.131392
-250.538245,37,4886.313742
-128.307317,22,4886.425524
-239.292599,32,4886.58549
-155.777445,37,4886.793851
-122.795213,19,4886.886993
-205.949375,57,4887.172198
-55.499276,37,4887.359673
-199.006554,101,4887.842198
-315.664121,47,4888.045112
-144.231817,39,4888.21044
-130.063453,37,4888.381504
-158.818177,25,4888.486423
-96.487351,36,4888.646236
-28.066772,20,4888.735419
-255.654035,37,4888.888574
-254.976503,37,4889.234475
-186.066066,52,4889.47746
-151.391734,37,4889.635085
183.099565,20,4889.723066
-24.239352,20,4889.811953
-229.604037,59,4890.088454
-178.895351,49,4890.303423
-6.391305,47,4890.507099
-16.971235,20,4890.585312
-80.127127,28,4890.709876
-252.924693,52,4890.929583
44.790817,25,4891.037396
-22.833042,19,4901.49245
-158.260979,73,4901.926805
-178.969497,44,4902.111798
-85.644131,53,4902.360275
166.953069,24,4902.46168
-70.561647,28,4902.583286
267.7991,24,4902.688821
-56.735856,25,4902.80407
-199.695569,44,4903.023029
-28.677998,20,4903.113762
-221.192681,33,4903.2582
-215.711025,33,4903.392508
-335.501193,48,4903.613245
-227.865353,55,4903.856415
-84.655459,32,4903.987414
-5.574246,37,4904.163202
59.635057,23,4904.266227
-719.780545,101,4904.724309
-244.084562,37,4904.882119
-96.538366,41,4905.057419
-240.91264,37,4905.222146
-29.504625,20,4905.311347
22.63267,29,4905.440473
-32.943142,22,4905.53082
-159.790653,40,4905.70633
-50.500282,23,4905.808969
-242.817823,39,4905.985127
-14.298371,19,4906.062398
-224.920461,38,4906.223452
-47.362687,25,4906.328809
-112.281029,32,4906.46183
-168.775454,39,4906.631036
-24.030946,20,4906.765638
-543.269417,100,4907.353867
551.168203,24,4907.45116
-247.545869,37,4907.613587
-125.271071,19,4907.693267
-66.659708,25,4907.801002
-191.518033,31,4907.933546
-49.254004,25,4908.040538
-251.016866,39,4908.211428
-134.015913,35,4908.356527
-238.659601,38,4908.5285
-16.217686,19,4908.611858
-125.118316,21,4908.702686
-247.40014,37,4908.899816
-168.467335,27,4909.040982
-335.597889,48,4909.274996
78.313291,20,4909.37165
-81.037721,30,4909.507368
-109.663598,37,4909.685656
-243.095136,37,4909.861393
-139.51594,37,4910.02488
-181.548806,42,4910.215121
-198.325077,31,4910.37725
-110.763588,40,4910.545117
-252.520834,37,4910.694632
-26.256128,20,4910.780984
44.444688,25,4917.953294
-63.823433,26,4918.134389
-132.882319,21,4918.248383
-56.017143,26,4918.362799
-139.885532,24,4918.47006
-502.965312,88,4918.84454
-150.539992,27,4918.960797
168.692692,25,4919.075554
-124.064429,20,4919.167335
13.069247,31,4919.304823
-141.029979,38,4919.470583
-258.203135,37,4919.625345
-125.440094,19,4919.707524
192.639661,24,4919.814722
-238.88593,39,4920.060844
99.343277,44,4920.252871
-142.705256,23,4920.359608
-110.267608,30,4920.48692
-23.619831,20,4920.574727
-183.444243,41,4920.748967
-123.72203,75,4921.186104
-147.595963,26,4921.295402
-160.34487,26,4921.403885
-254.721128,37,4921.566902
18.721031,28,4921.690521
-158.677031,53,4921.91416
270.014039,21,4922.002505
-210.004536,49,4922.224904
-46.137474,25,4922.329172
-245.725741,37,4922.482304
-254.124629,37,4922.64314
-34.469295,22,4922.733894
-99.214536,34,4922.87328
-154.400773,24,4922.977311
-58.607107,28,4923.09487
-83.953258,30,4923.21699
-66.215288,28,4923.334702
-151.100728,36,4923.488174
-141.927442,24,4923.586325
-158.639589,37,4923.738159
-49.023724,26,4923.851272
202.795556,23,4923.948725
-459.981379,101,4924.401631
42.118369,44,4924.598083
-173.176151,26,4924.708103
-14.775993,21,4924.798791
-108.506468,18,4924.874554
-33.437898,22,4924.967434
-19.906457,19,4925.049036
-241.546833,37,4925.204939
-15.744018,19,4925.282425
-484.406639,101,4925.723864
-277.673717,42,4925.901333
-31.452436,60,4926.157303
53.155932,25,4926.268763
61.69954,24,4926.378347
-147.482305,39,4926.584292
71.723989,20,4926.711552
24.090338,29,4926.887659
-26.720768,21,4927.040128
-179.101265,30,4927.307729
-80.243168,31,4935.985437
200.603078,22,4936.122141
-23.601711,20,4936.248047
-25.310035,20,4936.349592
-44.123194,22,4936.444803
-79.728945,31,4936.581311
-119.702197,20,4936.674502
33.112632,27,4936.791512
-44.833884,25,4936.899512
-301.655364,69,4937.220424
-665.19579,101,4937.673934
-48.341008,23,4937.771
-135.332509,22,4937.859838
-29.751933,22,4937.95281
-108.775047,34,4938.105234
-130.613686,37,4938.264846
-49.925675,25,4938.370172
-223.437444,45,4938.564427
-282.559406,40,4938.734643
-98.795732,32,4938.869059
-107.265008,53,4939.109577
73.472326,20,4939.197823
-42.963761,22,4939.294451
-24.307899,20,4939.383725
-209.21979,63,4939.669303
-90.108243,32,4939.799902
-201.246303,49,4940.005589
167.49645,21,4940.095056
-95.730773,30,4940.227531
-49.396251,44,4940.427685
57.231548,22,4940.519295
-60.667006,28,4940.638255
-384.302563,71,4940.942633
-27.12778,20,4941.025341
-102.942935,46,4941.213806
168.469857,22,4941.30532
-32.635779,21,4941.400065
211.522622,22,4941.493954
-49.611183,26,4941.606348
68.765725,22,4941.697993
-55.790058,39,4941.864821
-79.518417,30,4941.996247
-235.737639,37,4942.159231
-57.871376,27,4942.27964
-112.697292,33,4942.420064
22.516951,29,4942.53989
-198.587968,35,4942.684015
-16.534806,20,4942.769434
-227.965742,34,4942.916796
-179.012528,56,4943.166304
-71.640756,29,4943.290808
-26.881889,20,4943.376012
-128.193964,20,4943.571707
-252.892331,40,4943.98875
-73.968048,31,4944.123308
-29.679636,20,4944.208381
-134.520173,37,4944.372032
-114.078074,18,4944.459881
-82.866378,29,4944.579879
77.765248,20,4944.663748
-72.366268,30,4944.815129
-242.290625,37,4944.976065
-270.080925,39,4945.140405
-46.977705,25,4945.265326
163.753123,22,4957.31204
-159.2981,29,4957.536108
178.665351,25,4957.648047
-21.273756,20,4957.746952
-203.522617,33,4957.901033
-120.324053,36,4958.082699
-15.694645,34,4958.226196
-244.45802,37,4958.39039
-294.112958,69,4958.676693
-65.7463,28,4958.794234
-53.020142,25,4958.907335
-87.754329,46,4959.107358
-199.172645,30,4959.243556
72.664074,20,4959.325817
-368.274028,71,4960.105487
-248.793413,36,4960.291386
-248.159282,37,4960.451638
-135.361772,24,4960.55409
131.069103,30,4960.68882
-249.266814,37,4960.846062
-141.522851,37,4961.002183
-169.778393,28,4961.121846
-218.059266,33,4961.261193
163.057074,27,4961.377072
-42.640234,25,4961.489675
-23.945225,20,4961.574229
-413.699542,101,4962.024302
-178.890507,44,4962.22213
-147.081474,23,4962.320009
-237.013178,37,4962.492859
159.604636,30,4962.626708
-115.935646,18,4962.703275
-35.910766,37,4962.852759
-80.777058,31,4962.984779
-61.992351,26,4963.091448
-502.850047,101,4963.540926
69.328031,21,4963.637481
-57.537107,26,4963.741963
-350.451349,70,4964.031741
-139.292544,36,4964.206667
-73.946343,28,4964.330518
-14.258025,34,4964.477995
-33.684304,21,4964.566538
-231.418289,37,4964.735084
-119.941428,38,4964.900555
167.533225,21,4964.99002
160.407471,26,4965.104636
-42.453388,25,4965.200813
-202.219498,45,4965.384426
-163.663247,55,4965.630861
-130.040958,37,4965.786844
-130.710027,22,4965.87922
-249.518408,42,4966.057636
-33.046765,21,4966.141485
192.462019,23,4966.240283
-30.328794,21,4966.332553
-281.645883,76,4966.662515
-148.016311,40,4973.148302
-310.543629,49,4973.41524
-32.164812,21,4973.508969
-257.682958,39,4973.674534
-75.884051,27,4973.79046
-95.625913,31,4973.924792
-33.188679,22,4974.015195
-233.99398,40,4974.183119
-36.643629,22,4974.284849
74.162682,20,4974.372437
-247.12537,37,4974.53914
-677.804541,101,4974.973633
-371.800738,60,4975.226848
-282.268685,49,4975.439774
-29.176129,20,4975.520874
-159.341554,27,4975.631625
-175.622332,29,4975.752278
-106.161509,32,4975.892537
-33.79029,37,4976.054452
-252.379978,37,4976.219383
27.679978,28,4976.353944
17.896506,41,4976.989881
-234.597118,37,4977.148092
-244.051448,37,4977.314515
-126.786078,39,4977.477746
-52.684179,25,4977.595484
-247.603573,50,4977.817006
-122.006436,20,4977.902053
-19.391568,20,4977.992787
-160.078329,39,4978.171155
-80.338471,32,4978.315381
-474.192402,101,4978.780124
-360.151125,53,4979.011708
83.721047,19,4979.096392
-155.661437,40,4979.2656
71.834689,20,4979.35233
-227.464654,36,4979.517436
54.684086,26,4979.635056
-129.325878,21,4979.72918
-358.72535,77,4980.067099
-234.48368,49,4980.277292
-174.830039,41,4980.458222
-189.679213,32,4980.593551
-246.998705,37,4980.75064
-157.857541,56,4980.994328
-259.176829,37,4981.152572
-159.742981,40,4981.322845
-143.085763,23,4981.422058
-198.44926,30,4981.548831
61.727277,23,4981.641509
-221.889858,35,4981.786901
-161.828704,29,4981.913748
-70.91977,28,4982.036983
-116.512807,34,4982.18166
-27.884495,21,4982.312031
-48.701838,23,4982.451536
15.695871,30,4982.627548
-119.090386,38,4990.394874
-126.116837,19,4990.490507
-152.831949,40,4990.670977
-20.822879,20,4990.766957
-98.287326,30,4990.891666
133.670629,31,4991.037078
-244.744927,38,4991.256384
-117.904943,18,4991.346984
-241.429807,56,4991.576948
-441.576551,64,4991.851247
-143.903902,34,4991.996946
-237.698666,37,4992.154958
-170.823277,26,4992.264417
-33.307327,22,4992.359163
-38.891883,23,4992.453835
-30.761584,20,4992.542786
-59.457892,26,4992.659576
-69.207266,41,4992.840094
-127.847206,19,4992.922177
-28.492657,20,4993.00264
-131.754467,22,4993.097875
-40.173265,23,4993.195236
-44.465208,22,4993.2908
-219.267882,34,4993.433775
-159.997158,26,4993.541657
-94.814393,45,4993.730098
-34.842974,21,4993.819121
-150.224815,25,4993.932909
-388.960125,61,4994.198402
-240.372418,37,4994.352846
-220.903398,33,4994.500631
-123.970205,19,4994.579122
-70.116672,28,4994.703391
-249.803775,36,4994.851448
-28.519453,20,4995.234761
-134.23038,37,4995.448923
-50.127304,25,4995.556239
-313.534553,67,4995.848701
-173.119499,30,4995.974314
104.649897,37,4996.132662
-38.701424,22,4996.23031
-59.660923,28,4996.361352
-38.494482,23,4996.474656
-20.406834,19,4996.565218
-192.15995,46,4996.765654
-242.084532,35,4996.915838
-265.581529,38,4997.083701
-28.01041,20,4997.171163
-27.769834,20,4997.255068
-249.570676,38,4997.430399
-150.002335,24,4997.532661
-167.870424,26,4997.658674
-295.112085,43,4997.856631
-27.098254,21,4997.957248
-104.94889,46,4998.165478
-56.293035,25,4998.288735
-234.166072,35,4998.465473
-25.207689,21,4998.555572
-412.531164,84,4999.042529
-49.776374,25,4999.149449
-143.016395,38,4999.313316
-27.665032,20,4999.399509
-73.062789,30,4999.53322
-30.522982,57,4999.77233
35.085545,28,5009.453246
-129.658639,20,5009.740135
-31.799387,24,5009.924875
-199.685458,35,5010.205278
-29.262778,36,5010.433913
-253.215447,37,5010.603395
-36.393565,22,5010.700432
-137.615958,21,5010.792965
-193.403858,31,5010.941736
-34.281373,22,5011.036411
33.750215,28,5011.154311
-194.908326,45,5011.348024
-37.920652,22,5011.449646
-253.036172,46,5011.661185
-55.327438,42,5011.846864
55.021418,24,5011.956267
-239.686224,36,5012.112702
-100.691893,32,5012.292376
-23.175854,19,5012.777777
-16.278592,47,5013.034115
-296.447062,44,5013.226706
53.589058,25,5013.337545
-247.044227,37,5013.498345
-14.938067,19,5013.576992
-128.858312,35,5013.730992
-38.042966,23,5013.831988
-22.411803,33,5013.999828
-214.967802,48,5014.231269
-125.583659,19,5014.317723
-389.992806,62,5014.591068
-173.088692,28,5014.712753
-22.922258,19,5014.794744
-165.115102,28,5014.91544
-123.237622,35,5015.077197
-37.075227,22,5015.170913
-257.785105,37,5015.326093
-178.94375,43,5015.515122
38.739135,26,5015.624163
77.46536,22,5015.722
-93.517154,34,5015.871202
-174.572736,27,5015.989096
-28.357862,20,5016.076859
-41.609474,23,5016.178269
-269.38713,37,5016.337499
-138.988039,21,5016.426752
-117.096272,19,5016.507067
-28.086698,20,5016.598452
-31.512307,21,5016.68712
-267.799403,53,5016.913538
-27.2681,20,5017.005137
-172.326087,29,5017.125403
-65.408243,28,5017.244595
-31.564878,20,5017.330857
-13.398284,19,5017.40963
-157.730506,40,5017.582036
67.32046,22,5017.679011
-220.512645,49,5017.900214
-23.957279,20,5017.991209
-91.877794,31,5018.12399
-180.114063,29,5018.251276
-116.140506,19,5018.335813
-240.391681,37,5018.496642
169.226779,24,5018.602153
-25.795457,20,5018.687931
28.342462,33,5018.826149
-89.679732,57,5019.066676
-33.486919,23,5019.163327
-523.803622,101,5026.250045
-31.87911,21,5026.344026
-37.049702,22,5026.443089
-74.652799,55,5026.690455
-10.042504,32,5026.831634
66.163081,21,5026.928923
201.056541,22,5027.020888
70.580283,51,5027.239102
-247.975005,39,5027.412873
-218.267225,34,5027.559896
-370.760009,53,5027.781174
-124.03384,35,5027.927449
-28.439751,20,5028.009804
-65.649497,28,5028.126809
-213.727177,48,5028.337081
-269.070112,54,5028.557368
-28.770175,20,5028.640316
-102.835327,34,5028.777583
-103.527723,34,5028.917055
-136.026363,21,5029.002607
-227.962967,48,5029.203759
80.762066,23,5029.296513
-157.735103,25,5029.409344
-16.33825,19,5029.540233
-78.708355,33,5030.085151
-170.115004,29,5030.356319
33.851574,50,5030.590322
-156.230593,26,5030.706238
-138.298177,21,5030.794545
-142.142095,37,5030.968823
55.5031,24,5031.07355
-115.013301,19,5031.160422
54.565063,25,5031.271009
-434.557227,83,5031.642154
72.473441,20,5031.727336
-250.591978,37,5031.885847
14.227917,30,5032.011553
-179.63038,29,5032.144823
-23.788501,19,5032.225821
-236.701207,49,5032.43409
93.166371,21,5032.524396
-19.187481,52,5032.74593
-144.626192,37,5032.915687
-37.906433,23,5033.027362
-286.825271,67,5033.324719
-142.033733,37,5033.488651
-255.510203,37,5033.649938
-14.878421,19,5033.734328
-79.808719,29,5033.864808
-26.468838,20,5033.949102
-43.691042,25,5034.05198
-35.452825,38,5034.216424
-39.719522,22,5034.307712
-117.844796,18,5034.387704
-78.292053,32,5034.569003
-175.005024,30,5034.724749
-146.247059,25,5034.833705
-38.701818,24,5034.926928
-328.946454,82,5035.286598
-264.020471,40,5035.467157
-167.631417,41,5044.658137
-156.340375,26,5044.782707
-43.410145,24,5044.879251
-203.068135,31,5045.008661
-248.417155,37,5045.162119
-37.04346,22,5045.255971
-29.831189,21,5045.345886
-126.244653,19,5045.434208
-38.454057,23,5045.528577
-239.152067,37,5045.683727
-102.107071,34,5045.826118
-151.684414,23,5045.917966
-293.385135,73,5046.235709
-24.418421,19,5046.314799
-193.269625,31,5046.441092
-151.0046,40,5046.69663
-270.69297,37,5047.116449
-46.767726,25,5047.235237
-256.675176,37,5047.398089
-28.14315,20,5047.4864
-245.962893,37,5047.643673
-49.26765,24,5047.745666
-147.905596,39,5047.908551
-138.817986,37,5048.071943
33.888354,25,5048.186623
-27.758682,20,5048.27423
-150.369166,26,5048.377126
-125.017426,19,5048.454697
-64.862218,28,5048.570027
-58.025203,25,5048.676131
-75.649567,30,5048.80366
-132.527831,40,5048.977452
-246.644723,39,5049.145886
-34.564865,22,5049.232909
-129.306905,20,5049.320581
-272.023641,37,5049.482835
-50.312962,25,5049.598105
-147.454625,24,5049.702582
-133.977974,39,5049.87257
43.472873,26,5049.979853
-0.430774,37,5050.147081
-52.842212,26,5050.265573
-205.77264,45,5050.536843
-146.155588,38,5050.697282
-235.212926,52,5050.907825
-135.752928,40,5051.077714
-26.366305,40,5051.243873
-247.043902,37,5051.397508
-123.295866,35,5051.539613
-270.566199,101,5051.96131
-151.410457,37,5052.114598
-38.2407,36,5052.266182
-248.368627,37,5052.423193
-57.524353,48,5052.626328
-59.918567,44,5052.813845
-218.717644,35,5052.980091
-121.611994,20,5053.066017
1.043053,32,5053.226
-81.168569,31,5053.455015
-180.630092,42,5053.637828
8.311921,34,5053.781074
-284.265367,59,5063.90675
-244.390184,37,5064.283324
-160.833178,38,5065.105174
-211.886224,38,5065.350153
-122.490245,19,5065.46858
-223.988946,36,5065.632464
-243.453817,37,5065.794853
-15.748466,39,5065.96638
-135.054131,37,5066.118745
-40.104512,23,5066.218594
-185.87617,29,5066.346287
-23.439854,19,5066.429451
-159.644578,24,5066.53803
-70.997541,43,5066.719912
-25.099644,20,5066.806497
-164.035872,26,5066.922584
-367.255038,53,5067.165937
-51.498324,27,5067.284088
-119.878645,18,5067.360677
-428.954408,80,5067.731303
-78.579304,29,5067.851431
66.556785,23,5067.955178
-33.216598,21,5068.04689
70.696032,21,5068.136622
-75.278522,29,5068.262629
-22.804056,19,5068.479728
-252.87137,37,5068.687114
-161.534782,26,5068.813674
-29.207888,21,5068.909994
-234.370969,37,5069.067594
-14.74088,19,5069.141271
-134.242316,23,5069.236865
-70.314351,27,5069.355159
-257.294027,37,5069.523712
-143.443433,37,5069.68714
-132.187093,20,5069.774927
-253.849388,37,5069.933539
-22.399589,19,5070.014426
-142.260368,23,5070.109868
-551.77508,101,5070.531355
-18.152556,52,5070.753739
163.653943,22,5070.849578
-156.87089,25,5070.956056
-79.590816,29,5071.089138
-23.310849,20,5071.176057
-156.72102,39,5071.354107
-235.671653,37,5071.518177
-307.182407,49,5071.743559
-30.164087,21,5071.830289
-153.028095,26,5071.944185
-238.83192,37,5072.09739
-116.488538,18,5072.175544
-36.655209,23,5072.274307
-98.986337,34,5072.41981
-232.361494,49,5072.624003
189.320599,20,5072.707382
-39.153603,22,5072.800457
-495.962303,97,5073.225398
-48.978232,25,5073.335403
9.733741,29,5073.457305
-171.880671,31,5073.588599
-175.28685,44,5073.786687
-17.06885,20,5080.159895
-240.221795,37,5080.354345
-225.950564,66,5080.635484
-165.382078,27,5080.7505
-26.124535,20,5080.840644
-53.584536,25,5080.95173
-153.01068,23,5081.052671
-22.462454,20,5081.133977
-77.559439,42,5081.312381
-145.265742,38,5081.477099
-179.905094,38,5081.63627
-242.806159,37,5081.792026
-142.184232,22,5081.888075
-43.916354,22,5081.982284
-214.188426,48,5082.560889
-132.689487,20,5082.643492
72.896731,21,5082.734277
-62.232084,28,5082.852604
-64.668931,28,5082.972004
-78.351746,28,5083.087721
-29.336929,20,5083.17001
-123.760681,21,5083.264263
-124.567151,21,5083.348278
-30.081913,20,5083.43733
15.609956,28,5083.573255
-126.868331,19,5083.663538
-326.930359,101,5084.095303
-44.128003,23,5084.195727
-47.471066,26,5084.308753
-111.82338,36,5084.470313
-240.334948,37,5084.628022
-33.000021,22,5084.818982
-141.547519,26,5084.931176
-164.724586,40,5085.108233
-38.356857,23,5085.203007
-30.061693,20,5085.282074
55.911919,44,5085.476248
-132.974972,20,5085.564613
-47.230265,24,5085.665169
-234.435954,47,5085.880663
-68.639639,28,5085.999829
-97.611278,35,5086.149655
-495.417564,101,5086.621972
-653.847818,101,5087.09936
-136.328385,24,5087.206747
-242.219585,36,5087.362017
-9.574525,18,5087.439747
-85.780658,29,5087.565752
-43.868175,24,5087.666683
-116.88031,19,5087.749433
-119.81229,19,5087.831107
-90.870146,30,5087.957987
-117.02748,19,5088.032978
-84.223626,33,5088.185539
-48.36086,26,5088.306693
268.272196,22,5088.439442
62.810004,24,5088.548525
-230.694215,39,5088.728763
-14.589337,19,5088.810069
-49.138968,25,5088.915528
-178.698782,27,5089.032183
-126.705005,19,5089.114956
-149.067899,40,5089.28706
-31.553127,22,5089.387606
-334.684444,51,5097.201866
259.945032,24,5097.361842
-284.676124,57,5097.638728
-239.189556,37,5097.795372
-124.746133,20,5097.885435
-131.368301,22,5097.977201
168.00046,21,5098.066502
-197.501578,29,5098.189048
-187.582074,44,5098.376383
-256.190252,56,5098.633881
30.259794,27,5098.750598
-15.102732,19,5098.827303
-219.605491,34,5098.970901
-178.534964,31,5099.098359
-42.463995,23,5099.197518
-49.756872,23,5099.29533
-128.043672,19,5099.372788
269.898129,21,5099.463803
-191.620291,58,5100.003354
-195.098898,30,5100.209752
-58.146365,24,5100.320446
-46.359533,24,5100.423833
-136.662937,23,5100.527395
-256.209362,37,5100.696421
-15.888333,32,5100.832259
-223.287725,44,5101.031524
29.049994,29,5101.160562
-144.856063,25,5101.267051
-238.066087,37,5101.427686
-153.495981,25,5101.539098
-127.118549,20,5101.620173
-627.990065,92,5102.013623
-38.782039,37,5102.173968
-27.293763,22,5102.265591
72.437706,20,5102.347829
-162.698434,41,5102.527342
-133.374949,41,5102.704561
-25.00883,19,5102.783855
-106.48531,33,5102.928484
-45.779037,25,5103.03891
-369.846209,56,5103.289567
-8.029861,33,5103.429109
-26.300652,20,5103.513734
-485.458418,101,5103.95342
-142.181706,25,5104.061133
-13.407717,20,5104.139807
-43.75616,24,5104.246054
68.741879,22,5104.341509
-201.962041,32,5104.484208
40.937176,28,5104.606158
166.807234,22,5104.701575
-75.089041,27,5104.816657
-46.014686,25,5104.924298
70.870618,20,5105.013776
-185.198002,29,5105.13627
-19.97243,20,5105.214969
-145.221786,59,5105.472871
-233.052535,38,5105.637801
18.565524,30,5105.764125
-126.487073,19,5105.844191
-31.076246,21,5105.935064
-50.972714,42,5106.115896
169.200013,21,5106.205538
-132.96152,21,5106.296135
-51.585864,37,5106.448167
-195.209708,45,5113.553885
150.365098,26,5113.660053
189.356959,20,5113.743975
-195.323685,32,5113.884593
-193.419302,30,5114.00951
-133.298059,37,5114.164492
14.278326,32,5114.29697
-131.83865,36,5114.449754
-135.540167,22,5114.545241
-103.138289,35,5114.692569
-215.117939,51,5114.901659
-195.208289,30,5115.026861
-84.982341,30,5115.154852
-104.640567,30,5115.274274
-76.038026,49,5115.486393
-110.204201,18,5115.561022
-59.270278,37,5115.717318
61.325618,23,5115.813112
-121.371987,20,5115.901562
-143.11178,37,5116.058493
-465.314185,101,5116.499865
-23.145123,19,5116.58025
-80.738093,32,5116.720667
-135.705012,37,5116.883616
69.496402,21,5116.972784
-154.402974,37,5117.130377
-84.77975,31,5117.26466
-144.476915,38,5117.425593
-109.989051,18,5117.501908
38.199933,27,5117.616689
-160.354534,27,5117.91231
-301.276066,49,5118.273886
-55.7175,25,5118.378002
-598.273259,101,5118.838054
-151.535507,24,5118.970964
-31.841987,21,5119.077588
-21.390658,20,5119.181491
-145.806889,35,5119.375145
-60.421871,38,5119.605662
-122.885193,36,5119.847415
-249.05777,37,5120.185479
-175.008311,44,5120.658088
-21.669335,20,5120.807707
-136.056145,37,5121.073168
-14.209958,19,5121.206833
122.313583,32,5121.43511
-316.697099,60,5121.861433
133.097606,31,5122.069915
166.76757,24,5122.254218
-35.739006,22,5122.423928
73.856305,20,5122.526392
-218.163552,35,5122.69441
-466.112439,94,5123.107138
-236.644343,37,5123.263214
21.139419,29,5123.393226
-67.810683,28,5123.519848
-178.205519,28,5123.645036
-49.309493,23,5123.747943
23.234189,31,5123.883543
-25.402097,19,5123.965635
-249.166497,37,5130.451121
-151.711933,23,5130.564896
-213.119515,32,5130.702657
-143.313195,41,5130.870098
-257.551561,37,5131.026021
-33.186667,22,5131.117725
-167.87636,27,5131.23313
-299.314398,47,5131.426828
-63.396116,40,5131.605392
-32.29729,23,5131.700859
-265.8832,37,5131.862931
57.731469,22,5131.958708
-36.647332,22,5132.049831
-247.900242,37,5132.20964
31.490607,28,5132.330674
41.788933,28,5132.453675
-32.340632,21,5132.541708
-32.868005,22,5132.637946
-147.148544,25,5132.744118
-21.80475,20,5132.826784
61.190566,23,5132.92124
-71.874941,30,5133.048545
-125.904618,21,5133.136684
-195.59626,33,5133.269073
-29.496573,20,5133.351143
-21.106843,20,5133.4342
-56.357922,27,5133.554348
2.667592,33,5133.702317
-260.303898,37,5133.870171
-239.54678,37,5134.032185
-164.788306,26,5134.142478
44.058525,26,5134.251896
-113.3931,35,5134.722114
-161.694544,25,5134.90102
-15.578416,19,5134.993307
71.113238,24,5135.096306
-237.680222,37,5135.257312
-36.663149,24,5135.443816
-136.108836,37,5135.617096
-206.678256,48,5135.833052
-143.765292,25,5135.943438
-118.804493,19,5136.031796
-240.27686,36,5136.198643
-50.154929,23,5136.300212
-26.611277,20,5136.387194
74.006477,20,5136.477906
-235.879751,46,5136.682195
11.360248,30,5136.810122
61.904465,38,5136.976986
-33.013,22,5137.070479
-127.714913,19,5137.156963
-142.030505,22,5137.251642
-27.00023,20,5137.33345
-26.667078,20,5137.417443
-41.38978,23,5137.51078
100.420831,37,5137.670808
-39.608865,37,5137.830879
-186.792829,45,5138.030376
-265.330128,43,5138.209504
-133.838161,21,5138.291505
-221.507082,35,5138.446377
-546.285733,101,5139.014207
-26.176462,19,5139.103275
-150.299436,24,5139.201803
-215.375444,33,5139.344824
-173.713936,29,5139.464792
-82.924514,32,5139.606173
-57.439489,25,5139.717146
-23.023159,19,5147.693717
-31.663282,22,5147.829404
-66.616834,27,5147.967636
-80.990874,28,5148.087204
-21.896212,20,5148.173597
-242.25743,37,5148.332798
-7.27241,32,5148.467189
-17.469146,19,5148.552119
-60.422574,29,5148.683318
-132.216943,20,5148.769782
168.738031,23,5148.873604
-375.259644,54,5149.116988
-35.857124,22,5149.210943
-14.293837,101,5149.659991
177.435915,20,5149.740167
-177.401403,40,5149.900002
-27.464759,20,5149.989331
-178.43173,29,5150.108698
-16.823405,19,5150.19044
-33.19753,21,5150.275848
-255.353086,37,5150.430603
-136.969798,22,5150.530241
-26.88944,20,5150.614186
-115.380939,18,5150.690095
-601.235811,101,5151.11788
-148.666709,37,5151.282819
-188.906366,31,5151.415855
-129.771421,21,5151.503904
-30.108234,21,5151.594867
-119.770464,18,5151.746091
-160.039447,27,5152.138836
-76.897915,32,5152.306658
-507.669019,71,5152.611672
-76.254778,26,5152.725744
44.445492,53,5152.952238
53.07987,24,5153.05572
-35.700846,38,5153.235369
-35.850547,22,5153.330126
-141.783975,37,5153.486594
-16.921766,19,5153.566456
-240.299619,37,5153.729436
-233.159365,36,5153.88521
-34.409789,21,5153.978227
-148.311303,25,5154.089458
-86.970634,49,5154.300497
51.561459,26,5154.413263
-26.251448,20,5154.502595
-60.549701,27,5154.620393
-41.362221,43,5154.807315
-274.486789,41,5154.982552
-126.659919,21,5155.072289
152.813473,31,5155.207745
-139.946336,37,5155.368745
-252.252496,37,5155.524093
-194.080941,45,5155.714282
-213.087079,34,5155.854882
-125.266421,19,5155.932339
-419.353308,58,5156.180357
-25.481256,21,5156.271861
-242.76889,37,5156.430397
-185.62619,49,5156.643633
-136.193868,37,5156.80467
-168.257023,29,5156.932973
24.852112,30,5163.389135
-15.830342,19,5163.490187
-21.856457,36,5163.64315
-25.995517,20,5163.730639
-7.272298,32,5164.027255
184.337548,35,5164.176166
-190.349429,30,5164.302352
-31.194169,21,5164.386928
12.541079,29,5164.513584
-116.017671,19,5164.594179
-239.742547,37,5164.761509
-43.118857,71,5165.061285
-239.272633,52,5165.288269
27.797741,30,5165.409107
-125.61779,19,5165.490434
-43.911827,24,5165.59154
-2.766701,31,5165.719315
-249.642224,37,5165.870667
74.274685,20,5165.954276
-7.622024,35,5166.106626
-133.222696,36,5166.257264
-111.293293,34,5166.403602
-270.051218,42,5166.588664
52.402567,23,5166.685554
-221.991274,35,5166.827169
-209.654348,33,5166.967275
-126.700829,19,5167.048321
-238.266669,37,5167.211401
-165.098566,40,5167.383958
-126.394525,19,5167.468181
-101.849435,45,5167.656989
68.059541,25,5167.763488
-24.192067,21,5167.855434
-153.636141,27,5167.966192
-41.418048,23,5168.062932
-259.965522,37,5168.224471
-127.340947,22,5168.3135
-232.286392,37,5168.470753
40.62692,27,5168.585838
-232.584785,34,5168.731084
-125.335367,19,5168.808923
-13.167572,19,5168.886562
-269.593258,37,5169.06539
-105.176295,37,5169.626814
-126.535969,21,5169.782247
-132.204968,20,5169.901429
-197.923069,32,5170.158442
-11.363338,19,5170.339789
-30.393879,23,5170.530374
-38.922627,37,5170.799955
-22.356441,34,5171.064008
-110.624082,50,5171.520968
72.437768,20,5171.725923
-228.785166,37,5171.962131
-244.960766,46,5172.180616
-175.862837,43,5172.374748
-11.333346,18,5172.448781
-53.011847,25,5172.559175
-215.058304,34,5172.707232
-22.194143,19,5172.78719
-86.401244,30,5172.915615
-48.041401,24,5173.023231
-92.095724,33,5173.173863
39.768562,27,5173.292284
-132.447189,20,5173.377205
-260.220506,37,5173.542674
-136.730264,37,5173.709281
-279.594646,62,5180.327105
-49.815666,25,5180.429484
-136.336373,37,5180.589705
-75.015263,53,5180.823462
-131.890936,20,5180.909024
-250.142533,37,5181.059558
-134.818105,81,5181.408316
-30.192421,21,5181.502434
-22.021552,19,5181.578934
-19.771816,20,5181.662353
1.321282,33,5181.809749
-171.421948,28,5181.938806
-235.906732,37,5182.095019
-55.598845,24,5182.200898
-14.901585,19,5182.285776
-32.194449,21,5182.376871
-74.420648,41,5182.55465
-159.141898,28,5182.674828
-594.670277,101,5183.112246
-28.489537,20,5183.193552
-120.830916,33,5183.334984
-290.515455,46,5183.52773
72.399569,20,5183.615408
-259.801241,39,5183.789172
-58.455547,37,5183.941889
-247.201186,51,5184.162316
-23.299624,19,5184.242466
-65.588792,28,5184.358812
20.364417,30,5184.488365
-25.432292,19,5184.576309
-198.301267,30,5184.704581
-27.608644,20,5184.789943
-146.424527,38,5184.948345
-24.58947,21,5185.038099
56.299065,22,5185.129222
-261.210737,37,5185.735479
-142.67518,37,5186.222363
-150.765196,45,5186.469785
-234.329499,37,5187.075133
-44.730064,25,5187.304762
-122.605137,20,5187.42265
-155.413773,28,5187.567003
-88.421759,30,5187.719193
-20.502795,19,5187.819905
-40.070638,23,5187.954186
-36.26739,22,5188.061093
62.953463,24,5188.214654
-24.39464,19,5188.363681
-35.346645,22,5188.591652
-226.206278,35,5188.89515
-57.416024,27,5189.026605
-274.782818,60,5189.296249
45.476648,26,5189.410786
-70.396414,28,5189.549549
7.780841,30,5189.676927
-28.057957,19,5189.755591
-24.183382,19,5189.839718
-60.718565,40,5190.016479
-263.536267,37,5190.181049
-119.283665,18,5190.260596
143.859785,27,5190.456716
44.920549,26,5190.587614
-122.448754,37,5190.769967
-243.963805,37,5191.018843
-23.245687,19,5191.387152
-125.142057,19,5199.8587
-128.499065,19,5199.97639
70.01973,21,5200.088189
-156.416241,26,5200.201666
83.528576,38,5200.368531
-87.71154,30,5200.498062
-368.974696,63,5200.77873
-240.901862,34,5200.919053
-194.109284,32,5201.053442
-143.531835,22,5201.149799
-230.665497,38,5201.308548
-31.363735,21,5201.398157
-127.31719,21,5201.491451
-119.012997,34,5201.636198
-41.663681,23,5201.73455
-114.964347,34,5201.88464
-171.31019,28,5202.002395
160.940696,27,5202.117887
-89.192883,30,5202.249022
-279.181322,52,5202.467113
-43.482814,23,5202.562736
-24.737055,19,5202.645097
-248.471677,37,5202.840589
-56.240574,24,5202.965794
-37.472147,22,5203.06287
-33.596283,23,5203.159474
-14.701886,51,5203.396819
67.392432,21,5203.486702
-194.236427,43,5203.675683
-28.303736,20,5203.758651
-36.642002,22,5203.850354
-42.696434,36,5204.081075
-23.014753,19,5204.406934
-116.01353,19,5204.498641
-120.994739,18,5204.583439
-25.117004,20,5204.672494
-247.367675,37,5204.837435
-301.696494,43,5205.029452
-234.183522,37,5205.195297
-182.877956,29,5205.319836
-270.380283,39,5205.485514
49.118123,25,5205.595609
-22.853644,19,5205.677998
-23.120558,20,5205.771144
-25.40914,20,5205.859114
-126.71673,19,5205.939147
-25.856953,20,5206.027217
-126.573018,20,5206.109814
-58.272564,24,5206.20985
-213.933451,31,5206.341661
-34.054914,23,5206.451492
-27.639372,20,5206.535574
-113.091065,34,5206.744857
-140.660865,23,5206.858066
-24.774697,20,5206.953026
-39.188642,22,5207.048627
-51.145997,25,5207.153856
-45.780345,23,5207.249221
-164.841303,37,5207.411281
-239.472233,37,5207.575628
-118.037653,19,5207.653513
69.575442,22,5207.751042
67.425385,22,5207.845974
47.15918,25,5207.956722
41.995638,26,5208.06861
-124.806281,35,5208.225441
-23.463363,19,5208.309287
-126.483986,20,5208.392574
-147.785487,27,5208.515777
-130.032125,20,5208.599442
38.076617,29,5208.723108
-25.541234,20,5208.832333
-28.740728,20,5208.922681
-25.314418,21,5209.038528
-3.710747,32,5209.203823
-160.837064,26,5216.112504
-141.393843,22,5216.249463
-433.275426,74,5216.585738
-52.466149,39,5216.756479
-274.081975,37,5216.90884
-127.127285,19,5216.989583
67.156175,21,5217.180882
70.379435,22,5217.286304
6.548388,38,5217.480697
-37.635499,23,5217.579006
194.362581,26,5217.689129
-23.502989,19,5217.776063
-137.181361,37,5217.943054
-120.791417,20,5218.027374
-27.842556,21,5218.120196
-501.281392,101,5218.564302
29.161909,30,5218.691732
198.481512,24,5218.7939
-183.582467,44,5218.980419
60.019947,26,5219.090966
-27.889387,21,5219.180526
-126.536761,19,5219.254706
-25.884039,21,5219.339878
-334.254596,68,5219.645708
-142.7596,22,5219.735481
-244.357965,37,5219.894213
-127.80985,35,5220.042808
-16.404122,19,5220.12735
-211.011815,33,5220.275168
-26.171238,35,5220.42993
-31.524789,21,5220.519375
-130.394272,49,5220.727709
-60.676098,25,5220.83715
-29.489071,23,5220.930162
-182.732606,43,5221.125058
-292.339289,45,5221.333869
-30.9404,22,5222.234357
-36.605436,22,5222.387729
-29.371057,36,5222.578059
-108.625185,34,5222.836682
-298.43678,45,5223.235393
40.800418,25,5223.486694
-271.967022,43,5223.923494
-247.801228,37,5224.227145
-232.073022,37,5224.543967
198.761477,20,5225.000678
-303.601116,47,5225.489909
-46.701353,23,5225.616209
-23.348134,20,5225.732197
-24.388992,19,5225.827217
-23.031357,20,5225.93708
43.377768,39,5226.109243
-133.353456,22,5226.205818
-120.69733,20,5226.299013
-84.130671,45,5226.495144
-130.248555,20,5226.580567
97.267494,22,5226.681126
-60.040886,37,5226.862984
28.865937,26,5226.971435
-239.176146,49,5227.182629
-140.071926,24,5227.288343
-129.370846,36,5227.450902
-188.313536,45,5227.652839
-468.697431,70,5235.216515
-179.7335,31,5235.384582
-227.367433,48,5235.589206
159.363351,23,5235.688918
-68.273743,28,5235.805127
-26.108459,22,5235.898603
-146.300869,37,5236.060286
-91.617779,31,5236.188512
-148.576582,37,5236.35517
-20.479019,20,5236.438869
-107.781953,35,5236.581427
-81.880076,31,5236.715123
-23.271763,21,5236.81188
-198.884953,32,5236.945516
-24.972038,21,5237.033575
-35.020385,21,5237.1219
-60.715449,27,5237.235167
-79.598805,32,5237.376105
-28.445791,20,5237.460063
-223.456706,34,5237.600237
-23.289825,19,5237.685596
-26.936862,19,5237.772421
-125.94343,19,5237.85122
-24.479556,20,5237.934728
-26.208762,20,5238.015975
-388.597067,59,5238.274931
98.449263,53,5238.505887
74.813126,20,5238.599428
-420.39286,80,5238.945932
-56.652067,26,5239.060702
-152.448812,37,5239.224639
-162.792787,44,5239.866108
-124.547904,19,5239.981253
-127.178384,20,5240.068929
-575.948316,101,5240.520978
-113.839923,21,5240.604391
-134.557588,20,5240.699575
-306.158123,46,5240.894723
-54.965935,26,5241.000755
-358.747711,57,5241.34477
-246.723397,37,5241.498763
159.442089,23,5241.591912
-48.745284,53,5241.81296
-40.239487,23,5241.913169
-120.930895,19,5242.004348
-60.011278,40,5242.1862
72.588183,20,5242.274149
-172.952399,45,5242.467324
-48.935905,23,5242.563337
-24.479205,19,5242.643345
-23.48389,19,5242.727674
-23.011392,19,5242.803719
83.909566,19,5242.885392
-70.276407,28,5243.002648
182.152316,20,5243.090019
-26.171472,19,5243.173545
-173.630939,27,5243.292706
-42.796224,26,5243.400537
67.572538,22,5243.495621
-128.438275,35,5243.649311
-258.378855,37,5243.813765
-247.987533,37,5243.96378
-227.625341,48,5244.16502
193.130305,25,5244.277304
-155.735684,26,5244.387256
-40.392356,24,5244.501031
70.235248,21,5253.054794
-146.132255,35,5253.268586
-29.350839,20,5253.362664
-142.632834,22,5253.458362
52.319368,26,5253.570322
-28.482126,21,5253.67145
-28.264678,20,5253.757371
-173.326169,43,5253.942723
-30.493951,21,5254.036135
54.929535,24,5254.138494
-85.59139,32,5254.639754
-15.414838,19,5254.857418
-120.603446,36,5255.034893
-82.007111,30,5255.16297
-28.024213,21,5255.25317
-27.872134,21,5255.34097
-147.519157,37,5255.509434
-25.619542,21,5255.599315
-153.49971,39,5255.76391
-29.429776,21,5255.851166
38.662108,26,5255.969745
69.72423,21,5256.057172
-319.893317,48,5256.259194
-190.024162,31,5256.39668
-41.971635,22,5256.488113
35.567421,27,5256.609551
-23.323421,20,5256.699085
-235.34535,35,5256.852307
-261.017549,37,5257.005581
-64.898007,28,5257.125872
-37.084009,22,5257.214682
46.434264,24,5257.321759
-145.218076,40,5257.490167
-180.511528,28,5257.613474
-364.204434,60,5257.882065
-239.083496,37,5258.043315
143.367679,29,5258.166708
-160.415747,44,5258.369979
-57.942781,25,5258.48334
73.32535,21,5258.569527
-105.56442,53,5258.79653
-239.666345,37,5258.952105
-270.073648,42,5259.136276
-33.108988,21,5259.22584
-232.113634,48,5259.427717
-73.614517,30,5259.56775
164.955136,25,5259.679142
-216.383462,97,5260.712175
-142.601157,22,5260.808176
-191.01813,30,5260.942061
-33.839983,22,5261.038307
35.580946,28,5261.152913
-272.50621,101,5261.582849
-29.021557,20,5261.66595
-15.167106,19,5261.74406
-121.023424,19,5261.824289
-32.645953,22,5261.913001
-198.295282,44,5262.109558
143.406533,25,5262.232109
-26.695003,22,5262.332422
-150.743905,23,5262.426992
-203.383029,30,5262.554239
-144.179531,22,5262.652849
-111.309346,33,5262.798505
52.63357,25,5262.90277
-140.368053,37,5263.05914
-151.976588,23,5272.09286
-182.803747,42,5272.343135
-124.883019,20,5272.428965
-15.470611,19,5272.510052
-189.361292,59,5272.771529
-127.267357,19,5272.857731
-40.022378,24,5272.95806
-43.894417,22,5273.052183
-31.693368,21,5273.138065
-17.780488,20,5273.222742
53.258945,24,5273.331539
-22.332999,19,5273.414167
-225.689316,34,5273.688669
-131.654413,22,5273.786515
-27.708654,21,5273.881647
-132.898811,23,5273.980052
-184.339567,31,5274.112513
-31.935409,21,5274.199267
45.586613,26,5274.317301
-1.338155,33,5274.455993
-245.463107,37,5274.61182
-176.575146,44,5274.80803
-46.035839,24,5274.913638
-47.451848,24,5275.014123
-135.858935,22,5275.114619
-188.042511,29,5275.244194
-483.83356,91,5275.633279
134.991513,26,5275.740366
-105.373761,31,5275.871771
-112.748748,18,5275.953236
-122.802297,21,5276.044363
32.289985,27,5276.159969
-139.668785,36,5276.316297
7.225556,31,5276.451461
-134.558879,40,5276.630713
-144.48617,22,5276.736217
-148.844048,38,5276.89701
-41.31573,22,5276.995476
-33.021374,23,5277.093415
-118.555796,19,5277.175722
69.295447,21,5277.263359
-97.239494,30,5277.397659
80.24579,20,5277.481223
-129.801109,20,5277.564758
-37.959381,23,5277.693499
-220.697561,47,5277.95108
-122.939691,48,5278.171
57.76349,22,5278.61728
165.38829,51,5280.41236
-128.906774,21,5280.648453
17.758541,30,5280.964926
-27.257054,20,5281.197881
58.343004,23,5281.49667
-124.018505,21,5281.927431
-31.803557,20,5282.240621
-27.608359,21,5282.569731
-24.711647,19,5282.803734
-259.325247,37,5283.456098
-259.821479,40,5284.532258
84.325455,19,5285.01455
-265.825339,37,5285.49089
-137.119291,37,5285.891701
-21.227322,20,5286.027753
-14.756454,20,5286.138033
-25.100892,19,5286.241032
-135.726226,23,5286.356465
-66.760395,28,5286.481616
-85.948715,30,5286.636263
-63.689387,28,5286.929034
-126.656538,19,5287.104303
-33.477036,23,5287.313789
-91.312743,33,5287.661685
-730.357575,101,5296.665116
-306.763215,50,5296.88588
-233.437432,36,5297.096358
67.570124,23,5297.202356
-154.714629,27,5297.331347
39.069056,26,5297.461153
-116.193328,19,5297.943807
-145.629872,37,5298.287329
-28.264339,20,5298.384278
-145.501819,39,5298.565568
68.35512,21,5298.669261
-79.289428,29,5298.822167
204.898248,19,5298.910653
-133.434977,38,5299.091397
-77.098602,29,5299.231068
-28.32904,20,5299.312936
-138.090975,37,5299.464068
138.990803,27,5299.590402
-146.824197,78,5299.947436
-27.158637,20,5300.039776
-72.147403,30,5300.165833
-24.410227,20,5300.255171
-125.49118,34,5300.400735
168.788033,25,5300.510016
41.297616,25,5300.618023
-118.775533,18,5300.694713
-18.3637,20,5300.776627
-33.992457,21,5300.863384
-133.81185,37,5301.028369
-294.041061,44,5301.216206
-606.025512,98,5301.751792
-126.587294,20,5301.841758
-52.801859,26,5301.970542
-145.97636,25,5302.078176
-14.215801,19,5302.157527
-499.324557,78,5302.486207
213.906675,20,5302.570767
-35.391794,22,5302.671873
-24.221516,20,5302.762937
48.044204,25,5302.876817
-102.59971,45,5303.072008
-149.204945,25,5303.180533
-92.816939,34,5303.322832
-36.449062,24,5303.541062
64.538443,23,5303.642219
-127.968661,19,5303.733165
-386.464368,59,5304.001572
71.853896,20,5304.084422
-132.816423,94,5304.500045
-199.699971,45,5304.701709
-119.666722,18,5304.779765
-27.789357,20,5304.86658
-290.165868,45,5305.061356
-142.541321,24,5305.16141
-158.259075,39,5305.328102
-136.549814,22,5305.429112
-27.591178,21,5305.519888
-28.155204,21,5305.618751
-27.774306,20,5305.701864
-187.207016,30,5305.829743
-30.66287,21,5305.914168
-11.114808,19,5305.994833
-631.464225,101,5318.789347
-242.798418,37,5319.000527
-299.945349,56,5319.241965
-147.011895,23,5319.337223
-59.334044,37,5319.530366
-23.420745,19,5319.631038
-43.702961,24,5319.746005
-108.371884,34,5319.910173
-263.27336,40,5320.090946
-169.261049,40,5320.260817
-257.094227,37,5320.410181
-26.959683,41,5320.588607
-16.137471,19,5320.67521
-135.511064,37,5320.835291
-35.726277,52,5321.050408
-180.788541,42,5321.23979
-64.313851,28,5321.359176
-34.228346,23,5321.459091
-31.072824,20,5321.546395
73.882364,20,5321.629529
-188.887459,34,5321.764561
-250.117924,37,5321.920987
-257.270625,39,5322.088951
107.424133,38,5322.261995
-387.155375,82,5322.615445
-17.368709,20,5322.712807
-354.829108,52,5322.937469
-174.471045,42,5323.12056
-196.672845,31,5323.24897
64.178038,42,5323.43476
-133.311732,20,5323.521764
-237.599383,36,5323.679023
-153.68245,37,5323.844009
-42.56221,23,5323.949643
-660.345295,101,5324.373502
-28.86585,21,5324.465502
68.52371,23,5324.561701
-14.302874,19,5324.644538
155.360883,26,5324.754432
50.905166,24,5324.853939
-4.573553,34,5325.002225
-184.702615,43,5325.18518
-335.273231,48,5325.380294
-80.988762,44,5325.567494
-178.597788,28,5325.683451
-274.292103,41,5325.857807
-26.90529,20,5325.940494
-32.475965,21,5326.026348
-25.067301,19,5326.10443
-26.681539,20,5326.197296
-165.826426,41,5326.371391
172.070217,20,5326.451378
-252.361766,38,5326.619049
-126.937494,35,5326.799244
43.658477,26,5326.921371
-242.209889,37,5327.100835
-31.811829,21,5327.189991
72.865684,20,5327.273759
-192.450709,32,5327.409959
81.798532,41,5327.619635
-41.899045,24,5341.606624
-124.026829,19,5341.748937
-124.327629,20,5341.869355
-52.766023,25,5341.99719
-164.627703,45,5342.18851
-225.874402,35,5342.352384
-139.989279,37,5342.557251
-51.342829,25,5342.675241
-129.225705,19,5342.763414
-110.971699,32,5342.911346
-213.816599,46,5343.115117
-9.236213,18,5343.20091
-25.923858,22,5343.318794
16.625319,47,5343.564934
-146.628955,39,5343.882015
-23.045903,20,5343.970237
-32.405452,23,5344.087334
-237.886896,37,5344.248453
-13.162842,19,5344.333994
-130.878178,20,5344.4207
12.052741,32,5344.565315
-390.761626,58,5344.818867
-28.809645,35,5344.973997
-20.46128,19,5345.061258
-245.169366,37,5345.23219
-122.580352,19,5345.320162
-124.809365,19,5345.402403
35.904525,28,5345.532983
-66.562955,27,5345.672984
-15.283224,32,5345.81885
-125.588492,19,5345.924411
-42.019993,23,5346.217719
-44.666393,25,5346.491631
-142.474636,39,5346.712363
-132.97584,36,5346.921641
-130.187087,21,5347.080059
-18.621107,19,5347.168688
-208.171715,34,5347.337007
-21.574494,19,5347.426802
-106.299826,36,5347.580566
-613.207566,101,5348.028507
68.444037,22,5348.120414
-218.137872,47,5348.329343
-29.07037,34,5348.481434
-201.058606,31,5348.630088
-129.486605,20,5348.743377
-151.260339,37,5348.926847
-567.015512,88,5349.43954
-474.116701,101,5352.166926
-132.686591,40,5353.092481
-57.309281,26,5353.609526
-243.237801,37,5354.200312
-85.935542,31,5355.05506
-71.379566,29,5356.341411
73.351457,20,5356.93068
-23.867987,20,5357.576318
-20.846752,22,5358.100531
-127.896372,20,5358.540238
167.62926,21,5358.78484
-152.407286,23,5358.962157
-15.642346,19,5359.122987
-487.962141,84,5359.663174
-240.646385,37,5359.84058
-52.188453,27,5370.404599
-229.142725,35,5370.604774
-33.41564,37,5370.765582
-34.183313,42,5371.304028
-27.651851,21,5371.42893
-127.708883,20,5371.514264
147.247159,28,5371.634877
-104.26034,34,5371.80894
-213.674211,36,5371.961517
163.991856,24,5372.076141
-29.07755,21,5372.167831
-242.459535,38,5372.338753
-123.751849,50,5372.556667
-143.452761,37,5372.712199
14.652261,30,5372.841217
182.718875,22,5372.982294
-169.094044,27,5373.160459
-119.520535,48,5373.413479
-27.790785,20,5373.508393
-189.279417,30,5373.646896
-66.079101,28,5373.777344
-23.907666,19,5373.856471
-27.862965,20,5373.946796
50.723471,30,5374.09074
8.230293,31,5374.24775
-87.079282,29,5374.384322
33.501521,37,5374.621108
-255.242784,37,5374.837766
4.463145,50,5375.227508
-114.487397,36,5375.472441
-26.586521,21,5375.598007
-385.098999,67,5375.971718
-131.268839,36,5376.142375
-27.062539,20,5376.229292
-78.960381,28,5376.347652
-44.704134,23,5376.453595
-14.442413,19,5376.543928
24.402502,62,5376.847015
170.771936,23,5376.960865
-18.900108,20,5377.063339
-61.594675,27,5377.202223
-167.381554,28,5377.345135
75.870187,20,5377.437352
-149.95515,37,5377.608711
49.346504,25,5377.74849
-245.16546,37,5377.954232
-64.84768,43,5378.171195
-320.512467,49,5378.524156
-124.397419,20,5378.626691
21.38464,40,5378.811629
-115.808402,34,5378.963081
-193.901571,44,5379.182862
-145.448017,24,5379.289824
-28.358141,21,5379.391563
-28.510303,20,5379.484707
-146.844372,41,5379.676026
-250.530885,37,5379.876634
179.075248,21,5379.983836
67.912646,21,5380.097449
-198.568698,34,5380.267255
-241.099658,37,5380.446404
74.457564,20,5380.54162
40.209636,27,5380.671364
-189.282909,45,5380.866973
-27.256233,20,5380.956754
-163.946395,40,5396.800726
149.892691,23,5396.971418
-44.702433,23,5397.106255
67.153541,22,5397.211651
-205.518596,34,5397.37698
69.148019,24,5397.488623
-47.889449,23,5397.587135
-24.962551,20,5397.67268
165.041628,22,5397.762427
-237.304352,37,5397.918619
-182.158221,29,5398.044062
-27.266347,20,5398.134804
-154.152406,41,5398.310031
-132.107843,21,5398.406632
-34.033505,22,5398.522626
-22.338819,19,5398.608964
-294.071507,58,5398.858531
60.381251,23,5398.969527
16.312459,31,5399.206806
-410.224931,66,5399.747421
75.843225,20,5399.889039
71.354946,20,5400.239036
-16.889493,19,5400.950534
-63.215837,27,5401.163797
7.723529,31,5401.367462
-24.693474,19,5401.481558
-155.395423,26,5401.625789
191.010785,21,5401.735349
-15.024338,19,5401.833165
-41.515382,23,5401.959803
-138.682918,24,5402.110829
-23.682659,19,5402.204534
-326.790077,51,5402.468539
-36.156564,24,5402.596355
194.053223,21,5402.708147
-25.182726,21,5402.820155
-133.137774,37,5402.999256
-30.728816,22,5403.114694
-161.977336,40,5403.338082
-78.673013,30,5403.501654
48.691736,25,5403.623178
-61.018215,25,5403.753025
-23.023725,19,5403.845703
-164.146019,37,5404.033627
73.596822,21,5404.134084
-234.103972,37,5404.348442
-237.855717,37,5404.527849
66.874417,21,5404.633977
56.870963,22,5404.742334
-73.072293,29,5404.89798
-148.481447,73,5405.257905
-104.983349,34,5405.429491
55.242473,24,5405.55102
-25.428043,21,5405.658648
-182.197488,42,5405.875704
-37.917474,34,5406.05462
-47.260768,26,5406.182597
-49.41177,23,5406.298716
-125.519555,19,5406.398021
-124.990257,19,5406.484952
-154.736341,39,5406.661404
-223.291126,49,5406.8806
-75.580855,30,5407.013753
168.988156,24,5407.11736
-21.678585,20,5407.202601
-189.37671,31,5407.342182
-142.4697,37,5407.507753
-258.80858,58,5407.765998
-44.556617,23,5407.867137
-250.788581,37,5408.037404
-170.818802,40,5417.010401
-10.480941,19,5417.138627
-61.862838,28,5417.270788
-29.564483,21,5417.358371
-131.877288,22,5417.452215
-292.101574,69,5417.753448
58.256773,24,5417.860396
-114.277656,36,5418.018942
-149.923533,43,5418.19331
-65.857203,28,5418.312878
66.696308,22,5418.413749
34.766805,41,5418.590106
-158.277164,24,5418.697772
-24.764478,19,5418.777851
-242.123542,35,5418.919317
-324.991749,48,5419.123785
-124.56721,19,5419.206571
-128.056437,19,5419.286532
-243.53877,33,5419.540207
57.589391,24,5419.664909
-128.36059,35,5419.824195
164.174342,37,5419.983453
-35.959201,40,5420.162488
-20.654829,20,5420.24883
-31.275106,22,5420.343297
-88.385204,32,5420.497469
-14.342481,19,5420.583251
-22.400165,19,5420.664939
-235.234554,49,5420.869425
50.907709,25,5420.986881
29.131474,28,5421.122684
-232.435668,37,5421.289079
-100.261155,33,5421.436415
-43.88611,25,5421.543015
-21.336659,19,5421.631532
245.441826,24,5421.759258
-29.30581,20,5421.849527
72.736843,20,5421.940237
330.960089,28,5422.057868
-30.246126,21,5422.150305
-45.721427,38,5422.317553
-72.503054,28,5422.439372
-64.512466,40,5422.618889
-147.044331,38,5422.783991
-167.835275,28,5422.906634
-222.729992,36,5423.060938
-105.675348,30,5423.183391
13.299336,53,5423.4375
-20.186179,20,5423.527851
-23.107244,19,5423.602066
-202.798257,33,5423.755477
51.255515,23,5423.857978
-11.152458,19,5423.941958
-33.183501,22,5424.038045
-241.584146,37,5424.188302
-66.193318,28,5424.31253
57.460453,26,5424.43318
-48.833065,38,5424.623546
-485.33313,101,5425.197998
-17.728599,19,5425.299483
-239.627607,39,5425.59373
65.396107,22,5426.166253
359.731087,23,5426.430037
-31.538409,20,5426.680978
-24.762928,19,5426.860282
-148.024233,25,5427.156488
-134.2129,34,5427.621287
-256.155498,37,5428.104033
-384.783842,58,5437.898101
-247.92388,37,5438.070105
-191.401391,59,5438.356916
-144.486139,37,5438.530037
-82.750235,33,5438.687287
40.135799,27,5438.815464
-160.76598,25,5438.93443
-111.292094,34,5439.091027
-188.048213,44,5439.296627
-57.811574,26,5439.41748
-223.013606,34,5439.570571
-261.107217,37,5439.762691
-11.325432,18,5439.839481
144.813908,28,5439.967401
-167.052604,39,5440.143435
-33.878086,22,5440.236013
47.00757,24,5440.336817
-37.061722,22,5440.439861
-240.867412,37,5440.595956
-150.341578,26,5440.705663
-142.982242,23,5440.805121
-128.086929,19,5440.884224
-126.723734,19,5440.970777
-242.991337,37,5441.123664
-236.167541,37,5441.285082
-119.68583,18,5441.368634
-123.692054,39,5441.542607
-249.679444,51,5441.770994
-242.937877,37,5441.926959
-135.717606,21,5442.017046
-55.341089,26,5442.125498
-118.074513,18,5442.199593
48.041099,45,5442.389119
-15.506784,20,5442.473311
-221.615026,33,5442.610271
-24.544657,20,5442.703171
-127.388681,21,5442.803473
-196.348868,42,5442.988351
-487.96743,88,5443.375448
-14.490256,19,5443.450837
-128.504868,21,5443.558804
-274.557676,41,5444.31468
-165.886326,27,5444.449409
-44.4696,23,5444.546335
-201.67359,32,5444.707192
-237.462703,37,5444.895826
-2.787178,34,5445.043011
-152.72185,37,5445.210648
-100.922426,33,5445.347702
-116.607614,18,5445.422361
-249.457856,37,5445.735593
-22.442758,19,5445.81652
73.678867,37,5445.97523
73.449191,20,5446.062743
-247.074499,37,5446.222056
-124.11562,19,5446.308923
-120.010822,18,5446.390233
66.84209,22,5446.503796
-258.831884,39,5446.68197
-140.047953,37,5446.890099
-76.523553,30,5447.035752
24.892768,29,5447.184734
-216.169532,39,5447.375959
-219.911133,37,5447.541258
-27.119904,20,5447.625728
2.613739,32,5458.136436
-185.101255,32,5458.312075
-101.158997,33,5458.455776
-88.768885,32,5458.614184
-28.90494,20,5458.701595
-14.929516,19,5458.78376
-131.19228,38,5458.950917
-27.496037,40,5459.133445
-242.563441,37,5459.292803
181.209296,23,5459.39605
-98.814639,34,5459.553389
-24.151631,20,5459.633841
-63.637625,28,5459.762827
-81.705341,29,5459.888306
156.57914,24,5459.993969
-12.872807,19,5460.075716
-240.808426,37,5460.230481
-139.523344,21,5460.324993
-177.310735,27,5460.447146
-128.325908,19,5460.530504
-31.17738,20,5460.62061
-288.816533,44,5461.182813
-125.843683,19,5461.328303
-186.029747,43,5461.535261
-23.468069,20,5461.623283
-130.632973,20,5461.712611
57.27835,22,5461.808388
-20.143334,19,5461.888431
-125.96639,19,5461.971983
114.67792,28,5462.094502
-170.654074,29,5462.224889
-28.381591,21,5462.309375
-303.816543,101,5462.743282
190.443979,25,5462.851712
162.65594,26,5462.968679
-22.189249,19,5463.047919
-265.442877,39,5463.216701
-148.151558,25,5463.326743
-132.295927,22,5463.430389
-20.547164,20,5463.546954
-196.230256,29,5463.672686
-24.284933,20,5463.761753
54.888184,24,5463.864473
-113.957571,37,5464.020783
-135.331125,21,5464.119379
-174.120753,30,5464.261391
-32.391732,22,5464.358946
-232.892401,37,5464.518333
65.960945,22,5464.605719
79.997318,19,5464.686783
-131.595373,20,5464.774254
-32.583478,23,5464.867422
-23.431677,19,5464.951489
12.19488,47,5465.160606
-40.748048,24,5465.274835
-29.579799,21,5465.362544
-289.168716,44,5465.550047
-34.538393,23,5465.649856
-170.266055,27,5465.764368
-29.40264,20,5465.854704
-21.898001,20,5465.938351
-104.193935,36,5466.091601
-195.568072,31,5466.231388
3.409012,36,5466.3836
-225.735852,74,5466.70074
-145.945047,45,5466.91038
-25.258924,19,5466.993072
-117.98726,18,5467.068188
-404.110415,58,5467.317234
-68.978549,29,5467.448543
-131.289239,20,5467.533464
-166.269709,27,5473.822515
-129.13192,19,5473.921936
75.328587,20,5474.017999
47.965869,84,5474.47692
9.755321,31,5474.621972
-32.238824,22,5474.72001
51.526352,39,5474.888869
-30.649184,21,5474.976573
-61.512707,24,5475.15135
-212.152846,34,5475.300515
-21.423955,20,5475.385112
-21.665735,19,5475.472766
-195.329282,31,5475.608138
-164.377733,25,5475.714843
-48.709667,24,5475.823924
68.210487,22,5475.917692
-29.408044,21,5476.00766
-225.622037,35,5476.152069
-21.827793,19,5476.231331
-38.045886,23,5476.338712
96.730426,64,5476.621025
-250.675486,37,5476.927476
-28.997123,20,5477.022569
-85.619714,30,5477.155724
-19.699661,19,5477.238606
-353.176511,51,5477.459653
-314.499917,59,5478.312217
-80.599037,28,5478.469049
-42.609206,25,5478.59551
-126.460152,19,5478.70025
-79.743639,31,5478.864265
-237.264969,36,5479.041265
-170.285043,28,5479.191593
38.258599,28,5479.329584
-90.356122,31,5479.48924
-143.088574,22,5479.602141
-121.105176,18,5479.698229
-342.270306,80,5480.103547
-105.687384,31,5480.233786
-161.759556,26,5480.341276
-137.479075,36,5480.497747
-131.751641,20,5480.5826
-145.446614,38,5480.748663
-55.291249,41,5480.934736
63.605127,23,5481.034607
-24.544919,21,5481.123308
-191.65995,44,5481.336818
-220.745112,66,5481.62017
-123.663858,19,5481.706457
-709.528647,98,5482.164849
66.339322,21,5482.316944
-248.037713,40,5482.60922
-68.504064,29,5482.85095
68.007054,22,5483.048549
68.232872,22,5483.648008
-39.487165,43,5484.635969
-134.954531,50,5486.251658
-69.615855,28,5486.962927
-155.348769,39,5487.394293
-269.663215,41,5487.847261
162.93267,22,5488.283728
-127.268086,19,5488.547333
93.441886,42,5500.655195
72.900183,20,5500.784174
-39.207742,24,5500.907251
-175.307495,28,5501.038113
-225.133926,39,5501.25214
32.769998,28,5501.469022
-353.755534,59,5501.766371
-77.71945,27,5501.897998
-75.123875,30,5502.036357
-15.464478,19,5502.128432
-188.641638,30,5502.270275
-49.892875,23,5502.406821
-147.311934,37,5502.579309
-362.853535,54,5502.887748
-197.690454,33,5503.039465
-83.791239,32,5503.184572
-29.523425,22,5503.280539
73.030129,22,5503.375088
-65.196698,29,5503.500095
-31.68989,22,5503.600861
5.25504,31,5503.733189
-191.465018,43,5503.923431
-122.966221,20,5504.005245
-105.07084,33,5504.147739
-53.248067,27,5504.263404
-220.626015,33,5504.40423
-29.202084,20,5504.496835
-131.615639,20,5504.580236
-241.675093,38,5504.744102
-545.290679,94,5505.188507
131.889489,26,5505.303748
-339.601766,52,5505.519109
-233.98084,35,5505.671092
-80.555119,31,5505.80545
-25.026144,22,5505.90731
-151.863537,38,5506.073037
-65.331636,27,5506.193952
72.22233,21,5506.284493
-341.493933,51,5506.509334
-60.840936,27,5506.632389
-323.649893,45,5506.929971
-254.479741,39,5507.125949
142.488992,29,5507.249167
-280.652925,42,5507.462085
-167.815393,41,5507.655704
225.926557,27,5507.773646
-270.123414,45,5507.979577
-92.750266,32,5508.138891
-25.883544,20,5508.237219
-128.267965,19,5508.336453
-183.13406,48,5508.563297
-259.023253,42,5508.746248
-486.436378,101,5509.435441
-626.185439,98,5509.889872
-72.878235,27,5510.013073
-63.7161,27,5510.125281
-132.563703,20,5510.202387
79.454364,19,5510.285593
-23.6237,19,5510.373374
-56.004963,27,5520.325825
-452.513737,69,5520.702781
25.28553,29,5520.832323
-155.164911,39,5520.995728
-142.417072,36,5521.13646
-254.769489,39,5521.316063
-31.691552,23,5521.41769
-127.8392,19,5521.494917
-135.911961,23,5521.595201
122.610604,37,5521.764087
-243.664961,37,5521.930259
-236.19952,37,5522.099408
-142.647097,22,5522.199323
5.712666,31,5522.333512
-246.893726,46,5522.528025
177.858446,21,5522.620282
-222.988663,38,5522.788542
-127.788984,19,5522.86865
-256.827483,37,5523.034501
-140.045522,24,5523.140078
-239.843679,37,5523.307192
-208.135953,37,5523.473639
-25.674393,20,5523.565461
-247.898477,37,5523.723338
-166.050412,41,5523.907703
-48.407845,37,5524.0702
-58.082532,27,5524.185419
-143.895994,22,5524.281014
65.409989,22,5524.378955
-247.150967,37,5524.534509
-27.633091,20,5524.618373
-215.811714,34,5524.762803
68.714955,22,5524.862936
-47.983489,26,5524.989132
-122.717435,42,5525.17292
-240.537695,37,5525.328255
-33.051019,20,5525.409646
-64.67699,25,5525.51742
-243.476486,37,5525.669973
-132.237238,21,5525.75929
53.300959,24,5525.862411
49.931199,23,5525.965863
-117.417499,18,5526.043785
-26.934263,21,5526.139058
-128.484825,19,5526.220757
-60.695323,42,5526.396437
-24.356674,19,5526.47552
-265.429929,37,5526.632712
-42.100991,24,5526.734134
-77.075145,31,5526.864176
-30.845809,20,5526.95326
-594.370095,101,5527.400303
-234.925098,37,5527.567666
-49.043819,23,5527.667979
71.092656,21,5527.757823
-31.159593,20,5527.83834
150.514583,26,5527.952667
-27.199402,20,5528.03814
-161.427502,40,5528.209212
-37.333706,22,5528.304282
-330.10593,49,5528.511821
-27.277022,20,5528.604073
-268.426362,41,5528.792883
68.476268,21,5528.881829
-146.954653,37,5529.04326
-71.301377,41,5529.218465
-238.547336,37,5536.154657
91.813108,18,5536.273057
-56.847995,37,5536.440199
184.081136,29,5536.565195
-105.099628,32,5536.708404
-99.299222,33,5536.850002
-19.950621,20,5536.929106
-104.448341,33,5537.069032
-122.962223,19,5537.157277
-96.117953,34,5537.304314
-36.033956,37,5537.47811
-162.723387,25,5537.596084
41.257803,25,5537.705812
12.975947,31,5537.900284
-46.804811,23,5537.996037
45.087706,26,5538.111687
158.539653,22,5538.205197
72.88413,20,5538.295772
-173.073196,28,5538.421471
-48.413205,25,5538.53422
-78.493382,30,5538.665029
-11.07914,18,5538.739582
-149.741551,38,5538.912641
-271.855137,37,5539.067032
-235.519221,37,5539.227579
-236.411602,37,5539.382446
96.44906,57,5539.718901
-130.105458,20,5539.805649
59.760037,22,5539.896661
-136.083122,22,5539.992904
61.715332,25,5540.103059
-135.37105,38,5540.265476
-35.717577,22,5540.359818
-127.353325,19,5540.442385
-348.871114,52,5540.667232
-20.309923,19,5540.753304
-23.640431,19,5540.838598
-192.338716,29,5540.966007
-44.340723,24,5541.064432
-252.835421,37,5541.222249
-289.375424,45,5541.41321
-165.249963,27,5541.525502
-128.314329,34,5541.676394
-139.850418,40,5541.863283
-43.39567,23,5541.974932
56.878494,22,5542.077306
-144.119633,37,5542.231421
-102.404775,30,5542.36141
-142.579262,35,5542.515837
-54.97999,27,5542.627765
-18.385713,19,5542.723457
-82.930189,31,5542.866798
-57.401701,27,5542.980993
-244.936166,38,5543.154031
-87.485512,29,5543.289707
-185.408593,29,5543.422314
-32.37894,22,5543.517701
-170.477123,57,5543.78267
75.324907,20,5543.869546
-262.042178,38,5544.03415
-121.294869,21,5544.126798
-11.130059,19,5544.209845
-236.414117,37,5544.369894
-122.872649,33,5544.514811
72.790947,20,5544.610774
52.453058,25,5544.718293
-246.114631,37,5544.870092
-36.836061,23,5544.985548
-657.212833,101,5555.560485
-158.694668,40,5555.738496
66.103425,22,5555.832883
-255.148447,39,5555.997955
-215.800167,34,5556.143654
23.315923,29,5556.27082
-171.999743,28,5556.397857
43.690672,24,5556.503987
196.861779,21,5556.754888
-22.209748,36,5557.023776
-30.362285,24,5557.125329
-31.719976,23,5557.227126
-99.47944,31,5557.361767
-329.189142,58,5557.604981
-162.333245,41,5557.780339
-247.355591,39,5557.949661
-237.405359,37,5558.103515
-65.600393,28,5558.225126
-267.623554,42,5558.407731
-144.374208,24,5558.511743
6.830868,35,5558.657567
-12.469887,19,5558.738252
-13.34618,19,5558.819562
-42.832569,24,5558.920467
-21.710541,20,5559.005454
-239.787554,37,5559.166277
-124.719761,35,5559.317479
68.604494,21,5559.406174
-100.009175,61,5559.67404
-132.323662,20,5559.758326
56.612847,22,5559.849684
-409.028232,81,5560.21056
-238.213238,37,5560.36565
-126.879313,22,5560.463468
-288.866339,45,5560.660066
-75.894879,29,5560.786987
-33.382134,21,5560.874526
-16.398329,19,5560.95288
-222.120581,41,5561.13318
75.091569,20,5561.220531
-127.199289,20,5561.307114
-33.843082,22,5561.400294
-123.763591,34,5561.568583
-59.613732,27,5561.685023
-81.654548,44,5561.869775
60.502026,23,5561.966944
-165.338115,38,5562.122656
112.456891,33,5562.262987
192.377471,28,5562.383851
-344.514452,49,5562.595349
-28.17401,21,5562.685477
-137.064787,23,5562.797559
-21.456931,19,5562.880056
-148.046269,38,5563.041418
-237.887409,37,5563.196601
51.601221,25,5563.323573
-3.596125,34,5563.464424
-232.999988,38,5563.759464
-14.630939,19,5563.844506
-27.83646,20,5563.92972
-248.812412,39,5564.099576
-127.964097,19,5564.186991
-51.386997,26,5564.31579
231.037891,26,5564.426222
69.411266,21,5564.51336
-166.682057,26,5564.62276
-155.168236,36,5572.39961
-29.798123,21,5572.525452
-132.401594,23,5572.63282
-139.879355,24,5572.751068
-275.988482,42,5572.938968
186.843372,20,5573.024634
-261.119257,37,5573.179497
-32.940966,23,5573.288325
-30.243038,23,5573.388012
-232.979691,40,5573.563763
-25.815864,20,5573.643072
-264.72841,37,5573.80567
-193.612485,44,5573.995749
-132.105862,50,5574.212093
-25.064311,20,5574.305662
-1.605162,39,5574.918625
-18.161564,39,5575.121742
-259.255548,39,5575.301755
-101.794999,33,5575.455086
67.208777,21,5575.545534
-18.59029,20,5575.632985
-195.105625,33,5575.789616
-24.592578,19,5575.875922
-143.221621,37,5576.037784
-25.803549,20,5576.130887
-228.438214,72,5576.455739
-133.476003,20,5576.541673
31.276527,27,5576.658867
-23.387153,19,5576.741357
-34.350062,23,5576.845361
-125.231489,19,5576.928025
-159.236522,26,5577.03621
-31.498409,20,5577.120472
-135.376564,22,5577.21829
94.418109,23,5577.319372
-236.091436,37,5577.495566
180.366104,21,5577.596251
-255.179329,37,5577.752217
-26.162564,21,5577.8399
-30.969477,20,5577.92264
-133.210004,20,5578.007166
-32.682949,21,5578.105273
-128.562951,23,5578.206217
-247.25684,60,5578.458575
-245.35481,37,5578.619573
-188.917789,30,5578.745571
66.047028,23,5578.846086
-23.235686,19,5578.931186
168.385249,21,5579.023482
-504.66579,101,5579.460121
-45.721458,27,5579.575363
-101.89515,33,5579.714587
-122.553274,21,5579.801171
-130.783223,38,5579.967119
-130.998687,22,5580.06678
-115.14141,36,5580.220428
-348.518197,49,5580.430351
-257.529042,39,5580.596197
66.907946,22,5580.689575
-74.799796,30,5580.8161
178.670573,21,5580.909487
-24.175572,19,5580.989539
-114.286674,32,5581.118956
-34.504209,23,5581.212338
-16.312223,32,5581.35576
-252.064802,37,5581.524984
-28.723666,20,5581.609564
-100.004956,33,5581.753532
-31.823034,21,5587.899887
-126.282743,19,5588.019869
145.276557,29,5588.166696
-19.149652,20,5588.256034
-29.658723,20,5588.338858
143.676887,28,5588.462599
-112.933372,38,5588.629754
-428.086613,66,5588.924043
56.082171,24,5589.026874
-139.532058,39,5589.192239
-29.053656,21,5589.28342
-240.881791,37,5589.444345
-272.808461,41,5589.620336
-168.615614,28,5589.737818
184.841102,20,5589.825013
-200.496864,32,5590.255425
-168.666549,30,5590.471779
-195.337069,30,5590.61334
-165.143176,28,5590.732933
35.742317,25,5590.847369
151.912466,27,5590.965463
-119.13954,18,5591.040982
-23.033653,19,5591.12236
-59.437975,40,5591.294792
-221.833199,36,5591.44409
-126.790697,19,5591.530009
-46.453437,24,5591.63315
-28.958581,20,5591.715609
182.897095,24,5591.821609
-55.110145,24,5591.933876
-64.649838,25,5592.176756
-13.003639,19,5592.2594
24.143799,66,5592.551996
-243.859073,39,5592.729014
-27.407425,20,5592.812495
43.984526,24,5592.913832
-193.1376,44,5593.102492
-125.362673,19,5593.178129
-138.139453,37,5593.341348
-219.857311,47,5593.754614
-38.085284,23,5593.963235
71.944782,20,5594.066086
-152.940726,23,5594.165744
-15.444194,19,5594.252031
-30.943259,22,5594.34927
-242.205666,37,5594.507825
-107.299459,32,5594.799095
-82.022214,29,5594.960119
-87.793584,34,5595.111867
-168.494842,28,5595.234306
-276.118482,45,5595.429945
-202.812846,33,5595.572221
-112.413434,36,5595.723981
-80.939126,29,5595.846072
-127.22223,19,5595.925676
-159.691763,37,5596.075121
34.037623,28,5596.202194
-240.892137,37,5596.375427
-32.435642,22,5596.479414
-32.110743,20,5596.565158
53.015423,24,5596.665763
72.440038,20,5596.74491
-29.633198,22,5596.840443
-81.626637,29,5596.973971
-363.838158,52,5597.197615
-71.453441,28,5597.319901
-184.798773,30,5597.446536
-44.536869,47,5597.704398
87.431338,19,5597.817258
-23.274411,19,5597.921974
233.546328,72,5608.058311
-259.837788,37,5608.22686
-243.222093,37,5608.390095
253.352332,50,5608.623941
-217.757275,32,5608.75866
-61.799802,27,5608.871887
-127.374692,23,5608.967955
-137.020136,21,5609.055174
128.356693,36,5609.211602
-229.608916,98,5609.639278
-387.346867,77,5609.989891
-28.68878,20,5610.089605
-152.580976,40,5610.265249
-34.561204,21,5610.353085
-47.187057,24,5610.455355
-126.940282,19,5610.542204
-29.500618,21,5610.758816
171.19017,28,5610.910483
145.036487,27,5611.029361
-75.437413,29,5611.15169
-19.465815,21,5611.233671
-22.741083,19,5611.317757
-131.315833,20,5611.406009
-43.622768,23,5611.502577
-184.208455,46,5611.703749
-178.883128,28,5611.820855
65.665807,23,5611.920737
-145.258705,25,5612.026586
180.227887,21,5612.118487
54.210594,25,5612.241983
-85.774105,32,5612.385063
65.349247,22,5612.481753
-9.752081,35,5612.652528
-256.384046,37,5612.809236
-61.333362,27,5612.921811
-189.81116,30,5613.055963
-24.674334,20,5613.140045
-37.316072,23,5613.245147
-142.920003,37,5613.409138
157.531973,35,5613.564072
-137.090995,21,5613.718375
-179.657825,29,5613.934492
-35.415018,23,5614.048538
54.864571,24,5614.173768
67.302355,21,5614.31377
-478.374314,101,5614.924039
-55.687124,39,5615.200297
-27.004128,20,5615.295545
-76.965753,31,5615.4547
166.350814,25,5615.578325
-36.803467,23,5615.693749
-25.582193,22,5615.798542
-350.358093,55,5616.183527
-168.433126,30,5616.318549
-74.988721,29,5616.451655
-24.919803,21,5616.545073
-279.769334,45,5616.731527
-42.097632,22,5616.837521
-176.568598,45,5617.042417
-125.642908,19,5617.14664
-22.717571,19,5617.364053
-24.759441,21,5617.507897
-73.871886,29,5617.66924
-170.590714,29,5617.797759
-318.914457,46,5633.276443
-7.144588,18,5633.393549
-26.721343,19,5633.478327
49.811746,25,5633.600169
-58.832271,28,5633.747817
-37.673743,22,5633.854844
-20.58259,19,5633.948971
-167.83444,29,5634.089136
71.513377,24,5634.202208
-161.13511,42,5634.389378
-260.738535,37,5634.570911
-253.389988,101,5635.075435
90.641224,18,5635.158818
-268.914907,43,5635.366808
-46.036759,26,5635.493534
-139.420279,35,5635.638852
-44.122149,25,5635.742912
-157.860442,26,5635.857361
-21.097096,19,5635.937492
-31.599159,22,5636.037552
-41.358755,25,5636.154392
-141.015762,37,5636.312801
-129.216419,19,5636.406366
138.383415,25,5636.518521
140.78741,44,5636.705094
-138.869243,23,5636.812345
-37.192034,24,5636.918344
145.395359,33,5637.057152
50.681879,23,5637.168134
121.569611,30,5637.302973
-29.900566,20,5637.390258
-26.788275,20,5637.475615
59.938453,22,5637.570853
-370.389976,101,5638.000572
-47.714886,26,5638.115814
-25.520449,19,5638.199595
-131.901958,20,5638.292423
-144.661723,22,5638.384808
-104.920215,31,5638.516891
-251.979132,39,5638.69289
-171.740312,28,5638.83271
-39.433504,23,5638.928861
71.382317,20,5639.016054
-26.912041,21,5639.115948
-157.246134,40,5639.284454
-29.806618,21,5639.41416
-22.140568,19,5639.517235
-28.875565,21,5639.618439
-149.999913,23,5639.734816
-70.385192,30,5639.879338
-51.795589,39,5640.090437
-198.274617,43,5640.311705
-112.846694,60,5640.635009
-266.475886,37,5641.309267
132.586334,26,5641.461185
-53.364913,27,5641.634685
-27.690209,20,5641.748108
-174.671099,47,5642.006983
-53.939245,28,5642.161613
-665.363056,92,5642.626054
63.792938,22,5642.725504
65.55162,22,5642.831428
-127.691703,19,5642.928959
-296.985513,42,5643.142042
151.725005,34,5643.317099
-247.550374,38,5643.531471
-33.630407,24,5651.505992
-80.365811,30,5651.669895
68.127549,22,5651.772067
-27.47232,20,5651.864516
-20.874323,19,5651.948008
-71.623318,29,5652.076708
-39.460633,24,5652.183997
-111.583464,33,5652.337421
-90.696949,33,5652.487098
-29.257088,23,5652.586753
36.271894,39,5652.753397
-31.84994,23,5652.859045
-30.861759,20,5652.942881
-61.114549,27,5653.057278
-123.793453,47,5653.255876
-139.547266,24,5653.359421
-36.372727,22,5653.455651
-30.9748,20,5653.535985
-237.473972,37,5653.692981
-38.649254,24,5653.797109
-131.069241,21,5653.881321
-132.53163,20,5653.96302
-70.407216,27,5654.069324
-32.684322,21,5654.153933
-139.220897,24,5654.254698
168.716306,21,5654.341942
-133.601457,20,5654.431795
-23.866739,19,5654.523887
-22.032113,19,5654.60586
-30.495038,20,5654.684577
-152.296522,25,5654.793187
-119.950852,35,5654.960933
-21.601277,19,5655.274261
-22.580541,19,5655.509701
-280.51257,41,5655.798372
-23.312998,20,5656.050114
-25.91611,19,5656.238128
161.985225,24,5656.504656
57.316225,22,5656.891438
-131.184142,20,5657.010737
-147.686022,37,5657.201323
-126.342793,19,5657.30713
-12.115702,20,5657.410287
-51.6696,26,5657.534529
68.188443,22,5657.647926
-230.261162,35,5657.818651
-143.837786,37,5657.997568
-28.046169,20,5658.098772
-31.445936,20,5658.191319
-287.034773,44,5658.491058
-77.057775,30,5658.960218
-45.044948,25,5659.078219
-128.771299,35,5659.246368
-20.328356,20,5659.338807
-27.413729,20,5659.424263
-313.329696,47,5659.632874
-139.40895,39,5659.803831
-145.839626,37,5659.958089
75.14649,20,5660.052056
42.09352,51,5660.275787
-101.856938,35,5660.430122
-223.135253,35,5660.586167
-122.772456,19,5660.66836
-19.729516,19,5660.746827
-293.893443,72,5661.069944
-244.432796,37,5661.226873
-254.312335,41,5661.416266
-157.126904,25,5661.525466
66.401575,21,5661.629296
-27.17505,20,5661.722159
-242.988125,37,5661.884783
-212.256458,38,5662.049622
-576.266371,101,5673.128056
-229.387472,34,5673.278213
-39.01705,24,5673.384422
-148.652582,39,5673.545766
-36.023754,23,5673.641122
55.720132,24,5673.754132
-29.640455,21,5673.852128
71.398578,21,5673.946277
-167.450262,29,5674.069981
-35.515778,22,5674.177267
2.451834,32,5674.312231
-29.953154,22,5674.403455
-23.806355,21,5674.496187
-126.801045,55,5674.729433
-30.085405,20,5674.810963
-132.271871,20,5674.902962
-24.992342,19,5674.982453
-26.881695,21,5675.086522
-22.838374,19,5675.168161
118.212401,28,5675.299437
-35.371266,23,5675.399709
-121.841981,19,5675.484814
180.437571,21,5675.887271
-166.912264,27,5676.04562
-149.965297,48,5676.262861
-28.454059,22,5676.357621
-33.397721,39,5676.524507
143.491289,28,5676.645548
172.911377,23,5676.762131
-126.284239,19,5676.850529
152.715203,25,5676.968497
-203.794678,47,5677.179149
-66.697734,29,5677.310251
-26.845399,20,5677.402585
-69.9999,29,5677.529923
-161.411809,26,5677.642416
-191.048608,31,5677.776484
-146.329461,37,5677.946935
-55.460182,25,5678.049577
-132.406739,20,5678.131922
-23.19057,20,5678.214582
-53.536735,27,5678.330671
-160.616795,39,5678.504509
-17.588395,20,5678.588945
-300.510975,44,5678.775849
160.500309,23,5678.872269
-18.477455,19,5678.953063
-46.570973,25,5679.062874
207.447153,18,5679.142945
-38.316755,77,5679.471646
-23.422876,19,5679.571237
-206.644328,49,5679.789498
-200.913052,33,5679.933296
-234.186264,40,5680.115974
-178.190321,29,5680.244493
45.040708,24,5680.349409
-58.815907,27,5680.464522
69.217285,21,5680.555566
-73.878453,29,5680.678148
208.031812,31,5680.814585
-24.139667,20,5680.895854
-40.134389,24,5680.996965
-103.172659,33,5681.140731
-347.238157,51,5681.359134
84.321412,40,5681.523991
-307.831754,47,5681.72426
-131.749601,20,5681.8127
62.635624,23,5681.910834
-25.922749,19,5681.991013
54.813705,24,5682.10072
13.958964,31,5682.364447
-24.205088,20,5689.823703
-73.846751,29,5690.086493
68.946995,21,5690.261727
69.558183,21,5690.425558
-28.742038,21,5690.613076
-334.11891,101,5692.10256
-35.075804,23,5692.402057
-20.854894,19,5692.50224
-20.132135,35,5692.652045
-49.272981,24,5692.75726
-33.851007,20,5692.842259
-28.038698,37,5693.001967
63.243581,23,5693.101167
-411.35173,59,5693.350875
165.211963,23,5693.45338
-131.244571,20,5693.54283
168.09506,22,5693.636813
-25.507134,19,5693.720675
-35.954671,23,5693.828934
-14.437673,19,5693.916307
-20.656513,22,5694.019277
-128.381345,21,5694.110023
-46.97092,24,5694.214343
-128.501415,19,5694.299181
12.909738,37,5694.453819
55.492502,24,5694.568953
-27.540741,20,5694.654995
73.837608,20,5694.747262
-14.464565,19,5694.832145
-24.988919,21,5694.923025
-24.578257,19,5695.004236
-155.872219,26,5695.12672
-131.058101,22,5695.231289
-53.152801,23,5695.329991
-33.213468,22,5695.426804
29.951375,28,5695.779877
59.448835,23,5695.888241
-29.67016,20,5695.976828
-129.316083,40,5696.153771
-44.029699,22,5696.244662
-24.07401,20,5696.328572
-376.325507,55,5696.702682
-35.162831,24,5696.81816
-207.589072,32,5696.957306
61.379305,22,5697.052695
-32.952056,22,5697.149871
-24.291043,21,5697.237807
-137.15656,23,5697.339333
-255.468317,42,5697.537318
65.126872,22,5697.631791
64.198667,22,5697.724431
-31.911137,35,5697.869937
-25.572432,19,5697.948328
-31.225479,20,5698.031982
-26.293876,20,5698.114497
114.880866,42,5698.294427
-211.655783,34,5698.438656
210.123604,31,5698.575289
53.620802,25,5698.682769
-142.859763,37,5698.834543
-31.424028,20,5698.921144
-251.363931,50,5699.132232
-187.682552,31,5699.260183
-32.127902,23,5699.35522
-28.47028,39,5699.523482
-165.15284,25,5699.630002
-38.800717,37,5699.788366
-72.998543,29,5699.912448
-142.895936,24,5700.017915
-136.798092,21,5700.119933
-38.527296,35,5700.274149
-143.032469,22,5700.368345
-191.863857,43,5700.544607
-393.921885,57,5707.165188
-38.060446,21,5707.281021
135.843193,29,5707.413731
-251.995564,39,5707.578972
58.383315,23,5707.676072
-79.859413,28,5707.798208
-25.311848,20,5707.88191
-153.820606,23,5707.975729
159.868726,25,5708.082429
-68.312801,26,5708.19663
-38.711315,23,5708.2953
-16.316467,19,5708.373606
143.900877,37,5708.527161
-100.775104,33,5708.664033
167.085376,21,5708.750057
-20.479922,20,5709.122735
-26.970714,20,5709.307199
51.326643,25,5709.436616
-137.821015,22,5709.534345
74.339941,20,5709.620322
-435.261343,81,5709.969647
-40.355784,37,5710.145702
-45.200019,24,5710.245523
-60.508788,28,5710.367448
-483.101977,90,5710.750009
-69.857059,40,5710.919981
68.35416,21,5711.006352
160.666464,25,5711.117825
-147.52949,39,5711.29247
-19.868315,66,5711.572328
54.934282,24,5711.672061
-27.213153,20,5711.760984
-22.625539,19,5711.849102
-26.192092,19,5711.932055
-150.609768,37,5712.197186
-180.748094,47,5712.407243
-160.350638,42,5712.594095
-126.803524,19,5712.675897
51.037413,23,5712.781805
-97.843729,32,5712.932278
-29.673147,21,5713.018778
-77.138583,29,5713.141747
-364.490886,55,5713.373351
-34.281682,22,5713.468968
-21.005483,19,5713.54355
-115.339534,35,5713.690208
-133.352213,40,5713.861132
57.632461,22,5713.950248
63.251767,23,5714.048777
-52.768634,24,5714.152777
-72.817346,28,5714.268422
18.800962,27,5714.380886
-99.768156,31,5714.514889
-19.960635,19,5714.594197
-90.039445,31,5714.733498
-217.352997,33,5714.868446
56.710692,24,5714.97922
-39.640604,23,5715.141555
59.461307,22,5715.266937
-24.859711,19,5715.36277
-115.402888,38,5715.525539
-256.562652,37,5715.680662
-250.253468,55,5715.913685
-157.556028,80,5716.254539
-37.56398,24,5716.354329
-24.905841,21,5716.44181
29.528286,28,5728.178161
-29.143755,20,5728.292463
-14.336203,19,5728.379305
-102.998705,34,5728.527918
-33.390497,23,5728.640563
-137.829849,22,5728.739342
285.780122,22,5728.835392
-43.822682,22,5728.932671
-139.687166,37,5729.102163
-31.30376,21,5729.197394
-114.712391,35,5729.359404
-38.326575,23,5729.462252
78.988438,28,5729.591558
101.616018,36,5729.747619
-314.723964,58,5729.996539
-118.225315,19,5730.079607
-157.225406,37,5730.245337
-186.996936,43,5730.454467
-342.56539,61,5730.715544
-75.255004,53,5730.945198
-33.382967,22,5731.04472
-29.635239,85,5731.411343
-31.100387,20,5731.499729
-24.591765,20,5731.584719
-112.251415,19,5731.668159
-14.717433,19,5731.749042
-557.779186,84,5732.100981
-86.952944,33,5732.249225
180.237333,22,5732.343539
-20.261196,20,5732.429464
72.978184,21,5732.515113
-64.980408,27,5732.629397
-127.019884,20,5732.715785
-103.302416,33,5732.850179
66.821375,21,5732.938395
-32.532628,22,5733.033972
-199.934075,33,5733.179723
-27.606255,20,5733.2635
-182.543049,33,5733.402286
-177.086305,42,5733.586115
78.196702,20,5733.672149
-125.04192,19,5733.751048
-63.369826,27,5733.870306
-136.652051,42,5734.063615
-37.4999,23,5734.16783
-123.511162,19,5734.24671
-68.728708,28,5734.362182
-26.924735,19,5734.442112
-378.593766,56,5734.6871
156.043255,25,5734.798781
-250.91853,37,5734.959421
-150.24733,37,5735.120022
63.066972,23,5735.214515
93.909791,47,5735.412055
-722.126908,101,5735.848757
161.088626,48,5736.045784
-238.125062,37,5736.210306
-310.877847,46,5736.409596
-21.094676,41,5736.587347
-28.505937,20,5736.678819
-127.743874,19,5736.761862
0.471309,35,5736.91681
-102.480416,48,5745.968958
70.314226,20,5746.118943
-546.581366,79,5746.573754
-72.391551,29,5746.736211
127.552857,31,5746.890826
-239.47515,37,5747.076299
-24.119738,19,5747.15578
-63.393774,27,5747.281023
-176.433308,45,5747.488946
-263.145113,45,5747.685448
36.944616,28,5747.805816
-39.311319,23,5747.900336
-207.546849,32,5748.042924
-89.766535,43,5748.243034
-33.058958,22,5748.351563
-247.707821,37,5748.505417
58.457231,24,5748.613285
8.941417,35,5748.762493
-185.288026,43,5748.950503
-169.531011,41,5749.12615
-70.753703,28,5749.249144
165.871141,25,5749.360347
70.955558,20,5749.443999
-44.830823,24,5749.541904
74.247847,20,5749.628961
31.82004,28,5749.750275
-201.112648,33,5749.898859
-112.838534,18,5749.969021
-121.381046,19,5750.052793
-43.047667,36,5750.212904
-0.110081,34,5750.381315
72.074374,20,5750.465285
36.821783,27,5750.581089
-223.137398,35,5750.749251
63.739581,22,5750.852269
-34.177876,22,5750.939941
-22.56269,19,5751.019976
-34.111552,37,5751.17477
-31.631422,21,5751.264527
186.972904,20,5751.348264
-27.118838,20,5751.43484
-66.97412,41,5751.609518
-42.083998,25,5751.71649
40.851208,31,5751.843602
-22.619945,19,5751.950413
-115.593013,18,5752.058786
-22.056477,19,5752.176155
-27.051485,20,5752.309566
-247.108852,37,5752.55172
-137.861895,21,5752.683702
-42.110977,24,5752.851694
-10.217314,34,5753.125457
-150.076227,40,5753.582322
14.06096,30,5753.86478
68.122665,22,5754.027666
-520.511899,81,5754.520781
-34.781347,21,5754.613325
-11.111863,19,5754.700434
169.882854,21,5754.79587
-53.775322,26,5754.91588
-47.955823,26,5755.053752
48.649027,23,5755.15947
263.847711,23,5755.269889
-57.666774,26,5755.385689
74.032761,20,5755.477631
-138.786211,21,5755.567245
-574.10237,101,5756.009484
-497.297348,82,5764.331171
-575.16411,101,5764.813382
-189.689181,30,5764.947023
-255.251282,39,5765.122544
-221.494481,41,5765.301025
-129.665966,20,5765.381929
-127.632835,20,5765.466188
-29.63563,20,5765.547913
-236.915122,37,5765.701831
-57.21718,26,5765.823283
-15.059227,19,5765.901928
-267.490666,37,5766.058979
-116.221309,19,5766.134915
146.994576,24,5766.236303
-123.371495,19,5766.317465
-42.417757,24,5766.420976
67.688966,29,5766.547411
-150.726505,39,5766.709061
-41.306991,37,5766.864918
-144.162451,37,5767.027711
-39.842218,22,5767.11863
-29.160612,21,5767.208298
68.10044,21,5767.300509
-161.480147,26,5767.417153
-160.883404,36,5767.579005
-69.476574,26,5767.693145
191.598792,24,5767.79504
-20.632051,19,5767.877546
-105.122112,33,5768.027083
-124.574675,20,5768.113269
-139.142819,22,5768.208464
171.685171,24,5768.314434
63.27685,22,5768.412204
-126.730944,19,5768.501705
-57.120559,26,5768.616301
-126.32998,19,5768.697967
89.530456,34,5768.847754
-112.754235,19,5768.930144
-389.251076,55,5769.158973
-25.106855,19,5769.241045
-213.531272,33,5769.497912
-22.749469,21,5769.585119
-130.164615,20,5769.680925
-32.362963,22,5769.769918
-23.193625,19,5769.849825
-236.862041,37,5770.023469
-192.163861,43,5770.209706
43.978518,25,5770.328519
-91.383533,43,5770.513112
67.461914,22,5770.614327
-2.837825,44,5770.807549
-120.459392,20,5770.894851
-30.065946,20,5770.979783
-123.412906,19,5771.057711
-95.470495,34,5771.205294
74.362899,20,5771.291767
-20.393488,19,5771.37552
196.011837,20,5771.458282
-85.766644,33,5771.608761
-117.856712,18,5771.679916
55.404857,25,5771.804337
1.68339,33,5771.957681
2.450006,32,5772.111163
-24.669042,19,5772.193539
-66.911746,26,5772.307156
-172.306216,42,5772.50093
-22.298986,19,5772.589599
-19.529896,19,5772.668658
-30.976705,21,5772.753252
-152.801701,37,5772.903202
-479.45328,101,5785.137861
-77.453333,29,5785.324051
-27.012367,22,5785.42588
-218.902968,39,5785.597919
-227.213059,64,5785.861635
70.295405,20,5785.946644
52.580369,24,5786.045896
-31.181242,21,5786.138129
56.491508,25,5786.244046
-183.02847,28,5786.360274
-111.726083,19,5786.443421
-123.546439,18,5786.517483
-29.769244,21,5786.60514
-60.72454,27,5786.716242
-254.519389,37,5786.87293
-128.452817,19,5786.949693
-26.102361,20,5787.03766
56.67141,24,5787.143523
-35.739047,21,5787.231727
-72.230836,28,5787.347626
-68.813275,26,5787.449985
-186.031729,42,5787.62176
-46.905359,24,5787.726684
115.385616,33,5787.863466
-86.223216,30,5787.993
-127.321588,20,5788.077673
-159.472945,37,5788.243145
-22.449814,19,5788.319841
-160.71916,47,5788.52567
73.870887,20,5788.604294
-344.813533,49,5788.808244
-28.553309,21,5788.895794
64.706522,21,5788.985601
-28.480316,20,5789.076015
159.341932,30,5789.212197
-559.579561,93,5789.61281
-131.006711,20,5789.700613
-147.645947,37,5789.857512
-26.932548,35,5790.002728
12.086144,31,5790.138665
-162.298525,40,5790.313541
-18.409818,35,5790.461384
-130.191031,20,5790.555293
-25.128651,19,5790.634945
-122.441121,19,5790.712712
149.560634,26,5790.822975
-241.805126,37,5790.982518
-127.316803,20,5791.061662
-143.967071,37,5791.226123
188.26086,25,5791.331947
-49.911139,39,5791.496345
-31.17589,20,5791.585964
63.730971,22,5791.676866
-139.513926,23,5791.77423
-43.745099,22,5791.871105
-294.765029,45,5792.502377
60.771737,23,5792.61451
-34.587196,22,5792.710644
-181.749872,32,5792.898619
-94.841824,43,5793.085181
-38.678742,25,5793.201336
-24.252286,19,5793.279775
-96.710918,32,5793.416231
-219.35682,48,5793.625937
-28.568988,21,5793.721142
-53.184229,48,5793.934874
-42.106612,24,5794.045973
-64.650156,28,5794.183656
-7.322421,39,5794.373914
-158.264146,40,5801.559853
16.277932,30,5801.736058
-65.147783,29,5801.863328
144.955699,27,5801.978207
-16.824958,18,5802.053956
-186.658889,30,5802.183801
-168.685235,27,5802.296736
48.495543,24,5802.399412
-220.991287,49,5802.712697
70.661745,20,5802.798279
-35.565004,24,5802.903578
41.678267,37,5803.066846
-64.47855,27,5803.186595
-183.865864,45,5803.376671
-110.811423,34,5803.515606
74.240863,20,5803.599437
-38.932593,24,5803.698045
-163.276775,29,5803.816576
-54.761192,40,5803.985599
-120.488588,92,5804.395766
-35.475648,23,5804.491196
-124.697817,21,5804.579606
-159.312059,40,5804.749978
-38.569471,22,5804.837866
67.692419,21,5804.923593
-44.929936,24,5805.021579
-31.102879,21,5805.116489
-143.332693,23,5805.212608
-73.785633,30,5805.33735
17.599849,31,5805.471347
-124.809676,20,5805.551092
-151.675675,39,5805.712349
50.092642,24,5805.811871
-76.367972,29,5805.936723
-84.468804,31,5806.062382
75.173661,20,5806.144519
-347.972717,50,5806.356093
-293.980696,41,5806.536394
-177.130993,43,5806.7739
-128.553148,19,5806.881718
-144.124742,37,5807.060828
-126.436776,19,5807.143723
-129.241594,20,5807.231494
-113.472591,33,5807.380451
-64.195485,27,5807.495426
49.78557,24,5807.589913
-112.859094,49,5807.814964
-277.421416,43,5808.182928
73.193014,20,5808.271017
-84.23545,30,5808.402033
-202.53225,32,5808.543788
-44.666197,24,5808.647976
-26.887118,21,5808.735079
-73.84925,28,5808.860677
-41.110551,23,5808.997045
55.061698,35,5809.699306
-25.663029,20,5809.81447
-128.337089,21,5809.929006
-128.06017,19,5810.024753
69.572184,20,5810.154013
76.016751,20,5810.277793
-59.18602,27,5810.457195
-194.229559,45,5810.920771
160.397993,23,5811.066216
72.923493,20,5811.190209
-176.374822,34,5811.56335
67.022314,22,5811.721867
-243.08052,37,5811.924413
-48.215457,25,5812.107052
-197.560736,56,5819.618673
-26.786676,20,5819.759985
-220.703387,35,5819.946525
-115.577166,18,5820.041734
-126.704294,19,5820.135613
-172.718038,28,5820.27784
-68.40226,29,5820.422203
-490.172387,90,5820.875876
34.52508,27,5821.004878
-37.568847,23,5821.125766
-138.980383,23,5821.233563
-113.690196,18,5821.32296
153.746004,24,5821.439442
-37.910214,23,5821.546198
-114.277322,19,5821.639479
-29.110161,20,5821.741198
65.434287,21,5821.842492
47.660186,25,5821.965277
-128.591882,35,5822.135021
-131.145312,34,5822.303627
-135.556433,22,5822.399095
-189.73545,31,5822.539641
-61.541042,27,5822.656986
74.674616,20,5822.7364
-140.09285,37,5822.897611
-160.400587,39,5823.067835
-233.761921,34,5823.228382
36.856158,27,5823.337975
-61.833273,27,5823.455385
-336.306018,91,5823.83753
-34.486081,21,5823.925601
-151.838109,24,5824.025305
73.387081,20,5824.106046
54.440947,24,5824.213098
-89.447985,29,5824.346147
-30.58286,21,5824.440523
-64.069621,28,5824.557445
-21.874469,34,5824.705965
-546.732018,101,5825.15537
-38.587768,22,5825.252214
-32.463021,21,5825.340671
-567.911345,100,5825.871712
-129.692238,19,5825.955805
-18.435356,19,5826.04151
27.902083,28,5826.511317
-131.074903,20,5826.669231
-206.969195,47,5826.903428
-165.285506,39,5827.075335
-129.141088,22,5827.170859
-283.765652,43,5827.363281
-146.335886,45,5827.572489
-27.674942,21,5827.66609
-243.409781,37,5827.819656
-60.116511,28,5827.947518
39.273387,25,5828.059582
-130.400724,20,5828.143801
-30.821444,20,5828.231933
-44.916926,26,5828.346311
53.086735,23,5828.444033
-192.397579,30,5828.577029
-166.836809,27,5828.693223
-34.338533,22,5828.790569
-26.72693,20,5828.875073
-499.174428,101,5829.329098
-41.751969,23,5839.588496
46.622769,70,5839.950585
-208.306716,33,5840.099539
-177.526378,30,5840.232018
-125.216637,19,5840.314139
38.848662,26,5840.422948
-54.954592,26,5840.536926
-116.175839,33,5840.675932
59.97564,22,5840.767643
-241.689842,38,5840.92687
-25.005304,20,5841.014486
-43.733708,25,5841.122679
-61.540273,39,5841.292241
-11.048892,33,5841.436378
-56.788413,24,5841.536577
-191.327474,31,5841.663969
85.843556,20,5841.761765
-171.893793,31,5841.906088
-21.690496,19,5842.025505
-116.338311,18,5842.12816
-30.725405,36,5842.301527
-30.500503,20,5842.385212
36.763099,27,5842.496675
64.870288,22,5842.590205
-92.63452,31,5842.733127
-128.873765,19,5842.818482
-122.694063,19,5842.898691
53.713127,23,5842.992988
-175.115899,28,5843.113278
-98.350318,31,5843.24267
37.742561,27,5843.368894
222.189181,35,5843.51792
-55.017977,27,5843.634722
-44.582799,24,5843.72941
24.495629,31,5843.866099
-26.004331,20,5843.946489
-121.071101,19,5844.185427
-206.031399,31,5844.605762
-26.886447,20,5844.695014
-24.003507,20,5844.783879
-43.045188,24,5844.886225
-36.387497,23,5844.981919
41.73207,24,5845.090205
174.808294,25,5845.209954
-148.168715,23,5845.313796
79.668109,22,5845.421265
175.936676,20,5845.511086
-123.652438,19,5845.598252
-195.864895,44,5845.788605
-25.899396,21,5845.887708
-318.854556,55,5846.117852
-32.882475,21,5846.207304
-160.23822,26,5846.317394
-72.320606,49,5846.53153
-35.110559,21,5846.621299
-24.445636,37,5846.776475
-118.9616,20,5846.860044
-148.752173,38,5847.02756
-217.681643,32,5847.168332
27.417648,28,5847.288112
65.431344,22,5847.382277
-256.275391,37,5847.532766
-24.75657,19,5847.617148
167.936435,21,5847.705483
70.548159,20,5847.787586
-80.160732,45,5847.981253
70.942187,21,5848.069482
-32.514624,21,5848.159717
-15.601806,19,5848.241048
-34.472528,21,5848.329707
-35.056442,23,5848.430733
-201.548123,45,5848.626203
-91.989535,43,5848.809367
66.536411,21,5848.895914
-30.610231,21,5848.994623
-75.011748,41,5855.896419
38.310038,27,5856.055173
-32.365656,21,5856.150609
-25.474258,19,5856.230826
52.107369,26,5856.345037
-81.914927,27,5856.463351
-73.271461,31,5856.595871
-28.385753,20,5856.6803
-44.203309,23,5856.777331
-24.843941,19,5856.864915
-127.038242,20,5856.949495
-33.967799,22,5857.040354
-28.68527,21,5857.297078
-182.024141,28,5857.425134
-116.232552,20,5857.515058
67.82294,22,5857.60835
-124.322044,19,5857.690445
-27.790792,20,5857.781197
-25.412505,20,5857.872488
-68.862114,27,5858.004551
-117.5358,18,5858.078225
-159.944513,25,5858.193216
-33.302542,22,5858.293172
-30.267656,20,5858.379351
-171.104217,30,5858.517443
-61.76254,27,5858.636257
-186.39657,30,5858.765779
-244.782544,41,5858.937767
-44.30728,25,5859.050994
-150.671344,39,5859.218275
-47.359597,24,5859.317597
-35.316152,24,5859.416164
17.627529,28,5859.538024
57.571838,22,5859.631909
187.55045,20,5859.722063
-238.041094,37,5859.891124
-132.861858,37,5860.045177
-125.242037,33,5860.186923
-27.916015,20,5860.271361
17.938765,31,5860.406754
-28.742101,20,5860.494705
-52.124764,24,5860.595818
-126.703455,19,5860.673862
126.397811,40,5860.839515
-26.39082,20,5860.923359
-227.090977,34,5861.068068
-20.355321,19,5861.150806
-21.149744,19,5861.226406
-30.469974,22,5861.319196
75.768376,20,5861.405426
-31.391523,22,5861.499401
-23.082248,19,5861.57773
-123.463964,19,5861.656134
-176.581906,33,5861.798718
-264.270187,46,5861.991099
-37.471352,22,5862.086338
-120.392229,20,5862.169295
200.392423,20,5862.256368
-127.798247,19,5862.338213
-9.121249,18,5862.413489
-124.924398,21,5862.509832
-29.191726,21,5862.598599
-73.963036,27,5862.716944
-45.323367,24,5862.815358
176.014246,20,5862.898683
-144.066859,52,5863.124286
17.260214,30,5863.338129
-447.236129,76,5864.046086
-229.809659,38,5864.380619
-22.67624,19,5864.594368
-324.615064,48,5865.09833
-174.476218,29,5865.331587
55.995674,24,5865.581183
-27.524523,20,5865.709714
-29.346616,21,5865.841306
-27.936049,19,5865.973462
-191.891981,43,5866.305682
-130.822326,20,5866.397632
-34.523583,21,5872.883138
-133.073216,20,5873.001345
-24.07141,23,5873.106055
-129.603205,20,5873.189693
267.712651,21,5873.278926
-193.934311,31,5873.409211
-131.203941,23,5873.505426
-35.995511,21,5873.601922
73.182482,20,5873.691201
-63.015298,27,5874.130406
-121.62955,21,5874.226339
7.439518,29,5874.346213
-153.699126,40,5874.515589
6.894134,70,5874.817305
-30.384835,21,5874.911913
-177.947169,27,5875.024528
-119.29219,18,5875.093853
-40.017203,23,5875.197276
-26.22068,20,5875.284805
-128.251352,35,5875.434713
-38.83093,22,5875.529179
-143.84977,24,5875.635902
-68.621177,28,5875.754227
-252.393807,39,5875.922127
-29.851428,20,5876.005959
-144.933039,37,5876.162814
69.480535,21,5876.255032
-70.723016,30,5876.391691
269.044417,26,5876.50191
-177.792593,28,5876.629005
-25.187164,20,5876.710623
-36.90339,36,5876.85785
29.650704,30,5876.986511
-30.854544,21,5877.076895
-132.841322,20,5877.162748
-46.136704,23,5877.26071
-149.578997,23,5877.367927
-33.521439,21,5877.462694
-48.482175,24,5877.564722
-115.255769,34,5877.711838
-154.346951,25,5877.825631
-275.566131,40,5877.999637
-147.343275,24,5878.10133
-23.277513,20,5878.185928
-659.909983,90,5878.566213
-24.345357,20,5878.66325
-226.151849,37,5878.82725
-193.512907,31,5878.960081
-195.843963,30,5879.084254
-25.062025,20,5879.262699
-304.285211,44,5879.451158
-66.828085,28,5879.573139
178.249112,22,5879.668721
71.361093,21,5879.759555
-277.347948,40,5879.938225
-383.539169,56,5880.184039
-136.874829,21,5880.272872
-147.998186,27,5880.387715
-262.686849,40,5880.561787
-162.434354,27,5880.679086
-71.077149,28,5880.798928
-239.979304,37,5880.953578
-143.667456,36,5881.10299
74.171701,36,5881.264575
-178.650153,29,5881.381874
-155.247588,26,5881.49736
-31.826932,21,5881.588187
-204.100444,33,5881.733565
69.467796,21,5881.822333
-31.404279,21,5881.914559
65.949547,21,5882.00453
-29.541354,20,5882.086963
-94.000464,36,5890.066724
-128.6453,35,5890.237565
-35.441853,22,5890.329788
-31.350709,21,5890.417542
19.676283,29,5890.539642
-21.885113,19,5890.622038
-133.448426,20,5890.711956
-32.415187,23,5890.814035
-249.072714,39,5890.978167
-129.30961,20,5891.065239
-125.883201,19,5891.148487
-33.823748,22,5891.244726
-128.162735,19,5892.179644
-132.397659,20,5892.350544
-21.972404,19,5892.451305
-29.599777,21,5892.555603
-28.383592,20,5892.654287
-153.875545,24,5892.778234
194.324945,19,5892.876157
-30.416779,21,5892.978631
59.060534,23,5893.092244
57.833482,23,5893.210794
-41.94672,37,5893.404915
79.734083,19,5893.499857
-26.223566,20,5893.59538
-27.638146,20,5893.695719
-31.994081,21,5893.81793
-23.594717,21,5893.922509
-127.979189,19,5894.008834
-27.612692,20,5894.099031
-147.221246,24,5894.223601
-80.861747,30,5894.538836
74.6544,20,5894.638672
-145.350451,36,5894.79354
-39.382749,23,5894.891813
102.842077,36,5895.045259
95.520662,37,5895.21485
-110.204961,33,5895.362043
-30.66318,21,5895.456268
-259.706433,37,5895.617709
-136.906165,23,5895.724845
-141.845437,37,5895.880283
74.131575,20,5895.966609
68.11091,25,5896.072854
-113.421235,47,5896.279948
-537.247667,101,5896.74763
42.897119,26,5896.858416
-29.435013,20,5896.938968
-19.545625,19,5897.014289
-207.843202,57,5897.253813
-30.022886,20,5897.340369
-86.686012,29,5897.47482
105.551891,24,5897.582842
-148.844964,42,5897.768974
-128.786529,20,5897.857751
-11.924141,34,5898.00185
-110.314899,52,5898.215665
-233.656445,61,5898.472075
-17.438172,19,5898.552114
178.569007,28,5898.671601
68.332541,22,5898.789323
-45.235846,23,5898.89164
143.387869,27,5899.00629
-354.885569,71,5899.304193
-318.805442,60,5899.557095
-31.77377,21,5899.643556
-35.161757,23,5899.744785
-32.276617,20,5899.830405
-240.823283,37,5899.988678
-136.873327,21,5900.078293
-247.319245,50,5906.941758
-246.984669,38,5907.142367
-128.337946,20,5907.224245
-307.67557,60,5907.470623
-20.556349,19,5907.552211
-87.930683,43,5907.739863
-27.550728,20,5907.825006
-243.868727,37,5907.979322
31.111779,27,5908.137463
-113.969579,32,5908.57139
-49.100295,23,5908.667334
-173.076931,28,5908.802466
-93.447771,32,5908.937741
-30.432629,21,5909.110857
-28.33199,20,5909.202774
-26.688374,19,5909.281425
-120.742695,18,5909.357345
-32.251131,21,5909.447289
33.654632,27,5909.562666
-342.143614,69,5909.860847
-397.301261,59,5910.117647
-24.490059,20,5910.210827
-94.846512,33,5910.345954
9.257147,30,5910.48106
-145.42799,39,5910.647732
-26.010629,20,5910.733095
-169.037232,28,5910.849972
-31.899142,20,5910.93833
-22.872105,19,5911.028925
-23.969934,19,5911.108151
-175.749041,28,5911.224223
-52.374177,23,5911.322245
10.094259,29,5911.447249
-100.242207,33,5911.583906
-211.429249,33,5911.715432
-480.784258,95,5912.117788
-36.883469,22,5912.209013
-53.726061,26,5912.326285
-256.874322,39,5912.494489
-130.953408,22,5912.582311
50.753745,23,5912.678795
-533.810089,101,5913.099383
-28.2221,20,5913.189695
-25.652252,35,5913.345162
-224.45359,33,5913.486534
-24.65767,20,5913.575325
-40.346544,23,5913.680277
-189.795493,30,5913.813976
-17.463421,19,5913.89747
-121.082563,34,5914.046358
-211.839137,47,5914.248779
-124.25076,19,5914.329056
140.662765,39,5914.497201
-30.786825,22,5914.589084
162.63352,22,5914.682234
48.888257,26,5914.791146
151.018154,30,5914.91623
-130.981395,20,5915.005475
-125.650459,19,5915.086985
-34.924328,22,5915.191658
-32.926031,21,5915.280649
-156.626308,36,5915.428481
-71.406956,28,5915.592588
105.811839,31,5915.770625
-27.58055,20,5915.89011
-49.973591,24,5916.154916
-61.947699,26,5916.4595
-371.990134,54,5924.614464
-191.278431,45,5924.826154
-244.408309,36,5924.989004
-396.3234,61,5925.249794
125.262155,34,5925.601514
-162.540327,26,5925.845235
-22.270585,36,5926.008588
-128.499831,37,5926.168423
-200.542327,30,5926.302501
-26.734155,20,5926.388566
-25.544041,19,5926.467901
28.158915,29,5926.598785
73.992693,21,5926.719525
-115.291806,19,5926.81014
-14.509578,19,5926.902781
-13.331133,34,5927.051048
-52.040942,24,5927.153989
72.215221,21,5927.246789
-98.662508,32,5927.387713
66.86196,40,5927.569586
-259.144227,42,5927.758842
-223.115861,48,5927.964978
-86.95259,53,5928.196301
-104.762388,50,5928.411086
-178.182137,43,5928.59574
-125.190112,19,5928.678171
-128.256928,20,5928.768871
39.465285,28,5928.890963
-158.166769,37,5929.054831
-130.451953,22,5929.148163
-65.142561,28,5929.267719
-159.297468,25,5929.376212
-190.302488,72,5929.687967
-744.640932,101,5930.134461
-0.698283,32,5930.278434
-97.94226,48,5930.48313
-117.454336,19,5930.563913
44.024715,26,5930.687351
-137.910749,35,5930.844901
48.571789,26,5930.955247
-175.375624,31,5931.084463
-207.041121,32,5931.213733
-56.617418,26,5931.318457
-208.233862,33,5931.542742
-47.368215,24,5931.644802
69.923908,21,5931.738272
70.131026,22,5931.833121
-275.073551,41,5932.004869
-34.75157,22,5932.094666
50.661557,25,5932.199193
-29.257735,20,5932.2814
-29.8843,20,5932.364174
-578.537385,92,5932.758156
-185.682565,29,5932.880122
-20.041162,19,5932.962944
-16.328831,19,5933.039977
-149.183461,23,5933.139147
98.900491,46,5933.351558
-259.987661,39,5933.520134
149.274807,23,5933.619355
-252.269624,37,5933.780201
206.982025,21,5933.871064
-142.886463,25,5945.22322
-200.677298,31,5945.378675
66.925134,22,5945.474545
-51.218998,23,5945.567104
65.950298,21,5945.659178
-149.837617,24,5945.757783
-94.545415,31,5945.884477
-32.132506,21,5945.985471
-667.724118,101,5946.441971
-77.496495,29,5946.569266
187.639445,24,5946.672722
66.725388,21,5946.763844
-146.298961,38,5946.930515
-21.610722,19,5947.020422
32.899103,28,5947.142557
-285.066245,42,5947.320284
-31.058672,20,5947.400694
-151.967684,24,5947.501556
-145.681586,24,5947.608335
-148.375407,37,5947.777983
-16.473894,19,5947.85812
-24.644767,20,5947.938479
-85.033803,30,5948.074875
184.146025,20,5948.162755
180.895351,22,5948.26334
-206.594169,45,5948.461547
-136.148424,37,5948.620337
-26.995085,20,5948.702216
-628.521235,101,5949.129507
-101.151597,55,5949.356248
-86.715734,31,5949.485837
-20.3312,19,5949.565856
-143.832173,22,5949.658908
-122.076258,19,5949.732391
-135.064136,22,5949.820035
-28.490815,20,5949.906195
-246.220014,36,5950.064605
-26.073334,20,5950.15544
103.131074,19,5950.241595
-33.276448,22,5950.337588
-572.310295,101,5950.763816
-54.975918,24,5950.869421
-20.544664,19,5950.96044
-107.962271,32,5951.09377
-23.209447,35,5951.239188
-20.030337,19,5951.315853
-34.224444,21,5951.408847
-39.258583,23,5951.504263
-122.928417,21,5951.600691
-0.504707,30,5951.730956
-83.42646,32,5951.887614
-24.478144,20,5952.105857
-67.383873,26,5952.400793
-27.019889,20,5952.934552
217.261004,28,5953.120454
-64.326967,26,5953.254783
69.745657,21,5953.36276
-151.433495,25,5953.498296
-47.088451,24,5953.60072
-15.954033,19,5953.684608
-126.807833,19,5953.763214
-24.594898,20,5953.849168
-69.74867,41,5954.023999
-304.062685,46,5954.234646
-124.94436,19,5954.320099
-340.782987,80,5954.758727
-127.238763,19,5954.841348
-147.443402,24,5954.949369
58.460264,22,5961.946133
-149.2859,26,5962.097093
-14.849586,20,5962.191775
-128.136251,36,5962.3524
-15.983537,18,5962.4335
-142.746042,22,5962.526296
-52.983718,25,5962.635191
-181.996536,28,5962.751223
-184.687216,43,5962.9395
-148.213156,24,5963.039875
-31.837932,22,5963.132251
63.065237,23,5963.22977
-126.721634,19,5963.315265
-59.322318,37,5963.47499
-130.26457,21,5963.564909
63.232855,37,5963.72506
-37.45615,22,5963.816704
-114.226699,19,5963.894328
37.866337,28,5964.008865
-31.952278,25,5964.111843
-32.504161,37,5964.462091
43.550956,27,5964.584039
-261.974439,37,5964.741859
-126.338737,34,5964.887563
-229.340375,35,5965.046196
52.179522,25,5965.153344
-101.095373,32,5965.290721
-220.223307,48,5965.491589
-176.525869,28,5965.622364
-263.175045,97,5966.044582
-125.859035,20,5966.131082
-249.38754,37,5966.284069
-41.237983,23,5966.388798
68.388907,21,5966.477845
-23.199105,20,5966.562769
-124.600434,19,5966.640887
-37.084205,21,5966.725602
-74.524807,40,5966.901112
-46.482633,24,5967.008372
-244.484941,37,5967.162147
-255.425327,40,5967.338723
-251.012771,39,5967.503977
43.703028,24,5967.603737
-4.367244,34,5967.749333
73.103419,21,5967.843859
-31.056726,20,5967.92858
-200.189986,32,5968.065651
-40.764636,22,5968.163085
-14.668894,19,5968.248887
-57.971125,26,5968.358358
-20.566097,20,5968.447441
-231.302618,40,5968.611459
-28.504426,20,5968.696159
-176.802997,42,5968.874392
144.523602,24,5968.97474
-34.171286,22,5969.067935
-129.354469,20,5969.16004
-17.120762,20,5969.249054
-127.130787,35,5969.398864
150.481889,26,5969.519151
72.868484,20,5969.608528
-24.665309,38,5969.781759
-42.45022,24,5969.926844
-175.925482,28,5970.097066
39.788884,26,5970.297221
-152.1306,37,5970.596021
17.635888,30,5970.886204
-28.674798,21,5971.088298
-127.811103,21,5971.262174
-188.438946,43,5971.564342
71.750458,20,5971.722752
-26.237065,20,5971.897467
-39.197749,23,5979.294702
-95.967918,30,5979.449288
-258.343867,37,5979.60629
-195.522998,44,5979.788666
-34.700125,23,5979.887605
-37.928373,23,5979.9819
-133.908688,38,5980.13336
-536.701602,101,5980.57595
-133.14562,22,5980.670211
251.906399,25,5980.773687
-42.450448,24,5980.877229
-29.714829,22,5980.972341
-74.213191,43,5981.153213
-10.15274,18,5981.228742
64.535582,22,5981.325698
-152.971225,24,5981.426514
-131.853117,22,5981.518535
-21.002462,19,5981.595491
-84.313381,30,5981.723179
202.740429,21,5981.81565
-25.461921,20,5981.904177
-20.629585,20,5981.990523
-182.693167,42,5982.17963
-242.136567,37,5982.344036
-149.399412,28,5982.465901
52.366904,23,5982.57416
-287.315841,46,5982.762415
-24.22431,20,5982.848598
-18.762337,19,5982.926924
206.869689,30,5983.052559
-6.690426,37,5983.207527
-159.310583,26,5983.31867
-47.451616,23,5983.41958
-20.527973,20,5983.500638
-23.554558,21,5983.594337
-145.950835,38,5983.75203
-252.778707,37,5983.903489
-130.394267,20,5983.985868
100.680974,31,5984.115423
-160.040268,40,5984.288736
-83.087258,31,5984.423628
65.59039,21,5984.519433
-33.728986,22,5984.613256
-191.358518,42,5984.792411
27.379455,29,5984.915949
-23.677269,19,5984.994793
71.528921,20,5985.079087
175.657345,20,5985.165406
-30.705127,22,5985.261061
-142.612966,23,5985.361299
-114.949926,19,5985.442923
-93.665691,31,5985.579094
-23.946372,19,5985.659788
291.448187,21,5985.749302
-127.835543,19,5985.830242
-114.089807,18,5985.903746
-43.870196,22,5985.998917
-156.249831,37,5986.322424
70.503638,21,5986.418212
-153.229421,24,5986.523585
-132.58374,20,5986.609089
-50.530094,24,5986.742909
-25.452567,20,5986.827522
-231.381056,36,5986.97899
-55.676166,37,5987.21613
-0.5711,32,5987.357002
-32.076677,20,5987.441435
174.1813,23,5987.538031
-129.372349,22,5987.635445
-132.313547,37,5987.796697
-28.071256,21,5987.888967
186.629817,24,5987.994631
-14.817791,19,5988.078035
-133.671561,20,5988.16199
-22.913552,19,5988.242927
-256.397084,37,5997.310458
-155.102448,27,5997.448337
-298.556326,44,5997.638956
-70.922555,27,5997.753765
167.726022,24,5997.857148
-271.962662,40,5998.030571
46.056551,48,5998.251503
-137.104625,21,5998.340055
-50.366036,37,5998.49812
-26.913476,21,5998.587964
68.132846,21,5998.68299
-155.69064,24,5998.788605
54.789769,24,5998.891886
-183.742597,29,5999.015651
-123.323885,34,5999.157199
-148.898298,23,5999.256885
-54.377831,39,5999.417617
-29.404529,22,5999.516018
-31.56594,36,5999.673081
-146.865817,39,5999.844239
-123.272854,19,5999.919801
-29.519473,21,6000.005403
68.547358,21,6000.092072
-50.526485,25,6000.198137
-38.271804,24,6000.305797
-25.566421,20,6000.395505
-121.734861,18,6000.474088
168.407523,21,6000.561821
-18.987295,20,6000.647728
-177.024058,29,6000.774557
75.75507,20,6000.861085
-20.195725,34,6000.998325
-224.454962,63,6001.256801
-132.273373,20,6001.340831
-140.86573,24,6001.444656
-24.08556,20,6001.527545
118.504303,32,6001.664564
-179.726356,30,6001.791713
-21.573258,21,6001.880268
366.42647,57,6002.139254
85.757409,22,6002.281636
-120.202123,34,6002.481088
133.99252,28,6002.971063
75.826422,20,6003.101895
15.004884,30,6003.247038
27.606715,30,6003.394104
46.140553,25,6003.514146
-152.089902,37,6003.690798
-87.462806,42,6003.873496
-49.850109,23,6003.979518
-84.923456,30,6004.113299
-40.271103,37,6004.276738
-89.012245,32,6004.417686
-31.314116,21,6004.514646
-116.956242,18,6004.60681
68.877981,21,6004.736121
-362.64153,84,6005.133038
-30.694105,21,6005.305106
-89.939937,30,6005.452095
-260.140054,37,6005.610255
-37.306512,23,6005.711561
-64.047115,29,6005.829526
-348.860849,85,6006.200029
53.258267,23,6006.300088
-128.508436,36,6006.44809
-19.159822,21,6006.537624
-134.79929,22,6006.632966
97.05582,31,6006.76827
-27.050181,20,6013.545022
-129.053751,41,6013.77956
125.63309,35,6013.935255
-58.360642,37,6014.099238
-31.749319,21,6014.198968
-145.855259,39,6014.373199
-46.161373,38,6014.545433
77.851093,20,6014.646473
195.036038,25,6014.756319
-158.698414,37,6014.929167
-303.319421,51,6015.142807
-236.244889,52,6015.378445
-177.586362,31,6015.51193
-31.858185,22,6015.605154
-163.93093,27,6015.720384
-126.693735,19,6015.800252
-148.777095,24,6015.904114
-190.473805,43,6016.082816
-122.934615,20,6016.164774
-50.145931,25,6016.275833
-196.95015,46,6016.605135
-123.374899,19,6016.694566
-23.489217,20,6016.779492
-120.650482,33,6016.92524
-28.581841,21,6017.015756
-22.475443,19,6017.099442
179.695977,21,6017.190609
-132.153693,22,6017.298356
17.391193,30,6017.427782
41.601198,27,6017.538038
63.016283,23,6017.642686
-31.770892,22,6017.741171
-221.155511,51,6017.954479
-186.465636,44,6018.154936
-23.320667,36,6018.3098
-40.398333,25,6018.411752
-34.240767,23,6018.508719
-64.975438,27,6018.628458
74.051354,20,6018.716699
-170.202098,29,6018.847251
-132.759892,20,6018.931684
-47.108228,24,6019.031428
61.646591,22,6019.128664
-222.778162,34,6019.273855
-86.697216,30,6019.400749
-130.727753,20,6019.488208
301.239786,22,6019.581839
67.220332,22,6019.682208
-149.051606,23,6019.779679
-297.422357,43,6019.96513
-59.884017,37,6020.125579
52.449239,36,6020.28777
63.082693,23,6020.386133
69.896879,21,6020.474769
-175.634485,27,6020.588607
88.559998,19,6020.66854
-56.783412,27,6020.804443
56.610628,24,6020.905234
-30.90059,20,6020.988301
55.22829,23,6021.087521
-61.92951,25,6021.192895
-96.818595,33,6021.334656
-312.570116,54,6021.572304
-99.052378,31,6021.709148
-72.290824,28,6021.83775
66.228828,21,6021.983453
68.109421,21,6022.100219
-23.190032,19,6022.211308
180.269519,25,6022.364465
-48.929666,23,6022.559452
-46.027721,24,6022.749613
-239.824933,38,6023.061604
68.115237,21,6031.064853
-118.307572,18,6031.177073
-33.17415,22,6031.296089
-33.305363,22,6031.397496
-220.154327,34,6031.543359
-30.466169,20,6031.633884
-22.703412,19,6031.713242
163.796045,22,6031.807028
-130.296001,20,6031.893539
-33.569196,23,6031.992341
-39.104193,24,6032.09538
-142.083052,23,6032.192596
-15.47426,19,6032.278419
70.223073,21,6032.364226
-29.087524,20,6032.453762
-37.164768,23,6032.55511
-47.687293,39,6032.728357
-76.522963,29,6032.855459
-417.255999,71,6033.155897
-42.713443,24,6033.260445
69.43303,22,6033.355484
-136.635086,21,6033.441826
-25.1646,20,6033.538316
-1.86413,31,6033.668353
-129.019317,19,6033.748218
265.330217,22,6033.835156
58.839411,23,6033.932671
-44.078802,25,6034.03616
-29.303579,20,6034.122428
-65.142016,26,6034.236794
68.534043,21,6034.325587
-20.955243,20,6034.412865
-115.519469,18,6034.494
67.608114,22,6034.590127
-35.454259,21,6034.675632
161.621462,22,6034.772448
-159.346413,26,6034.890573
-59.350593,38,6035.052825
-123.693083,19,6035.132137
-65.233703,28,6035.276295
-128.375487,38,6035.444926
-30.471989,20,6035.529339
-153.391442,25,6035.633972
-15.994001,69,6035.922021
-27.127168,21,6036.014316
-142.576779,38,6036.175676
-144.92392,37,6036.329745
-71.494482,33,6036.469357
-23.796994,19,6036.547042
68.782317,21,6036.633848
43.862798,24,6036.740121
-179.430764,47,6036.943478
-22.910793,19,6037.021507
-35.507072,23,6037.117605
-98.893232,31,6037.247157
-79.742757,29,6037.376949
-365.389551,48,6037.581893
-90.888484,30,6037.706551
-30.337822,20,6037.788871
-42.109181,37,6037.945158
-41.392608,22,6038.041638
-126.594841,19,6038.122626
74.241295,42,6038.310508
-37.070017,22,6038.40699
-121.583257,20,6038.589078
71.685548,21,6038.677139
63.851233,22,6038.773999
49.023649,25,6038.881279
75.1909,20,6038.964784
-227.460246,48,6039.180747
-136.174183,22,6039.272546
-53.332868,25,6039.383113
-118.963795,18,6039.459054
-77.83638,29,6039.586626
-50.561603,25,6039.693972
-98.656673,33,6039.834632
-29.527033,22,6039.926459
-64.051889,42,6051.304775
-20.390988,19,6052.059951
-63.006109,28,6052.398628
-54.714912,39,6052.634265
69.948732,21,6052.757271
27.798777,27,6052.897474
-123.461748,20,6053.01151
-243.443692,37,6053.182744
-686.540286,101,6053.650495
-182.996552,28,6053.778997
-8.321494,18,6053.862483
-279.844024,41,6054.163822
-34.563578,22,6054.280961
-76.156243,26,6054.520892
-336.302379,60,6054.84064
73.162914,20,6054.935007
-141.935879,39,6055.110241
-182.816962,30,6055.261058
-158.10948,25,6055.374803
-238.59862,55,6055.646283
-125.254555,19,6055.750309
-109.104457,35,6056.020151
-227.082787,44,6056.280773
-129.689542,21,6056.411175
-29.984229,21,6056.523554
64.289148,22,6056.636776
-150.794243,24,6056.821679
75.37618,20,6056.913854
-128.304702,19,6057.009196
-26.403226,20,6057.115278
231.668375,26,6057.241813
-126.901047,35,6057.408888
-210.201804,33,6057.556514
-117.821843,34,6057.707892
-75.942368,43,6057.914921
-29.991739,22,6058.114737
-34.333744,21,6058.243726
-26.711986,19,6058.381356
-138.041784,37,6058.673063
-29.160459,22,6058.787386
-99.004229,33,6058.929756
-42.858619,25,6059.039195
-21.929691,19,6059.124058
-226.124916,38,6059.300883
-30.789732,20,6059.398815
60.174942,45,6059.620941
47.06068,24,6059.743548
-132.782622,23,6059.855316
-61.598506,26,6060.060353
-247.116692,37,6060.256734
-29.59133,20,6060.41291
75.994231,20,6060.582388
69.655657,20,6060.68293
7.819743,31,6060.835337
70.081583,21,6060.939116
-182.277893,28,6061.081208
141.384878,26,6061.195709
-42.389434,24,6061.29611
-60.018949,41,6061.466657
16.152886,30,6061.594897
-77.375904,41,6061.780131
72.097911,39,6061.942983
68.50127,22,6062.124119
-72.336657,29,6062.253524
-191.423729,29,6062.38145
-60.740514,28,6062.499826
-41.031627,22,6062.593499
-62.506377,27,6062.705956
-59.352054,27,6062.82492
-256.994954,37,6069.743108
-28.344217,20,6069.854599
-31.345851,22,6069.95388
37.017623,27,6070.070365
-61.917732,37,6070.238452
-27.147102,20,6070.325148
-127.837962,36,6070.475092
-29.576775,20,6070.558511
-119.145995,19,6070.636494
-118.947977,18,6070.713201
-24.672875,19,6070.798704
58.606898,24,6070.911016
-10.338114,33,6071.048749
78.768001,21,6071.135616
-21.23237,19,6071.217111
-147.472997,25,6071.320371
-262.462775,37,6071.475288
-37.856286,23,6071.575654
67.888133,21,6071.659201
-137.166344,22,6071.757748
-30.434206,21,6071.846886
-24.820145,20,6071.932327
-47.174744,25,6072.038622
-84.107021,31,6072.172034
-22.275418,19,6072.253798
-27.173521,22,6072.345385
-121.375128,19,6072.426088
-25.262431,20,6072.509591
45.173323,24,6072.612732
-94.608332,32,6072.756015
71.101221,20,6072.939471
-297.822443,45,6073.130535
-22.065525,19,6073.215563
-33.493924,22,6073.310708
-24.329219,19,6073.389378
-59.147516,37,6073.540251
-31.734284,21,6073.629505
-118.652792,36,6073.798146
-78.070185,29,6073.922949
-25.500438,20,6074.008423
-25.478381,20,6074.099861
-139.622093,21,6074.187329
56.423093,23,6074.289152
-121.2367,21,6074.380157
-25.556773,20,6074.463475
-231.020897,74,6074.78113
-34.130958,23,6074.878971
-122.396364,34,6075.027287
-242.930072,37,6075.184701
40.500108,29,6075.308331
40.128116,27,6075.427748
66.569653,22,6075.52343
70.78591,21,6075.610126
-185.34268,32,6075.749667
-62.522641,28,6075.868905
-124.139446,19,6075.955223
-41.243094,22,6076.053044
44.270724,26,6076.164366
150.610284,23,6076.263344
-57.34832,37,6076.417966
329.070346,26,6076.542449
-185.786985,29,6076.670428
-31.313357,20,6076.794287
-85.30779,59,6077.104827
-258.882138,37,6077.260446
-63.412927,29,6077.384375
-29.378858,20,6077.472313
-17.950573,20,6077.553704
-46.517242,24,6077.653564
-23.249667,20,6077.738753
-241.492321,37,6077.901104
-153.839427,35,6078.05118
-144.253661,37,6078.210157
154.720103,24,6078.317502
-32.367129,22,6078.455605
-26.827561,20,6078.559362
-20.281521,19,6078.661102
49.110684,24,6078.801563
42.791428,26,6087.487373
-23.202613,19,6087.592572
-29.332207,21,6087.687014
-119.941379,18,6087.766686
-132.49377,20,6087.844822
63.264269,23,6087.942888
-147.069698,26,6088.052841
39.276719,28,6088.173318
-26.352589,20,6088.254757
57.236469,22,6088.35294
55.761776,24,6088.456336
-25.31021,19,6088.539771
-154.782295,37,6088.698392
-105.277362,33,6088.837596
-139.002514,37,6088.991851
-22.742195,19,6089.073051
69.9138,21,6089.160854
162.576781,26,6089.270648
-187.431059,43,6089.461156
-58.012805,52,6089.693992
-180.792271,30,6089.829918
-45.076349,25,6089.941074
67.414411,21,6090.040184
-137.611739,37,6090.205853
-675.240123,101,6090.624514
-22.556372,21,6090.709051
-48.215835,37,6090.864426
-26.450668,19,6090.942684
-172.91872,43,6091.123792
64.234325,21,6091.210901
70.291456,21,6091.314526
-137.616257,23,6091.41398
34.442897,28,6091.531875
-172.011228,29,6091.659801
-46.59242,24,6091.768484
-146.560327,37,6091.919825
-159.313473,39,6092.080432
-337.262154,64,6092.358933
-124.254105,19,6092.444313
-139.113467,37,6092.606645
-145.817003,23,6092.70006
-63.25532,28,6092.823077
-29.320033,21,6092.917785
-226.73602,34,6093.058682
-90.970294,31,6093.189376
-272.588372,41,6093.365634
-35.010646,22,6093.46147
-41.366713,36,6093.612027
-28.364171,21,6093.702657
-28.918665,20,6093.787103
-128.100754,20,6093.870669
187.594858,20,6093.958585
-22.743462,19,6094.045402
-255.908008,39,6094.218843
-128.255272,20,6094.301581
134.502886,31,6094.431576
-28.196955,22,6094.526567
-24.782604,33,6094.66291
-113.045646,19,6094.749652
-616.926789,101,6095.281045
-24.837791,20,6095.373779
-20.17809,21,6095.464861
-31.026392,21,6095.553657
164.963318,22,6095.645976
-26.339485,35,6095.791289
-151.128055,25,6095.901773
104.970356,26,6096.018207
-54.02832,23,6096.118546
-19.968228,19,6096.201002
-244.584741,37,6106.496764
70.127577,21,6106.644719
-204.475595,46,6106.973585
-80.433774,30,6107.096982
-147.902129,37,6107.259874
-122.373843,19,6107.339663
-129.991161,21,6107.42439
-146.622568,24,6107.530839
-250.35469,38,6107.696351
64.801978,22,6107.793517
66.155596,21,6107.889504
-115.733918,20,6107.975718
-27.174869,20,6108.057822
-173.816879,27,6108.175125
67.163099,22,6108.267125
-132.553639,21,6108.362572
-132.656469,20,6108.449615
71.067283,21,6108.540832
-251.720667,52,6108.769306
-25.929744,20,6108.86433
37.821985,27,6108.987666
165.678937,22,6109.078531
-30.009476,20,6109.16022
-129.114825,20,6109.24882
-28.035784,20,6109.335117
-26.639458,20,6109.422155
165.445682,23,6109.562351
-111.410916,36,6109.767331
-29.79991,20,6109.847691
-49.990921,25,6109.955681
-128.410176,19,6110.03896
50.377093,24,6110.143314
-151.181715,37,6110.302712
-26.21992,20,6110.381164
-51.237284,25,6110.485916
-20.076001,19,6110.570131
-44.901272,26,6110.673718
-44.102243,23,6110.77254
-27.497495,20,6110.852857
-32.564504,36,6111.002314
-61.800651,27,6111.12047
-146.206284,52,6111.328302
-30.463766,21,6111.423308
165.006696,24,6111.521715
-58.79623,37,6111.679205
-131.714889,20,6111.760249
-244.664929,37,6111.918884
74.436559,20,6112.002213
-48.034344,25,6112.109508
-108.420458,32,6112.25638
-97.655922,31,6112.388305
45.857274,25,6112.49689
85.572527,20,6112.580276
-87.234753,33,6112.722282
-216.383551,64,6113.002623
-47.493154,24,6113.104937
-124.654581,20,6113.186439
-30.648695,21,6113.273093
255.044072,24,6113.381139
-172.573766,42,6113.562096
48.591827,25,6113.671765
63.186863,23,6113.774646
-115.557306,35,6113.923562
-80.071806,29,6114.04833
-61.154629,27,6114.165393
-88.509841,28,6114.286728
4.526246,42,6114.462778
-179.649901,41,6114.634079
-102.93656,32,6114.7755
-133.473563,20,6114.86903
-48.627892,24,6114.974304
-129.787961,39,6115.145074
-23.626466,20,6115.225196
-52.444951,25,6115.353242
72.825179,20,6115.433186
-143.471267,22,6115.523571
30.070899,28,6125.792795
-7.13059,33,6125.964849
-167.459355,25,6126.069047
-33.518156,23,6126.164542
-64.884106,27,6126.286596
78.612053,20,6126.368353
-29.202889,20,6126.456749
-162.409667,26,6126.56752
-229.734028,46,6126.76512
123.221791,33,6126.904697
67.909005,22,6127.001556
-131.538126,41,6127.178324
-25.419121,19,6127.26054
-240.738086,67,6127.5406
-174.284164,28,6127.661666
-24.917387,19,6127.744333
-62.247769,26,6127.853736
-79.938659,30,6127.9787
-65.913796,28,6128.100849
164.4703,22,6128.194562
37.782842,26,6128.303449
-130.42543,21,6128.393307
-114.626569,19,6128.483767
-147.937221,37,6128.640302
-66.872971,26,6128.751662
10.321339,30,6128.878596
-186.248498,43,6129.068339
-426.765765,77,6129.49037
51.374372,23,6129.601202
-28.509902,21,6129.693509
-134.500211,22,6129.7877
-96.960151,32,6129.936882
-78.043255,29,6130.063079
60.33787,23,6130.163198
52.83632,24,6130.272325
7.49757,34,6130.42948
-125.55485,20,6130.513567
69.665283,20,6130.599964
-33.572055,22,6130.696742
-26.650775,21,6130.794721
45.591785,26,6130.901635
69.01782,21,6130.987734
55.709836,22,6131.08793
-9.673135,18,6131.171841
-34.453089,23,6131.265667
-13.651836,19,6131.353462
-151.775916,37,6131.51004
-230.214835,36,6131.664726
-175.556869,40,6131.841092
-589.992453,101,6132.291911
-196.807736,80,6132.636996
-159.789973,24,6132.745188
-38.731826,23,6132.843856
-42.378279,23,6132.931892
-238.545035,38,6133.098136
-138.612002,37,6133.255449
-67.394699,40,6133.429172
-512.208641,87,6134.122242
-130.254843,20,6134.210452
-111.516899,33,6134.354262
176.741967,22,6134.453262
-76.972751,29,6134.599952
70.274185,20,6134.710416
-27.949859,21,6134.803338
-45.201362,25,6134.968184
-138.913099,21,6135.079919
69.94341,20,6144.924213
88.261149,22,6145.078783
-255.72666,38,6145.257264
-542.665515,95,6145.675997
-194.63773,44,6145.863364
56.408419,24,6145.964024
-31.32022,21,6146.049327
-98.659783,33,6146.195703
-128.270236,19,6146.275474
-133.654685,36,6146.43
-27.631239,20,6146.51735
-155.578623,25,6146.649891
160.858879,25,6146.7593
-31.55054,21,6146.851676
-84.228204,99,6147.26745
-228.118202,67,6147.561226
64.696576,22,6147.660367
-93.353771,31,6147.798724
-190.223441,30,6147.919891
-140.844813,38,6148.093509
-134.241573,25,6148.198474
-143.76639,24,6148.309025
-173.910225,28,6148.426221
-27.528457,20,6148.515546
-169.012978,27,6148.628782
-20.675142,20,6148.727297
-15.744457,19,6148.816552
253.207531,24,6148.918995
-20.485891,37,6149.090932
62.811558,23,6149.187331
-36.54337,24,6149.288712
59.901178,23,6149.391868
-77.47618,30,6149.516258
-220.841187,37,6149.676475
59.468888,38,6149.831142
-32.682066,21,6149.929039
-34.631337,22,6150.025475
-145.802478,38,6150.182331
70.359173,23,6150.278602
-120.039048,18,6150.363144
-199.51662,32,6150.508074
-31.677375,20,6150.590729
-20.04801,19,6150.671329
-27.485679,19,6150.749911
-637.165762,92,6151.142765
141.810639,30,6151.948302
52.861874,24,6152.161987
-141.922841,37,6152.339402
-64.658652,25,6152.46009
204.38629,43,6152.660312
25.114519,29,6152.793859
-24.877717,20,6152.883555
-34.706025,22,6152.974892
64.946716,22,6153.070264
-78.095849,64,6153.34629
-130.61289,20,6153.428632
-21.452152,37,6153.587759
-141.519415,23,6153.688344
51.07484,26,6153.804484
-13.214073,34,6153.954735
-129.888244,19,6154.034524
74.520385,20,6154.258487
-162.292257,37,6154.425032
-27.67527,20,6154.501898
73.59262,21,6154.595455
-207.058521,33,6154.735642
226.668734,30,6164.923925
57.975416,24,6165.177215
-203.469691,52,6165.575642
63.515344,23,6165.673561
264.006078,22,6165.769734
-225.762735,48,6165.976049
204.048192,21,6166.067595
-202.378299,30,6166.197831
-154.083538,24,6166.316066
46.203036,24,6166.426742
25.919006,31,6166.561583
-141.627409,26,6166.687668
-47.348108,25,6166.840007
65.552842,21,6166.94083
-582.265332,101,6167.371678
-287.851332,45,6167.562401
-103.807243,32,6167.704229
69.059502,21,6167.801216
-43.806252,25,6167.911605
-137.69819,21,6168.001821
-33.34242,22,6168.096016
48.870265,26,6168.206706
-98.899212,39,6168.369184
-64.400315,41,6168.546874
-131.945674,20,6168.646969
-21.190872,35,6168.810346
-52.40942,39,6168.973362
-59.998499,26,6169.084255
177.548837,20,6169.166613
58.219431,22,6169.261698
-43.335697,25,6169.367633
-197.835919,44,6169.555674
-19.0615,19,6169.643426
-298.507584,47,6169.872188
-56.320662,25,6169.978569
-45.974757,24,6170.082546
-124.523027,21,6170.175652
-76.919325,31,6170.328794
48.093025,25,6170.436397
-167.051748,41,6170.616362
23.803833,28,6170.729635
-25.041924,20,6170.814559
-17.3067,39,6170.979491
-205.24035,38,6171.141825
60.389841,23,6171.243221
-130.829672,21,6171.345454
-125.549256,20,6171.430807
33.158716,27,6171.54309
-11.744716,45,6171.740827
73.611358,20,6171.835194
-24.631215,19,6171.911499
-31.809042,22,6172.009707
41.852592,27,6172.131346
-134.09463,35,6172.281348
-91.882969,32,6172.419302
-156.805997,39,6172.580492
-205.798812,33,6172.71767
-225.418565,53,6172.944256
-12.216706,54,6173.182497
-136.866962,21,6173.267279
-30.309968,21,6173.35623
-101.843421,32,6173.496878
68.120717,22,6173.589611
9.78704,29,6173.71548
133.689875,42,6173.901186
62.615876,22,6174.000985
-144.283896,36,6174.158378
-141.856865,23,6181.375981
-131.653283,20,6181.511074
-74.26091,28,6181.652027
-244.148224,37,6181.813411
-125.861483,19,6181.895346
-249.561318,37,6182.056918
-26.86673,20,6182.144186
-346.915718,50,6182.359494
-281.16496,43,6182.541986
-162.130819,40,6182.724653
-29.154252,20,6182.809992
-127.138153,19,6182.896752
-68.402373,40,6183.06171
51.230694,25,6183.161063
97.403784,32,6183.303256
-235.677345,37,6183.45928
-25.870027,20,6183.541373
180.602437,53,6183.766501
-160.222441,73,6184.119592
-33.84139,22,6184.221993
74.26119,35,6184.379406
63.887675,21,6184.472244
-128.671302,21,6184.570171
-73.885509,49,6184.808642
54.900936,23,6184.913623
-30.047012,20,6184.997194
-117.324112,19,6185.081737
-29.177049,20,6185.164304
19.429001,29,6185.294501
-24.83174,19,6185.380812
-248.033049,37,6185.548293
-26.976275,20,6185.721663
72.728246,23,6185.825555
70.310305,21,6185.921623
-129.305837,19,6185.999552
-126.012355,19,6186.08622
-26.008497,20,6186.171893
-48.089342,24,6186.272756
24.818907,29,6186.405074
-20.740731,34,6186.557353
-28.870697,23,6186.656089
-168.479097,41,6186.828611
64.208384,22,6186.926906
-125.47245,19,6187.008274
-82.238341,29,6187.348644
-125.662689,21,6187.53395
-31.672712,22,6187.652294
-22.268489,19,6187.734932
76.347921,20,6187.820022
-221.222122,48,6188.029738
71.446238,20,6188.12814
-33.620326,21,6188.218443
-22.169448,19,6188.302761
-137.767686,37,6188.457156
-35.760791,24,6188.558395
-259.280465,43,6188.762561
61.19165,22,6188.855918
200.61023,22,6188.950277
-135.876337,23,6189.051142
-99.985175,34,6189.18883
-56.631347,26,6189.297077
-30.622252,20,6189.376931
-43.367648,39,6189.540298
-108.702358,30,6189.667137
-21.353714,19,6189.7501
-66.769391,28,6189.862608
-126.655241,19,6189.944208
-44.612567,37,6190.110853
67.021031,21,6190.204836
-196.730342,30,6190.337142
-30.709546,21,6190.427325
-189.741769,43,6190.636866
-169.538043,41,6201.401726
-126.470169,20,6201.538761
-21.196524,19,6201.642397
-149.388563,25,6201.765778
-229.403645,36,6201.919834
-37.590791,39,6202.089193
-223.172479,49,6202.298965
67.712165,21,6202.393918
-20.002619,20,6202.479936
-50.246287,37,6202.631505
73.069232,20,6202.72152
-18.882381,19,6202.803209
43.595553,26,6202.911494
-124.337681,19,6202.998418
-50.381939,26,6203.109436
67.380029,22,6203.203806
-15.813263,35,6203.351641
190.333699,21,6203.440058
-39.231153,23,6203.54717
69.493643,21,6203.636786
-15.941751,20,6203.731955
-205.661061,33,6203.871964
-269.656221,39,6204.037603
-139.522738,37,6204.190575
-152.406719,24,6204.29367
-28.014286,20,6204.378736
-157.968404,31,6204.507794
74.248787,20,6204.589925
-72.446285,30,6204.713559
-14.190937,19,6204.801761
-100.697181,35,6204.972034
-132.112026,20,6205.062632
-23.640143,19,6205.145497
156.340728,24,6205.250987
64.258739,22,6205.351495
-138.731967,22,6205.442514
-40.87226,22,6205.53914
-27.875331,20,6205.624168
-124.587763,19,6205.712176
68.097222,21,6205.801355
-44.544652,22,6205.891931
73.729072,23,6205.997112
-291.018891,45,6206.189922
-227.503045,51,6206.410899
-119.970862,20,6206.498232
-27.58594,21,6206.586974
85.27387,20,6206.674135
-269.839067,38,6206.836437
17.4229,30,6206.964217
-260.060274,37,6207.136534
-141.430868,22,6207.231003
-52.922252,25,6207.339307
-65.922162,28,6207.454477
-9.610419,33,6207.590774
70.392458,21,6207.68749
78.407418,20,6207.773267
-185.234057,28,6207.890462
-139.909805,25,6207.99354
-4.256744,33,6208.132323
-14.28023,19,6208.213053
-25.198503,19,6208.300473
-149.845638,41,6208.47784
-31.539043,21,6208.570736
70.689933,21,6208.659764
69.583065,21,6208.74643
21.643701,29,6208.878372
163.094933,38,6209.045646
-162.954219,26,6209.160595
-23.139015,21,6209.248263
49.163683,23,6209.350777
170.599624,34,6209.494248
-132.168101,20,6209.582389
66.177631,21,6209.673316
-159.520596,37,6209.833386
-43.343787,23,6209.933406
-340.062738,101,6218.581428
-106.755746,44,6218.922169
-321.869067,55,6219.376392
61.236266,22,6219.603552
-165.973417,40,6219.925215
-259.571129,37,6220.251497
73.511474,20,6220.409465
-26.081947,19,6220.561055
72.624992,24,6220.677019
-138.768873,38,6220.838491
-34.061011,22,6220.929436
-62.025035,27,6221.053297
-41.566923,23,6221.154552
-38.355488,37,6221.313753
-53.570463,27,6221.433999
-575.940368,101,6221.875245
-286.923482,49,6222.095065
-435.039933,101,6222.530278
-26.746266,20,6222.615966
-234.477671,35,6222.766426
-26.545307,19,6222.846935
169.239481,21,6222.934127
-203.978037,32,6223.081012
-38.05853,23,6223.186556
-51.13961,26,6223.296939
-124.327913,32,6223.431768
-70.528555,31,6223.564201
-32.148449,21,6223.65209
-134.893632,22,6223.747285
-77.095172,40,6223.913477
72.935354,20,6223.996248
-60.737578,28,6224.121016
56.358393,22,6224.211506
21.765664,33,6224.353514
-46.28709,24,6224.453703
-43.695868,24,6224.557845
-31.757313,20,6224.646172
-138.218041,21,6224.734575
-45.228934,23,6224.832379
-127.813624,21,6224.926922
45.813971,26,6225.046906
64.735729,22,6225.137314
-47.225378,24,6225.240853
-357.695282,76,6225.571168
35.273731,29,6225.694586
258.457132,36,6225.852296
-30.749272,22,6225.946807
163.08664,22,6226.040918
-14.786542,19,6226.119631
-137.124798,21,6226.206326
-24.887402,19,6226.292323
-51.666705,24,6226.399073
-32.390443,23,6226.495946
-115.461539,18,6226.572325
-42.203673,23,6226.673898
217.157838,30,6226.826052
72.12936,20,6226.912109
-115.735911,18,6226.986383
-34.772291,23,6227.148396
-114.806657,19,6227.439712
-87.402596,32,6227.584629
59.670891,23,6227.683713
45.892115,26,6227.795058
11.326285,29,6227.914552
57.460178,23,6228.01777
-73.394482,30,6228.146673
-25.991873,20,6228.232529
64.49253,22,6228.32441
71.378257,20,6228.407008
-129.085868,19,6228.48375
-47.587717,23,6228.580044
-10.748658,19,6234.518975
-132.517754,21,6234.652863
-194.256341,31,6234.816682
168.640436,21,6234.902968
-26.781278,20,6234.988118
-34.309023,22,6235.083653
-55.609726,26,6235.194969
72.049353,20,6235.279204
185.062012,20,6235.373504
-25.96494,19,6235.457604
-42.254636,25,6235.56291
-44.042031,25,6235.667781
-158.860453,28,6235.790976
-24.9681,20,6235.870626
-124.215189,19,6235.951531
-233.081586,50,6236.170469
-38.5026,22,6236.27106
-25.920383,19,6236.363758
-202.672107,49,6236.569418
-224.751082,35,6236.718735
-24.71594,19,6236.795886
-47.426754,25,6236.902305
-127.956477,20,6236.986654
-377.383426,54,6237.213952
-134.754946,21,6237.310891
15.692334,31,6237.445204
-26.490062,19,6237.527602
33.949417,41,6237.706023
69.810209,21,6237.797021
-24.016786,20,6237.885019
-125.204941,19,6237.966184
-42.845228,22,6238.058167
51.464766,25,6238.16556
69.945758,20,6238.248615
-337.705585,50,6238.46036
-93.861013,32,6238.592604
-340.158967,76,6238.917138
-145.597724,24,6239.018029
55.74791,22,6239.191815
-195.457489,30,6239.325697
-128.140002,19,6239.409463
48.559897,26,6239.526065
-93.013787,31,6239.670197
-27.859077,21,6239.830479
-160.341278,38,6239.987493
-18.072293,20,6240.0734
-29.10915,20,6240.160269
-49.126652,26,6240.271265
-233.759286,35,6240.430093
-81.238626,44,6240.617636
-67.289519,41,6240.781187
75.190205,23,6240.877887
-554.872661,83,6241.241329
51.740192,25,6241.348543
-560.081108,97,6241.761511
-29.575355,20,6241.851578
-118.684208,18,6241.930972
-268.024357,39,6242.10243
-252.203546,39,6242.266672
-140.255083,21,6242.358196
-147.340931,26,6242.47294
-160.9623,25,6242.577593
-29.669413,20,6242.662766
-310.56919,44,6242.852827
-615.729313,101,6243.293329
-136.076862,21,6243.386217
-129.819594,20,6243.472986
-33.002881,22,6251.688125
-109.400346,38,6251.913394
62.077666,22,6252.012994
58.436754,23,6252.111027
-135.562506,21,6252.20004
-45.868008,24,6252.305246
-136.380907,21,6252.399352
36.399745,27,6252.514951
-39.865828,23,6252.61233
-56.854833,26,6252.726301
261.055059,25,6252.831805
-10.256777,35,6252.984336
-144.794547,36,6253.136645
-127.527363,21,6253.230001
-38.052989,25,6253.336464
-127.969149,19,6253.418679
-149.15398,23,6253.521482
-28.284573,21,6253.608504
-41.842786,37,6253.773885
-23.239643,22,6253.865792
66.409989,22,6253.959457
67.239083,21,6254.047561
-359.623761,52,6254.268585
-53.876898,28,6254.386991
25.383859,29,6254.51116
-35.178323,42,6254.695306
-143.519386,37,6254.856671
-36.062758,22,6254.947519
-77.04252,30,6255.077814
-29.142882,21,6255.164073
-111.508412,19,6255.248813
-131.780081,20,6255.33806
-25.274935,20,6255.426009
-129.708323,35,6255.580387
-27.910776,20,6255.662752
-590.419804,81,6256.008638
-52.829301,25,6256.114532
39.605855,27,6256.232997
57.444024,23,6256.333064
-33.527109,21,6256.420815
66.314643,21,6256.517714
62.216611,22,6256.611541
-130.877617,42,6256.796173
-36.663513,23,6256.892936
-160.739042,27,6257.014191
-109.140295,33,6257.159401
-79.252203,31,6257.293068
41.163548,27,6257.409077
-177.201455,28,6257.527731
-49.172609,25,6257.638662
-135.476381,22,6257.726535
-94.281039,31,6257.878073
-28.937213,23,6257.976847
44.261121,27,6258.090863
-141.321018,42,6258.269163
-36.190585,36,6258.421831
-89.666366,62,6258.713599
-422.477701,74,6259.058531
73.381889,20,6259.15405
-30.480644,21,6259.24686
-278.606994,47,6259.465032
61.934116,35,6259.624223
-49.403327,25,6259.749625
188.225507,23,6259.846395
-259.3846,58,6260.110366
-258.670412,37,6260.272932
-144.56788,22,6260.371981
73.372469,21,6260.460936
-617.626012,100,6267.516757
-31.685152,20,6267.607025
-25.810755,19,6267.801487
-114.120553,36,6267.957195
66.432713,22,6268.046243
67.546664,21,6268.139709
67.165728,21,6268.236331
-125.185204,19,6268.318174
-359.404378,54,6268.540513
-170.092709,56,6268.783387
68.374509,21,6268.86889
-50.06245,23,6268.964527
-27.152209,21,6269.048691
-25.643119,19,6269.131075
3.794941,49,6269.334474
-39.338478,24,6269.441908
-128.753919,20,6269.521511
72.257229,20,6269.604873
171.863371,23,6269.704929
73.860403,20,6269.798852
4.487407,48,6270.012494
35.269763,27,6270.127371
-135.127771,23,6270.228045
-26.40788,20,6270.320998
-32.560665,20,6270.41327
-384.581247,69,6270.705174
68.559461,21,6270.795395
-145.008751,25,6270.902351
-74.392951,28,6271.02342
-118.477161,38,6271.182108
-41.999832,23,6271.282013
-112.147468,35,6271.43177
-180.571283,42,6271.61167
-27.298646,20,6271.700297
-550.45458,101,6272.134657
-28.43397,20,6272.217933
-52.298673,24,6272.323541
-573.010997,89,6272.709831
-559.698099,87,6273.088905
-137.373675,23,6273.182797
-38.365426,37,6273.340614
69.916512,20,6273.431121
-294.650993,44,6273.613141
-135.158146,23,6273.709671
-31.724262,22,6273.80077
-9.631431,18,6273.87558
73.863053,21,6273.965577
-30.562887,22,6274.060723
-188.419374,30,6274.193625
-32.223927,21,6274.289025
66.197461,22,6274.387509
-253.845614,37,6274.539499
-22.627866,19,6274.622574
-35.820647,22,6274.758943
-120.414402,19,6274.866228
-44.096414,22,6275.007272
-131.919965,20,6275.174709
-31.564274,21,6275.395354
36.198077,27,6275.676
-54.446993,26,6275.924328
151.404654,24,6276.143356
-125.271609,19,6276.306323
78.864123,19,6276.468344
-100.839198,31,6276.757524
199.13889,20,6276.954167
-126.372826,19,6277.17132
-32.26932,21,6277.397532
-188.795636,44,6277.802186
151.682185,24,6277.960269
-242.259887,38,6286.766631
-142.457762,24,6286.882477
-280.843218,42,6287.068929
-159.540428,25,6287.179716
-96.434005,29,6287.301549
-484.534852,84,6287.671393
-29.668358,20,6287.751988
-226.324614,35,6287.909213
66.727236,21,6287.99641
70.753848,21,6288.089064
-127.784634,34,6288.225705
43.412082,26,6288.331445
-29.680466,21,6288.422969
-139.226649,23,6288.518637
-33.200831,21,6288.60539
-143.453129,23,6288.705111
-22.086672,19,6288.793217
4.820699,34,6288.932672
-164.005647,37,6289.092257
-134.295639,22,6289.188682
-126.317026,19,6289.27515
32.743075,63,6289.54699
-151.436871,24,6289.654186
-57.006462,39,6289.818038
-253.24281,37,6289.980502
-84.234333,42,6290.161154
23.780802,27,6290.274426
-48.049012,26,6290.399508
-132.597617,20,6290.483694
-114.1724,34,6290.630809
-31.551447,20,6290.713684
-23.875802,20,6290.796797
-34.512954,21,6290.882514
66.61803,22,6290.975695
-1.89258,39,6291.135724
-212.207004,51,6291.351271
-224.629287,49,6291.555877
-28.434462,20,6291.71922
-202.124045,29,6291.843296
-61.117513,27,6291.964702
-121.518106,19,6292.055407
-276.410904,57,6292.297433
-232.334081,35,6292.444297
-23.720207,19,6292.525235
-48.186815,26,6292.648814
-23.450916,19,6292.729073
74.820425,20,6292.812412
-247.61395,37,6292.978872
238.391711,27,6293.088827
-196.141816,52,6293.307675
-151.59469,38,6293.465022
-38.064024,22,6293.557001
-28.674851,20,6293.639631
-42.925382,23,6293.745905
-50.983791,27,6293.866849
-23.864222,20,6293.954399
145.201245,24,6294.056296
-90.485742,44,6294.242021
-19.253599,20,6294.328
-72.38181,27,6294.444157
-27.374129,20,6294.52979
-244.112421,37,6294.695649
-31.96674,21,6294.784745
-39.066577,24,6294.890397
-159.661642,26,6295.012878
-35.662764,22,6295.421701
160.304076,25,6295.573552
2.47475,32,6295.712499
-293.223955,42,6304.315571
-379.213915,70,6304.683188
-57.619732,26,6304.792175
58.413673,23,6304.890759
-47.824634,24,6304.990633
80.244415,38,6305.157104
-30.077259,20,6305.255307
-145.47419,23,6305.351741
-109.952871,34,6305.504375
13.8354,30,6305.629078
-162.274754,60,6305.884204
49.1842,42,6306.060467
-175.411126,30,6306.182298
77.134394,41,6306.352583
-73.27159,28,6306.470946
-208.108466,42,6306.652584
52.489279,24,6306.75348
-21.051695,19,6306.830878
-35.083827,22,6306.925417
-31.103699,20,6307.016021
-125.431757,19,6307.096638
-62.208148,26,6307.20498
-63.950211,27,6307.327706
-26.493164,19,6307.407901
-285.178582,42,6307.597087
-329.888655,49,6307.813446
34.859663,27,6307.928331
-23.165096,19,6308.012035
-27.563275,20,6308.0993
144.832705,24,6308.200246
-31.356678,21,6308.287167
-33.517742,21,6308.378633
56.867571,23,6308.475041
-240.662959,37,6308.632857
-656.464855,101,6309.057048
-26.146777,35,6309.21059
-352.986313,55,6309.447661
-89.475452,29,6309.577256
-261.9798,39,6309.733977
-45.79947,22,6309.821972
-104.613125,32,6309.95317
-35.15198,22,6310.045112
-203.704608,32,6310.182233
-28.202915,20,6310.27246
55.504972,24,6310.377007
-224.756233,38,6310.541349
-19.937583,21,6310.630098
-73.11984,28,6310.754488
-38.480187,23,6310.850733
-47.338465,25,6310.958984
-33.392217,22,6311.050717
-359.254323,63,6311.318206
-27.124902,22,6311.411052
-26.337459,19,6311.491442
54.952977,24,6311.589398
-26.125099,19,6311.662676
-140.958116,23,6311.759141
186.253105,27,6311.878046
-460.592106,94,6312.508109
-24.62713,19,6312.620596
-646.848567,101,6313.071786
-126.848565,21,6313.163425
-136.51915,22,6313.265013
62.664402,24,6313.366207
-346.462276,58,6321.001646
-143.730658,22,6321.100268
-68.67502,27,6321.211729
-28.177287,22,6321.30366
-33.630081,21,6321.402026
72.988903,20,6321.490312
40.231807,27,6321.717271
-149.922465,23,6321.824434
-144.673475,37,6321.986817
-42.801944,22,6322.082822
36.839064,27,6322.197228
-133.04594,35,6322.345758
74.106282,20,6322.43682
-37.407101,22,6322.531498
-148.536418,37,6322.695747
-54.305705,25,6322.80252
-313.452842,45,6322.999046
-257.392547,37,6323.158663
-154.820864,37,6323.325382
-22.574617,19,6323.405737
-76.748846,41,6323.590482
-44.510032,22,6323.682997
159.32908,23,6323.789424
-124.553095,19,6323.871354
164.383862,62,6324.14014
-26.860464,20,6324.227851
-32.807231,24,6324.327062
-256.454803,38,6324.49495
-35.13056,37,6324.65382
60.923909,43,6324.833938
-227.932883,39,6325.00461
187.86515,22,6325.10311
-312.658957,61,6325.363391
-208.721198,46,6325.574742
-42.585977,22,6325.674522
-24.632975,19,6325.759416
-11.628225,34,6325.903609
-13.843755,19,6325.987647
-131.537487,20,6326.070858
-134.465158,22,6326.165801
-163.194324,37,6326.327007
-96.234475,38,6326.487766
66.771861,23,6326.588152
-22.988902,19,6326.665621
70.533608,21,6326.756598
170.717625,23,6326.859801
-40.365607,23,6326.958072
-246.279539,53,6327.238824
58.349581,22,6327.370929
-158.972334,26,6327.544335
-25.650725,19,6327.710048
-223.131998,35,6328.021444
-67.254682,39,6328.42767
-154.212053,23,6328.65907
-248.47592,37,6329.030962
47.016696,25,6329.30549
-80.940925,50,6330.473255
-202.273919,45,6331.045657
-279.665355,44,6331.517839
-4.216988,33,6331.907898
-189.058318,31,6332.105907
-126.370133,21,6332.234056
-86.461796,30,6332.412785
-166.994118,27,6332.555668
-232.966141,35,6332.751725
-22.464485,20,6332.859843
-160.242023,40,6333.051356
-118.73285,19,6340.678744
69.238758,24,6340.834699
-57.490924,24,6340.949086
-191.998864,30,6341.08547
-197.749142,50,6341.536135
-155.055013,39,6341.719751
-28.661599,22,6341.814102
-141.588824,37,6341.992257
-44.635542,22,6342.10841
53.532513,24,6342.2284
-28.012715,20,6342.326532
-258.917158,37,6342.517044
-317.713784,48,6342.750845
-130.440214,21,6342.863863
-60.590587,24,6342.988476
-38.581492,21,6343.088331
-124.865017,19,6343.185646
-263.026958,37,6343.368097
68.862544,21,6343.469874
-231.59233,49,6343.699732
-109.456062,31,6343.834693
-11.510204,34,6343.992933
-544.941116,89,6344.428261
162.997491,22,6344.53321
-233.104262,37,6344.704049
162.971334,22,6344.817127
47.982984,25,6344.929477
71.333309,21,6345.037559
-74.823804,30,6345.256054
32.875313,27,6345.392154
-34.376068,36,6345.555663
73.852834,21,6345.646857
71.175145,30,6345.851894
74.416331,20,6345.992124
-134.997524,22,6346.141497
-176.193512,29,6346.306096
-246.092971,38,6346.50913
52.926617,24,6346.648555
73.698999,20,6347.161709
-242.820627,37,6347.39252
171.290933,21,6347.487352
-285.426117,42,6347.816292
-182.468476,29,6351.044474
-25.367001,21,6352.286671
-69.809239,28,6352.5073
-201.053248,34,6352.747409
-240.98944,37,6352.965101
139.431145,39,6353.164541
75.61804,23,6353.279892
-61.486804,25,6353.398813
-50.844899,37,6353.56974
-20.58645,20,6353.695447
-90.288365,32,6353.962172
77.376664,20,6354.100949
-155.8879,26,6354.373596
-28.128779,20,6354.623543
148.692013,26,6354.899718
73.398307,22,6355.134981
-137.462833,23,6355.405632
39.486364,27,6355.598586
-261.906474,56,6356.209748
73.162022,20,6356.336194
7.205375,32,6356.508457
-255.983644,37,6356.695292
-263.548025,37,6356.856203
-46.604002,23,6356.956027
-31.090268,22,6357.04383
-120.621597,19,6357.120847
-413.053509,60,6363.729472
-29.61855,21,6363.85139
-24.623877,19,6363.942218
-173.421653,41,6364.107797
-58.391197,37,6364.265596
-222.603683,35,6364.418236
-24.010424,19,6364.498997
-58.500199,27,6364.610364
-70.306465,28,6364.72865
-263.974055,37,6364.877169
-427.199458,70,6365.158514
-186.646586,28,6365.275503
-99.471373,31,6365.407539
-120.205151,20,6365.495146
-47.949243,24,6365.598685
-23.304287,34,6365.746137
72.488588,20,6365.826874
-126.055818,19,6365.90319
39.845339,26,6366.011417
-18.288386,35,6366.15636
-21.027371,20,6366.231019
-47.862235,24,6366.336288
-291.400193,45,6366.529841
-27.674737,20,6366.6174
-259.866422,37,6366.764852
-223.219954,34,6366.904873
-102.58678,32,6367.034978
-210.309474,34,6367.173675
127.490995,32,6367.310498
-121.756253,38,6367.469857
120.429621,29,6367.584234
68.825764,22,6367.67579
-33.735065,21,6367.756916
64.61557,21,6367.840169
-201.673233,32,6367.969694
65.753789,22,6368.055872
-582.799024,101,6368.4712
-7.961921,18,6368.546295
-31.759387,21,6368.628535
-20.168922,20,6368.71286
-219.446509,33,6368.852973
-280.757641,43,6369.032623
-329.232285,67,6369.319757
-44.69879,25,6369.421805
89.636825,38,6369.584732
-43.602129,24,6369.681643
-93.402551,34,6369.822082
242.787276,28,6369.943331
-178.882893,43,6370.120932
-173.384289,29,6370.241404
-127.120652,19,6370.321757
-109.502487,31,6370.46002
-43.069013,24,6370.563465
-54.806297,25,6370.700337
-14.547421,19,6370.782164
70.886134,22,6370.871632
-123.021463,35,6371.018169
-25.229263,21,6371.102644
192.332556,19,6371.179032
-128.146713,19,6371.257282
-22.973359,20,6371.341297
-23.856358,19,6371.424659
-284.28061,43,6371.597089
-33.81874,21,6371.686093
159.371356,29,6371.808315
-119.329193,34,6371.946196
-20.82233,20,6372.029723
-261.522558,37,6372.195092
-32.070266,20,6372.27482
91.152389,18,6379.563066
-29.569231,20,6379.671507
-25.825519,20,6379.760059
-69.417688,26,6379.862866
63.722582,22,6379.951804
-366.795556,59,6380.204373
-269.538396,55,6380.435848
34.224821,27,6380.547944
43.146277,24,6380.654412
-68.813206,28,6380.862459
-37.206532,36,6381.013753
-9.839912,18,6381.093765
-21.508135,20,6381.177559
-30.337963,21,6381.263294
12.657031,30,6381.387157
71.799339,21,6381.473475
80.267511,19,6381.555168
-294.735947,52,6381.792813
-132.047629,22,6381.90672
-23.237914,20,6381.996616
-113.839652,19,6382.073581
-125.311382,19,6382.152658
-29.354205,20,6382.234688
-131.547696,37,6382.393083
-131.752273,21,6382.479025
68.063027,21,6382.577399
-129.341157,20,6382.66324
71.269987,21,6382.748808
-203.348176,33,6382.889732
46.345461,26,6382.995323
-181.787655,29,6383.112573
-289.42307,39,6383.273128
187.682747,20,6383.363268
-36.899001,23,6383.458302
-42.01303,23,6383.553108
-41.424841,22,6383.639003
68.521884,21,6383.724488
-128.648823,21,6383.807788
-96.644699,45,6383.987153
-28.794342,20,6384.067342
-251.968918,37,6384.230089
189.839928,21,6384.317748
-194.863808,33,6384.448172
-41.186625,37,6384.60827
-290.055986,43,6384.787507
-39.155746,22,6384.878905
-29.35975,20,6384.958849
-24.923582,20,6385.037927
67.290007,21,6385.121996
-34.24497,21,6385.202636
-78.177769,30,6385.327035
-29.296941,20,6385.406835
-36.707635,23,6385.507107
-23.401426,19,6385.58526
140.722306,30,6385.713272
-22.91887,19,6385.791753
-154.609014,39,6385.954785
-206.088497,65,6386.231141
-32.143167,23,6386.391078
-124.216387,21,6386.509998
-14.363424,19,6386.612881
-206.714902,47,6386.997229
-27.505272,20,6387.131103
-125.391898,19,6387.285597
-125.425482,19,6387.451553
-124.359796,33,6387.816897
-182.141555,31,6388.160017
-127.187452,19,6388.364562
64.333539,22,6388.636424
-180.323551,41,6389.144082
-176.01724,30,6389.476318
-174.972879,32,6389.811733
-25.83455,20,6390.017057
-163.212751,41,6390.396685
-117.853574,34,6398.053912
-133.852932,20,6398.194855
-32.605535,36,6398.373096
-31.47979,21,6398.461675
-23.022769,19,6398.538402
164.927952,22,6398.626742
-257.956223,90,6399.014669
-27.999843,21,6399.098783
-29.549103,20,6399.178684
-111.529843,36,6399.340036
-250.374555,39,6399.509676
-32.637362,21,6399.594373
61.92898,22,6399.687452
-131.91656,22,6399.778241
-171.791409,27,6399.892119
73.719387,21,6399.976515
-128.581559,19,6400.053371
2.609797,32,6400.189006
-37.72444,24,6400.287679
-172.308003,40,6400.462413
-130.600182,34,6400.600803
-30.0478,35,6400.764735
240.948386,40,6400.96901
-38.177362,21,6401.0618
-120.110975,18,6401.140833
-9.816642,43,6401.316857
-29.566235,21,6401.403167
66.64694,22,6401.493631
24.479641,31,6401.619585
390.551997,42,6401.793485
-103.564037,35,6401.940342
-280.336989,42,6402.116762
-44.985876,40,6402.295823
59.367789,23,6402.390525
-138.65732,25,6402.492126
30.277468,28,6402.604414
-205.115249,33,6402.759521
65.991626,22,6402.848982
-144.251897,23,6402.943723
-744.254549,101,6403.368352
-129.062208,35,6403.532919
-157.154686,37,6403.711968
65.379353,22,6403.803885
-25.591449,20,6403.890024
-73.865813,29,6404.094019
-23.968038,19,6404.168158
71.067381,21,6404.257179
200.755229,25,6404.368161
-128.116312,19,6404.447045
-23.330083,20,6404.528992
-37.949981,23,6404.623846
-204.455297,58,6404.873329
-106.515149,31,6405.003265
64.970937,23,6405.099042
-520.866459,92,6405.490621
-87.565315,32,6405.623712
-31.070268,20,6405.709098
-18.103402,19,6405.786782
-18.59937,19,6405.864862
-158.726195,39,6406.022768
-81.343475,29,6406.140838
31.658956,44,6406.324861
-26.631393,19,6406.401494
-122.399407,19,6406.480986
-150.973583,38,6406.651891
66.904259,22,6406.7914
-18.705889,18,6406.871274
-139.006753,22,6406.983555
35.351726,27,6415.234569
-137.180748,22,6415.351937
-66.32988,26,6415.46921
-158.711561,37,6415.618466
74.764,23,6415.71323
-29.997462,20,6415.792044
-19.53927,20,6415.873788
41.026845,66,6416.145037
-118.806749,36,6416.304028
19.817656,29,6416.425229
-99.727962,33,6416.558549
-153.506835,24,6416.653919
-25.648743,21,6416.750304
40.361265,26,6416.870671
-216.868795,34,6417.01059
-231.10696,38,6417.160932
-175.635895,41,6417.334093
66.653115,22,6417.426338
-157.528552,26,6417.538107
62.453857,22,6417.624751
-9.926243,54,6417.858555
-114.12113,47,6418.052713
-121.696468,21,6418.137927
-85.443997,29,6418.265201
-26.987519,20,6418.350961
-305.010891,44,6418.564561
-15.354017,18,6418.639376
-30.06313,21,6418.726509
63.228938,22,6418.81984
-36.559648,22,6418.907381
-136.735592,63,6419.175914
-166.283792,29,6419.290662
-95.388317,30,6419.408053
-59.790048,37,6419.562204
-28.070566,21,6419.645104
-21.394047,19,6419.721308
-35.801587,21,6419.808921
175.797753,22,6419.900824
-48.516007,22,6419.993212
-246.644985,100,6420.394175
63.787458,22,6420.502198
-21.610418,19,6420.585382
-54.654869,25,6420.696858
125.662531,29,6420.820605
64.64112,25,6420.925888
37.944965,27,6421.035278
-137.901801,22,6421.122819
-30.934553,21,6421.204657
-29.494804,21,6421.289204
-27.230127,20,6421.370784
-123.199816,20,6421.458378
-156.246494,24,6421.555839
72.22172,20,6421.63854
-29.103507,20,6421.722355
-217.48201,36,6421.876661
-238.429454,37,6422.028421
-27.86185,21,6422.114166
-110.264532,34,6422.256356
-128.412619,21,6422.338969
-270.208063,40,6422.504645
-125.632707,20,6422.584799
-25.45057,20,6422.670665
-119.178729,18,6422.743132
-20.593301,19,6422.820999
-556.635375,101,6423.234089
-206.937896,31,6423.358832
63.393675,22,6423.445754
-125.798943,34,6423.589859
-133.274003,20,6423.671393
-54.949015,25,6431.304904
-122.957837,20,6431.428559
-21.323885,19,6431.521449
47.099721,42,6431.703244
-532.670226,101,6432.112825
-80.768756,31,6432.240263
-35.650147,21,6432.325611
-45.50232,24,6432.423654
6.548218,75,6432.741611
245.817292,26,6432.850013
-29.771627,21,6433.056958
-126.128526,19,6433.131975
67.184081,21,6433.224086
-144.546517,22,6433.318445
4.90207,32,6433.455819
-57.258905,27,6433.582338
-85.370343,30,6433.707839
45.306311,26,6433.819814
157.509642,23,6433.914126
-238.242083,37,6434.061967
-230.488543,35,6434.215888
-53.683764,25,6434.318076
-20.708352,19,6434.400267
70.543214,21,6434.487149
37.029439,27,6434.594147
53.332321,28,6434.713586
56.121848,25,6434.814475
-188.442726,30,6434.944079
-158.377386,37,6435.097694
134.462914,46,6435.315437
-140.369754,77,6435.648397
-275.194493,43,6435.82922
-142.742029,22,6435.922533
-24.617253,20,6436.005179
251.356452,23,6436.101282
-126.050596,39,6436.262669
-112.962778,33,6436.412168
-74.324026,42,6436.585774
72.070227,20,6436.674545
-26.227126,19,6436.756395
-63.174742,37,6436.919544
-282.96354,41,6437.085845
-92.541928,31,6437.218733
-59.188396,27,6437.328454
-259.114912,37,6437.480658
-76.988902,59,6437.740576
-31.251757,20,6437.820686
6.923061,32,6437.969564
69.936304,20,6438.081763
-23.399523,20,6438.172801
-171.475212,29,6438.352949
0.837106,31,6438.595523
-268.667943,44,6439.720857
-120.771407,41,6440.269119
-121.541083,18,6440.473948
-125.415333,19,6440.656999
-178.223813,30,6440.962876
62.542919,22,6441.171625
168.027444,24,6441.438387
143.349105,28,6441.846973
-25.845243,20,6442.154491
69.380304,21,6442.450279
67.225518,21,6442.705816
-40.968109,23,6442.964266
-5.142432,33,6443.342586
-133.151268,20,6443.592832
-115.676675,46,6453.097075
-27.727129,20,6453.234071
82.69792,22,6453.343371
62.568064,22,6453.452941
55.136516,22,6453.551868
-191.444574,43,6453.72728
-151.374833,38,6453.877771
-27.525366,20,6453.954919
38.56098,26,6454.060537
-132.192383,20,6454.145655
65.441949,21,6454.233703
180.941447,46,6454.42004
-36.804677,37,6454.580675
-31.651933,22,6454.677501
-32.594548,38,6454.834633
-264.956855,55,6455.069246
-133.277151,36,6455.232562
-28.883567,21,6455.324125
-175.163072,27,6455.434643
-91.032327,31,6455.586211
-22.963693,19,6455.662166
-111.377248,36,6455.823738
-295.430869,44,6455.997077
70.768753,23,6456.098016
-145.588159,23,6456.188508
-30.873949,20,6456.269432
-47.761148,24,6456.37295
-144.34234,22,6456.457845
3.61589,40,6456.627131
49.203448,23,6456.733608
-25.554618,20,6456.858694
43.080941,24,6457.038044
61.654252,23,6457.140258
-465.357117,78,6457.46391
-131.729839,20,6457.548469
17.417799,30,6457.672886
168.338997,21,6457.75666
72.435569,36,6457.908011
-172.079204,30,6458.033153
-164.583235,39,6458.187545
49.49514,23,6458.280173
-131.315815,35,6458.421302
-145.01866,37,6458.580132
-33.531471,22,6458.671348
97.409656,37,6458.821877
-122.754199,19,6458.898486
71.70046,20,6458.984562
-136.540769,21,6459.075376
57.38525,23,6459.166886
-40.438808,24,6459.267463
-215.887864,36,6459.525027
-22.897698,19,6459.604597
210.81973,31,6459.750092
-44.490622,22,6459.842278
-32.105013,21,6459.934128
-127.790182,19,6460.012506
-36.419727,21,6460.108198
-136.562824,22,6460.20145
161.985169,25,6460.304012
-115.597509,35,6460.454984
-281.469512,43,6460.64465
43.902568,26,6460.758632
-153.954462,23,6460.868198
-171.531732,41,6461.043603
-20.0769,19,6461.135866
18.424409,30,6461.264719
-47.462539,24,6461.368216
43.182083,26,6461.475675
31.125826,29,6461.597625
-247.707513,37,6461.757523
-25.115768,20,6461.840141
172.241878,23,6461.935389
81.261581,39,6471.076319
69.263874,21,6471.202759
-15.272822,19,6471.290056
188.758103,20,6471.372638
12.061292,28,6471.49385
-97.593838,30,6471.616014
68.621979,21,6471.711344
-30.224043,21,6471.80104
-21.410461,42,6471.967812
-182.497987,29,6472.089515
-41.604485,37,6472.242619
-129.870553,20,6472.321022
-192.463781,45,6472.508393
14.756042,30,6472.629001
-25.877283,20,6472.711035
-5.00426,34,6472.856521
-183.517676,31,6472.985441
-35.37298,21,6473.072697
66.888891,21,6473.158478
-236.678203,39,6473.315862
-28.495202,21,6473.408571
62.669528,24,6473.506636
-19.08309,35,6473.653217
-28.986811,20,6473.738948
150.406939,24,6473.84156
-142.593879,22,6473.930766
-630.752945,101,6474.37066
-261.736624,37,6474.523926
199.754684,22,6474.619904
-75.189122,29,6474.738679
-79.762074,28,6474.850694
-194.982121,31,6474.97745
-197.833241,33,6475.107362
-41.335833,23,6475.203813
-157.339075,37,6475.366285
179.565837,22,6475.461521
-88.03352,29,6475.58689
72.598755,20,6475.669747
-30.187912,21,6475.757445
-388.87925,59,6476.003861
-161.953821,37,6476.157264
-21.276765,34,6476.296314
-24.595326,20,6476.376607
-26.267991,20,6476.45856
-117.011638,18,6476.533639
42.457467,24,6476.631611
-4.953017,32,6476.773583
-28.919556,20,6476.857175
-15.677166,19,6476.936023
-191.159731,43,6477.111583
44.347091,37,6477.262814
74.455934,20,6477.344841
65.522712,24,6477.439952
-202.524497,35,6477.587851
-179.526652,29,6477.710243
-27.942513,20,6477.792791
72.659249,21,6477.875106
62.560045,22,6477.96293
-115.732,18,6478.03702
-29.704066,21,6478.130056
53.80214,34,6478.264643
-34.175105,38,6478.428801
-246.167592,37,6478.579988
-26.60631,21,6478.670773
-57.913241,37,6478.824828
70.411906,21,6478.911614
316.256843,43,6479.094275
-188.772941,45,6479.287094
-114.831362,19,6479.362999
-131.305133,20,6479.44695
-26.632932,21,6479.533914
65.90382,22,6486.205788
63.158776,23,6486.354073
-132.150541,20,6486.447193
87.357242,19,6486.527173
-458.376381,101,6486.938194
-204.046673,37,6487.089091
-141.001914,37,6487.242603
-273.8434,59,6487.495732
-18.105751,19,6487.579962
-104.911643,33,6487.714462
75.198004,20,6487.795171
78.681792,19,6487.871513
-76.744789,28,6487.985184
-390.806999,57,6488.22889
-180.305805,45,6488.514892
-87.73302,48,6488.717687
-174.710677,82,6489.056641
-54.833918,25,6489.162822
-242.700694,36,6489.312484
-41.898162,24,6489.426189
-162.884336,29,6489.544231
-127.817119,20,6489.628786
-147.446377,37,6489.77888
-131.570742,20,6489.860971
-421.562558,101,6490.290148
69.123287,21,6490.373643
-227.440569,35,6490.519662
-92.952511,32,6490.65487
-9.266367,18,6490.726183
-58.004565,26,6490.831154
83.059709,19,6490.909466
-249.470162,35,6491.054615
-167.095175,40,6491.22567
-47.138104,23,6491.322606
-144.72243,25,6491.433842
-202.498437,32,6491.562367
135.367663,32,6491.698184
61.473217,23,6491.79572
71.565894,20,6491.878562
-60.05342,37,6492.0338
-123.956776,33,6492.170231
-196.986607,34,6492.30789
-126.987269,19,6492.383087
151.026797,23,6492.479444
-107.514992,67,6492.763519
-165.476695,39,6492.918348
-37.218033,24,6493.016073
-131.093698,36,6493.16296
-128.453628,19,6493.239701
-15.890334,19,6493.318577
224.906174,34,6493.457522
-129.116633,19,6493.535992
-130.986156,20,6493.620485
-75.778282,28,6493.73952
-240.094381,37,6493.953403
188.066774,20,6494.052492
-120.020893,19,6494.142206
-100.985826,29,6494.292491
118.384226,28,6494.453296
70.644339,21,6494.566883
-126.268179,19,6494.668457
69.630281,20,6494.785112
-165.733651,40,6495.061618
69.822821,21,6495.257895
-34.01317,23,6503.541627
-187.603719,45,6503.789623
-38.552611,23,6503.897369
-34.413202,20,6503.984503
-29.611599,20,6504.06854
-49.929541,26,6504.175095
40.889772,26,6504.293089
-292.14368,44,6504.489416
-232.052313,35,6504.641834
-87.074423,32,6504.78718
-34.083411,22,6504.884048
-138.274201,36,6505.056456
36.709966,27,6505.184256
17.219667,43,6505.368607
-195.632964,46,6505.564488
-136.391879,35,6505.714135
-246.820321,37,6505.87295
63.466344,23,6505.963525
-29.191482,20,6506.046762
-237.59317,37,6506.197886
64.03122,22,6506.295052
-266.402547,37,6506.46028
-46.216126,25,6506.558874
-147.421627,25,6506.660197
57.548166,24,6506.760231
-489.316426,101,6507.163532
30.413887,45,6507.353367
-51.505596,26,6507.468408
-24.032113,20,6507.548478
65.940347,21,6507.632445
-31.629117,36,6507.778268
90.681268,37,6507.941643
-89.519242,33,6508.082594
-36.376026,22,6508.174247
-27.875805,20,6508.256029
-55.688019,26,6508.360547
64.685293,22,6508.45111
-137.082497,24,6508.554538
-37.800344,23,6508.644327
97.455815,32,6508.776176
-132.767183,20,6508.868852
-34.244277,22,6508.96284
-32.132331,21,6509.049546
-268.745528,45,6509.239442
-238.421961,35,6509.386325
-33.786637,21,6509.475091
-541.072155,90,6509.865592
152.997624,26,6509.9959
-29.848366,20,6510.089289
-187.437507,30,6510.246537
-247.227757,37,6510.534202
-144.321991,22,6510.626656
12.671266,30,6510.759955
-167.545483,27,6510.88062
-125.968134,19,6510.959268
-125.587077,21,6511.046712
-154.202477,37,6511.197216
70.685102,21,6511.288581
-204.525393,44,6511.488614
-92.483604,31,6511.614878
-309.624211,44,6511.796421
-60.26113,27,6511.909231
-118.137781,18,6511.984697
-98.727135,31,6512.112826
-26.527603,20,6512.194816
63.283477,22,6512.287576
50.906284,27,6512.402919
-143.927044,37,6521.747948
-411.60307,101,6522.179928
61.747869,24,6522.281364
6.017798,32,6522.415116
-78.379252,42,6522.588866
-68.739513,31,6522.716999
-28.79433,21,6522.800299
-163.369065,42,6522.976712
-277.195653,40,6523.137459
-300.682745,46,6523.337228
-191.887497,44,6523.522264
-32.036705,21,6523.613334
-11.757463,34,6523.753846
-152.111541,38,6523.915552
55.031232,24,6524.015188
68.668448,21,6524.10606
-159.792786,37,6524.257008
-126.038388,34,6524.404057
-27.561287,20,6524.483887
-152.780026,40,6524.640672
-129.037175,20,6524.720406
-32.169907,20,6524.801466
-119.651536,18,6524.8732
-42.487129,22,6524.961177
-218.74083,34,6525.106416
60.584869,23,6525.203251
-157.125357,53,6525.42333
48.401932,26,6525.531796
-38.498646,23,6525.625247
-201.869958,32,6525.754568
-21.76196,19,6525.831774
-83.243981,31,6525.958903
-128.997571,20,6526.044193
26.613249,28,6526.159184
-95.027722,31,6526.285294
-112.255314,37,6526.441885
-31.776073,21,6526.53017
-126.092708,21,6526.613955
59.179618,22,6526.736226
123.415717,33,6526.885357
-145.400421,37,6527.042462
-58.675258,38,6527.201551
-157.998895,26,6527.306359
-166.52051,40,6527.470551
53.973279,25,6527.576621
76.463319,20,6527.658461
-130.28289,20,6527.741117
56.372409,24,6527.84167
71.08529,21,6527.926672
-69.722071,28,6528.038188
-26.271551,20,6528.121196
-558.298763,78,6528.42724
-53.201234,27,6528.537803
-21.516932,21,6528.626554
76.666448,22,6528.714171
-256.886984,37,6528.866703
-128.394334,19,6528.943245
-21.212984,19,6529.024374
-244.827787,37,6529.178937
81.035926,22,6529.268368
-29.374159,23,6529.363099
65.177707,22,6529.455951
-62.855383,58,6529.702005
171.880513,42,6529.873153
64.476104,21,6529.959069
-39.109656,23,6530.060079
4.111604,31,6536.975442
-694.766664,101,6537.464193
44.303036,25,6537.567288
69.744039,21,6537.64968
-92.091774,29,6537.776615
-15.919295,34,6537.915442
53.158103,25,6538.018498
-40.336795,23,6538.111101
-151.61631,43,6538.296201
203.383669,22,6538.385042
-252.321348,39,6538.546827
-31.86013,22,6538.637119
-51.179902,25,6538.82459
-151.855032,28,6538.944622
-30.891974,35,6539.091935
153.293944,23,6539.183176
23.491936,28,6539.301716
73.394214,61,6539.566859
-155.003442,37,6539.8236
-151.269591,53,6540.047505
-27.019443,20,6540.135668
-156.365807,27,6540.249751
-47.636553,24,6540.347504
-161.119947,37,6540.498365
-130.028253,20,6540.584461
72.211498,20,6540.676184
-85.281043,30,6540.801756
-86.239563,30,6540.924421
45.96265,24,6541.020762
57.165463,22,6541.109564
-74.155301,27,6541.229004
-146.18447,25,6541.331087
21.668825,29,6541.469076
-34.867009,22,6541.566069
-24.991039,19,6541.643317
70.827036,36,6541.787302
50.376406,24,6541.885646
29.316065,28,6542.003472
-126.797575,19,6542.079697
-77.031285,27,6542.195603
-291.248796,56,6542.42761
-25.296148,19,6542.505184
-126.150592,38,6542.989082
-137.967528,37,6543.159519
70.54677,21,6543.24338
-126.629,20,6543.325839
-55.150618,39,6543.487723
-6.793026,34,6543.629233
72.99369,20,6543.718818
-254.439917,37,6543.869519
-11.414712,19,6543.946467
-183.714017,29,6544.067436
-22.815048,19,6544.14279
-125.315519,20,6544.235402
67.146074,21,6544.325063
60.265801,22,6544.416779
190.807543,21,6544.510121
-82.276365,31,6544.640738
-91.353984,31,6544.771732
-207.543882,32,6544.909457
-132.24502,21,6544.995104
-122.863837,19,6545.073146
-41.991602,23,6545.173588
-128.563378,19,6545.28692
-17.680748,19,6545.39267
-230.410235,35,6545.666884
-256.531738,43,6546.070717
-128.132064,22,6546.249145
-224.047756,49,6546.614303
-203.226775,31,6546.84779
-199.102241,32,6554.301321
-363.665303,54,6554.565329
-26.682552,19,6554.659257
165.622139,21,6554.744522
-51.07068,25,6554.846725
188.960944,20,6554.926409
-466.755954,62,6555.18479
-274.548023,46,6555.371953
51.745546,23,6555.4716
69.63466,21,6555.563562
-36.697552,23,6555.658172
-137.398754,21,6555.745801
-145.851592,38,6555.910068
27.328917,28,6556.025153
-157.932177,25,6556.126839
53.75549,23,6556.220741
-35.818229,23,6556.331604
-125.054546,20,6556.419292
-132.253132,54,6556.642825
-34.67441,20,6556.725537
54.645301,24,6556.828583
-42.568666,22,6556.920067
152.912166,24,6557.01697
68.400301,21,6557.104233
-138.410518,22,6557.195187
-21.333982,19,6557.2752
-246.707767,36,6557.426639
-27.900168,20,6557.516924
-34.087317,22,6557.610205
-138.316031,36,6557.759332
-288.721187,41,6557.927461
-130.664904,20,6558.011041
-87.660457,30,6558.132704
-27.543287,20,6558.212248
42.169491,26,6558.319476
167.748939,21,6558.398131
-25.028826,21,6558.487508
69.967702,21,6558.571938
-69.187331,28,6558.726765
-54.348302,26,6558.890192
-24.000395,22,6559.006281
-350.728553,54,6559.231852
-52.106308,25,6559.338256
-243.429814,37,6559.504758
-28.338416,20,6559.583766
-209.725941,61,6559.841521
-116.765253,18,6559.914683
122.283553,29,6560.032106
-93.938352,34,6560.169677
-120.261356,18,6560.239155
-260.324571,37,6560.393078
65.263719,36,6560.548716
-132.296246,20,6560.627146
61.109646,22,6560.719501
-199.867004,32,6560.858182
-57.331847,40,6561.017646
-52.308955,38,6561.174393
73.332951,20,6561.255678
-21.680282,19,6561.33435
-144.458976,41,6561.638739
-30.738895,20,6561.7365
56.488531,24,6561.841109
-15.641887,19,6561.922676
-161.749103,52,6562.147506
56.636063,26,6562.260664
91.846499,25,6562.3683
66.345401,21,6562.456805
59.479143,23,6562.548652
-126.758767,19,6562.626639
-31.653383,20,6562.709923
-8.047827,33,6562.849935
-57.898059,27,6562.969274
-251.43996,37,6571.437176
-42.048301,24,6571.594179
38.404939,37,6571.772846
69.938904,20,6571.854172
-184.023329,29,6571.971351
67.259618,22,6572.0627
-17.473821,19,6572.14131
-118.331286,20,6572.223474
-178.798129,42,6572.402471
-325.612909,48,6572.624613
139.700595,27,6572.737634
-62.620336,26,6572.846609
-36.586457,22,6572.938347
-26.492222,19,6573.022035
-126.693788,19,6573.102927
-157.552445,37,6573.252809
-98.295406,37,6573.396106
-130.67803,19,6573.479752
-126.996398,20,6573.562696
-155.404109,39,6573.724714
137.382468,29,6573.843987
-31.603457,22,6573.935029
-23.8271,19,6574.017789
-146.470102,36,6574.198602
63.947358,22,6574.746981
-133.716564,20,6574.87667
-123.999612,19,6574.962943
-125.184534,19,6575.040425
111.065042,36,6575.195004
56.208105,23,6575.290919
-252.619771,44,6575.484767
-123.461649,38,6575.65719
-50.543444,25,6575.76645
-69.87101,29,6575.882144
162.353191,22,6575.971137
69.776481,21,6576.056624
-35.143248,22,6576.147035
-38.899355,36,6576.298793
55.912026,23,6576.386808
-153.590943,25,6576.491606
61.408992,23,6576.596327
-24.191196,22,6576.685536
-133.380719,42,6576.860649
-21.320898,20,6576.947852
-126.052891,19,6577.029359
-53.143941,38,6577.194007
-244.571844,37,6577.353562
13.715385,28,6577.465196
-54.166429,23,6577.560694
-175.504279,27,6577.672085
-127.56947,19,6577.749858
-26.615603,23,6577.84059
-251.020687,38,6577.993448
-28.133943,22,6578.082977
-48.878347,25,6578.254234
-27.007309,19,6578.356003
-261.205837,37,6578.561531
-127.225557,19,6578.665859
-39.435447,22,6578.769347
-176.279336,28,6578.890251
-86.150505,34,6579.035678
-21.780624,20,6579.128871
37.818357,27,6579.242316
-162.036354,39,6579.412251
-25.663159,19,6579.489599
-28.638457,21,6579.577883
-131.815906,20,6579.662142
72.214006,21,6579.745483
-28.198642,21,6579.845477
-156.573977,37,6580.001515
-156.456037,24,6580.099255
-127.354277,19,6580.176925
-24.654174,19,6580.24867
-143.332687,37,6580.410862
-166.438297,60,6580.672703
-260.269826,40,6588.726199
-172.004916,56,6589.03742
121.275564,31,6589.160529
-190.880955,32,6589.28842
104.038167,25,6589.397129
-50.62746,23,6589.493094
175.207792,21,6589.577877
35.731991,27,6589.689962
45.016726,26,6590.027714
-54.350358,39,6590.352702
31.953284,28,6590.540202
-62.53784,27,6590.955729
-191.398776,44,6591.441004
-32.127996,22,6591.559573
-153.188021,37,6591.75012
-45.589379,24,6591.864043
-332.148691,52,6592.128689
73.75747,20,6592.235065
-125.534085,19,6592.325796
-127.310487,20,6592.412709
-57.258265,25,6592.54904
4.281652,31,6592.727221
-131.670073,20,6592.819872
354.644338,23,6593.011232
-35.618984,22,6593.103529
-127.990733,68,6593.512324
-35.093421,21,6593.608558
28.545837,29,6593.727123
-57.62565,27,6593.840031
-34.563003,36,6593.993139
358.524494,23,6594.092215
60.187563,23,6594.191537
54.999919,24,6594.294778
-255.638122,37,6594.456188
-25.996558,19,6594.530145
-125.603935,19,6594.604951
-33.442706,21,6594.695951
-29.974661,21,6594.785066
70.397757,20,6594.948884
-68.7554,28,6595.087532
-23.671209,19,6595.163523
49.031757,25,6595.276348
73.606959,20,6595.358584
81.135729,21,6595.439746
15.052801,29,6595.568876
59.370697,23,6595.656698
-123.080866,19,6595.734149
-120.204191,18,6595.810966
52.031614,24,6595.907054
-27.884982,20,6595.985278
-46.677351,37,6596.137319
-26.91435,20,6596.216802
-21.04083,20,6596.304012
-37.112818,25,6596.406788
158.748964,24,6596.512038
-22.926979,21,7574.053972
-30.412123,20,7574.303673
-11.77835,19,7574.431844
-44.745809,37,7574.668492
-173.24831,41,7574.894785
36.974738,25,7575.044176
-263.831471,37,7575.26076
55.562622,22,7575.415665
-121.042729,33,7575.739457
73.641996,20,7575.988518
41.502167,27,7576.223872
-125.380973,19,7576.46535
-143.962216,23,7576.790241
-261.625409,37,7577.320729
145.337415,25,7577.609546
-180.394183,29,7577.970746
-29.278,20,7578.200733
-101.861936,33,7578.631072
-149.413058,25,7578.946029
66.517579,21,7579.19225
73.165208,20,7579.412086
-18.877773,20,7579.616727
-24.061512,19,7591.643746
25.71821,30,7591.900801
167.216393,21,7592.041267
-31.702324,20,7592.183645
-360.019104,81,7593.256959
64.739655,22,7593.527915
-130.590049,34,7593.852562
-126.39745,19,7593.981332
-239.964912,49,7594.235038
55.228553,22,7594.326929
53.972479,60,7594.586975
-58.480531,24,7594.68807
-167.202108,40,7594.860439
-23.219339,19,7594.938785
-132.167683,20,7595.023567
-184.956096,40,7595.194105
-179.701434,42,7595.368702
-31.060618,20,7595.453544
63.377553,22,7595.543601
-251.832603,42,7595.713648
-41.126386,23,7595.808518
-228.698095,38,7595.968782
-115.286012,32,7596.102865
8.909404,31,7596.251861
74.991853,22,7596.344426
-194.353711,34,7596.484312
-145.592255,36,7596.631171
-139.397201,35,7596.766172
-60.44767,27,7596.87067
-21.660397,19,7596.948889
-128.293162,19,7597.037666
-36.39883,23,7597.132755
-35.798407,21,7597.219909
67.236048,21,7597.302312
-29.439177,20,7597.38139
21.646842,28,7597.493317
36.190964,27,7597.597923
-259.365003,37,7597.750381
-293.848749,56,7597.97528
-95.230026,31,7598.103899
-149.852877,23,7598.223898
58.869741,23,7598.32059
-143.935864,49,7598.520465
-196.402389,31,7598.662915
-125.727945,34,7598.798097
-54.192308,27,7598.908836
55.348415,22,7598.994573
-168.90047,28,7599.110257
-23.414832,19,7599.186078
-53.099394,24,7599.284658
-25.205738,20,7599.364611
-48.772986,26,7599.469017
-22.64128,21,7599.552836
-207.587485,45,7599.739212
-38.30657,24,7599.831511
65.497239,22,7599.917959
-246.410551,49,7600.118891
-113.738893,20,7600.200757
-243.145879,37,7600.350689
-145.749991,24,7600.446902
-667.142678,101,7600.971266
-59.675927,26,7601.082694
22.997819,27,7601.196452
-127.352248,19,7601.272146
-30.490417,21,7601.356885
-154.408989,26,7601.467372
61.323681,23,7601.558298
-129.506018,20,7601.636819
-180.497336,67,7613.997415
-247.909924,37,7614.160313
-185.920329,44,7614.344713
-24.470395,19,7614.427835
-20.026894,19,7614.502746
-58.027698,25,7614.61154
-186.354881,31,7614.737026
-127.668503,19,7614.809581
-128.337328,19,7614.891218
-26.800277,20,7614.977209
-32.844764,22,7615.07979
-202.933639,45,7615.273786
61.529164,23,7615.362291
-13.33163,18,7615.44372
-281.534555,49,7615.64539
47.734427,24,7615.738645
76.592567,33,7615.867049
-67.382397,28,7615.977764
64.210027,22,7616.067833
46.989264,28,7616.187616
149.687372,24,7616.287306
-65.399809,27,7616.396789
-49.802068,38,7616.549494
-22.321257,20,7616.626652
-73.807172,33,7616.762857
-37.838789,22,7616.851027
-319.934615,64,7617.112586
-81.557865,29,7617.232867
-502.48491,101,7617.625032
53.589955,25,7617.730917
-127.410211,19,7617.807908
-119.244529,35,7617.945673
24.136218,29,7618.061185
-113.39373,18,7618.136581
73.006392,20,7618.217876
-77.428843,31,7618.343068
-263.432983,37,7618.489811
-30.262856,20,7618.566914
56.394397,23,7618.660967
64.136278,22,7618.755744
-29.717449,22,7618.846796
17.730528,29,7618.958422
-45.203243,59,7619.191008
22.046531,28,7619.302212
-22.029147,19,7619.385045
-15.488508,19,7619.458878
65.941364,22,7619.552775
-101.16618,32,7619.691629
-246.016707,37,7619.83951
-351.112711,52,7620.047144
38.500233,27,7620.157454
-35.467774,22,7620.248496
-137.976749,21,7620.332963
-22.846972,20,7620.410072
-10.871132,18,7620.480263
-30.13369,22,7620.575406
-125.848906,19,7620.650306
-60.617437,41,7620.811059
-44.172653,24,7620.906776
73.966098,20,7620.988641
-0.150527,30,7621.119114
-34.71877,23,7621.224463
-45.392073,22,7621.321136
-32.054755,21,7621.406159
-151.637707,24,7621.502766
-263.52208,37,7621.645331
-209.150617,61,7621.892698
70.27624,21,7621.987828
-150.379802,25,7622.0891
73.674153,20,7632.585416
101.748664,29,7632.784855
-44.64503,22,7632.904096
65.237785,22,7633.011098
-152.072824,37,7633.164756
-129.138643,19,7633.243336
142.635361,25,7633.374584
-204.168907,32,7633.509153
36.8928,27,7633.622218
55.539936,23,7633.717811
-163.974472,25,7633.821273
-54.663471,36,7633.972114
-193.169536,31,7634.10456
-126.225145,20,7634.196839
128.786116,31,7634.333909
-28.305415,22,7634.433667
48.954594,25,7634.536717
-66.20432,28,7634.658088
-158.221979,37,7634.803722
124.586074,32,7634.934742
-36.955163,22,7635.026009
-30.485051,22,7635.116861
-17.635267,19,7635.201194
76.226306,20,7635.314225
13.544929,30,7635.510487
-32.275173,22,7635.642976
-134.847051,22,7635.812721
-100.776091,35,7636.080648
70.811261,35,7636.37048
-127.573624,19,7636.468814
162.000863,26,7636.572413
-124.949314,19,7636.730641
-56.363205,26,7636.847207
-115.843917,18,7636.936975
-435.550585,77,7637.256281
-241.223984,36,7637.401911
52.379402,24,7637.502974
-112.827516,19,7637.579073
-222.151435,37,7637.73265
-53.58198,25,7637.835001
160.819771,22,7637.930699
-263.21486,53,7638.188398
-22.497319,19,7638.269899
-20.712518,20,7638.355899
74.326548,21,7638.45892
-49.738831,23,7638.560107
-32.965333,20,7638.650543
-84.255532,28,7638.769331
41.267918,26,7638.879799
-127.756813,19,7638.961496
-302.254309,62,7639.21261
-26.866176,21,7639.302287
-28.407086,20,7639.38128
63.542085,22,7639.474551
69.172795,21,7639.561249
-44.141676,39,7639.725372
48.063297,25,7639.826539
53.438505,24,7639.919935
-16.220854,36,7640.067864
-43.996171,24,7640.170218
-61.345437,37,7640.321913
-40.409173,36,7640.4754
20.233674,29,7640.60207
-27.862647,20,7640.680995
-254.4325,40,7640.841958
-130.184117,77,7641.165454
-28.122461,21,7641.253256
-154.976829,39,7641.412139
-129.044384,22,7641.506954
-110.915499,35,7641.658357
99.426362,22,7641.745804
-201.895508,41,7656.271443
15.400633,31,7656.54781
-264.96578,37,7656.736291
-83.393798,46,7656.927799
-28.816232,21,7657.015633
-148.705664,34,7657.166007
-50.648576,85,7657.508349
-29.737479,20,7657.591551
-30.025468,21,7657.677639
-118.784171,20,7657.758702
-150.003465,23,7657.851389
-133.930344,36,7657.993132
65.066994,22,7658.080099
66.653013,21,7658.175491
-144.21576,37,7658.33009
-51.386356,25,7658.525769
33.724368,27,7658.653843
-24.267384,19,7658.732428
-154.644141,24,7658.834286
59.494037,23,7658.931158
-132.866745,40,7659.09507
-150.259224,38,7659.25292
144.815659,25,7659.353405
-192.628608,85,7659.698745
-24.747141,20,7659.776264
29.516554,40,7659.942063
63.149029,22,7660.026351
67.285875,21,7660.110758
-177.733703,29,7660.231894
-126.74504,19,7660.311122
-202.996447,30,7660.434988
-254.162218,39,7660.593374
-107.200715,34,7660.729072
66.026511,22,7660.817831
182.38303,26,7660.92728
158.939795,23,7661.023857
-28.166126,22,7661.110133
-73.887435,28,7661.221691
-256.03323,37,7661.373991
73.498886,20,7661.463347
139.094899,29,7661.594953
8.428074,32,7661.732016
-118.728586,19,7661.806114
-25.897422,35,7661.947343
-56.341328,37,7662.095924
69.862864,22,7662.182979
-187.33687,30,7662.305556
-42.768193,24,7662.409195
-31.452992,20,7662.491598
-129.416938,19,7662.566922
-105.698597,34,7662.712171
-115.326177,32,7662.842402
-121.202908,18,7662.915449
-129.157432,19,7662.988854
60.620694,23,7663.077968
72.268424,20,7663.157412
-261.484574,39,7663.315492
-25.59062,21,7663.403545
-30.136514,22,7663.490923
39.23438,26,7663.59666
61.06564,26,7663.704144
-20.800429,19,7663.780951
28.915961,27,7663.890163
-28.187543,21,7663.975726
-567.450325,101,7664.483254
-244.302007,37,7664.644538
-26.174033,19,7664.722083
156.370504,23,7664.819203
-218.850109,34,7664.954416
67.178276,21,7665.04123
-127.765791,19,7681.430849
66.302509,22,7681.562262
-231.563108,50,7681.822905
-266.689018,37,7681.972475
-127.609755,19,7682.054123
211.591231,17,7682.124125
-132.030315,37,7682.273842
-11.662754,19,7682.352278
70.912747,21,7682.436656
77.475303,20,7682.516956
-127.922832,20,7682.59904
-350.473857,50,7682.793032
70.830398,20,7682.885444
-127.195079,19,7682.965507
-168.433443,38,7683.116805
455.871732,23,7683.208843
38.221994,25,7683.311175
-14.298649,19,7683.385213
8.39994,31,7683.529229
-118.335612,18,7683.629337
160.271629,23,7683.723608
-127.753745,50,7683.932971
142.819288,29,7684.048605
24.642931,28,7684.161639
55.450585,25,7684.267473
-19.902514,19,7684.342908
-250.07325,37,7684.489226
-218.908174,53,7684.719567
-673.354433,101,7685.124225
-164.02606,37,7685.269401
45.514527,26,7685.375057
78.678158,19,7685.455656
55.396763,23,7685.546211
-132.843544,22,7685.633987
-29.213362,20,7685.718609
-236.712289,38,7685.870157
-8.493319,34,7686.001316
-59.300733,26,7686.102724
-253.043996,39,7686.266082
65.860035,22,7686.357179
-60.210475,26,7686.46473
65.019082,22,7686.559218
-25.936426,20,7686.639538
-54.387462,26,7686.741124
68.271782,21,7686.827355
-132.75014,21,7686.913041
-158.843174,27,7687.022389
-130.471681,21,7687.109636
70.734895,20,7687.195755
-24.143402,20,7687.280685
-136.117432,22,7687.370446
-0.741567,33,7687.503409
-33.275894,23,7687.592992
-83.37693,30,7687.716247
-140.75535,36,7687.855897
-250.125187,52,7688.062072
-479.134847,101,7688.476839
-122.154403,18,7688.552657
-140.278064,49,7688.74695
-125.933302,19,7688.824168
73.587575,21,7688.906554
-30.615554,20,7689.000405
-30.136227,21,7689.089091
-48.247883,24,7689.183272
-10.858261,32,7689.311167
-19.645633,19,7689.387051
70.563533,21,7689.479079
-46.519961,22,7689.567499
147.271271,25,7689.670075
59.055239,23,7689.764743
-37.908911,39,7701.036381
-90.828691,48,7701.283982
67.26934,21,7701.371994
28.270873,29,7701.488768
-38.242523,22,7701.581357
-127.898448,66,7701.851799
-197.661136,31,7701.981015
-177.28226,41,7702.14371
-17.805773,34,7702.279036
-218.275377,34,7702.416137
-35.163551,22,7702.508246
39.284872,25,7702.606673
43.5984,24,7702.706405
-90.808053,29,7702.82693
-195.715626,43,7702.99328
-41.168376,37,7703.152978
-125.260405,21,7703.237016
22.443951,29,7703.352726
-27.804017,20,7703.438684
-24.627626,19,7703.515038
-394.949376,101,7703.933239
-171.728904,30,7704.057016
-38.063418,24,7704.152592
8.166214,35,7704.297525
-297.218272,50,7704.50082
67.173086,21,7704.58397
-290.654645,46,7704.771201
-22.898776,20,7704.947495
-65.956754,28,7705.062408
151.829724,87,7705.420001
-27.651694,21,7705.505668
82.70006,22,7705.59311
-30.165975,21,7705.682122
-40.538239,23,7705.771222
-77.928466,30,7705.895344
-26.244309,19,7705.969339
-140.461468,42,7706.135129
-159.149355,39,7706.296112
-25.814128,20,7706.377379
-256.441942,37,7706.531751
26.51647,27,7706.639194
-291.525159,43,7706.804551
-128.872774,19,7706.878169
-58.741,27,7707.022389
250.910038,37,7707.173686
39.896071,26,7707.274553
-129.473288,21,7707.363533
-132.351183,22,7707.452813
-80.741225,30,7707.579239
-21.395818,19,7707.660364
-296.761105,101,7708.070484
-129.136464,19,7708.145338
-36.495177,21,7708.228969
-147.434499,26,7708.340908
-259.137607,37,7708.489428
-133.951915,20,7708.57666
-289.463654,66,7708.836932
313.515642,51,7709.035817
-27.856483,20,7709.125026
-25.141474,21,7709.214682
-32.159633,21,7709.297333
-34.045287,23,7709.385707
-35.225414,23,7709.481861
-28.461725,20,7723.278743
157.829252,23,7723.416003
-127.261717,19,7723.518604
-106.844867,32,7723.686133
127.428367,47,7723.889129
-122.219103,19,7723.965959
156.60896,24,7724.063275
63.839436,22,7724.154343
-141.455371,37,7724.299546
183.004607,21,7724.386705
-176.78505,28,7724.510321
156.662977,22,7724.596211
-186.154397,42,7724.772964
-32.682531,21,7724.862794
-76.301553,29,7724.981624
-21.755939,19,7725.056195
62.037787,22,7725.144103
58.982882,24,7725.249974
-166.361208,26,7725.35694
-67.788376,28,7725.46773
-12.567755,19,7725.542269
-14.239671,33,7725.669518
-43.357619,24,7725.764621
-25.582737,20,7725.849742
-28.396931,21,7725.930466
-56.011699,37,7726.13136
-27.602684,20,7726.291032
-46.596461,26,7726.426861
198.23579,20,7726.51736
-37.36388,22,7726.605288
64.064472,22,7726.705838
-130.704094,21,7726.809155
-239.521803,50,7727.052553
-259.564949,61,7727.294063
-142.791553,23,7727.393043
-30.720215,21,7727.480002
-133.410635,20,7727.561883
-14.679259,19,7727.640122
11.821043,30,7727.76672
-24.416291,19,7727.848311
-134.961756,23,7727.94004
-157.409329,37,7728.091972
-476.62076,101,7728.492617
-31.137894,21,7728.580913
-1.414696,33,7728.709796
63.799647,23,7728.801298
73.927165,20,7728.880142
-21.188567,19,7728.956612
-32.884357,21,7729.036022
-35.922165,21,7729.126939
-109.486623,33,7729.26588
190.076826,19,7729.338819
-125.387989,19,7729.414322
-23.149733,19,7729.487155
-48.067434,23,7729.585292
-244.001635,36,7729.738795
-50.048701,23,7729.83109
87.331986,39,7729.996672
-127.734632,20,7730.07399
-209.252529,31,7730.19376
-123.363656,19,7730.274947
45.339379,26,7730.377035
-127.389232,19,7730.454756
-14.981337,19,7730.526261
-18.594079,20,7730.605794
-237.541289,37,7730.760627
76.978139,44,7730.932722
-126.103957,35,7731.069017
46.581209,25,7731.16851
-47.308504,24,7731.265058
-17.73713,19,7731.348542
-23.930001,19,7731.42311
-28.123395,21,7731.501249
-20.076965,19,7731.577206
-58.046165,37,7731.82604
-29.324159,20,7731.906986
-30.440303,21,7744.560005
-626.236195,89,7745.09256
-114.880259,19,7745.18142
57.397859,23,7745.277123
-21.899594,19,7745.352815
-35.582178,23,7745.446581
-124.072509,21,7745.535998
50.563528,25,7745.63713
-242.789597,36,7745.778244
-39.125864,37,7745.925594
-73.816064,27,7746.030893
-33.203212,21,7746.11474
-31.999229,22,7746.201193
66.464441,22,7746.290318
66.05551,21,7746.377648
-60.58657,27,7746.486692
-126.672948,19,7746.563134
-49.07208,23,7746.655845
-31.198177,21,7746.738047
-113.206422,19,7746.814818
-28.552069,20,7746.895477
22.147361,29,7747.015816
-368.643732,101,7747.433597
-154.015104,25,7747.533352
-32.065615,34,7747.662715
-163.460393,27,7747.770084
-14.472119,19,7747.844604
59.031916,23,7747.936474
60.728008,23,7748.025817
-136.991488,23,7748.120412
215.77323,31,7748.247725
-156.535588,39,7748.412215
-130.372669,20,7748.493693
165.969373,22,7748.579372
-217.146133,51,7748.780553
-165.86879,38,7748.937678
122.433906,28,7749.051266
-107.10706,45,7749.223655
66.694808,21,7749.315474
-112.952645,19,7749.397289
-30.034361,21,7749.482296
-27.235189,20,7749.560791
-126.649664,19,7749.641706
185.954927,20,7749.731059
64.88377,23,7749.821737
-212.816262,34,7749.954864
49.374825,25,7750.055384
-699.426032,101,7750.467854
-261.415024,39,7750.621211
-31.870967,37,7750.771891
66.432952,21,7750.856398
-28.815806,20,7750.938298
-52.175229,24,7751.04099
166.172066,22,7751.132902
58.660656,26,7751.23554
-169.977498,27,7751.344148
-48.693974,22,7751.42979
-139.283938,35,7751.590384
62.872006,24,7751.688165
-36.430166,22,7751.773477
-284.89974,69,7752.053231
-23.840822,20,7752.13709
43.359586,24,7752.234598
-32.101003,24,7752.330342
-55.36254,24,7752.430224
-28.843044,21,7752.513044
-32.812678,21,7752.595299
-20.573304,19,7752.672047
-111.550691,33,7752.804657
173.667977,23,7752.903453
-27.054346,20,7752.991055
-13.846995,19,7763.217445
-22.507014,20,7763.338622
-108.69285,33,7763.507049
-30.687169,21,7763.600626
-15.792476,19,7763.678016
-16.700406,19,7763.759388
-181.440888,40,7763.921442
-79.651025,29,7764.040948
-118.695642,18,7764.113275
-48.917604,23,7764.207669
-63.314053,25,7764.311785
-63.746901,28,7764.423197
-266.423659,37,7764.574688
-126.583423,19,7764.648086
-119.657259,19,7764.729673
45.24832,31,7764.865544
-20.463979,34,7765.003085
-23.564151,20,7765.090948
72.083868,20,7765.178864
-98.969801,32,7765.315964
-28.174531,20,7765.394835
102.111531,22,7765.488344
-67.39109,26,7765.601463
-27.625388,20,7765.680293
-39.914991,24,7765.777915
-33.481064,20,7765.855986
-35.530267,23,7765.945024
-25.092688,20,7766.024376
-27.568855,20,7766.102671
-132.550166,20,7766.178293
-227.921026,47,7766.363258
-70.661603,41,7766.528236
-173.689776,30,7766.64073
-43.041985,23,7766.730512
-49.894669,24,7766.823767
68.241582,21,7766.906011
160.053399,23,7766.997855
-60.914185,37,7767.138802
-489.779535,101,7767.649596
-63.656902,26,7767.757684
-126.866388,19,7767.839644
-62.653016,27,7767.952574
56.842781,24,7768.052776
-324.750263,48,7768.245445
-115.178963,48,7768.439414
-36.873877,22,7768.526605
-63.877589,26,7768.629626
-148.107081,37,7768.785538
-182.30622,29,7768.904256
11.108519,30,7769.019108
-149.491435,38,7769.171668
-103.570987,32,7769.30389
-44.421394,23,7769.397906
-63.477704,28,7769.511947
-111.359348,32,7769.633898
221.311158,34,7769.778641
33.108911,29,7769.892372
-429.765525,98,7770.648818
181.917849,21,7770.738612
-190.156097,30,7770.862458
-274.308144,45,7771.045103
-248.441689,38,7771.196144
32.591848,40,7771.356976
34.265808,44,7771.547579
-36.358962,22,7771.636778
135.72051,37,7771.791302
-301.32076,55,7772.005864
-261.125392,37,7785.402467
-38.996258,23,7785.515529
38.420733,27,7785.64202
-37.016148,22,7785.737978
-63.246995,37,7785.881583
-19.834334,19,7785.960644
-119.201058,19,7786.041754
-127.552009,19,7786.149313
-199.102248,46,7786.396588
-135.524899,20,7786.499645
-42.872304,23,7786.616648
105.302432,22,7786.709145
-541.329886,101,7787.120774
-25.977829,21,7787.203024
15.553577,37,7787.362765
-33.330911,21,7787.451349
-29.69682,20,7787.5285
48.882868,25,7787.635373
-183.96088,61,7787.904598
-127.618554,19,7787.9852
-248.142315,36,7788.128718
-161.138876,26,7788.235663
29.846361,58,7788.475812
-36.098382,22,7788.566768
-245.37351,37,7788.71835
-25.784619,19,7788.794559
-15.239228,19,7788.871594
-64.587622,28,7788.982592
-20.308203,20,7789.059935
-16.053415,20,7789.139816
-208.48812,33,7789.281801
-122.067893,19,7789.359733
-21.542713,19,7789.455895
70.353103,22,7789.549626
-20.509691,19,7789.631893
-24.904326,19,7789.710228
-140.596717,22,7789.802489
-169.027373,49,7789.991014
-118.950584,20,7790.072085
-38.282906,22,7790.161002
-62.974587,27,7790.267121
-150.776634,23,7790.355054
-25.635957,20,7790.444321
-21.606531,40,7790.612912
-30.672413,20,7790.691972
-398.485426,58,7790.914481
177.595845,34,7791.054794
174.100355,20,7791.133262
-25.088142,21,7791.218177
-25.698996,20,7791.294932
-306.03961,45,7791.493292
-45.396104,23,7791.588208
-37.323651,21,7791.673924
-18.655564,20,7791.762768
-23.185352,20,7791.844093
-26.629436,20,7791.922834
-129.464808,21,7792.012241
-150.022712,26,7792.115196
-25.273833,21,7792.197085
-52.138757,25,7792.298973
-166.011059,37,7792.44366
-72.511028,30,7792.566069
-49.260751,24,7792.666201
-29.676861,21,7792.750429
-137.468932,37,7792.89659
-22.255216,20,7792.974913
69.099552,21,7793.057908
-15.026628,19,7793.133112
-5.656722,45,7793.324342
-308.039739,61,7793.572659
3.319972,31,7793.695565
-84.586913,42,7806.15452
-39.861383,36,7806.367514
16.14114,30,7806.594683
-136.11905,23,7806.6942
-42.519002,22,7806.786142
-288.585857,45,7806.971689
-104.076992,32,7807.100381
-69.144914,27,7807.20759
-28.50414,20,7807.291254
-29.902549,20,7807.369907
38.394511,37,7807.520885
165.898247,22,7807.615115
65.055527,22,7807.709508
-38.191956,22,7807.805159
-524.343995,101,7808.230194
-28.966384,21,7808.313773
-38.419064,22,7808.400904
-174.710508,41,7808.564992
69.928754,21,7808.650783
221.125922,32,7808.782036
168.786713,21,7808.869278
-212.705398,75,7809.155958
56.275386,24,7809.253474
207.809936,23,7809.34675
-172.034588,41,7809.509297
-47.743891,24,7809.613204
25.362692,27,7809.730222
50.473989,25,7809.830005
49.422087,23,7809.947851
194.070898,19,7810.048487
-96.093225,53,7810.301578
-39.937522,23,7810.395868
-130.007349,38,7810.564921
-25.767893,19,7810.639964
-192.055309,42,7810.812644
-27.066489,20,7810.896177
-214.526061,38,7811.055315
49.950654,23,7811.149099
-28.540373,20,7811.233599
-26.546077,21,7811.320177
30.251128,31,7811.450069
-29.249885,20,7811.536718
-76.932152,88,7811.903805
-96.971407,32,7812.08779
-26.163855,20,7812.188266
-32.842881,20,7812.299417
-262.405673,50,7812.690374
-39.701556,23,7812.939714
-24.816223,19,7813.109478
18.8615,29,7813.413667
39.690152,27,7813.651952
-25.277839,20,7813.792455
13.909587,30,7814.08513
-127.247226,20,7814.281788
-119.558553,36,7814.56333
-36.003494,22,7814.806901
57.21609,22,7815.048207
156.885225,25,7815.308631
-49.438975,23,7815.562134
-82.090372,29,7815.881207
89.429838,33,7816.263481
-21.646298,19,7816.473152
50.694048,25,7816.702114
65.694784,22,7816.835922
-143.131585,22,7816.954126
-26.016378,20,7817.055955
42.818235,26,7817.159977
-76.564017,29,7817.279454
-137.668528,25,7817.380981
-34.328467,23,7817.483991
-30.735045,20,7828.274101
-161.324617,26,7828.443747
-3.520396,32,7828.597625
-31.111346,21,7828.691176
-21.529032,19,7828.780264
-36.762717,22,7828.874057
-333.286704,52,7829.087523
68.338059,21,7829.176122
-38.606578,24,7829.2727
30.299963,26,7829.374363
70.586574,20,7829.459105
-44.94837,23,7829.556104
-98.822363,32,7829.685166
62.188523,23,7829.783077
73.714679,20,7829.859011
-83.452888,29,7829.976475
-32.75898,22,7830.0626
-134.727069,21,7830.148983
67.668452,21,7830.232231
-30.616285,20,7830.311275
-136.756654,23,7830.406898
40.310903,27,7830.517849
-28.597081,20,7830.597405
-132.139242,20,7830.677139
-47.770587,24,7830.776234
-198.491797,31,7830.897181
-25.831452,21,7830.980709
-146.006868,37,7831.12072
58.960269,24,7831.210851
166.782845,25,7831.31053
-200.459946,43,7831.827635
54.768624,24,7831.920512
-34.363242,23,7832.006498
-161.624177,37,7832.156371
-271.594893,55,7832.394378
68.808235,21,7832.480866
-15.370837,35,7832.620685
14.322035,30,7832.741819
-29.454904,20,7832.825928
-131.439726,22,7832.911234
-20.364249,19,7832.984879
-21.55877,19,7833.062873
-30.968163,20,7833.145662
-21.819354,19,7833.220237
-310.045612,61,7833.584685
264.830555,25,7833.695087
46.476907,25,7833.807003
-200.676551,45,7834.02033
-48.211953,24,7834.126961
-135.172248,22,7834.217351
-15.359725,34,7834.356026
42.477227,26,7834.463156
-144.227855,22,7834.548838
-31.775029,24,7834.649592
109.756454,31,7834.779838
183.236081,25,7834.88306
46.102887,24,7834.977613
-268.609008,37,7835.125498
-102.959985,32,7835.256032
48.836556,24,7835.349666
-235.341373,36,7835.492469
-134.811692,36,7835.633274
-146.26891,39,7835.79611
-14.913248,19,7835.874457
71.539974,21,7835.956509
-32.838724,21,7836.036426
-82.999721,30,7836.154978
-255.966955,37,7836.306972
-159.628931,27,7836.420523
-183.653934,32,7836.552884
-66.275042,27,7836.658364
-22.929334,35,7836.800066
-128.846132,21,7836.884558
-14.638388,19,7836.959439
-125.433891,19,7837.028793
45.761594,25,7837.127536
-125.769957,19,7850.075298
-57.873221,25,7850.219496
-233.185263,35,7850.382295
-25.571385,20,7850.468457
75.425916,20,7850.548804
-309.638275,87,7850.889949
52.290604,24,7850.984131
80.348147,20,7851.061331
-133.508445,36,7851.209657
-125.367861,34,7851.340527
-29.95558,21,7851.42604
-230.582449,51,7851.638866
-18.737437,21,7851.722614
-133.895707,21,7851.807127
-86.446744,30,7851.931085
42.708926,24,7852.026301
-178.114589,29,7852.141697
-41.394779,22,7852.228449
82.133545,20,7852.303777
-24.863087,20,7852.38337
-194.904242,45,7852.559143
44.696585,25,7852.661642
-256.822159,58,7852.891529
-277.659157,41,7853.060188
-168.729454,41,7853.220188
-143.687361,50,7853.413956
-29.018139,20,7853.492369
66.979806,21,7853.57666
-52.932943,24,7853.667766
-228.085411,35,7853.8047
-125.968983,19,7853.883632
-125.646402,19,7853.959929
-195.46592,34,7854.093634
-37.488242,23,7854.186133
-32.400256,21,7854.268645
-45.641841,25,7854.366091
-93.032304,64,7854.628832
-105.384827,33,7854.765111
100.16009,37,7854.912396
-240.228824,37,7855.058075
-16.960883,19,7855.135088
-20.198933,21,7855.219953
-116.70193,20,7855.302422
54.937711,24,7855.40114
-79.407269,29,7855.519979
-60.733644,25,7855.619486
-245.862793,37,7855.76404
80.188361,43,7855.945624
-18.460703,20,7856.029404
42.336323,26,7856.132904
-40.856791,23,7856.224338
-129.009739,19,7856.30159
-395.097331,101,7856.693815
8.376404,31,7856.814147
-33.198291,36,7856.961361
-139.739088,21,7857.046182
-25.652259,19,7857.129148
-127.650935,19,7857.204928
-30.955745,20,7857.280597
61.616775,23,7857.374244
159.132176,23,7857.470352
-133.426738,21,7857.552635
-28.291208,20,7857.6276
-48.079752,23,7857.718657
-68.455321,31,7857.845412
-265.211283,40,7858.006592
263.173292,23,7858.099722
69.492356,21,7858.187557
12.596674,31,7867.648229
168.845941,23,7867.807418
161.51775,22,7867.924062
172.209187,24,7868.027641
-35.486836,22,7868.117413
118.878033,30,7868.237522
-22.708948,21,7868.328758
74.507115,20,7868.507454
-647.658031,101,7868.916867
162.193471,36,7869.064024
-245.733784,36,7869.208708
120.11169,29,7869.324087
67.057899,21,7869.413462
-216.383104,48,7869.610319
-33.572259,22,7869.69586
-103.761055,32,7869.836345
-48.356751,25,7869.933252
-199.588718,38,7870.084265
-233.940902,37,7870.236111
-28.375062,20,7870.318771
-294.679065,45,7870.496498
-160.514633,28,7870.610902
48.512282,25,7870.711374
-242.049398,54,7870.930484
-26.026373,22,7871.018274
182.284687,29,7871.135044
-187.737015,32,7871.262626
163.885866,22,7871.346949
44.975583,24,7871.445234
-128.362131,20,7871.52251
164.515997,24,7871.616931
-25.953382,20,7871.696228
-300.96758,74,7871.994177
-25.567653,20,7872.072181
-137.505717,21,7872.153201
-22.568182,20,7872.234505
-20.047428,19,7872.311816
-23.481525,19,7872.38882
-29.874172,20,7872.469188
-114.821847,19,7872.548263
-175.591156,28,7872.658871
-138.016944,34,7872.795115
-574.85566,75,7873.092878
-50.71579,25,7873.193764
-27.742169,21,7873.280917
-120.583186,20,7873.362742
-29.504505,20,7873.440208
-105.178618,35,7873.577822
153.952175,23,7873.663278
99.009415,30,7873.778009
-31.891453,21,7873.868494
-193.838103,41,7874.114306
-129.273032,41,7874.495315
-37.571737,24,7874.670373
-118.236855,18,7874.829126
-261.101511,37,7875.162953
-27.748322,20,7875.46632
-18.729414,20,7875.632169
-23.007379,19,7875.793283
-295.639131,57,7876.267914
-25.801845,19,7876.388334
62.117253,22,7876.53276
-30.206228,20,7876.649967
-50.593847,23,7876.873836
-264.505222,37,7877.244816
-147.66719,42,7877.638266
-45.473634,25,7877.875103
-246.768714,37,7878.192407
165.819652,22,7878.33897
-21.408215,19,7878.442674
66.410537,22,7887.315816
-26.065964,20,7887.443503
-29.381754,21,7887.538561
140.674258,26,7887.657663
-7.206578,32,7887.790748
-79.984736,30,7887.910962
9.928327,30,7888.030145
249.968079,25,7888.127553
-24.976749,20,7888.209571
-108.238703,33,7888.337271
-43.424,23,7888.429375
-60.769607,26,7888.532077
-5.339897,31,7888.655504
8.679591,28,7888.766958
64.441141,22,7888.855416
-300.711264,44,7889.034761
141.925633,37,7889.18
62.679272,24,7889.275857
-26.957314,20,7889.355008
-216.130047,47,7889.543657
14.673815,34,7889.673908
-42.861024,24,7889.775391
-129.338325,19,7889.857419
-27.319291,20,7889.937964
62.164446,23,7890.028453
30.279089,28,7890.139008
-66.385225,30,7890.25278
32.740807,26,7890.364588
114.312474,71,7890.650955
-24.557185,19,7890.73234
-29.207412,20,7890.816043
-47.265877,22,7890.903645
75.895766,21,7890.989133
-131.597626,20,7891.068909
-34.394142,24,7891.1643
44.503049,24,7891.258022
42.834431,28,7891.369297
-29.998784,21,7891.781153
27.058905,29,7892.052717
-92.220605,31,7892.200146
83.018934,21,7892.285776
-29.625757,20,7892.363659
65.853626,21,7892.448486
304.767423,21,7892.530852
-11.374501,19,7892.62218
-238.643107,36,7892.773156
-54.313845,25,7892.960188
64.014964,21,7893.044507
-129.381012,21,7893.129481
-260.406468,39,7893.291188
-59.017836,26,7893.396693
238.355378,39,7893.601256
-40.996195,21,7893.707993
39.109065,26,7893.814862
-36.77907,21,7893.89645
-34.114722,21,7893.978378
-482.310896,101,7894.387882
-107.350738,33,7894.51859
-205.881528,33,7894.652006
80.051958,20,7894.731062
-19.975855,19,7894.807916
-81.655599,29,7894.930871
-72.04224,27,7895.042569
107.624053,32,7895.169875
255.206618,24,7895.265025
-120.016665,19,7895.344954
2.618234,33,7895.46991
163.261646,25,7895.571786
70.755416,21,7895.657479
73.746339,35,7895.821147
-47.517671,36,7895.965723
-306.018284,46,7896.148069
19.429978,30,7908.628129
-255.314582,39,7908.848924
-70.696578,30,7908.976733
-25.347037,20,7909.053629
-51.463767,23,7909.147571
71.000861,20,7909.2254
157.721454,39,7909.380229
-123.063966,34,7909.520382
-22.665833,20,7909.598051
-130.172569,35,7909.735585
37.250755,26,7909.839178
-116.780433,18,7909.914916
-23.403433,20,7910.000949
67.683031,22,7910.089802
-21.189443,19,7910.164229
65.160854,22,7910.257384
-26.396409,21,7910.340824
-90.127811,30,7910.458711
-74.655106,29,7910.5742
-44.838136,23,7910.666102
-16.445953,20,7910.742312
-376.844561,101,7911.140966
-247.94667,69,7911.411528
70.255517,22,7911.499895
-243.301266,37,7911.643813
-249.174039,37,7911.789761
-29.144158,20,7911.866027
72.891612,20,7911.947725
-128.39721,19,7912.024294
-122.373372,21,7912.108635
73.777987,22,7912.197742
-49.695985,25,7912.294579
66.16152,22,7912.381028
-26.951029,20,7912.461558
54.313309,24,7912.55884
-3.493602,32,7912.685203
168.935823,23,7912.780762
-224.304791,47,7913.032177
-33.057347,21,7913.116939
-40.683847,22,7913.204775
69.942362,21,7913.292249
200.774749,34,7913.425425
65.22831,21,7913.515115
60.771677,23,7913.606343
-132.652097,35,7913.743146
-180.720815,30,7913.864677
-21.721216,19,7913.939079
-52.99611,40,7914.093502
-25.145353,20,7914.17532
151.577671,26,7914.278939
-26.735166,19,7914.358615
-133.557181,22,7914.447553
-90.333903,27,7914.557115
-135.964183,22,7914.646239
65.77703,22,7914.742839
-85.868288,31,7914.873605
-126.772899,22,7914.963052
-22.058696,19,7915.038511
-124.676306,35,7915.177609
-126.801572,19,7915.257337
-158.5681,25,7915.357898
-29.56307,21,7915.444319
-163.245049,28,7915.559668
67.31256,21,7915.64113
66.55079,21,7915.72621
-308.990437,53,7915.935465
-60.306982,44,7916.103553
-118.484962,37,7916.243793
49.481118,25,7916.341473
-246.529157,37,7916.492976
-26.710013,21,7916.578442
-62.801304,28,7916.690095
168.884586,23,7916.782993
-25.919607,20,7916.864969
-24.339518,19,7925.671362
-48.817206,25,7925.829548
-35.507871,24,7925.953636
-138.059355,23,7926.059128
-32.528632,36,7926.205765
-59.604904,25,7926.305807
-133.042128,20,7926.389246
189.345648,20,7926.471376
-95.401249,31,7926.596956
162.371811,22,7926.686634
60.23193,23,7926.780288
-163.046831,37,7927.038518
-259.33499,45,7927.225852
-296.63575,69,7927.505605
-26.242111,20,7927.58374
-199.127493,31,7927.703143
28.633676,29,7927.817378
-137.953343,22,7927.90482
-37.645984,22,7927.991591
-533.865285,82,7928.314492
144.959584,27,7928.425317
-23.180757,19,7928.501024
-27.611073,20,7928.581268
44.44075,26,7928.683865
-128.881841,35,7928.820895
-142.910592,24,7928.914157
43.209377,26,7929.018837
-179.165239,28,7929.130925
-500.054416,101,7929.538769
-186.07257,30,7929.652473
-81.853107,29,7929.767423
-161.895149,40,7929.935193
152.524035,24,7930.032983
-33.234935,21,7930.115504
-25.381449,19,7930.200194
-146.451163,37,7930.348567
-20.839314,19,7930.425275
-116.329858,19,7930.500762
-129.121773,21,7930.5859
-132.601865,20,7930.662983
-134.172736,20,7930.739767
-26.810774,19,7930.814174
-29.349698,20,7930.891004
55.836999,24,7930.986281
-301.25768,45,7931.16334
-34.258298,21,7931.2451
71.263535,21,7931.326396
-63.43411,28,7931.436256
138.581799,81,7931.765342
345.088478,34,7931.905875
-260.788986,37,7932.054613
-48.340791,22,7932.141632
-357.82171,65,7932.430879
-124.026596,19,7932.547498
-239.058056,36,7932.722355
-99.329963,33,7932.898627
-246.302209,45,7933.15062
-45.931118,36,7933.37491
-177.674013,56,7933.797035
-46.762814,22,7934.020406
-35.216489,22,7934.1912
-158.19685,24,7934.328524
-199.160563,34,7934.535647
-196.565926,31,7934.680176
-133.723358,36,7934.835876
-242.806538,37,7943.821164
-83.49877,29,7943.989517
-235.984284,36,7944.158274
-79.844824,29,7944.272206
70.452554,21,7944.35526
-236.819488,37,7944.504593
-584.245217,101,7944.914228
-27.262574,21,7944.999705
-22.861073,19,7945.071131
69.516654,20,7945.149512
70.865936,21,7945.241202
45.114697,25,7945.345009
56.061365,23,7945.43504
-181.195259,29,7945.54627
-46.792588,23,7945.636712
161.252749,31,7945.76115
-12.854841,19,7945.839859
-31.261233,22,7945.923399
-28.580249,20,7946.00348
-125.799447,19,7946.078082
50.758555,23,7946.170388
-125.791867,19,7946.241779
-36.493064,22,7946.327544
55.23683,23,7946.420563
-126.458547,19,7946.496296
-141.291212,24,7946.592
-23.544419,21,7946.674398
-224.3542,36,7946.824976
-22.315541,21,7946.905308
-82.424769,33,7947.044856
-25.03381,19,7947.11587
-131.610341,37,7947.259552
-41.708366,23,7947.350376
-26.094445,20,7947.428115
-52.965181,25,7947.522919
-38.438148,23,7947.611556
-127.187806,19,7947.683605
-128.69732,39,7947.837296
63.568038,22,7947.924074
13.08738,30,7948.043701
-32.791824,21,7948.122318
178.714517,21,7948.207358
-24.507811,50,7948.401059
212.067217,31,7948.530433
-36.187049,25,7948.629046
-237.02051,37,7948.777756
-71.607803,28,7948.888019
-261.398358,37,7949.043029
64.199794,23,7949.132557
-121.893582,19,7949.655556
-22.835844,19,7949.931917
6.384594,31,7950.078065
-45.353572,24,7950.194991
-131.359509,21,7950.281487
-236.771502,50,7950.495696
-23.798858,20,7950.573637
-348.042937,51,7950.780789
37.414812,26,7950.896942
62.941998,22,7950.980734
-186.715992,29,7951.101658
-20.214469,19,7951.176505
-24.358001,19,7951.250933
-44.887644,22,7951.339829
-113.508903,18,7951.410136
-129.300986,19,7951.546856
-42.630087,23,7951.638403
-46.981459,24,7951.734586
63.750976,22,7951.822247
-27.88766,21,7951.917021
-43.307388,22,7952.005362
-10.179378,18,7952.081072
-25.432606,19,7952.157509
-62.095669,26,7952.26132
-98.886138,53,7952.474827
-19.25142,19,7952.550657
174.81957,22,7952.635182
-239.116801,37,7952.788736
-24.628558,20,7965.007799
-23.576323,19,7965.128456
61.04884,23,7965.240363
-124.012339,18,7965.31338
191.92458,21,7965.397065
-32.529839,36,7965.540432
-246.791641,37,7965.683716
46.101307,25,7965.784125
-25.210403,20,7965.866237
-176.15299,29,7965.981634
62.914632,23,7966.072271
-322.634519,58,7966.299514
-30.216002,21,7966.386968
75.100209,20,7966.472915
-33.309853,23,7966.56138
64.280618,22,7966.650624
157.736661,27,7966.758536
72.219251,22,7966.845801
-23.806838,19,7966.922835
-100.569688,32,7967.046605
-38.25893,23,7967.137274
78.513752,21,7967.215281
169.096454,21,7967.297597
80.959972,19,7967.370716
59.621772,23,7967.460909
-250.9975,42,7967.628731
-97.175205,31,7967.749305
-127.46904,19,7967.82561
-275.929759,41,7967.991509
72.430538,78,7968.297082
-126.238757,35,7968.435745
-26.354569,20,7968.518806
208.116669,52,7968.719582
-201.108226,33,7968.850769
-332.172743,52,7969.059035
-128.331574,19,7969.132916
-35.898645,22,7969.220452
71.02813,20,7969.300793
-36.177118,22,7969.388129
-138.585833,22,7969.478219
-97.881391,33,7969.604703
-28.630209,21,7969.684458
-144.220559,22,7969.769376
-24.776458,19,7969.843676
-98.909122,32,7969.977513
-99.413051,33,7970.109657
-697.869799,101,7970.525967
-32.23715,20,7970.606235
-34.517095,40,7970.766984
66.874249,21,7970.850904
-25.266344,20,7970.93165
-132.330754,35,7971.073025
-24.057118,20,7971.148631
225.538099,31,7971.27213
-142.812716,37,7971.423712
33.065986,26,7971.524554
48.794183,25,7971.628481
-23.423952,19,7971.707563
-28.01335,20,7971.786293
78.844108,20,7971.867789
-294.057036,59,7972.099754
-26.102022,19,7972.173199
-32.754765,22,7972.26324
-56.818617,26,7972.368764
-261.99974,37,7972.510976
-27.643708,20,7972.588927
-145.783669,37,7972.732031
-115.341242,33,7972.862872
-55.828855,26,7972.967549
33.466376,28,7973.07757
-35.001807,23,7981.765249
-134.898385,21,7981.904357
-132.19948,20,7982.01162
109.39319,30,7982.14556
-37.380673,22,7982.230355
162.488539,22,7982.313619
-48.32774,25,7982.417295
-118.782542,18,7982.48966
-35.202205,24,7982.583058
41.248705,26,7982.684803
-220.924403,47,7982.864812
64.372225,22,7982.948295
-36.27879,22,7983.03822
43.654758,26,7983.142286
-150.555248,28,7983.251641
-63.472682,37,7983.500046
176.827406,23,7983.598455
-30.016756,21,7983.68261
-34.706753,21,7983.772194
-37.691586,22,7983.861214
-231.271333,55,7984.076432
-38.514007,41,7984.236291
-143.653378,22,7984.323111
-224.544372,43,7984.495574
33.126716,27,7984.610791
-149.99059,24,7984.704501
-266.378298,35,7984.846296
-246.444965,37,7985.000147
175.140229,22,7985.086364
85.973859,20,7985.168264
-2.219005,31,7985.299978
-30.716605,35,7985.440106
-10.216817,18,7985.512077
-248.492667,37,7985.661125
72.44539,20,7985.737812
146.969468,26,7985.8418
-29.932671,20,7985.920098
-129.112178,22,7986.00796
-52.86429,24,7986.10523
-25.487731,20,7986.181137
-33.570934,36,7986.324343
-61.111836,26,7986.42982
40.770407,26,7986.534354
-207.704783,44,7986.713362
-135.271724,23,7986.802959
-55.499038,25,7986.903171
4.427974,31,7987.026898
-231.543079,34,7987.166941
-23.656497,19,7987.240574
-30.76703,21,7987.328116
246.018036,25,7987.43305
-186.353031,42,7987.604889
72.234682,20,7987.682566
-198.869297,59,7987.915057
-339.571612,49,7988.117096
-162.981809,26,7988.226973
-24.295952,37,7988.375865
-136.026307,36,7988.519589
-98.685814,31,7988.641205
6.347749,51,7988.846656
-14.88431,19,7988.968514
165.331448,21,7989.112268
-62.253129,27,7989.363064
-31.554105,22,7989.532633
72.955499,20,7989.691868
-50.879541,36,7990.060089
22.209694,28,7990.334109
-42.867737,24,7990.569107
-443.895562,75,7991.187002
-145.458569,38,7991.403874
-137.688436,21,8001.027093
71.596741,20,8001.160108
-24.551298,19,8001.265583
-235.88448,49,8001.493732
-54.575135,48,8001.682786
-63.603937,26,8001.783709
-59.877683,40,8001.941955
-129.609007,19,8002.013537
-36.066635,23,8002.114989
171.954424,20,8002.196451
-62.821123,27,8002.303208
-74.436353,32,8002.42653
-129.029676,19,8002.501884
-44.640527,23,8002.594168
-32.238351,21,8002.67669
-38.807712,23,8002.773365
-42.879232,48,8003.041624
103.522109,24,8003.385153
-20.75803,19,8003.476185
-23.659406,20,8003.557082
-49.33538,44,8003.733099
-14.475225,19,8003.810097
-26.169594,20,8003.888436
-143.805286,24,8003.987909
-79.019957,32,8004.124629
-111.464706,18,8004.198136
357.945687,23,8004.295643
-24.414308,19,8004.371687
-21.628848,21,8004.456941
-26.046197,20,8004.540198
67.369347,21,8004.657728
-21.573493,19,8004.741888
-32.154272,22,8004.847676
-221.425407,35,8005.009869
-25.909939,20,8005.095401
-29.382236,23,8005.198314
45.187679,25,8005.30652
42.738551,27,8005.42524
-143.235217,37,8005.595015
83.52785,20,8005.678192
-23.123042,19,8005.758616
-50.135116,23,8005.861428
71.798047,21,8005.963033
182.060507,20,8006.045808
66.306162,21,8006.134504
-26.499204,22,8006.22455
205.585409,21,8006.312689
68.166022,21,8006.39855
33.632308,26,8006.504307
-39.06916,24,8006.603608
248.176636,32,8006.736327
-33.78893,21,8006.821208
-131.135029,23,8006.916831
-22.854103,19,8006.992068
-226.381375,64,8007.240968
70.791208,20,8007.325729
-46.418325,25,8007.431861
116.264359,48,8007.703867
-22.201228,21,8007.795884
-37.635112,21,8007.876392
83.604443,19,8007.9555
-218.043128,36,8008.101798
-132.192538,20,8008.179775
63.125813,22,8008.270381
41.891239,27,8008.375483
-165.499232,29,8008.493888
-15.703297,32,8008.624201
-43.318665,37,8008.771964
-121.143268,18,8008.840721
150.928445,24,8008.933532
73.153001,20,8009.009662
58.733763,23,8009.103784
-175.814466,28,8009.217849
-142.261655,24,8009.314763
-17.237859,19,8009.390881
-124.952076,19,8009.467856
-21.275882,19,8009.542114
-182.366111,30,8009.659631
-24.026833,21,8009.746338
-14.161661,33,8009.884502
169.027642,26,8022.469194
-415.147072,78,8022.868933
-35.416869,38,8023.016786
63.886376,22,8023.105681
-134.141868,22,8023.192316
-144.823961,39,8023.350395
69.038805,21,8023.434135
85.930458,19,8023.5056
-181.496802,30,8023.61774
75.483625,39,8023.769166
-25.19703,19,8023.845629
-182.752457,30,8023.965869
193.543977,25,8024.067582
-30.229273,20,8024.147036
-136.836761,37,8024.289517
-69.194559,30,8024.40248
69.821424,21,8024.481207
-132.584603,20,8024.561345
-44.83292,24,8024.65417
-124.085039,18,8024.72633
-61.84549,25,8024.82396
-28.734636,20,8024.903984
65.959592,21,8024.995803
142.740348,27,8025.105289
-295.918649,46,8025.285802
177.791282,51,8025.489558
-32.039745,20,8025.568612
-129.18299,19,8025.641176
-4.618166,31,8025.766274
-67.735109,27,8025.869459
40.234814,26,8025.97129
-30.119461,21,8026.054394
-88.366224,30,8026.171409
-132.021502,20,8026.250437
-30.809527,20,8026.330861
28.729024,28,8026.44359
-51.743296,36,8026.581691
177.668248,22,8026.669586
61.666407,22,8026.759662
58.20431,23,8026.846301
77.87289,20,8026.920305
61.755186,23,8027.009618
-25.168657,20,8027.087042
-143.298864,38,8027.237814
-186.384061,29,8027.355491
-86.489408,32,8027.484732
-245.871584,37,8027.631079
-205.142757,59,8027.864525
-26.465237,21,8027.948007
-125.314449,21,8028.031575
-125.498963,19,8028.104148
-123.006449,19,8028.177359
-131.004753,40,8028.329982
-117.503918,34,8028.473229
90.93219,33,8028.604499
-134.490432,36,8028.750872
-154.4779,24,8028.847777
-237.843366,37,8028.997941
27.838175,28,8029.105916
-438.390905,78,8029.417824
-205.266623,32,8029.548997
-21.878247,56,8029.772059
-249.779821,38,8029.924929
30.562697,42,8030.09934
-180.71836,30,8030.219147
-56.055646,27,8030.331826
-25.420157,20,8030.419153
-182.384841,29,8030.537113
-77.239806,29,8030.655912
-163.535211,36,8038.285059
-31.307223,20,8038.384335
-101.301404,32,8038.524151
49.525988,25,8038.628146
-25.79031,21,8038.711861
-34.268328,53,8038.926469
-122.214032,34,8039.06274
-31.904916,22,8039.157285
-450.592178,101,8039.570927
240.011375,25,8039.670325
-242.819026,37,8039.816825
38.858915,39,8039.98046
-57.853578,26,8040.085189
212.269583,20,8040.164937
61.202249,22,8040.335683
-1.294526,36,8040.493367
-42.812755,24,8040.591263
352.119855,27,8040.701579
-20.422928,19,8040.778919
-125.457875,19,8040.860022
-49.40574,24,8040.957959
-69.779791,27,8041.061868
-139.141195,38,8041.211992
-126.545573,36,8041.358309
39.253253,25,8041.462843
-32.893925,21,8041.54391
-22.82595,35,8041.686038
7.686309,32,8041.811022
-124.69031,19,8041.891071
-44.098265,24,8041.991592
-123.869751,19,8042.06853
-33.203534,22,8042.15878
-160.043773,37,8042.307344
-32.269106,21,8042.39361
78.654721,20,8042.543767
-117.760315,20,8042.629456
71.553673,20,8042.706459
-31.765966,22,8042.793642
-131.256681,52,8043.004971
80.118737,19,8043.083245
86.776057,20,8043.163612
-122.063001,18,8043.235247
-151.636108,24,8043.338376
-33.925842,24,8043.441943
-33.449891,22,8043.537073
29.505686,26,8043.644707
-21.216516,20,8043.732196
62.9589,21,8043.819195
-23.886938,19,8043.895366
-39.722895,25,8043.995817
-16.536616,19,8044.073486
-158.181709,37,8044.215925
-308.24022,48,8044.412011
-64.951421,27,8044.520497
34.611318,26,8044.644379
-168.920035,26,8044.757761
-27.652156,20,8044.834329
-147.041982,28,8044.951525
-18.363364,20,8045.03143
-259.648592,42,8045.198582
-131.487242,20,8045.279649
-140.386332,36,8045.432019
-126.347952,20,8045.509265
-159.038626,27,8045.617038
-114.221122,19,8045.718761
37.807338,26,8045.863698
-83.336472,32,8046.030592
-49.332437,24,8046.153042
-121.137473,21,8046.277641
-138.12346,52,8046.576549
-82.302488,30,8046.753308
17.447794,29,8046.922442
-33.294966,23,8047.116864
-48.436293,24,8053.653824
70.728066,20,8053.766958
-12.20237,19,8053.864014
-164.151778,40,8054.030285
-62.860712,29,8054.150231
-26.281725,19,8054.230949
-30.285506,23,8054.326403
41.593552,27,8054.439644
-1.87418,36,8054.586559
168.686311,21,8054.672584
58.314869,23,8054.765902
-161.666378,37,8054.917004
67.754406,21,8055.012444
-111.873168,64,8055.2942
-38.293471,23,8055.390605
-34.145234,24,8055.500317
70.278456,20,8055.590364
-117.611662,18,8055.661275
-19.252011,19,8055.741661
-118.797071,19,8055.818813
-72.133855,29,8055.940528
-147.441708,36,8056.084376
-34.899235,23,8056.178195
-203.92986,33,8056.312405
-25.442368,20,8056.398586
93.884068,32,8056.530595
209.210174,31,8056.659118
25.617492,28,8056.780022
-22.824646,19,8056.855128
-23.267228,20,8056.937884
51.420182,24,8057.035548
-125.776621,19,8057.131397
-22.527573,19,8057.232179
90.414719,39,8057.40738
-71.538062,27,8057.523575
-148.237488,37,8057.673288
-126.721189,19,8057.748342
-236.530056,37,8057.902411
204.268144,21,8057.991419
-102.083023,31,8058.121172
-13.209295,19,8058.200726
-28.090757,20,8058.283223
-126.748807,49,8058.498754
-146.230798,23,8058.592522
43.992507,24,8058.690895
-214.102186,31,8058.821674
-40.381912,24,8058.921452
-15.04313,19,8058.998872
-112.884827,18,8059.077779
35.052352,26,8059.184786
-34.802405,23,8059.277529
53.83205,24,8059.374866
43.62805,26,8059.48922
-35.745243,22,8059.579415
154.81666,23,8059.673659
-122.438507,19,8059.750714
-45.989739,26,8059.860714
-116.80477,19,8059.943477
-37.217036,22,8060.037855
-163.493964,52,8060.322039
-81.686065,29,8060.444691
-37.060628,23,8060.551086
-91.763882,30,8060.673712
-30.881792,22,8060.765143
-26.008126,21,8060.853295
-56.89089,37,8061.005321
-182.269103,58,8061.248141
-129.369464,40,8061.413356
-28.367148,20,8061.496794
-138.606079,36,8061.63954
-32.358313,22,8061.730048
-110.624851,34,8061.873333
-23.679808,19,8061.950496
173.89779,22,8062.044195
-27.315819,20,8062.127185
-7.244271,18,8062.20295
-134.232132,20,8062.285475
-34.925144,23,8071.78014
47.166702,24,8071.926096
-131.214336,20,8072.016714
-61.35922,37,8072.170886
-124.243028,20,8072.25638
63.826573,22,8072.347764
-30.832557,21,8072.437505
-30.273308,20,8072.526252
-229.762133,53,8072.828887
62.280953,21,8073.011604
-40.201063,23,8073.258672
-20.341281,21,8073.420147
-25.139784,21,8073.577783
146.988976,37,8073.76923
-31.528251,20,8073.883705
67.43763,21,8074.028916
41.982072,26,8074.190339
-165.741844,39,8074.365492
-19.261716,20,8074.458239
-128.980142,19,8074.535661
55.735711,24,8074.635754
67.36979,21,8074.746165
-94.448172,32,8074.896503
70.528665,20,8074.98106
-13.807803,34,8075.137036
-114.378882,19,8075.230754
-251.736706,37,8075.645709
-42.673172,23,8075.924678
-163.990226,39,8078.018358
-126.843021,19,8078.171066
39.227857,27,8078.372892
-20.474347,20,8078.599508
66.416274,22,8078.917776
166.18537,21,8079.046529
-21.571606,19,8079.128208
-33.897928,22,8079.236958
-148.737732,37,8079.393274
174.735763,23,8079.51156
-38.524068,25,8079.625584
-131.425718,40,8079.816867
-174.766165,30,8079.965854
-127.551328,21,8080.094014
-24.645195,35,8080.278997
-117.33098,37,8080.45202
71.7452,20,8080.544282
-168.402398,41,8080.745085
57.656769,23,8080.859108
-20.490247,19,8080.938034
-120.472044,18,8081.0335
69.139136,20,8081.131428
-65.318221,27,8081.244588
-45.779471,23,8081.348842
-22.589387,20,8081.433608
-274.293179,41,8081.623284
70.054928,21,8081.715792
58.195133,23,8081.815425
11.931803,32,8082.067355
58.894463,22,8082.180708
-120.28616,46,8084.431943
66.069645,21,8084.625041
-261.242439,39,8084.870226
-34.392963,22,8085.201433
-72.766075,28,8085.570107
144.258908,28,8085.756191
-245.692232,37,8085.937358
-162.822415,48,8086.176758
-90.316536,31,8086.325443
-83.323866,30,8086.497604
-178.368886,29,8086.64665
-20.161071,20,8086.738752
-27.690582,20,8086.824054
23.004129,29,8086.95993
57.402174,22,8087.056895
45.816549,25,8087.161384
-32.871524,24,8087.275831
-53.057654,25,8087.385079
-123.822464,20,8087.470806
-20.721154,20,8095.264967
-138.977399,22,8095.418149
-214.17669,36,8095.612257
-357.694787,52,8095.866968
176.204902,22,8095.965253
267.935483,22,8096.061739
-129.611603,19,8096.139236
71.542101,21,8096.236387
62.57753,22,8096.337722
-36.103171,22,8096.432608
189.82696,19,8096.521162
-142.509029,36,8096.674283
172.334136,21,8096.771384
-31.648981,23,8097.023049
-74.509858,28,8097.216696
-41.115227,38,8097.430545
-47.635922,27,8097.562871
-20.840776,35,8097.726623
-33.899849,21,8097.858838
-55.768912,27,8098.016458
-157.145312,26,8098.371023
-90.152565,47,8098.911489
87.671753,38,8099.146587
-102.646473,32,8099.347052
162.40133,21,8099.484932
-157.48539,25,8099.6188
-16.376967,19,8099.712982
59.236016,23,8099.823793
-80.485975,38,8100.241445
-27.828961,20,8101.782571
39.46064,27,8102.003656
326.85702,28,8102.136427
-148.283754,25,8102.256759
-29.505924,20,8102.340531
-29.986983,21,8102.443209
183.921329,20,8102.533312
-18.651664,19,8102.637179
-51.598753,25,8102.755914
-20.776215,20,8102.84709
-60.429582,26,8102.955252
83.518503,22,8103.050163
154.358962,24,8103.16204
-78.616451,26,8103.273494
-24.744752,21,8103.390539
-30.304264,21,8103.524022
-146.563088,27,8103.666297
-37.596917,22,8103.767076
35.914624,26,8103.888423
-13.184778,19,8103.97211
-50.709808,24,8104.074875
-47.112402,22,8104.182195
-15.621418,19,8104.267108
-33.89737,22,8104.466157
-8.807252,18,8104.687646
108.97582,68,8106.146421
-21.858613,20,8106.470647
-151.237983,24,8107.463168
-140.020258,37,8108.205024
-30.533531,23,8108.420923
101.569136,35,8108.827361
69.629644,21,8109.039504
-23.163047,19,8109.184528
37.660648,25,8109.354853
-125.887501,36,8109.607297
56.498613,24,8109.743163
-25.91009,20,8109.854017
-126.195126,19,8109.950561
-58.971227,27,8110.098939
-126.892502,39,8110.28265
-22.814259,20,8110.379582
-25.379899,19,8110.478147
-26.736158,19,8110.570603
174.437745,28,8110.708141
-161.340763,68,8111.049595
-28.818914,20,8111.137307
182.49916,21,8111.222502
-9.443814,33,8111.369843
69.498947,21,8111.457658
51.315218,24,8118.115619
74.866543,23,8118.249115
-24.994173,19,8118.33594
-116.432198,19,8118.414179
-75.426026,42,8118.590619
-150.784034,36,8118.766389
10.736536,29,8118.889482
-43.127062,37,8119.061205
-301.207389,62,8119.312084
-25.132315,21,8119.39366
-33.50808,37,8119.539275
-40.000903,24,8119.636122
-55.56402,26,8119.742279
-152.797413,26,8119.851143
-13.754136,19,8119.928982
-34.490924,21,8120.027287
-29.312276,20,8120.108267
-145.859349,37,8120.267551
-160.829915,28,8120.384099
-27.678641,21,8120.471259
208.476053,20,8120.555364
-142.566949,36,8120.704002
-17.387874,19,8120.782259
-160.044041,37,8120.930248
-131.028551,20,8121.016674
-24.458087,22,8121.110148
171.328256,23,8121.203815
-7.615338,34,8121.345327
-172.308652,29,8121.47525
-63.297022,44,8121.661944
-29.116728,21,8121.743142
-46.134305,24,8121.848342
49.540686,25,8121.950776
-125.954932,19,8122.032878
-64.559136,26,8122.139652
-18.557587,20,8122.218279
-34.438689,22,8122.311366
-50.618944,36,8122.487713
75.674323,20,8122.579062
-53.16627,24,8122.6912
-17.583599,19,8122.78008
-131.406258,20,8122.89469
72.949953,21,8122.994288
-128.025119,19,8123.095536
-127.452518,19,8123.196901
-131.048458,20,8123.299302
-37.832559,23,8123.412736
-132.205755,20,8123.500675
-100.777242,32,8123.630375
-149.00596,25,8123.728141
-129.68874,21,8123.815518
-48.851753,25,8123.921088
69.43007,21,8124.004072
-29.798292,20,8124.086562
-115.142091,33,8124.218161
-124.291246,36,8124.372949
-15.602445,19,8124.452778
48.230039,25,8124.565018
-17.123883,19,8124.64013
53.48539,24,8124.83182
35.267328,27,8124.945011
157.858148,23,8125.046957
77.172407,20,8125.132733
-35.349305,22,8125.230622
58.308151,22,8125.319227
-30.529953,21,8125.489094
61.883279,22,8125.601123
-38.562031,23,8125.714847
-27.853333,20,8125.80578
-21.276504,20,8125.899407
-36.902229,21,8125.987745
45.325254,27,8126.10487
-130.961329,20,8126.183978
-42.679485,24,8126.284297
-44.568024,37,8126.4496
59.487416,23,8126.540239
-127.702658,19,8126.61672
163.848179,22,8126.700965
50.408387,23,8126.809259
141.65293,25,8126.912634
54.032649,24,8127.008862
-126.977263,19,8138.814892
-76.452754,30,8139.095186
-10.618539,18,8139.22519
-25.602683,20,8139.427863
31.416679,28,8139.634165
-29.158778,20,8139.732859
47.130799,25,8139.846496
-131.790804,35,8140.002937
-20.553955,20,8140.085781
40.840471,26,8140.192662
-128.953117,19,8140.273584
-243.12287,34,8140.41202
-206.813745,35,8140.565637
265.734761,36,8140.711536
-118.536936,20,8140.793331
-588.578416,101,8141.225041
-14.701261,18,8141.298928
-40.239655,25,8141.405005
-23.420239,19,8141.482605
-37.674669,23,8141.57991
-27.470547,20,8141.66743
-22.504571,19,8141.74129
-73.434075,29,8141.860883
-22.576127,19,8141.939738
-53.939312,25,8142.051879
-123.499055,21,8142.135252
-119.915729,20,8142.218893
-60.579738,26,8142.329557
-212.969767,33,8142.476385
70.772395,21,8142.562647
-25.537287,19,8142.642403
-20.144614,19,8142.724705
52.313882,24,8142.816575
-74.758343,29,8142.935006
-48.388499,37,8143.098441
-63.129786,27,8143.210844
-50.4982,23,8143.303886
-237.439015,33,8143.45061
-23.842956,19,8143.527273
1.491011,34,8143.661908
-129.483763,21,8143.744023
-137.322584,21,8143.83332
-125.508784,38,8144.001269
-80.281053,28,8144.149741
85.040783,19,8144.233927
-243.244956,37,8144.379814
-111.255826,62,8144.661481
-235.066996,43,8144.848406
55.639698,23,8144.938002
-62.409891,27,8145.054105
-21.756505,19,8145.132333
46.649325,38,8145.322631
-34.176866,24,8145.425404
-29.484085,22,8145.529035
90.06655,21,8145.622754
-167.373488,25,8145.731272
-28.154431,20,8145.813912
-30.462288,20,8145.902744
-61.654348,25,8146.002667
-56.273898,24,8146.101763
-21.30997,19,8146.178407
-210.062103,35,8146.389319
-154.842249,23,8146.85369
-16.31463,19,8146.961192
-18.464744,19,8147.047347
169.392923,23,8147.145489
-26.808969,19,8147.220477
-88.712401,30,8147.360995
-23.177281,19,8147.460557
-192.710968,32,8147.592438
137.823349,25,8147.696405
64.451739,22,8147.799786
72.849723,21,8147.902425
-139.119543,21,8147.998508
-345.114601,54,8148.243395
-177.176803,42,8148.424069
72.527621,20,8156.558262
-52.679352,25,8156.754963
-78.578217,29,8156.905939
-171.931482,40,8157.096481
175.412484,22,8157.192149
-36.719812,22,8157.296041
-27.463649,21,8157.403449
-24.207944,19,8157.494879
-17.895315,19,8157.574692
66.93338,22,8157.666815
-211.828648,32,8157.801356
41.115474,26,8157.912142
-130.486093,35,8158.058792
78.264866,19,8158.145365
-132.378406,20,8158.228299
-251.079644,37,8158.384388
-109.953797,35,8158.538084
-26.873211,19,8158.621592
205.242537,24,8158.717579
-162.416451,47,8158.91468
51.343391,23,8159.004404
-133.027597,53,8159.217608
50.175666,25,8159.322369
-24.200182,19,8159.401631
-124.125696,18,8159.481383
-120.485014,33,8159.63061
-16.314336,19,8159.806041
22.805775,28,8159.939459
-162.082618,37,8160.099432
59.519214,23,8160.213661
-224.017355,50,8160.427925
-260.06557,38,8160.600943
-35.825801,22,8160.691457
-23.239029,19,8160.770612
-152.443696,25,8160.869191
-34.487967,22,8160.961044
-62.228523,27,8161.068945
-124.831897,20,8161.150532
-44.810389,39,8161.318009
-59.031344,27,8161.435145
-22.653216,19,8161.523171
-44.377156,24,8161.626618
-6.565859,35,8161.775014
-28.992995,21,8161.860962
-31.687318,21,8161.94826
-32.589757,23,8162.043895
63.97659,22,8162.145924
202.425136,22,8162.293978
-16.649421,19,8162.373501
-49.838841,24,8162.5023
68.167649,21,8162.591211
-40.033051,35,8162.730731
-170.961375,42,8162.906177
58.81546,22,8162.995418
-24.134406,19,8163.084655
-44.205391,24,8163.194995
20.215173,28,8163.313099
-29.293456,21,8163.396534
-206.35913,53,8163.655755
-29.63005,21,8163.769384
42.235773,25,8163.888821
-39.420777,23,8163.997871
-487.899046,101,8164.525013
-17.066358,20,8164.617563
-25.757637,19,8164.734776
-24.289222,19,8164.83072
-118.869208,35,8164.988951
7.665695,31,8165.134166
154.998785,26,8165.304634
-83.746029,47,8165.594865
159.658482,25,8165.743502
-61.705975,29,8165.941888
57.277418,25,8166.246215
-23.949576,19,8166.593388
-258.811225,37,8176.948936
-298.619915,101,8177.666709
-57.109687,25,8177.806034
-62.156224,27,8177.934954
-514.005194,99,8179.419361
-126.26141,19,8179.514585
-17.885835,19,8179.599288
-485.837563,68,8179.947479
-14.603438,36,8180.146922
61.697864,22,8180.23588
49.383163,23,8180.348167
-204.00041,43,8180.529335
-21.604611,19,8180.609435
-33.266718,23,8180.702323
-144.364696,24,8180.80609
-42.690498,22,8180.899197
-177.396689,55,8181.131425
61.421873,22,8181.222547
-62.494994,29,8181.344766
-37.06878,23,8181.452434
72.43432,20,8181.530971
178.757135,24,8181.630178
-25.5149,19,8181.707836
16.734979,29,8181.83478
-128.643694,19,8181.925461
38.891201,26,8182.033893
25.09883,28,8182.147383
-31.079882,21,8182.227181
-73.420666,28,8182.338149
70.85813,21,8182.431425
-359.604861,53,8182.657432
74.084005,21,8182.74328
-26.958565,21,8182.826733
-122.972305,19,8182.903033
-50.514175,25,8183.001934
-114.212032,48,8183.197963
55.596895,24,8183.305814
331.207965,28,8183.4224
-50.64721,36,8183.577292
-140.546396,41,8183.741824
-70.904022,28,8183.86291
-43.03057,22,8183.96052
-51.316647,27,8184.069111
-130.256411,19,8184.151486
-272.416874,36,8184.297689
180.944828,22,8184.386878
110.595012,22,8184.479359
-45.334354,22,8184.575225
66.521062,21,8184.655158
-83.377439,28,8184.768445
-30.562283,21,8184.85633
-26.070065,19,8184.930819
-129.562177,21,8185.018395
-94.722021,29,8185.139089
-366.721939,61,8185.392184
-125.169848,52,8185.598583
-196.869999,31,8185.725598
-13.802764,19,8185.895714
-23.586502,21,8185.983117
265.042405,22,8186.082228
62.267767,25,8186.18066
50.630083,25,8186.297432
-29.111192,20,8186.377944
-127.72834,20,8186.462985
-315.464311,67,8186.739993
-128.743997,19,8186.818638
-129.84935,19,8187.046852
-148.866773,25,8187.228459
-21.79177,21,8198.368672
-123.549765,19,8198.491083
-144.602312,37,8198.677456
250.104312,33,8198.828893
-180.22839,29,8198.956769
-23.694893,20,8199.045689
70.589056,21,8199.13442
73.202072,21,8199.228677
-130.637208,20,8199.314717
-129.243844,20,8199.394698
-108.504316,34,8199.553297
-149.687196,37,8199.702621
-55.13907,26,8199.81513
168.866343,23,8199.912415
-124.755622,19,8199.991409
201.179253,20,8200.103962
78.755932,22,8200.201405
-8.87143,18,8200.281837
-110.31793,32,8200.42417
-17.955377,20,8200.506425
-115.767644,33,8200.64498
0.04701,31,8200.777549
-31.069753,20,8200.856848
-136.191426,36,8201.003018
185.6985,20,8201.097085
65.018485,22,8201.187148
-245.142878,37,8201.33545
-60.18259,26,8201.446702
49.191877,25,8201.559481
-21.653309,19,8201.638558
65.211057,23,8201.736626
-160.676946,25,8201.83867
-7.425703,33,8201.980956
-30.048634,20,8202.063239
-39.970719,36,8202.21343
104.403824,21,8202.325811
-110.31664,34,8202.481562
-116.470329,20,8202.569933
-125.810362,19,8202.649674
-26.925627,20,8202.729336
-42.16943,23,8202.823549
-19.551009,20,8202.909181
-143.436907,23,8203.012647
196.914915,20,8203.09514
-30.192465,20,8203.184347
-24.353568,19,8203.265955
-27.55275,19,8203.340896
-161.001931,37,8203.489127
-12.953356,19,8203.567695
-29.044809,20,8203.656462
-152.401462,69,8203.95141
-129.863204,22,8204.04611
167.0778,21,8204.131444
-119.928464,37,8204.2883
-137.358742,21,8204.376365
-24.617525,19,8204.451035
-252.351835,57,8204.676251
-35.208859,22,8204.763616
-28.733322,21,8204.846227
-115.05292,19,8204.925024
-23.214981,19,8205.004826
-182.339179,34,8205.147137
62.312644,22,8205.237463
8.731044,32,8205.364043
29.871622,31,8205.491458
-116.892165,34,8205.634297
-28.308984,35,8205.778249
-202.006058,48,8205.973899
-119.338494,31,8206.102689
-164.744627,55,8206.325138
-43.381646,24,8206.424613
-87.918502,30,8206.544114
-139.192076,25,8206.644063
-250.65694,38,8206.802698
158.714381,23,8206.891915
-33.781908,22,8206.987226
256.997733,78,8214.318341
-63.610641,27,8214.431615
-25.972527,19,8214.511488
66.237209,21,8214.59094
-471.284534,101,8214.998122
55.471212,24,8215.102174
50.455187,24,8215.202977
-12.759138,18,8215.28011
-23.091996,21,8215.364283
60.490052,23,8215.457006
12.937883,30,8215.575288
-91.678778,31,8215.702362
-41.965369,25,8215.802583
-131.094561,21,8215.897613
-49.122456,25,8215.99749
261.058375,22,8216.088988
171.183747,23,8216.190929
66.815928,21,8216.287546
-128.275017,19,8216.364159
74.841877,20,8216.455752
-128.680915,19,8216.531729
-163.408068,40,8216.697274
78.879105,20,8216.77936
-125.0607,35,8216.917693
-243.929937,37,8217.074579
-44.431641,38,8217.233361
162.780258,51,8217.726654
-381.883271,54,8217.96229
65.894575,21,8218.048842
-229.797228,71,8218.345311
-134.289857,42,8218.52223
-34.577131,20,8218.611181
-48.25641,23,8218.709057
-197.601705,46,8218.908559
-25.905708,19,8218.996014
-143.607226,37,8219.153992
-22.783623,19,8219.229746
73.077362,21,8219.317436
-204.486445,61,8219.565972
-49.833469,25,8219.668014
-17.026623,18,8219.738833
192.515939,21,8219.826789
-61.985798,27,8219.942349
-107.460666,34,8220.091006
-26.898405,21,8220.184427
-45.656533,23,8220.304652
-119.114401,19,8220.390695
159.789513,25,8220.495558
-131.2506,21,8220.591925
-123.09102,21,8220.678409
-51.573458,25,8220.77765
-18.712215,20,8220.859195
-49.178962,26,8220.966663
-23.279456,19,8221.048715
-47.245719,25,8221.152774
-164.86698,27,8221.263955
-8.265269,18,8221.33767
-48.650582,26,8221.453365
-66.102121,25,8221.558372
-127.21594,41,8221.718734
-25.212619,19,8221.79519
-17.692667,19,8221.878021
-99.329026,99,8222.278597
61.506011,22,8222.374813
-25.209553,21,8222.463714
44.525125,26,8222.576649
-26.35104,19,8222.659435
-57.923805,25,8222.766913
-32.645747,23,8222.860634
-157.465372,37,8231.363074
69.424816,20,8231.464399
72.139521,21,8231.553293
71.287766,20,8231.639673
-375.559297,54,8231.870791
-98.090462,31,8231.997841
-46.127727,25,8232.106721
-134.718066,23,8232.207368
-157.249927,25,8232.308529
14.586928,29,8232.430185
-98.089413,32,8232.558518
167.549925,23,8232.654622
-91.485736,50,8232.86022
-116.496143,20,8232.940576
-25.5906,33,8233.070853
-34.740077,24,8233.173539
-96.406812,31,8233.30083
-168.664541,28,8233.414734
-175.655408,28,8233.527727
69.599022,21,8233.616193
55.748303,24,8233.713154
-25.291827,19,8233.793634
-202.383399,30,8233.92296
-83.687055,43,8234.100429
-45.270645,24,8234.199339
62.025407,22,8234.290921
53.324219,24,8234.388092
55.868262,22,8234.479164
-54.899576,37,8234.627105
-1.097868,33,8234.754711
-44.516273,23,8234.845776
-69.00972,31,8234.971712
-131.937566,20,8235.050275
-444.685765,101,8235.4759
-56.987565,24,8235.572915
-29.70741,21,8235.658944
-22.011252,19,8235.734174
-183.880612,33,8235.868657
-94.642131,30,8236.489537
67.614048,22,8236.643077
-21.655194,19,8236.728349
-64.888409,27,8236.846656
-198.477679,33,8236.98175
-164.208713,37,8237.139819
-18.818038,19,8237.216541
-29.841685,21,8237.298179
456.33222,23,8237.39831
41.991117,26,8237.527338
-321.386555,48,8237.725434
-127.621136,19,8237.801182
57.755835,23,8237.897007
-181.028292,29,8238.01931
-89.888945,30,8238.143016
40.359114,25,8238.245023
-28.396402,21,8238.335177
-202.040978,29,8238.448882
-238.192164,35,8238.591621
-74.678976,29,8238.717367
471.747575,24,8238.823059
-199.231348,51,8239.037035
-126.618736,20,8239.122325
43.356401,24,8239.220694
47.805135,25,8239.318466
45.023511,24,8239.421375
-32.652571,20,8239.505743
-27.799254,20,8239.586859
34.943034,27,8239.786932
-161.913508,25,8239.893004
-243.369122,37,8240.042665
-104.193209,31,8240.182415
-15.970802,19,8240.259449
-33.589677,42,8247.908427
-17.327185,19,8248.057498
-128.605426,19,8248.163901
-15.277421,19,8248.250115
-50.541686,25,8248.352508
-151.766401,43,8248.533036
-64.510039,40,8248.694262
-124.353476,22,8248.78409
-25.374687,20,8248.863636
-37.206817,22,8248.952551
-127.170543,20,8249.03815
69.440955,21,8249.127065
-126.679714,19,8249.212448
-39.222738,23,8249.309838
-29.177573,20,8249.393081
-115.835767,18,8249.46819
-141.825153,43,8249.651652
-65.934728,30,8249.770638
-38.839674,24,8249.866688
-50.834448,25,8249.964674
-212.583819,46,8250.159421
-36.42775,36,8250.311139
-43.645396,23,8250.404838
-21.319029,19,8250.485651
66.151678,21,8250.570004
-127.506887,19,8250.645315
-47.020121,23,8250.732853
-145.931248,24,8250.830928
-128.442967,19,8250.909023
-24.361105,19,8250.989122
348.545686,25,8251.089664
-123.593993,19,8251.164644
-23.027241,19,8251.240301
-28.647808,20,8251.320559
-326.503472,88,8251.682169
42.869723,27,8251.794056
-340.507374,84,8252.149839
58.844924,23,8252.247862
-132.253703,35,8252.394498
-169.38317,26,8252.504326
-430.27903,68,8252.791323
-141.83909,24,8252.88958
-155.977206,54,8253.107931
-23.875842,19,8253.194999
69.847053,21,8253.282433
139.576741,27,8253.391713
28.232094,26,8253.509901
-152.634769,39,8253.695995
-151.15975,44,8253.882399
63.078367,22,8253.97078
69.595454,21,8254.058617
-44.403806,25,8254.160071
-45.778268,24,8254.266133
-121.995593,19,8254.34625
-31.093707,21,8254.432655
36.133009,27,8254.543106
-41.224148,36,8254.690082
189.527487,19,8254.766862
-115.839422,19,8254.84282
52.182997,24,8254.939091
-29.701861,20,8255.023922
-69.213872,26,8255.138125
-25.99348,19,8255.219415
258.824233,28,8255.33575
-10.713437,18,8255.413369
-128.91486,20,8255.498343
-145.491682,52,8255.714978
-218.335642,33,8255.841748
-27.598177,20,8255.922387
43.121462,37,8256.072864
-26.256831,20,8256.154644
-22.044474,21,8256.238681
-31.410429,20,8256.318544
-54.447741,37,8256.470717
-241.42166,59,8263.659635
-148.787517,37,8263.813061
214.283165,34,8263.960029
56.498136,23,8264.059145
-253.21684,50,8264.270548
-150.925923,26,8264.376963
-136.445162,36,8264.52167
-22.333437,19,8264.598124
44.141894,29,8264.719492
-29.154581,20,8264.803541
-167.455107,28,8264.922175
-123.502646,20,8265.004402
-39.587689,26,8265.116658
77.904746,21,8265.2
-28.433617,21,8265.285338
-488.379264,101,8265.694208
-199.268522,44,8265.875419
-120.608827,19,8265.95226
-99.737011,46,8266.145028
-48.601721,38,8266.298126
-8.706267,18,8266.370193
-18.948601,19,8266.44855
-162.83639,26,8266.555666
188.170943,21,8266.640735
-99.875754,36,8266.78626
-63.795685,28,8266.898479
-51.055889,25,8267.003969
-128.537794,19,8267.080346
171.515243,23,8267.173407
-130.55643,36,8267.428116
-285.354974,42,8267.604315
-26.593271,22,8267.69214
-126.487405,36,8267.835019
-183.87491,29,8267.954217
64.648712,21,8268.040335
-397.702237,101,8268.457937
55.332853,22,8268.624854
-26.369645,19,8268.706696
-29.062683,21,8268.789162
-30.001199,23,8268.8783
-33.327279,21,8268.964428
-294.293512,60,8269.208888
-32.169474,20,8269.292056
-217.786579,35,8269.434862
129.095313,29,8269.558107
-33.079394,22,8269.663557
-20.87753,21,8269.763769
-22.496608,20,8269.860036
-123.169718,19,8269.947396
50.52108,25,8270.066798
-116.104032,18,8270.162687
-30.890375,22,8270.263156
-130.092358,19,8270.345167
-31.056449,35,8270.49667
178.514491,23,8270.58892
64.817623,21,8270.67422
75.73549,22,8270.765173
-181.621882,42,8270.940107
-155.295833,24,8271.035528
77.790546,19,8271.112447
-60.041529,26,8271.220809
218.775743,31,8271.343067
15.766721,29,8271.461721
-223.219949,57,8271.69477
-28.772696,20,8271.783088
264.548821,22,8271.874089
69.854602,23,8271.967487
-29.510065,20,8272.056031
-15.414442,19,8272.132518
181.110146,52,8280.144033
259.971483,23,8280.247315
-72.826018,29,8280.370158
-290.705636,43,8280.547223
-195.914165,57,8280.774157
-347.466998,49,8280.971963
1.084328,30,8281.089714
-32.527536,20,8281.172656
61.330268,27,8281.28361
61.428292,22,8281.380929
23.345058,30,8281.507466
68.589897,21,8281.592479
-41.286591,21,8281.681861
36.32403,26,8281.787236
-130.373788,20,8281.870768
-53.910591,26,8281.978919
-131.141669,20,8282.05645
57.340769,22,8282.15102
-718.041214,101,8282.580705
-151.835555,37,8282.737491
-28.404451,19,8282.81504
-21.396367,19,8282.892601
-16.009361,19,8282.970295
-30.222376,20,8283.33014
-25.015011,19,8283.460194
-15.864385,35,8283.639425
-39.398362,23,8283.744108
-29.002034,20,8283.832663
-20.113088,34,8283.973142
-27.438404,20,8284.054552
-30.255299,20,8284.136404
-54.336696,37,8284.290016
57.12849,24,8284.391762
-107.433842,44,8284.583886
-110.939637,46,8284.777453
-95.743251,31,8284.918313
-26.249739,20,8285.009222
-36.494879,36,8285.165766
-133.059992,22,8285.26266
-34.412508,24,8285.36308
-23.609572,19,8285.441535
-155.841357,28,8285.554823
-31.922257,20,8285.636586
-74.512183,30,8285.758971
-60.266962,25,8285.85973
200.603467,22,8285.948437
-139.623057,21,8286.041179
-634.915737,101,8286.672294
66.165776,22,8286.793451
-37.392733,23,8286.901829
62.096287,21,8287.004739
-151.861236,25,8287.125785
73.968977,20,8287.220942
-7.167235,34,8287.37989
156.62899,24,8287.486417
-129.536013,19,8287.580684
-15.346708,20,8287.666199
-28.799582,20,8287.759304
-85.52339,50,8287.969559
51.327469,24,8288.080865
167.014967,21,8288.186068
58.182426,22,8288.30862
-59.350056,29,8288.447036
-115.093191,40,8288.636596
-161.246933,39,8288.824617
-35.674635,21,8288.921318
-147.613,42,8289.12967
-35.838848,21,8289.319181
-22.274059,19,8289.412477
66.506855,22,8289.517037
28.069333,27,8298.703406
-132.922028,22,8298.819889
-166.975768,82,8299.1719
69.433448,20,8299.254846
-115.792051,18,8299.330507
-191.441314,31,8299.457701
-145.730089,26,8299.574487
-159.076869,24,8299.672373
-135.192964,36,8299.817376
-43.91444,24,8299.91809
-59.911816,40,8300.088234
26.173315,27,8300.195937
-31.605199,20,8300.283641
10.746219,31,8300.411474
-35.574143,22,8300.503103
-109.527989,32,8300.634352
64.967224,22,8300.728515
-147.018608,38,8300.887247
-159.296081,39,8301.045084
-16.980146,19,8301.120476
-53.902282,26,8301.226035
-129.925431,19,8301.303116
186.687471,20,8301.385082
58.558099,23,8301.482387
160.159233,22,8301.574607
-262.210948,37,8301.728019
-36.355905,23,8301.821868
63.03435,22,8301.910119
-48.172654,23,8302.006951
-103.627115,34,8302.147209
57.145404,24,8302.246195
78.552164,21,8302.344392
-34.804413,22,8302.439281
-30.168896,20,8302.522505
205.13476,19,8302.599985
114.104731,34,8302.741807
-128.273055,19,8302.818873
-255.999557,37,8302.974549
-25.465776,19,8303.04973
243.02078,26,8303.159683
-53.06636,26,8303.271356
-20.23479,21,8303.361903
-176.090306,28,8303.477224
-24.401727,34,8303.611597
-194.524355,44,8303.789177
-158.022142,24,8303.883417
-38.339884,24,8303.983888
51.456306,38,8304.141102
-81.970727,28,8304.258202
-217.807542,47,8304.446368
-27.850272,20,8304.524378
-9.586448,40,8304.695801
-51.23126,25,8304.797422
52.555083,24,8304.894363
-285.051087,89,8305.271546
43.158568,24,8305.370245
63.973789,22,8305.461616
70.558781,21,8305.547931
113.133305,30,8305.674017
-248.192097,37,8305.81981
-37.112184,21,8305.901032
-139.728148,22,8305.990081
-14.061163,19,8306.065602
-67.527712,30,8306.187809
-40.91317,23,8306.28405
-35.807816,22,8306.373735
-150.03239,26,8306.488861
22.827149,29,8306.609536
-23.374858,19,8306.692076
-30.125332,20,8306.769774
-129.617198,19,8306.84772
-48.190777,24,8306.943795
-203.20497,45,8313.660508
57.46494,22,8313.814155
65.099192,21,8313.924699
-123.392725,19,8314.007743
-28.22672,21,8314.095564
-261.326877,37,8314.247398
-123.287379,40,8314.420281
-26.806264,35,8314.568621
-41.952955,23,8314.666907
-158.238948,38,8314.828677
-26.343115,21,8314.917427
159.720113,23,8315.014359
-20.879347,20,8315.0993
-19.520938,19,8315.180399
-35.291779,22,8315.270677
-42.788929,37,8315.426824
-135.939006,33,8315.559866
-151.111162,37,8315.703768
72.396567,35,8315.840449
-135.915789,36,8315.991163
-134.400516,22,8316.084524
-117.002,52,8316.295491
-62.962333,29,8316.413872
-428.60876,68,8316.699093
-127.472135,19,8316.775031
39.142651,26,8316.881576
-113.994451,19,8316.958445
61.493505,22,8317.05839
-40.051016,24,8317.166303
-95.108636,32,8317.296503
-30.707987,38,8317.457114
-12.440133,19,8317.535943
53.683236,22,8317.627683
315.95971,28,8317.745941
43.235224,24,8317.851323
-29.30121,22,8317.93988
56.655677,22,8318.117215
-180.673303,28,8318.238915
-148.023654,35,8318.381113
-24.734931,19,8318.485224
9.050662,30,8318.610277
-27.619199,20,8318.70427
-165.077555,27,8318.81678
-20.60692,21,8318.901996
-247.463405,37,8319.051039
-239.422567,37,8319.204948
-263.579626,37,8319.354922
165.919636,21,8319.44592
-36.904935,21,8319.527996
143.604087,24,8319.625596
170.486684,20,8319.739424
-30.490915,20,8320.014847
-122.582603,36,8320.17642
-307.781929,46,8320.360067
-43.153288,25,8320.471905
-125.582688,19,8320.548389
68.519192,21,8320.633002
46.016276,24,8320.733065
-103.102157,31,8320.856682
21.2675,28,8320.968516
-22.813856,19,8321.044486
-11.274573,19,8321.126595
-159.105412,27,8321.235305
62.658987,22,8321.324605
21.641651,30,8321.455732
71.611552,20,8321.540382
-31.285966,23,8321.632298
52.665464,24,8321.728885
-117.706153,20,8321.805957
227.76189,28,8321.923861
-53.883777,25,8322.030219
-17.210781,19,8322.111179
55.42781,22,8322.202426
-61.772404,26,8322.31192
30.151883,28,8322.437127
-26.268121,21,8322.521113
-247.424534,42,8330.682232
-27.05248,20,8330.788389
-52.359192,26,8330.908643
-29.528041,21,8331.000233
-247.488072,37,8331.151058
-79.383698,29,8331.268213
165.632647,22,8331.356045
-44.711411,25,8331.458166
67.140224,21,8331.541912
57.593729,22,8331.633178
-111.644271,32,8331.758651
-27.618934,20,8331.848255
-147.142822,39,8332.006253
-62.832734,40,8332.169298
-29.962698,35,8332.312219
-22.749271,19,8332.388013
-27.860889,20,8332.486737
65.51527,21,8332.571926
-128.535803,19,8332.648728
-72.549409,28,8332.766386
-386.704578,70,8333.049853
-24.852239,20,8333.132301
-32.178637,20,8333.21659
-212.998001,33,8333.350316
-47.421792,24,8333.443783
-17.8966,19,8333.519857
70.289703,20,8333.602624
74.212657,20,8333.683081
241.775882,29,8333.803068
-142.827839,39,8333.967027
192.160514,37,8334.128102
67.679646,21,8334.215202
56.731619,23,8334.307752
-533.021776,72,8334.603299
-163.609652,37,8334.753481
-32.620962,21,8334.839092
63.165155,22,8334.931577
-43.499731,37,8335.086937
65.532121,22,8335.186587
54.251808,22,8335.275715
-23.286351,19,8335.357151
-123.937174,19,8335.435877
-159.598318,37,8335.59108
-45.663608,24,8335.690673
-22.078525,19,8335.769453
-209.811671,34,8335.907671
-147.238809,37,8336.059443
69.881671,21,8336.146347
0.256458,32,8336.273908
39.584501,26,8336.383517
-185.350078,28,8336.506246
-54.261673,26,8336.6087
35.565558,27,8336.716614
-173.997528,30,8336.839441
8.375939,30,8336.961827
193.383668,19,8337.039377
-130.076714,37,8337.188852
-147.861663,55,8337.416394
-244.327705,45,8337.64834
-64.302351,26,8338.373254
-206.02547,56,8338.658678
-244.852403,37,8338.810519
-333.177521,49,8339.015445
-48.226443,27,8339.137235
-222.549674,33,8339.27692
12.783824,30,8339.399784
-241.1367,37,8339.579041
-16.013581,20,8339.661034
-113.421543,19,8339.737023
-128.890235,19,8339.816577
-127.546321,37,8346.23472
-124.815381,19,8346.423765
-126.131529,22,8346.510049
66.828769,21,8346.607268
65.297749,21,8346.694015
148.242968,24,8346.794773
-150.707344,28,8346.911769
-35.864463,24,8347.009308
-116.490015,18,8347.081604
-129.400815,19,8347.155528
83.660607,38,8347.314491
-248.012027,37,8347.46482
-44.940517,24,8347.56148
123.451619,29,8347.687718
-121.767315,19,8347.76447
-88.719803,30,8347.881111
-244.869397,37,8348.0311
17.89502,29,8348.150275
-116.477954,19,8348.227526
-26.085259,19,8348.303438
-264.302844,37,8348.46629
-18.900835,19,8348.546309
-181.037406,101,8348.968077
-130.533407,19,8349.043903
-37.312439,22,8349.135399
-29.938273,20,8349.221675
-229.883572,35,8349.363485
-280.462577,71,8349.647925
-29.68449,20,8349.72824
87.165023,19,8349.804321
65.63471,25,8349.907483
-241.187003,35,8350.049354
78.614249,19,8350.133995
-147.488363,37,8350.289086
-257.588833,37,8350.443886
-22.57424,19,8350.518164
-27.395506,20,8350.60162
-159.94662,40,8350.762634
-119.51749,20,8350.842149
69.190563,21,8350.930485
50.655987,24,8351.040444
-35.373192,22,8351.131598
-234.787323,40,8351.294424
74.795557,20,8351.374836
-248.997528,37,8351.52154
17.308786,29,8351.639398
-130.668287,20,8351.722417
-57.980696,26,8351.87481
56.405206,22,8352.018077
-203.00918,29,8352.164045
-42.844299,22,8352.274784
-29.058341,22,8352.389504
69.81057,21,8352.518237
-448.47794,88,8353.225626
-35.228807,21,8353.418471
-41.920756,24,8353.829851
-25.083415,19,8354.196863
-62.187469,37,8354.533812
-61.647377,26,8354.695582
-57.66442,37,8354.885769
-224.473351,34,8355.026284
-71.995694,27,8355.143361
-55.976128,25,8355.256973
-74.726874,39,8355.428107
-33.041141,20,8355.511178
-57.175108,26,8355.619066
60.610742,24,8355.718425
-134.755604,33,8355.848414
-187.324535,46,8356.03071
-48.580965,24,8356.127388
6.614764,31,8361.909168
100.134291,32,8362.083301
62.070843,23,8362.180774
-24.790827,19,8362.260351
-38.23472,25,8362.363532
46.469687,25,8362.472883
-31.037905,20,8362.559423
-45.990628,23,8362.653738
16.447068,29,8362.77035
-45.078272,22,8362.86344
349.976218,25,8362.964528
-42.05205,22,8363.053348
-48.631161,25,8363.156551
-114.472158,18,8363.227346
-140.329357,36,8363.379384
-14.172723,18,8363.45124
-138.324082,25,8363.554458
-46.551888,25,8363.656375
-51.474217,24,8363.753707
25.850665,30,8363.874399
-195.785066,35,8364.058902
31.07455,27,8364.173438
-29.82047,20,8364.255696
-126.95662,19,8364.336249
-32.495038,24,8364.433923
-82.380294,31,8364.556341
-304.867296,54,8364.77346
52.4754,24,8364.873655
-305.423284,101,8365.30009
-61.275014,26,8365.406337
-199.54382,29,8365.570776
-23.921548,19,8365.713769
34.907541,27,8365.878805
-261.671915,40,8366.082459
-81.84967,29,8366.221656
-124.59552,19,8366.314907
-118.834928,20,8366.416273
-54.413736,27,8366.545064
-22.118384,20,8366.640296
-245.747399,51,8366.981511
-117.11557,18,8367.062937
-11.936099,35,8367.23275
72.264952,20,8367.326009
73.077106,20,8367.425657
33.258182,27,8367.555
80.681723,20,8367.64993
-159.704801,53,8367.905794
-24.154548,19,8367.994821
-32.146565,21,8368.090933
-125.295038,19,8368.182334
-28.817813,22,8368.289957
175.123656,20,8368.387075
67.235527,21,8368.489046
-139.345137,50,8368.708298
-135.861314,22,8368.800537
61.744589,22,8368.889201
-258.488343,40,8369.053149
-101.051721,48,8369.250794
-40.48017,23,8369.344887
47.733303,26,8369.455845
-182.647888,47,8369.655891
-45.008691,24,8369.756348
-137.429021,21,8369.843127
-28.597213,20,8370.18532
-170.712465,64,8370.57329
-117.24532,20,8370.655531
-25.363126,38,8370.808746
-35.018241,23,8370.909952
-21.808214,19,8370.991141
59.831456,23,8371.086914
-52.405704,26,8371.193803
-45.538622,24,8371.292876
60.722314,23,8371.389537
26.784803,28,8380.132476
-0.818035,31,8380.40138
-125.380607,19,8380.518002
-154.387519,37,8380.693926
-35.005588,23,8380.783745
-19.498942,19,8380.860645
36.450637,26,8380.972203
49.111086,23,8381.067938
-130.495855,19,8381.146523
-19.054356,20,8381.226611
-21.269537,19,8381.306253
54.982009,23,8381.40471
-28.714985,34,8381.54066
-131.624061,20,8381.638884
-203.127926,31,8381.773788
-130.629404,21,8381.859002
-200.672622,51,8382.063093
-54.954436,24,8382.159777
-52.021054,26,8382.273703
-32.481551,36,8382.427153
171.897022,24,8382.526279
9.522958,33,8382.659987
-259.40969,37,8382.812162
-40.454178,35,8382.956644
66.332219,21,8383.04349
-147.961672,37,8383.191364
-29.443451,22,8383.277028
-21.601955,20,8383.357265
-87.433175,30,8383.47877
-139.768334,22,8383.569013
-179.486843,43,8383.748411
-9.840815,33,8383.889017
-249.648961,37,8384.050723
74.430074,20,8384.136289
-154.310549,36,8384.303375
25.54586,29,8384.427584
-124.256783,19,8384.506671
-38.460276,22,8384.597146
53.344132,23,8384.691033
-130.155737,19,8384.76918
-72.746095,27,8384.878335
-108.61882,32,8385.014978
-71.873703,28,8385.133148
-221.995516,46,8385.330524
-42.027562,36,8385.484005
-63.881314,26,8385.587954
-148.958708,38,8385.745647
-86.391657,45,8385.930691
-163.772595,26,8386.09874
-21.80562,20,8386.256742
-115.475452,20,8386.38544
-160.176343,37,8386.59582
-16.557824,20,8386.684302
-60.372253,37,8386.837748
50.007664,25,8386.943526
164.119194,22,8387.045068
-22.392249,20,8387.129415
-139.842451,21,8387.214034
-88.791332,31,8387.35381
-266.878411,49,8387.548327
51.827265,24,8387.646655
-323.493343,57,8387.926057
140.78072,30,8388.091152
-151.087551,26,8388.21714
-146.669445,24,8388.32525
72.088634,20,8388.421387
-130.628062,35,8388.63711
-25.722454,20,8388.721869
-129.773198,19,8388.799661
-29.118966,20,8388.87819
-10.370699,18,8388.960061
-77.871079,30,8389.091842
221.817261,32,8389.222491
-16.140455,19,8396.257213
-41.248624,23,8396.388409
-12.878314,18,8396.473204
-202.568885,31,8396.603929
-24.380738,19,8396.678082
-116.18972,18,8396.751874
-187.38447,28,8396.944602
-264.935874,37,8397.102247
-48.986152,27,8397.215866
-21.591318,20,8397.299143
-131.039412,19,8397.379413
-21.731872,19,8397.457556
-22.604867,19,8397.531619
-160.722793,24,8397.634957
-37.553929,21,8397.727582
20.061764,30,8397.846632
-51.85043,25,8397.946087
-33.934027,36,8398.093496
-22.228581,19,8398.170401
-130.28266,23,8398.261352
-136.714357,36,8398.412257
-237.636171,37,8398.569058
-126.311118,19,8398.645434
67.149234,21,8398.730856
-39.666498,22,8398.826731
-26.800433,22,8398.917463
-26.841814,20,8398.994946
31.013467,27,8399.098999
67.299087,21,8399.185542
64.973148,21,8399.273078
-127.299272,19,8399.347813
-25.251593,20,8399.430874
-26.991626,20,8399.517504
-131.88785,20,8399.598545
-157.211627,37,8399.743359
-67.197374,42,8400.544156
-127.785696,21,8400.659708
-28.870284,22,8400.759185
-12.323512,18,8400.834424
-27.217984,20,8400.921047
-218.245236,34,8401.062813
-24.44998,19,8401.140933
-22.382729,20,8401.218903
-44.058148,23,8401.318869
-165.27265,37,8401.471301
-116.535283,18,8401.539591
-222.60452,34,8401.681546
193.295219,34,8401.835235
-30.809296,20,8401.923284
-158.75382,27,8402.033505
-126.292732,22,8402.125083
-140.179925,25,8402.220047
-30.815283,22,8402.308829
-49.937013,39,8402.547194
40.301786,26,8402.710442
-17.615225,19,8402.874208
-80.931277,28,8403.108977
-28.257812,20,8403.265557
-11.221054,18,8403.409987
-150.487145,37,8403.746287
-23.076494,19,8403.904486
-35.990182,22,8404.188656
-183.112934,34,8404.709769
-24.198428,33,8405.094265
357.18094,23,8405.367703
68.733668,21,8405.683702
-132.917882,21,8405.926375
-114.341441,19,8406.068102
67.99605,21,8406.21826
45.922372,26,8406.360512
-25.324151,19,8406.452646
71.372583,21,8406.55103
-126.542579,22,8406.644496
-223.745672,34,8406.787525
63.982785,22,8406.8786
-197.78416,31,8407.014227
-247.78403,65,8407.291248
-42.733597,37,8407.457902
-25.478391,19,8407.540108
-55.049883,39,8407.708352
182.505311,21,8407.804473
162.933101,25,8414.210583
-23.148508,20,8414.31553
-142.503662,36,8414.465732
-264.703335,37,8414.612471
34.005186,27,8414.720721
-231.005067,31,8414.844587
-13.911646,19,8414.922454
-183.606959,57,8415.153911
94.84494,32,8415.291455
-56.992948,28,8415.406898
5.38249,33,8415.540224
-119.635961,20,8415.619183
-178.553638,28,8415.735376
62.480122,22,8415.84298
-178.059222,59,8416.086384
-16.446176,19,8416.161454
59.90998,23,8416.257162
46.17733,25,8416.364055
58.44977,37,8416.51718
-39.365914,37,8416.668801
-147.185667,23,8416.765038
-255.020145,37,8416.918249
-103.660025,54,8417.143422
-21.40841,20,8417.220239
-2.059768,30,8417.347641
49.027864,23,8417.447154
140.055214,26,8417.554552
53.128106,24,8417.652091
-27.29486,20,8417.732922
77.196493,22,8417.825478
-242.831229,37,8417.982971
60.098053,23,8418.082094
160.79011,22,8418.170345
-23.459309,19,8418.247242
-188.617921,33,8418.389597
-26.607678,20,8418.468971
-127.122362,22,8418.558012
-16.668692,19,8418.635994
-125.561696,19,8418.713815
-55.448792,24,8418.814423
-182.497477,29,8418.938269
-35.899951,23,8419.032169
51.595692,24,8419.130857
-81.055678,27,8419.336395
49.160769,23,8419.436987
-37.333992,22,8419.533908
-23.217803,19,8419.613196
-215.452308,59,8419.849558
-36.775994,36,8420.004605
-72.580261,28,8420.120701
72.382248,20,8420.204551
67.508888,21,8420.294522
73.227415,20,8420.374554
-44.366097,22,8420.462569
88.237157,22,8420.559548
-213.018939,34,8420.695846
-165.184918,26,8420.801751
69.05494,21,8420.893823
-21.182144,20,8420.97784
-31.693961,20,8421.060115
-50.239927,38,8421.214021
-102.028809,30,8421.339394
12.511166,30,8421.461884
-48.789538,23,8421.557645
-28.871387,20,8421.639033
-150.255389,25,8421.741805
-32.613772,22,8421.828115
-192.423248,30,8421.946898
-81.239439,29,8422.067977
-42.300128,23,8422.159702
-82.931135,29,8422.277527
-30.472343,20,8422.361624
70.712374,20,8422.445112
1.299931,101,8431.44193
-138.012415,23,8431.549143
-182.778995,44,8431.723406
-212.471576,35,8431.867517
-124.65866,19,8431.945572
66.870028,23,8432.03679
-136.320672,22,8432.128268
-28.020461,34,8432.272129
-155.473516,36,8432.4171
72.208451,20,8432.502862
61.869383,23,8432.602961
-128.407341,20,8432.683303
61.8869,24,8432.783485
-123.709197,19,8432.864316
-35.502318,23,8432.955687
5.605366,47,8433.149118
-128.656569,23,8433.245198
-228.010086,48,8433.441541
66.733285,24,8433.587692
65.856157,21,8433.682662
-122.476773,34,8433.857881
-137.679664,22,8433.968366
39.851819,26,8434.088038
-126.469635,19,8434.169562
-22.437712,19,8434.253694
-32.434804,20,8434.337454
-56.863168,41,8434.513409
-71.952062,43,8434.682342
-30.768111,20,8434.763571
-113.282365,18,8434.838215
-115.283498,38,8434.989588
-27.570387,20,8435.075987
-114.28467,18,8435.154794
-238.869646,37,8435.30786
2.991514,31,8435.438587
29.518839,28,8435.550466
-37.665462,24,8435.64776
177.567821,36,8435.789885
-40.412449,23,8435.884803
166.529864,21,8435.976346
-35.092739,21,8436.058863
-138.559473,22,8436.151936
160.626431,41,8436.319359
-99.221599,31,8436.444541
-296.201693,43,8436.618526
9.40581,31,8436.7455
-30.885116,20,8436.828636
88.572489,23,8436.920176
357.110345,23,8437.015733
231.508139,29,8437.141752
-150.703252,26,8437.248174
-120.575369,20,8437.329321
-116.310138,48,8437.522646
-138.3065,22,8437.610883
-85.41996,30,8437.737786
-107.940629,32,8437.875477
-39.325426,22,8437.962291
54.783114,24,8438.057052
-62.479485,37,8438.213499
-228.117812,35,8438.352684
32.084348,27,8438.479572
-162.942172,26,8438.588769
-40.94379,21,8438.674866
64.171187,22,8438.760656
31.752564,29,8438.877443
-147.275003,38,8439.02946
-35.849793,36,8439.182797
69.626758,20,8439.263209
67.850164,23,8439.358367
-36.412408,21,8439.450964
-28.188974,21,8439.533127
-31.285608,34,8439.673852
-20.873853,20,8439.754312
-242.91337,62,8447.306939
-152.891769,52,8447.527455
-301.112561,45,8447.712733
336.721243,41,8447.874816
65.113253,22,8447.960718
-5.432035,32,8448.090788
-114.501974,34,8448.304062
72.745152,20,8448.388309
133.224683,27,8448.503627
-489.482246,79,8448.827755
45.006917,25,8448.93183
-41.42477,24,8449.027322
-128.214701,19,8449.104543
-146.631635,24,8449.201532
-234.568749,36,8449.353268
-43.298283,24,8449.454313
-35.353773,39,8449.608818
66.335667,24,8449.707666
34.364275,27,8449.818918
-129.145886,21,8449.905183
-133.270457,23,8449.999499
-132.22256,36,8450.144693
-30.979008,21,8450.232188
-79.908269,30,8450.365626
-191.082192,43,8450.536017
-121.433969,21,8450.618958
54.465697,24,8450.717431
-24.378693,19,8450.796502
-52.209521,25,8450.89418
64.753814,21,8450.981387
-114.783491,18,8451.05564
-41.490551,23,8451.162042
-184.989517,43,8451.335491
-52.825241,37,8451.484867
40.184927,26,8451.590588
-35.911548,21,8451.676717
-36.09869,36,8451.824278
-132.063293,36,8451.970288
-260.192781,39,8452.13073
-222.3868,47,8452.320158
-135.989906,21,8452.408939
-185.616787,33,8452.54332
-11.932289,18,8452.614808
-102.745423,33,8452.752826
-166.975118,27,8452.86239
-273.588143,40,8453.036506
-74.596528,29,8453.159411
-21.043803,20,8453.240103
-129.400314,21,8453.324664
-201.89139,31,8453.452632
-123.995066,19,8453.534699
-139.116313,22,8453.623918
118.68879,29,8453.794844
-136.653906,22,8453.914795
-156.577993,37,8454.191536
-112.787085,19,8454.35705
-149.152813,37,8454.64761
43.597258,24,8454.829257
-202.25995,32,8455.121921
-60.513957,26,8455.321107
265.009198,27,8455.603513
-219.376293,33,8455.926427
-69.696412,27,8456.179924
-122.270455,36,8456.488125
-185.827819,30,8456.729338
57.153975,23,8456.948609
38.358296,26,8457.17524
-161.255262,39,8457.459858
-123.453597,33,8464.620789
-118.078888,19,8464.735351
-31.093654,36,8464.915204
-155.945063,30,8465.048082
-211.132437,31,8465.179764
4.874596,31,8465.320673
-146.644561,22,8465.407987
-33.630703,22,8465.496662
-152.648403,37,8465.645227
48.525398,25,8465.74889
-258.045807,37,8465.906242
70.955365,20,8465.987927
-30.28069,20,8466.067845
209.626189,23,8466.165466
36.208019,26,8466.272448
250.330244,26,8466.37636
-42.736679,23,8466.472894
59.592532,23,8466.574534
140.717134,26,8466.680119
53.323787,24,8466.775639
-90.74692,30,8466.896522
59.024771,23,8466.989657
-192.655266,48,8467.185808
-195.920494,31,8467.309316
-35.287374,36,8467.452627
-164.678519,26,8467.557154
-45.000338,24,8467.654641
67.451748,21,8467.741166
59.260098,23,8467.843197
-112.382075,18,8467.920286
-265.606939,37,8468.071227
-57.660691,24,8468.174065
-121.601986,19,8468.250612
-104.194034,31,8468.375942
-250.170055,55,8468.607137
44.046368,26,8468.711549
-261.233697,37,8468.867027
-59.399371,25,8468.96963
161.660044,25,8469.072366
-117.698396,19,8469.148767
-29.989892,20,8469.232456
-35.037518,21,8469.31676
-236.672458,36,8469.465863
-123.592346,19,8469.543344
-31.075877,21,8469.62834
24.158127,29,8469.754276
-203.039313,58,8469.991418
-27.335966,19,8470.066809
-91.467335,32,8470.297294
-123.462114,20,8470.382892
284.443668,34,8470.529096
-143.398104,23,8470.620454
151.103272,25,8470.727188
60.428139,24,8470.827045
-137.01779,21,8470.917435
-180.017884,30,8471.037967
-87.702181,29,8471.165267
44.288468,24,8471.261453
-619.370135,101,8471.670574
-212.473216,31,8471.79817
-24.740144,21,8471.883874
-127.35249,48,8472.076228
28.051941,29,8472.198545
-113.774858,33,8472.333416
-14.972433,19,8472.4057
-69.491686,27,8472.523919
-150.940035,24,8472.624481
-245.003243,37,8472.774533
155.867117,24,8472.873495
-395.124606,101,8482.203024
-121.128078,20,8482.322135
-33.261434,20,8482.413115
-286.852882,42,8482.583134
-264.465424,37,8482.751635
-64.977933,25,8482.85541
-149.109123,37,8483.011316
65.54794,21,8483.096585
-107.422524,34,8483.238114
115.184631,45,8483.417297
-23.568797,20,8483.497789
-29.259888,20,8483.575664
-128.73429,20,8483.654149
-20.646427,33,8483.789771
-138.41283,21,8483.876098
162.96176,22,8483.968524
-24.3473,19,8484.043749
-105.923704,32,8484.175458
-29.288658,20,8484.2613
32.538932,28,8484.373254
-551.402298,101,8484.781127
159.509648,23,8484.874712
-139.62363,24,8484.970527
-135.050692,22,8485.061292
-262.55104,37,8485.214385
-45.516142,22,8485.31135
-15.910583,19,8485.389817
-116.823356,18,8485.467133
15.321836,31,8485.591909
-31.205221,20,8485.671715
-118.361531,36,8485.814524
-318.229089,54,8486.030576
-165.711196,28,8486.146828
-132.273971,35,8486.290249
-294.228441,57,8486.523177
-152.844569,24,8486.623066
-125.911299,20,8486.711819
-113.881344,33,8486.84004
18.237608,31,8486.962498
-40.548474,22,8487.052062
244.378637,25,8487.148592
-57.544528,37,8487.297489
-133.193886,20,8487.381038
-147.994459,38,8487.543002
-100.494,49,8487.735848
3.011129,32,8487.869288
-265.049163,37,8488.020701
-40.418262,37,8488.166362
155.390353,23,8488.26033
-19.644308,19,8488.338921
-64.705246,39,8488.499313
-90.253421,50,8488.698888
-62.777196,27,8488.813827
55.252676,22,8488.900754
-115.118667,19,8488.976836
65.31212,21,8489.061265
-212.647444,32,8489.192137
-204.152757,82,8489.520135
64.905719,22,8489.610917
66.994286,21,8489.697769
164.774575,21,8489.78299
-44.858836,36,8489.926469
-161.077678,37,8490.076183
148.25672,28,8490.1894
-32.767358,22,8490.286729
-175.250535,26,8490.397043
-128.566072,21,8490.482143
-28.812489,21,8497.793909
-122.991162,19,8497.922632
140.605578,37,8498.092394
1.634804,31,8498.218737
-245.44599,37,8498.371672
-221.831216,32,8498.508025
157.097247,23,8498.603186
181.613741,21,8498.690887
-37.231374,22,8498.793711
-127.92159,51,8499.004555
23.227403,28,8499.12316
205.581238,21,8499.213261
-147.335514,37,8499.476061
-22.601168,19,8499.550407
19.26492,30,8499.674935
-121.446302,18,8499.753552
-47.181946,24,8499.846163
40.270022,26,8499.94976
25.934178,45,8500.138607
-38.874962,23,8500.234292
-1.192096,34,8500.377087
-708.579369,101,8500.923048
-209.691811,33,8501.080223
-259.367083,37,8501.235552
-26.501311,20,8501.312769
-25.914088,21,8501.40398
69.362164,21,8501.492225
66.217755,21,8501.581302
-19.740509,19,8501.658241
-32.677852,22,8501.749649
-301.961967,70,8502.031533
-29.270681,20,8502.112212
-638.047164,101,8502.522891
-92.511866,46,8502.709232
-34.085634,23,8502.811493
-145.040346,23,8502.910736
122.066169,29,8503.03123
70.564552,20,8503.124154
231.578303,38,8503.280016
-38.740453,24,8503.382783
-50.416866,24,8503.485102
-463.421571,64,8503.765749
-30.362108,20,8503.846567
-106.907812,33,8503.977765
-112.219126,18,8504.053177
-95.978204,34,8504.19575
-22.174876,19,8504.277926
-138.53151,23,8504.37324
-163.836222,25,8504.473985
159.229689,22,8504.561925
-54.774005,25,8504.66776
-185.479833,33,8504.7969
-41.740327,23,8504.914243
-147.729046,37,8505.145673
-29.509188,21,8505.285617
-20.623533,20,8505.451467
73.565771,21,8505.648106
-187.388114,28,8505.867603
-16.421586,19,8506.022303
-34.549752,34,8506.309271
-217.253439,34,8506.663153
-58.17981,24,8506.928178
-127.130625,35,8507.233002
-56.577811,37,8507.460826
-139.836225,24,8507.648381
236.675698,38,8508.025538
-121.050096,20,8508.194094
-33.467727,22,8516.073328
50.875134,26,8516.23913
-49.640375,23,8516.342052
-151.668242,38,8516.503905
-126.234716,38,8516.660728
193.192517,19,8516.987796
-592.962462,101,8517.42727
-50.504509,26,8517.538867
53.376522,22,8517.63508
-148.50537,25,8517.740628
-73.478168,30,8517.871165
-121.245772,19,8517.948692
55.35429,24,8518.048209
160.95581,22,8518.143945
-163.848897,40,8518.306707
-210.082005,32,8518.433887
-43.141701,22,8518.534346
-21.545761,38,8518.741213
-137.320301,38,8518.905477
26.905834,29,8519.028037
-129.230272,36,8519.179923
-162.928544,37,8519.333189
-80.951701,29,8519.450162
-160.602967,37,8519.595189
-129.056305,20,8519.675119
-34.995133,22,8519.762929
-25.635723,20,8519.843766
50.365895,24,8519.937453
-23.20715,19,8520.017174
-28.139923,20,8520.10345
-42.847048,23,8520.19404
-109.36181,33,8520.334957
165.816097,21,8520.419189
-39.756238,23,8520.512142
-32.671053,37,8520.661541
-262.486781,38,8520.829839
-31.217514,20,8520.909735
-225.113935,62,8521.165606
-128.7102,20,8521.255484
-76.804196,27,8521.366201
-125.278767,52,8521.58252
63.228218,22,8521.670794
-152.570771,25,8521.770233
-255.569484,37,8521.93086
-138.457045,37,8522.17085
-24.380071,19,8522.472931
72.642177,20,8522.580322
-27.729707,20,8522.662951
-177.475981,41,8522.948727
73.299869,20,8523.042836
-142.397861,39,8523.223124
-69.486429,46,8523.415209
-185.707445,57,8523.654462
161.986894,24,8523.764447
71.014278,21,8523.86426
183.982178,37,8524.01606
124.06655,27,8524.128884
-124.98989,19,8524.205061
257.529656,30,8524.329429
-238.552429,35,8524.471549
-227.002376,62,8524.722228
59.413925,23,8524.814473
-55.630654,25,8524.914573
-262.444895,37,8525.061083
-101.785237,45,8525.280939
-116.135563,47,8535.914856
-128.284043,19,8536.047493
-153.673785,42,8536.2582
-28.916103,42,8536.432181
-23.497849,20,8536.515614
-155.349452,25,8536.618225
-110.956668,36,8536.770539
30.415595,26,8536.873067
-27.213599,35,8537.027064
69.984089,21,8537.114433
-26.012881,20,8537.191348
-66.007309,37,8537.34876
-38.786053,22,8537.437152
-38.233689,23,8537.531344
-117.751567,37,8537.681272
197.534465,19,8537.761262
0.965161,32,8537.888279
-171.558302,40,8538.051925
-211.350678,71,8538.340285
-262.806518,37,8538.491184
-596.327983,101,8538.905062
-28.999206,21,8538.988525
-120.474066,35,8539.131987
-238.132856,52,8539.352471
-66.356935,40,8539.513668
-135.062933,22,8539.600572
-92.071976,34,8539.840016
-71.90191,40,8540.103645
50.274209,23,8540.241602
-145.942356,25,8540.378455
-263.068056,44,8540.585164
57.113881,38,8540.763723
-131.221713,20,8540.856225
-251.521283,37,8541.033961
-23.474486,19,8541.129867
-76.893204,29,8541.269562
54.770056,24,8541.384981
-45.557235,22,8541.486488
146.802519,25,8541.604106
-41.051399,25,8541.721014
-80.082382,44,8541.932859
20.967964,29,8542.077965
-120.286558,18,8542.160781
63.707219,22,8542.268112
132.191838,28,8542.413492
-114.422174,18,8542.506889
-154.036817,24,8542.621374
-20.708649,19,8542.71434
-51.873883,26,8542.83904
-34.547873,36,8543.016736
-94.018283,43,8543.233835
-160.915987,40,8543.495032
-87.222619,42,8543.700824
71.119862,20,8543.804162
-123.897274,20,8544.177817
156.526848,24,8544.328757
-62.260665,25,8544.468948
51.719191,25,8544.594888
-19.453306,20,8544.690943
-328.55035,45,8544.899269
34.2028,27,8545.022514
-57.001965,39,8545.214362
-54.110863,27,8545.349336
223.961607,29,8545.493734
0.152659,31,8545.647896
-90.39517,31,8545.78712
75.725915,22,8553.414748
254.311271,24,8553.585101
202.941127,21,8553.702647
-33.649073,22,8553.899876
120.227352,29,8554.039775
-27.733031,21,8554.142798
-111.902637,36,8554.300959
-49.882713,23,8554.397812
-139.952492,24,8554.502911
-50.67794,23,8554.598082
49.951222,25,8554.702088
-132.913339,22,8554.793978
62.145583,22,8554.883598
54.309648,24,8554.978603
-140.571396,24,8555.076006
-87.045708,41,8555.249874
-70.140929,28,8555.380421
53.772169,42,8555.546914
-108.664088,34,8555.764382
45.09753,24,8555.869115
-165.809091,40,8556.033963
-35.169792,23,8556.130808
-759.882975,101,8556.564661
-23.362732,20,8556.646116
-165.136289,37,8556.793433
-25.804946,20,8556.877299
-563.675654,97,8557.279102
-135.905154,24,8557.375092
-94.326144,43,8557.559009
32.791604,29,8557.678016
48.219366,23,8557.770402
-386.866852,73,8558.064548
5.522824,32,8558.197696
28.528586,27,8558.310709
-23.687001,20,8558.394064
72.920503,20,8558.482629
24.561974,28,8558.609674
-50.153132,25,8558.732634
-64.534824,37,8558.91411
-160.142388,37,8559.070227
-360.449771,101,8559.494965
41.294454,50,8559.70582
-16.064228,32,8559.834601
-146.315011,47,8560.025423
30.665004,39,8560.18323
-169.56659,26,8560.293266
-121.824972,36,8560.43783
-139.993288,37,8560.58748
-201.75443,29,8560.70779
-169.955949,42,8560.882923
-43.582784,22,8560.974413
-249.534674,44,8561.20759
-35.529084,22,8561.330143
-125.343205,19,8561.460021
15.16629,29,8561.725155
-73.757789,27,8561.985577
-153.730874,38,8562.348147
69.612344,20,8562.534182
-466.99904,77,8563.276197
10.685389,31,8563.61797
-564.702511,101,8573.02532
-58.144489,27,8573.138083
-87.379635,29,8573.255913
-26.354251,19,8573.332187
-332.860495,48,8573.52976
32.699412,28,8573.641939
-243.509594,37,8573.796093
-136.837592,35,8573.940609
-120.482642,19,8574.017034
40.033581,25,8574.121761
-30.935432,20,8574.203259
-62.644476,37,8574.353651
-219.096432,33,8574.489641
-33.608424,23,8574.582397
-132.361122,20,8574.662349
-128.086078,19,8574.738394
-22.639173,19,8574.815094
172.774863,23,8574.91277
-458.065862,99,8575.317641
-46.235157,24,8575.415931
-126.999929,19,8575.493563
-129.532872,19,8575.574972
-258.234758,37,8575.72452
142.821287,26,8575.829577
-28.897395,20,8575.907893
-16.104337,19,8575.984664
-31.353816,20,8576.067202
62.401435,22,8576.156278
-45.93249,22,8576.249978
-123.754016,19,8576.324312
-109.74682,32,8576.456242
-85.436038,31,8576.58373
157.165932,23,8576.681303
-245.24426,37,8576.841295
-287.251268,42,8577.014651
60.809974,36,8577.158158
-374.103059,56,8577.391682
61.223543,22,8577.482488
42.788184,24,8577.575071
60.989245,23,8577.664261
-259.303636,39,8577.829692
-113.465247,48,8578.029358
20.741117,27,8578.139622
14.978754,29,8578.259727
8.528404,31,8578.383418
260.850871,23,8578.479093
-243.811519,37,8578.637198
190.714031,21,8578.729105
-17.667978,19,8578.820638
-63.698681,37,8578.96964
-14.014022,19,8579.229439
-34.295739,21,8579.315854
-88.926994,33,8579.456891
-45.928616,25,8579.561668
-209.877521,32,8579.692348
-246.879051,37,8579.849551
-19.684502,19,8579.925236
-64.871878,28,8580.034761
69.01373,20,8580.11052
-10.828273,34,8580.258291
-271.003597,40,8580.427799
185.65646,33,8580.560572
-175.939554,27,8580.666339
26.17393,27,8580.774867
-10.770361,33,8580.912431
-303.071594,58,8581.146817
-37.502065,24,8588.933968
-48.09794,26,8589.101388
-128.886102,20,8589.208967
-247.796018,37,8589.37344
-311.553203,46,8589.559427
1.680421,31,8589.692991
-44.631308,37,8589.841446
141.848604,28,8589.956688
164.965094,22,8590.045252
57.20703,24,8590.144923
-29.649622,37,8590.299657
-121.153995,19,8590.380845
-249.707564,37,8590.531866
-69.922353,42,8590.704823
-206.547439,59,8590.938937
-123.518038,46,8591.13
48.457874,25,8591.231154
-59.256856,26,8591.339163
-190.101832,58,8591.578116
-51.881105,25,8591.683329
-53.62454,36,8591.830368
-9.013983,18,8591.908349
54.367235,25,8592.015013
-207.109534,33,8592.151621
18.511323,29,8592.268775
-23.144763,19,8592.393375
-28.764183,20,8592.858385
-102.131954,32,8593.090486
-15.563705,19,8593.179221
-31.742556,20,8593.264396
59.64287,22,8593.355781
53.905066,23,8593.458852
-119.018415,19,8593.549873
-29.853047,20,8593.631831
18.403403,47,8593.841687
-612.736335,101,8594.248271
66.322088,21,8594.333785
41.519199,26,8594.440036
48.192588,26,8594.545321
-25.896762,20,8594.630103
-136.943644,36,8594.778642
100.141005,34,8594.916523
59.600792,23,8595.009361
207.076521,31,8595.137032
71.341156,20,8595.221328
-104.490558,32,8595.369022
47.786992,25,8595.480724
-24.130248,22,8595.573573
-39.030726,23,8595.667563
-52.739283,25,8595.788062
-92.978443,32,8595.920127
66.828109,21,8596.00448
67.655547,21,8596.092245
-207.882323,46,8596.281726
-76.269648,30,8596.40091
-22.860533,19,8596.480754
-103.684014,32,8596.611281
52.170652,25,8596.712432
-218.379086,36,8596.86247
-85.590768,33,8597.003994
-200.027317,36,8597.150289
-29.664354,20,8597.229313
-36.454903,21,8597.315273
-316.844348,89,8597.685538
-154.129606,38,8597.836339
-80.412771,30,8597.956485
-166.573728,40,8605.254298
-60.757832,43,8605.507556
-69.225458,28,8605.625453
-33.742245,22,8605.714943
-40.375555,23,8605.809128
47.375873,25,8605.910774
-199.01926,32,8606.040433
23.928664,28,8606.161681
-31.25105,22,8606.258523
-35.962441,22,8606.350834
-28.945178,20,8606.434025
-147.809933,37,8606.583238
74.371067,20,8606.664306
159.320466,22,8606.752285
-45.652407,22,8606.843191
-42.533393,25,8606.946838
-5.625862,33,8607.090298
-65.054955,40,8607.252954
-27.294816,21,8607.339048
-30.760629,21,8607.427978
-97.279715,33,8607.557598
132.100788,27,8607.821045
-32.16523,20,8607.907781
159.907748,25,8608.009622
-29.267425,20,8608.089969
-577.572078,101,8608.507776
-91.200309,32,8608.636679
-467.085601,101,8609.053599
-384.203008,101,8609.472964
-34.497508,21,8609.558843
-69.057352,27,8609.668126
-175.052273,27,8609.779811
71.608623,20,8609.867489
-175.829244,41,8610.029113
-178.244997,43,8610.204308
61.952064,21,8610.291474
-27.388759,19,8610.370788
256.353171,24,8610.469494
-144.21348,57,8610.701593
-71.776774,28,8610.812922
-124.60731,19,8610.894726
-97.928616,33,8611.028857
-22.674872,21,8611.114951
-81.539915,30,8611.23794
-267.389264,44,8611.419708
-324.528387,78,8611.734622
-28.335627,22,8611.829564
-111.674032,32,8611.959359
-35.573998,22,8612.049362
-107.053358,18,8612.125686
-166.829414,45,8612.322608
-32.84699,20,8612.436849
176.746728,22,8612.530794
62.65524,22,8612.619664
-133.991824,20,8612.710907
55.675568,24,8612.806674
-100.97284,31,8612.934597
-127.736991,19,8613.01118
-49.924128,25,8613.114488
-28.029109,19,8613.190521
1.645422,32,8613.371842
73.402234,20,8613.476783
-153.827493,37,8613.707536
-225.296054,53,8614.131238
-68.880885,25,8614.487619
71.153226,21,8623.691405
-58.289675,37,8623.888074
-50.759095,25,8623.991213
68.858098,21,8624.075961
-37.96804,24,8624.173408
49.626326,25,8624.274412
-136.460447,48,8624.477731
115.993449,30,8624.599689
60.08818,23,8624.690439
67.881782,21,8624.772905
-0.784352,32,8624.906388
-115.47719,18,8624.979874
45.562643,26,8625.083169
-252.103978,37,8625.236341
-24.259155,20,8625.325856
-66.674681,29,8625.444394
-162.224718,45,8625.626624
141.219094,26,8625.730773
-26.149657,19,8625.805908
-127.376831,20,8625.885481
36.492536,27,8625.994054
-117.353767,34,8626.134284
-142.345881,36,8626.276911
-30.714935,22,8626.369765
-20.146591,19,8626.449847
17.702052,29,8626.566635
-60.969628,27,8626.677127
-24.828853,20,8626.759469
-241.095282,64,8627.021321
-127.846308,19,8627.102025
35.157234,26,8627.205979
-44.623869,24,8627.302311
9.694994,84,8627.634508
-52.221394,25,8627.73196
63.924231,22,8627.825976
-5.72577,33,8627.979777
-283.374279,72,8628.291616
-38.151787,21,8628.379964
-230.036142,35,8628.523399
-95.607564,35,8628.669073
-39.950745,24,8628.767074
-144.781975,37,8628.925626
27.565053,29,8629.043631
-193.709271,30,8629.16415
-101.087357,30,8629.286184
452.417983,24,8629.385878
-71.153909,29,8629.504166
-41.043672,24,8629.600664
-29.01091,36,8629.747931
-57.972231,27,8629.858212
-103.350879,34,8629.998459
-130.869407,20,8630.078418
-74.436938,41,8630.241446
45.837536,25,8630.348728
-135.138143,21,8630.438012
-26.602404,34,8630.708164
-245.522729,37,8630.862547
-182.408446,41,8631.024838
39.849935,25,8631.127624
-28.713271,20,8631.208591
173.762055,35,8631.349852
-67.126521,26,8631.460759
-129.407949,22,8631.549372
-19.41058,19,8631.626239
-86.478838,45,8631.80282
-260.681601,37,8631.94857
-127.378584,20,8632.029168
-122.835848,20,8632.108087
-487.880877,101,8641.370565
154.045022,24,8641.473642
-72.748435,28,8641.591143
-16.638143,19,8641.670144
73.44,21,8641.757014
-128.996452,21,8641.845516
-105.241565,33,8641.986742
-295.952382,58,8642.225855
62.178307,22,8642.31557
-36.075643,35,8642.463065
-169.049298,39,8642.617134
-30.902052,20,8642.696096
-203.442352,61,8642.949437
21.565404,29,8643.072417
41.752701,26,8643.174926
-47.182752,51,8643.381753
71.168566,21,8643.476161
-106.850203,32,8643.610357
-183.58329,28,8643.728787
-185.36003,29,8643.847322
74.223199,22,8643.937383
3.342636,30,8644.060981
-265.242372,39,8644.223837
-29.394233,20,8644.310105
-129.828681,21,8644.396595
140.539214,45,8644.5808
-125.043063,21,8644.669009
-198.300904,58,8644.906581
-112.051486,36,8645.058482
-56.211238,26,8645.163822
-52.61304,38,8645.337286
-387.052902,58,8645.581081
57.841028,22,8645.668176
-161.229381,29,8645.788779
49.938144,23,8645.879336
233.217622,27,8645.986416
-126.535449,20,8646.069937
-29.009088,21,8646.157446
39.24094,26,8646.268183
-136.33707,24,8646.368771
-237.733875,37,8646.531407
-42.668885,37,8646.723405
-349.153099,52,8646.941846
-331.455238,101,8647.434788
-51.226638,25,8647.536017
-167.594674,26,8647.642115
-27.997144,21,8647.729152
-53.010868,25,8647.829141
-39.748082,23,8647.922491
-65.633339,37,8648.072052
42.437963,26,8648.2066
146.389078,25,8648.325576
-262.591736,37,8648.495605
-187.790994,42,8648.710719
163.550022,23,8648.823972
-91.936019,33,8648.980408
35.761006,27,8649.106864
67.058088,21,8649.200595
65.893941,22,8649.297799
-158.93794,24,8649.407267
-40.062898,22,8649.507049
67.806501,20,8649.595682
-24.244181,20,8649.686981
-86.666639,41,8656.293099
-69.820366,26,8656.453808
-32.835438,24,8656.576468
-293.573276,44,8656.754402
-181.207134,56,8656.986799
-136.66623,23,8657.080271
21.999458,29,8657.205772
-110.819202,36,8657.352019
-257.097662,37,8657.514646
-131.982139,20,8657.595893
-204.164856,30,8657.713525
-268.728284,37,8657.865922
33.716742,28,8657.982311
-139.792125,23,8658.079717
-47.159314,25,8658.180759
-50.79089,24,8658.279961
-20.19342,20,8658.364479
37.530492,28,8658.483096
-54.781263,25,8658.582426
-76.156027,55,8658.806881
32.542013,48,8659.004621
15.781626,29,8659.12573
-48.40206,24,8659.347553
-121.781316,18,8659.423152
-53.6439,25,8659.525725
-25.263817,22,8659.608265
-171.633261,29,8659.724566
-148.695012,24,8659.823184
60.41073,23,8659.920331
-135.088464,37,8660.073882
160.021063,64,8660.335707
49.116407,24,8660.4362
-165.828819,37,8660.591689
-329.399796,65,8660.85283
-113.526731,33,8660.98642
-130.066951,20,8661.068994
-62.991508,28,8661.180583
56.238003,22,8661.269983
-245.348765,36,8661.420517
60.133636,24,8661.519762
-169.493183,26,8661.626
34.884296,28,8661.737508
-57.459953,27,8661.850386
-22.893592,19,8661.923967
-126.636417,21,8662.011099
-10.994113,32,8662.142933
-253.900248,37,8662.307795
-35.673124,21,8662.394785
-262.406817,37,8662.540981
-24.442003,19,8662.617703
-3.721763,30,8662.740104
-212.272213,65,8663.005848
49.435407,24,8663.115453
-81.180508,44,8663.295418
46.078315,25,8663.406699
-123.52437,34,8663.550464
42.491178,90,8663.922817
-128.677618,19,8664.000989
41.148456,26,8664.103872
-26.793715,34,8664.243761
-57.075921,37,8664.395335
155.493091,29,8664.514162
29.190179,41,8664.684048
-58.592729,26,8664.835651
-126.256204,19,8664.944374
71.466514,20,8676.200635
-28.741626,20,8676.339525
15.842469,29,8676.497719
-256.564645,50,8676.71045
-27.172046,20,8676.791034
-250.768958,37,8676.932606
-146.32298,22,8677.021734
-145.414568,22,8677.109538
-137.575008,36,8677.260798
359.748749,23,8677.358459
-39.666002,24,8677.466828
-67.781841,28,8677.581675
-121.035642,19,8677.66248
37.713916,26,8677.77587
-56.183255,26,8677.888229
-155.555432,24,8678.005562
190.872489,21,8678.102086
-325.835968,51,8678.342794
-82.582365,30,8678.493271
74.763241,20,8678.581277
-26.050308,23,8678.691324
-254.261083,37,8678.842165
193.234563,23,8678.94129
-268.780097,39,8679.097552
-29.791559,23,8679.189722
-56.724464,24,8679.295507
-46.606004,22,8679.389646
26.598227,29,8679.512403
-26.783476,21,8679.600639
-40.462341,21,8679.686767
9.041323,30,8679.807109
-49.114724,24,8679.91281
202.050564,24,8680.019003
-85.476515,57,8680.251817
-189.22247,42,8680.434477
-160.813192,25,8680.54499
-32.290435,22,8680.632958
-81.129671,29,8680.749329
183.815892,20,8680.832587
-23.649311,19,8680.909741
-119.880303,20,8680.991633
699.974826,46,8681.181432
-130.004663,21,8681.269197
-74.922452,28,8681.383989
-52.223536,25,8681.491368
-87.147233,48,8681.692306
162.060289,30,8681.815575
-17.576769,19,8681.897557
-478.276379,69,8682.178478
-121.894825,19,8682.252659
1.190722,32,8682.387046
11.565445,31,8682.515875
-57.098839,25,8682.636461
59.915481,23,8682.727155
198.274269,20,8682.804732
-36.925647,23,8682.895974
-23.778299,19,8682.975601
-200.693559,48,8683.169003
176.230348,22,8683.260772
-134.633769,37,8683.425169
84.149697,35,8683.567867
-46.203778,24,8683.669125
-10.882305,32,8683.904052
155.951865,23,8684.002957
-95.807993,34,8684.143325
-242.940186,36,8684.301314
-91.161152,34,8684.462265
-28.26608,20,8684.545426
222.570392,27,8684.658097
-31.077401,21,8684.745314
21.015233,28,8684.860685
1.845067,31,8684.99151
15.74029,30,8693.229762
67.346812,21,8693.353024
49.906767,25,8693.477288
-541.331092,74,8693.791837
72.615086,20,8693.876232
-102.059588,29,8694.002225
-67.955652,31,8694.132823
-137.928455,36,8694.283753
-41.009298,22,8694.393411
-50.161081,25,8694.498611
-25.733638,35,8694.642228
104.15028,56,8694.868405
-265.618726,37,8695.024195
-122.306027,19,8695.100665
-132.339469,35,8695.253418
53.30905,24,8695.356588
-27.64896,37,8695.525694
-211.990414,31,8695.650483
39.413876,27,8695.768526
-153.153771,47,8695.957149
262.034777,23,8696.062747
-31.78545,21,8696.146764
-60.01931,26,8696.253754
64.371492,21,8696.342143
153.959868,23,8696.433673
-135.330081,20,8696.514788
10.667161,31,8696.644251
-126.413796,22,8696.732571
-20.67564,20,8696.819187
-40.610599,22,8696.908488
-23.032023,20,8696.998185
-167.570933,26,8697.106462
175.710669,34,8697.245178
161.783738,23,8697.339809
-47.366076,24,8697.442894
-32.350392,21,8697.53118
-123.396709,19,8697.60787
61.046214,22,8697.698843
7.802869,30,8697.823073
-181.263511,29,8697.942104
-94.004058,43,8698.113432
-110.400533,33,8698.244408
-130.260297,19,8698.321194
-59.895371,26,8698.430858
-336.093466,62,8698.696544
50.794813,24,8698.789252
65.096392,21,8698.871851
-17.633044,20,8698.952601
-199.792604,43,8699.12967
-75.056187,29,8699.249499
-30.317574,20,8699.331451
-35.837242,22,8699.420463
61.052542,23,8699.514674
-142.981809,24,8699.613475
255.809811,23,8699.708018
-26.791599,19,8699.785624
-45.381795,24,8699.881476
51.792198,27,8699.992445
-141.623194,25,8700.093201
-53.554754,25,8700.194775
183.700196,20,8700.288144
-44.002886,24,8700.40102
-24.562573,21,8700.489109
-120.260207,36,8700.634874
-112.698267,18,8700.705073
-35.27712,36,8700.850013
43.488493,26,8700.957045
-124.798568,36,8701.10397
193.222263,18,8701.179244
211.18711,20,8701.264984
-79.122331,29,8701.383627
-119.534243,19,8701.463463
86.682625,67,8708.962136
362.959948,22,8709.09074
-52.609977,26,8709.229365
-140.795695,37,8709.388286
-32.883355,21,8709.483742
-115.804997,18,8709.55879
-263.344613,37,8709.71141
-42.191309,37,8709.869133
-80.70861,29,8709.984126
20.07351,29,8710.10264
163.734735,22,8710.192429
-51.470376,23,8710.284239
61.158917,22,8710.37562
163.997367,24,8710.478592
131.311787,27,8710.594021
-52.883985,42,8710.769974
-304.880844,83,8711.110094
-129.785716,19,8711.187985
-221.50191,47,8711.381912
-35.348158,22,8711.471657
-31.976296,21,8711.554723
-74.903121,29,8711.673515
-175.940345,27,8711.780389
192.705554,23,8711.872341
-109.734397,34,8712.008995
-42.059663,23,8712.106658
-59.52177,26,8712.213594
40.337586,27,8712.505437
-43.010799,22,8712.593805
-398.239999,101,8713.008499
-229.375513,36,8713.157219
-89.045257,31,8713.288356
39.799167,26,8713.396731
-258.305567,37,8713.549811
-54.360278,26,8713.653384
-366.876633,101,8714.063808
162.897764,22,8714.151148
-39.855995,36,8714.297739
-190.87779,42,8714.472943
-263.772774,37,8714.618486
-160.175087,52,8714.828837
-114.638772,18,8714.902228
-261.963969,37,8715.06068
-242.91112,37,8715.210427
-27.016709,20,8715.289147
85.07735,19,8715.369006
-184.566337,76,8715.684125
-151.20982,41,8715.850759
-64.94873,37,8715.99824
24.198417,30,8716.119453
-111.20724,34,8716.261549
52.873799,25,8716.364368
65.520936,22,8716.454776
75.99673,20,8716.537181
-96.60322,31,8716.663307
-52.836481,25,8716.766977
-66.890399,37,8716.916683
75.816152,20,8716.997997
-187.634705,43,8717.173641
-116.255581,18,8717.242161
-85.238564,32,8717.371918
-115.86954,35,8717.510533
-21.691917,21,8717.59476
-25.528803,19,8727.877632
-24.367075,19,8727.992375
-22.514548,20,8728.086643
-131.855162,35,8728.231183
-150.976251,39,8728.388344
57.564821,24,8728.485574
0.020304,33,8728.629048
-138.686772,21,8728.714107
-27.739391,38,8728.875175
-160.067717,41,8729.042796
-104.099844,49,8729.244812
-714.001028,101,8729.65349
-46.202314,25,8729.753169
-129.769441,19,8729.829611
-27.477153,20,8729.912084
-282.441431,43,8730.089901
-45.689175,25,8730.189955
-38.774329,22,8730.279528
-173.205499,29,8730.406489
67.214005,21,8730.485809
-123.792682,51,8730.701385
-67.911534,29,8730.816931
-637.722981,101,8731.21897
-27.89353,19,8731.295432
-48.334211,23,8731.394285
-223.617753,34,8731.536812
-26.00435,19,8731.61666
-116.258802,49,8731.834491
-65.917346,28,8731.949215
36.009994,27,8732.059345
-42.426976,22,8732.151096
-28.663769,20,8732.231319
-25.253261,19,8732.307652
-50.200783,26,8732.423153
-157.907366,24,8732.517206
-262.732325,37,8732.66409
-93.786939,47,8732.857741
-113.655009,34,8732.995099
-66.639688,28,8733.109088
19.711582,30,8733.239053
-27.207778,20,8733.321224
-45.64031,22,8733.413432
-377.3013,99,8734.009909
-295.856148,43,8734.190676
-168.531433,37,8734.336567
-184.006697,27,8734.447585
-239.322139,36,8734.59539
-265.212502,37,8734.747172
-17.447319,34,8734.892698
-70.310738,27,8735.004537
-274.829429,40,8735.170687
-32.791418,21,8735.253192
-159.114149,25,8735.352205
68.906107,21,8735.453526
36.012659,27,8735.565669
-16.147759,20,8735.64956
160.614596,25,8735.932628
-29.852702,35,8736.080597
-165.012465,37,8736.241543
-68.79315,28,8736.358058
165.215576,21,8736.447088
162.830972,22,8736.537403
-99.93248,32,8736.668885
70.901947,20,8744.823121
-115.889398,39,8745.049042
-497.407472,101,8745.497138
-136.360606,52,8745.710258
-109.589277,18,8745.788786
-125.510677,19,8745.868289
-96.506627,31,8745.996553
-185.401413,42,8746.175125
-125.244396,21,8746.257358
61.719581,24,8746.359798
-116.277202,19,8746.439314
-115.895799,53,8746.656355
49.140218,41,8746.823723
-27.448906,21,8746.908892
-258.806217,37,8747.05677
39.638494,26,8747.162594
-159.665794,39,8747.327857
-22.532328,19,8747.413348
-59.542142,27,8747.52838
-134.85272,20,8747.607781
-34.549927,22,8747.69309
-46.209538,22,8747.781378
-47.463449,26,8747.888075
56.524476,22,8747.981021
-50.731786,23,8748.071511
-687.509394,101,8748.481144
-127.478266,19,8748.559899
-71.981697,28,8748.673133
-64.09005,27,8748.78122
60.405608,22,8748.880326
-422.835793,56,8749.110054
20.853774,30,8749.235377
-104.015333,32,8749.360626
-216.908559,46,8749.565167
64.153512,22,8749.653791
70.581365,20,8749.7342
-132.690865,35,8749.877222
35.65649,28,8749.994117
-126.00059,20,8750.077651
-67.01321,42,8750.248394
-246.035,37,8750.403321
-265.30979,39,8750.564314
-80.011175,29,8750.68664
-250.237009,37,8750.840708
-176.225262,28,8750.957678
-260.14335,37,8751.113477
-30.109359,21,8751.199163
-171.188227,51,8751.407298
-207.530452,45,8751.582651
-247.526141,40,8751.737366
-56.424164,24,8751.837338
-91.568335,48,8752.371901
-261.322645,37,8752.587969
179.087067,21,8752.676165
67.584641,21,8752.761989
36.718723,27,8752.872683
-26.01993,19,8752.945903
161.560743,22,8753.050672
-123.5135,19,8753.132756
19.230998,42,8753.304351
-66.93733,28,8753.423227
54.700672,25,8753.522817
-150.991557,25,8753.621919
-101.759015,33,8760.030183
81.997583,35,8760.224719
-27.976731,20,8760.312921
23.924195,29,8760.436816
329.53962,27,8760.544432
-217.12063,48,8760.738925
284.431483,38,8760.893143
68.075888,21,8761.355471
-124.117153,20,8761.474858
-60.540378,26,8761.57962
-259.933052,37,8761.730696
-128.196135,19,8761.804349
174.592155,23,8761.901145
-114.690662,18,8761.97635
-26.878434,22,8762.068837
-61.337197,27,8762.180293
-73.064049,41,8762.361606
-47.815372,37,8762.51248
-94.745388,34,8762.656862
-42.675563,25,8762.754818
-252.077849,37,8762.90698
-264.375518,37,8763.065279
-88.327902,31,8763.197418
-42.588755,22,8763.288064
-100.007841,43,8763.483591
-115.214739,20,8763.57076
34.257686,27,8763.68783
73.476188,26,8763.809172
-118.755838,18,8763.901412
-152.003878,26,8764.024978
-265.609325,37,8764.190023
46.289902,26,8764.414046
-55.852021,43,8764.602629
63.548706,21,8764.686753
-160.019039,37,8764.838018
-36.496165,43,8765.012702
42.149143,25,8765.117729
-38.894939,21,8765.214307
34.385542,27,8765.333304
-20.10258,19,8765.416115
66.741943,21,8765.503638
-30.395198,20,8765.588928
20.966032,29,8765.707499
-29.851079,20,8765.789121
-34.411346,21,8765.873875
-327.212928,59,8766.116547
-40.266401,23,8766.209369
-164.464709,28,8766.321341
51.292746,25,8766.424448
43.191373,25,8766.529764
-127.317075,20,8766.61173
47.445921,25,8766.712697
-26.19481,19,8766.791947
26.593708,29,8766.911093
-30.212198,20,8766.989439
68.477759,21,8767.079073
52.067434,25,8767.18092
-134.127724,36,8767.33608
-27.186463,19,8767.415984
157.896866,23,8767.506626
51.817054,25,8767.609503
158.882722,26,8767.723757
128.714764,27,8767.836932
-206.173703,37,8767.983783
-699.57687,101,8768.396914
77.506116,19,8768.472059
-61.904678,27,8768.579427
-29.146794,20,8768.658774
-23.026771,20,8768.737357
62.342391,22,8768.825642
-80.101755,30,8768.947223
-23.304295,34,8769.094413
-250.937897,37,8780.513452
69.311939,38,8780.68569
-226.510955,33,8780.824262
150.962553,25,8780.927742
27.317661,30,8781.051993
-156.67982,39,8781.213087
-260.844655,68,8781.512505
-54.789233,26,8781.622013
-162.06843,26,8781.72725
-28.043771,21,8781.812911
-53.956149,25,8781.91209
355.021936,26,8782.020243
-117.455753,20,8782.099932
-56.743745,42,8782.272372
66.206018,21,8782.357456
-13.941266,19,8782.441898
-168.123838,37,8782.593382
-44.49836,22,8782.681967
22.469397,41,8782.844602
-61.120336,47,8783.036443
66.840214,23,8783.128519
141.774366,26,8783.230869
57.254971,23,8783.324513
-62.796469,37,8783.489038
241.804668,26,8783.594596
-141.315675,35,8783.739979
46.072406,24,8783.836251
66.358521,21,8783.920986
-145.090853,24,8784.013908
-26.553691,20,8784.093038
32.705163,29,8784.222882
21.931443,29,8784.353243
-177.404594,40,8784.517098
-24.954927,19,8784.598318
154.561383,23,8784.690947
-53.512122,24,8784.789753
48.562224,23,8784.882872
196.67698,20,8784.967911
158.794898,24,8785.06984
-22.842638,21,8785.159126
40.936493,37,8785.311191
-93.934853,46,8785.504779
-129.052003,19,8785.580785
-395.318361,56,8785.815826
-243.060424,36,8785.960229
-66.236769,40,8786.123912
-135.825416,34,8786.259248
-151.516252,43,8786.439987
67.702053,22,8786.529133
1.137733,31,8786.655878
156.754365,23,8786.751237
-27.086012,20,8786.827532
-16.781552,19,8786.905224
-144.157639,39,8787.064498
-87.820893,32,8787.199356
53.738776,22,8787.291061
-31.650505,21,8787.374745
44.964708,25,8787.472874
-50.024231,23,8787.563968
-364.024234,66,8787.846488
40.400254,26,8787.949838
-234.489044,36,8788.094464
40.929814,26,8788.200441
-35.494031,23,8788.297159
-120.194964,20,8788.380065
-42.970657,24,8788.479761
-474.020699,76,8788.918339
-161.81105,37,8797.696722
-201.149054,47,8797.940788
-30.118844,20,8798.031904
-167.119635,37,8798.188219
-120.382302,18,8798.264559
-27.14306,21,8798.352082
-55.338858,24,8798.478184
36.922762,27,8798.59862
-220.766182,34,8798.745132
-36.151679,21,8798.831696
-95.209176,32,8798.963218
-37.839371,21,8799.048244
-36.239387,24,8799.228576
23.947848,29,8799.429602
-34.789306,21,8799.536034
45.729549,25,8799.694749
-189.711096,32,8799.849564
-263.003367,40,8800.051138
-27.733946,21,8800.151181
131.015556,30,8800.297562
67.071835,21,8800.421419
-32.626802,22,8800.530053
-82.84712,29,8800.676966
165.783913,21,8800.791537
-100.752725,32,8800.94766
36.675126,28,8801.091523
-44.344183,23,8801.198244
-250.857331,37,8801.705357
55.586275,23,8801.907638
-37.506025,39,8802.131911
-191.028678,42,8802.335116
-124.986005,19,8802.436928
-251.987957,47,8802.662134
65.641323,23,8802.770126
66.777272,21,8802.87721
-154.069469,36,8803.053412
-11.434614,34,8803.231507
-130.263637,36,8803.41644
-17.805249,34,8803.582623
-155.190375,24,8803.704867
-127.659635,19,8803.797706
-86.546102,30,8803.945982
-38.387318,36,8804.115226
-52.739494,26,8804.236153
136.707587,25,8804.371879
-18.678546,19,8804.460993
-313.699281,46,8804.679697
-40.113991,22,8804.786105
-12.465862,18,8804.877486
166.548788,21,8804.983188
-25.85868,20,8805.076295
-53.376272,25,8805.193461
168.127941,21,8805.293787
-146.260961,37,8805.480929
-108.205111,47,8805.713374
3.998032,32,8805.866626
-160.43605,37,8806.036172
-206.303398,32,8806.186447
91.642227,32,8806.354706
162.487356,22,8806.452485
-200.016053,57,8806.683888
77.571402,37,8806.832687
66.26972,21,8806.917125
-16.143761,49,8807.11821
-69.958567,29,8807.241341
-135.897959,22,8807.330085
-11.036204,33,8807.470546
27.097316,29,8807.584817
59.585169,22,8807.674319
-94.772811,50,8814.360106
264.940482,22,8814.500024
-158.309783,39,8814.683242
-27.663864,20,8814.775191
-597.478311,101,8815.178861
-65.181283,28,8815.304583
-127.469033,19,8815.383398
-176.454627,27,8815.499738
-49.074704,23,8815.593863
-33.493328,22,8815.680076
-141.645478,23,8815.773263
-117.814569,19,8815.857315
52.944421,23,8815.952057
-315.508262,82,8816.284118
-82.117251,29,8816.39721
-122.216211,19,8816.470367
67.989129,23,8816.566888
-26.894484,20,8816.647956
63.925542,23,8816.735949
2.773644,30,8816.869656
48.265338,26,8816.979046
8.811089,33,8817.116139
113.723814,30,8817.238273
49.184388,24,8817.338916
-170.243635,42,8817.516028
-69.927262,28,8817.632725
-137.154007,21,8817.715595
-251.556876,37,8817.865961
-40.094838,23,8817.959304
50.98943,23,8818.053317
-96.910051,60,8818.294918
-31.576465,20,8818.375526
146.940989,25,8818.483794
15.525048,29,8818.721941
-147.047373,38,8818.979839
73.151727,20,8819.067673
-29.677338,21,8819.159669
-449.14214,63,8819.422309
52.400733,24,8819.527553
-30.260422,22,8819.615009
-161.668245,41,8819.785409
-64.397485,27,8819.90513
-21.917849,19,8819.981458
-403.134166,101,8820.407919
-157.212104,37,8820.56444
44.933336,26,8820.664962
-37.867566,21,8820.750496
-178.959856,28,8820.8668
-155.927172,40,8821.037537
-57.963881,27,8821.149458
-86.255923,31,8821.275446
-115.960789,47,8821.475792
170.191476,23,8821.575045
-353.52083,101,8821.978632
-40.478718,24,8822.075095
-90.023306,43,8822.251208
-189.602505,30,8822.371007
-31.675798,23,8822.466857
-425.956811,85,8822.815143
-262.41378,37,8822.971184
118.651529,29,8823.087507
204.113319,21,8833.974877
37.562483,27,8834.123235
-261.420943,37,8834.275705
141.25795,27,8834.388689
57.969996,37,8834.539326
-209.197399,72,8834.841551
-24.69989,22,8834.931491
-260.389394,37,8835.077451
-156.451862,38,8835.236465
-28.418612,20,8835.335261
-39.409928,36,8835.489775
58.15494,24,8835.588383
-267.438513,57,8835.823835
-158.956379,38,8835.981706
-70.091688,26,8836.093963
-15.584758,19,8836.17
-206.820276,62,8836.433625
159.849423,23,8836.530086
-363.06861,74,8836.834169
-146.802599,37,8836.985396
-188.989357,72,8837.274564
-159.740377,41,8837.447863
255.830091,23,8837.540692
11.612563,30,8837.663994
-143.372006,53,8837.877496
-128.895785,20,8837.958273
-136.315646,35,8838.098722
55.969172,25,8838.200577
-47.077682,37,8838.350077
-249.628799,38,8838.499712
-173.122043,27,8838.608618
66.071244,40,8838.775468
-20.884938,41,8838.936487
-120.623359,33,8839.071484
-119.487108,19,8839.149007
-23.857901,21,8839.234924
146.591244,26,8839.341528
-119.020348,18,8839.415266
64.119174,22,8839.504489
66.81119,21,8839.588316
65.128659,21,8839.678367
49.47853,25,8839.782527
169.901725,21,8839.867558
70.542203,21,8839.95451
80.724502,38,8840.115057
-21.941709,20,8840.196863
44.754103,26,8840.305938
-27.701105,19,8840.382656
-206.033901,50,8840.58893
-77.178609,40,8840.748426
187.671435,20,8840.829115
-201.356911,30,8840.953044
-202.886394,58,8841.189856
-145.127545,37,8841.340577
-238.341272,35,8841.480847
55.451416,22,8841.570166
15.438456,30,8841.696893
-193.463022,33,8841.832487
46.031229,45,8842.014255
-117.599188,34,8842.150216
-279.644081,44,8842.324247
-170.87009,40,8849.178456
-243.815101,37,8849.350591
-434.948333,86,8849.712069
-160.486866,37,8849.869321
-196.087633,58,8850.106898
-129.077096,20,8850.189985
72.011486,20,8850.27316
-13.626394,32,8850.399202
-38.517448,36,8850.559239
-30.635495,21,8850.64693
-51.495377,25,8850.746971
-29.255155,20,8850.829462
-18.478094,35,8850.972922
59.990697,23,8851.068241
-32.920586,23,8851.182189
43.186275,24,8851.279954
-29.973939,20,8851.362416
-127.319732,19,8851.43832
45.049988,24,8851.537733
48.056691,24,8851.634178
35.814779,27,8851.742171
61.662215,22,8851.830238
-260.869985,37,8851.979557
-226.255505,33,8852.109406
-43.700829,22,8852.204287
40.718778,27,8852.322688
-29.302227,21,8852.411662
-43.904645,42,8852.577355
-119.595334,18,8852.655718
-213.737594,74,8852.953271
-164.656098,46,8853.146019
37.346159,25,8853.256889
-168.898273,36,8853.411476
52.425425,23,8853.524765
-143.88784,42,8853.710971
40.291064,28,8853.824873
-37.036289,21,8853.912062
-33.504527,21,8853.99609
135.495559,40,8854.158805
155.697182,23,8854.256896
160.616701,22,8854.342543
-134.361466,21,8854.43418
-37.456689,23,8854.536833
-29.494917,21,8854.645359
49.754728,24,8854.780041
-121.908688,19,8854.884907
-260.000933,37,8855.103093
-137.045487,36,8855.313565
-125.842001,19,8855.431098
-47.493234,40,8855.790771
164.922355,29,8855.985213
-52.856841,24,8856.148982
-52.656829,37,8856.421357
-67.368047,43,8856.66111
-35.08335,22,8856.83954
-191.773599,44,8857.039158
61.91402,23,8857.138934
-146.346646,37,8857.293493
-96.345733,31,8857.437258
-142.018163,37,8857.654889
-262.277863,37,8857.812627
-63.455163,26,8857.936895
-118.659021,18,8858.01387
-79.56868,29,8858.132041
-146.07597,38,8858.285537
-121.312249,19,8858.363141
-116.961325,43,8858.550611
-164.482973,25,8865.40082
-63.224806,28,8865.549282
-64.377149,37,8865.709954
-66.468574,27,8865.823926
63.554944,22,8865.921418
-517.613106,101,8866.339669
7.863145,30,8866.467698
-38.717625,22,8866.556926
80.360994,37,8866.710731
-83.480661,29,8866.829155
40.436994,27,8866.943782
-129.523251,41,8867.111581
57.053885,23,8867.207781
-0.341061,46,8867.405306
-113.805418,35,8867.543975
-48.746773,25,8867.641882
61.128402,58,8867.87658
-63.453989,27,8867.979967
-262.432673,37,8868.140452
-6.158214,46,8868.326319
-119.921374,19,8868.407558
-29.115141,20,8868.488597
-142.605966,36,8868.630224
-94.384495,31,8868.753515
-177.167178,39,8868.918918
-169.341007,32,8869.049857
-16.463897,20,8869.130036
-538.043459,78,8869.444778
250.032549,28,8869.556608
-122.987513,19,8869.635288
133.095869,26,8869.736751
-39.042617,22,8869.82706
71.064942,23,8870.042789
-23.85757,19,8870.120748
-18.067749,34,8870.267067
-153.561683,23,8870.365567
-45.346255,23,8870.463196
-36.087961,37,8870.612503
141.526913,25,8870.720163
-174.044453,57,8870.949785
-27.828954,35,8871.09495
37.867833,27,8871.204818
-192.093842,29,8871.325853
-20.258847,20,8871.410603
133.277492,26,8871.521118
49.743699,26,8871.623905
-62.332803,37,8871.768129
-33.059293,22,8871.858198
-148.737514,24,8871.954731
-55.462895,37,8872.098261
-147.287703,23,8872.192445
-137.534388,40,8872.350717
-289.356621,42,8872.529193
-120.654378,20,8872.614491
-25.695894,19,8872.688151
-146.958378,22,8872.775089
61.109148,24,8872.871098
-257.437023,37,8873.023338
-22.12268,49,8873.221563
-39.076572,36,8873.370239
21.408114,29,8873.488872
-266.336611,93,8881.948883
-8.20746,37,8882.171888
16.351177,29,8882.300878
-262.616798,37,8882.46555
20.227483,28,8882.578507
-152.724667,38,8882.733718
64.485865,23,8882.826665
-157.890779,25,8882.927222
-25.972529,19,8883.003
-130.732805,49,8883.207923
-128.896413,60,8883.4456
-153.547412,49,8883.649466
-128.983252,20,8883.733836
-9.685737,32,8883.870253
200.337209,21,8883.954849
-22.541056,36,8884.104887
67.866713,21,8884.189712
49.164403,24,8884.289991
-43.384264,35,8884.434057
-246.585306,39,8884.603752
-23.506354,21,8884.68957
-336.336822,48,8884.882616
50.786567,27,8884.997901
-45.884386,39,8885.159847
-23.912794,19,8885.237301
-223.122429,36,8885.388825
77.810763,37,8885.54397
-139.909616,51,8885.753585
-46.679603,24,8885.857247
-143.987948,23,8885.953854
42.326565,26,8886.067176
-146.37981,37,8886.232363
-117.989657,18,8886.307389
142.541157,24,8886.407443
18.207508,30,8886.529973
-108.036209,61,8886.774201
-74.735994,28,8886.886464
-180.920066,30,8887.009988
-223.266797,34,8887.151196
-48.920589,23,8887.242544
-64.499023,28,8887.360676
-244.251447,37,8887.513609
196.9042,20,8887.594257
-137.396745,21,8887.679677
283.96768,39,8887.839841
-28.123889,20,8887.919071
-131.950534,62,8888.171944
-88.834166,29,8888.697309
-184.115164,41,8888.954975
-35.451472,21,8889.042224
-17.96277,32,8889.174745
163.408309,22,8889.2671
247.438703,25,8889.372717
-28.798501,20,8889.455147
-256.143318,39,8889.611818
8.728006,43,8889.793297
-131.809978,23,8889.886609
20.592402,28,8890.015855
-30.363672,22,8890.122996
-73.543055,40,8890.29016
-35.108917,22,8890.381566
44.615747,25,8890.487457
-124.786503,20,8890.571833
-43.425226,38,8890.74102
-44.657396,45,8890.928864
25.140279,28,8897.918868
30.421146,27,8898.092938
-116.470647,18,8898.212569
-179.946111,29,8898.367582
-47.224636,24,8898.475612
-135.609558,21,8898.56948
-97.899605,30,8898.811667
52.505494,24,8898.939271
-76.743346,29,8899.058028
-168.520368,54,8899.281967
-15.223129,19,8899.360823
-119.794722,20,8899.446512
-145.848961,23,8899.537626
16.504433,29,8899.653802
-240.913784,36,8899.7989
-90.075012,31,8899.923541
-29.815009,20,8900.005355
-382.763449,55,8900.245338
-208.512137,32,8900.379735
-47.509559,24,8900.483395
-59.432758,38,8900.640378
-124.520294,19,8900.715829
59.7906,22,8900.807374
-144.066545,37,8900.955672
-152.440857,37,8901.10703
-135.203784,24,8901.203455
45.078757,25,8901.303032
167.116237,21,8901.392734
63.653979,22,8901.476838
-130.995481,21,8901.560935
71.596727,20,8901.639508
-142.00079,24,8901.734618
-127.573621,21,8901.818056
-154.532238,37,8901.966891
-131.403759,35,8902.109141
-193.905948,43,8902.286363
-140.471087,39,8902.433695
-53.337788,23,8902.523427
70.666686,20,8902.606687
-46.895556,25,8902.707931
65.942131,21,8902.79351
-120.324582,36,8902.937872
-48.990381,37,8903.086856
-55.592523,26,8903.193306
-45.716082,23,8903.289701
-263.993997,37,8903.433679
-91.952906,32,8903.565459
-53.203594,25,8903.670648
-117.04963,33,8903.80761
-35.871883,22,8903.896874
-75.7908,29,8904.008648
-266.506281,37,8904.175539
-127.745498,36,8904.382444
-52.539097,26,8904.626842
-34.096989,22,8904.866124
-109.105607,31,8905.185089
48.73161,25,8905.40971
-184.622717,55,8905.884701
-182.165669,58,8906.477839
-117.031433,19,8906.646372
239.38759,26,8906.813907
-1.509692,32,8906.989867
-21.06355,34,8907.152376
-38.173482,22,8907.243992
-68.579147,28,8907.356299
-186.677012,28,8907.48147
-117.736076,38,8907.630167
167.918424,21,8907.71301
38.14995,26,8907.826674
-89.27044,43,8908.002039
-250.596333,37,8916.302023
-255.276041,37,8916.518739
-43.497754,24,8916.631416
-5.488789,32,8916.771453
163.911785,22,8916.860983
-57.160851,37,8917.00369
-77.208817,28,8917.114008
-108.569498,33,8917.250835
-29.972305,22,8917.339975
-162.599388,37,8917.49721
-328.840164,76,8917.806263
52.399337,24,8917.903303
7.638794,32,8918.029216
-120.944171,20,8918.109366
-125.634856,37,8918.262256
-55.029458,24,8918.358785
-36.91902,22,8918.459963
-214.545199,33,8918.593
-246.363568,34,8918.738259
-314.48521,47,8918.927889
-180.799744,52,8919.132993
-44.041757,24,8919.228475
-699.055897,94,8919.610827
-39.163326,22,8919.69948
-103.347534,62,8919.950449
7.285458,30,8920.075543
-72.206147,28,8920.20126
-74.564099,29,8920.32763
256.578538,23,8920.421853
-427.023392,79,8920.740453
36.098018,28,8920.858281
-129.982334,19,8920.933927
106.948591,43,8921.111563
-27.395796,19,8921.187731
49.768888,24,8921.412812
-120.176043,19,8921.494125
-122.076456,19,8921.578172
-160.034988,25,8921.675129
-33.044652,23,8921.771754
-227.830206,47,8921.973975
63.876645,22,8922.067619
-28.429617,20,8922.150746
-55.240984,26,8922.263182
156.95365,23,8922.352621
-65.018831,37,8922.509835
-346.38322,57,8922.746361
-46.856098,22,8922.838458
-19.686333,38,8922.989161
-37.747584,22,8923.078416
-162.188877,37,8923.238903
37.194529,26,8923.346337
-22.081327,19,8923.426016
-62.919675,43,8923.608252
-15.859339,36,8923.756414
-249.681486,50,8923.957393
63.233133,22,8924.04943
-147.975048,37,8924.204607
-209.820888,32,8924.338988
-86.710242,32,8924.469293
-71.974607,29,8924.587122
-98.439046,72,8933.378672
-176.458138,26,8933.560987
-168.851288,72,8933.890131
71.500313,20,8933.972528
-122.7279,38,8934.121799
-247.083391,37,8934.277057
-198.576953,32,8934.406213
-284.791802,43,8934.615914
-51.207199,23,8934.760079
-131.049519,19,8934.863867
-57.671429,26,8934.994394
-25.917317,21,8935.097042
-121.651523,20,8935.19282
-160.772283,26,8935.326238
65.500371,21,8935.439377
24.406003,28,8935.583658
-80.366676,30,8935.739945
-25.276235,20,8935.84301
-246.162056,37,8936.033091
-62.026622,26,8936.190056
119.155813,51,8937.67956
-47.082519,22,8937.970283
-45.887367,24,8938.103027
-247.324401,37,8938.28354
-116.468643,33,8938.458565
-564.796645,101,8939.024933
-107.573813,35,8940.634061
-198.480891,50,8941.041133
-57.114098,24,8941.197754
-62.920713,40,8941.425144
-268.200087,37,8941.649745
-161.082024,27,8941.814893
-67.157335,29,8942.012303
-123.345408,19,8942.145097
-218.836838,34,8942.359886
-101.639604,34,8942.555038
-133.347802,21,8942.674048
-28.534359,19,8942.77339
-32.665336,20,8942.871289
-45.107109,22,8942.977457
-7.97987,49,8943.193721
-158.618849,39,8943.369484
-195.712501,31,8943.506133
-183.137766,59,8943.78681
-158.485205,40,8943.961689
-139.301373,21,8944.050687
-74.771002,45,8944.251653
-163.485355,45,8944.454053
-54.815658,25,8944.575058
-123.48391,19,8944.657678
-21.690874,20,8944.746031
-211.941387,34,8944.910335
-108.014849,31,8945.052155
-1.778767,34,8945.217052
59.601449,24,8945.322162
66.496156,23,8945.425489
-49.880986,23,8945.558047
149.990364,25,8945.670957
-171.735058,40,8945.843483
-203.301495,34,8946.002912
-152.561258,38,8946.161561
12.425902,56,8946.411207
-72.809061,27,8946.53387
64.363538,25,8955.85571
-29.943714,20,8955.988124
131.671601,27,8956.123854
-45.29214,37,8956.286635
-260.126658,39,8956.463122
-67.954339,28,8956.576561
-32.884121,21,8956.668348
-22.823493,20,8956.755015
-10.219718,64,8957.223514
155.262088,24,8957.35107
-206.00639,32,8957.513185
-44.890878,38,8957.705607
196.471843,20,8957.801849
-251.402977,37,8957.976396
-237.241518,73,8958.97046
-428.007108,99,8959.415017
-19.292711,37,8959.568476
38.760717,26,8959.679619
-31.592276,22,8959.777338
-31.54323,35,8959.925332
70.348238,21,8960.013905
-186.883726,66,8960.286504
-164.899999,69,8960.59516
-26.839847,20,8960.680867
-117.842979,18,8960.757655
64.184674,21,8960.856377
-30.907664,20,8960.939338
-163.570204,41,8961.113772
-54.785932,26,8961.219558
-189.137931,42,8961.414301
-195.394844,33,8961.558409
-46.963652,54,8961.787841
-134.931101,23,8961.886553
55.278689,24,8961.988285
157.308213,23,8962.089018
130.28246,28,8962.212032
184.784618,20,8962.302313
-30.070719,20,8962.396882
-146.249738,51,8962.664757
54.937943,39,8962.879336
-209.719974,33,8963.066411
-171.533679,28,8963.371211
-248.547525,52,8964.203634
53.433135,24,8964.513092
-152.676186,25,8965.045281
-81.841019,31,8965.69631
-283.308253,40,8966.867
-44.303386,22,8967.312172
-143.973773,24,8967.519889
-128.792549,63,8968.080616
-278.891789,44,8968.930669
-193.355936,29,8969.17426
-141.636488,36,8969.456807
-216.608058,46,8969.813357
-185.675387,48,8970.143187
-66.334434,40,8970.400501
-50.741229,23,8970.518558
-79.786426,33,8970.701385
-121.402647,51,8979.515734
-226.83736,34,8979.719099
-24.240169,19,8979.80378
-133.521444,20,8979.892693
-137.668439,41,8980.073413
265.662083,55,8980.309006
72.303796,20,8980.397885
56.77315,25,8980.511489
-33.509801,21,8980.604036
-122.911695,34,8980.739452
-185.293881,32,8980.884658
-47.903851,38,8981.049618
-245.021634,48,8981.262884
-431.644719,82,8981.612392
-133.584449,20,8981.694161
-57.413518,27,8981.810267
-241.199715,53,8982.040791
-33.848418,20,8982.130571
25.558757,27,8982.243069
116.460953,32,8982.377414
-120.365611,21,8982.471228
-183.121248,41,8982.637639
35.368228,40,8982.867607
-536.78782,101,8983.349611
-122.18624,21,8983.439459
124.060819,31,8983.571306
67.944162,21,8983.663175
-280.568188,70,8983.95976
-185.769682,31,8984.089636
-132.313613,20,8984.170852
-39.959102,22,8984.271207
-36.431216,36,8984.426709
-125.675803,19,8984.511289
-476.130826,101,8984.924295
-159.552289,54,8985.148052
17.959634,30,8985.28456
35.873596,26,8985.567081
50.212651,24,8985.67135
-163.385956,28,8985.799554
-136.136169,24,8985.902599
456.072304,35,8986.054151
-129.792983,19,8986.138113
-25.564762,19,8986.213951
62.521145,41,8986.390134
-131.873533,23,8986.492413
60.268999,22,8986.584873
-25.724374,19,8986.666779
13.555648,31,8986.799401
-31.547076,38,8986.959517
-133.787607,20,8987.042041
-29.450955,21,8987.133512
-24.297863,33,8987.286062
-349.944876,80,8987.620328
-32.643999,21,8987.705717
-223.128492,47,8987.894294
-253.258235,37,8988.049324
57.854128,24,8988.156219
-129.393702,38,8988.312359
-160.726367,44,8988.500994
154.960507,24,8997.740439
181.795313,25,8997.896434
-19.977969,35,8998.072511
-63.639466,40,8998.246273
-263.898404,37,8998.405579
-65.434191,42,8998.591917
-63.16408,28,8998.707393
-23.511263,38,8998.865212
-131.587346,20,8998.946653
50.125507,23,8999.042987
-54.394133,26,8999.15345
-35.955751,21,8999.240748
-73.340461,41,8999.423219
-197.535996,48,8999.631989
-166.030057,42,8999.811953
-416.685524,74,9000.133563
-136.641563,37,9000.29068
-134.72776,20,9000.377279
-247.304583,37,9000.540883
-368.976182,54,9000.773479
69.303115,21,9000.860639
54.875717,23,9000.956184
-255.770991,37,9001.112905
-124.926774,20,9001.196363
-60.807214,38,9001.354106
-286.408465,71,9001.661981
-26.433008,19,9001.742837
291.565487,33,9001.880775
-149.371702,38,9002.042395
53.623754,24,9002.145082
40.050953,26,9002.257588
-112.073129,46,9002.457769
42.416643,26,9002.570077
-53.560079,24,9002.669892
-131.535026,23,9002.771
-121.612241,19,9002.854506
-64.913896,41,9003.028739
-121.401952,18,9003.105387
-13.749481,37,9003.256934
-433.482814,101,9003.689657
265.369177,40,9003.857525
-21.145161,19,9003.941179
51.41056,24,9004.045157
-116.615013,18,9004.121
-246.00223,48,9004.321279
60.163678,22,9004.411847
-22.160738,36,9004.563264
-163.797601,26,9004.672421
39.011418,27,9004.788366
17.908539,29,9004.910488
200.206542,38,9005.07159
-30.79473,24,9005.174361
-127.843335,19,9005.256381
-167.857247,39,9005.417256
-266.165804,40,9005.59295
-166.121855,29,9005.717104
-159.800066,25,9005.825124
-158.690787,26,9005.938657
-206.048364,60,9006.198018
-129.895664,19,9006.277437
-112.59947,34,9006.438925
-30.154696,22,9006.536807
59.106766,23,9014.326694
96.155463,33,9014.515269
-289.116672,42,9014.705138
-272.391248,39,9014.864877
317.028217,101,9015.286215
-88.017881,41,9015.471515
37.193098,27,9015.594399
-120.961297,19,9015.677287
-200.65121,34,9015.937922
-395.684232,99,9016.377594
205.560565,19,9016.453106
-49.788788,25,9016.566103
-43.40466,23,9016.661421
-25.567263,19,9016.741312
-141.737507,37,9016.902228
-141.90524,34,9017.046527
-167.784467,37,9017.205616
6.43138,31,9017.334949
50.373656,26,9017.446534
69.663844,20,9017.527339
37.952771,27,9017.634975
-172.379886,27,9017.751752
-148.893164,23,9017.846405
-168.169006,43,9018.037758
-120.615481,18,9018.113204
-92.089543,44,9018.298372
61.639457,22,9018.393756
-71.139519,25,9018.499915
-61.611068,27,9018.610403
-116.967743,32,9018.745922
-140.383998,23,9018.845125
-120.175679,20,9018.927453
-177.98915,40,9019.100625
-225.511271,36,9019.250097
-12.601602,33,9019.388147
-148.527437,23,9019.483937
-112.981925,35,9019.630431
-28.91334,20,9019.709898
71.067379,20,9019.798546
-217.711957,59,9020.044575
-129.485097,19,9020.123926
-46.614648,24,9020.22168
-189.061423,30,9020.34312
296.39319,32,9020.4803
-29.725842,20,9020.568846
-32.803443,50,9020.782093
21.211048,32,9020.917144
51.309101,25,9021.026812
-57.561431,25,9021.13878
51.284267,25,9021.247954
-289.114385,45,9021.485425
51.490401,24,9021.633705
-155.614694,37,9021.901124
-268.170011,37,9022.173791
-177.276373,44,9022.576931
43.246937,25,9022.822995
10.409914,35,9023.120675
-245.741069,36,9023.434916
-272.495956,40,9023.726048
-81.203454,29,9023.894237
-152.891118,24,9024.027176
-176.09827,41,9024.199931
-137.49864,36,9031.388647
-164.744806,39,9031.630386
-418.4322,101,9032.055774
-215.59621,49,9032.260382
-181.439603,28,9032.379266
38.864127,54,9032.611018
-134.68045,22,9032.704113
69.801739,21,9032.79191
-29.42311,39,9032.959983
-79.143631,30,9033.092676
-171.694407,41,9033.265745
-138.382975,21,9033.355716
-84.046472,47,9033.570313
19.553092,28,9033.69597
-65.279786,25,9033.815696
-139.048973,52,9034.044162
-76.852351,28,9034.160773
259.290911,23,9034.262939
-47.120954,22,9034.356378
-67.393529,27,9034.471946
-48.482895,25,9034.575016
-113.472425,37,9034.726019
-120.814501,18,9034.8122
-30.000219,20,9034.894401
-138.907843,39,9035.053837
-102.174352,34,9035.194577
-163.327858,38,9035.359474
-236.394695,78,9035.701415
-51.012661,26,9035.81135
-139.475689,21,9035.899138
-131.645446,21,9035.988485
-29.420334,22,9036.081717
-237.632989,53,9036.313813
-129.659629,20,9036.401377
-120.524791,19,9036.479038
-111.350922,46,9036.673266
-146.702015,82,9037.009494
173.391358,25,9037.118444
-328.486406,47,9037.325166
-196.376895,43,9037.511043
-28.434574,20,9037.748878
-141.43902,23,9037.853183
123.847087,42,9038.038668
-43.374223,22,9038.131422
36.769845,27,9038.252337
-189.347346,47,9038.463395
15.485447,30,9038.589058
-221.549617,37,9038.744227
-121.645079,21,9038.830073
-326.035757,49,9039.031518
-23.880671,19,9039.110667
-43.96452,40,9039.282449
-53.84176,25,9039.391781
-31.962166,20,9039.475337
-215.604515,51,9039.687101
-42.063447,23,9039.78978
-23.132314,21,9039.878378
26.976334,46,9040.073149
-59.693225,37,9040.228545
-175.673243,44,9049.511415
-229.021941,46,9049.76887
-139.335513,52,9049.987979
9.559428,30,9050.119181
-136.311769,22,9050.213184
64.281578,21,9050.299693
-236.891342,35,9050.447077
-249.569349,36,9050.612371
-28.117296,20,9050.69496
-138.438006,23,9050.793967
-85.27955,29,9050.918029
47.329434,25,9051.026531
-48.520554,24,9051.137567
60.10218,23,9051.236916
-89.330722,33,9051.384873
47.194925,24,9051.492454
-127.958237,21,9051.579365
-66.193755,27,9051.696989
257.655594,23,9051.797679
58.102342,23,9051.894141
-115.304523,51,9052.111426
-72.422348,26,9052.215751
-72.572267,38,9052.380966
-20.081283,21,9052.469678
-159.762344,29,9052.590585
-108.920714,38,9052.753144
-248.221505,37,9052.902421
-128.898697,19,9052.984617
172.00706,26,9053.102168
50.901542,23,9053.203662
-260.035453,37,9053.363685
-98.59093,31,9053.490119
-116.80951,18,9053.566108
128.970593,27,9053.679395
253.911342,26,9053.79708
-15.348158,20,9053.886832
184.938606,20,9053.964735
42.913473,26,9054.073183
118.234642,34,9054.215893
-190.785965,30,9054.352084
40.617963,27,9054.465723
-243.313915,37,9054.625522
-53.178883,24,9054.721781
-418.390604,83,9055.071969
-29.514982,21,9055.162857
-49.938253,27,9055.287633
-159.09345,41,9055.470721
21.515381,31,9055.603401
-189.602093,32,9055.73632
-222.061595,36,9055.890638
-20.726736,20,9055.972568
-156.444463,26,9056.084449
-118.883802,18,9056.162346
-29.794585,20,9056.245947
-26.887095,23,9056.344729
-104.122848,33,9056.490979
-93.899853,32,9056.6294
-35.100968,22,9056.726358
-10.676119,36,9056.880957
244.275637,33,9057.017333
-732.5576,92,9057.421229
2.738911,33,9057.574908
-129.268449,20,9057.660554
-29.092047,22,9057.754065
-296.376853,44,9057.93962
-190.200943,30,9058.070908
-160.262556,55,9058.304274
-4.521972,34,9064.898797
-149.489451,37,9065.070473
-29.621708,20,9065.155202
-191.611801,28,9065.612484
-39.424488,21,9065.700844
-19.731048,38,9065.855498
21.842713,30,9065.985111
-494.912071,87,9066.351333
-47.442145,26,9066.475874
-41.566177,23,9066.57408
-107.458385,47,9066.773537
-41.27646,22,9066.870959
54.572157,37,9067.025843
-25.610825,19,9067.206991
-31.036003,22,9067.296356
-252.677903,39,9067.46143
-118.620704,18,9067.539379
-27.530257,20,9067.621066
54.637588,25,9067.737865
159.386689,22,9067.83073
-96.905293,32,9067.969843
-257.368401,37,9068.194766
-192.576619,30,9068.328624
72.33469,20,9068.416613
-231.741591,70,9068.707012
-186.851795,40,9068.877057
45.814227,24,9068.977706
-27.847634,20,9069.05892
-41.000664,24,9069.163194
-29.431568,22,9069.255723
120.946783,32,9069.397459
-28.026192,20,9069.482603
-222.125626,33,9069.617601
-8.80592,34,9069.76503
-213.57271,31,9069.895409
-190.520193,44,9070.086349
-241.29311,36,9070.239058
-66.365576,39,9070.402557
-53.843651,26,9070.516053
-186.371285,85,9070.891732
175.7003,21,9070.984694
-162.3242,39,9071.155157
23.344327,31,9071.287978
-25.84555,35,9071.447726
-126.756662,19,9071.532309
-505.408971,88,9071.902639
-107.049349,33,9072.038695
49.082415,24,9072.143846
-191.375371,32,9072.275895
-339.055359,53,9072.50433
-127.277696,22,9072.598838
-268.423208,37,9072.771805
72.993746,20,9072.884593
-68.14138,46,9073.13841
-327.240354,47,9073.518396
-69.211088,27,9073.72999
35.218897,27,9073.956231
-46.60778,52,9074.420439
-123.114038,19,9074.655519
149.367339,24,9074.89984
178.855415,22,9075.113323
-251.272999,37,9082.927486
-7.368642,32,9083.102823
-32.348517,20,9083.190771
-69.197851,26,9083.301156
50.55812,24,9083.408593
-91.717715,30,9083.53866
65.543039,21,9083.624582
-49.211682,38,9083.784022
-208.926729,46,9084.011342
-72.68348,41,9084.192339
-25.813012,20,9084.285348
-60.298237,26,9084.404614
-22.821807,20,9084.497697
-129.672482,19,9084.579479
-119.755584,34,9084.724413
50.155547,23,9084.822774
-294.154029,50,9085.027932
18.788432,47,9085.235943
-111.123554,32,9085.369661
-52.909004,26,9085.480181
157.595399,24,9085.588249
163.641138,22,9085.684678
-27.424534,20,9085.775323
-141.75001,37,9085.944581
-32.127727,20,9086.030202
466.489473,40,9086.198541
-131.478626,37,9086.360685
38.408093,27,9086.469462
71.6782,20,9086.552429
57.783184,24,9086.652692
-126.235969,21,9086.74014
161.901945,25,9086.844844
-71.816509,27,9086.962338
-89.840345,31,9087.091806
-80.739286,31,9087.218451
-16.373714,37,9087.3772
150.388128,24,9087.49184
-274.242116,37,9087.637812
-201.910899,31,9087.765704
-156.07701,24,9087.867145
-47.372,22,9087.956909
-51.447667,38,9088.116964
-174.490057,44,9088.300078
-198.219439,31,9088.42874
-121.899099,20,9088.510862
37.786958,26,9088.622841
195.51433,20,9088.712064
-117.38888,18,9088.796188
-127.891137,21,9088.884952
-174.391714,44,9089.066284
-405.969515,101,9089.634317
63.241939,21,9089.724309
157.626736,25,9089.841147
-281.903189,70,9090.144978
-135.701036,21,9090.235168
-16.921496,33,9090.369191
-108.312786,49,9090.579523
-48.144573,37,9090.738919
7.700175,31,9090.879562
-81.758259,29,9091.001449
-113.462116,61,9091.265233
14.523495,30,9091.39338
40.007506,24,9091.494125
50.367089,24,9091.595913
64.390705,22,9091.689706
-91.746324,34,9091.837323
-99.687403,48,9101.578706
-14.705293,33,9101.739705
-53.69682,23,9101.840992
-121.508021,18,9101.924826
-26.436379,20,9102.010272
-117.419751,18,9102.093217
-106.422964,36,9102.244064
-191.482078,43,9102.428561
-59.368715,27,9102.538941
-47.295573,23,9102.643166
-52.69511,26,9102.7525
-50.983806,23,9102.848353
-53.420152,39,9103.015303
38.451152,30,9103.20093
-29.666942,23,9103.378308
1.160732,32,9103.58514
20.570062,28,9103.742554
-22.754118,22,9103.862616
107.793675,20,9103.957254
-32.889392,39,9104.161599
-22.128459,19,9104.252382
-139.861603,37,9104.422283
-107.336173,47,9104.623139
-23.212423,20,9104.70533
-17.143469,19,9104.785909
-31.51385,20,9104.868651
-172.799657,53,9105.093271
-23.587154,22,9105.19023
-263.657032,37,9105.348937
-28.041098,19,9105.427029
49.334009,23,9105.525642
165.558585,23,9105.634399
170.629732,25,9105.744834
-28.632792,20,9105.833183
-26.828025,35,9105.982997
-28.89584,20,9106.062132
-144.516914,49,9106.262546
-28.282182,20,9106.34853
32.980016,28,9106.470968
-37.04417,21,9106.557195
-151.728436,26,9106.669541
-45.578296,27,9106.791446
-28.436385,20,9106.875279
56.555185,23,9106.97066
-84.141592,41,9107.140369
73.453848,20,9107.221279
-65.253903,27,9107.330985
-163.475275,27,9107.440194
-189.04491,59,9107.68551
-65.45592,43,9107.863163
-256.889839,37,9108.020913
-73.960368,29,9108.1447
51.835201,24,9108.242466
-191.954154,29,9108.366189
312.716166,33,9108.503369
64.051171,22,9108.596453
-65.560683,28,9108.712303
-280.374725,43,9108.897326
-279.334018,41,9109.073678
-125.368384,19,9109.156089
-126.994207,19,9109.234378
81.756274,33,9109.373797
46.196356,25,9109.476599
-28.286062,22,9109.57342
-31.92759,22,9109.66346
62.333773,22,9109.752565
-68.579007,28,9109.87569
-232.706733,36,9110.027185
-292.285996,52,9110.25088
-193.610821,43,9110.430617
-264.795534,37,9117.733928
-42.892015,23,9117.83942
120.941744,33,9117.986947
-275.400011,37,9118.143667
-134.839859,23,9118.236021
-63.802407,53,9118.458003
-555.664142,101,9118.879627
-262.38084,37,9119.038119
125.308398,32,9119.181804
-148.674454,37,9119.351144
-51.854353,37,9119.506216
-387.278781,56,9119.744906
-71.820579,29,9119.872759
-207.838426,45,9120.17335
171.744392,21,9120.260443
-127.850641,33,9120.397008
-208.584874,63,9120.657506
-44.970272,23,9120.75637
-37.841914,24,9120.857122
-45.363828,24,9120.95952
-160.725191,40,9121.139532
72.735694,20,9121.225968
47.970185,25,9121.327288
-275.33221,42,9121.507338
-46.353936,24,9121.60914
0.187394,34,9121.750608
-63.981316,39,9121.911355
16.606407,30,9122.036497
-261.073486,46,9122.227052
-74.535394,45,9122.423589
40.979756,26,9122.533358
69.816725,41,9122.698169
-29.82919,22,9122.789732
86.956793,34,9122.936817
-253.865863,37,9123.086653
-253.609542,37,9123.242715
-129.762462,60,9123.495586
-81.927485,33,9123.636091
-389.807619,55,9123.866558
-89.80814,32,9123.997729
-81.023117,40,9124.168306
-25.980189,19,9124.249599
-263.31313,37,9124.414332
-23.679916,34,9124.554924
-259.363585,37,9124.707642
144.579386,25,9124.81369
-112.887472,34,9124.962262
19.816075,30,9125.09071
-590.406374,101,9125.510665
67.77348,21,9125.60162
-162.706878,40,9125.773436
-291.603474,56,9126.085852
-136.707264,38,9126.314556
-263.072888,37,9126.655254
46.81518,25,9135.43591
-196.101027,31,9135.611897
-61.387078,24,9135.716511
-9.40818,36,9135.865772
350.957835,27,9135.98656
-29.06719,35,9136.140125
-173.005952,29,9136.262219
-246.011198,35,9136.403739
9.92789,33,9136.54358
122.305064,28,9136.664834
-252.225597,38,9136.831971
-318.195758,44,9137.016359
34.855572,28,9137.132945
-303.259924,44,9137.325277
-600.275949,101,9137.749137
-191.867249,59,9137.997605
-124.509481,20,9138.082151
-551.339517,101,9138.516948
-47.501042,37,9138.680992
-138.161339,37,9138.833714
-105.398343,32,9138.972122
18.82961,29,9139.095709
2.857949,30,9139.220783
118.555777,32,9139.355463
213.722718,19,9139.43814
-155.713047,37,9139.600024
-61.491903,27,9139.718091
-253.156771,37,9139.873976
-333.641772,58,9140.114957
64.408708,21,9140.203906
52.359009,27,9140.319443
-142.749038,24,9140.423215
-46.105928,22,9140.517991
-69.381858,28,9140.639574
-56.31769,25,9140.745361
-128.313067,19,9140.825298
-32.578593,35,9140.98161
-68.744447,40,9141.142342
-51.541371,40,9141.308539
48.071243,26,9141.416679
64.749068,21,9141.499456
-127.082906,19,9141.575606
61.955354,24,9141.676524
-97.950887,36,9141.82546
154.736331,24,9141.927534
-47.050718,24,9142.029937
-52.530439,23,9142.123565
-330.293251,82,9142.581639
-24.804115,19,9142.728604
-71.570018,28,9142.848506
-73.542996,30,9142.984008
-168.587349,28,9143.106797
-23.572613,21,9143.194139
149.458088,27,9143.308829
-128.580107,21,9143.401234
139.314297,25,9143.50833
145.841853,25,9143.61743
-201.624481,32,9143.745802
-243.00928,37,9143.89367
5.095544,38,9144.054505
-115.6156,34,9144.202984
-81.979519,45,9154.106676
-28.718791,20,9154.211499
-265.749857,37,9154.37618
-242.412217,37,9154.538831
-145.733829,23,9154.634063
-77.411125,28,9154.754764
-66.006252,26,9154.86553
-32.509607,21,9154.953502
-202.09298,30,9155.082905
162.636413,25,9155.19821
97.986612,32,9155.339455
-283.664526,41,9155.512422
15.63626,33,9155.663581
218.740908,36,9155.817486
-147.722174,23,9155.920762
-301.708829,60,9156.186946
-252.804686,37,9156.337301
-138.636088,37,9156.495143
35.124469,26,9156.610504
-149.86409,23,9156.710503
-101.469856,34,9156.859616
133.717552,28,9156.977175
44.22259,25,9157.086729
68.291122,21,9157.177029
-78.346838,46,9157.380891
42.002702,25,9157.48639
-158.853739,37,9157.64832
-27.84883,35,9157.804173
256.458562,31,9157.951331
15.126227,49,9158.160572
67.103357,21,9158.246136
-148.891365,25,9158.355016
-18.193859,18,9158.436172
149.817416,23,9158.533776
49.314359,25,9158.638445
79.797201,38,9158.795796
-24.481848,19,9158.871456
6.997718,29,9158.995976
-123.955916,19,9159.078689
-32.720658,22,9159.169695
-176.510286,28,9159.286761
17.08081,30,9159.417093
68.361446,21,9159.505572
-32.468534,21,9159.596192
61.938244,22,9159.689765
-117.820954,34,9159.842151
-207.979412,57,9160.089702
-443.055967,87,9160.455007
-249.253767,37,9160.614897
14.006838,29,9160.739606
-224.153308,34,9160.877692
-210.967181,63,9161.142204
-76.605901,31,9161.270142
-174.363658,28,9161.385746
-247.490223,37,9161.540792
249.853803,29,9161.663972
74.852812,20,9161.746412
-23.923717,19,9161.828707
-266.484485,39,9161.99706
-60.554647,25,9162.106436
-271.515955,37,9162.256178
38.999359,26,9162.36043
-116.904903,51,9162.57549
47.743386,25,9162.678996
454.875069,23,9162.774312
-174.96984,29,9170.064831
249.226885,29,9170.210754
-141.747784,24,9170.315912
-260.141611,37,9170.475285
-26.462298,19,9170.553746
278.058293,39,9170.73126
36.815573,27,9170.84877
157.380346,23,9170.944164
147.459448,31,9171.073259
-190.774171,42,9171.249382
-45.26003,24,9171.352427
-39.694016,24,9171.456281
-210.473071,32,9171.587133
62.968821,22,9171.681597
166.327327,21,9171.767648
-246.959894,37,9171.915624
-127.451434,48,9172.121615
-25.124645,19,9172.464974
203.356612,21,9172.650465
-128.797836,19,9172.742248
-35.172951,21,9172.828336
-82.541374,29,9172.955471
-56.828597,27,9173.071708
-53.069649,25,9173.276593
-25.567176,19,9173.35096
-261.147315,37,9173.51552
-51.418395,40,9173.698109
-30.777709,21,9173.788982
-158.035428,38,9173.954095
-436.206679,77,9174.279265
-177.592609,29,9174.399408
57.916931,24,9174.499958
66.483143,22,9174.596389
263.043491,22,9174.691191
160.28573,23,9174.791798
-35.398282,23,9174.889244
-71.256792,58,9175.129964
-260.27377,56,9175.372349
125.736615,30,9175.497789
-203.529863,43,9175.677871
-140.459447,54,9175.906523
-115.70737,34,9176.047993
-155.688512,39,9176.212933
-71.204912,28,9176.33471
-145.941746,22,9176.431399
50.844735,25,9176.537807
-7.838342,31,9176.68191
-45.883771,24,9176.783387
-327.491723,52,9177.000112
-203.259336,48,9177.200896
-56.257513,39,9177.376062
-116.649198,18,9177.459902
-128.111539,19,9177.539254
-54.026002,39,9177.706267
-268.438972,37,9177.860719
72.736176,21,9177.953863
57.390044,23,9178.054358
203.511312,18,9178.130709
-90.718522,32,9178.271405
-31.702053,20,9178.362327
-92.066379,32,9178.490898
-129.843239,20,9178.5734
-26.990555,21,9178.65909
-52.424929,25,9178.806327
-14.086841,18,9178.916672
70.692221,20,9179.032433
-238.184163,35,9179.262345
-25.055236,20,9179.424941
54.386022,25,9189.076673
-82.765787,44,9189.314073
-348.770557,95,9189.717127
-98.977747,33,9189.858658
-23.734019,19,9189.941843
-105.124165,32,9190.073997
57.185458,24,9190.175803
-12.512582,33,9190.318453
57.53237,24,9190.416092
-279.032639,41,9190.591205
-445.081755,62,9190.852972
60.310146,26,9190.963424
46.169992,25,9191.074158
-181.660857,41,9191.247724
-203.828033,43,9191.43051
21.269332,29,9191.549844
-28.247285,21,9191.63703
-111.551052,35,9191.781591
19.580805,30,9191.913415
178.90011,25,9192.025105
-19.730083,34,9192.170971
-120.841421,20,9192.256245
-129.847108,34,9192.39892
105.329739,32,9192.538463
-37.617585,22,9192.634815
-23.096472,34,9192.780664
-31.520341,20,9192.866446
-117.137078,42,9193.044968
-114.631037,45,9193.228952
184.455352,24,9193.332124
-264.666771,39,9193.512092
-61.390867,26,9193.62215
-32.583468,22,9193.720838
-262.694202,37,9193.873477
-25.164754,20,9193.958296
-261.609359,40,9194.129152
-159.364676,27,9194.238747
-142.760581,37,9194.391182
-98.429458,31,9194.526141
-48.566497,27,9194.643077
-205.722275,45,9194.838871
-125.871811,49,9195.044452
43.774723,25,9195.149276
-250.74652,37,9195.309229
53.817959,24,9195.418254
-378.898827,55,9195.653144
224.496885,29,9195.769237
-188.439957,31,9195.90239
-39.987466,22,9195.995828
62.14978,22,9196.08832
-67.725273,27,9196.201023
-162.345206,42,9196.376855
-28.780055,21,9196.579505
-26.021199,20,9196.668049
147.092881,40,9196.835755
-33.909625,21,9196.923827
-178.862963,41,9197.104234
-30.064149,20,9197.191766
-193.805008,44,9197.375143
-151.87326,38,9197.535561
-154.709181,40,9197.703903
-261.024656,37,9197.857052
-25.868656,19,9207.675936
-208.167406,49,9207.928825
-265.158774,37,9208.086712
-50.215385,24,9208.187373
-157.739241,24,9208.284852
-23.339998,19,9208.361952
11.70495,30,9208.488589
-198.076437,60,9208.739362
-28.133776,19,9208.821266
-37.266751,22,9208.91496
-25.387194,20,9208.996335
-127.993736,19,9209.077738
-50.834221,24,9209.183123
-199.60471,30,9209.314016
1.378927,32,9209.451798
-276.40104,41,9209.627262
-259.710355,39,9209.790614
-468.765974,81,9210.146369
-259.172715,46,9210.347334
-23.724542,19,9210.424956
-37.431955,22,9210.518865
-177.364594,27,9210.647252
-44.145409,23,9210.744152
53.903086,24,9210.845274
-59.393763,26,9210.956568
57.611521,24,9211.055893
-34.348182,22,9211.147963
269.892422,22,9211.238213
-55.778048,26,9211.349016
-242.282427,37,9211.499438
-238.466692,48,9211.703396
-23.821026,19,9211.782615
-30.448956,20,9211.862568
-247.5635,51,9212.080178
48.633471,24,9212.179409
-178.601664,30,9212.303697
-295.650474,52,9212.526708
-32.157062,20,9212.612849
-26.521458,19,9212.689102
-93.814899,33,9212.824324
-179.62747,28,9212.939898
-27.735476,21,9213.025877
-37.030488,23,9213.123521
-109.356026,34,9213.277298
-123.823377,18,9213.357084
-135.110021,37,9213.54528
-136.386893,22,9213.638383
-384.162907,59,9213.899295
-71.509953,41,9214.076023
-29.112421,37,9214.230669
-102.105568,32,9214.361738
-228.733567,48,9214.564162
-68.330008,28,9214.682041
-58.990324,39,9214.840739
-43.953406,24,9214.942154
150.294414,24,9215.039803
-16.9505,36,9215.18949
-128.976141,19,9215.270171
-79.471263,29,9215.397225
-134.563548,21,9215.484577
-245.019123,37,9215.63646
-275.146319,37,9215.79026
-181.718575,41,9215.957497
-264.220804,37,9216.120196
-157.654566,24,9216.221356
-61.129276,38,9224.078548
45.367013,25,9224.226829
-24.726792,19,9224.324156
-174.253143,40,9224.495283
54.546086,23,9224.59324
-446.408964,64,9224.874546
-313.118755,45,9225.06632
-38.494357,37,9225.219769
-54.824363,24,9225.31849
-27.851761,20,9225.403603
-202.861659,37,9225.558029
-127.948591,19,9225.642782
-123.486553,35,9225.792972
35.610514,27,9225.906642
-33.813541,21,9225.991752
-28.505066,20,9226.07347
58.319145,22,9226.167315
-69.760376,27,9226.281011
53.49997,22,9226.375537
-134.220412,35,9226.521247
-250.389869,50,9226.730295
7.86698,32,9226.86571
38.663683,26,9226.98066
-239.800708,35,9227.133573
36.806541,27,9227.250624
-93.141871,34,9227.509168
9.978116,29,9227.632982
-45.088655,22,9227.733904
-134.255882,20,9227.814899
-246.155091,49,9228.020551
54.519593,24,9228.127108
-340.631245,61,9228.378439
61.031978,22,9228.471332
-140.337918,22,9228.567974
-29.411385,20,9228.65493
-179.642624,58,9228.900737
-133.666079,36,9229.058743
-33.175484,20,9229.138672
-94.268469,57,9229.377908
-285.372191,42,9229.561412
-93.335861,75,9229.88871
-24.505142,20,9229.973164
67.5499,20,9230.061146
-52.560178,26,9230.17369
39.128961,26,9230.282293
-131.699853,20,9230.365352
-31.985442,20,9230.449527
-182.646361,63,9230.720884
-72.242711,42,9230.895525
87.710598,35,9231.046444
-32.910331,20,9231.133523
-683.761212,101,9231.548386
-312.989164,90,9231.917729
-63.657112,37,9232.073798
63.626682,42,9232.250318
-127.076217,21,9232.337018
-227.585337,45,9232.532083
-701.675908,101,9242.310236
-294.851365,59,9242.695599
-266.746859,37,9242.867248
115.480847,31,9242.985634
-142.153255,24,9243.085565
-116.937041,33,9243.220266
-130.094989,19,9243.303006
-289.879979,44,9243.491718
-35.010142,21,9243.575271
-128.526331,19,9243.650376
-136.047379,22,9243.741563
-135.368111,21,9243.829903
-132.648216,20,9243.912187
-176.123163,41,9244.083494
-242.985197,37,9244.235305
-27.585221,49,9244.44582
-22.86025,19,9244.528996
-31.046376,20,9244.608068
-150.278154,26,9244.713853
9.539416,43,9244.885478
-49.345774,22,9244.973533
-252.523585,37,9245.119824
-29.722966,20,9245.206251
40.667168,24,9245.306681
-44.298767,22,9245.39597
-136.684674,22,9245.483645
-66.844911,27,9245.598123
128.747195,32,9245.742471
-129.449579,36,9245.892394
-53.265607,25,9245.98597
-15.01062,47,9246.185518
-39.989723,23,9246.275821
-119.563672,36,9246.427953
79.78092,37,9246.575598
-130.811734,20,9246.655655
-536.794709,94,9247.055845
161.426235,22,9247.152975
2.835222,39,9247.312028
17.96071,29,9247.437203
-28.836398,22,9247.52914
63.008483,40,9247.691488
-272.883875,65,9247.955162
-167.088101,40,9248.129871
-64.026782,25,9248.231111
-48.308968,25,9248.335692
-30.961478,20,9248.417896
57.707138,23,9248.516868
-24.370983,19,9248.590037
-49.477779,37,9248.738626
-157.580064,38,9248.888513
-68.626536,26,9248.995146
-306.052928,73,9249.311581
-132.985718,20,9249.393497
-35.609593,36,9249.537681
-20.527045,19,9249.615386
-37.406828,22,9249.705651
148.703928,26,9249.812571
-154.896405,37,9249.970436
-28.55949,20,9250.051558
-344.122109,51,9250.382359
-35.382241,23,9250.476002
12.022184,31,9250.605849
67.08576,22,9250.703313
-21.858039,19,9250.78544
-262.471037,37,9250.933875
-247.924514,37,9261.206402
24.981518,28,9261.39313
-56.334143,25,9261.507059
67.47974,21,9261.598058
-129.847009,35,9261.756782
-49.150408,23,9261.854553
-41.242741,37,9262.004644
-173.142038,47,9262.205505
-41.07174,23,9262.308904
-40.773541,23,9262.411917
72.192626,20,9262.499332
-133.913528,20,9262.583852
-193.526506,37,9262.741813
-20.978099,19,9262.822309
-432.451181,90,9263.213026
-227.063245,47,9263.409225
-132.016215,20,9263.488975
-57.44106,45,9263.679911
-52.827027,24,9263.781482
-69.810164,27,9263.890648
-268.006791,37,9264.038736
-71.3006,40,9264.204596
-30.75935,20,9264.284182
-337.709531,56,9264.5082
-24.064619,19,9264.587046
62.351314,44,9264.774265
-224.642362,47,9264.976497
-48.596115,53,9265.193813
-27.078473,22,9265.285292
85.333487,36,9265.438605
-16.416932,36,9265.597304
-166.685259,37,9265.755317
-149.655347,23,9265.853593
-139.844701,22,9265.941045
-10.834069,31,9266.073976
-22.613391,19,9266.153917
-158.967669,40,9266.327293
-152.648148,25,9266.432165
241.611181,36,9266.58853
-130.158296,48,9266.787661
-260.528585,37,9266.941208
-149.710736,23,9267.041702
-264.499164,37,9267.191905
-463.859122,101,9267.612169
-212.850039,34,9267.753449
3.939786,32,9267.890161
-210.731398,31,9268.021347
-27.858492,20,9268.106586
166.010701,21,9268.200335
-120.470194,38,9268.363103
-48.982356,37,9268.522596
-31.929897,22,9268.613055
4.25648,31,9268.739492
-292.846551,55,9268.970488
-101.929059,33,9269.107003
-266.937342,37,9269.255212
-49.001946,37,9269.421213
-123.54952,21,9269.508072
-248.584805,37,9269.662634
-120.832725,18,9269.735438
-32.361513,21,9269.819258
-302.630411,43,9277.379316
-143.179814,22,9277.666345
-147.36739,44,9277.988666
-28.314415,20,9278.093189
-49.668829,24,9278.19798
-34.250832,22,9278.290547
72.674745,20,9278.371291
14.391017,29,9278.511786
1.848892,32,9278.656137
-42.701976,23,9278.759206
-323.397963,46,9278.959731
-120.770819,20,9279.044977
-47.983794,24,9279.148574
-244.063835,73,9279.4551
-89.144027,44,9279.635643
-128.590219,19,9279.708827
-120.294302,19,9279.78979
-464.489469,65,9280.056082
-214.871174,36,9280.204996
-245.847522,37,9280.363857
-29.551647,20,9280.451589
-138.956324,21,9280.53868
-29.160257,37,9280.695239
-128.893408,20,9280.781593
4.830807,32,9280.919349
47.444116,24,9281.02066
-129.40875,19,9281.099897
-105.437804,35,9281.254113
-192.513795,43,9281.584954
22.363735,27,9281.700671
-197.300805,46,9281.896449
-104.758173,35,9282.045695
-325.044278,46,9282.304731
-41.114635,38,9282.46853
252.883454,24,9282.56829
-154.980032,25,9282.673248
39.596253,25,9282.772229
-229.542891,36,9282.919104
-22.636924,19,9282.997662
-335.612741,47,9283.203425
5.442834,30,9283.339793
177.903324,21,9283.427619
-25.996102,20,9283.512003
10.641534,29,9283.633775
-312.123487,46,9283.824747
111.342681,36,9283.973756
-136.393595,21,9284.062726
-49.658446,23,9284.158917
-51.068772,37,9284.322383
-197.730442,46,9284.509989
50.223844,24,9284.605609
122.30601,28,9284.7314
-11.983623,33,9284.876526
-28.948915,20,9284.95976
-169.762863,25,9285.063166
-246.68366,37,9285.219003
-143.609222,36,9285.367295
-201.389121,51,9285.598991
-72.702913,29,9285.72839
151.824675,23,9285.824363
-98.963257,31,9285.952105
-86.605643,42,9286.125291
-197.074122,32,9286.26614
52.141145,24,9286.370388
-42.627028,22,9286.464611
71.191171,20,9295.095803
20.945384,29,9295.281954
-189.01037,28,9295.413509
85.065018,20,9295.80407
-75.133162,30,9295.945258
109.016308,50,9296.160272
-265.857825,39,9296.332261
-39.26056,25,9296.464965
-64.145951,27,9296.576262
-180.730058,101,9297.00927
-221.709508,34,9297.165932
-264.300718,41,9297.334595
66.362076,21,9297.432395
-13.300182,33,9297.572481
-296.450862,57,9297.831236
-49.237351,23,9297.92891
-33.034179,20,9298.010538
163.550056,26,9298.119521
56.069853,24,9298.226644
-601.425288,101,9298.662069
-91.282509,30,9298.78917
-283.848394,41,9298.96293
-399.345787,59,9299.215163
-127.882544,19,9299.294289
-34.565402,35,9299.443691
-52.811241,37,9299.591341
-196.385116,45,9299.787492
-68.335031,27,9299.906591
-223.990985,34,9300.048947
-595.061517,101,9300.473462
-30.24778,20,9300.557376
-146.487868,37,9300.724116
54.510158,23,9300.820241
-24.136482,19,9300.898298
217.936535,29,9301.020574
-20.655522,19,9301.098295
169.664129,24,9301.201618
-86.170824,30,9301.332801
-27.790455,19,9301.416933
355.9275,33,9301.558098
-13.224061,19,9301.638619
-146.500723,38,9301.797154
-183.517236,45,9301.997455
-27.4747,36,9302.154282
-131.86431,21,9302.239292
62.509207,23,9302.339717
-433.618602,101,9302.754723
-314.005475,84,9303.106116
-493.786327,101,9303.526092
38.179781,27,9303.639715
-35.900313,21,9303.728831
70.522895,20,9303.961787
-92.780063,35,9304.111687
-152.111763,37,9304.261098
59.324851,22,9304.352945
-235.378494,41,9314.063923
-30.625435,20,9314.316734
-22.643791,22,9314.572089
40.097077,26,9314.761693
-29.252887,35,9314.970455
61.957828,22,9315.08729
-111.412756,33,9315.259413
-102.6287,47,9315.4818
-129.05812,19,9315.559048
-306.131848,74,9315.880291
-247.276361,37,9316.044189
-123.257442,18,9316.123585
-88.410528,42,9316.303418
-329.179227,60,9316.556763
-30.60813,35,9316.712058
-440.581446,63,9316.986757
58.370397,28,9317.107038
-62.4814,26,9317.21846
-28.238524,20,9317.310716
162.151714,23,9317.405915
12.495856,31,9317.545521
-65.197735,26,9317.660766
-126.217455,49,9317.880226
-29.835333,22,9317.968324
58.903619,23,9318.066617
-232.537214,36,9318.216836
-246.621352,37,9318.37218
-36.930706,22,9318.464645
-384.291919,54,9318.711561
-152.530254,38,9318.876039
-60.889252,54,9319.118468
-121.662548,20,9319.203536
-179.395806,43,9319.391133
-290.973977,57,9319.638524
-89.516081,30,9319.761401
-32.989917,57,9320.00371
51.230928,23,9320.105145
-11.863065,34,9320.260945
19.584558,43,9320.440307
-165.587185,87,9320.811808
-84.444068,42,9320.994289
70.270042,20,9321.077522
-29.956529,20,9321.162855
-2.292807,30,9321.288746
-135.301431,24,9321.391254
-21.80995,19,9321.470761
-133.349645,20,9321.554669
-266.312684,37,9321.707009
-311.27525,51,9321.919089
-27.01864,20,9322.004133
51.899765,47,9322.195518
60.318376,22,9322.287282
-186.428259,32,9322.423581
-129.445878,19,9322.497465
-173.943287,29,9322.619527
-147.978656,37,9322.777014
-128.9717,19,9322.856717
-81.458053,29,9322.976985
-67.218676,28,9323.099708
-120.000258,18,9323.175113
-53.075624,25,9329.858746
-357.302402,49,9330.11269
-120.804971,18,9330.184427
-121.271493,20,9330.372628
-22.873571,19,9330.62649
-118.433001,36,9330.801488
-159.103603,37,9330.95734
38.534823,27,9331.069418
-357.605109,66,9331.346721
-121.22071,19,9331.426985
-125.297416,34,9331.574382
-35.027048,23,9331.678557
-127.640035,19,9331.758276
-48.523574,23,9331.856898
-40.717131,36,9332.013548
49.199805,25,9332.117416
58.288201,23,9332.217886
-107.131341,45,9332.409478
-26.782264,19,9332.491931
-57.92402,39,9332.654998
31.520809,29,9332.775524
158.094376,24,9332.876411
-258.26893,58,9333.119154
-264.114057,37,9333.279077
-203.323022,30,9333.403899
30.350057,27,9333.537212
-124.687084,20,9333.626534
-255.53036,37,9333.788952
-186.785849,42,9333.974192
71.648671,20,9334.060728
-26.357913,20,9334.146563
-86.98995,31,9334.28279
-26.411861,19,9334.480605
62.10938,22,9334.576017
-126.13261,20,9334.663855
257.771416,24,9334.766524
-203.559949,34,9334.907826
-122.522622,39,9335.066141
-97.135763,31,9335.200668
-18.145398,20,9335.285214
-281.304341,39,9335.446858
71.131399,20,9335.532856
-46.820982,24,9335.64004
-164.823916,54,9335.870841
53.73943,24,9335.976005
-94.759724,33,9336.114909
-216.447918,52,9336.331508
1.488149,31,9336.463782
-26.860568,19,9336.550178
-37.288501,23,9336.652875
65.388843,21,9336.742007
-26.662152,21,9336.836055
-66.121507,28,9336.954866
227.337708,52,9337.167341
-108.379796,44,9337.348355
-35.6214,23,9337.451582
164.231073,25,9337.564476
-133.678804,20,9337.649455
-181.746004,56,9337.895535
-139.096038,39,9338.061828
-231.432796,49,9338.263044
54.16802,24,9338.363176
-193.803333,47,9338.571613
-142.797038,50,9338.78272
-265.226689,38,9338.941211
30.055416,27,9347.312223
-34.341952,21,9347.442692
-252.168093,37,9347.619781
-29.218467,22,9347.712103
-119.836521,18,9347.788015
-43.002508,36,9347.945136
-278.515197,74,9348.550109
190.136892,19,9348.631529
-78.528266,29,9348.952781
-31.035874,20,9349.062829
-129.507464,20,9349.148836
82.403969,19,9349.23018
-86.290999,29,9349.357958
-205.356789,44,9349.553136
-192.578524,58,9349.792521
-209.995318,74,9350.11836
-41.285277,22,9350.214249
45.54702,25,9350.329513
-149.040643,37,9350.492154
-557.464485,101,9350.928316
-269.426669,70,9351.220812
134.213854,27,9351.336763
-387.007116,101,9351.774203
-58.925381,27,9351.892168
-94.4784,31,9352.021601
251.192365,23,9352.119923
34.435198,28,9352.247281
-161.74543,41,9352.426455
-132.951415,20,9352.512815
-99.088212,76,9352.824837
-182.711439,46,9353.018758
-345.560201,52,9353.237627
-55.475743,26,9353.346873
60.093819,23,9353.443417
322.960601,29,9353.559644
-304.807907,42,9353.735482
-8.550891,32,9353.879056
-43.615545,23,9353.975904
-140.939997,23,9354.073862
-64.565314,37,9354.227944
-139.655687,37,9354.386989
147.229191,25,9354.491687
160.736038,23,9354.58959
-25.39059,19,9354.664751
-330.799458,77,9354.98362
123.394035,28,9355.104434
-60.479292,24,9355.211369
-156.707657,24,9355.308152
0.986372,34,9355.458045
-98.206035,31,9355.590962
-21.089067,34,9355.734126
-29.084336,34,9355.876816
-26.637013,20,9355.955531
-48.199226,24,9356.054551
-145.789619,25,9356.153716
-22.707386,19,9356.230852
23.862142,29,9356.352644
-25.408545,21,9356.443863
160.336088,22,9356.540299
-154.419828,37,9363.368196
-84.40456,60,9363.626435
-64.622416,27,9363.7438
-253.115453,37,9363.907227
-82.475349,45,9364.098999
-61.665356,38,9364.258929
-101.138711,32,9364.393592
-307.360035,81,9364.736147
-115.834319,18,9364.814589
-81.349538,30,9364.939234
-58.965879,26,9365.049864
-544.423319,101,9365.779846
-150.162922,38,9365.957799
-77.638447,28,9366.080618
261.60957,22,9366.18235
-104.489156,32,9366.340066
-83.04449,31,9366.476081
-58.059455,27,9366.598773
-147.064074,37,9366.772267
-43.832669,23,9366.872529
-128.005393,19,9366.952744
-63.664956,39,9367.125905
-157.442335,24,9367.226807
-26.958122,20,9367.309539
-65.447286,25,9367.416285
-143.785546,41,9367.586344
-150.311654,37,9367.73972
-26.91763,19,9367.82155
36.592044,27,9367.932726
-286.36862,37,9368.09271
-38.423841,21,9368.183359
65.02453,21,9368.270953
49.964114,24,9368.373328
256.732088,28,9368.497957
-91.141386,33,9368.645223
-420.436419,67,9369.09236
-117.835229,36,9369.409239
37.942614,25,9369.585935
-130.096927,21,9369.749868
-39.609943,23,9369.981492
-61.146999,46,9370.55387
-126.334525,19,9370.790758
33.741708,27,9371.127543
-23.13798,20,9371.389211
-158.192178,38,9371.870701
-250.33604,36,9372.310264
-264.855804,50,9372.850655
-28.573896,20,9373.044816
-248.020512,37,9373.484717
-27.918397,20,9373.748719
164.201644,22,9374.022764
-191.015517,31,9374.289881
-135.927469,20,9374.450374
-147.013347,36,9374.663043
-168.061567,28,9374.790187
65.242316,21,9374.87568
-245.336328,37,9375.039774
-191.78037,30,9375.169227
-134.911734,35,9375.325364
-36.764623,22,9375.425423
-54.902844,23,9375.526165
-32.002651,21,9375.611546
147.022825,26,9375.728195
-242.659951,51,9382.729427
14.432429,30,9382.885586
148.263729,25,9382.996723
-262.588558,39,9383.480397
-48.140556,36,9383.633788
37.673844,27,9383.745221
42.654188,24,9383.852763
-259.349027,37,9384.012844
-165.168125,37,9384.1861
-250.102405,37,9384.357133
-175.12857,58,9384.606727
4.629793,31,9384.736815
67.750799,21,9384.82543
-28.370921,20,9384.904029
-257.870106,51,9385.12556
-75.343986,27,9385.238684
54.060743,22,9385.334877
-160.838946,37,9385.487167
-145.266566,36,9385.638861
-38.155618,23,9385.737308
-66.55909,39,9385.907225
-78.724483,29,9386.031321
-282.108304,42,9386.212972
-200.392172,45,9386.40367
-273.313015,37,9386.561186
-137.22311,21,9386.651589
-31.073163,21,9386.742418
-149.852074,37,9386.899918
60.486354,22,9386.988256
-248.401808,37,9387.149644
-74.609171,29,9387.274737
-33.163675,20,9387.359643
-30.535592,20,9387.448882
-299.182146,46,9387.641686
159.910272,23,9387.901569
-32.573911,20,9387.98834
74.822761,37,9388.139886
-210.741836,50,9388.364796
-202.679568,47,9388.569241
-167.46137,39,9388.738501
69.175557,40,9388.899482
-211.895093,47,9389.098543
-120.669955,18,9389.179478
-21.033929,19,9389.25995
43.8532,27,9389.382799
72.315349,20,9389.464499
-251.025054,37,9389.623569
-136.250383,20,9389.707477
-86.086103,30,9389.837404
-26.906965,21,9389.924063
-50.922674,25,9390.04178
-30.341783,22,9390.135442
-33.901217,21,9390.220592
-129.11471,19,9390.296749
-272.097386,81,9390.64516
66.31781,21,9390.737751
-258.489945,37,9390.901187
62.398871,22,9390.991266
41.100945,26,9391.105165
42.358599,25,9391.213156
-48.676273,24,9391.317302
-158.846618,38,9391.479375
-40.855074,22,9391.572439
-401.451136,81,9391.911851
-42.930776,24,9400.89032
-38.739097,22,9401.013907
-80.939577,95,9401.749578
72.270442,21,9401.845124
-25.863246,20,9401.927988
-189.557923,51,9402.143907
27.710028,50,9402.374011
58.640697,23,9402.476993
152.325278,25,9402.578615
-250.289745,37,9402.745179
-58.945906,26,9402.853755
-32.70262,21,9402.94526
-148.866263,45,9403.131751
-50.964652,26,9403.240818
162.014582,23,9403.33805
-256.409937,38,9403.501471
41.356069,26,9403.61753
-102.720016,33,9403.765355
-23.301626,19,9403.848341
-28.565332,20,9403.933072
-21.380856,19,9404.015434
-143.184898,24,9404.125043
-106.801877,30,9404.28408
263.363198,23,9404.401651
10.470243,30,9404.550206
65.52399,21,9404.65638
-25.440957,19,9404.753321
-29.755564,20,9404.848319
-25.83663,20,9404.944532
-139.786367,36,9405.114582
-167.092246,37,9405.283137
644.274055,26,9405.402045
-42.641583,24,9405.512087
52.707855,25,9405.61753
333.335642,29,9405.743081
-248.882922,37,9405.904338
-253.030483,38,9406.068571
-63.765868,25,9406.170251
-91.816434,30,9406.301791
-238.233432,60,9406.560085
138.823628,58,9406.812743
-117.797158,33,9406.957057
49.885666,26,9407.06856
54.281224,24,9407.17474
67.441862,22,9407.266257
-229.161836,61,9407.519887
-128.191879,19,9407.597031
69.719416,20,9407.682492
-141.572888,53,9407.91673
-176.660621,47,9408.114375
-215.623856,44,9408.302918
-15.180163,35,9408.446933
163.785092,21,9408.537927
71.777083,20,9408.621883
-69.940013,39,9408.791879
-82.206762,30,9408.924178
-139.989378,37,9409.076994
-344.229886,101,9409.498561
-28.931704,21,9409.58377
-389.694849,68,9409.866316
-34.738032,46,9410.062779
-46.406266,22,9417.044837
87.970227,47,9417.304165
-164.930842,69,9417.732877
-61.696171,28,9417.856262
-18.035783,35,9418.00795
-128.812988,19,9418.088388
-43.623901,25,9418.203975
-213.636949,32,9418.521593
-249.040667,37,9418.84356
-25.957118,20,9418.926687
-27.628556,22,9419.027065
-26.249784,19,9419.10993
-62.87255,26,9419.230035
-28.817686,19,9419.311924
168.877078,22,9419.42176
-33.211837,22,9419.517165
-214.282862,54,9419.745381
-110.013646,47,9419.94231
-29.84891,22,9420.041063
62.420378,22,9420.137563
-28.411302,22,9420.236058
1.893216,30,9420.37006
-24.737061,19,9420.453102
-35.35722,22,9420.54815
37.945575,25,9420.651781
-185.095415,29,9420.786495
-37.806749,38,9420.947957
-97.181104,51,9421.163016
-19.231639,19,9421.242028
49.349528,24,9421.341851
-127.021883,19,9421.422335
-25.338073,20,9421.504695
-25.182265,20,9421.593291
-39.854567,21,9421.680118
-32.368019,21,9421.765846
-130.43236,19,9421.851141
346.495861,25,9421.955617
-183.098189,42,9422.130918
-122.234902,48,9422.329053
-22.41015,19,9422.40703
166.432029,21,9422.495986
-46.538595,22,9422.593197
-129.715794,35,9422.740239
-149.491911,24,9422.839683
-263.839162,37,9423.003701
-94.971981,32,9423.143772
140.67797,26,9423.291615
-58.27949,26,9423.465393
54.224626,24,9423.645329
-46.649235,24,9423.806929
-24.062859,19,9423.939971
-227.234845,35,9424.209574
-43.536684,37,9424.528008
152.648912,24,9424.887793
-531.213894,101,9425.988953
-151.878159,58,9426.664745
38.9129,26,9427.013777
232.926875,27,9427.390078
-42.052704,23,9427.693129
-28.624472,20,9427.953582
-16.176262,19,9428.134905
-571.346044,96,9429.340549
-31.659718,20,9429.487834
-39.256799,24,9429.648935
56.241099,23,9429.757384
-34.284814,22,9429.850474
-258.588285,37,9430.010101
49.87097,25,9430.114369
-126.375408,19,9438.000686
67.611785,22,9438.138302
-158.006128,26,9438.256463
171.205857,22,9438.347216
-537.238756,101,9438.764687
-166.166018,45,9438.957229
-42.846423,23,9439.060086
70.064491,20,9439.139936
-40.26351,23,9439.242188
-113.573948,34,9439.394016
-34.383474,21,9439.485191
-22.246012,22,9439.581117
66.689979,21,9439.669767
-25.020373,19,9439.754267
-50.957778,24,9439.856044
-33.100084,21,9439.945712
46.850156,25,9440.051122
-30.622445,22,9440.147817
71.690513,20,9440.231313
-55.025948,26,9440.33862
24.008358,29,9440.461087
-90.613059,31,9440.594043
57.136658,23,9440.688917
-169.049409,38,9440.853622
-242.650331,38,9441.017521
-246.39614,37,9441.171234
-161.465244,37,9441.324898
-246.357501,38,9441.494808
21.044168,29,9441.613592
-164.939498,39,9441.779828
-116.87379,34,9441.925757
-67.688282,27,9442.037789
-118.206578,18,9442.111447
-45.893824,22,9442.201119
54.963784,23,9442.296384
-50.117467,24,9442.398646
198.956053,31,9442.526193
-172.397137,41,9442.696742
53.733573,22,9442.783666
-250.482806,37,9442.944207
-269.737692,37,9443.225129
-235.385958,35,9443.387457
-26.927271,20,9443.471354
39.567328,26,9443.584724
-33.539748,22,9443.675623
-130.894277,20,9443.758337
43.465133,27,9443.872975
-169.207801,39,9444.038252
-23.907046,19,9444.122207
-93.667003,31,9444.2561
51.938078,26,9444.36809
-52.733141,26,9444.475714
-157.80082,26,9444.581361
-26.038621,19,9444.663109
156.277264,25,9444.774545
-74.338172,29,9444.899298
-376.068393,53,9445.115158
-4.557511,32,9445.262306
-651.008104,101,9445.707764
-24.613932,19,9445.803746
-23.044815,19,9445.90088
-164.974599,26,9446.018917
-63.706125,43,9446.199198
-175.568581,43,9446.375694
67.192816,21,9446.459518
-68.68223,28,9446.580482
-34.906759,22,9446.667691
130.12312,26,9446.782113
62.471559,22,9446.878971
-34.358887,22,9456.190179
-628.678652,101,9456.675847
-43.215757,23,9456.773478
-489.874647,101,9457.20485
-118.736398,19,9457.287544
39.07265,26,9457.394617
-67.062743,27,9457.50744
-119.834561,18,9457.589189
-504.835641,101,9458.011124
-129.921151,19,9458.088978
-118.846175,18,9458.166476
71.861567,20,9458.247172
-76.35067,27,9458.354243
60.440239,23,9458.456061
-97.435428,31,9458.581848
73.304299,20,9458.670969
-132.408283,22,9458.777357
-252.65525,37,9458.932285
266.132732,22,9459.024298
-157.476697,26,9459.134778
58.203528,23,9459.231325
49.765782,25,9459.343178
-135.692686,20,9459.427931
-29.06486,20,9459.507621
-145.596972,37,9459.658482
-31.59546,21,9459.741054
-266.994876,40,9459.916505
232.575386,28,9460.037258
-142.073034,36,9460.182952
51.346738,24,9460.283686
0.14715,33,9460.41496
-261.966673,37,9460.567698
-125.793273,19,9460.646614
65.942368,21,9460.730072
-25.015408,21,9460.822904
-266.550506,39,9460.986067
-50.748979,25,9461.091332
57.11099,23,9461.189096
-52.193914,26,9461.29651
-28.470999,19,9461.375011
-67.885064,27,9461.483457
19.377826,32,9461.616953
192.379773,21,9461.7122
-203.135397,32,9461.84441
55.230911,24,9461.945023
-237.731027,36,9462.090192
-141.687917,36,9462.235053
-87.299014,30,9462.357385
-21.020295,19,9462.436035
-35.044201,21,9462.516391
-143.087878,25,9462.618928
0.787707,56,9462.847167
-30.578152,20,9462.929411
-337.235368,87,9463.299541
-132.618161,22,9463.38921
-263.8453,39,9463.545238
-78.041197,30,9463.672633
53.053306,23,9463.767105
70.744865,21,9463.855628
-208.738795,32,9463.985966
-214.508259,33,9464.122924
-156.791714,37,9464.275461
65.308915,21,9464.365582
-24.415903,20,9464.451849
-26.095941,20,9464.568819
-27.332802,35,9464.786776
51.590173,24,9472.159299
-185.472945,42,9472.398982
45.5848,25,9472.820948
64.357819,21,9472.910831
-48.199211,23,9473.01053
158.065763,23,9473.106338
-33.615843,21,9473.195154
-136.412533,22,9473.289381
-547.003106,101,9473.841292
-114.614865,33,9473.9935
-132.254613,20,9474.074218
-94.069149,44,9474.260839
-178.281578,40,9474.427696
-280.114901,42,9474.598715
-71.501703,26,9474.71434
-27.635318,21,9474.804981
-143.998501,37,9474.956701
-91.927342,45,9475.146338
-126.933263,20,9475.230935
61.060568,23,9475.334069
-102.68028,33,9475.470739
-150.469507,25,9475.571018
72.27226,20,9475.653928
-29.271771,20,9475.737378
-31.734073,21,9475.823297
-23.681859,22,9475.920686
-103.734524,35,9476.062735
-362.967693,49,9476.259759
-41.698734,23,9476.360535
63.099496,22,9476.446392
-93.352377,32,9476.578951
-304.131603,42,9476.754477
-23.037414,19,9476.832598
-29.574465,21,9476.917352
-89.562606,30,9477.043754
-127.578902,19,9477.120252
-84.842426,29,9477.240411
-257.707632,37,9477.410352
-201.131976,29,9477.529439
17.960125,31,9477.662329
-139.983232,36,9477.810811
-30.276872,21,9477.902599
-62.772156,38,9478.062078
-254.382682,50,9478.269054
7.196746,30,9478.3954
-126.308691,19,9478.480334
-132.066239,20,9478.571261
-30.851725,21,9478.66141
-37.547646,21,9478.753176
-34.960865,21,9478.840207
-125.254267,19,9478.920025
-159.975241,83,9479.380963
-38.674579,22,9479.531509
51.641987,24,9479.747682
-290.776438,42,9480.107679
-139.424956,50,9480.529508
-34.226822,21,9480.747583
-229.445674,35,9481.147469
-29.551932,20,9481.305954
66.854505,22,9481.507373
-120.972398,19,9481.660468
-137.56422,24,9481.827224
-64.243373,26,9482.024683
-262.360595,37,9482.317147
-164.566005,37,9482.587171
-133.544713,35,9482.827717
1.50001,33,9483.067726
-171.798925,39,9490.867936
-634.296244,88,9491.275527
-33.446944,37,9491.433553
-137.04874,23,9491.537231
172.915226,23,9491.633824
-36.169042,23,9491.730729
-34.496761,23,9491.824089
-86.850037,28,9491.940456
-72.80149,28,9492.058835
-29.569141,20,9492.141993
172.018982,20,9492.226486
-33.948476,21,9492.310961
-137.360122,22,9492.399557
-50.44957,25,9492.504816
-187.217744,58,9492.750843
-126.119159,19,9492.831247
-36.495296,21,9492.919634
-98.339709,31,9493.044947
-138.548717,52,9493.261188
-68.672796,25,9493.363893
-379.067695,101,9493.776125
-186.711489,30,9493.899293
-93.307063,56,9494.129967
128.099657,30,9494.259443
-220.432555,37,9494.412406
-121.66225,20,9494.493564
54.037279,22,9494.586232
-39.658757,22,9494.67708
22.542686,28,9494.792566
-168.552008,39,9494.984989
163.87395,22,9495.088903
-153.371523,37,9495.23913
-247.729978,37,9495.386572
-123.002108,33,9495.52528
-38.848403,22,9495.617635
-144.227545,38,9495.767947
163.054375,22,9495.862292
66.370234,21,9495.946031
-23.682972,51,9496.151475
-24.097143,21,9496.239448
-28.042913,20,9496.454163
-346.956914,101,9496.862343
-33.148749,20,9496.950618
-81.610591,29,9497.078565
-29.960501,20,9497.16287
-48.866329,37,9497.322971
-114.515418,19,9497.404214
-23.145628,19,9497.480241
-22.17966,19,9497.558117
64.026265,22,9497.6492
-32.263969,37,9497.799271
-59.028075,25,9497.900506
-102.200435,31,9498.029597
-200.66742,32,9498.160418
-164.211523,37,9498.317469
55.054204,24,9498.414859
-257.124836,38,9498.572151
-295.033613,43,9498.747402
57.784962,23,9498.844304
-62.857311,28,9498.958878
-22.887009,19,9499.04167
182.827042,20,9499.121631
-154.627641,24,9499.225336
-57.361662,25,9499.33319
-22.90433,19,9499.415488
-170.227518,27,9508.83514
-256.813997,37,9509.05659
-46.328146,25,9509.165392
182.581889,21,9509.248941
-14.310422,35,9509.389755
-61.476707,52,9509.610473
40.936942,27,9509.727655
-175.444102,53,9509.951919
162.080243,22,9510.046657
-125.277878,19,9510.122982
-276.556677,41,9510.542208
-56.331778,25,9510.650408
-52.72518,54,9510.877442
-166.01244,86,9511.229986
-169.144289,39,9511.399652
-255.683823,46,9511.597186
-39.363888,21,9511.68919
-132.536836,20,9511.768414
-26.226024,19,9511.853567
-35.398305,22,9511.947171
-125.031449,51,9512.156436
161.358575,27,9512.278455
39.558276,27,9512.398464
-249.285757,37,9512.550801
-21.862376,19,9512.626733
55.484144,23,9512.719467
101.71304,34,9512.862286
66.829071,21,9512.95264
-46.610827,22,9513.045014
-67.34111,28,9513.159084
261.145225,23,9513.255772
-82.108153,29,9513.376462
-214.576257,34,9513.545704
-262.060403,40,9513.717863
-28.021605,20,9513.803376
-242.250883,37,9513.955392
-265.378047,37,9514.107064
-273.389028,39,9514.267954
114.521466,31,9514.399213
-91.263049,42,9514.578351
-147.066417,38,9514.738451
-29.226548,22,9514.825461
63.342794,22,9514.910897
61.03106,22,9515.000704
-78.035002,28,9515.118746
147.868513,24,9515.222125
-72.480728,29,9515.341394
40.408736,26,9515.453202
-24.837204,19,9515.534467
-50.218206,37,9515.69345
-52.355302,23,9515.783223
63.674702,23,9515.883153
61.410471,22,9515.974149
33.744496,31,9516.110284
-92.705956,43,9516.288972
-41.82075,23,9516.380125
-40.077866,24,9516.480819
-42.321175,22,9516.572316
-23.524355,20,9516.653652
-129.096997,19,9516.73306
-20.529787,19,9516.812581
172.853145,21,9516.90147
-63.078604,26,9517.010471
-147.405,37,9517.159564
-128.385475,19,9517.241308
-41.476382,24,9517.343074
-29.775348,23,9517.437993
-49.303694,23,9517.533215
65.679102,22,9517.627255
258.748412,23,9517.720641
-15.217244,20,9524.687836
-130.460945,37,9524.895777
-305.653554,43,9525.075259
-266.552468,40,9525.239601
-30.871452,20,9525.327088
-43.663718,23,9525.425113
184.11844,20,9525.508608
-59.735845,37,9525.66202
17.629,29,9525.782796
4.251892,34,9525.925244
-188.000511,28,9526.482373
69.207765,21,9526.629436
-167.354109,40,9526.801412
-32.299639,21,9526.88752
-91.443047,46,9527.080846
62.226104,22,9527.178988
72.093883,21,9527.266268
-189.489407,29,9527.384555
118.906992,29,9527.508572
-40.661988,22,9527.599012
31.797838,28,9527.715068
-36.73519,23,9527.829057
-24.03585,19,9527.905671
-181.405565,28,9528.018893
62.080176,23,9528.112445
31.689054,26,9528.219333
61.427942,22,9528.315012
-170.91629,40,9528.484525
-25.713874,35,9528.631771
-120.523352,19,9528.706571
-27.084126,19,9528.785209
-143.851009,24,9528.884247
-770.469286,101,9529.324522
80.459175,42,9529.502514
151.601938,25,9529.613128
-127.423204,19,9529.69687
-193.702815,42,9529.885691
-66.322866,27,9530.004317
71.900192,20,9530.092626
-128.958131,19,9530.177795
59.04721,22,9530.270337
-45.151246,25,9530.376408
-72.346159,28,9530.503542
109.12256,30,9530.627521
-22.427171,19,9530.707382
-32.091318,20,9530.792157
-422.389726,101,9531.228281
-94.63869,31,9531.357624
-22.552322,20,9531.441329
-60.048832,27,9531.559257
-93.473524,32,9531.694624
-129.351056,19,9531.774035
-106.375486,33,9531.923138
21.628142,29,9532.099793
72.703889,20,9532.217325
-145.134295,26,9532.4194
-129.132974,19,9532.588374
-134.232543,20,9532.769945
-121.27632,19,9532.906804
-204.530473,31,9533.122922
112.443959,44,9533.454049
-159.563576,37,9533.818838
-145.299553,36,9534.130554
64.694535,22,9534.263191
7.349667,34,9534.430647
167.818193,22,9534.529755
71.104159,20,9534.618636
34.55425,27,9534.733146
-29.108981,20,9534.819201
67.517553,21,9534.90936
33.495819,27,9542.101769
-27.529397,20,9542.221465
-55.366227,23,9542.333045
-75.728402,28,9542.457301
-218.447377,35,9542.604804
-183.212811,42,9542.782636
42.638122,26,9542.891801
-173.63243,40,9543.066676
-151.787556,40,9543.238661
12.827329,29,9543.362027
-247.024101,38,9543.524631
-50.654575,24,9543.625445
-54.530005,26,9543.730838
-128.189713,19,9543.808078
-26.626994,19,9543.892975
54.731844,23,9543.987976
-17.937872,19,9544.068186
-40.849203,23,9544.170048
-129.972685,21,9544.264404
-197.142026,31,9544.396265
148.778588,39,9544.562534
-253.042527,37,9544.723137
-28.116084,21,9544.819642
-88.436251,81,9545.165079
4.036495,31,9545.296726
-50.754278,37,9545.456795
-118.484227,36,9545.614185
-125.115845,38,9545.771734
22.48698,28,9545.896673
-479.22429,69,9546.185656
-241.45741,36,9546.33599
57.006312,23,9546.436709
-58.618033,27,9546.550477
-263.811467,37,9546.703547
-64.575098,28,9546.822269
-26.980485,19,9546.905221
66.9155,21,9546.995056
73.020568,20,9547.07962
-224.2437,56,9547.315782
-260.917678,40,9547.483624
-282.942514,67,9547.775038
-35.037493,22,9547.87202
165.899447,21,9547.969014
-18.92237,19,9548.048504
-208.8278,32,9548.293579
-21.906209,20,9548.37995
-258.770927,66,9548.668111
-129.571118,19,9548.747522
-192.369408,42,9548.921486
10.80536,31,9549.051206
-164.196964,38,9549.208423
-134.153014,20,9549.292603
-183.394268,42,9549.481357
-71.253336,28,9549.598431
-31.969469,20,9549.682119
153.941021,24,9549.781701
-79.422192,41,9549.953204
-32.502012,21,9550.042152
-66.415402,27,9550.159262
-226.992363,58,9550.405642
-86.512987,43,9550.58506
45.709058,26,9550.694587
-184.218474,41,9550.865995
-33.014475,21,9559.323525
-29.873756,20,9559.446998
46.568635,23,9559.568037
-245.492949,37,9559.738985
-64.331855,27,9559.856937
-116.529201,34,9559.998659
-218.254509,46,9560.196976
-130.17528,21,9560.293156
-25.994874,20,9560.378998
148.528004,24,9560.492575
2.449424,30,9560.924417
-30.771574,36,9561.080944
150.738164,25,9561.184336
-47.614164,38,9561.347254
-128.792574,36,9561.508278
72.07213,20,9561.592576
-65.495045,28,9561.711435
-549.769083,100,9562.142426
-27.689986,20,9562.228466
-172.535126,26,9562.337778
268.500317,22,9562.429855
-264.917245,37,9562.586376
-37.642332,22,9562.676299
-127.569126,19,9562.761892
-35.390992,21,9562.852269
-67.486468,52,9563.070671
-28.445522,21,9563.156686
-98.432749,31,9563.280802
-119.924257,33,9563.425794
-131.291666,20,9563.511508
-51.764634,39,9563.678028
-156.699251,37,9563.827714
-271.258239,65,9564.10012
41.731314,24,9564.203733
-181.275542,27,9564.316894
54.693244,23,9564.41464
166.369025,30,9564.542652
-463.326842,101,9564.982176
-176.544078,29,9565.110185
-193.189898,58,9565.366183
-68.010887,41,9565.544018
-113.616399,18,9565.619544
-265.636527,38,9565.774267
30.796064,25,9565.873185
166.594154,21,9565.965051
-165.762786,26,9566.075228
-27.742216,20,9566.157539
-222.797288,47,9566.347765
-26.267202,20,9566.425653
-27.319004,21,9566.513956
-261.297136,37,9566.66531
-27.984042,20,9566.748813
-104.117805,31,9566.868732
-42.529166,23,9566.96619
-73.23397,41,9567.140306
-361.129008,64,9567.407552
-55.156798,25,9567.511599
-8.962942,42,9567.699579
-169.582873,55,9567.939198
-486.62916,101,9568.359024
-142.268449,35,9575.756514
-31.70493,20,9575.861519
-48.262294,23,9575.968279
-22.849929,21,9576.060136
32.279861,28,9576.213085
48.442651,24,9576.329803
-127.340964,19,9576.413925
-145.737276,22,9576.504671
-118.68972,33,9576.650689
67.965459,21,9576.73895
71.882635,20,9576.822356
72.697067,20,9576.906205
-29.197281,20,9576.983843
-259.192733,37,9577.141406
-25.602735,19,9577.21899
-73.589313,40,9577.384234
30.84986,27,9577.493937
-623.342299,101,9578.029307
-168.499405,41,9578.200861
-464.065842,101,9579.021875
44.873954,25,9579.143013
-114.806688,45,9579.32075
-151.842229,37,9579.474206
-183.152325,57,9579.708425
-247.81623,37,9579.856769
-25.901773,19,9579.939643
-127.183567,19,9580.019065
-192.393347,31,9580.150988
-408.8646,101,9580.587262
-95.876651,32,9580.718971
-30.043508,21,9580.806067
-35.458389,22,9580.910016
68.013944,22,9581.010844
32.830656,28,9581.125265
-124.932502,19,9581.206006
-65.106716,25,9581.310942
73.187555,20,9581.39053
69.798875,20,9581.474833
-127.492917,19,9581.554674
-190.243925,30,9581.681653
-151.866485,37,9581.84866
63.766465,21,9581.931951
348.819852,25,9582.032749
-325.92332,101,9582.453871
-266.30556,41,9582.628149
43.822973,25,9582.733975
-129.648993,19,9582.811299
-182.947747,29,9582.932103
49.961407,25,9583.040366
-39.034602,21,9583.150507
51.574804,38,9583.367447
-5.133585,33,9583.623491
-157.756972,43,9584.027043
-67.781927,27,9584.306677
-29.904634,22,9584.501539
-46.642679,25,9584.711582
-273.707693,42,9585.263496
15.471889,31,9585.748125
-280.575312,42,9586.062797
-34.392924,22,9586.189814
-113.690657,34,9586.434632
-27.344305,20,9586.524246
-73.474299,40,9594.105117
71.738249,20,9594.233975
-24.100065,19,9594.33161
-25.281948,19,9594.41934
-150.449421,37,9594.579685
-26.623344,19,9594.657143
-192.334996,41,9594.840889
-48.596625,24,9594.945199
-31.045982,20,9595.030136
-99.060791,47,9595.226369
21.384987,29,9595.343683
-112.572422,36,9595.489034
-37.786238,22,9595.60682
-41.187863,24,9595.712167
-45.130543,38,9595.881158
-52.270217,24,9595.98734
-62.291471,25,9596.095184
-182.512081,41,9596.266453
-20.815941,19,9596.348055
-171.880442,57,9596.579233
35.255023,25,9596.682306
-24.275984,19,9597.085527
-145.292397,37,9597.273614
-124.044168,19,9597.363348
-305.281728,46,9597.576931
-55.9512,24,9597.676978
-115.164435,51,9597.917894
295.428949,35,9598.060111
-202.735625,30,9598.185029
59.970301,23,9598.283699
-41.674192,23,9598.383016
198.754669,19,9598.461385
-52.634619,25,9598.569041
-230.121044,65,9598.830785
-145.309829,22,9598.925075
58.78992,23,9599.023824
-28.064609,19,9599.108937
71.238734,21,9599.19906
-127.283149,19,9599.277573
-483.784928,101,9599.697068
-411.418137,59,9599.948984
93.180756,50,9600.157694
-13.405728,50,9600.387117
50.992116,24,9600.492123
104.873276,32,9600.624941
-29.797739,21,9600.71814
-128.436132,36,9600.874393
248.561655,25,9601.090735
-30.64107,20,9601.178579
-28.56316,20,9601.265397
159.902445,22,9601.363232
-29.543038,20,9601.444664
-132.543551,20,9601.526404
219.321544,30,9601.662635
-46.451301,22,9601.755957
-238.401225,36,9601.909886
-162.249582,39,9602.078917
201.52887,41,9602.254657
69.979481,38,9602.422486
-22.754301,19,9602.50414
-37.738842,35,9602.657192
-36.305003,21,9602.744857
215.147149,30,9602.87606
-189.877162,42,9603.047668
-84.72577,29,9603.170752
-31.175019,22,9603.268286
71.361088,20,9603.352261
-428.826446,58,9611.865362
-103.00078,34,9612.010633
-66.003275,25,9612.119014
-27.026259,20,9612.206291
-21.871347,19,9612.288408
-126.004713,19,9612.365861
-129.326894,19,9612.452952
-212.127426,33,9612.596274
-24.159568,19,9612.677113
-307.317021,43,9612.862723
167.808755,26,9612.977802
98.586206,45,9613.175998
-135.984905,20,9613.260387
-5.851484,34,9613.403485
-25.929101,19,9613.484693
-125.530879,19,9613.567081
85.336969,20,9613.654431
15.304588,29,9613.790416
69.745444,20,9613.879163
-3.234856,31,9614.014119
38.424849,26,9614.129772
-25.335401,19,9614.206612
-19.212054,19,9614.287436
154.374758,24,9614.390499
-420.987257,76,9614.707293
-142.72975,41,9614.879037
-46.868722,22,9614.96396
-76.549722,29,9615.348884
161.840983,25,9615.509976
-39.407101,23,9615.619532
-46.128232,22,9615.72036
-154.76748,38,9615.884054
-81.511265,27,9616.005648
49.536757,24,9616.107059
-515.193077,99,9616.522559
162.442851,27,9616.639892
57.366202,22,9616.731781
37.709966,37,9616.888757
-281.10166,40,9617.059681
-113.67095,33,9617.19724
-57.62254,38,9617.35952
-249.771847,37,9617.517954
-123.443041,19,9617.601006
-40.167999,23,9617.698398
27.585864,41,9617.874803
-248.599803,37,9618.042561
-134.77464,20,9618.12534
-503.030394,77,9618.446816
-117.959644,19,9618.528155
-216.112994,32,9618.662598
-60.160415,24,9618.763464
-122.604265,19,9618.841783
-40.089804,24,9618.939547
201.779745,37,9619.098065
-122.480852,18,9619.171948
-265.029279,37,9619.326518
-150.894115,37,9619.477303
-42.969776,23,9619.577789
-270.704582,75,9619.911576
27.677665,27,9620.028258
46.203462,25,9620.133739
33.247212,26,9620.241802
-622.678676,101,9620.670063
-253.809586,37,9627.335339
-66.971963,26,9627.482282
-160.92089,37,9627.643076
-262.000003,37,9627.802692
-252.500246,37,9627.9588
-281.800224,57,9628.203939
-53.057979,24,9628.303464
-271.806126,68,9628.581725
66.860463,21,9628.675904
268.929768,22,9628.772939
-51.595438,23,9628.869863
71.094611,23,9628.970571
-97.580221,31,9629.112984
15.930898,47,9629.31234
-40.553514,36,9629.462978
-65.986566,37,9629.712223
-167.246585,37,9629.876329
-67.918458,37,9630.038331
-219.347848,34,9630.183533
203.381442,21,9630.277312
-55.542926,26,9630.390065
-31.82792,35,9630.535309
-88.932045,43,9630.715972
-53.735034,25,9630.820912
-111.600121,33,9630.963619
-185.844999,42,9631.145966
-154.432341,39,9631.313159
-151.488712,37,9631.475963
-144.709554,36,9631.623432
-305.2222,45,9631.817091
-64.071217,25,9631.92284
-39.862298,22,9632.017822
-166.696891,25,9632.122905
-36.804018,22,9632.213229
-40.72157,22,9632.306586
-114.054243,18,9632.38196
162.713602,22,9632.474357
-226.724676,47,9633.002821
-254.452864,38,9633.163212
-254.880603,37,9633.328396
-309.334382,58,9633.609832
-47.032749,24,9633.7131
-61.746341,25,9633.8216
-186.030974,42,9634.011803
-153.106875,53,9634.235254
66.347405,22,9634.327894
-25.984181,19,9634.407747
-257.760878,37,9634.565806
-36.035859,23,9634.664
-126.810741,19,9634.742605
39.664445,27,9634.863756
-33.09624,21,9634.951802
161.629676,22,9635.043012
-54.100484,25,9635.258027
-270.91589,41,9635.523017
-162.543143,37,9635.76661
-124.368039,36,9636.045882
10.388679,34,9636.418333
67.750605,21,9636.626307
-250.468456,37,9636.953692
-266.118772,37,9637.327841
-71.402451,51,9637.706655
57.532709,23,9644.460681
59.594804,23,9644.60151
-37.338405,22,9644.725745
264.478466,27,9644.845784
165.868211,22,9644.945963
-32.977777,38,9645.114522
-203.660173,32,9645.262947
-256.171705,37,9645.422534
-97.996956,43,9645.604483
-246.150713,37,9645.758451
-55.649935,24,9645.859444
-212.145852,44,9646.051041
53.203371,24,9646.155584
-260.773734,37,9646.311588
-122.599215,19,9646.394767
-37.387934,22,9646.490004
48.448816,23,9646.589959
43.795585,26,9646.701194
233.504926,34,9646.842822
-247.887949,37,9647.006486
41.015072,26,9647.117195
-19.962552,19,9647.196135
38.381507,24,9647.295841
-210.694507,45,9647.485147
-27.21791,33,9647.621299
-699.361776,82,9647.960314
-62.437821,27,9648.073732
-50.237242,23,9648.175422
-110.48863,46,9648.370736
-30.063874,22,9648.463675
-60.012724,26,9648.573133
69.380749,21,9648.660931
-171.968323,29,9648.780401
30.102003,42,9648.954821
-148.494666,51,9649.17353
-13.225208,18,9649.252676
-89.009998,42,9649.427822
-136.77932,21,9649.524338
-195.839318,60,9649.780034
-223.503061,92,9650.168009
-68.478114,28,9650.294185
-130.557371,19,9650.468102
-66.004312,27,9650.797995
148.951229,23,9650.941282
642.948845,28,9651.07734
69.533569,21,9651.168624
52.311612,25,9651.277456
-128.331642,19,9651.36816
-224.701965,62,9651.628983
-120.157756,19,9651.707095
-167.850894,25,9651.901727
-148.687813,51,9652.129009
62.264116,22,9652.224188
137.525598,29,9652.343729
59.338505,23,9652.443074
-248.329044,37,9652.599214
-25.545092,19,9652.68383
-83.044565,40,9652.85354
44.801541,25,9652.956991
-42.820934,37,9653.108885
-241.544959,36,9653.268176
-9.469201,34,9653.412396
-272.70119,37,9653.568843
-215.209719,48,9662.471848
-68.353726,27,9662.63052
-149.170759,38,9662.802059
-75.885751,28,9662.925279
39.665812,28,9663.049939
-75.184254,29,9663.174464
250.993624,25,9663.284707
68.824429,20,9663.367973
-518.608724,101,9663.8052
-248.313701,37,9663.962958
311.36438,34,9664.108083
-331.902547,90,9664.497513
-226.464773,35,9664.641247
-44.353308,37,9664.802416
54.997417,24,9664.905411
6.275784,31,9665.038855
-127.495697,19,9665.117094
48.379872,25,9665.22632
-91.244977,42,9665.404165
-16.207526,34,9665.544171
-20.158402,19,9665.623081
-155.239979,25,9665.725899
-571.790918,101,9666.163339
-25.882297,20,9666.248663
68.828347,21,9666.341062
-148.102353,23,9666.43906
80.227018,33,9666.583823
67.47811,21,9666.676648
7.652775,30,9666.802624
-341.185288,48,9667.003409
31.481173,67,9667.290435
-49.049275,25,9667.397814
-256.014975,39,9667.560478
-140.978046,21,9667.648204
-124.306125,19,9667.727365
-32.791445,21,9667.813768
6.721684,32,9667.951465
174.665333,21,9668.343073
-257.064227,38,9668.540433
47.454337,25,9668.64871
-178.844019,30,9668.775601
-124.966414,61,9669.04038
-36.365219,23,9669.134851
-147.54222,22,9669.225347
56.078626,22,9669.315175
-26.7074,20,9669.40638
66.122021,21,9669.497258
85.314642,33,9669.643809
-74.284057,40,9669.813342
-37.841265,22,9669.906582
-123.555004,58,9670.156162
37.387268,26,9670.266049
-131.710859,20,9670.353437
454.443098,24,9670.460613
-26.928592,20,9670.541219
75.88295,20,9670.628184
-117.375122,18,9670.707382
-66.856021,29,9670.835005
45.705358,25,9670.94172
-147.211536,51,9671.163418
-59.718838,27,9671.284146
-187.006099,42,9671.466785
-35.968684,22,9671.907553
166.173932,21,9678.565369
-130.311649,20,9678.685392
60.633056,22,9678.804709
-28.945287,20,9678.890977
-75.475662,27,9679.004956
-51.138913,23,9679.106641
-145.137576,51,9679.329687
-33.63654,20,9679.414723
-37.45735,22,9679.50818
43.184916,26,9679.622704
-50.667362,25,9679.727484
-160.122499,41,9679.907169
-677.469664,101,9680.329955
-231.11999,34,9680.497167
30.081733,28,9680.624998
-222.880587,36,9680.773516
-29.87569,22,9680.869329
-436.942043,101,9681.307233
-24.875234,19,9681.498184
65.638609,21,9681.589201
-637.437279,101,9682.042681
65.561889,22,9682.138968
-127.594958,19,9682.216672
-59.506501,26,9682.325788
-254.482073,37,9682.484756
-166.711608,43,9682.661017
163.953352,22,9682.757045
-244.184469,35,9682.90497
-30.478586,20,9682.984955
-131.058095,19,9683.06634
-57.049881,51,9683.281302
-129.963647,19,9683.365268
-29.597353,21,9683.459062
-164.996665,37,9683.61307
-357.80411,52,9683.83142
10.864946,29,9683.955181
-126.834102,19,9684.037199
-25.960938,19,9684.120173
-703.594739,101,9684.552448
-32.946009,21,9684.642286
51.866735,25,9684.747566
161.622471,25,9684.85476
-31.107308,20,9684.947009
64.469268,21,9685.302911
-21.433624,19,9685.426929
-27.472312,20,9685.529975
69.639205,20,9685.61261
-27.180724,20,9685.698159
-335.637409,49,9685.913106
59.43239,23,9686.021944
-125.102217,19,9686.107711
-43.703423,22,9686.197996
-164.455623,37,9686.359476
-130.085795,19,9686.439284
-298.187181,43,9686.619627
-386.097694,101,9687.183275
-27.62918,20,9687.33402
-45.069625,22,9687.484932
-33.287331,20,9687.608469
-79.598786,31,9687.826489
-174.37578,56,9688.278455
-138.406762,21,9688.477972
-150.077278,37,9696.583847
-244.844666,37,9696.775101
-43.201327,23,9696.876705
-129.542038,19,9696.957396
136.789257,36,9697.110555
239.618869,30,9697.244967
48.906722,25,9697.355883
-131.621747,20,9697.442159
-46.30201,24,9697.547831
-158.443181,34,9697.690875
-30.453364,20,9697.774268
-45.508739,22,9697.865671
-36.815213,22,9697.961828
-82.330999,47,9698.157069
-37.244392,22,9698.24151
-128.016709,19,9698.328368
346.634943,26,9698.440658
61.383748,22,9698.540295
-53.924005,24,9698.648652
-208.437831,44,9698.833044
67.923091,21,9698.92256
-116.074253,82,9699.285481
-151.28057,37,9699.444668
-412.637931,58,9699.691211
-63.221021,30,9699.824685
25.935434,29,9699.947
8.767227,32,9700.088283
264.352919,22,9700.181629
209.07064,29,9700.305668
262.388007,22,9700.39505
74.514729,20,9700.479572
-139.614225,38,9700.639707
53.382476,24,9700.738946
-570.769067,101,9701.186068
-266.129997,76,9701.507372
-120.741186,19,9701.584963
-33.545057,36,9701.736051
155.260635,23,9701.8348
-256.577284,39,9701.996893
-200.841203,31,9702.126619
-127.145742,19,9702.218087
-21.432916,19,9702.29762
84.644027,39,9702.463129
-31.618036,20,9702.825178
-160.43687,25,9702.984672
-43.388963,38,9703.160439
59.657531,24,9703.263329
-26.176912,20,9703.346637
-29.972837,20,9703.434827
-58.311084,26,9703.541911
-251.736505,37,9703.706572
15.166181,29,9703.834075
23.708493,28,9703.957245
-35.907322,22,9704.054496
-39.200885,41,9704.220724
-273.581824,37,9704.501333
-135.186593,20,9704.594191
-24.620157,20,9704.682427
-128.894374,19,9704.763396
-70.12641,27,9704.890535
-166.710568,27,9705.002486
-24.162975,19,9705.07771
-127.735613,19,9705.169554
-263.138507,37,9705.329602
-119.249754,35,9705.476669
-180.029915,41,9705.657169
25.184894,29,9705.782193
-50.607464,25,9714.406916
-246.121663,37,9714.596018
-25.634559,19,9714.675682
-25.224696,19,9714.759552
132.308517,38,9714.927198
-195.988428,34,9715.074386
-11.664434,34,9715.218675
-125.23248,19,9715.296899
-28.646627,20,9715.378978
-700.587023,101,9715.812873
45.672312,26,9715.921899
-125.822299,19,9716.008371
-27.646186,20,9716.092737
-81.482234,43,9716.275581
32.729141,26,9716.383954
-52.454926,37,9716.538817
-28.368327,19,9716.616511
-102.602084,43,9716.794361
-159.84511,26,9716.905845
-54.594048,25,9717.021608
-32.705119,20,9717.107447
68.199284,21,9717.197939
-82.85706,41,9717.370569
-100.156971,43,9717.562684
-160.725326,28,9717.677286
-23.732417,19,9717.761161
-25.790493,19,9717.844819
-151.695166,23,9717.941359
-310.040294,45,9718.131234
-147.226498,25,9718.242735
-36.66426,40,9718.4192
-33.858673,21,9718.50506
-268.352714,37,9718.65647
45.739902,26,9718.768771
-50.554881,27,9718.885239
65.429809,41,9719.05859
-223.576538,36,9719.220628
-25.528013,19,9719.299173
-51.087433,24,9719.40861
-86.444621,33,9719.552565
-90.007499,42,9719.729776
165.873362,21,9719.821184
-25.465241,19,9719.8966
-22.601161,19,9719.981936
-161.333389,37,9720.1365
-38.545239,22,9720.497548
-102.903381,31,9720.66929
-284.893808,42,9720.854061
-213.177929,45,9721.052836
-148.458946,24,9721.157527
-25.076694,36,9721.311204
-279.10125,41,9721.487747
-177.555224,32,9721.625797
71.508164,20,9721.711353
14.619083,30,9721.846072
-246.711181,37,9722.008192
-138.773181,21,9722.098658
190.068802,21,9722.18548
-12.418146,34,9722.328576
-165.04621,27,9722.444549
64.897053,21,9722.537011
-527.673789,100,9722.96444
-206.90901,33,9723.106046
-37.008992,22,9723.204012
62.986085,23,9723.300711
-379.108862,101,9730.450917
-115.047003,49,9730.656145
197.182097,22,9730.754018
-24.099167,19,9730.835771
-25.42227,19,9730.915135
-198.977435,43,9731.097191
-93.699715,32,9731.231029
-209.143714,31,9731.363264
-24.438534,19,9731.440048
-28.489185,20,9731.524984
64.486458,21,9731.619238
-53.448136,26,9731.726748
-333.333657,47,9731.927291
-55.071959,27,9732.044819
-163.411196,37,9732.206527
-116.712789,33,9732.343078
-77.80336,42,9732.521587
62.578938,23,9732.613597
245.20274,47,9732.812638
-378.192287,60,9733.08435
-4.678154,32,9733.22096
69.457956,20,9733.303157
-131.937633,20,9733.556621
-53.436107,25,9733.669491
-103.279035,46,9733.858887
-23.776434,19,9733.93867
-161.310125,28,9734.059516
-244.869088,37,9734.217932
-188.775087,30,9734.35093
150.488962,23,9734.445732
56.387799,25,9734.548397
-27.690282,19,9734.631257
66.490689,21,9734.723793
-46.331491,39,9734.889748
-126.315688,19,9734.967986
-195.068473,66,9735.256728
59.10326,23,9735.35456
-46.308359,22,9735.444395
-60.140678,26,9735.555687
-34.274989,21,9735.644011
159.864084,22,9735.738262
-40.004218,35,9735.886779
-130.734655,19,9735.962105
-79.67239,26,9736.078116
-48.013109,22,9736.175023
163.775686,22,9736.27225
-126.36874,19,9736.356196
53.570784,22,9736.44795
-249.282125,37,9736.602532
-31.583974,21,9736.696956
-71.667566,27,9736.811199
-156.405619,37,9736.971412
-517.853035,89,9737.341834
-43.040088,23,9737.443362
64.927943,21,9737.532802
-41.683016,37,9737.689352
-127.961098,19,9737.773734
80.658065,34,9738.242312
-37.042392,35,9738.402926
-124.920106,19,9738.546482
-26.429768,19,9738.634568
-111.984776,33,9738.77372
-136.208562,35,9738.921021
-23.54246,20,9739.026446
-147.618409,37,9739.221244
-193.937475,34,9739.400008
56.537906,23,9739.52792
-136.314911,22,9747.478274
-33.454134,20,9747.602648
-129.937126,19,9747.698875
-281.339313,64,9747.98715
-117.355366,33,9748.126856
-32.807755,20,9748.214993
0.375087,33,9748.351359
-165.746979,26,9748.464683
-28.039898,37,9748.629032
-76.33036,42,9748.809342
-48.934215,24,9748.906809
-24.664768,20,9748.992346
34.664917,26,9749.102209
-128.695284,22,9749.19416
-31.477447,20,9749.275498
-256.45728,37,9749.437703
-33.39481,22,9749.532768
-43.697735,22,9749.6269
-251.49629,37,9749.780934
65.792756,22,9749.875603
42.289511,25,9749.986508
-163.56546,40,9750.156726
-31.557095,20,9750.24015
96.234346,31,9750.380068
-56.29345,24,9750.482333
-23.169114,19,9750.559515
148.044898,24,9750.657298
-156.046835,37,9750.816743
-37.666269,22,9750.914534
-21.328145,19,9750.997048
168.03867,22,9751.108357
-268.395283,37,9751.275155
-52.634669,23,9751.36963
-162.0749,42,9751.547464
-38.428717,21,9751.633532
66.47257,22,9751.730009
-43.531906,40,9751.903674
-67.07594,101,9752.333421
-27.525578,19,9752.411339
-127.155445,19,9752.49018
152.214647,37,9752.647627
7.103989,30,9752.777967
-36.587804,22,9752.86784
-249.733451,37,9753.029389
-188.735706,60,9753.29179
-82.14326,42,9753.473271
450.628906,25,9753.598102
63.951523,21,9753.687549
19.198357,29,9753.806135
-184.652163,41,9753.977693
-251.388861,37,9754.135503
-296.786319,44,9754.328473
-203.118559,42,9754.506915
-176.97777,40,9754.677094
-125.859067,19,9754.757158
-30.945262,20,9754.840673
-150.623058,23,9754.94068
-58.287455,38,9755.10842
-74.038226,28,9755.229514
344.880797,25,9755.332106
-159.005212,26,9755.538255
-193.707552,43,9755.718115
-54.798586,25,9755.820748
-131.663523,20,9755.905981
-162.570838,57,9756.154388
-106.904189,32,9756.628083
183.629833,20,9756.726474
-34.791997,39,9765.419764
17.197792,31,9765.571737
-194.196207,59,9765.838643
-23.616547,19,9765.91716
51.092504,25,9766.023338
-23.677133,19,9766.109674
-34.832954,20,9766.195249
-22.833571,19,9766.276908
58.389084,23,9766.374149
-52.773484,25,9766.483312
-147.513064,37,9766.645786
-26.878261,20,9766.725593
-231.796449,36,9766.873624
-260.723373,39,9767.041835
-261.617113,37,9767.201954
-232.14378,57,9767.447414
-127.690891,19,9767.524135
64.83228,22,9767.621208
-204.272899,33,9767.763566
-184.832795,33,9767.904764
-30.856053,20,9767.990499
169.703108,23,9768.097387
-129.661399,19,9768.185651
-24.743318,19,9768.270179
-5.089269,32,9768.409575
-61.944173,25,9768.510906
71.460409,20,9768.594903
-32.414096,20,9768.680299
11.144001,42,9768.854468
-33.519531,21,9768.940914
65.764959,21,9769.030673
19.195596,31,9769.16265
-48.786086,37,9769.3191
-21.259605,19,9769.402673
-142.796734,21,9769.494748
48.89128,24,9769.598439
-52.943361,23,9769.694448
-154.225441,38,9769.853283
-549.566629,101,9770.279029
-149.103935,37,9770.44187
-176.870328,44,9770.635154
-279.969931,46,9770.832791
-198.952928,30,9770.957789
-117.952153,35,9771.110277
-134.037115,22,9771.203116
24.834519,30,9771.329895
74.404936,20,9771.413502
-75.815152,28,9771.53131
-94.197361,29,9771.649073
66.679197,21,9771.742549
-127.665147,19,9771.826807
428.997942,31,9771.955892
-130.214877,19,9772.041122
-256.919831,37,9772.199883
-38.664133,40,9772.371029
-255.319629,37,9772.533049
-149.204835,25,9772.640873
-7.767915,33,9772.780294
-24.754086,19,9772.859758
-124.595482,19,9772.936706
-184.311228,28,9773.058807
-80.371699,31,9773.185363
-164.101307,26,9773.294322
-261.665539,40,9773.465247
54.430382,24,9773.565253
-29.655463,20,9773.655109
-161.048887,24,9773.758334
-115.748425,36,9773.906133
70.768829,21,9773.998535
-146.35267,37,9781.217652
-35.643446,22,9781.340226
-134.679189,37,9781.497018
-45.462343,24,9781.597309
125.866741,28,9781.725613
-30.244863,20,9781.806305
-169.357232,40,9781.977264
426.904191,62,9782.22921
69.392503,21,9782.32333
58.210409,24,9782.427184
140.500854,25,9782.533188
-357.902194,51,9782.746532
-42.51553,24,9782.846122
64.50735,22,9782.936144
-176.24778,41,9783.100429
-169.582484,28,9783.219343
-256.322722,65,9783.493367
-65.843855,44,9783.672682
-99.556863,30,9783.795506
59.435034,22,9783.887761
-28.825602,22,9783.97714
63.867954,22,9784.070962
-206.33825,32,9784.20234
-147.235832,24,9784.316609
-81.156043,30,9784.443031
-29.514776,20,9784.522154
73.010778,20,9784.601933
-256.514858,37,9784.830006
72.128599,21,9784.921206
-144.155419,23,9785.017815
-24.30912,20,9785.099626
-246.506989,38,9785.259845
-180.984321,43,9785.45069
53.169149,24,9785.550239
-26.362224,20,9785.632797
-125.279972,19,9785.71144
-36.298446,21,9785.806132
-173.067567,29,9785.92656
-242.124439,37,9786.086153
28.489512,45,9786.275852
-125.15891,19,9786.354973
24.632835,82,9786.695622
242.490516,26,9786.809008
10.644965,42,9786.980663
-248.442829,35,9787.126501
58.66226,26,9787.238297
-336.931077,44,9787.421679
-105.551774,33,9787.568844
59.366304,24,9787.670694
-257.100726,37,9787.823207
-65.440109,28,9787.935598
-42.931005,39,9788.089803
-127.192691,19,9788.167037
-107.413675,34,9788.311378
58.559872,23,9788.413231
-127.559459,19,9788.494927
-24.882798,19,9788.578445
-532.736834,81,9788.91568
-73.482487,30,9789.038382
-143.451856,24,9789.138938
-47.692494,24,9789.236816
-36.594265,21,9789.326724
-36.45943,22,9789.413578
-84.168795,30,9789.539055
-256.211063,37,9789.684399
161.61132,23,9789.777073
16.467547,29,9799.947103
-168.014175,40,9800.155169
-183.673637,29,9800.278833
38.958539,27,9800.398217
-29.204712,20,9800.483854
-91.228594,30,9800.610288
-73.870836,28,9800.729889
38.200373,26,9800.836241
20.220758,29,9800.957901
-133.07579,20,9801.041987
61.999975,22,9801.138188
-24.591991,19,9801.215984
-131.709377,19,9801.292829
-23.076903,52,9801.515512
-27.148203,19,9801.597857
3.044437,30,9801.718851
-86.049195,45,9801.924916
-78.451802,45,9802.11666
-31.946988,21,9802.205541
-26.991677,20,9802.289006
40.56575,27,9802.40033
71.643022,20,9802.484062
-85.330689,41,9802.653197
50.732103,24,9802.757868
-23.788076,44,9802.941502
34.880231,27,9803.054298
-525.784643,86,9803.42031
-83.047366,44,9803.597691
143.716228,25,9803.701585
-157.375906,24,9803.804118
-138.040116,25,9803.909277
-27.210315,20,9803.99266
60.402256,23,9804.093644
-171.134443,41,9804.266439
-14.792647,35,9804.405503
156.862386,26,9804.518101
38.638287,26,9804.633308
153.107372,23,9804.728007
-190.382474,56,9804.959507
-247.79931,37,9805.111463
-216.719337,51,9805.322694
-203.886765,43,9805.499032
99.840539,32,9805.634174
-473.294407,101,9806.047588
104.410537,33,9806.192327
-24.550879,19,9806.2683
-32.531953,20,9806.353734
62.725131,22,9806.454964
-22.651312,19,9806.53604
163.237423,22,9806.623757
45.194912,25,9806.725351
-181.782744,29,9806.845217
-99.959242,34,9806.984313
71.723184,20,9807.066568
-17.690313,19,9807.141693
-26.171662,19,9807.220854
-21.771555,19,9807.299701
-271.547482,37,9807.456102
-48.301656,22,9807.547038
-235.912757,36,9807.697305
-389.198147,59,9807.9412
8.909201,30,9808.165425
-79.63087,44,9808.363786
12.172525,29,9808.493783
-80.522645,29,9817.163055
-427.175532,61,9817.687003
-128.442863,19,9817.82473
-25.147698,19,9817.967782
-30.738239,20,9818.077254
161.49223,23,9818.19444
-457.760075,85,9818.571712
-29.464864,20,9818.657759
-16.764713,36,9818.82082
-124.172504,19,9818.905825
-262.713286,38,9819.066711
66.729557,24,9819.171276
39.69177,39,9819.333887
-28.989425,21,9819.427769
202.503801,18,9819.508803
46.670438,24,9819.613613
60.218192,23,9819.709687
-121.132126,19,9819.793106
-62.271326,26,9819.90859
49.739848,25,9820.017582
-34.70328,21,9820.117184
-137.176864,23,9820.218434
-28.57605,22,9820.308024
-117.075122,34,9820.451834
95.051631,32,9820.598953
28.249908,28,9820.722661
-26.757229,20,9820.804271
146.534578,25,9820.909859
123.645809,28,9821.024786
-33.625066,21,9821.116054
-42.485219,36,9821.266837
-32.641945,21,9821.360349
43.134594,24,9821.464443
-170.674939,27,9821.589739
-245.171498,37,9821.746692
174.102425,20,9821.833917
-127.695647,19,9821.917291
-177.439773,40,9822.088361
-156.292229,47,9822.287899
-37.849692,21,9822.376457
-130.216607,20,9822.463335
-154.390132,37,9822.622742
222.447109,46,9822.819536
-46.833031,37,9822.976374
62.088878,22,9823.061585
45.744637,24,9823.160927
-24.032849,19,9823.243652
-253.874574,37,9823.406263
-31.909762,20,9823.495495
4.527216,32,9823.656385
-265.071337,40,9823.835566
-49.10415,26,9823.948332
-223.76633,34,9824.090343
63.876467,22,9824.181867
-126.784617,19,9824.255474
-41.096587,46,9824.450983
-68.659531,57,9824.712065
-28.943949,22,9824.805809
-127.401594,19,9824.882865
-225.366898,37,9825.051179
-66.967151,28,9825.165582
53.087507,22,9825.266912
-111.198067,33,9825.416071
-38.168954,22,9825.508274
-219.695622,63,9825.774002
-24.608181,19,9825.850005
-36.063874,36,9826.003985
15.669899,31,9826.139079
-67.371043,26,9826.268958
-191.281891,30,9826.442616
-44.94556,24,9833.552095
-65.274681,27,9833.715169
-22.79333,19,9833.80461
-70.401912,28,9833.926119
-138.625732,21,9834.011646
-40.545612,24,9834.114663
-77.465689,30,9834.248246
15.524435,28,9834.369599
-58.912238,37,9834.526991
-269.506928,37,9834.69298
-242.970652,34,9834.840699
-350.326823,52,9835.06086
-26.274202,20,9835.147239
31.110818,26,9835.261923
-66.774556,67,9835.553405
-492.169008,77,9835.88371
-17.438901,19,9835.962495
-246.620521,36,9836.11583
64.594661,22,9836.207994
-28.230365,20,9836.292633
74.57653,20,9836.383528
-21.133584,19,9836.467836
-46.833019,23,9836.578524
-127.629694,19,9836.662647
-155.801475,25,9836.768449
-116.345937,34,9836.907913
-62.966118,37,9837.060582
-116.296336,18,9837.135023
8.218461,35,9837.287626
-219.263513,32,9837.430607
72.871371,20,9837.519257
-4.9693,31,9837.6516
159.738222,24,9837.860855
-130.949974,19,9837.939297
-32.213774,20,9838.023817
-22.961411,19,9838.103335
55.576085,23,9838.200042
-274.136026,42,9838.380744
-67.374293,27,9838.502001
-47.61069,22,9838.597521
-128.358664,19,9838.679783
82.170456,38,9838.8496
-462.074258,76,9839.181605
-75.753725,28,9839.298944
70.35837,21,9839.389636
-283.374147,44,9839.576015
-124.214237,21,9839.668678
-133.560401,20,9839.751439
-377.070676,57,9840.08422
-171.562722,37,9840.234392
14.32828,45,9840.425925
-270.667528,37,9840.57996
-38.557189,22,9840.672655
-138.557051,64,9841.250607
-59.362051,26,9841.369482
-71.038163,29,9841.506478
-27.043179,19,9841.588794
-23.325938,19,9841.670499
-30.151667,20,9841.753617
-305.468822,43,9841.932957
-19.739487,20,9842.018786
-30.084978,20,9842.102455
-183.135522,41,9842.277159
42.727295,26,9842.392717
24.313635,29,9842.518673
185.854583,23,9842.620833
-50.677095,38,9842.790462
124.097008,28,9852.912174
235.904276,39,9853.151953
67.782634,21,9853.246435
269.233519,21,9853.333507
38.978105,27,9853.451188
-23.151618,19,9853.532787
-13.140109,31,9853.666354
261.986531,27,9853.778568
-28.469663,22,9853.877367
-22.333315,19,9853.957283
-23.259033,19,9854.036089
-271.508587,37,9854.194428
-36.742979,23,9854.299779
-36.393295,36,9854.456354
-574.304306,101,9854.882578
-103.181002,46,9855.080199
136.762157,27,9855.194517
-20.241917,20,9855.283195
-28.142954,20,9855.369283
-126.067591,20,9855.458163
-86.265541,46,9855.645923
-168.49899,25,9855.758793
-146.657765,22,9855.853956
-249.091743,37,9856.015299
348.937304,25,9856.125984
-130.119501,19,9856.215079
-127.909818,19,9856.291596
167.509668,21,9856.383421
-135.462784,20,9856.466392
-145.89074,22,9856.571101
-47.909792,23,9856.669709
-27.627971,19,9856.745663
-162.84252,27,9856.859197
14.971564,31,9856.994625
-395.498139,81,9857.33857
-27.505603,20,9857.423746
-126.859917,19,9857.506609
-55.881718,23,9857.60797
0.568134,31,9857.743435
-224.787619,45,9857.92818
-194.088783,31,9858.06643
203.121943,47,9858.26998
-162.31148,69,9858.56688
-123.482257,19,9858.648052
-122.718267,19,9858.730807
-130.658277,34,9858.874596
-133.343112,21,9858.962771
71.937519,37,9859.126014
27.487096,29,9859.250933
-38.671358,23,9859.346675
-29.133565,20,9859.429626
-129.698429,19,9859.506516
-269.597236,37,9859.659008
37.906261,26,9859.765371
-75.442896,40,9859.927079
-59.546956,26,9860.032275
-253.496337,37,9860.180493
-144.690302,23,9860.279172
-179.993806,42,9860.458437
-256.534414,37,9860.608224
177.568934,22,9860.702115
-161.858766,38,9860.869687
147.89026,25,9860.982522
-22.756241,19,9861.063015
-53.072971,40,9861.244462
-66.004093,27,9861.363306
-47.822247,59,9861.61323
-168.719214,25,9861.81661
-134.352336,20,9870.634311
-128.771985,19,9870.749477
23.230107,42,9870.945571
-127.967513,19,9871.025379
-20.231212,19,9871.114365
-131.944409,38,9871.368175
-228.08353,36,9871.566917
-201.06302,42,9871.765491
130.499279,27,9871.883451
62.916907,22,9871.975696
50.9746,24,9872.081569
-37.589584,22,9872.175252
43.67108,25,9872.288022
-256.00982,37,9872.444687
-26.678522,34,9872.58946
90.363706,66,9872.866323
62.372226,21,9872.954683
-175.21596,27,9873.06916
-135.246178,20,9873.153868
-255.090968,38,9873.324741
-25.975473,19,9873.412554
-271.551809,37,9873.603278
28.644846,27,9873.721568
58.796973,23,9873.817999
31.944257,31,9873.945434
-166.854616,31,9874.087579
-43.576807,25,9874.195205
-128.731239,19,9874.286165
-129.885739,19,9874.364316
65.05652,22,9874.454099
-94.921914,47,9874.660722
68.508212,35,9874.815036
-346.729454,101,9875.22991
-22.8394,36,9875.383312
-268.737427,37,9875.537406
-108.660734,45,9875.732774
52.623157,24,9875.834588
-127.568919,19,9875.917699
-182.293018,49,9876.122338
-3.204998,33,9876.26534
-239.090047,36,9876.422752
-257.338064,37,9876.581643
-157.41035,25,9876.685698
-267.970445,37,9876.843049
-116.006346,47,9877.035954
-50.145177,25,9877.145914
61.968222,22,9877.239724
-24.704895,19,9877.319509
19.074332,29,9877.444099
-53.143176,37,9877.598369
150.757986,24,9877.698203
-226.636833,47,9877.899093
-139.984063,21,9877.990629
-79.569094,30,9878.118943
-175.758116,28,9878.235768
-240.072484,37,9878.412072
-68.529269,28,9878.556334
229.339478,28,9878.678085
-244.133406,39,9878.846319
4.863795,31,9878.985743
-56.948209,25,9879.095745
50.3371,26,9879.216264
-136.747549,34,9879.365072
-166.724495,27,9879.475866
-32.136908,21,9879.566851
-88.295202,32,9886.60959
86.348187,35,9886.800752
34.274865,27,9886.978164
-263.145462,37,9887.128417
-250.464007,50,9887.351101
-181.771962,58,9887.601612
-70.671531,28,9887.715973
229.605015,27,9887.828744
-127.815084,19,9887.909881
-73.51019,41,9888.079402
-168.950944,37,9888.241033
-32.085067,22,9888.336669
-22.104124,21,9888.427343
-135.125967,35,9888.579426
53.699206,24,9888.680758
-174.787159,40,9888.852141
4.78263,44,9889.042531
-166.86286,39,9889.210814
-190.485952,31,9889.33664
-20.006709,19,9889.413429
-454.365928,65,9889.686448
-57.601006,40,9889.854667
-152.538316,56,9890.093546
38.457274,28,9890.213333
-47.285532,35,9890.358258
-184.743122,30,9890.49063
-53.425877,25,9890.597521
-46.167547,24,9890.700312
-218.190084,33,9890.839253
-52.912022,25,9890.938683
25.856237,28,9891.065259
-93.861509,44,9891.404423
74.368105,20,9891.489164
-184.346932,43,9891.682672
-134.794334,35,9891.832738
62.355618,22,9891.929828
-159.722058,39,9892.100857
-133.795012,35,9892.249565
-140.47897,41,9892.420385
-129.985506,19,9892.499569
-123.546405,32,9892.64257
-125.89897,19,9892.720137
55.828153,24,9892.820009
129.13072,31,9892.948113
-25.166757,20,9893.03157
-325.432579,61,9893.281538
42.653548,25,9893.387972
-360.561536,51,9893.60791
-100.571823,45,9893.799345
112.438219,56,9894.034619
-112.608541,34,9894.183794
-173.152995,29,9894.308898
-26.94091,19,9894.388943
-46.658544,22,9894.479513
-47.618865,25,9894.588756
-172.027019,26,9894.701253
121.305552,28,9894.838546
72.36887,20,9894.926279
58.307069,23,9895.023512
47.646207,24,9895.126359
-107.255977,46,9895.328434
-249.920496,37,9895.479789
-261.459502,37,9911.381802
-23.877525,19,9911.475974
-210.566056,58,9911.733719
61.725544,22,9911.830946
-130.580093,19,9911.909646
125.762199,28,9912.037208
-213.245719,47,9912.242401
-26.93969,19,9912.322394
37.084185,29,9912.456341
-25.345233,19,9912.532263
-499.062469,101,9912.966048
-127.968648,49,9913.1636
-41.425704,24,9913.264525
-195.867397,42,9913.443157
81.003317,19,9913.524388
-35.347444,22,9913.617329
-129.796741,19,9913.692599
-32.925289,21,9913.781641
-90.041644,31,9913.928958
-270.701462,40,9914.091666
-84.989319,43,9914.871829
-25.372066,20,9915.181263
-175.9046,41,9915.484582
-134.579371,20,9915.608958
-23.948521,19,9915.710865
-33.006165,20,9915.80946
-153.801568,28,9915.947948
-30.78116,20,9916.044433
-123.988914,19,9916.13288
-23.404562,19,9916.229659
-119.484165,37,9916.410707
-185.4887,70,9916.732082
54.540524,24,9916.850394
-254.247835,37,9917.025746
149.78464,24,9917.140229
-621.677907,101,9917.799461
19.289098,31,9918.002261
-62.699818,24,9918.215553
47.034646,98,9919.307482
-25.216057,41,9919.623753
-38.195494,23,9919.747972
-36.927307,21,9919.840659
-273.142922,37,9919.993016
-54.666176,37,9920.156343
-30.767492,38,9920.324723
158.578614,27,9920.456216
-35.306824,21,9920.555016
-59.994319,25,9920.680641
-53.735182,39,9920.844077
72.819719,20,9920.927818
-173.142096,26,9921.0407
-166.972627,37,9921.20092
-54.704123,25,9921.311001
-147.049007,37,9921.468226
-35.002818,23,9921.562941
-72.274028,43,9921.741947
41.340239,24,9921.844886
-194.068236,28,9921.959115
-134.547468,23,9922.184313
-130.352955,19,9922.31311
-203.788204,34,9922.471658
49.638694,24,9922.586778
23.371162,28,9922.713194
24.591904,30,9936.098821
-45.506604,24,9936.665956
-32.51736,21,9937.194485
150.1883,24,9938.193396
150.498143,25,9938.726124
-132.136384,20,9939.24784
91.229438,38,9940.817365
30.256737,27,9941.913479
-158.71057,42,9942.879981
-291.076923,43,9944.093505
-272.240193,37,9945.108266
-28.62625,20,9945.451447
-132.921425,20,9945.747597
-135.108349,49,9946.565651
-148.645333,37,9947.455454
-153.178758,25,9948.048724
-27.67521,19,9948.310818
-90.92532,32,9949.926972
-306.87458,59,9951.352616
-244.653708,39,9951.749442
-182.55222,31,9952.071785
-34.064456,45,9952.839278
-30.01379,20,9953.036626
-211.973366,35,9953.393417
-174.067109,47,9954.077495
-14.976559,35,9954.339532
103.57218,34,9954.534613
-170.576756,40,9955.451446
43.261968,25,9955.765109
149.399273,25,9955.936996
-69.908426,28,9956.100652
-113.198908,35,9956.293711
-281.693676,101,9956.772767
66.557013,21,9956.889493
-27.20333,20,9957.025064
26.093538,41,9957.209805
-29.740288,20,9957.297055
66.658676,22,9957.393347
-130.78905,20,9957.491842
-127.23922,19,9957.581573
-28.869023,20,9957.678831
-135.604122,20,9957.757064
-26.784481,19,9957.843057
-20.620216,19,9957.945044
-123.709516,19,9958.028265
-197.556498,33,9958.171541
62.040734,22,9958.264642
75.604615,19,9958.354857
66.106586,21,9958.48255
-343.986703,53,9958.705139
-33.151135,20,9958.803229
-134.585808,38,9958.987113
-394.071044,101,9959.421811
67.007353,21,9959.509517
-36.713339,22,9959.600005
-40.236429,23,9959.694979
-148.93652,37,9959.84775
-326.10168,47,9960.048161
-27.702771,20,9960.130932
-102.976463,36,9960.300895
106.568341,30,9960.44238
39.876387,26,9960.559504
-29.40322,20,9960.645338
127.345061,28,9960.763776
-35.701917,36,9960.910076
-296.128393,59,9971.301597
-147.289597,37,9971.510406
-124.528135,18,9971.60777
67.459229,21,9971.729634
49.199075,24,9971.849373
-270.311399,37,9972.023185
63.675293,22,9972.135081
-87.309149,31,9972.283453
-146.478747,37,9972.495184
-129.239407,19,9972.579267
51.490277,24,9972.687657
-190.950488,32,9972.815857
-218.719924,45,9973.020042
44.47667,25,9973.134579
-50.059683,25,9973.269838
42.552306,25,9973.396313
-139.764035,48,9973.616902
-123.983264,19,9973.703856
-248.135725,45,9973.906655
-28.028169,41,9974.084142
-80.63349,29,9974.224378
-349.917222,91,9974.631655
-46.375305,22,9974.753168
220.394068,49,9975.001791
53.064304,22,9975.115538
-113.753931,34,9975.301334
219.755074,50,9975.560386
158.254405,28,9975.692674
-221.74824,47,9975.901543
172.00289,21,9975.994979
-252.888556,37,9976.152949
-20.271611,35,9976.317254
-128.426905,47,9976.527081
-64.161157,27,9976.638788
-28.983649,20,9976.869539
-335.585156,75,9977.264326
-246.301892,36,9977.449124
-82.982834,30,9977.595553
-204.717073,34,9977.774927
-13.06444,35,9977.946994
-277.489984,40,9978.663123
-83.765178,58,9979.709839
58.630411,23,9980.006619
-28.379224,19,9980.128648
-92.173967,31,9980.291053
-126.172052,19,9980.382228
-230.918968,47,9980.5892
-130.050668,35,9980.748535
-98.065639,43,9980.960907
-28.675733,19,9981.052086
-188.123698,30,9981.190724
210.299449,38,9981.392436
-205.644105,30,9981.522042
-218.004683,44,9981.703443
-162.44631,38,9981.868891
-264.524501,37,9982.041438
161.174831,29,9982.181872
8.576718,33,9982.43335
262.473124,23,9982.602629
