#{"t_start": 1736963275.1692212, "env_id": "gymnasium_env/PingPongEnv-v0"}
r,l,t
-258.538449,37,11.616518
-281.8158,37,11.789092
-243.419868,37,11.962215
-259.324984,37,12.127215
-240.842055,37,12.302135
-277.48805,37,12.46604
-261.690381,37,12.633044
-236.582841,37,12.79294
-272.62039,37,12.955646
-239.243776,37,13.120543
-288.676208,37,13.282216
-282.129764,37,13.445266
-284.480153,41,13.625962
-241.564103,37,14.222965
-273.751855,37,14.413651
-255.741559,37,14.617079
-262.475508,37,14.911902
-252.05143,37,15.169527
-255.339092,37,15.407594
-217.513357,35,15.616212
-263.856917,37,15.855627
-293.979561,37,16.047331
-270.372162,37,16.266752
-248.105868,37,16.470569
-281.33848,37,16.962752
-229.651323,35,17.445375
-248.840677,37,17.871146
-248.402146,37,18.316515
-253.936432,37,18.733176
-255.150176,37,19.363321
-269.55353,37,20.395181
-285.389352,37,21.143972
-278.600289,37,21.618285
-271.981886,37,22.008375
-258.911682,37,22.230793
-255.478606,37,22.406682
-254.472634,37,22.576994
-242.038813,37,22.732358
-255.260725,37,22.90058
-258.992718,37,23.061381
-285.532932,37,23.23718
-282.295848,37,23.393908
-261.665831,37,23.545662
-262.290386,37,23.699596
-261.046679,37,23.869816
-282.341736,37,24.02785
-240.524401,37,24.19593
-255.711899,37,24.372002
-274.201241,37,24.570098
-273.585597,37,24.732658
-278.211873,37,24.902604
-254.413986,37,25.086421
-270.152439,37,25.274752
-276.4385,37,25.432636
-285.159173,37,25.590965
-243.9574,37,1111.148727
-253.936529,37,1111.393053
-197.639821,32,1111.562571
-261.366259,37,1111.727858
-289.919809,37,1111.917188
-257.701341,37,1112.090955
-253.706784,37,1112.262649
-239.976307,37,1112.427698
-250.692627,37,1112.595723
-274.443742,37,1112.770423
-263.767183,37,1112.933088
-260.748563,37,1113.093102
-276.981379,37,1113.270217
-245.85863,37,1113.446821
-277.987543,37,1113.673867
-286.183209,37,1113.972145
-248.909055,37,1114.280562
-250.927637,37,1114.466705
-241.030007,37,1114.696782
-300.678396,37,1115.162022
-251.122143,37,1116.006714
-270.249677,37,1116.246408
-271.117277,37,1116.43575
-277.447229,37,1116.630999
-262.457136,37,1116.79896
-282.713359,37,1116.982462
-272.761366,37,1117.21221
-273.633646,37,1117.474268
-283.553843,37,1117.677354
-264.608615,37,1118.311966
-266.247239,37,1118.557503
-278.857498,37,1118.745116
-294.11263,37,1119.011824
-279.491875,37,1119.253666
-262.534434,37,1119.462165
-271.714674,37,1119.629982
-260.929313,37,1119.79998
-280.687691,37,1119.967463
-279.086949,37,1120.137833
-243.667184,37,1120.305587
-247.079361,37,1120.459882
-248.820048,37,1120.653654
-280.003351,37,1120.823352
-244.629243,37,1120.989372
-254.566442,37,1121.153651
-277.174683,37,1121.337877
-153.345505,26,1121.46057
-269.221199,37,1121.633904
-276.89271,37,1121.787836
-289.682488,37,1121.952812
-254.388589,37,1122.132884
-284.783914,37,1122.319711
-245.649926,37,1122.532682
-227.614967,35,1122.71765
-244.240304,37,1122.884319
-262.44007,37,1123.059727
-259.513633,37,1135.304702
-259.862845,37,1135.471414
-246.371961,37,1135.629187
-284.942017,37,1135.778332
-247.205208,37,1135.928701
-248.60882,37,1136.077659
-219.12206,35,1136.219233
-264.769029,37,1136.367481
-252.277843,37,1136.512557
-279.580636,37,1136.666518
-41.191381,37,1136.818886
-272.375262,37,1137.067027
-242.531246,37,1137.237856
-269.13953,37,1137.406097
-213.248866,32,1137.601649
-257.05912,37,1137.772778
-277.142528,37,1137.926257
-204.152935,33,1138.070434
-245.031158,37,1138.238915
-273.682093,37,1138.419392
-248.496897,37,1138.592261
-252.383228,37,1138.742018
-273.368741,37,1138.905582
-249.61515,37,1139.0823
-253.673514,37,1139.279061
-262.979626,37,1139.474871
-250.672023,37,1139.645704
-275.820005,37,1139.816498
-250.085985,37,1139.984817
-269.912839,37,1140.167641
-268.289455,37,1140.342348
-269.501805,37,1140.517006
-243.078175,37,1140.681783
-269.074201,37,1140.853741
-251.418118,37,1141.067907
-145.056388,38,1141.252172
-240.376703,37,1141.433087
-240.63447,37,1141.612354
-270.227022,37,1141.820828
-258.661412,37,1141.980451
-290.834948,45,1142.177906
-292.056143,37,1142.34813
-34.325247,23,1142.477247
-252.661398,37,1143.051795
-285.321007,37,1143.289852
-258.879429,37,1143.504698
-242.799865,37,1143.682213
-246.879347,37,1143.85087
-285.48105,37,1144.015364
-239.669566,37,1144.186053
-249.549548,37,1144.361774
-241.763279,37,1144.517966
-259.319809,37,1144.680041
-288.157668,37,1144.846757
-272.642076,37,1145.007435
-262.43711,37,1153.169257
-249.591458,37,1153.41856
-246.668611,37,1153.594683
-234.263931,37,1153.881955
-287.822988,37,1154.045595
-270.722536,37,1154.20821
-270.18097,37,1154.396737
-246.062712,37,1154.553144
-249.74768,37,1154.706438
-243.472102,37,1154.864458
-243.871292,37,1155.015851
-257.046156,37,1155.176562
-266.884033,37,1155.330921
-250.270435,37,1155.487744
-174.266793,29,1155.613122
-287.150642,46,1155.804788
-266.896922,37,1155.954306
-253.4132,37,1156.110441
-274.751352,37,1156.276633
-249.862902,37,1156.433935
-165.792941,28,1156.555788
-269.626618,37,1156.706832
-246.517092,37,1156.863371
-262.284291,37,1157.016096
-278.59582,37,1157.174093
-252.639869,37,1157.31673
-286.412928,37,1157.475957
-248.3313,37,1157.622586
-242.623427,37,1157.780818
-249.424866,37,1157.933209
-254.444418,37,1158.10465
-271.62173,37,1158.284212
-253.081924,37,1158.473562
-256.884425,37,1158.634793
-251.017165,37,1158.801998
-272.857558,37,1158.9765
-258.138193,37,1159.154796
-292.251319,37,1159.348779
-259.029495,37,1159.611317
-246.839377,37,1159.874489
-261.254372,37,1160.322238
-244.301737,37,1160.684265
-244.99502,37,1161.090543
-254.871791,37,1161.492017
-252.222487,37,1161.880282
-238.047091,37,1162.342598
-251.243561,37,1162.714733
-241.52346,37,1162.949691
-292.107454,37,1163.157304
-253.929699,37,1163.323793
-277.304306,37,1163.484313
-240.180405,37,1163.641689
-247.417854,37,1163.79821
-263.219728,37,1163.942241
-244.494378,37,1164.097299
-271.31883,37,1164.253787
-246.351076,37,1171.010566
-285.755524,37,1171.210772
-262.107741,37,1171.374165
-338.300155,50,1171.582476
-241.186648,37,1171.724397
-283.915209,37,1171.885964
-253.278671,37,1172.042986
-272.482483,37,1172.231495
-248.393776,37,1172.386178
-288.901891,37,1172.542975
-249.59589,37,1172.705157
-297.536768,48,1172.909099
-253.536986,37,1173.06166
-138.886987,37,1173.220345
-49.788749,24,1173.315997
-167.095622,27,1173.422356
-66.087775,27,1173.536383
-261.210416,37,1173.688273
-257.079648,37,1173.846059
-256.476032,37,1174.00007
-266.923512,37,1174.150134
-255.898684,37,1174.29934
-268.103844,37,1174.448115
6.783433,31,1174.57929
-251.591426,37,1174.732326
-247.714642,37,1174.897648
-50.748407,38,1175.052343
-245.286744,37,1175.208366
-279.466882,37,1175.371373
-277.281089,43,1175.561332
-249.821286,37,1175.713457
-239.218355,37,1175.864349
-248.588949,37,1176.158063
-254.747975,37,1176.31202
-288.483935,37,1176.459803
-253.151087,37,1176.617861
56.555351,38,1176.775516
-246.272988,37,1176.928512
-255.426463,37,1177.079729
-247.997335,37,1177.237749
-259.331811,37,1177.392751
-289.595668,43,1177.572259
-273.081843,37,1177.730971
-280.047704,37,1177.884999
-276.526876,37,1178.043802
-241.008448,37,1178.191558
-266.499757,37,1178.341377
-270.743802,37,1178.507528
-244.943737,37,1178.672816
-267.637107,37,1178.831781
-246.806829,37,1178.979609
-241.21218,37,1179.132806
-255.211815,37,1179.28502
-255.30459,37,1179.436183
-222.41334,34,1179.582482
-255.753011,37,1179.745293
-237.787726,37,1188.738201
-155.397873,39,1188.923712
-249.986776,37,1189.090663
-271.36555,37,1189.256479
-241.640069,37,1189.410028
-248.245536,37,1189.564906
-248.344765,37,1189.719163
-253.628743,37,1189.865861
-272.857499,37,1190.016809
-252.352511,37,1190.170521
-227.207724,36,1190.310959
-251.494843,37,1190.466451
-254.242904,37,1190.620207
-251.881178,37,1190.776885
-264.797024,37,1190.925356
-261.749111,37,1191.079878
-258.511293,37,1191.231039
-263.396,37,1191.381231
-284.162387,37,1191.527105
-259.49714,37,1191.679636
-147.225971,26,1191.786521
-271.602557,37,1191.935836
-244.749969,37,1192.086478
-224.416809,35,1192.229016
-262.48485,37,1192.375873
-260.012641,37,1192.525083
-241.599848,37,1192.681958
-248.875402,37,1192.833717
-246.414684,37,1192.983316
-258.223795,37,1193.131275
-260.649719,37,1193.279058
-252.038189,37,1193.428497
-248.682182,37,1193.582239
-263.214301,37,1193.736315
-243.466821,37,1193.889976
-259.281895,37,1194.037511
-266.130103,37,1194.183555
-259.085349,37,1194.331961
-155.449247,25,1194.433756
-267.888086,37,1194.580265
-252.571754,37,1194.731804
-255.506282,37,1194.879219
-281.798386,37,1195.025968
-255.858143,37,1195.170226
-266.597975,37,1195.312121
-264.092746,37,1195.459367
-130.746363,37,1195.611096
-287.489126,37,1195.757242
-240.643673,37,1195.906851
-251.200998,37,1196.06718
-261.427022,37,1196.214393
-264.330194,37,1196.359994
-260.627418,37,1196.512454
-240.968304,37,1196.661718
-169.752819,28,1196.777573
-270.303967,37,1196.937366
-277.133138,37,1203.86969
-247.970283,37,1204.052992
-227.223226,34,1204.211389
-246.532016,37,1204.38374
-265.240394,37,1204.539633
-247.003811,37,1204.688222
-256.924087,37,1204.976444
-266.821248,37,1205.130463
-276.017678,37,1205.291106
-281.335642,37,1205.438344
-260.01647,37,1205.583344
-268.955923,37,1205.729967
-255.466587,37,1205.885922
-254.076272,37,1206.037179
-264.8467,37,1206.184442
-255.389585,37,1206.336564
-245.618661,37,1206.484052
-254.352195,37,1206.634549
-275.533632,37,1206.783691
-256.076538,37,1206.934425
-248.723476,37,1207.082059
-282.121196,37,1207.261299
-252.289159,37,1207.420601
-270.92335,37,1207.574085
-261.255212,37,1207.728838
-238.142116,37,1207.870339
-254.86082,37,1208.016897
-138.528333,23,1208.105463
-250.035817,37,1208.253458
-246.556158,37,1208.406004
-262.35832,37,1208.55868
-245.036769,37,1208.712741
-220.377148,33,1208.845587
-163.938166,29,1208.965957
-163.338367,76,1209.278895
-141.814422,37,1209.436531
-254.226415,37,1209.589294
-261.169277,37,1209.742792
-277.39958,37,1209.892864
-221.623236,34,1210.293301
-255.326386,37,1210.786055
-247.985357,37,1211.052348
-253.04497,37,1211.340818
-247.705898,37,1211.719755
-264.092851,37,1212.037894
-271.390961,37,1212.43757
-341.423915,50,1212.953353
-254.374714,37,1213.401798
-278.183379,37,1213.770531
-303.687666,46,1214.105149
-249.504727,37,1214.314788
-268.241554,37,1214.489229
-251.816168,37,1214.643913
-247.628237,37,1214.790168
-250.306998,37,1221.552131
-251.313466,37,1221.760873
-256.290504,37,1221.917143
-194.18796,32,1222.052785
-261.421515,37,1222.210666
-265.299152,37,1222.357952
-282.335687,37,1222.50639
-131.405503,22,1222.595599
-252.823675,37,1222.743804
-237.640498,37,1222.894392
-249.228553,37,1223.037191
-259.164992,37,1223.1855
-243.903324,37,1223.340004
-264.070345,37,1223.48853
-257.532379,37,1223.638871
-264.690102,37,1223.789492
-255.407549,37,1223.946483
-261.854826,37,1224.098489
-268.9593,37,1224.253163
-242.005631,37,1224.406315
-18.278433,20,1224.487646
-244.512677,37,1224.637419
-256.54779,37,1224.787708
-88.21877,31,1224.912655
-246.021558,37,1225.066232
-152.716064,25,1225.173735
-272.725679,37,1225.321715
-269.706478,37,1225.470527
-260.486898,37,1225.621472
-250.708014,37,1225.770306
-77.384197,29,1225.886142
-244.529078,37,1226.03473
-148.121218,37,1226.185787
-256.678695,37,1226.33327
-261.975726,37,1226.488358
-256.525711,37,1226.633
-248.6639,37,1226.788335
-253.745208,37,1227.077053
-272.124065,37,1227.231478
-261.715523,37,1227.488412
-258.813646,37,1227.641762
-246.01264,37,1227.791898
-249.132508,37,1227.941463
-243.033114,37,1228.086737
-263.533686,37,1228.286867
-281.462922,37,1228.487482
-242.49446,37,1228.685325
-147.762812,25,1228.796133
-264.135395,37,1228.941145
-239.772305,37,1229.094845
-260.763791,37,1229.254001
-271.94428,37,1229.403838
-265.033392,37,1229.701866
-243.256178,37,1229.858515
-214.529328,36,1230.013657
-270.029388,40,1230.18284
446.721724,38,1230.338958
-256.154153,37,1230.500187
-156.598865,26,1239.572125
-248.330655,37,1239.773054
-254.756827,37,1239.937278
-277.661382,42,1240.113869
-250.25475,37,1240.259304
-273.260093,37,1240.40946
-261.13982,37,1240.566837
-240.880177,37,1240.713515
-251.602238,37,1240.858335
-272.659062,37,1241.006765
-246.11251,37,1241.169807
-256.831654,39,1241.324152
-85.902149,30,1241.444338
-264.560508,37,1241.592143
51.158244,26,1241.696441
-241.940151,37,1241.843459
-170.73048,27,1241.95492
-249.228163,37,1242.107389
-157.903636,25,1242.208557
-179.112528,29,1242.324438
-276.840695,37,1242.470478
-239.826768,37,1242.617078
-248.947184,37,1242.769932
-161.489051,27,1242.878853
-262.977408,37,1243.032547
-155.690554,25,1243.136697
-263.980952,37,1243.288093
-250.950501,37,1243.434214
-142.15985,23,1243.521812
-232.159693,35,1243.671624
-249.484744,37,1243.823302
-625.432529,101,1244.230459
-281.372999,37,1244.381512
-266.913444,37,1244.53707
-244.760198,37,1244.6843
-240.830302,37,1244.837545
-257.944175,37,1244.992621
-267.75188,37,1245.137275
-244.68835,37,1245.28537
-240.526115,37,1245.434247
-252.74059,37,1245.580984
-273.469,37,1245.729769
-237.658839,37,1245.887779
-253.062297,37,1246.036349
-159.395604,25,1246.132034
-254.061853,37,1246.27924
-262.553308,37,1246.440737
-266.116248,37,1246.582891
-263.664894,37,1246.730768
-283.622685,37,1246.880286
-257.342488,37,1247.024488
-255.941512,37,1247.199511
-259.13136,37,1247.388488
-260.877388,37,1247.596867
-242.376473,37,1247.792081
-248.064021,37,1247.972578
-271.288513,37,1255.113158
-249.98775,37,1255.309175
-251.147126,37,1255.466689
-257.12096,37,1255.610256
-243.937075,37,1255.758037
-215.12374,33,1255.88894
254.73503,26,1255.996635
-134.84317,23,1256.086186
-174.893816,28,1256.197373
-255.958483,37,1256.345474
-267.313435,37,1256.618445
-274.350404,37,1256.766836
-233.25748,37,1256.916307
-250.420501,37,1257.064973
-141.455169,23,1257.156187
-242.326314,37,1257.304108
-203.175316,32,1257.434296
-249.475642,37,1257.583112
-235.235708,37,1257.73056
-220.442645,34,1257.866179
-106.084062,33,1258.000012
-237.8056,37,1258.145918
-56.687264,26,1258.247538
-202.845828,31,1258.371515
-266.539351,37,1258.518708
-239.94053,37,1258.673298
-238.933779,38,1258.825281
-266.884386,37,1258.979834
-249.820549,37,1259.123576
-245.715632,37,1259.269093
-275.598469,37,1259.417207
-366.224167,57,1259.650161
-249.704718,37,1259.793774
-243.851878,37,1259.943246
-258.766593,37,1260.096642
-255.74654,37,1260.245504
-254.656389,39,1260.407946
-235.805187,37,1260.551889
-244.825105,37,1260.702868
-285.740179,37,1260.849091
-242.171963,37,1260.991942
-261.585803,37,1261.140841
-245.14386,37,1261.286699
-265.504367,37,1261.430149
-255.101219,37,1261.58373
-265.852551,37,1261.731121
-258.988949,37,1261.883778
-250.340617,37,1262.098786
-216.155455,34,1262.289425
-266.610531,37,1262.578345
-249.361031,37,1262.871399
-251.91103,37,1263.154955
-271.480477,37,1263.452592
-270.663506,37,1263.845621
-240.753513,37,1264.24078
-130.511396,22,1264.45434
-263.604063,37,1264.769973
-239.79408,37,1272.479044
-145.301122,37,1272.699909
-154.668354,26,1272.821575
-247.483545,37,1272.983547
-243.521584,37,1273.13942
-142.972959,37,1273.292273
-139.432998,24,1273.389033
-241.825804,37,1273.546243
-174.51422,29,1273.670715
-253.694726,37,1273.825557
-143.921002,24,1273.922766
-242.746011,37,1274.069337
-239.963566,37,1274.213405
-257.76215,37,1274.358701
-242.451807,37,1274.509526
-244.539379,37,1274.659881
-441.280133,67,1274.933309
-149.452311,24,1275.028225
-254.69507,37,1275.170426
-264.600673,37,1275.321129
-268.680617,37,1275.473455
-244.900563,37,1275.616427
-243.083683,37,1275.763565
-280.919584,37,1275.907515
-240.275944,37,1276.050529
-61.124211,25,1276.150843
-170.491199,27,1276.259495
-255.322344,37,1276.406989
-249.027277,37,1276.555669
-261.304584,37,1276.702759
-167.068211,41,1276.869934
-141.793161,23,1276.958359
-256.198488,37,1277.105057
-246.092504,37,1277.253219
-145.453067,36,1277.389943
-246.026285,37,1277.535289
-50.665134,25,1277.640269
-241.485909,37,1277.782927
-51.060343,24,1277.880805
-256.118826,37,1278.033073
-31.587853,22,1278.119936
-248.95127,37,1278.410102
-274.422427,37,1278.560438
-261.096336,37,1278.711749
-248.143483,37,1278.862736
-229.744473,35,1279.002785
2.53766,32,1279.132396
-259.817478,37,1279.282941
-258.632684,37,1279.435913
-241.197326,37,1279.582422
-259.281384,37,1279.738691
-271.554388,37,1279.885263
-249.370732,37,1280.036521
-241.676179,37,1280.185967
-239.996034,37,1280.401468
-154.921225,37,1280.552097
-253.769539,37,1280.700638
-254.636062,37,1280.850052
-265.957903,37,1281.000737
-72.193035,42,1289.631691
-230.587564,37,1289.7909
-251.333749,37,1289.94417
-318.901779,48,1290.143579
-240.153744,37,1290.2918
-241.689799,37,1290.442614
-273.481046,37,1290.594808
-147.326465,37,1290.742952
-242.417912,37,1290.888707
-267.664426,36,1291.039952
-264.408821,37,1291.186819
-267.78075,37,1291.343107
-237.617001,37,1291.495233
-236.418726,37,1291.636195
-266.872673,37,1291.787943
-263.323095,37,1291.934828
-237.850133,37,1292.081269
-289.484541,37,1292.229111
-240.997957,37,1292.381332
-283.514807,37,1292.524043
-255.887701,37,1292.671004
-44.25887,23,1292.768749
-244.4698,37,1292.912021
-237.679169,37,1293.062052
-258.361683,37,1293.211332
-373.863447,60,1293.45939
-240.51213,37,1293.607912
-238.116749,37,1293.769203
-247.845598,37,1293.912364
-289.990194,37,1294.059033
-257.033481,37,1294.211922
-236.954924,37,1294.35892
-222.810812,35,1294.500088
-237.057794,37,1294.643219
-167.553911,27,1294.751768
-242.425336,37,1294.903072
-243.20529,37,1295.050132
-239.983924,37,1295.199182
-258.822571,37,1295.345626
-68.440871,27,1295.452206
-263.69611,37,1295.59695
-276.433223,37,1295.747241
-261.026887,37,1295.894052
-335.069488,96,1296.27596
-296.205438,37,1296.422776
-259.524773,37,1296.570476
-255.918695,37,1296.711719
-269.914089,37,1296.857043
-237.240453,37,1297.004408
-267.903945,37,1297.152376
-261.66796,37,1297.301544
-259.013089,37,1297.44538
-255.883876,37,1297.590685
-270.947392,37,1304.203163
-261.53648,37,1304.418113
-272.728284,37,1304.568572
-274.744018,37,1304.708794
-188.143399,31,1304.830904
-236.865174,37,1304.978213
-252.644155,37,1305.125081
-241.042803,37,1305.27128
-244.232679,37,1305.415835
-143.645578,24,1305.509131
-238.522588,37,1305.653224
-241.857127,37,1305.805167
-185.458532,30,1305.922428
-252.570137,37,1306.196387
-269.886362,37,1306.337782
-270.157042,37,1306.491583
-157.763858,27,1306.596933
-250.725904,37,1306.747081
-243.283136,37,1306.888705
-247.404266,37,1307.039961
-266.662327,37,1307.185422
-260.76619,37,1307.335508
-250.256566,37,1307.479518
-270.499437,37,1307.623031
-247.872682,39,1307.773993
-170.533656,28,1307.886823
-221.28822,36,1308.025926
-238.824485,37,1308.178078
-390.500529,56,1308.399352
-258.854625,37,1308.542399
-272.496282,37,1308.690903
-64.205879,27,1308.800343
-36.826653,25,1308.895535
-253.486498,37,1309.047284
-242.931112,37,1309.192161
-243.577789,37,1309.343527
-249.585904,37,1309.494533
-449.442846,62,1309.735127
-242.305823,37,1309.879332
-270.363955,37,1310.024128
-259.512795,37,1310.172451
-261.324481,37,1310.317955
-252.516737,37,1310.465163
-154.401586,25,1310.566311
-732.346492,101,1310.954941
-261.08231,37,1311.104699
-249.999482,37,1311.246161
-263.11499,37,1311.393819
-267.4282,37,1311.613262
-243.984619,37,1311.826989
-249.472711,37,1312.112356
-240.451382,37,1312.384489
-240.024728,37,1312.679911
-247.159996,37,1312.913478
-258.575265,37,1313.232272
-129.723932,22,1321.404042
-255.166233,37,1321.613794
-256.599005,37,1321.771441
-221.784757,35,1321.920316
-236.550303,37,1322.08643
-260.570377,40,1322.249104
-247.012034,37,1322.399332
-262.022205,43,1322.569443
-264.309501,37,1322.720795
-247.185436,37,1322.867251
-255.756811,37,1323.022919
-283.535896,43,1323.194887
-243.388562,37,1323.343295
-14.89578,20,1323.426646
-241.012629,37,1323.578946
-240.747128,37,1323.74131
-271.447887,37,1323.892423
-249.649444,37,1324.043112
-246.142779,37,1324.185424
-268.687967,37,1324.329245
-255.307585,37,1324.473271
-236.197418,37,1324.62126
-265.791392,37,1324.770558
-244.690025,37,1324.917895
-255.359968,38,1325.065752
-155.285316,25,1325.162085
-277.543968,37,1325.312708
-268.887726,41,1325.478013
-269.328346,41,1325.642447
-249.077917,37,1325.78843
-241.045533,37,1325.932431
-256.883428,37,1326.077999
-273.969557,37,1326.221073
-250.642946,37,1326.365508
-157.723028,25,1326.460074
-239.130955,37,1326.605488
-233.12952,36,1326.746329
-142.543425,37,1326.894214
-237.051845,37,1327.034702
-242.64335,37,1327.18351
-241.490448,37,1327.331654
-249.255063,37,1327.607725
-252.5767,37,1327.762735
-246.373937,37,1327.914755
8.103719,42,1328.086782
-243.469542,37,1328.235916
-248.454073,37,1328.39353
-232.371677,36,1328.534934
-36.274265,23,1328.630626
-40.412408,25,1328.735268
-27.300258,23,1328.825894
-259.843484,37,1328.970749
-255.94076,37,1329.122071
-238.015671,37,1329.276447
-254.192852,37,1329.422862
-265.753687,37,1329.573518
-257.888204,37,1329.718719
-255.332674,37,1339.510417
-253.02162,37,1339.713203
-183.931167,33,1339.855182
-260.778041,37,1340.001629
-233.10398,35,1340.136353
-254.496335,37,1340.285925
-36.07643,23,1340.375448
-243.13537,37,1340.52431
-246.20591,37,1340.67327
-706.392057,101,1341.074385
-259.431102,37,1341.221864
-235.025424,37,1341.369706
-276.84218,37,1341.516193
-231.427065,35,1341.657182
-257.74822,37,1341.8027
-266.360394,37,1341.942785
-315.796312,48,1342.130392
-240.365344,37,1342.277017
-226.858453,35,1342.41598
-250.803937,37,1342.56019
-216.588618,33,1342.692334
-245.218736,37,1342.841989
-248.34444,37,1342.996666
-241.438736,37,1343.142441
-80.826102,30,1343.260688
-251.451876,37,1343.41372
-128.053955,22,1343.505352
-250.976296,37,1343.656829
-262.608469,37,1343.809898
-216.928506,34,1343.951102
-259.426214,37,1344.096431
-246.799553,37,1344.249344
-269.933839,37,1344.400299
-174.959709,42,1344.564224
-265.07518,37,1344.709725
-248.321004,37,1344.852821
-263.991672,37,1344.997129
-242.579518,37,1345.149605
-140.392838,37,1345.29587
-163.446199,27,1345.403965
-241.126727,37,1345.558114
-260.174953,37,1345.703956
-243.144012,37,1345.848296
-242.8621,37,1346.002289
-370.480105,55,1346.221592
-186.635755,29,1346.334743
-238.888416,37,1346.48478
-279.114029,37,1346.629873
-171.451209,29,1346.742637
-58.921875,27,1346.849826
-261.34934,37,1347.005532
101.260539,32,1347.136321
-241.763174,37,1347.289326
-58.85855,28,1347.403571
-57.917346,26,1347.508515
-238.912128,37,1347.653674
-242.426265,37,1354.116634
-271.271852,37,1354.319898
-450.015894,74,1354.623851
-255.622263,37,1354.776167
-260.032695,40,1354.93338
-250.867138,37,1355.076199
-226.686693,34,1355.205238
63.163863,24,1355.303887
-239.291955,37,1355.449236
-245.454546,37,1355.598248
-280.088097,37,1355.744748
-199.702364,48,1355.937714
-260.844778,37,1356.0803
-241.408803,37,1356.344526
-251.235829,37,1356.495785
-253.260279,40,1356.662443
-243.11229,37,1356.81563
-262.098053,37,1356.958884
-252.762466,37,1357.103705
-243.071117,37,1357.247309
-63.124842,27,1357.356663
-36.159582,23,1357.449625
-252.606895,37,1357.594085
-269.62164,37,1357.743132
-265.461075,37,1357.890886
-270.800154,37,1358.035334
-260.463493,37,1358.187317
-239.235105,37,1358.334722
-259.777675,37,1358.478981
-279.183467,37,1358.625866
-264.069639,37,1358.780346
-269.760417,37,1358.933535
-269.153356,37,1359.081924
-235.423614,37,1359.236429
-244.94207,37,1359.390146
-261.654349,37,1359.535844
-139.211644,25,1359.636755
-257.461541,37,1359.782273
180.930208,22,1359.873972
-259.843101,37,1360.027204
-246.235577,37,1360.172327
-235.614516,37,1360.323457
-205.049056,33,1360.454731
-254.964082,37,1360.598916
-246.14996,37,1360.743312
-246.937265,37,1360.885819
-261.907759,37,1361.03361
-252.999247,37,1361.181894
-245.683311,37,1361.32741
-258.462304,37,1361.472333
-247.586153,37,1361.616993
-128.479264,36,1361.788637
-259.520146,37,1362.012618
-256.047444,37,1362.285889
-144.277803,37,1362.583048
-230.516844,35,1362.836175
-241.02315,37,1371.415365
-253.66835,37,1371.596913
-239.583629,37,1371.744925
-35.842287,24,1371.84064
-240.151313,37,1371.984839
-276.514495,37,1372.13502
-248.402994,37,1372.283929
-251.768237,37,1372.427312
-122.701743,35,1372.567481
-231.67008,36,1372.716549
-242.921335,37,1372.870692
-241.631982,37,1373.015375
-244.917853,37,1373.164559
-260.757477,37,1373.312803
-265.617712,37,1373.464974
-463.699723,101,1373.868609
-275.625644,37,1374.015878
-253.149968,37,1374.162755
-254.923872,37,1374.314462
-189.14161,32,1374.436587
-263.250266,37,1374.657311
-275.540068,37,1374.808301
67.530384,23,1374.903787
-263.159324,37,1375.055061
-232.92735,34,1375.193587
-244.584889,37,1375.342883
-190.783196,30,1375.461626
-135.845381,23,1375.554244
-200.780856,32,1375.682453
-235.588519,37,1375.832148
-242.407305,37,1375.982981
-266.038649,41,1376.148205
-236.944497,37,1376.292483
-298.989656,45,1376.466918
-62.275943,27,1376.576698
-250.617671,38,1376.723522
32.071022,27,1376.833566
-257.988412,37,1376.988487
-255.994754,37,1377.135413
-244.886688,37,1377.284217
-260.272963,37,1377.426036
-132.776501,35,1377.56918
-226.381892,35,1377.710315
-258.494368,37,1377.854883
-274.27366,37,1378.110955
-252.563,37,1378.259143
-264.830267,37,1378.404391
-240.349498,37,1378.552516
-198.710538,30,1378.678902
-253.98869,37,1378.823257
-238.749245,37,1378.974121
-267.927057,37,1379.121237
-247.811716,37,1379.269033
-265.276006,37,1379.413773
-255.407854,37,1379.567522
-256.334979,37,1379.712766
-148.27424,24,1387.880898
-44.166276,26,1388.024988
-199.521113,33,1388.160457
-234.16447,37,1388.306835
-274.087116,37,1388.458198
-255.263283,37,1388.612146
-234.119351,35,1388.765972
-253.71046,37,1388.915485
-245.798504,37,1389.062165
-242.732609,37,1389.20504
-157.954458,27,1389.314789
-238.909739,37,1389.461739
-272.802721,37,1389.61154
-100.579913,36,1389.752733
-247.908803,37,1389.897365
-261.732699,37,1390.039116
-11.187276,18,1390.112154
-263.347687,37,1390.256993
-251.230712,37,1390.413756
-222.275498,37,1390.562292
-225.541125,35,1390.702959
-151.159546,26,1390.808026
69.200792,75,1391.106296
-241.215988,37,1391.261269
-203.437811,32,1391.38857
-217.707175,34,1391.5264
-243.06378,36,1391.671131
-235.650059,37,1391.819396
-245.341309,37,1391.965251
-283.968766,37,1392.118015
-225.7259,35,1392.253898
-242.888548,37,1392.405454
-248.285994,37,1392.552353
-250.746283,37,1392.692949
-239.088664,37,1392.846945
-253.03326,37,1392.995797
-254.800814,37,1393.141202
-234.393136,37,1393.284904
-272.677397,44,1393.462592
-129.448432,50,1393.669595
-244.138645,37,1393.822646
-262.284454,37,1393.971324
-239.143645,36,1394.109555
-127.862825,36,1394.253273
-240.567372,37,1394.404587
-272.384909,37,1394.553743
-243.179087,37,1394.70017
-244.720132,37,1394.850086
-251.258213,37,1394.998181
-251.683794,37,1395.148373
-248.006571,37,1395.293991
-247.91516,37,1395.438174
-247.242255,37,1395.583127
-251.336172,37,1395.737338
-290.609603,45,1395.928449
-242.010911,37,1396.075538
-260.700366,37,1948.493452
-242.31022,37,1948.757727
-263.852481,37,1949.107757
-229.398909,36,1949.407309
-247.92777,37,1949.867742
-87.727546,31,1950.766975
-243.151552,37,1951.283283
-241.717022,37,1951.52171
-238.512728,37,1951.750729
-320.537789,69,1952.267391
-18.683713,21,1952.486651
-134.530188,37,1953.135088
-242.02955,37,1953.474861
-267.07466,37,1953.769929
-248.220274,37,1954.155705
-263.044125,37,1954.497569
-245.64558,37,1954.749062
-225.048065,35,1955.402928
-71.762307,26,1955.676882
-261.703351,37,1955.923232
-83.623395,31,1956.079062
-272.493596,37,1956.2536
-262.528835,40,1956.433247
-233.451711,37,1956.600468
-48.773049,25,1956.699378
-245.727518,37,1956.858135
-241.060857,37,1957.010685
-272.309725,37,1957.197062
-258.570502,37,1957.37897
-240.896462,37,1957.539734
-242.750291,37,1957.704874
-264.658073,37,1957.868489
-234.156018,37,1958.02951
-245.141963,37,1958.203477
-237.844415,38,1958.399391
-242.317404,37,1958.553285
-279.051088,37,1958.718842
-258.647364,37,1958.878082
-234.195153,37,1959.078356
-264.226968,37,1959.267387
-249.781394,37,1959.50197
-259.755946,37,1959.718409
-265.357801,37,1959.952811
-251.888647,37,1960.149194
-258.058249,41,1960.368906
-243.044189,37,1960.581367
-240.362237,37,1960.847913
-246.906159,37,1961.100705
-257.395646,37,1961.618009
-259.569118,37,1962.095926
-137.786427,23,1962.456259
-240.024357,37,1962.92645
-276.085403,37,1963.428685
-239.355942,37,1963.889563
-258.516127,37,1964.45523
-250.493474,37,1965.043498
-143.856774,36,1984.583593
-257.345827,37,1984.769254
-263.035036,37,1984.957834
-249.235973,37,1985.167756
-238.276652,37,1985.367144
-274.482874,37,1985.551942
-233.429726,37,1985.743337
-209.034261,33,1985.895575
-248.786048,37,1986.072238
-238.926117,37,1986.245373
-252.755751,37,1986.419609
-270.844241,37,1986.586088
-176.359321,28,1986.712197
-238.812131,37,1986.876278
-260.206818,37,1987.051986
-186.600563,39,1987.233198
-241.223072,37,1987.402448
-250.704577,37,1987.574966
-246.965988,37,1987.742031
-163.02613,27,1987.864165
14.686161,31,1988.003773
-278.893482,37,1988.174384
-248.670604,37,1988.340355
-140.740584,23,1988.441784
-248.206275,37,1988.60628
-253.694843,37,1988.771071
-245.219429,37,1988.938422
-34.935973,23,1989.040681
-221.910584,35,1989.21017
64.748952,35,1989.382613
-256.405862,37,1989.556389
-260.276034,37,1989.725813
-259.150439,37,1989.921368
-251.679253,37,1990.098117
-239.407158,37,1990.294984
-249.046682,37,1990.486075
-16.310787,33,1990.648754
-262.176299,37,1990.842739
-252.18536,37,1991.041385
-256.686155,37,1991.243703
-137.92951,38,1991.500862
-267.728169,37,1991.727422
-243.044807,37,1991.998403
-265.310981,37,1992.313191
-243.668568,37,1992.6168
-225.713847,35,1992.821169
-233.240179,37,1992.988078
-235.461726,37,1993.147924
-236.95279,37,1993.456821
-54.430843,28,1993.606952
-251.509014,37,1993.768207
-248.691709,37,1993.950211
-239.811105,37,1994.18102
-258.603727,37,1994.349807
-241.577535,37,1994.525988
-192.051729,31,1994.672308
-263.315607,37,1994.851928
-254.838769,37,2012.364836
-241.7575,37,2012.57605
-236.767547,37,2012.742824
-251.662853,37,2012.90131
-258.47392,37,2013.060436
-278.293949,37,2013.267536
-106.616449,37,2013.426879
-266.398638,37,2013.602441
-31.465699,22,2013.702283
-242.620582,38,2013.889266
-276.329426,37,2014.059612
-263.953035,37,2014.215566
-241.20207,37,2014.391126
-278.013426,37,2014.545616
-502.004221,75,2014.885264
-127.470652,22,2014.975321
-175.443414,29,2015.103122
-261.732629,37,2015.257836
-127.853435,21,2015.345748
-237.476631,37,2015.50058
-253.501648,37,2015.656169
-272.03377,37,2015.812721
-262.616939,37,2015.985917
-237.370513,37,2016.142401
-249.368453,37,2016.303738
-257.734461,37,2016.468213
-255.760342,37,2016.639237
-274.74704,37,2016.794962
-253.955126,37,2016.955874
-35.473329,24,2017.053028
-241.382219,37,2017.216173
-230.412137,37,2017.363083
-241.441639,37,2017.515436
104.028439,60,2017.780136
-32.965459,23,2017.889566
-190.988693,30,2018.033938
-252.551222,37,2018.19706
-234.976506,37,2018.361376
-241.899256,37,2018.527127
-263.024928,37,2018.690504
-244.33363,37,2018.852601
-248.344074,37,2019.009679
-246.444448,37,2019.159426
-255.966083,37,2019.318662
-33.837451,22,2019.409264
-256.430101,37,2019.575343
-244.680872,37,2019.736927
-245.924155,37,2019.906081
-246.586265,37,2020.065275
-289.847432,42,2020.241449
-251.217273,37,2020.407229
-249.597471,37,2020.569809
-244.446069,37,2020.72494
-164.459822,39,2020.895779
-191.055763,34,2021.058246
-249.76451,37,2021.265155
-228.355891,35,2021.461903
-238.048207,37,2032.975714
-255.706303,37,2033.272346
-112.648936,33,2033.475431
-256.245298,37,2033.815275
-257.304085,37,2034.344809
-128.756809,36,2034.542688
-241.081124,37,2034.701826
-261.581419,37,2034.879307
-261.863422,37,2035.054504
-280.848631,37,2035.216165
-257.041422,37,2035.366908
-31.257761,21,2035.452442
-236.910158,37,2035.608619
-241.865565,37,2035.764977
-246.824954,37,2035.985187
-41.186121,47,2036.328325
-260.140182,37,2036.544137
-172.32919,27,2036.661793
-244.824125,37,2036.823831
-267.114468,37,2036.989774
-255.303152,37,2037.290394
-269.675551,37,2037.454971
-237.876208,37,2037.626612
-239.473427,37,2037.788597
-243.669889,37,2037.954304
-236.998182,37,2038.116403
-166.259221,60,2038.374486
-258.305101,37,2038.539382
-259.18869,37,2038.691492
-254.183307,37,2038.849008
-131.883762,37,2039.029488
-140.619461,37,2039.199537
-235.162245,37,2039.357278
-254.529858,37,2039.523411
-245.889602,37,2039.685947
-249.41023,37,2039.845711
-256.263788,37,2040.009345
-133.183726,36,2040.166094
-247.839036,37,2040.319079
-249.365444,37,2040.473754
-248.956299,37,2040.627844
-246.583275,37,2040.783127
-154.965653,37,2040.954943
-257.240034,37,2041.134845
-245.040063,37,2041.322029
-239.821359,37,2041.578891
-240.14571,37,2041.78868
-249.661795,37,2041.966988
-243.339516,37,2042.120564
-238.219448,37,2042.287559
-188.514154,30,2042.429768
-249.778171,37,2042.595298
-257.118261,37,2042.804204
-240.608685,37,2043.069731
-240.963104,37,2043.965396
-246.20888,37,2064.632114
-249.49258,37,2064.982392
-137.020489,23,2065.295161
-252.074725,37,2065.712778
-250.048172,37,2065.925391
-288.572167,37,2066.105655
-22.639555,20,2066.205475
-272.521409,37,2066.370522
-252.657161,37,2066.529297
-257.119017,37,2066.688616
-268.067286,37,2066.841619
-262.775769,37,2066.991535
-148.587414,23,2067.087552
-171.868212,28,2067.199555
-252.338798,37,2067.354241
-246.478938,37,2067.508423
-264.339096,37,2067.651631
-249.943117,37,2067.806413
-280.602488,37,2067.980479
-62.717769,28,2068.097144
-261.842654,37,2068.261936
-201.683329,33,2068.404932
-238.044508,37,2068.571147
-246.867072,37,2068.758762
-238.995209,37,2068.915559
-269.428135,37,2069.081597
-250.123406,37,2069.252838
-258.39566,37,2069.414152
-244.005118,37,2069.574952
-250.462819,37,2069.730727
-241.374878,37,2069.895265
-267.135404,37,2070.043674
-254.91284,37,2070.207261
-136.793764,23,2070.313016
-240.356039,37,2070.46378
-262.402394,37,2070.6179
-243.065493,37,2070.773981
-256.263056,37,2070.935132
-264.132743,37,2071.092287
-267.094217,37,2071.250446
-252.01941,37,2071.404788
-247.526307,37,2071.549905
-157.46453,25,2071.653566
-280.188817,37,2071.803718
-243.598641,37,2071.961876
-240.843417,37,2072.115813
-243.464925,37,2072.267312
-251.241925,37,2072.417432
-226.984486,34,2072.555775
-72.139756,28,2072.667609
-256.726063,37,2072.819332
-191.687958,30,2072.945586
-276.549352,37,2073.22608
-250.770613,37,2073.3888
-258.84803,37,2073.529787
-263.516853,37,2073.679449
-267.308797,37,2073.853123
-136.267185,23,2073.951562
-270.39528,37,2074.116594
-254.745475,37,2083.876672
-24.52537,35,2084.314331
-240.801491,37,2084.699415
-241.84006,37,2084.912507
-269.539389,37,2085.09774
-378.721238,61,2085.405779
-255.069972,37,2085.56115
-277.732081,43,2085.743738
-248.269973,37,2085.897776
-22.843474,21,2085.990803
-240.017603,37,2086.15
-262.592011,37,2086.310929
-240.203739,37,2086.479492
-269.113538,37,2086.636735
-256.067759,37,2086.78892
-262.954784,37,2086.941242
-241.096977,37,2087.087871
-257.149077,37,2087.234043
-247.985951,37,2087.383537
-266.525722,37,2087.537652
-248.381898,37,2087.679413
-266.167336,37,2087.829951
-249.992974,37,2087.98467
-286.483639,43,2088.151882
-240.417863,37,2088.316636
-233.832389,37,2088.465391
-84.241145,43,2088.637224
-164.896621,28,2088.753318
-268.565715,37,2088.905238
-240.130682,37,2089.055661
-267.472798,37,2089.206537
-242.839301,37,2089.453983
-259.916764,37,2089.619883
-263.630321,37,2089.787936
-222.964744,35,2089.946919
-243.988242,37,2090.097679
-243.1433,37,2090.243354
-239.950618,37,2090.396307
-258.693312,37,2090.543237
-252.444547,37,2090.698858
-170.951873,27,2090.80876
-157.898737,27,2090.915762
-266.789333,37,2091.062037
-245.965464,37,2091.212428
-311.52042,46,2091.393032
-239.486495,37,2091.54507
-253.606631,37,2091.693917
-264.030226,37,2091.846806
-268.5312,37,2092.001189
-303.732281,46,2092.193197
-260.581124,37,2092.338208
-244.508098,37,2092.589602
-171.471145,27,2093.046367
-91.608812,30,2093.249731
-242.943607,37,2093.423451
-260.101453,37,2100.691294
-254.770938,37,2100.912861
-246.981942,37,2101.081637
-254.087115,37,2101.231577
-253.932305,37,2101.382705
-249.04101,37,2101.533121
-234.749922,37,2101.688684
-264.221191,37,2101.830207
-239.522173,37,2101.985658
-159.816642,26,2102.092491
-255.991673,37,2102.246807
-270.599941,37,2102.394068
-261.022005,37,2102.550306
-323.581335,54,2102.769369
-286.138355,37,2102.928526
-246.353274,37,2103.078004
-238.549523,37,2103.230129
-244.14213,37,2103.383087
-252.783162,37,2103.863505
-261.854795,37,2104.061438
-250.733707,37,2104.216961
-240.838283,37,2104.375612
-255.298289,37,2104.525329
-272.577409,37,2104.820404
25.526392,29,2104.980497
-254.14072,37,2105.13656
-248.10766,37,2105.300622
-241.216545,37,2105.456103
-243.418771,37,2105.61425
-221.470831,33,2105.75619
-250.459881,37,2105.910544
-269.745296,37,2106.074395
-285.672806,37,2106.221411
-255.120847,37,2106.369846
-245.579677,39,2106.530937
-246.147438,37,2106.690889
-239.951528,37,2106.839999
-263.225975,37,2106.992651
-271.403446,37,2107.143475
-274.625209,37,2107.295308
-263.42397,37,2107.44984
-311.96266,46,2107.644971
-250.449985,37,2107.887309
-253.592643,37,2108.048043
-261.835538,37,2108.206864
-236.460568,36,2108.354852
-256.341813,37,2108.512607
-232.25573,37,2108.665979
-242.854523,37,2108.820681
-231.93809,35,2108.963763
-247.334792,37,2109.116817
-252.465945,37,2109.265473
-186.440249,30,2109.389502
-262.216478,37,2109.550803
-242.289201,37,2109.714919
-257.421694,37,2109.879647
-249.232149,37,2125.818236
-301.778131,47,2126.359549
-236.723127,37,2126.555504
-254.15898,37,2126.715304
-251.38196,37,2126.871983
-273.276319,37,2127.039295
-180.247999,29,2127.168917
-124.782415,35,2127.346339
-273.09993,37,2127.504455
-242.445714,37,2127.660956
-265.672447,37,2127.815333
-191.197913,32,2127.964915
-246.376474,37,2128.132262
-50.068109,27,2128.245471
-249.494486,37,2128.404022
-118.590983,19,2128.482103
-245.984279,37,2128.636434
-285.152782,55,2128.891193
-248.056565,37,2129.054343
-94.60391,31,2129.1886
-236.280189,36,2129.335762
-270.217317,37,2129.499737
-254.90473,37,2129.647465
-261.060118,37,2129.802067
-225.826353,36,2129.958118
-263.843011,37,2130.112508
-254.624037,37,2130.265681
-30.406656,21,2130.356587
156.096008,31,2130.48897
-266.841609,37,2130.672712
-258.792441,37,2130.818956
-262.983432,37,2130.970534
-270.22037,37,2131.123201
-260.728667,37,2131.290768
-237.586554,37,2131.443938
-240.494298,37,2131.601348
-13.856763,20,2131.690352
-255.079911,37,2131.852346
-266.721753,37,2132.003517
-258.114542,37,2132.149278
-258.298349,37,2132.295838
-260.123132,37,2132.442355
-249.98354,37,2132.592307
-244.113122,37,2132.744618
-262.526903,37,2132.89788
-234.539971,37,2133.044824
-257.362202,37,2133.200911
-227.320763,37,2133.348833
-267.074237,37,2133.491717
-181.939666,29,2133.613034
-243.698141,37,2133.760301
-244.520445,37,2133.905988
-235.176504,37,2134.056712
-246.209589,37,2134.208818
-42.778664,27,2134.464334
-244.31711,37,2134.623093
-261.31195,37,2134.770213
-244.576016,37,2142.788398
-199.685338,32,2143.017622
-243.679662,37,2143.216425
-267.8967,37,2143.375746
-214.632785,34,2143.515862
-240.661241,37,2143.671247
-277.92754,37,2143.824873
-245.756515,37,2143.9759
-218.770025,36,2144.434633
-263.421889,37,2144.631285
-259.672525,37,2144.795888
-267.272233,37,2145.012408
-250.86849,39,2145.179468
-243.891384,37,2145.348176
-261.388006,37,2145.498143
-237.232185,37,2145.650871
-242.647415,37,2145.811831
-259.128823,37,2145.97015
184.236224,22,2146.062103
-242.106015,37,2146.240131
-231.729196,37,2146.396302
-250.797644,37,2146.567746
-242.217927,37,2146.730697
-256.521834,37,2146.891279
-252.41535,37,2147.047923
-66.389458,27,2147.162266
-237.487669,37,2147.315041
-255.281787,37,2147.474522
-216.027984,34,2147.621482
-257.397092,37,2147.77984
-258.086578,37,2147.933699
-270.655038,37,2148.093245
-268.306005,37,2148.251106
-251.221645,37,2148.406004
-254.793593,37,2148.558028
-250.133331,37,2148.708809
-268.934201,37,2148.860396
-237.284899,37,2149.017764
-124.534806,20,2149.102654
4.77721,37,2149.253963
-245.155158,37,2149.410107
100.401486,32,2149.549178
-263.031687,40,2149.71678
-241.332991,37,2149.876055
-251.812078,37,2150.038493
-260.92986,37,2150.197483
-253.482925,37,2150.354972
-231.543629,37,2150.509957
-243.646591,37,2150.660851
-254.432301,37,2150.809403
-239.021061,37,2150.955077
-258.594359,37,2151.099055
-248.851093,37,2151.245133
-238.076959,37,2151.393705
-199.972354,33,2151.522184
-263.706574,37,2151.675026
-247.378799,37,2151.825443
-246.107517,37,2159.047389
-248.756778,37,2159.257056
-260.603968,37,2159.418983
-239.392625,37,2159.579666
-250.8455,37,2159.736721
-257.778987,37,2159.890316
-257.820807,37,2160.051844
-241.224302,37,2160.207897
-260.606011,37,2160.359473
-244.205398,37,2160.511273
-245.288165,37,2160.659643
-217.807593,33,2160.797384
-240.517148,37,2160.950641
-249.511268,37,2161.099939
-203.325541,34,2161.238096
-244.710535,37,2161.387612
-241.310015,37,2161.589597
-252.906553,37,2161.760059
-137.325285,23,2161.854532
-243.920787,37,2162.000796
-256.24167,37,2162.153311
-238.183542,36,2162.291954
-266.089048,37,2162.441884
-267.450312,37,2162.670366
-219.023557,33,2162.80249
-243.512111,37,2162.954146
-261.576656,37,2163.103303
-263.973298,37,2163.721391
-249.640627,37,2163.888842
-259.732771,37,2164.049445
-261.723904,37,2164.201892
-242.430164,37,2164.361354
-246.770761,37,2164.520614
-244.136626,37,2164.676351
-253.040922,37,2164.835896
-242.607875,37,2164.999177
-249.592049,37,2165.164731
-234.017855,37,2165.318521
-246.852605,37,2165.479442
-284.449581,37,2165.626125
-247.444393,37,2165.783063
-260.386665,37,2165.942435
-140.072782,24,2166.048154
-348.403386,82,2166.373514
-242.401208,37,2166.52648
-273.662771,37,2166.685407
-113.291034,20,2166.773245
-43.230783,25,2166.882088
-272.463819,37,2167.039259
-262.426426,37,2167.196796
-65.132217,27,2167.317795
-232.751543,37,2167.472805
-241.575173,37,2167.619469
-259.18434,37,2167.770525
-262.938068,37,2167.923645
-279.282747,37,2168.082783
-238.374883,37,2168.237124
-261.059348,37,2179.375775
-246.754118,37,2179.584873
-261.188696,37,2179.737507
-246.003946,39,2179.901251
-75.076937,28,2180.04178
-240.292397,37,2180.197749
-66.528602,29,2180.318239
-144.173062,23,2180.413676
-276.278075,37,2180.571929
-240.796998,37,2180.72533
-293.556674,37,2180.873438
-242.158782,37,2181.025553
-242.855381,37,2181.180145
-251.836024,37,2181.330976
-239.373681,37,2181.482333
-236.76432,37,2181.633875
-251.474014,37,2181.782703
-243.17051,37,2181.934518
-261.839685,37,2182.084767
-153.822075,24,2182.182868
30.86228,28,2182.29884
-343.012421,55,2183.201801
-271.558935,37,2183.68088
-243.282924,37,2183.876926
-264.563073,37,2184.049339
-249.095944,37,2184.21463
-241.969083,37,2184.363334
-255.291649,37,2184.515887
-195.657103,31,2184.643819
-239.856957,37,2184.80423
-264.009343,37,2184.967166
-249.44207,37,2185.127451
-240.782014,37,2185.297554
-264.081918,37,2185.456226
-246.457038,37,2185.604145
-254.31715,37,2185.758965
-262.2479,37,2185.91596
-237.568675,37,2186.07597
-245.757459,37,2186.228224
-237.98169,37,2186.378896
-238.237938,37,2186.529803
-250.983367,37,2186.684875
-134.720545,22,2186.774233
-248.036504,37,2186.936264
-251.160695,37,2187.09305
-297.239059,45,2187.277513
-275.172351,37,2187.425914
-135.820139,37,2187.579934
-255.235123,37,2187.729666
-221.111606,35,2187.875778
-252.551982,37,2188.037366
-264.572462,37,2188.192875
-241.04225,37,2188.350816
-209.92312,32,2188.488813
-252.522172,37,2188.639276
-231.756371,35,2188.781411
-248.050137,37,2195.820191
-193.083062,30,2196.072119
-240.95611,37,2196.322892
-250.768525,37,2196.594656
-263.805995,37,2196.909022
-251.315475,37,2197.221837
-259.779669,37,2197.533741
-247.257799,37,2197.738593
-255.893336,37,2197.936257
-120.351523,35,2198.092689
-203.509241,33,2198.231955
-236.007031,37,2198.389601
-264.984263,37,2198.545055
-261.788013,37,2198.707165
-245.104559,37,2198.86085
-179.00415,71,2199.16063
-246.535502,37,2199.305207
-248.47664,37,2199.462732
-240.738418,37,2199.612659
-238.205962,37,2199.76719
-245.838726,37,2199.921121
-215.774804,34,2200.065925
-271.671449,37,2200.21538
-241.324208,37,2200.375489
-295.656014,37,2200.520824
-248.536372,37,2200.665193
-97.918027,31,2200.788145
-243.86966,37,2200.941941
-234.09915,37,2201.472729
-272.745076,37,2201.657927
-253.055513,37,2201.819128
-168.279701,29,2201.93848
-161.917992,28,2202.056043
-110.709875,33,2202.187084
-211.260548,32,2202.31804
-253.720268,37,2202.473067
-245.680421,37,2202.626597
-243.022562,37,2202.819242
-602.023734,101,2203.238432
-217.612302,33,2203.380595
-240.646982,37,2203.542756
-238.062614,37,2203.708988
-262.132206,37,2203.864462
-243.921951,37,2204.01982
-258.706348,37,2204.183792
-143.707791,37,2204.385324
-251.175674,37,2204.572314
-274.035135,37,2204.733709
336.859563,27,2204.843871
-133.59162,23,2204.938732
-264.214458,37,2205.101626
-261.41502,37,2205.259133
-255.600361,37,2205.410984
-249.332397,37,2205.571927
-254.312159,38,2205.732948
-156.699846,39,2212.219351
-240.276495,37,2212.43891
-264.347312,37,2212.598352
-259.069628,37,2212.745638
-273.559981,37,2212.895744
-257.655259,37,2213.259335
9.195802,31,2213.513475
-262.777651,37,2213.682514
-587.351592,101,2214.115835
-487.608627,74,2214.442077
-245.568012,37,2214.591163
118.902651,29,2214.713462
-246.494527,37,2214.874945
-142.324724,37,2215.041985
-269.00063,37,2215.193319
-258.830023,37,2215.345206
-268.085728,37,2215.506624
-223.942807,35,2215.651495
-266.48125,37,2215.806625
-248.085719,37,2215.982977
-247.916863,37,2216.203922
-272.517902,37,2216.378991
-237.116871,37,2216.531407
-240.746209,37,2216.682737
-211.662248,34,2216.825821
-258.394199,37,2216.971672
-163.070652,65,2217.362639
-253.889093,37,2217.61506
-252.385651,37,2217.773805
-271.822086,37,2217.931173
-85.671292,59,2218.172454
-244.585278,37,2218.333493
-177.979875,30,2218.453601
-252.63542,37,2218.60648
-240.794397,37,2218.766453
-250.591339,37,2218.920786
-198.980239,31,2219.049336
-247.295222,37,2219.206623
-245.476359,37,2219.35869
-265.644102,37,2219.628319
-240.36494,37,2220.049511
-263.610427,37,2220.214665
-240.147197,37,2220.36272
-116.594764,35,2220.50919
-251.299368,37,2220.664562
-263.165401,37,2220.813296
-250.696536,37,2220.958944
-243.430669,37,2221.102208
-70.29231,28,2221.218934
-254.0183,37,2221.370526
-236.121124,37,2221.519033
-130.826848,22,2221.613133
-255.977137,37,2221.757853
-244.244992,37,2230.889589
-259.702063,37,2231.090181
-238.960764,37,2231.237985
-245.639773,37,2231.393052
-260.732823,37,2231.548765
-249.068294,37,2231.704123
-233.515404,37,2231.86201
-152.638593,41,2232.034264
-260.18446,37,2232.186693
-266.501482,37,2232.339774
-260.810744,37,2232.494174
-237.705475,37,2232.643728
-253.52023,37,2232.802434
-259.454603,37,2232.958764
-244.100133,37,2233.115993
-270.946414,37,2233.270485
-152.351639,25,2233.373124
-264.773501,37,2233.524001
-260.611307,37,2233.680094
-39.994778,25,2233.787649
-258.089122,37,2233.978357
-254.892058,37,2234.138157
-255.075153,37,2234.293381
-258.779562,37,2234.444363
-446.800671,63,2234.708779
-215.374647,38,2234.861547
-240.073188,37,2235.037548
-243.632988,37,2235.18414
-241.371856,37,2235.33576
-251.755622,37,2235.487443
-247.52821,37,2235.641629
-44.621861,25,2235.736573
-260.163829,37,2235.884171
-287.092296,43,2236.064125
-255.805647,37,2236.212489
-265.62021,37,2236.360739
-264.178377,37,2236.510404
-252.65162,37,2236.668599
-253.635099,40,2236.835881
-114.071184,34,2236.974206
-255.378987,37,2237.154083
-183.950151,30,2237.282641
-747.137079,101,2237.710989
-257.017943,37,2237.87019
-276.371836,37,2238.027593
-244.676035,37,2238.176085
-238.508446,37,2238.328705
-154.25758,25,2238.430073
-255.209371,37,2238.588638
-257.572881,37,2238.743493
-264.583631,37,2238.896732
70.358671,37,2239.047604
-242.373027,37,2239.197696
-239.283523,37,2239.624986
-277.446437,37,2247.835852
-255.707302,37,2248.033326
-229.998755,37,2248.3387
-195.236736,30,2248.462183
-251.708524,37,2248.626306
-238.041961,37,2248.77397
-222.428875,35,2248.92954
-252.321833,37,2249.0816
-249.267211,37,2249.2396
-48.428379,24,2249.349539
-271.868318,37,2249.505812
-257.649981,37,2249.658448
-229.80183,98,2250.072471
-260.316663,37,2250.229209
-338.196008,50,2250.437883
-191.900131,29,2250.55246
-258.679517,37,2250.711296
-260.299496,37,2250.86167
-236.649472,37,2251.010823
-232.797689,37,2251.167321
-249.595924,37,2251.328574
-246.095063,37,2251.488227
-239.369954,37,2251.640996
-280.739181,37,2251.795932
-249.660112,37,2251.950426
-252.195059,37,2252.101961
-240.190905,37,2252.254389
-262.861796,37,2252.409414
-255.68535,37,2252.560765
-252.62056,37,2252.719209
-247.792686,37,2252.86808
-228.18034,36,2253.017838
-239.804007,37,2253.166486
-448.386214,64,2253.424877
19.10819,29,2253.547371
-251.762744,37,2253.716177
-238.693959,36,2253.861047
-237.005453,37,2254.06105
-258.893089,37,2254.26866
-262.517604,39,2254.671369
-251.990846,37,2254.941374
-244.379766,37,2255.243565
-24.447813,41,2255.552522
-280.465019,37,2255.886753
-240.881017,37,2256.113521
-204.10113,32,2256.289724
-258.614882,37,2256.527583
-264.019334,37,2256.718437
-255.392444,37,2256.882023
-244.281541,37,2257.037657
-236.243008,37,2257.194477
-244.615694,37,2257.341679
-261.365229,37,2257.500834
-138.630002,23,2257.587276
-259.40903,50,2264.675559
-264.102677,37,2264.86057
-252.5424,37,2265.032035
-272.112158,37,2265.185157
-214.446006,33,2265.321013
-132.475574,36,2265.471608
-219.620927,34,2265.622344
-268.303566,37,2265.794472
-134.469996,35,2265.951892
-263.29151,37,2266.104649
-237.8603,37,2266.263091
-253.213996,37,2266.4252
-33.540155,24,2266.523427
-249.522249,37,2266.672637
-302.399611,47,2266.877188
-136.501012,23,2266.977043
-248.123915,37,2267.131717
-254.975818,37,2267.289008
-258.357502,37,2267.454098
-246.405711,37,2267.609279
-243.308192,37,2267.772777
-247.253487,37,2268.309687
-205.585346,35,2268.555296
-258.243184,37,2268.730197
-289.333822,45,2268.916836
-243.178411,37,2269.073637
-236.667863,37,2269.229966
-247.233125,37,2269.392822
-138.611362,25,2269.494502
-260.332203,37,2269.644325
-246.808083,37,2269.800139
-138.039397,37,2269.956341
-238.178385,37,2270.293886
-242.617183,37,2270.45267
-256.475375,37,2270.610577
-236.507387,37,2270.786035
-278.355748,37,2270.942562
-261.069378,37,2271.111056
-231.543591,35,2271.263483
-239.003479,37,2271.439508
-89.215482,48,2271.637358
-260.817549,37,2271.794219
-244.355473,37,2271.946381
-250.143997,37,2272.097565
-267.536259,37,2272.266714
-238.525558,37,2272.431297
-254.830606,37,2272.588189
-249.411045,37,2272.740816
-353.328115,55,2272.966414
164.57427,37,2273.15341
-272.541436,37,2273.611235
-263.96687,37,2273.773329
-245.116998,37,2273.940498
-173.912392,27,2274.063902
-263.752394,37,2274.216582
-260.254658,37,2274.373963
-247.104273,38,2282.883845
-241.027396,37,2283.042237
-385.327145,61,2283.305104
-301.810051,45,2283.518731
-252.850261,37,2283.681341
-139.164123,37,2283.839127
-265.006419,37,2283.995748
-252.646563,37,2284.156197
-243.553397,37,2284.302542
-223.507739,34,2284.453624
-248.860174,40,2284.624303
-279.173009,37,2284.780194
-236.170264,37,2284.939136
-181.134334,29,2285.063697
-263.203192,37,2285.213992
-244.218948,37,2285.372026
-264.269192,37,2285.52715
-218.229038,45,2285.718997
-164.202681,27,2285.84077
-243.743219,37,2285.993612
-164.252194,26,2286.111116
-236.396146,36,2286.275439
-134.79189,23,2286.377009
-250.835972,40,2286.892524
-254.408878,37,2287.084349
-201.108123,33,2287.23518
-248.446654,37,2287.406755
-235.60559,37,2287.569711
-264.847349,37,2287.72191
-261.580175,37,2287.869097
-244.539152,37,2288.023226
-248.32341,37,2288.180301
-263.810388,37,2288.336357
-249.075175,37,2288.489264
-195.747823,51,2288.701988
-246.519221,37,2288.859159
-250.239431,37,2289.025073
-237.826343,36,2289.166483
-239.689927,37,2289.32132
-257.954052,37,2289.469612
-242.051924,37,2289.625084
75.255717,21,2289.711106
-249.488007,37,2289.860568
-265.092706,37,2290.028667
-267.413497,37,2290.209069
-287.68171,42,2290.399351
-145.825223,25,2290.5057
-255.125052,37,2290.676316
-129.050943,37,2290.845794
-242.27635,37,2290.996212
-247.652033,37,2291.157709
-264.035996,37,2291.30945
-264.111602,37,2291.460539
25.38951,29,2291.5778
-243.488652,37,2291.725614
-261.180432,37,2299.384854
-243.95729,37,2299.603086
-135.438684,37,2299.775842
-235.596929,36,2299.922842
-167.282359,29,2300.050729
-234.780192,37,2300.211072
-240.943118,37,2300.510337
-261.287585,37,2300.678715
-52.945234,25,2300.793939
-259.565679,37,2300.952231
-258.298911,37,2301.11482
-238.69662,37,2301.285524
82.763974,35,2301.45324
-181.005672,30,2301.595411
-162.050542,27,2301.718733
-84.156683,29,2301.84141
-262.922849,37,2301.988053
-243.581162,37,2302.138097
-246.371991,37,2302.291297
-257.710054,37,2302.459106
-138.477651,22,2302.54714
-260.804438,37,2302.720359
-248.351293,37,2302.883748
-184.461804,29,2303.015559
-157.668081,40,2303.223819
-246.383241,37,2303.757784
-272.758726,37,2304.02423
-264.409595,37,2304.212188
-262.124927,37,2304.358822
-265.979249,37,2304.509226
-245.555368,37,2304.6633
-369.477913,53,2304.884433
-262.752783,37,2305.060266
-243.500457,37,2305.447093
-255.668477,37,2305.636166
-248.701927,37,2305.787475
-245.435231,37,2306.030496
-108.502811,77,2306.490158
-239.98741,37,2306.742432
-140.76717,36,2307.023793
-245.082232,37,2307.34354
-115.759536,33,2307.577147
-264.603561,37,2307.882918
-235.163324,37,2308.112954
-240.090055,37,2308.311695
-239.155852,37,2308.471415
-247.943856,37,2308.622873
-237.706946,37,2308.775483
-259.867494,37,2308.935621
-263.162715,37,2309.09454
-239.112191,37,2309.246195
-238.087063,37,2309.412581
-247.789438,37,2309.584175
-263.357568,37,2309.736975
-117.268482,31,2309.85873
-214.212036,85,2317.083243
-327.665837,48,2317.358722
-143.430065,23,2317.45071
-139.999995,23,2317.55036
-240.370209,37,2317.695824
-251.595046,37,2317.838779
-261.112362,37,2317.992616
-256.423781,37,2318.152217
-81.35772,31,2318.282642
-201.960086,33,2318.41469
-253.832821,37,2318.573182
-229.088298,35,2318.711393
-237.489922,37,2318.865868
-243.262525,37,2319.02008
-249.512149,37,2319.177483
-239.183311,37,2319.327131
-254.489474,37,2319.484783
-245.161002,37,2319.636517
-62.775816,29,2319.759055
-37.758337,23,2319.853167
-137.242775,23,2319.942721
-241.204315,37,2320.100877
-264.621371,37,2320.250594
-172.106385,28,2320.368789
-44.282778,26,2320.479599
-238.938352,37,2320.627976
-259.692631,37,2320.77495
-266.85956,37,2320.929216
-22.282983,20,2321.006468
-372.618376,57,2321.237465
205.202394,30,2321.35839
-236.293567,37,2321.51563
-256.919015,37,2321.670906
-258.712062,37,2321.822947
-241.483602,37,2321.979879
-223.975804,34,2322.129405
-252.678535,37,2322.289114
-39.191199,37,2322.581006
-237.376651,34,2322.731711
-240.242996,37,2322.886927
-202.806512,34,2323.035848
-186.08991,44,2323.222232
-254.913929,37,2323.38371
-259.919204,37,2323.537347
-253.651783,37,2323.701957
-256.972988,37,2324.305779
-237.650271,37,2324.506884
-235.024016,37,2324.663563
-264.492582,37,2324.816124
-273.94467,42,2324.993236
-258.147298,37,2325.161231
-255.607891,37,2325.321823
-232.147107,37,2325.47776
-242.654437,37,2325.641521
-258.337977,37,2325.798146
-262.096814,37,2325.950315
-264.968532,37,2326.1026
-239.561915,37,2326.250102
-229.854869,37,2335.613974
-238.499351,37,2335.789898
-2.659306,32,2335.922405
-253.945371,37,2336.096779
-246.226571,37,2336.256001
-112.223178,19,2336.344655
-248.207979,37,2336.567581
-258.609558,37,2336.739754
-248.188003,37,2336.898453
-197.931751,33,2337.026912
-312.00271,48,2337.223875
-267.369025,38,2337.384398
-229.278853,36,2337.533345
-236.998942,37,2337.693374
-237.901588,37,2337.853802
-249.027397,37,2338.00797
-140.895321,23,2338.105081
-166.357011,41,2338.267278
-224.837891,36,2338.428068
-264.324548,37,2338.584496
-216.406387,33,2338.717188
-241.497744,37,2338.878052
-262.65261,37,2339.03135
-253.667857,37,2339.194024
-265.571812,37,2339.352785
-252.225519,37,2339.507739
-243.297435,37,2339.661956
-166.997824,26,2339.773259
-254.801316,37,2339.933418
-21.87193,20,2340.017316
-275.247857,37,2340.181252
-17.524967,34,2340.324862
-250.198164,37,2340.485552
-57.485136,28,2340.599374
-236.183579,37,2340.75188
-245.904406,37,2340.905867
-307.812887,47,2341.102926
-251.80502,37,2341.257871
-253.521579,38,2341.409721
-257.289176,37,2341.561021
-166.519249,27,2341.671464
-231.021179,37,2341.845684
-235.629338,37,2341.999221
-245.596427,37,2342.146051
-246.064042,37,2342.301763
-241.547069,37,2342.456648
-263.294586,37,2342.614003
-233.581738,37,2342.765481
-253.141109,37,2342.921923
-178.792405,44,2343.108616
-256.163629,37,2343.265178
-253.885128,37,2343.413553
-258.758115,37,2343.567387
-226.861218,36,2343.717339
-250.411411,37,2343.872862
-256.88003,37,2344.029696
-254.0821,37,2344.197752
-147.233823,27,2352.386735
-337.138184,51,2352.670519
-186.539097,44,2352.853915
-261.775753,37,2353.004876
-313.29033,43,2353.183791
-145.956749,24,2353.281214
-236.087828,37,2353.435836
-268.282474,37,2353.58765
-250.940894,37,2353.853248
-254.246242,40,2354.065698
-252.017517,37,2354.221708
-212.604468,36,2354.37401
56.396953,24,2354.477258
-217.822163,34,2354.625792
-247.368127,37,2354.779284
-254.731892,37,2354.938241
-235.91178,37,2355.100519
-239.067222,37,2355.264409
-125.148079,36,2355.432813
-254.827166,37,2355.587999
-68.45602,26,2355.689763
-261.07256,37,2355.839553
-253.90988,37,2355.986746
-253.751491,37,2356.136447
-215.000003,34,2356.281051
-259.432556,37,2356.429908
-266.985871,37,2356.58507
-196.479634,31,2356.712649
-257.692178,37,2356.87128
-246.021654,37,2357.026265
-247.13586,37,2357.188101
-249.823257,37,2357.340537
-208.290692,31,2357.467112
-237.44165,37,2357.61704
-269.115219,37,2357.775084
-270.114015,37,2357.934755
-20.354029,20,2358.021282
-253.030691,37,2358.177871
-260.264861,37,2358.332371
-237.655863,37,2358.482421
-280.294392,42,2358.657864
-61.29702,27,2358.773267
-186.705861,30,2358.898959
-259.697774,37,2359.054987
-249.992148,37,2359.238725
-248.867919,37,2359.44941
-259.031297,37,2359.691505
-136.579994,37,2360.052022
-81.451348,30,2360.39189
-265.712597,37,2360.782423
-227.999393,36,2361.041708
-258.091621,37,2361.383225
-264.315091,37,2361.641946
-168.706383,30,2361.805621
-252.563944,37,2361.976078
66.51201,22,2362.0641
-253.887832,38,2362.217837
-248.870266,37,2362.364763
-241.402493,37,2374.536225
-340.853961,49,2374.802461
-256.491188,37,2375.020908
-219.621386,33,2375.205474
-257.630557,37,2375.413832
-253.267908,37,2375.63134
-241.987566,37,2375.82548
-246.750176,37,2376.06381
-254.281453,37,2376.421811
-146.662263,25,2376.647853
-252.017498,37,2377.006175
-259.790699,38,2377.427395
-266.871942,37,2377.680161
-240.463106,37,2378.079722
-262.185654,37,2379.054628
-232.87172,37,2379.44919
-116.656085,20,2379.647356
-237.082534,43,2380.052877
-248.552195,37,2380.385996
-78.294825,32,2380.662717
-139.766246,37,2381.013776
-237.796796,37,2381.421554
-251.616502,37,2381.764261
-252.46891,37,2382.107837
-246.85434,37,2382.566565
-258.084412,37,2383.325682
-243.968486,37,2383.724993
-256.405667,37,2384.091531
-239.720131,38,2384.430488
-251.027512,37,2384.79157
-245.31808,37,2385.150546
-251.968106,37,2385.498157
-264.845111,37,2385.78869
-68.454353,50,2386.260259
-254.787918,37,2386.636499
106.077446,49,2387.118375
-264.861716,37,2387.465316
-259.433421,37,2388.082809
-261.01143,37,2388.437667
-235.197558,37,2388.76944
-240.553802,37,2389.080994
-740.157355,101,2390.021493
-275.380661,37,2390.361217
-146.176096,37,2390.707205
-307.630347,47,2391.1211
-256.972963,37,2391.451502
-261.111154,37,2391.765937
-150.939881,26,2391.977006
-245.580883,38,2392.302343
-237.990267,37,2392.598158
-18.671981,34,2392.871453
-27.103942,22,2393.051704
-254.525535,37,2393.410798
-146.828648,24,2393.844038
-249.693064,37,2415.38478
-223.841601,36,2415.650842
-250.208695,37,2415.91456
-192.953132,31,2416.143879
-249.036991,37,2416.398212
-210.594613,33,2416.634345
-251.039606,37,2416.91994
-182.498706,30,2417.142993
180.383469,22,2417.311446
-13.861327,20,2417.497436
-255.810957,37,2417.773325
-258.608869,37,2418.054213
-154.361025,37,2418.35069
-259.955658,37,2418.640842
-243.26012,37,2418.955173
-146.626774,24,2419.145945
-259.432178,37,2419.456584
-251.810402,37,2419.769977
-256.309079,37,2420.03832
-158.203373,26,2420.189181
-252.735603,37,2420.377986
-262.257198,37,2420.611787
-157.033437,25,2420.795607
-243.350024,37,2421.108598
-181.120234,29,2421.326486
-213.695069,33,2421.554861
-159.537435,27,2421.754344
-253.141457,37,2422.031008
-21.1283,20,2422.172622
-244.760941,37,2422.425734
-14.363061,20,2422.568607
-243.76856,37,2422.850636
-282.325223,42,2423.135332
-264.116275,37,2423.384213
-243.714549,37,2423.706542
-19.93149,20,2424.330526
-35.989197,23,2424.609115
-317.247349,48,2424.99224
-291.157233,57,2425.407093
-236.793457,35,2426.046247
-256.206328,37,2426.312401
-156.878996,26,2426.50208
-134.154756,23,2426.670075
-219.812437,35,2426.917442
-45.050038,25,2427.105356
-128.022467,23,2427.263905
-147.855183,26,2427.442967
-244.278909,37,2427.763655
-236.440493,37,2428.031643
-255.102349,37,2428.300679
-176.069121,42,2428.602337
-246.843409,37,2428.865559
-273.249166,37,2429.128567
-255.11579,37,2429.402425
-170.803869,26,2429.595993
-255.95386,37,2429.877111
-246.672929,37,2430.170374
-177.824108,29,2430.38849
-244.549787,37,2430.669381
-128.952257,21,2430.826529
-233.314042,36,2431.087451
-230.971291,36,2431.356426
-278.312569,43,2445.752571
-250.309501,37,2446.350934
-259.176215,37,2446.673967
-1.707993,31,2446.908825
-245.774245,37,2447.15354
-267.386392,37,2447.422069
-261.086779,37,2447.697275
-155.468693,39,2447.994991
-247.239366,37,2448.264101
-268.926927,37,2448.537638
-230.628123,37,2448.822994
-264.042582,37,2449.344279
-248.528736,37,2449.668112
-263.427589,37,2449.981172
-258.378307,37,2450.283318
-104.340827,50,2450.67138
-128.860632,22,2450.851353
-255.493277,37,2451.143015
-186.631036,30,2451.378904
-240.294906,37,2451.649089
-204.449381,33,2451.899134
-535.753176,101,2452.628609
-255.773766,37,2452.92158
-172.405915,29,2453.128507
-249.732998,37,2453.398335
-185.623661,30,2453.616001
-238.565421,36,2454.513715
-245.886301,37,2454.972552
-254.238992,37,2455.353913
-260.876658,37,2455.75747
-182.382928,30,2456.092199
-251.396632,37,2456.521224
-239.277863,37,2457.081179
-110.526979,18,2457.426768
-241.940183,37,2457.986682
-238.093023,37,2458.440619
-141.045915,24,2458.704593
-25.909964,21,2458.906413
-245.93382,38,2459.238254
-242.562378,37,2459.501649
-252.150139,37,2459.771599
-163.275778,28,2459.995756
-262.308181,37,2460.277654
-258.012875,37,2460.552567
-152.034025,25,2460.737284
-141.43414,37,2460.997494
-259.79389,37,2461.279333
-255.916158,37,2461.553399
-236.703993,37,2461.826673
-260.184164,37,2462.111332
-239.156132,37,2462.390289
-252.822065,37,2462.678936
-256.363712,37,2462.967451
-242.220828,54,2463.330962
-244.311531,37,2463.606977
-204.194669,32,2463.841799
-255.791853,37,2478.742935
-252.944472,37,2479.012963
-267.970351,37,2479.284755
-160.480748,29,2479.511021
-46.20741,25,2479.702309
-41.888807,23,2479.860067
-263.754428,37,2480.119623
-264.393651,37,2480.394347
-111.003568,19,2480.530164
-240.986684,37,2480.784868
-247.680113,37,2481.053037
-116.593889,33,2481.305506
-266.543935,37,2481.564196
-325.007192,51,2481.925707
-238.501591,37,2482.180873
-259.424578,37,2482.505566
-246.828905,37,2482.784787
-235.97874,37,2483.068402
-242.345727,37,2483.363919
-251.644434,37,2483.636295
-210.382021,33,2483.867194
-267.478854,37,2484.80131
53.515059,25,2485.060905
-121.379546,34,2485.307211
255.177469,54,2485.699853
-261.590341,37,2485.972472
-262.561806,37,2486.600648
-235.32398,35,2486.898214
-253.850675,37,2487.168457
-144.686365,37,2487.43639
-239.396345,37,2487.707589
-239.389606,37,2487.951712
-237.606124,36,2488.225329
-243.55679,37,2488.551183
143.474993,51,2488.979858
-71.892233,27,2489.210888
-181.021971,30,2489.433735
-259.581613,42,2489.766891
-188.497888,29,2489.993666
-226.19141,35,2490.269389
-259.813791,37,2490.565435
-237.918652,37,2491.01658
-246.674891,37,2491.293985
-237.662857,37,2491.578337
-243.54877,37,2491.852044
-243.000781,37,2492.096864
-125.683479,21,2492.239967
-239.564944,37,2492.496281
-258.990577,37,2492.761334
-78.802374,29,2492.963572
-258.575604,37,2493.227435
-252.24016,37,2493.479704
-33.92464,24,2493.648389
-258.225079,37,2493.911489
-262.008287,37,2494.181823
-234.276507,35,2494.427257
-151.851776,26,2494.636005
2.304106,31,2494.846603
-266.197424,38,2511.630379
-136.057767,23,2511.795883
-249.655226,37,2512.045336
-160.03046,26,2512.216801
-115.631068,19,2512.351207
-146.727097,24,2512.57245
-130.623339,52,2512.951771
-189.45426,30,2513.171716
-260.763421,37,2513.446689
-258.255534,37,2513.717111
-254.691716,37,2514.011285
-255.802496,37,2514.86109
-246.734969,37,2515.295071
-103.653217,46,2515.657696
-244.289563,37,2515.966513
-259.889594,41,2516.279403
-123.988904,21,2516.437298
-260.228592,37,2516.733292
-135.457447,57,2517.164083
-274.477793,37,2517.440931
-260.093869,37,2517.701111
-303.118163,45,2518.042495
-50.07996,26,2518.230359
-381.824819,55,2518.636166
-236.951777,36,2518.888031
-166.574215,27,2519.094847
-32.030278,22,2519.259745
-268.420571,37,2519.532474
-239.40765,37,2519.807598
-140.637581,23,2519.96831
-249.296102,37,2520.233391
-254.158373,37,2520.495195
-238.150849,37,2520.738091
-273.027513,43,2521.043609
-238.681624,37,2521.306102
-117.531905,34,2521.543911
-242.443564,37,2521.799782
-256.795374,37,2522.066082
-186.704194,29,2522.301868
-237.323859,40,2522.59655
-232.591958,37,2522.860799
-153.020036,63,2523.322161
-260.570362,37,2523.608147
-239.520284,40,2523.881214
74.046557,21,2524.048937
-130.153974,36,2524.325349
-143.146561,25,2524.514707
-241.772259,37,2525.16366
-245.663798,37,2525.54349
-122.920331,20,2525.678897
-250.145735,37,2525.915542
-247.007586,37,2526.180141
-256.425142,37,2526.487933
-254.061874,37,2526.756792
-256.517673,37,2527.035926
-333.400421,50,2527.397814
-382.646936,61,2527.847049
-127.943168,21,2541.186182
-244.520854,37,2541.472697
-168.832154,28,2541.67876
-258.219003,37,2541.945802
-254.125717,37,2542.199305
-264.572753,37,2542.455273
-210.80825,46,2542.789462
-244.662121,37,2543.126421
-239.821761,37,2543.398903
-133.142962,22,2543.539253
-154.668342,37,2543.795526
-264.559494,37,2544.057923
171.334392,23,2544.214041
-260.81481,37,2545.870516
-28.741733,20,2546.102305
-242.989713,37,2546.728724
-250.76671,37,2547.060018
-139.680307,25,2547.287411
-248.218122,37,2547.577635
-251.991255,37,2547.858334
-259.731535,37,2548.12112
-263.828921,37,2548.377779
-125.012776,20,2548.522247
-296.976016,46,2548.879069
-141.417547,37,2549.140596
-244.79653,37,2549.397944
-247.371079,37,2549.665814
-101.423799,33,2549.890362
-227.992763,36,2550.145981
-253.663256,37,2550.431659
-239.753882,37,2550.694855
-238.29091,36,2550.971842
-252.054067,37,2551.234963
-268.423192,54,2551.665563
-16.098113,19,2551.808441
-84.156025,31,2552.028818
-487.364413,77,2552.726149
-253.536967,37,2553.091203
-245.813798,37,2553.477335
-186.620619,30,2553.892589
-261.845768,37,2554.301968
-236.613169,37,2554.665182
-262.847402,37,2555.095472
-244.219165,37,2555.528815
-235.673371,37,2555.972357
-140.014751,37,2557.166131
-252.604619,37,2557.558898
-338.674767,54,2557.986439
-253.78524,37,2558.274806
-264.812827,37,2558.5471
-247.37155,37,2558.812032
-142.319012,37,2559.096178
-252.398502,37,2559.350896
-247.324029,37,2559.618288
-264.995433,37,2559.8741
-146.88539,25,2560.057715
-266.95631,37,2573.140346
-239.293953,37,2573.445784
-259.142582,37,2573.692522
-220.593545,34,2573.910794
-142.995495,24,2574.087635
-236.097105,37,2574.395078
-122.02854,19,2574.914424
-191.086217,31,2575.411142
-153.725722,26,2575.620372
-238.345457,37,2575.872108
-237.922445,37,2576.127367
-251.01268,37,2576.840549
-266.391871,37,2577.194784
-216.106506,33,2577.455122
-269.445499,37,2577.758275
-256.626589,37,2578.11925
-257.422722,37,2578.413126
-290.777159,44,2578.69977
-254.713044,37,2578.953154
-231.336495,37,2579.220518
-263.947696,37,2579.496965
-238.348652,37,2579.751451
-258.109963,37,2580.017032
-171.577832,29,2580.224113
-253.315039,37,2580.49067
-265.151087,37,2580.744068
-251.797265,37,2580.991898
-250.445807,37,2581.26368
-240.032009,37,2581.550095
-248.953842,37,2581.787526
-211.41424,34,2582.037583
-250.131794,37,2582.299954
-242.193736,37,2582.577285
-239.878434,36,2582.824386
-128.442398,21,2582.9624
-236.801993,37,2583.235209
-263.418372,37,2583.500448
-267.073489,37,2583.787122
-261.622151,37,2584.057924
-235.891159,37,2584.316665
-153.546184,37,2584.584157
-255.313629,37,2584.80885
-239.747319,37,2585.083605
-248.258245,38,2585.398481
-262.535071,37,2585.665672
-189.345139,31,2585.883247
-118.66893,35,2586.347935
-124.984092,21,2586.498196
-237.379985,37,2586.759458
-137.464078,24,2586.936097
21.839364,29,2587.144634
-111.336961,34,2587.394078
-291.46028,37,2587.659575
-130.596443,22,2587.808395
-259.823228,37,2588.066464
-29.331761,36,2588.320263
-150.79917,25,2588.514509
-121.728084,21,2588.670667
-266.990253,41,2588.958049
-233.569715,36,2589.227356
-198.956774,31,2606.408049
-93.189662,30,2606.663336
-256.752888,37,2606.971653
-13.534728,19,2607.102946
-253.707746,37,2607.363954
-256.89685,37,2607.633231
-238.986474,37,2607.895549
-245.957053,41,2608.183926
-255.997101,37,2608.449982
-238.481974,37,2608.697894
-114.909284,19,2608.822548
-244.427289,37,2609.083973
-114.640136,34,2609.335581
-260.601086,37,2609.63311
-234.090104,37,2609.893562
-31.08681,21,2610.039665
-243.470297,38,2610.314829
-233.68044,35,2610.610678
-133.300652,37,2610.870129
-236.062982,37,2611.160329
-263.767915,37,2611.434968
-251.05705,37,2611.678026
-245.014289,36,2611.913886
-254.07411,41,2612.195185
-241.561161,37,2612.449499
-146.734247,23,2612.606554
-231.564689,34,2612.838703
-213.569959,35,2613.072417
-243.338549,37,2613.341843
-190.156692,30,2613.594021
-246.979469,37,2613.904205
-238.892523,37,2614.226136
-182.359012,44,2614.539404
-245.518232,37,2614.796434
-142.691466,25,2614.969598
-389.941434,101,2615.713133
-236.773769,37,2615.954973
-282.494612,47,2616.278388
-260.491042,37,2616.536001
-252.396926,37,2617.221702
-40.502552,24,2617.427784
-46.320257,24,2617.611252
-152.757771,25,2617.799788
-214.390843,32,2618.040098
-249.167069,37,2618.276277
-259.682968,37,2618.543414
-301.350613,44,2618.854072
-239.926495,37,2619.11438
-140.646244,23,2619.270038
-255.125467,37,2619.528583
-164.141354,28,2619.728919
-257.975795,37,2619.995744
-166.969412,27,2620.200447
-135.058885,24,2620.37874
-269.285432,37,2620.643408
-146.602735,39,2620.927692
-247.947355,37,2621.189321
-272.106017,37,2621.458651
-254.90439,37,2635.682807
-243.143508,37,2635.972929
-195.136419,45,2636.793976
-265.07524,41,2637.114967
-150.933403,24,2637.28935
-244.988689,37,2637.552842
-249.918103,37,2637.841492
-316.949826,46,2638.153881
-35.270046,22,2638.305376
-248.705216,37,2638.562734
-117.462221,19,2638.703884
-241.808447,37,2638.96986
-232.102688,36,2639.233185
-231.837933,35,2639.488692
-234.932532,37,2639.761751
-234.374803,37,2640.037564
-239.642086,37,2640.294255
-248.657133,37,2640.576848
25.710152,28,2640.958271
-132.434714,23,2641.125432
-236.374558,37,2641.382297
-142.270363,37,2641.672438
-189.201847,30,2641.897442
-161.310507,25,2642.095191
-260.890696,37,2642.345227
-137.96352,23,2642.506878
-252.509628,37,2642.765297
-271.424166,40,2643.007788
-161.148879,27,2643.172676
-150.370382,26,2643.371846
-248.730789,37,2643.650286
-257.133997,37,2643.922761
-79.03757,31,2644.152276
-261.985363,40,2644.434689
-198.851111,31,2644.668018
-235.317237,37,2644.965973
-222.818135,36,2645.246692
-236.980029,37,2645.562805
-262.830721,37,2645.846475
-241.018904,37,2646.097247
-153.525868,27,2646.345939
-253.484604,37,2646.714072
-281.54318,37,2647.0781
-222.3702,41,2647.543709
-240.157071,37,2647.935862
-239.588949,39,2648.50533
-265.162606,37,2648.891559
-64.045717,45,2649.372049
-234.354214,37,2649.715095
-130.359609,36,2650.166257
-217.452805,34,2650.623963
-216.323098,34,2651.043052
-243.054552,37,2651.475201
123.501826,46,2651.897336
-259.430696,37,2652.200994
-245.322235,37,2652.46973
-236.368701,37,2652.721557
-236.244898,37,2652.997528
-265.65502,37,2669.143087
-352.132918,101,2669.949917
-334.633392,51,2670.34543
-257.384717,37,2670.628249
-234.969977,37,2670.898519
-243.490142,37,2671.184096
-234.68068,37,2671.45564
-232.068896,37,2671.725062
-255.877023,37,2671.985055
-202.633346,32,2672.213232
-259.650513,37,2672.462474
-268.360468,37,2672.707557
-244.686675,37,2672.954279
-257.055912,37,2673.195603
-26.301818,21,2673.328782
-477.292652,71,2673.779161
-258.792668,38,2674.034935
-246.871318,37,2674.279324
-256.900063,37,2674.53436
-230.420987,35,2674.76244
-72.054199,65,2675.559102
-135.464643,23,2675.752573
-247.183139,37,2675.985223
-259.684887,37,2676.251759
-242.386977,37,2676.529924
-253.264465,37,2676.796266
-246.262389,37,2677.047669
-148.12764,25,2677.209724
-209.489639,33,2677.471287
-238.834151,37,2677.738835
-163.711439,27,2677.924275
-178.469053,30,2678.132692
-216.45601,40,2678.448136
-255.722175,37,2678.701045
-248.733215,38,2678.971953
-36.185616,23,2679.123621
-240.014941,37,2679.386368
-25.748443,21,2679.530928
-113.61129,34,2679.76212
-242.299082,37,2680.012326
-321.994804,93,2680.670653
-255.984759,37,2680.939594
-248.798202,37,2681.184412
-251.832038,37,2681.43178
-257.971206,37,2681.924024
-260.011347,37,2682.176801
-294.672817,101,2682.941182
-197.80011,32,2683.203494
-248.168611,37,2683.466094
-145.665166,22,2683.609085
-252.711276,38,2683.876719
-228.436536,37,2684.150934
-250.081487,37,2701.99353
-259.261498,37,2702.297661
-259.052365,37,2702.565042
-261.67281,37,2702.833771
-246.509576,37,2703.094614
34.083174,26,2703.27778
-142.618952,24,2703.443512
-253.62558,37,2703.699104
-275.783747,37,2703.951341
-248.679874,37,2704.19725
-246.521266,37,2704.454087
-134.614717,24,2704.627657
-267.527575,37,2704.886897
-239.132696,37,2705.142734
-226.510934,36,2705.365265
-264.72294,37,2705.645397
-257.497397,37,2705.900259
-253.84887,37,2706.135528
-176.329102,31,2706.339644
-195.169494,33,2706.586743
2.755054,30,2706.808759
-252.904142,37,2707.077396
-234.419344,37,2707.339402
-184.861007,29,2707.538927
-257.802197,37,2707.81284
-259.730313,37,2708.079463
-244.167906,37,2708.358484
-80.119684,30,2708.571883
-248.902614,39,2708.861268
-150.197136,24,2709.048637
-282.218234,37,2709.301511
-13.192032,19,2709.455434
-249.832586,37,2709.722272
-268.726678,37,2709.976108
-190.167059,32,2710.196912
-257.20705,37,2710.452314
-162.497715,28,2710.678924
-27.499509,20,2710.813088
-257.683541,37,2711.080078
-239.550689,37,2711.350614
-245.042158,37,2711.586572
-232.975225,36,2711.835264
-166.413603,27,2712.027819
-279.861173,37,2712.373395
-243.711744,37,2712.899015
-185.305948,32,2713.109547
-249.062252,37,2713.339614
-144.458743,23,2713.488697
-242.575142,37,2713.747873
-98.334165,48,2714.100638
-160.905214,27,2714.330068
-245.873217,37,2714.621309
-245.358305,37,2714.902175
-119.300139,21,2715.054365
-255.791118,37,2715.324883
-258.577777,37,2715.619867
-242.059814,37,2715.863206
-246.033077,37,2716.115975
-260.199221,37,2716.376375
-17.103355,19,2716.516761
-231.27808,36,2716.784053
-240.613424,37,2731.628274
-232.068172,37,2732.373134
-241.510276,37,2732.625064
-194.020138,46,2732.938619
-262.017173,37,2733.196936
-286.460442,41,2733.524974
-244.977016,37,2733.780958
-149.001459,37,2734.040449
-158.004852,25,2734.211217
-70.144063,27,2734.397099
49.362073,25,2734.576999
-253.252967,37,2734.877316
-250.81147,37,2735.14987
-152.797221,26,2735.332862
-178.228214,28,2735.561328
-257.298424,37,2735.854833
-251.008735,37,2736.120681
-129.990119,22,2736.272835
-247.219019,37,2736.538664
-240.053596,37,2736.815564
-247.82742,37,2737.079091
-314.281933,48,2737.706163
-144.320326,37,2737.98999
-23.662986,21,2738.157907
-247.760024,37,2738.455089
-246.150655,37,2738.703953
-239.828305,37,2738.962756
-148.20204,24,2739.128065
-133.21418,36,2739.385577
-234.958591,37,2739.652446
-230.837747,35,2739.889295
-156.484934,37,2740.140668
-18.87235,19,2740.261391
-158.894916,37,2740.513274
-256.463175,37,2740.788064
-250.320625,37,2741.052856
-359.744847,53,2741.427126
-261.61293,37,2741.669008
-244.232756,37,2741.914143
-241.876615,37,2742.170851
-221.129154,36,2742.414912
-241.561196,37,2742.670627
-256.51584,37,2743.068132
-250.175531,37,2743.455078
179.620273,22,2743.687028
-144.937535,37,2744.089458
-363.158835,66,2744.880847
-90.639745,30,2745.192773
-238.839222,38,2745.620032
-81.986227,29,2745.870369
-261.090216,37,2746.266183
-140.648121,37,2746.693647
-129.223473,36,2747.113657
-205.990513,34,2747.478719
-220.701072,36,2747.861594
-261.759532,37,2748.236153
-164.517228,45,2748.535632
-147.363161,24,2763.529167
-50.684767,25,2763.733641
-251.678967,37,2763.974431
-239.452897,37,2764.215702
-246.729175,37,2764.512619
-244.679274,37,2764.775902
-261.440419,37,2765.036079
-256.859004,37,2765.288067
-259.896059,37,2765.549498
73.0713,36,2765.816549
-254.288548,37,2766.059972
-238.574743,37,2766.311636
-144.750311,23,2766.478873
-171.896601,41,2766.775227
-243.532553,37,2767.046764
-141.513501,23,2767.21044
-28.439256,21,2767.344661
-179.327803,42,2767.598779
-158.06173,26,2767.789473
-31.691786,22,2767.949603
-79.852041,29,2768.139467
-59.894062,27,2768.325148
-251.396928,37,2768.60246
77.650142,20,2768.744058
-241.032544,37,2769.009059
-253.848952,37,2769.282619
-248.827779,37,2769.552751
-259.866769,37,2769.807514
-264.807278,37,2770.058089
-243.289303,37,2770.304262
-218.785738,34,2770.589
-141.430949,37,2771.195076
-238.28886,37,2771.456701
-262.767129,37,2771.706602
-256.837483,37,2771.950021
-143.811586,37,2772.186661
-170.399038,29,2772.377726
-172.766333,28,2772.5709
-209.310613,33,2772.782711
-230.984864,37,2773.036433
-134.385807,35,2773.272777
-244.830919,37,2773.520426
-139.271956,37,2773.762665
-255.610916,37,2774.039507
-244.174509,37,2774.304989
-131.613742,34,2774.550481
-253.074287,37,2774.836912
-277.515573,37,2775.110185
-258.039233,37,2775.39122
-130.289458,35,2775.647066
-257.401006,37,2775.91088
-137.336037,23,2776.059798
-240.652876,37,2776.310541
-258.572797,37,2776.74967
-201.410476,33,2777.012539
34.34418,27,2777.213334
-252.215917,37,2777.480046
-259.285848,37,2777.746455
-260.104743,37,2777.999046
-208.378638,32,2778.24426
-273.344661,37,2793.19313
-218.885271,36,2793.444432
-288.750674,47,2793.681943
-257.744641,37,2793.844592
14.811415,32,2793.981426
-262.742201,40,2794.148229
-257.397015,37,2794.338726
-239.585062,37,2794.499909
-54.874857,49,2794.705027
-63.381456,28,2794.819045
-176.594232,28,2794.941007
-155.000433,27,2795.053778
-226.404007,35,2795.20734
-253.46772,37,2795.354827
-138.435819,23,2795.444753
-246.057902,65,2795.722582
-240.340263,37,2795.878321
-256.126253,37,2796.025784
-202.363332,32,2796.164256
-239.53097,35,2796.303077
-147.327094,38,2796.467937
-145.629129,24,2796.567367
-252.06426,37,2796.712229
-271.893729,37,2796.862934
-28.74001,21,2796.946178
-159.985129,26,2797.050895
-249.617081,37,2797.197289
-251.318758,37,2797.345859
-130.859984,36,2797.492673
-179.558431,30,2797.614079
-253.070322,37,2797.765554
-194.518222,31,2797.892811
-242.986889,37,2798.049217
-248.480984,37,2798.202854
-178.422288,40,2798.364771
-177.826476,28,2798.48395
78.206563,20,2798.56829
-231.036962,37,2798.719592
-257.961739,37,2798.86581
-246.955159,37,2799.015516
-130.908816,21,2799.100506
-246.162259,37,2799.255733
-221.765695,35,2799.392484
-149.354875,25,2799.505057
-148.121561,23,2799.601381
-257.082029,37,2799.751683
-257.965427,37,2799.904785
-245.388371,37,2800.068832
-168.139387,26,2800.17648
-154.40669,25,2800.2774
-244.000429,37,2800.436818
-266.02785,37,2800.58874
-166.309903,46,2800.77501
-244.118736,37,2800.932941
-246.852391,37,2801.082419
-251.986689,37,2801.24011
-241.603009,37,2801.392678
-119.100404,58,2801.633424
-258.451194,37,2801.791057
-260.449005,39,2809.450922
-18.513646,35,2809.617065
-266.080163,37,2809.77326
-190.132471,31,2809.902358
-28.128893,21,2809.986859
-264.179769,37,2810.143943
-134.776661,22,2810.234992
-256.42195,37,2810.390187
-172.811344,30,2810.514222
-268.440911,37,2810.682834
-262.705134,37,2810.845885
-750.564836,100,2811.261333
-240.537647,37,2811.417794
-283.413963,81,2811.762861
-72.901097,27,2811.874928
-132.442932,22,2811.96043
-240.154663,37,2812.099818
-258.677164,37,2812.25422
-243.154595,36,2812.409066
-157.383909,25,2812.50877
-175.805492,29,2812.621682
-186.306092,30,2812.739154
-248.298664,37,2813.018394
-236.821612,37,2813.175345
-239.228419,37,2813.328346
-246.662844,37,2813.479071
-130.153374,42,2813.65548
-248.400482,37,2813.79852
-150.005736,23,2813.89535
-121.672749,21,2813.976599
-39.823074,35,2814.12627
-115.837624,35,2814.274482
-64.608833,27,2814.392471
-260.810182,37,2814.544163
-243.516863,37,2814.692748
-256.890886,37,2814.836674
-237.080766,41,2815.008303
-223.500956,34,2815.144632
-254.729037,38,2815.299012
-42.64132,22,2815.395893
-5.508457,33,2816.128081
-182.702881,55,2816.549403
-237.975646,37,2816.711003
-234.753626,37,2816.866678
-192.019875,30,2816.991521
-255.587761,37,2817.150266
-248.15419,37,2817.303504
-48.225111,25,2817.407053
-258.246588,37,2817.559141
-162.786635,26,2817.66641
-268.031094,37,2817.821604
7.08382,32,2817.959467
22.592092,29,2818.074879
-237.412352,37,2818.233544
-274.468303,37,2818.440244
-266.923699,37,2818.675037
-247.1059,37,2819.125317
-231.63447,37,2827.806488
-258.722973,37,2828.012105
-172.831621,28,2828.136436
-233.678329,37,2828.286975
-154.957054,26,2828.394308
-30.701268,37,2828.549719
-118.062088,19,2828.628446
-234.169242,36,2828.77499
-222.516175,36,2828.922134
-140.094328,36,2829.069658
-147.356096,37,2829.434297
-261.030765,37,2829.696232
-160.091088,25,2829.80342
-243.212166,37,2829.958766
-21.747381,19,2830.040065
-239.07082,37,2830.207087
-252.673647,37,2830.357905
-252.672274,37,2830.511895
-250.534523,37,2830.66762
-241.592015,37,2830.813823
-28.273888,21,2830.896543
-117.775112,32,2831.025528
-153.368552,25,2831.133264
-261.032436,37,2831.291991
-261.418332,37,2831.448626
-234.4445,37,2831.603122
-28.959002,21,2831.686567
-262.451178,37,2831.844329
-365.931327,54,2832.076684
-247.164849,37,2832.220518
-166.806697,27,2832.343291
-263.392558,37,2832.494388
-16.155872,19,2832.574092
-234.753797,37,2832.719865
-164.343746,41,2832.881374
-40.892443,25,2832.986216
-247.826824,37,2833.143296
-477.430646,78,2833.454434
-248.315255,37,2833.608495
-256.50177,37,2833.760179
-264.267951,37,2833.915681
-357.78913,54,2834.150331
-143.179474,24,2834.245786
-249.007801,37,2834.391864
-148.525834,27,2834.500118
-483.203946,101,2834.926557
-137.87397,37,2835.075005
-59.33687,37,2835.230202
-290.77721,43,2835.403858
-234.575552,37,2835.555322
-235.859055,36,2835.699542
-511.419286,101,2836.31183
-266.029276,37,2836.4675
-236.42062,37,2836.63235
-120.890638,19,2836.709955
-235.207592,37,2847.680366
-252.519961,37,2847.892715
-259.082312,37,2848.078339
-237.158855,37,2848.229434
-737.04265,101,2848.657889
-249.600314,37,2848.812045
-252.98577,37,2848.966075
0.101249,31,2849.097208
-55.293335,28,2849.21635
-251.664079,37,2849.370395
-101.849431,30,2849.491792
-201.304556,32,2849.626513
-144.662442,94,2850.017959
-251.477224,37,2850.16997
-46.852282,23,2850.275742
-62.977594,26,2850.380912
-26.078415,20,2850.464095
-163.275231,27,2850.583582
-246.409006,37,2850.73337
-252.126495,37,2850.883361
-133.804222,36,2851.034502
-141.294312,25,2851.136321
-139.182868,23,2851.233258
-242.46342,37,2851.38424
-244.005698,37,2851.538634
-243.775196,37,2851.685341
-239.806651,37,2851.840897
-326.049103,52,2852.055667
-229.10828,35,2852.205758
-213.631197,33,2852.342555
-242.531388,36,2852.489032
-257.914751,37,2852.640042
-190.26483,31,2852.766167
4.142438,66,2853.041816
-267.570854,41,2853.208823
-180.332123,31,2853.339493
-218.285646,35,2853.485833
28.928914,28,2853.603222
-44.644441,26,2853.713115
-330.438881,45,2853.903991
-201.858734,34,2854.040972
-28.894016,20,2854.125221
-216.981058,34,2854.26502
-241.22845,37,2854.412843
-205.328447,32,2854.542781
-81.743217,28,2854.658977
-240.429483,37,2854.807406
-254.368438,37,2854.963176
-29.838174,23,2855.059587
-252.24704,37,2855.208789
-238.091875,37,2855.359252
-183.970484,29,2855.48129
-252.262407,37,2855.641998
-98.359432,35,2855.785158
-214.153224,34,2855.920581
-257.624682,37,2856.074242
-139.839301,41,2863.117402
-229.442349,58,2863.447662
-254.963518,37,2863.623
-260.891178,37,2863.782375
-249.648826,38,2863.946389
-289.819617,43,2864.13198
-179.125548,29,2864.263136
-604.943264,101,2864.708998
-269.887679,41,2864.880962
7.785879,42,2865.05826
-260.024609,37,2865.217174
-236.695097,37,2865.370281
-244.845591,37,2865.546227
-38.262162,36,2866.073672
-20.388667,21,2866.194489
-346.482425,53,2866.424868
-116.873411,34,2866.571934
-243.233945,37,2866.738771
-258.640601,37,2866.899965
-252.161197,37,2867.054183
-247.206512,38,2867.210387
-260.824247,37,2867.376594
-120.79183,62,2867.635604
-241.996869,37,2867.946312
-251.582666,37,2868.118727
-245.358517,37,2868.272006
-167.516028,29,2868.395888
-261.648372,37,2868.550168
-248.225691,38,2868.720558
-165.420278,27,2868.836238
-128.539946,20,2868.920223
-254.82299,37,2869.085653
-239.740735,37,2869.240897
-263.120731,37,2869.40035
-181.719335,30,2869.540685
-258.715386,37,2869.707618
-160.391547,26,2869.818287
-236.007149,35,2869.973332
-242.787218,37,2870.143608
-256.414665,37,2870.30688
-241.906183,37,2870.468983
-61.025671,27,2870.589905
-311.00812,47,2870.789095
-297.44808,47,2870.999914
-348.365837,72,2871.313972
-261.240529,37,2871.467672
52.225855,39,2871.628714
-254.787787,37,2871.785026
-197.307143,34,2871.926939
-156.650562,24,2872.032958
-70.492457,30,2872.160336
-236.92127,37,2872.31408
-208.83154,32,2872.450793
-148.35791,36,2872.60449
-137.986881,38,2882.226991
-158.7777,25,2882.341784
-189.415944,28,2882.464663
-254.100099,37,2882.612742
-234.289103,36,2882.75499
-256.874357,37,2882.908971
-249.118363,37,2883.061399
-712.830654,101,2883.489566
-20.719942,20,2883.571318
-124.927119,19,2883.652554
-244.945402,37,2883.802576
-257.11033,37,2883.954585
-255.538843,37,2884.152345
-82.152831,29,2884.598988
-248.08412,41,2884.827464
-255.222038,37,2884.993655
-243.914382,37,2885.15053
-25.102092,20,2885.236536
-157.442887,26,2885.341259
-150.755226,24,2885.440224
-236.069779,37,2885.596898
-246.663166,37,2885.747908
-63.23004,27,2885.867237
-25.189571,19,2885.961139
-194.438157,31,2886.098029
-238.238733,37,2886.250483
-187.577959,30,2886.373206
-237.238825,37,2886.531385
-177.216519,29,2886.651503
-274.587329,41,2886.828686
-150.998659,26,2886.934568
-446.647786,63,2887.196469
-239.188244,35,2887.349749
-256.41298,37,2887.498221
-254.038553,37,2887.667023
-12.429557,19,2887.746153
-101.342696,32,2887.877386
-113.11298,19,2887.953944
-250.206883,37,2888.110344
-242.81013,37,2888.268736
-252.124183,37,2888.433899
-168.692934,26,2888.541241
-241.710506,37,2888.691114
-138.86997,23,2888.795758
-255.271047,38,2888.956269
-404.762747,101,2889.364425
-137.225651,36,2889.512956
-213.258468,34,2889.654703
-143.338566,25,2889.766803
-79.249444,32,2889.90661
-227.40163,34,2890.047721
-145.364585,37,2890.215027
-39.582885,24,2890.314284
-235.282072,36,2890.47618
-252.438497,37,2890.631238
71.417609,20,2890.716198
-264.646265,37,2890.86216
-252.02136,41,2891.153597
-231.939895,36,2901.41004
-234.823229,37,2901.635525
-483.051207,83,2902.009547
-236.105797,37,2902.171278
-264.071187,37,2902.33411
-266.91246,37,2902.48434
-150.34046,23,2902.580278
-252.513973,37,2902.740671
-239.615728,37,2902.910092
-12.788264,20,2902.993859
-141.135831,23,2903.092006
-240.816737,37,2903.252964
-240.259673,37,2903.409775
-247.403237,37,2903.566207
-140.954078,25,2903.671918
-223.294391,34,2903.815118
-316.003685,69,2904.13009
-247.359673,37,2904.72116
-19.214998,19,2904.812938
-197.036388,30,2904.95047
-242.226675,37,2905.118836
-264.212117,37,2905.280081
-263.953005,37,2905.462291
-250.366391,37,2905.639514
-243.162945,37,2905.919247
-25.208569,20,2906.182051
-185.801932,29,2906.395383
-119.261052,18,2906.509609
-121.727116,19,2906.601065
-251.200681,37,2906.75034
-302.233273,43,2906.933664
-15.093354,36,2907.093617
-239.767089,35,2907.256512
-176.229695,30,2907.388832
-239.057194,37,2907.567669
-248.941083,37,2907.742467
57.550779,23,2907.844852
-234.263278,37,2908.027333
-241.183466,37,2908.189416
-246.046386,37,2908.334524
-236.976817,37,2908.495989
-243.584216,37,2908.661193
-258.827686,37,2908.81392
-238.994855,37,2908.983273
183.741238,24,2909.08538
-272.551318,37,2909.247044
-241.253185,37,2909.404208
-254.41979,37,2909.55872
-130.1845,20,2909.644352
-223.714519,34,2909.794893
-56.214235,38,2909.958318
-243.908057,37,2910.123466
-73.547831,30,2910.262727
-148.97896,37,2910.416993
-126.580202,19,2910.495773
-134.426697,22,2910.590768
-150.994607,25,2910.696368
-229.234568,34,2910.830616
-106.605909,32,2910.964398
-168.497255,29,2911.083637
-207.599101,33,2911.221659
-241.85421,37,2918.998415
-200.138687,31,2919.136225
-262.435287,37,2919.28575
-242.905921,37,2919.43401
52.49846,25,2919.534326
-236.806044,37,2919.681084
-261.118391,37,2919.826527
-44.324428,24,2919.919435
-227.399047,35,2920.07389
-254.250739,37,2920.251996
-250.684818,37,2920.409424
-211.775789,34,2920.551061
-257.725865,37,2920.713363
-49.424962,23,2920.804814
-243.944083,37,2920.952513
-148.833485,25,2921.062831
-426.280621,60,2921.318803
-150.944569,23,2921.416765
-243.132038,37,2921.574099
-246.381979,43,2921.741973
-265.165924,37,2921.890706
-138.144755,37,2922.042252
-263.958136,37,2922.188889
-259.467336,37,2922.341514
-259.986947,37,2922.494721
-159.476829,27,2922.60557
-185.978225,32,2922.742558
-246.57883,37,2922.899029
-255.084168,37,2923.050875
-254.090971,37,2923.20658
-207.24472,49,2923.893042
-247.184608,37,2924.058145
-239.786458,37,2924.22301
-196.863509,33,2924.403138
-261.983226,37,2924.57445
-256.868404,38,2924.740423
-244.904101,37,2924.892885
-156.720435,26,2925.002575
-212.23882,48,2925.203007
-237.266209,37,2925.34702
-126.977845,35,2925.487471
-142.023441,23,2925.577487
-137.539421,23,2925.687849
-237.245944,34,2925.900289
263.741553,34,2926.097878
-233.573102,36,2926.303758
-205.360349,50,2926.535082
-263.334569,37,2926.691848
12.554546,29,2926.813265
-165.242787,30,2926.938583
-240.355163,37,2927.084231
-245.480854,37,2927.234461
-55.122641,25,2927.336513
-254.319038,37,2927.493034
-186.289387,28,2927.613102
-282.660128,37,2927.760459
-293.569274,46,2927.953219
-276.997624,38,2928.109515
-137.590851,23,2937.733836
-57.246967,26,2937.893261
-141.515522,37,2938.054999
-601.736796,101,2938.478414
-259.150286,37,2938.633608
-198.731896,31,2938.761714
-237.2544,37,2938.918139
-254.501128,37,2939.072116
-241.256866,37,2939.223478
-313.324823,46,2939.410644
-260.668647,37,2939.629521
-265.27328,37,2939.836937
-246.314502,37,2940.002279
-240.604415,37,2940.152109
16.897205,54,2940.377639
-247.687472,37,2940.537625
-256.080691,37,2940.701523
-159.075362,25,2940.80344
-26.639247,21,2940.901098
-137.674956,36,2941.070872
49.380896,46,2941.261871
-328.254781,48,2941.471481
-245.920876,37,2941.624754
-272.157558,42,2941.793216
-451.090533,101,2942.20004
-220.667078,34,2942.341219
-296.546273,45,2942.529875
-259.646051,37,2942.679698
-254.059768,37,2943.150173
-250.77977,37,2943.365724
-263.306453,37,2943.528989
-241.953949,37,2943.684621
-81.203142,29,2943.805063
-261.47856,39,2943.966294
135.799822,27,2944.081697
-262.333639,37,2944.243531
-232.395583,33,2944.380799
-255.420393,40,2944.544711
-242.187196,37,2944.705307
-90.240575,30,2944.844275
-265.443923,37,2945.008933
91.994492,26,2945.116118
-626.080627,101,2945.544971
60.673982,33,2945.703076
-155.191917,25,2945.810892
-186.036665,29,2945.933907
-241.249085,37,2946.087636
-253.914292,37,2946.235188
-260.849912,37,2946.390025
-250.312309,40,2946.549808
-243.821971,37,2946.712875
-242.449361,37,2946.86422
-156.961338,26,2953.370618
-243.955914,37,2953.561779
-156.287089,25,2953.770076
-251.720129,37,2953.944457
-254.400956,37,2954.100064
-264.741165,37,2954.252451
-237.72552,35,2954.392325
-202.282689,68,2954.66672
-124.900719,19,2954.747677
-259.360754,37,2954.900711
-52.254709,25,2955.006125
-251.06612,37,2955.164884
-261.361557,37,2955.311496
-234.763327,37,2955.464074
176.124714,24,2955.572337
179.736073,55,2955.811089
-196.743661,31,2955.947611
-48.778539,25,2956.053593
-252.963313,37,2956.205332
-236.603544,37,2956.360782
-257.545016,37,2956.516409
-139.969891,37,2956.685896
-183.352799,29,2956.814262
-257.386375,37,2956.967346
-242.85882,37,2957.126508
-35.189714,22,2957.216777
-265.051014,37,2957.371525
-243.601208,37,2957.526569
-45.359098,24,2957.62196
-168.962229,29,2957.746233
-255.69363,37,2957.905476
-252.558459,37,2958.053863
-336.771763,50,2958.256948
-146.196559,37,2958.408824
-261.293022,37,2958.558712
-139.121811,37,2958.710581
-257.601776,37,2958.868164
-253.112688,37,2959.021394
-265.427228,37,2959.187136
-254.074109,37,2959.407565
-104.630259,33,2959.675624
62.819528,22,2959.838736
-263.809099,50,2960.219159
-244.075133,37,2960.663141
-256.456438,37,2961.067517
-145.019695,37,2961.449571
-108.358321,33,2962.26248
-246.157924,37,2962.665865
-69.248531,28,2962.972805
-259.729209,37,2963.353788
-249.812288,37,2963.704838
-13.968128,19,2963.88752
-19.394181,19,2964.118629
-167.711603,27,2964.34652
-148.982264,25,2964.566947
-188.583173,31,2964.774629
-27.158861,22,2964.902867
-144.619625,39,2965.076096
-250.40729,37,2965.238739
-304.747946,46,2972.88884
-246.581741,37,2973.097848
-238.595664,37,2973.252829
-158.055247,25,2973.364182
-167.797429,28,2973.481338
30.269231,26,2973.58545
-8.843253,34,2973.723888
-243.705736,37,2973.877482
-261.608008,37,2974.032922
-247.237664,37,2974.183624
-258.257154,42,2974.355093
-694.998042,97,2974.762944
-118.028741,19,2974.839252
-257.55817,37,2974.993638
-131.37525,21,2975.076371
-151.982865,37,2975.222418
-251.42818,36,2975.381285
-237.679432,37,2975.580102
-216.284522,33,2975.721636
-256.322929,37,2975.893629
-153.277424,26,2976.00823
-252.643575,42,2976.20229
-217.52234,33,2976.345674
-254.180031,37,2976.503677
-263.472862,37,2976.655384
-63.455201,27,2976.767362
-251.7224,37,2976.918888
-151.557961,37,2977.073536
-238.511458,37,2977.235316
-237.627279,37,2977.384747
-260.745372,37,2977.52715
-255.964056,37,2977.681725
-263.619847,37,2977.960272
-165.363525,26,2978.068352
-282.912091,43,2978.249176
-187.933544,42,2978.420178
-259.604978,37,2978.583528
-152.431098,40,2978.74778
-240.31266,37,2978.898427
-255.592619,37,2979.056551
-254.383093,37,2979.209569
-152.432234,24,2979.307971
-227.794422,35,2979.463214
-258.282007,37,2979.618109
-226.410991,34,2979.762081
-54.404657,25,2979.860666
-250.512676,37,2980.015083
-261.090221,37,2980.167184
-261.373921,37,2980.320516
-180.112218,30,2980.445135
-236.645352,37,2980.599988
-271.10582,39,2980.763828
-136.851037,36,2980.916587
-193.101455,33,2981.052536
-20.07624,19,2981.390881
-250.899686,37,2981.610437
-232.510825,37,2981.784499
-230.667753,35,2981.93128
-258.078125,37,2989.961521
-241.700833,37,2990.163325
-243.870646,38,2990.319881
-28.200735,21,2990.407032
-74.080856,29,2990.530777
-252.628443,37,2990.686995
-250.785204,37,2990.848958
-244.800939,37,2990.999133
-260.143874,37,2991.15072
-120.703044,18,2991.224424
-243.115905,37,2991.380013
-252.881544,37,2991.535385
-139.645714,37,2991.685172
-244.096297,37,2991.835798
-261.775019,37,2991.9914
-386.746766,57,2992.234433
-31.424576,21,2992.322132
-262.61939,37,2992.47076
-242.137365,37,2992.622118
-248.864833,37,2992.779871
-612.966266,83,2993.123174
-232.920563,36,2993.270159
-240.732177,37,2993.419397
-296.111666,58,2993.670353
-258.075908,37,2993.820247
-250.904776,37,2993.980605
-248.726621,37,2994.138107
-249.000686,37,2994.292463
-298.796121,45,2994.485415
-74.070475,31,2994.611258
-264.264412,37,2994.761977
-30.902203,34,2994.903819
-134.054853,24,2995.000123
-467.703912,65,2995.275426
-243.587239,37,2995.424286
-251.054701,37,2995.57806
-116.798559,18,2995.658718
-121.745384,45,2995.845216
-258.654405,37,2995.999767
-203.623555,32,2996.138948
-313.397496,49,2996.600755
-22.124273,19,2996.87339
-260.362107,41,2997.090048
-243.474713,37,2997.247974
-195.310587,29,2997.378632
-62.216579,28,2997.499018
-241.035904,37,2997.652054
-43.263993,23,2997.75401
-261.865453,37,2997.909034
-50.432687,23,2998.004835
-206.01684,31,2998.139115
-246.389603,37,2998.300662
-392.532511,99,2998.722312
-159.583296,25,2998.83194
-134.542001,20,2998.918814
-45.690746,59,3012.705078
-195.834183,31,3012.856257
-258.130223,42,3013.030503
-145.191073,25,3013.135585
-182.356162,29,3013.265662
-13.492643,19,3013.457663
-277.38958,43,3013.640375
-259.676949,37,3013.804178
71.789016,41,3013.994438
-17.004786,20,3014.08357
-254.979374,37,3014.26307
-111.577574,32,3014.408524
-50.947962,23,3014.503617
47.896546,26,3014.61139
-85.538026,28,3014.727846
-328.776618,68,3015.009148
-237.633461,37,3015.165546
-250.348164,37,3015.321216
-242.36425,37,3015.477525
-140.325637,22,3015.577161
-188.421027,31,3015.711806
-20.348509,19,3015.809273
-255.326102,37,3015.979221
-254.267134,37,3016.132423
-159.239969,42,3016.304212
-121.934057,35,3016.462881
-247.656791,37,3016.620915
-221.148753,36,3016.769528
-254.135524,37,3016.923772
-74.398331,30,3017.048948
-246.634218,37,3017.206361
-66.650912,27,3017.320496
-110.344424,34,3017.467411
-135.663063,22,3017.562239
-256.285677,37,3017.720104
-142.856025,24,3017.822796
-253.545864,37,3017.976186
-253.205486,37,3018.131108
-152.632661,37,3018.29154
-128.538994,21,3018.380025
-245.170776,37,3018.539275
-238.319626,37,3018.975777
-261.643113,37,3019.266596
-237.747203,37,3019.497587
-253.95867,37,3019.764118
-245.868449,37,3020.053757
-241.674167,37,3020.425855
-261.029791,37,3020.799441
-236.930119,37,3021.184896
-258.866547,37,3021.573264
-11.964064,19,3021.776449
-183.103038,31,3022.10479
-258.44757,37,3022.433724
-221.15311,35,3022.772023
-250.136825,37,3023.134292
-246.2064,37,3023.441743
100.206455,40,3023.681604
-408.272187,58,3023.939599
-243.971128,37,3024.093821
-260.405228,37,3031.239976
75.858421,20,3031.360953
-245.120643,37,3031.533797
-17.20488,18,3031.616067
-250.343399,37,3031.785856
-234.714072,37,3031.941799
-254.928885,37,3032.095553
-125.942537,20,3032.183026
-257.735719,37,3032.341405
-262.009782,37,3032.492851
-119.717126,38,3032.648663
-243.474772,37,3032.805053
-242.021207,37,3032.961689
-25.29092,22,3033.052556
-582.360565,76,3033.366263
-238.74077,37,3033.518077
-127.974847,20,3033.604037
-250.361164,37,3033.753304
-204.345344,32,3033.883324
-245.763747,37,3034.038429
-163.984101,25,3034.145353
-25.164132,21,3034.238838
-25.126897,20,3034.319834
-171.269154,30,3034.450897
-273.149904,37,3034.604611
-123.753957,19,3034.68432
-25.295006,21,3034.7656
-262.476715,37,3034.920542
-85.199412,29,3035.052597
-263.395024,37,3035.210138
-143.111644,37,3035.375641
-248.379218,37,3035.524985
-254.143941,37,3035.68117
-257.727002,40,3035.853461
-26.741162,20,3035.936263
-263.737403,37,3036.093885
-382.323954,101,3036.503128
-132.77728,24,3036.705145
-121.887543,20,3036.790406
-208.95557,35,3036.937602
-117.510083,46,3037.134345
-262.222752,39,3037.304269
-256.260076,37,3037.458451
-261.759099,37,3037.61381
-247.430147,37,3037.772577
-243.001594,37,3038.166881
-237.490096,37,3038.389567
-257.162233,37,3038.550167
-141.576232,37,3038.704542
-118.641454,35,3038.852015
-459.532405,95,3039.253834
-253.258559,37,3039.407995
-250.011406,38,3039.571066
-236.593076,37,3039.732904
-238.941573,37,3039.8951
-255.531537,37,3040.052287
-248.702237,37,3040.206026
-248.004138,37,3048.200476
-142.771049,22,3048.321453
-197.503084,31,3048.469186
-244.053092,37,3048.623895
-253.901674,37,3048.767424
-139.903907,23,3048.861127
-254.927804,37,3049.018583
-134.89344,22,3049.108199
-34.752361,22,3049.203575
-189.101264,42,3049.38335
-242.750286,37,3049.533252
-243.471145,37,3049.694834
-239.429478,37,3049.845751
-127.09455,21,3049.933634
-121.784476,34,3050.075526
-126.558812,20,3050.154879
-73.717524,27,3050.262569
-247.975792,37,3050.415034
-51.446544,23,3050.513246
-124.041887,36,3050.658783
-54.039219,28,3050.787008
-235.543817,35,3050.93509
-259.328775,37,3051.087676
-148.94173,39,3051.251476
-247.819988,37,3051.403366
-56.146291,25,3051.503773
-230.668797,36,3051.660748
-241.562319,37,3051.810421
-147.665725,24,3051.912856
-242.017544,38,3052.071611
-248.31254,37,3052.23101
-122.806389,21,3052.325272
-237.954606,37,3052.477258
-302.010965,43,3052.65033
-118.669613,20,3052.739717
-245.075583,37,3052.893508
-250.714284,37,3053.049907
-245.951427,37,3053.208308
-243.79902,37,3053.360786
-253.976324,37,3053.509658
-273.295963,41,3053.680554
-164.446854,26,3053.789498
-231.193368,36,3053.943005
-258.188236,37,3054.096516
-278.813264,41,3054.264945
-303.453251,45,3054.450609
311.322834,58,3054.700039
-132.688181,36,3054.853801
-239.889001,37,3055.00866
-253.615547,37,3055.160956
-42.681236,25,3055.26273
-185.139201,30,3055.390576
-254.266337,38,3055.550083
-185.016873,47,3055.748939
-248.229715,37,3055.902494
-30.502642,21,3055.994898
-201.289025,33,3056.499469
-228.454995,35,3057.20678
-260.699485,37,3057.413309
-717.796118,101,3064.351488
-279.344668,41,3064.54947
-257.248287,37,3064.706987
14.51105,29,3064.828529
-240.798378,40,3064.995032
-278.553017,42,3065.16396
-30.974361,22,3065.255983
-262.016294,37,3065.411423
-145.66922,24,3065.614259
-255.047668,37,3065.771428
-262.066906,37,3065.916281
-238.919338,36,3066.062113
-241.30151,37,3066.216376
-81.199835,28,3066.33465
-134.78605,22,3066.43091
-310.772096,44,3066.605342
-354.481352,51,3066.824831
-332.084562,51,3067.040649
-474.460826,101,3067.460718
-252.369888,37,3067.616558
-266.687863,37,3067.768718
-98.120902,31,3067.894439
-253.078353,37,3068.050314
31.487713,28,3068.164685
-253.693886,37,3068.31754
-181.070713,30,3068.439255
-447.609099,79,3068.759018
-187.148837,31,3068.887414
-146.625807,37,3069.041054
-262.309164,37,3069.194594
-248.59716,37,3069.341436
-254.733126,37,3069.495131
-218.733639,34,3069.639107
-231.617044,36,3069.782891
-234.454757,37,3069.925182
-48.902433,24,3070.021339
-201.91879,33,3070.153836
-181.55402,30,3070.273797
-168.150932,42,3070.446371
-33.989104,22,3070.534224
158.182433,26,3070.64349
-259.26103,37,3070.805209
-258.839806,37,3070.966162
-244.932983,37,3071.180783
-253.37464,37,3071.382373
-363.421433,57,3071.793594
-119.613663,19,3071.926884
-21.929109,21,3072.089776
-11.726844,18,3072.233005
-259.245784,37,3072.559779
-139.730867,24,3072.793357
-261.339149,37,3073.098442
-635.717831,88,3073.689151
417.484124,30,3073.868347
-240.054939,37,3074.191186
-248.697046,37,3081.433179
-126.708006,19,3081.521986
-248.388894,37,3081.670067
-210.240248,34,3081.806531
-268.999723,37,3081.949568
-18.412228,19,3082.032614
-270.342537,37,3082.202587
-203.660916,30,3082.332305
-248.35324,37,3082.490855
-155.61439,25,3082.593142
-28.924999,21,3082.739532
-144.048886,37,3082.890401
-124.608164,20,3082.968317
-242.126985,37,3083.117091
-239.399774,37,3083.270802
-252.521349,37,3083.425055
-211.008026,33,3083.560333
-145.330931,37,3083.715346
-172.889833,27,3083.829312
-145.471801,37,3083.97248
-409.114897,60,3084.205853
-259.576708,37,3084.359535
-25.337777,21,3084.451181
-258.397584,37,3084.598173
-135.104829,23,3084.689655
-204.922155,32,3084.815604
-107.055779,33,3084.950656
-22.537317,20,3085.030776
-239.174829,37,3085.175396
-252.301268,37,3085.317728
-131.242115,21,3085.402628
-253.424835,39,3085.562599
-18.409804,20,3085.643434
-134.117229,41,3085.81673
-261.71232,37,3085.962522
-179.275757,32,3086.089019
-174.872238,27,3086.197058
-261.7193,37,3086.346189
-258.005555,37,3086.495647
-246.644066,37,3086.83745
-143.608906,23,3087.219997
-226.731557,35,3087.407872
-240.621505,36,3087.6773
-244.347244,37,3087.832753
-262.861681,37,3087.985901
-163.763819,37,3088.150527
-258.434397,39,3088.306388
-234.976877,37,3088.455479
-176.25857,32,3088.580313
-180.886858,30,3088.695899
-241.580456,37,3088.847121
-207.17553,31,3088.976654
-194.032254,32,3089.114605
-157.974236,37,3089.263261
-242.214491,37,3089.415288
-221.59962,35,3089.55458
-267.027479,39,3089.714319
31.714692,27,3089.822722
-58.083751,27,3089.933202
-252.954774,37,3090.08791
-255.306356,37,3090.239114
-184.697504,30,3090.36052
-219.717512,35,3099.34613
-246.091517,37,3099.512107
-257.682007,37,3099.667239
-263.333858,37,3099.818552
-30.206095,22,3099.906828
-264.074572,37,3100.055697
-238.82879,37,3100.218594
-250.849464,37,3100.36635
-250.492191,37,3100.520739
-192.719241,30,3100.647719
-176.90275,27,3100.755426
-241.45861,37,3100.909397
-24.788067,21,3100.994408
-255.902811,37,3101.147087
-250.050487,37,3101.30635
-387.229261,67,3101.582535
-56.789825,27,3101.695345
-510.03471,101,3102.09343
-254.206372,37,3102.236237
-232.088248,35,3102.376112
-276.914077,37,3102.521537
72.011337,22,3102.613027
-187.415746,30,3102.73394
-265.332641,38,3102.904388
66.576183,23,3103.010194
-227.923848,34,3103.154209
-40.365912,37,3103.30252
-241.681317,39,3103.4604
-148.262068,26,3103.565471
-17.645906,19,3103.642933
-120.852302,19,3103.722106
-232.499097,37,3103.876722
-230.230374,37,3104.03371
-67.739544,26,3104.13966
-146.530775,24,3104.256471
-258.943127,37,3104.459605
-143.759094,35,3104.601014
-255.682436,37,3104.75201
-260.996649,37,3104.906185
-134.604061,22,3104.997427
-254.281753,37,3105.155592
-247.324223,37,3105.305448
-237.320118,36,3105.446502
-128.556281,35,3105.588441
-268.844861,37,3105.744249
-213.929424,34,3105.886207
-266.340903,37,3106.037112
-229.860157,34,3106.17839
76.424671,20,3106.264389
-16.711443,19,3106.339063
-265.310512,39,3106.535908
-251.651348,37,3106.707787
-281.368765,37,3106.862585
-251.734815,37,3107.014249
-104.955958,32,3107.152244
-207.87921,34,3107.295625
-242.674499,37,3107.446912
-243.055804,37,3107.597671
-252.316922,37,3107.757904
-134.296476,37,3114.234162
-245.285572,37,3114.420377
-252.03284,37,3114.572493
-215.949127,32,3114.70628
-239.519473,37,3114.859798
-7.514521,33,3114.996918
-251.548029,37,3115.14742
-247.366208,37,3115.293875
-269.403851,37,3115.443845
-16.37335,19,3115.520104
-127.789018,19,3115.599295
-67.98145,26,3115.701123
-247.411304,37,3116.301736
-174.880627,28,3116.490345
-265.94649,37,3116.66003
-58.708502,25,3116.9604
-239.552881,37,3117.286
-124.703367,20,3117.430773
-256.615585,37,3117.61104
-195.144544,31,3117.739528
-205.928195,34,3117.884252
167.213271,37,3118.037794
-222.085115,35,3118.185707
-313.059891,44,3118.368264
-191.236878,76,3118.688586
-243.842039,37,3118.841835
-197.069988,31,3118.967287
-208.08549,33,3119.093527
-118.861355,34,3119.230742
-38.934772,22,3119.330246
-22.988801,19,3119.403537
-317.884873,63,3119.657776
-250.57601,37,3119.810992
-257.575141,37,3119.957879
-284.330158,44,3120.140697
-272.853984,37,3120.294629
-28.780792,21,3120.383034
-18.795008,19,3120.462163
-124.776531,21,3120.549089
-61.112853,25,3120.649043
-264.844995,39,3120.820709
-67.977929,26,3120.937905
-175.772334,28,3121.055978
-242.003959,37,3121.207466
-188.455717,30,3121.336643
-242.353086,36,3121.522282
-170.444752,29,3121.689097
71.739021,21,3121.843298
-242.199176,37,3122.169593
-260.471475,37,3122.486274
-98.887928,33,3122.721502
-22.895995,20,3122.878785
-239.899834,37,3123.176475
-245.660254,37,3123.577932
-253.160271,37,3123.829749
-53.956854,27,3124.020727
-116.724068,19,3124.105627
-253.178165,37,3124.256328
-257.408357,37,3124.419052
-237.677249,37,3124.570474
-121.869134,20,3124.649097
-272.725914,40,3124.81753
-130.499001,20,3131.375927
-248.633314,37,3131.58546
-258.462402,37,3131.752809
-325.403582,49,3131.950506
-15.379454,20,3132.031902
-257.375406,37,3132.196004
-73.655201,28,3132.303703
-252.837665,37,3132.4535
-303.906647,46,3132.642423
-126.391411,20,3132.727061
-139.086281,37,3132.883405
-248.930018,36,3133.034115
-254.22168,37,3133.185353
-243.469358,37,3133.338334
-132.69953,22,3133.42546
-56.005416,37,3133.575677
-177.215651,27,3133.6889
-64.218644,28,3134.123392
-259.714347,37,3134.370072
-243.989708,36,3134.545529
-111.834766,18,3134.625215
-251.94852,37,3134.777654
-131.755989,21,3134.863803
-152.201003,37,3135.029843
-240.547167,37,3135.19384
-167.239769,27,3135.308847
-115.093017,48,3135.515418
-504.638866,97,3135.926607
-255.773354,37,3136.071821
-156.031057,37,3136.228703
-135.900804,37,3136.386418
-242.963492,37,3136.538721
-248.332058,37,3136.693757
-243.729147,37,3136.844445
-191.169643,43,3137.016533
-250.273633,37,3137.165748
-223.965263,34,3137.304562
-209.146516,32,3137.435769
-146.622824,56,3137.662467
-20.439663,19,3137.741066
-249.40533,37,3137.894338
-259.633128,37,3138.170759
-141.695448,22,3138.26059
-83.970337,30,3138.383371
-247.038082,51,3138.599644
-191.951559,29,3138.717257
-165.791283,26,3138.822329
-248.345262,37,3138.9728
-265.214043,37,3139.118821
-161.837662,43,3139.299217
-219.961245,33,3139.439073
-250.456487,37,3139.587623
-209.652574,33,3139.723601
-205.43261,31,3139.852202
-132.977531,22,3139.940747
-191.245234,31,3140.065633
-14.154372,19,3140.144098
-125.963717,19,3140.213858
-246.619347,36,3140.365036
69.414869,22,3149.677181
-263.768531,37,3149.912674
-238.017695,37,3150.079384
-231.626534,36,3150.230089
-29.407933,21,3150.314816
-250.250456,37,3150.467565
-240.123962,37,3150.627744
-389.648645,101,3151.051119
-138.290363,37,3151.205316
-94.433599,32,3151.33227
-242.970457,37,3151.497144
-144.318026,24,3151.594471
-149.182905,37,3151.746205
-156.640882,25,3151.855188
-139.782829,38,3152.01013
-117.304925,20,3152.093178
-168.149706,27,3152.207197
-42.247405,37,3152.368638
-87.415055,51,3152.630196
-240.039883,37,3152.794708
-237.793902,37,3152.943829
42.937791,31,3153.066717
-241.974098,37,3153.219744
-242.574114,37,3153.373978
-80.154317,30,3153.494804
-135.831761,23,3153.588782
-255.110579,37,3153.735485
-210.775596,46,3153.920026
-150.550847,38,3154.0722
-706.087746,101,3154.490432
-215.60304,34,3154.633429
-159.994242,25,3154.737581
-83.701492,30,3154.860279
-253.178838,37,3155.01025
-176.69972,28,3155.123698
-244.012846,36,3155.266862
-248.179854,37,3155.414471
-251.892491,37,3155.56294
-123.093316,36,3155.714998
-246.367476,37,3155.879017
-138.989057,23,3155.973356
-242.071796,37,3156.122429
-70.769259,28,3156.235115
-145.50644,24,3156.329347
-257.577988,37,3156.475993
-262.915192,39,3156.632431
-125.728941,20,3156.71205
-238.534624,37,3156.858095
-268.745798,37,3157.013096
-147.27997,24,3157.111613
-170.618737,26,3157.224726
-238.766363,37,3157.391211
-239.677794,37,3157.567051
-245.652042,37,3157.723478
-48.951842,39,3157.89577
-23.429466,22,3158.069432
-596.126788,101,3165.756371
-240.409939,36,3165.954505
-129.77227,20,3166.041701
-228.531496,36,3166.184375
-17.750185,19,3166.259972
-241.446597,37,3166.411993
-129.308553,35,3166.567466
-386.320368,53,3166.79651
-256.585836,37,3166.950961
-242.476037,37,3167.102224
-137.266715,23,3167.192133
-144.88297,23,3167.287167
-223.950118,35,3167.429368
-187.35733,30,3167.549003
-250.604137,38,3167.704662
-263.989309,39,3168.296824
-131.671233,23,3168.404242
-128.101019,20,3168.497868
-213.42219,32,3168.633126
-17.170646,19,3168.711872
-131.208775,23,3168.803546
-263.591041,37,3168.969988
-240.413132,37,3169.135857
-151.906543,25,3169.237279
-275.401482,44,3169.418061
-271.735513,42,3169.592551
-301.600381,45,3169.774315
-265.435112,37,3169.942612
-194.267326,31,3170.072417
-257.321799,37,3170.224737
-262.188121,37,3170.375654
-241.431428,37,3170.523665
217.014387,50,3170.740962
-15.061639,19,3170.852331
-266.002366,37,3171.003816
166.310863,24,3171.103849
-236.443687,37,3171.263598
-150.442536,26,3171.368712
-29.812593,21,3171.460197
-244.595638,37,3171.621773
-241.382083,37,3171.779475
-149.132494,23,3171.876221
-256.149903,37,3172.023905
-28.546001,21,3172.116503
-253.577665,37,3172.271303
-172.087338,26,3172.376539
-249.561946,37,3172.519279
-163.929134,25,3172.620297
-249.437472,37,3172.766529
-193.221445,36,3172.907534
50.843068,23,3172.996071
-130.86444,20,3173.075294
-260.006904,37,3173.228465
-127.560064,21,3173.309747
-257.809057,37,3173.513998
-256.771977,37,3173.753592
-710.655378,101,3174.705525
-245.531456,37,3175.056134
-159.043199,37,3175.343225
-223.225914,35,3175.764735
-161.018648,37,3176.108515
-255.523646,37,3183.814559
-239.82764,37,3184.011908
-60.318409,27,3184.134352
-238.511495,37,3184.290729
-39.875824,37,3184.44529
-256.158483,37,3184.596025
161.58457,46,3184.788374
-172.574869,28,3184.910689
-221.378644,34,3185.046714
199.284964,32,3185.176627
-266.627184,37,3185.327612
-251.893923,37,3185.476575
-160.895909,37,3185.627359
-496.778368,73,3185.938934
-28.95895,21,3186.028871
-253.764355,37,3186.179579
-257.107107,37,3186.519582
-255.265194,37,3186.800887
-239.537251,37,3186.964419
-143.656499,37,3187.121201
-256.039996,37,3187.275284
-282.884251,37,3187.431008
-83.734008,31,3187.560164
-135.569137,24,3187.663377
-241.238664,37,3187.811747
-249.962631,41,3187.989216
-170.85524,29,3188.10993
-233.989653,37,3188.264949
-226.706376,36,3188.409303
-242.267764,37,3188.561403
-142.407164,24,3188.659561
-257.580895,37,3188.813711
-157.224373,27,3188.929029
-28.185238,20,3189.008283
-170.269574,27,3189.122015
-263.368349,37,3189.280861
76.32242,20,3189.363112
-60.283981,28,3189.480722
-163.663204,25,3189.589835
-251.360785,37,3189.742153
-133.367294,37,3189.899481
-369.94333,52,3190.115727
-257.420637,37,3190.268156
-119.225461,18,3190.345016
-263.803296,37,3190.492803
-187.714148,28,3190.606352
-239.407033,37,3190.903363
-163.959196,28,3191.02079
-258.898111,37,3191.172569
-257.788208,37,3191.326769
-140.792141,37,3191.487936
-29.053468,21,3191.584157
-241.667433,37,3191.737313
-137.043467,37,3191.894286
-69.153626,27,3192.005839
-152.668682,26,3192.117828
66.281435,41,3192.289495
-18.449021,19,3192.369362
-122.937383,38,3192.517897
-248.332231,37,3192.677671
-149.409936,36,3203.319208
-186.920349,29,3203.504983
-257.93826,37,3203.671909
65.657521,22,3203.772914
-171.203756,48,3203.966997
-279.831102,43,3204.146747
-247.401047,37,3204.300917
-252.9827,37,3204.462345
-190.674434,42,3204.633626
-204.989707,32,3204.774388
-254.614954,37,3204.920872
-248.965741,37,3205.075569
-136.713217,22,3205.308579
-236.155226,37,3205.588531
-246.284251,37,3205.73434
-30.879458,21,3205.823515
-14.205047,35,3205.978133
19.326571,33,3206.112778
-262.090343,37,3206.266482
-144.879736,37,3206.414782
-24.277413,19,3206.490061
-52.241502,25,3206.594224
-252.519839,37,3206.745611
-255.812846,37,3206.892041
-155.360477,26,3206.996733
-72.376515,29,3207.161092
-247.929192,37,3207.753836
-45.600475,25,3207.935196
-205.080579,33,3208.097716
-269.538804,40,3208.25777
-243.831552,37,3208.411118
-328.060738,60,3208.649363
-260.277952,37,3208.804108
-262.641411,40,3208.976375
-169.09397,27,3209.08609
-165.762023,27,3209.194906
-240.921932,37,3209.337674
-202.320546,44,3209.524314
23.173448,29,3209.64014
-42.622261,22,3209.725728
-138.748776,23,3209.82066
-193.707496,31,3209.951906
-10.629488,18,3210.024413
-260.026535,37,3210.16982
-16.714852,20,3210.249447
-52.839417,24,3210.345986
-215.103125,33,3210.479496
-237.680423,37,3210.625842
-253.38292,37,3210.773289
-75.545643,30,3210.903043
-250.921543,42,3211.072793
-158.560092,28,3211.18644
-124.155085,20,3211.267388
-132.524348,22,3211.357893
-258.866037,37,3211.504028
-185.068428,31,3211.652608
-279.960844,43,3211.839433
-232.484535,37,3211.985425
-81.270422,30,3212.103036
-147.472786,37,3212.246302
-259.83104,37,3212.40376
-96.13099,30,3212.528797
-242.562909,37,3220.370783
-260.199997,37,3220.583336
-196.411926,30,3220.714217
-257.968266,52,3220.934636
-247.777971,37,3221.078402
-236.680849,37,3221.233386
-240.372165,37,3221.382139
-258.869623,37,3221.526193
-257.077729,37,3221.668643
-237.033159,40,3221.841394
-60.791317,28,3221.957131
-684.213,101,3222.372396
4.316404,34,3222.507296
-152.554054,37,3222.66494
-271.09558,41,3222.832803
-218.706939,33,3223.078577
-43.12871,22,3223.169752
27.896181,29,3223.292408
-226.243256,45,3223.473943
-245.830782,37,3223.62509
-360.371544,52,3223.839299
-91.136036,31,3223.959884
-250.127279,40,3224.543164
-244.038808,37,3224.735687
-283.339956,44,3224.924901
-92.663532,47,3225.120495
-164.93997,37,3225.270353
-247.694264,37,3225.420492
-200.110101,31,3225.546242
-122.358782,19,3225.620553
-251.274919,37,3225.776307
-261.996179,37,3225.932165
-260.825069,37,3226.083871
-126.059038,21,3226.168267
-256.963477,37,3226.321885
-253.026646,37,3226.476329
-139.682602,22,3226.566703
-262.983027,37,3226.715676
-59.335558,27,3226.83098
-130.095635,20,3226.916115
-118.732584,18,3226.986597
-173.02152,30,3227.108116
-148.195783,24,3227.208706
-261.897931,37,3227.384334
-16.406408,19,3227.472849
-269.176971,41,3227.657421
-263.721363,37,3227.808199
-284.847984,41,3227.979614
-376.666923,54,3228.196653
-137.503917,37,3228.365408
-260.617307,37,3228.588181
-251.778394,37,3228.817124
-59.886746,43,3229.285349
-150.19232,23,3229.530425
-257.627329,39,3229.97856
-118.126969,34,3230.299905
-254.292822,37,3230.714787
-38.622835,23,3240.266077
-174.734449,27,3240.425117
-232.214779,49,3240.636856
-186.078366,45,3240.832684
-255.546287,37,3240.989348
-247.733401,37,3241.146172
-74.103249,27,3241.253632
-241.789285,37,3241.401657
-42.174272,22,3241.491197
-252.340395,37,3241.639587
-252.401004,37,3241.787968
82.080616,25,3241.898844
-382.35845,51,3242.101019
-238.70195,37,3242.249263
-7.064619,38,3242.406338
-250.736289,38,3242.570046
50.7051,24,3242.669743
-143.511981,37,3242.829303
-237.568679,37,3242.983554
-238.043402,37,3243.129901
-239.159866,37,3243.275495
-262.780395,37,3243.46853
-237.653069,37,3243.928531
-634.148533,101,3244.388913
-145.730131,37,3244.553337
-147.22563,37,3244.704031
-43.439748,25,3244.802841
-240.182272,37,3244.963907
-67.926721,27,3245.076373
-15.210059,20,3245.158431
-56.01779,25,3245.255456
-243.860738,37,3245.40797
-266.807084,37,3245.556297
-148.735234,24,3245.656798
48.95984,25,3245.760059
-26.412402,21,3245.841914
-191.183932,29,3245.975655
-126.567409,22,3246.064531
-262.57563,37,3246.212563
-43.657939,37,3246.362368
-238.523262,37,3246.512458
-285.273655,41,3246.675416
-158.863216,37,3246.826608
-239.953507,37,3246.979538
-41.228679,24,3247.070832
-238.558321,37,3247.22833
-23.829499,19,3247.305018
-259.181016,37,3247.457288
-29.454754,21,3247.54867
-211.845228,33,3247.786975
-259.80003,37,3248.042775
-248.042335,37,3248.209261
-250.609114,37,3248.35996
51.407134,46,3248.540346
-242.985604,37,3248.695307
-245.603417,38,3248.865168
-260.606922,37,3249.017609
19.229445,33,3249.153813
-27.757057,21,3249.247299
-143.566138,37,3258.990477
-260.450734,37,3259.204015
76.42893,20,3259.302575
-121.496461,35,3259.448513
-147.32678,24,3259.55142
-257.338938,40,3259.714236
-258.809436,37,3259.865436
-182.720417,31,3259.98715
-245.533609,37,3260.139978
-251.183215,37,3260.297377
18.331636,57,3260.544083
-249.543231,42,3260.711389
-163.718307,26,3260.818439
-251.169262,37,3260.996737
-262.07042,37,3261.148258
-184.853029,30,3261.269317
-53.112578,26,3261.37459
-484.293985,101,3261.772736
-235.250795,37,3261.932158
-243.216852,37,3262.270914
-59.451556,26,3262.527872
-56.963238,25,3262.663664
-244.905993,37,3262.818318
-256.914095,37,3262.973208
-201.256182,47,3263.170187
-191.987233,31,3263.295058
-236.896419,37,3263.446739
-490.794672,81,3263.792776
-41.602714,24,3263.900194
-145.402875,60,3264.157209
-84.732772,28,3264.279063
84.240766,39,3264.429099
-110.909126,35,3264.573587
-237.950575,37,3264.732389
-109.727962,37,3264.88431
-210.626091,33,3265.015068
-260.633816,37,3265.165354
-254.578823,37,3265.315901
-257.840939,37,3265.480177
-215.194142,34,3265.624575
-243.806599,37,3265.771744
-250.54317,37,3265.924102
-148.539195,38,3266.081282
-25.487643,21,3266.169812
-248.256954,37,3266.320385
-282.911068,41,3266.498833
95.731542,49,3266.705987
-28.578426,36,3266.863544
-259.965602,37,3267.014403
-153.874383,24,3267.110849
-147.351894,40,3267.298495
-230.116286,36,3267.980619
-264.107896,37,3268.203273
-143.366182,24,3268.312612
-255.686617,37,3268.472716
-237.599468,37,3276.281501
-249.920741,38,3276.4802
-259.633862,37,3276.632871
-148.479776,23,3276.723648
-252.992932,37,3276.869402
-258.703827,37,3277.016573
-245.843175,37,3277.168719
-252.570271,37,3277.318539
-238.544886,37,3277.463261
-137.141363,37,3277.610609
-204.268939,42,3277.777007
-237.473407,37,3277.967187
-244.239882,37,3278.113282
-114.916072,33,3278.250036
-168.115145,27,3278.358167
-269.930328,37,3278.501908
-244.843385,37,3278.646849
-385.377887,63,3278.917982
-216.22294,34,3279.05934
-238.209905,37,3279.332051
-243.21535,37,3279.482941
-124.066244,19,3279.553845
-22.420026,21,3279.639839
-175.705225,28,3279.752511
-242.643577,37,3279.911577
-34.766973,22,3279.996887
-123.022449,35,3280.132662
-239.471508,37,3280.285079
-258.186915,37,3280.432921
-25.072104,20,3280.518581
-132.494004,21,3280.60853
-147.508342,35,3280.752212
-28.925675,40,3280.918012
-266.199149,37,3281.398932
-269.790788,37,3281.593112
-258.626477,37,3281.752016
-136.050956,21,3281.847434
-52.885682,26,3281.950846
-142.918419,24,3282.053996
-185.975528,32,3282.185753
-260.783769,37,3282.333297
-139.317741,23,3282.426772
-243.863342,37,3282.57926
-252.431675,37,3282.734127
-195.074837,31,3282.862044
-152.577788,37,3283.018721
-238.715071,37,3283.170846
-180.551661,42,3283.340021
-246.390485,37,3283.483569
-286.893181,45,3283.668982
-118.616866,34,3283.815861
-127.779062,19,3283.909544
-245.412287,37,3284.056699
-249.367769,37,3284.213353
-248.566689,37,3284.391776
-153.376499,25,3284.495243
-38.791647,22,3284.581346
-268.438041,37,3284.767011
-37.797529,37,3284.967414
-241.503806,37,3285.158659
-243.511829,37,3295.318834
-249.60869,37,3295.549791
-259.08403,37,3295.725208
-241.350444,37,3295.917359
-20.868289,19,3296.00459
-118.098799,19,3296.088149
-296.555939,43,3296.298777
-246.972941,37,3296.480322
-255.818509,37,3296.634577
-141.587492,37,3296.788757
-263.422531,37,3296.945351
-131.946478,22,3297.038865
-228.308727,48,3297.231856
-43.039606,41,3297.424768
-323.224551,48,3297.948332
-247.126243,38,3298.111243
-57.161712,25,3298.21516
-47.44696,25,3298.320896
-227.97164,35,3298.467496
-41.750798,24,3298.568696
-11.965398,18,3298.641351
-250.057777,37,3298.790947
-243.027232,33,3298.9208
-262.038022,37,3299.077921
58.524021,22,3299.168363
-179.361622,42,3299.34341
-253.144253,37,3299.49735
-244.275438,37,3299.650754
-237.768248,37,3299.795073
-203.215501,31,3299.928332
-332.569115,62,3300.18169
-133.66266,21,3300.266133
-38.032492,23,3300.572094
-602.020912,101,3301.353439
-251.426751,37,3301.504901
-47.292937,24,3301.601264
-12.675889,19,3301.678827
61.95574,22,3301.767598
-255.586706,38,3301.920233
-233.228475,36,3302.063367
-27.996344,20,3302.162598
-157.137697,40,3302.324522
-337.36775,78,3302.644547
-465.347576,66,3302.912321
-239.809039,37,3303.062591
-136.922621,35,3303.200567
-428.04738,73,3303.48567
-250.481648,37,3303.634303
-243.823343,37,3303.90943
-254.028968,37,3304.072597
-218.29774,34,3304.21053
-234.290854,34,3304.352855
-247.776847,37,3304.50773
-265.413561,37,3304.660648
-154.485979,25,3304.759765
-253.006431,37,3304.914536
-241.64242,38,3315.330303
-235.277384,37,3315.524487
-44.588579,26,3315.634012
-249.644373,37,3315.781
-192.621397,31,3315.914454
-236.327363,37,3316.074224
238.488559,41,3316.249874
-7.143138,33,3316.408427
-245.347166,37,3316.564287
-139.16912,37,3316.714221
-159.065359,26,3316.815794
-360.059187,70,3317.096049
-183.629002,27,3317.202385
-245.375966,37,3317.35291
-121.665607,19,3317.427086
-10.553603,18,3317.499509
-253.181185,37,3317.656179
-236.331594,37,3317.80493
-236.375661,37,3317.959126
-29.518126,20,3318.045744
-18.981795,19,3318.127572
-243.735981,37,3318.286991
-243.700945,37,3318.442698
-270.994253,42,3318.622655
-106.415652,53,3318.833762
-96.947347,31,3319.242597
-181.960043,29,3319.3649
-260.326005,37,3319.517717
-30.235836,21,3319.60324
-188.693845,29,3319.721989
-264.715911,37,3319.871471
-46.454582,26,3319.979782
-234.835861,37,3320.126683
17.222296,30,3320.277491
-256.88665,37,3320.429563
-103.021922,46,3320.621376
-129.798179,21,3320.709214
-152.148977,37,3320.861381
-152.713493,26,3320.978344
-140.674131,23,3321.069649
-255.383205,37,3321.22448
-242.803534,37,3321.371803
-182.218258,28,3321.480939
-7.329535,18,3321.555463
-241.565924,39,3321.720821
-205.433497,31,3321.861356
-240.03315,37,3322.012148
-35.27525,22,3322.101172
-43.307734,23,3322.192885
-280.055915,44,3322.383884
-371.796154,54,3322.596909
-49.839851,38,3322.753498
-162.200124,41,3322.926311
-139.857106,44,3323.107631
-35.771186,23,3323.204328
-370.258596,73,3323.502956
-25.621755,21,3323.587206
-53.863053,27,3323.69967
-247.755044,37,3323.857066
-256.816429,37,3324.001873
-140.972817,37,3332.629374
-154.629192,41,3332.845989
-256.672941,37,3332.999661
-257.422183,37,3333.158201
-247.050476,37,3333.306286
71.089272,21,3333.392068
-243.571238,37,3333.54662
-130.548286,36,3333.685577
-272.963261,37,3333.840671
-265.055398,37,3333.987297
-98.53923,49,3334.184552
-319.149571,55,3334.411498
-150.729649,23,3334.50213
-157.893116,41,3334.738204
-237.977629,36,3334.880904
-262.748016,37,3335.035479
-133.990019,21,3335.130499
-242.62939,38,3335.289085
-243.536395,37,3335.431221
-238.474387,37,3335.577522
-409.319364,101,3336.000641
-264.394846,37,3336.327917
-149.957975,40,3336.496155
-140.129601,23,3336.59426
-245.703823,37,3336.74085
-250.737498,37,3336.893072
-102.666849,34,3337.030927
-38.402398,38,3337.186978
-168.694461,30,3337.315425
108.46024,25,3337.601244
-225.288485,37,3338.015539
-178.148311,27,3338.155301
66.309764,22,3338.253874
-40.94604,36,3338.404043
-268.287905,37,3338.557925
-304.001051,45,3338.732345
-131.440743,21,3338.817859
-324.152651,48,3339.01622
-105.688615,32,3339.149899
-122.117955,36,3339.307292
-166.883852,27,3339.417022
-243.70711,37,3339.570712
-217.912682,33,3339.707511
-25.834747,20,3339.796244
-257.909793,37,3339.952533
-269.906662,37,3340.105505
-125.525675,20,3340.184408
-27.852495,20,3340.262077
-156.675488,27,3340.377562
-240.884568,37,3340.530763
-118.012994,33,3340.665556
-264.193622,37,3340.814506
-240.585932,37,3340.979026
-41.584667,25,3341.080705
-253.613822,37,3341.229223
-147.442735,37,3341.374702
-257.148978,37,3341.529158
-208.194833,31,3341.694722
-26.759187,20,3341.806102
-7.219505,18,3352.021443
73.038605,21,3352.164083
-253.175329,37,3352.337981
-157.856421,37,3352.526573
72.571015,47,3352.725705
-256.355893,37,3352.872967
-147.743702,23,3352.96571
-51.541324,26,3353.070037
-349.529662,51,3353.27941
-244.039852,37,3353.443033
-338.632639,63,3353.715177
-25.559888,21,3353.802304
-75.908822,27,3353.91581
-230.232622,38,3354.067642
-244.708945,37,3354.21739
-248.510069,37,3354.366374
-136.888225,37,3354.514309
-245.608154,37,3354.671279
-142.538654,36,3354.816444
-73.500259,30,3354.947916
-258.136159,37,3355.091499
-416.15415,62,3355.350126
-257.70914,37,3355.492035
-257.447841,37,3355.642649
-124.925225,19,3355.718174
-70.335189,28,3355.839003
-274.273586,40,3356.005543
-39.063199,23,3356.104869
-253.873069,37,3356.534589
-244.294594,37,3356.77104
-28.184786,22,3356.871234
-172.706379,29,3356.988154
-263.126176,37,3357.143107
-123.364265,19,3357.218291
-115.537907,18,3357.291375
-401.098387,59,3357.536843
-27.649255,21,3357.764485
-479.591229,78,3358.313911
-354.619754,51,3358.527388
-237.640187,37,3358.678112
-231.146169,36,3358.826529
-236.284287,37,3358.981357
102.296151,39,3359.144045
-260.013935,37,3359.302003
-245.693654,37,3359.451891
-254.112997,37,3359.608054
-249.418834,37,3359.760432
-190.625746,31,3359.892853
-243.296602,37,3360.040659
-35.573935,22,3360.130116
-20.602567,19,3360.210913
-248.168789,37,3360.358346
-107.398619,36,3360.510824
-240.576208,37,3360.861594
-244.623288,56,3361.097902
-237.999666,37,3361.240868
37.505206,27,3361.350235
-256.812635,37,3371.315366
-246.94434,37,3371.548053
-225.19583,36,3371.717916
-249.577526,37,3371.890171
-139.53094,23,3371.986826
-22.450552,21,3372.072553
-170.612938,29,3372.19118
-141.066479,38,3372.346647
-256.751327,37,3372.503615
1.093146,34,3372.639731
-211.137659,34,3372.781105
-140.745413,24,3372.894043
-259.142145,37,3373.046531
-273.51358,41,3373.218075
-126.060141,20,3373.303699
-38.675018,22,3373.394418
-235.403687,37,3373.539693
-259.185424,37,3373.683762
-254.201749,37,3373.838895
-233.424023,36,3374.003436
-66.53695,27,3374.11127
-111.618945,18,3374.186353
-241.559624,37,3374.344732
-613.815375,101,3374.76128
-275.34982,37,3375.231328
-265.434237,37,3375.385422
-207.635118,32,3375.517484
-179.842973,31,3375.643157
-239.55323,37,3375.787463
-381.362612,54,3376.015854
-260.819413,37,3376.167333
-29.13521,20,3376.251274
-262.965196,37,3376.396664
-204.695564,43,3376.573172
-519.324125,72,3376.900969
38.240686,25,3377.011296
-232.991375,35,3377.155996
-247.983381,37,3377.299431
-252.988433,37,3377.455906
-246.954226,37,3377.608555
-276.658465,56,3377.844502
-120.823574,19,3377.919325
-312.669735,45,3378.102073
-247.249626,37,3378.246676
-57.0265,25,3378.347097
-133.825451,22,3378.436958
-241.004348,37,3378.584085
-252.487122,39,3378.750593
-189.960674,45,3378.942523
-146.42228,37,3379.102768
-130.034002,20,3379.187919
-168.158953,28,3379.303765
-104.669211,35,3379.450045
-206.356471,32,3379.584248
-302.462263,45,3379.763689
-261.93249,37,3379.920326
-246.25592,37,3380.14863
-238.876946,37,3388.2491
-249.220394,37,3388.70922
-120.568364,18,3388.795118
-243.198318,37,3388.972219
-75.043132,26,3389.076841
-193.654324,29,3389.208365
-425.054205,101,3389.627011
-13.661293,19,3389.701368
-248.300109,37,3389.86024
-243.897072,37,3390.003362
-47.41281,25,3390.103832
-246.885657,37,3390.260659
-123.984638,21,3390.344164
-239.198027,37,3390.506137
-97.686967,32,3390.633923
-227.407169,36,3390.788373
-226.190685,35,3390.934885
-30.737124,21,3391.02606
-257.9193,37,3391.178572
-239.014287,37,3391.321625
-200.954511,45,3391.492193
-242.542739,37,3391.641818
-244.500033,37,3391.792711
-255.670141,37,3391.946007
170.283469,21,3392.035756
-314.912238,58,3392.279435
-26.763928,20,3392.359887
-240.502103,37,3392.692077
-246.459306,38,3392.849427
-259.068218,37,3393.002043
-248.989102,37,3393.148191
-144.399993,38,3393.302109
-20.740203,20,3393.386971
-249.304371,37,3393.531108
-318.108878,45,3394.040975
-156.098694,26,3394.165661
-122.866321,19,3394.246459
-260.615287,37,3394.412004
-238.125203,37,3394.571243
-213.162831,35,3394.715408
-258.040648,39,3394.876123
-260.288543,37,3395.036077
71.614089,21,3395.123117
-410.832328,70,3395.415055
178.154603,34,3395.564672
-261.180607,37,3395.721129
-145.528974,37,3395.879016
53.290224,23,3395.978111
-200.939065,31,3396.107986
-194.170006,32,3396.234578
-246.507669,37,3396.38995
-279.144155,39,3396.547714
-266.187745,37,3396.697023
-191.710812,101,3397.136822
-266.840437,43,3397.320731
4.281908,48,3397.528696
-134.171079,21,3397.623473
-102.621862,31,3408.202852
289.284055,25,3408.327066
75.597067,20,3408.410567
-19.339508,19,3408.492127
-13.166546,19,3408.572669
-211.469487,35,3408.709204
-254.561109,37,3408.861399
-221.20823,34,3409.000059
-251.488162,37,3409.14857
-18.628702,19,3409.228042
-151.192411,52,3409.44298
67.18671,22,3409.537784
-143.270726,22,3409.625324
-258.551608,37,3409.780603
-229.854481,39,3409.939863
-266.924407,37,3410.095537
-247.331299,37,3410.271307
-250.855595,37,3410.419295
-252.516706,37,3410.570135
-131.781419,20,3410.650163
-64.832932,27,3410.759922
-250.363151,37,3410.907419
-255.224911,37,3411.062954
-243.896481,51,3411.273175
-150.648625,25,3411.381166
-15.590895,18,3411.450908
-123.484034,20,3411.530039
-268.071814,40,3411.689048
52.294101,23,3411.780599
-254.423265,37,3412.005973
-249.081552,37,3412.450427
-128.30401,21,3412.558062
-401.89839,57,3412.798751
-39.850754,22,3412.904331
-247.138613,37,3413.052542
-129.377492,23,3413.145728
-258.862521,37,3413.305045
-163.409982,25,3413.404332
-605.259038,101,3413.830476
-255.641967,37,3413.988333
-281.449901,43,3414.180837
-327.297303,46,3414.36524
-131.25436,21,3414.450377
-42.982062,25,3414.555074
-32.349552,23,3414.645759
-123.902695,19,3414.721974
-232.974424,37,3414.873205
-252.219577,37,3415.036437
-206.526416,34,3415.181738
-241.73446,37,3415.329568
-246.250363,37,3415.475793
-101.238988,32,3415.614004
3.989829,30,3415.744049
-243.244496,37,3415.891007
-120.152856,18,3415.965864
-216.049491,35,3416.119296
-255.649942,37,3416.276072
-230.578692,35,3416.416616
-37.367755,22,3416.506047
27.972408,28,3416.616542
-153.784231,24,3416.717311
-252.150979,37,3416.987099
-247.71475,37,3428.301308
-237.934203,37,3428.547616
-265.379029,37,3428.712029
-202.085941,32,3428.840245
-234.431627,36,3428.990517
-92.227637,30,3429.107193
-258.057352,37,3429.250932
-805.758792,100,3429.673683
-138.620693,37,3429.823493
-147.37366,37,3429.969895
-247.306169,37,3430.116399
-234.60986,37,3430.268428
-145.413846,23,3430.360253
-318.214504,47,3430.548502
-282.227657,59,3430.78348
-585.95079,101,3431.214421
-147.214224,37,3431.371735
-236.684239,37,3431.528053
-247.266741,37,3431.682858
-160.921412,28,3431.803021
-254.048119,37,3431.947659
-242.49908,37,3432.096894
-256.071485,37,3432.247421
-312.368944,46,3432.427757
-150.81198,37,3432.574294
-250.924941,37,3432.724024
-244.672161,37,3432.886969
-149.601959,37,3433.039117
-335.019671,101,3433.783467
-119.742899,20,3433.874499
-279.541195,42,3434.05699
61.07599,24,3434.153436
-102.081395,31,3434.28482
-24.503286,20,3434.371855
-169.460032,29,3434.495876
-265.217228,37,3434.637105
-243.654752,37,3434.7867
-244.743837,38,3434.940408
-250.843257,37,3435.093166
-346.387984,51,3435.305864
-245.751628,39,3435.468253
-241.364489,37,3435.617231
-493.850738,75,3435.920192
-28.073265,36,3436.078927
-239.615732,37,3436.225449
-140.062118,34,3436.362994
-242.170572,37,3436.512563
-202.40948,32,3436.645808
-572.381109,101,3437.083857
-133.577621,21,3444.920654
-27.18197,20,3445.056423
-233.036236,37,3445.238221
-110.765273,34,3445.375162
-239.870415,37,3445.5273
101.702104,39,3445.705517
-141.937654,36,3445.861531
-244.602378,36,3446.01166
-254.282683,37,3446.164623
-135.967354,37,3446.313572
20.056498,28,3446.428175
-249.249734,37,3446.576826
-123.281686,19,3446.655088
-128.381508,36,3446.800759
-254.95717,37,3446.956773
-248.102284,37,3447.10282
-285.173528,50,3447.310404
-263.289308,37,3447.457155
-150.309446,37,3447.617069
-251.121409,37,3447.892106
-27.768013,21,3448.480161
-129.926147,20,3449.416552
-18.649496,19,3449.595328
-163.941879,37,3449.774747
-203.735883,31,3449.913339
-131.660822,20,3449.995576
-403.469203,59,3450.239451
-254.276453,37,3450.395122
-163.731169,40,3450.562756
-185.089008,29,3450.682508
-238.683008,37,3450.836189
-45.162421,37,3451.113884
-250.654643,37,3451.260338
-152.40845,24,3451.361914
-192.279488,30,3451.48921
-261.606897,37,3451.636756
-183.604235,44,3451.808894
-265.028984,37,3451.96252
-247.351328,37,3452.112046
-581.271092,101,3452.537913
-245.966163,37,3452.687625
-182.15462,28,3452.79622
-39.129434,25,3452.898089
-14.548752,38,3453.078673
-247.233641,39,3453.245269
-80.70688,60,3453.478392
-238.934922,37,3453.633303
-137.446837,35,3453.77497
-243.891169,37,3453.918533
-137.853359,21,3454.001932
-70.471862,28,3454.109265
-178.026327,29,3454.225314
-241.478192,37,3454.369133
-156.480323,25,3454.471238
-246.301109,37,3454.618622
-239.8349,37,3454.769622
-277.697354,37,3454.920511
-128.254719,20,3455.001288
-266.419933,37,3465.940876
-134.904972,36,3466.167715
-58.616238,24,3466.278402
-240.997484,37,3466.431093
-20.959547,19,3466.514379
-204.026243,33,3466.647797
-236.75568,37,3466.791143
-120.530835,19,3466.872848
-241.82145,37,3467.022855
-234.119703,37,3467.175114
-127.024194,20,3467.251909
-263.639082,37,3467.413285
-367.216647,65,3467.687701
49.956431,24,3468.030769
-254.170066,37,3468.204212
-224.663785,35,3468.342831
-146.549717,37,3468.498725
-247.11714,37,3468.6549
-226.970492,36,3468.809735
-153.772137,39,3468.973216
-254.676999,37,3469.12106
-127.008729,19,3469.1972
-142.093088,38,3469.355128
-264.082334,37,3469.494133
-219.661784,35,3469.629753
-184.468654,44,3469.821653
-38.539126,37,3469.97095
-262.782575,40,3470.142327
-247.55444,37,3470.297273
24.023649,29,3470.417065
-94.557426,31,3470.538735
51.001074,23,3470.627211
-76.852451,28,3470.738023
-260.774458,37,3470.888207
-161.937754,38,3471.051548
-64.08732,25,3471.158185
-228.881694,35,3471.296209
-255.053661,37,3471.447652
-133.801842,36,3471.59688
-192.04234,33,3471.726504
-244.670406,37,3471.873534
-240.73207,37,3472.024788
-117.684844,18,3472.094156
-289.005373,42,3472.27523
-198.771152,30,3472.395204
-240.259701,37,3472.543996
-156.79651,27,3472.654354
-241.495016,35,3472.795401
-258.36939,37,3472.944434
-257.581951,37,3473.116838
-252.49086,37,3473.268534
-265.84972,40,3473.432981
-313.282972,47,3473.623542
-169.612711,29,3473.741611
-186.526369,30,3473.873472
-261.391697,37,3474.024409
-87.243095,30,3474.150864
-245.417061,37,3474.300155
-249.355916,37,3474.447108
-256.921482,39,3474.608218
-253.724412,38,3483.055644
-267.155928,37,3483.260899
76.18828,20,3483.437255
-241.252002,37,3483.584953
-242.715978,37,3483.734552
-232.875374,37,3483.885355
-119.963933,19,3483.959763
-86.263181,29,3484.07979
-142.242307,35,3484.224591
-52.540545,24,3484.322186
-250.824845,37,3484.474007
-54.256522,25,3484.573061
-245.028851,37,3484.723072
-235.104768,35,3484.867925
-254.687845,39,3485.027139
-264.512126,37,3485.196671
-189.653639,30,3485.314978
-22.278183,19,3485.391695
-243.869828,37,3485.541689
-176.744525,29,3485.656909
-242.067698,37,3485.815456
-123.642571,19,3485.896392
-128.197849,36,3486.155287
-140.924397,37,3486.536454
-34.547617,22,3486.629865
79.211004,22,3486.723169
-194.31837,34,3486.875741
-124.59032,19,3486.951939
-258.24646,37,3487.104476
-248.77692,37,3487.254805
-51.269486,24,3487.354413
-147.29214,24,3487.450852
16.043073,29,3487.573604
-189.722373,66,3487.845999
-251.623539,37,3488.024774
-155.8297,25,3488.126355
-253.907162,37,3488.277232
-177.797188,28,3488.384597
-251.190714,37,3488.531698
-256.057284,37,3488.691289
-34.013365,37,3488.900368
-245.98619,37,3489.207177
-57.151725,27,3489.432369
-235.334091,37,3489.737469
-119.682893,19,3489.931581
-130.965736,22,3490.146211
-245.568775,37,3490.490795
-166.368589,28,3490.738274
-239.917674,37,3491.111646
-248.182491,37,3491.378528
-225.757306,37,3491.582702
-30.17972,21,3491.670996
-165.519291,27,3491.789123
-8.321609,18,3491.865442
-240.115358,37,3492.018803
-22.388414,21,3492.105013
-54.44066,24,3492.210287
-245.349251,38,3492.362795
-253.624223,37,3492.509817
-30.91304,42,3492.682823
-259.49667,37,3492.847848
-160.047713,39,3492.999018
-165.315503,27,3493.105522
-59.512485,27,3493.216662
-126.9107,22,3493.310001
29.455931,27,3501.255154
56.981439,23,3501.412018
-136.247283,37,3501.588102
-28.095065,20,3501.669475
-124.360331,19,3501.747173
-62.044725,25,3501.854571
105.37925,49,3502.050389
-360.074831,55,3502.275673
193.914938,19,3502.352729
-151.052661,28,3502.470908
-60.402977,25,3502.569884
-236.60868,37,3502.728352
-260.825005,37,3502.891588
-238.657267,37,3503.042432
-241.230523,37,3503.211418
-247.749592,37,3503.368935
-128.902462,38,3503.527691
68.014802,21,3503.611905
-259.013203,37,3503.759411
-125.208245,19,3504.023033
-243.154265,37,3504.349561
-238.500304,37,3504.522359
-594.326983,79,3504.865539
-131.947565,21,3504.953077
-197.279792,30,3505.076944
-223.029225,35,3505.221072
-117.60417,20,3505.307038
-222.410193,33,3505.439801
-255.180471,37,3505.586257
-237.893944,37,3505.735544
-124.728222,19,3505.81108
-43.445439,24,3505.910996
-260.460282,37,3506.079256
-319.534627,49,3506.271586
-124.687183,19,3506.352002
-245.994094,37,3506.586484
-32.667772,23,3506.692889
-107.697446,37,3506.848001
-244.907984,37,3506.999749
-255.738729,37,3507.154384
-25.578298,20,3507.237585
-255.980009,42,3507.416202
-144.869821,37,3507.569072
-138.921297,36,3507.717338
-35.581314,22,3507.81033
-165.964794,25,3507.919666
-256.48013,37,3508.092641
-187.375928,28,3508.605515
-344.717247,51,3509.027298
-260.229976,37,3509.19038
-121.95445,19,3509.269043
-243.577863,37,3509.418369
-370.607811,63,3509.688374
-240.014705,37,3509.83269
-254.537766,37,3509.984404
-258.848807,37,3510.155467
-179.483436,28,3510.272109
-241.534825,37,3510.423914
-51.181884,24,3510.522925
-288.447021,44,3510.696561
-52.290991,40,3510.867036
-120.635118,19,3521.540426
-263.575124,37,3521.780841
-245.942132,37,3521.944414
-145.371122,44,3522.122779
-251.865254,37,3522.27503
-251.533146,37,3522.448195
-12.366055,18,3522.534709
-28.126096,23,3522.647929
-242.748491,36,3522.885568
-287.708877,43,3523.284305
-240.942504,36,3523.435978
-280.175158,51,3523.6416
-43.340071,22,3523.730666
-117.594907,34,3523.885093
-247.856681,37,3524.048679
-244.503129,37,3524.19655
-242.870775,37,3524.379018
-263.235629,37,3524.53637
-241.826112,37,3524.68147
-248.74195,37,3524.836035
-28.250093,21,3524.929666
-256.719273,37,3525.082027
-41.2952,23,3525.177551
-236.096178,37,3525.334851
-260.794431,37,3525.489354
-46.983251,25,3525.589583
-235.459225,37,3525.740861
-244.368124,37,3525.892241
-249.543213,36,3526.044213
-238.711577,37,3526.204666
-673.105399,101,3526.6137
-263.228033,37,3526.767427
-111.839443,19,3526.847414
-133.759272,39,3527.010772
-235.858601,37,3527.156062
-143.384363,37,3527.307571
-118.902985,19,3527.382387
-257.345582,37,3527.532104
-107.645997,35,3527.673112
-145.211563,24,3527.775066
-234.887122,37,3527.921626
-24.444923,34,3528.061066
-21.070535,19,3528.135568
-241.342399,37,3528.286382
-438.411439,71,3528.577009
-246.91014,37,3528.730101
-145.491849,23,3528.823451
-235.022109,35,3528.967792
-258.468454,37,3529.120135
-201.734558,43,3529.286264
-37.215791,24,3529.383718
-23.685595,19,3529.455708
18.818589,72,3529.744924
-243.015264,37,3529.899774
-164.955577,28,3530.012666
-67.049521,27,3530.122842
-245.775373,37,3530.278596
-178.511524,29,3530.408413
-263.140147,37,3538.472339
-248.136011,37,3538.939648
-252.079292,37,3539.136835
23.993401,29,3539.266188
-119.879176,33,3539.496029
-179.176353,28,3539.621701
-250.073698,37,3539.779082
-28.436161,21,3539.887659
-53.536543,24,3540.025165
-146.406594,44,3540.217731
-76.239298,30,3540.340607
-61.647956,25,3540.443644
-178.764376,41,3540.602961
-129.525726,20,3540.689986
-35.377406,21,3540.773294
-145.735629,24,3540.870754
-263.85613,37,3541.021438
-261.835045,37,3541.182408
20.925023,28,3541.297402
-28.631019,20,3541.375826
-227.867105,37,3541.529467
-446.810064,72,3542.417418
-244.007011,37,3542.632016
-256.763537,37,3542.781647
-40.746301,37,3542.944022
-259.197595,43,3543.124787
-33.183704,21,3543.210709
-121.559033,21,3543.293303
-162.836727,26,3543.396917
-185.15897,29,3543.539666
-248.013884,37,3543.688707
-159.971347,37,3543.838413
-257.770258,40,3543.996489
-17.773965,21,3544.086176
-252.042982,37,3544.236718
-141.381261,37,3544.387154
-239.602086,37,3544.533715
-126.345853,19,3544.606463
-50.019795,24,3544.699115
-164.839002,28,3544.810153
-30.985972,21,3544.911476
-243.526916,37,3545.174605
-253.823755,37,3545.51074
-263.48841,37,3545.834586
-176.108922,29,3546.096665
-244.183806,36,3546.459352
-184.635901,29,3546.667347
-118.178315,41,3547.034751
-46.144913,23,3547.181125
-117.324588,20,3547.291313
-61.007396,25,3547.515386
-250.512956,37,3547.817561
-258.741542,37,3548.027454
-247.250468,37,3548.178332
-641.70466,99,3548.596329
-252.47822,37,3548.745206
-141.484472,37,3548.90309
-117.325397,20,3548.979608
-452.455129,73,3549.271499
-254.047689,37,3549.422386
23.639094,30,3557.380686
-253.642385,37,3557.60823
-351.299336,50,3557.816084
-90.922504,34,3557.952336
-250.309495,37,3558.104508
-234.843851,37,3558.260644
-249.268247,37,3558.410783
-131.929713,20,3558.497051
-220.980022,35,3558.645552
-246.748692,37,3558.792505
-243.548728,37,3558.942883
85.632785,34,3559.081919
-144.444349,24,3559.181382
-175.630322,29,3559.294287
-246.452937,37,3559.448372
-63.998946,25,3559.551266
-144.307978,36,3559.696125
-143.449533,24,3559.804929
-462.724641,65,3560.068986
-64.942156,29,3560.181894
-148.823028,25,3560.285154
-294.485434,46,3560.481223
-201.911397,32,3560.61338
-27.156054,35,3560.757053
-138.747853,37,3560.91698
-561.189013,101,3561.888545
-192.568835,30,3562.008459
-250.362337,37,3562.164711
8.723965,33,3562.299654
-293.922351,43,3562.481179
-14.194148,19,3562.559337
-28.215345,20,3562.65132
-199.773967,32,3562.790232
-135.896354,22,3562.887098
66.161949,22,3562.990502
-22.974014,20,3563.080598
-121.670947,19,3563.233588
-264.521157,37,3563.390264
-347.743004,51,3563.600019
-244.500776,37,3563.755123
-245.790533,37,3563.919839
-250.585754,37,3564.082453
-130.613015,21,3564.168983
-219.73941,34,3564.323
-42.38296,23,3564.426768
-164.621851,27,3564.534947
-232.03411,36,3564.676462
-242.500827,37,3564.836442
-220.070904,101,3565.278216
-261.331569,37,3565.43789
-109.684098,33,3565.591213
-244.208823,37,3565.74477
-43.536888,24,3565.847908
-137.322515,21,3565.938106
-155.615076,25,3566.056859
-261.324519,38,3566.23106
-222.246578,35,3566.392653
-157.715497,37,3566.547058
-256.674539,37,3582.81382
-612.458401,101,3583.339407
-11.842781,86,3583.723378
-244.653037,37,3583.916342
-168.747735,28,3584.040391
-26.724477,20,3584.122318
-21.505507,19,3584.20844
-455.715997,65,3584.515998
-266.36591,37,3584.665165
-55.442299,26,3584.789589
-258.993456,36,3584.975419
-257.553497,37,3585.144474
-32.219094,22,3585.247972
-51.796341,26,3585.377982
-127.902905,34,3585.521921
-119.083396,71,3585.88899
-245.189891,37,3586.062352
-130.43299,20,3586.171658
-122.537865,33,3586.310936
-243.509435,37,3586.471301
-136.446993,22,3586.561104
-240.074758,37,3586.714748
-169.644818,27,3586.824039
61.591922,23,3586.918892
-236.765184,37,3587.090104
-221.538485,33,3587.239445
-206.193999,33,3587.383975
-154.660739,38,3587.542728
-42.209642,25,3587.646798
-180.579157,28,3587.761623
-262.001091,37,3587.923447
-248.078185,41,3588.094395
-57.332729,40,3588.256612
-244.621578,37,3588.415571
-158.678482,37,3588.585215
-232.942428,37,3588.73136
-126.680833,19,3588.808975
-226.479857,34,3588.944818
-49.623576,26,3589.05516
-212.067423,34,3589.195702
-160.543749,26,3589.301987
-142.775939,24,3589.397727
-118.155261,19,3589.47796
-254.191147,37,3589.63053
-239.633348,37,3589.785539
-205.036871,30,3589.908419
-136.297263,35,3590.051358
-254.534936,37,3590.200824
-241.932224,37,3590.349451
-235.490583,37,3590.49891
-253.404469,37,3590.645806
-255.04991,37,3590.792613
-135.395956,22,3590.889689
-27.674364,21,3590.973151
-121.552921,19,3591.049103
-236.941579,37,3591.211371
-212.373677,32,3591.339898
-255.722498,36,3591.489721
-123.276429,20,3591.573521
-33.210702,43,3591.753842
-534.067411,97,3601.744943
-206.503448,32,3601.877622
-241.748016,37,3602.030219
-257.946533,37,3602.187956
-125.291171,19,3602.269286
-236.115456,37,3602.425541
77.092435,36,3602.68025
-74.05962,27,3602.794641
-32.410333,22,3602.892529
-239.185969,37,3603.051806
-17.260243,19,3603.127388
-25.994728,20,3603.208688
-25.004872,20,3603.289221
-252.493898,37,3603.4361
-32.11521,21,3603.52659
-452.218015,101,3603.958878
-142.666247,36,3604.099402
-24.170775,21,3604.183438
-226.546546,36,3604.326557
-253.577479,37,3604.481649
-188.723307,30,3604.603537
-246.742765,37,3604.760894
-237.619145,37,3604.922061
-132.09905,20,3604.996856
-7.228373,33,3605.149074
-166.035414,28,3605.264294
-149.749437,27,3605.379241
-174.650517,29,3605.500206
-133.557475,36,3605.652013
-251.063629,37,3605.806937
-34.074501,24,3605.901036
-255.074392,37,3606.051292
9.382686,34,3606.202125
-142.256474,37,3606.368666
-92.385682,33,3606.500795
-58.89518,42,3606.675505
-122.668333,19,3606.749467
-228.791497,35,3606.888037
-56.684351,26,3606.991499
-23.414103,20,3607.071161
-233.941051,37,3607.233027
-70.748234,28,3607.348855
-165.93924,26,3607.450825
-209.712662,33,3607.586018
-39.667015,24,3607.684995
-245.342961,37,3607.858258
-128.308302,22,3607.96968
-275.552345,44,3608.374763
-238.961286,37,3608.661488
-260.15136,40,3608.989581
-43.352503,23,3609.23634
-138.239965,37,3609.646112
-21.707643,19,3609.879744
-267.782001,38,3610.239146
-36.165399,23,3610.526695
-168.566433,39,3610.778889
-63.947241,26,3610.929925
-258.031058,37,3611.109509
110.197971,45,3611.305446
-67.381663,26,3611.427946
-245.854369,36,3611.584897
-248.991862,37,3621.416079
-155.687442,37,3621.653617
-374.128761,53,3621.891863
-259.259658,37,3622.046588
-256.89545,37,3622.202242
-153.511088,24,3622.3024
-124.868697,19,3622.381424
-260.004106,37,3622.536067
-175.050422,42,3622.742293
-17.658331,20,3622.822549
-103.097115,33,3622.955803
-250.661419,37,3623.116221
-35.028176,21,3623.212425
-258.381815,37,3623.360279
-247.727319,37,3623.508413
-118.672265,20,3623.590996
-279.005199,45,3623.781802
-40.132393,22,3623.876034
-141.980339,23,3623.97326
-251.141274,40,3624.142919
-50.919905,25,3624.240752
-237.690558,37,3624.397593
-245.862804,37,3624.566155
-260.399214,37,3624.72529
-141.904616,37,3624.878841
-142.17417,36,3625.038226
-240.387755,35,3625.18707
-153.332739,37,3625.34055
-22.168915,19,3625.417944
-87.924972,29,3625.536062
-137.81724,37,3625.686829
-149.501517,26,3625.793294
-247.042436,37,3625.949031
-273.684392,101,3626.373996
-249.219038,37,3626.544363
-141.040697,37,3626.714399
-39.968631,23,3626.812953
-23.79117,19,3626.89666
-263.036135,37,3627.051007
-248.741069,37,3627.308936
-60.991897,28,3627.433161
-73.963915,28,3627.550439
-223.895499,33,3627.699567
-238.210544,37,3627.857005
-259.589941,37,3628.011789
16.382841,32,3628.149682
-156.992216,27,3628.262869
-252.835322,37,3628.419665
-241.802626,37,3628.589458
-259.907426,37,3628.759665
-261.025788,37,3629.170532
-89.989754,52,3629.492945
-35.23841,23,3629.602818
-240.366596,37,3629.772184
-252.084785,37,3629.925564
-263.139927,37,3630.089086
-258.670014,39,3630.259886
-259.645161,37,3630.420576
-259.278684,39,3630.583459
83.530421,70,3645.314986
-258.155184,37,3645.523979
127.48878,66,3645.875581
-17.516407,19,3645.956198
-62.663429,25,3646.06275
67.36763,41,3646.236848
-260.551236,37,3646.393929
-221.810231,35,3646.543465
43.822344,29,3646.66398
-236.93302,37,3646.820345
-72.752975,31,3646.94765
-134.433985,37,3647.094427
-245.911747,43,3647.273485
-151.078157,24,3647.373045
-116.82448,18,3647.447261
-125.985711,19,3647.521
-97.884888,32,3647.660889
-232.3319,36,3647.814443
-123.312651,35,3647.95876
-187.074536,42,3648.141451
-127.334655,21,3648.229451
-213.870164,34,3648.374942
-326.081692,50,3648.591131
-150.962455,41,3648.763783
-248.598269,37,3648.905244
-238.63279,37,3649.06219
-254.46249,37,3649.20608
-282.487863,43,3649.392264
-122.217469,19,3649.468663
-163.651309,27,3649.582024
-15.52113,19,3649.65587
-425.172523,77,3649.982987
-264.447381,37,3650.13069
-165.908853,26,3650.233199
-28.139825,37,3650.382505
-258.175675,37,3650.536841
-244.987487,37,3650.680784
-138.045724,37,3650.830132
-136.619637,22,3650.923103
-129.502504,22,3651.011564
-348.829904,55,3651.242626
-122.573391,18,3651.315623
-61.846079,27,3651.427203
74.337572,20,3651.504072
69.799723,22,3651.59455
-260.472045,39,3651.756779
-257.322351,37,3651.90682
-163.086091,27,3652.0154
-88.971404,44,3652.190065
-148.516564,25,3652.292579
-309.240239,47,3652.494848
-304.471905,77,3652.799706
-60.989883,25,3652.904063
-174.162114,27,3653.020332
-241.83839,37,3653.17417
-152.958103,40,3653.333253
-248.362663,38,3653.499585
-175.75261,27,3653.604584
66.911856,36,3663.920307
-220.178131,35,3664.151849
-142.433845,37,3664.316751
-123.54914,19,3664.394806
-176.435029,28,3664.506388
-232.214834,36,3664.66754
-214.330862,32,3664.790324
-277.817952,41,3664.966304
-243.882767,37,3665.119481
-186.447417,29,3665.237935
-81.130062,30,3665.358523
-131.888693,23,3665.453329
-731.676959,101,3665.984882
-141.900507,36,3666.134203
-256.291298,37,3666.300678
-63.970447,25,3666.402694
-226.506859,35,3666.541546
-31.324422,22,3666.635221
-257.929478,37,3666.789628
-125.143089,20,3666.870799
-137.884411,22,3666.956776
-144.203454,23,3667.049777
-134.247612,35,3667.185769
-133.209257,20,3667.268452
-145.556748,25,3667.365425
-154.668716,37,3667.510494
-85.563364,30,3667.630711
-116.64527,18,3667.705477
-136.829702,39,3667.863479
10.782724,30,3667.988032
-196.125717,31,3668.12401
-121.092663,39,3668.284833
-262.084671,37,3668.435187
-125.814888,20,3668.515251
-16.124846,19,3668.592607
-176.737124,29,3668.71761
-254.758115,37,3668.863024
-17.811996,19,3668.940006
-238.376709,35,3669.083829
-237.068775,37,3669.23749
-247.719004,37,3669.391761
-242.950189,38,3669.546448
-20.881277,20,3669.635997
-251.551978,37,3669.798046
-258.878336,37,3669.944604
-213.557812,36,3670.091711
-297.34615,43,3670.265373
-252.579611,37,3670.418735
-132.43624,37,3670.56602
-265.610981,37,3670.714253
-281.235216,43,3670.889094
-155.496927,44,3671.093765
-257.311088,37,3671.354354
-205.369761,33,3671.657274
-33.68946,22,3671.826386
-251.240568,37,3672.142419
-261.925873,37,3672.504527
-261.179361,37,3672.846144
-93.789049,33,3673.164211
-203.562306,32,3673.413374
-267.737614,37,3673.579427
-257.806636,37,3673.725405
-160.143661,25,3682.517763
-255.164637,37,3682.732838
-11.282752,42,3682.941848
-315.825251,45,3683.12369
-64.527756,61,3683.378665
-258.733481,37,3683.532825
-241.536328,37,3683.686626
-162.541509,37,3683.851667
-120.46474,34,3683.985463
-245.298807,37,3684.145624
-154.266423,37,3684.301904
-233.138752,36,3684.455199
-254.136122,37,3684.606743
-377.246294,53,3684.819475
-570.123904,93,3685.217803
-243.991953,37,3685.37859
-53.132816,28,3685.490395
-214.478802,32,3685.615506
-163.831792,27,3685.725009
-186.31213,30,3685.846405
-255.142788,37,3685.991897
-137.127335,22,3686.085693
-25.664039,21,3686.176939
-143.609471,23,3686.279082
-14.695219,19,3686.357085
-138.239868,23,3686.451614
-292.134318,43,3686.628887
-22.94989,20,3686.706081
-199.665666,33,3686.836308
-476.947058,101,3687.253385
-79.085654,43,3687.427987
-290.397435,90,3687.802397
-244.136987,37,3687.956603
-98.567145,32,3688.090747
-122.408556,19,3688.173275
-246.070659,37,3688.321612
-167.88249,42,3688.49645
-143.003665,25,3688.720046
-254.582703,39,3688.884651
-129.429513,35,3689.036955
-306.825139,50,3689.71379
-30.663139,21,3689.869761
-27.510455,20,3690.020874
205.047764,21,3690.11587
-259.041066,37,3690.278161
-236.91243,37,3690.431826
-122.983729,19,3690.50658
-248.599236,37,3690.658818
-127.653343,20,3690.743592
-303.963887,68,3691.018187
-30.921843,23,3691.116443
-237.626988,37,3691.276619
-78.563149,31,3691.401688
64.531209,23,3691.489562
-25.636161,21,3691.574157
-541.925842,101,3704.543323
-99.396975,32,3704.695303
-306.511727,79,3705.039267
-121.633475,19,3705.116383
56.984482,23,3705.206133
-45.535234,37,3705.351824
-191.800306,46,3705.532383
-247.382376,37,3705.680305
-259.796854,41,3705.842575
-28.246459,21,3705.921777
-52.185317,23,3706.012729
-261.70316,37,3706.161592
-158.319888,26,3706.270169
-255.817846,37,3706.418437
66.13453,41,3706.618796
-241.144419,37,3706.807636
-239.863799,37,3706.956606
58.994572,24,3707.051474
-253.475629,37,3707.196982
-121.802887,19,3707.275713
-276.31802,42,3707.446993
-29.794914,21,3707.526904
-249.033369,37,3707.679056
-50.49164,25,3707.779631
-259.14325,37,3707.939744
-26.249983,22,3708.030431
-119.198807,18,3708.101909
-70.210429,29,3708.216555
-248.516297,38,3708.375124
-309.847397,45,3708.60649
72.946366,21,3708.689141
-243.282811,37,3708.845275
-236.832912,37,3708.995074
-31.879828,22,3709.0844
-238.825143,37,3709.244292
-137.135919,21,3709.333124
-108.593871,35,3709.478795
35.296808,27,3709.586607
-37.161555,22,3709.671209
-87.040985,30,3709.790489
-256.860463,37,3709.948766
-21.111817,19,3710.026262
9.463332,31,3710.155329
-132.910124,37,3710.306444
-130.006388,37,3710.449508
-258.605805,37,3710.614475
-247.188799,37,3710.763946
-249.621178,37,3710.914986
-88.334484,29,3711.032118
216.288388,59,3711.282992
-288.839494,42,3711.466751
-242.020629,37,3711.905613
-126.737453,19,3712.072983
-215.454795,35,3712.2615
-187.167093,31,3712.400803
-160.127876,25,3712.502632
-429.761182,61,3712.760561
-70.969552,27,3712.86905
-244.736435,37,3713.025821
-115.939872,19,3713.103017
-46.193543,24,3713.211834
-178.607699,29,3721.664894
-114.581048,19,3721.819076
-271.352667,37,3722.016822
-75.188623,27,3722.131326
-239.603056,35,3722.2812
-677.883465,101,3722.686378
-119.906806,56,3722.915682
-121.021439,19,3723.005276
-126.136095,20,3723.089731
-245.842292,37,3723.238906
-18.802921,19,3723.314362
-258.32414,37,3723.466341
-386.416268,69,3723.743367
-179.395629,29,3723.948875
-125.87562,19,3724.031488
-160.906676,28,3724.144395
-236.309283,35,3724.298611
-190.696451,42,3724.468183
-253.002127,37,3724.623498
-117.861632,19,3724.704799
135.970658,29,3724.829877
-132.795613,41,3725.02505
-244.004877,37,3725.182157
-30.593575,34,3725.320579
-264.117837,37,3725.475507
-37.220085,23,3725.572257
-18.379848,19,3725.646655
-42.027355,23,3725.746692
-54.752945,25,3725.851367
-430.60619,58,3726.087096
41.012509,28,3726.199699
-111.045232,18,3726.285902
-139.862988,24,3726.384702
-23.577416,19,3726.464495
-246.146609,37,3726.619296
-123.307424,19,3726.702228
-229.308838,35,3726.845349
-14.822901,19,3726.918075
-18.826911,19,3726.997679
-247.036619,37,3727.150942
-116.779693,19,3727.232746
-43.219263,23,3727.327199
-235.741619,37,3727.477486
-260.470341,37,3727.633001
-246.408096,75,3727.939023
-247.147751,37,3728.088885
-14.68857,20,3728.17375
-266.171805,94,3728.577068
-49.120671,24,3728.67765
-254.549926,37,3728.833454
-63.232703,28,3728.953826
-17.49296,20,3729.033643
-233.223224,34,3729.169227
-105.946234,33,3729.370351
-255.279957,37,3729.767424
173.881885,27,3729.968751
-72.825455,30,3730.266368
-123.978214,20,3730.45916
21.769028,29,3730.737857
-253.788412,34,3731.073931
-127.657936,20,3731.240553
-8.244887,33,3732.080263
-272.501292,40,3742.100865
-133.51466,37,3742.331847
-231.478832,37,3742.489727
-116.182732,19,3742.568943
-298.408732,52,3742.784531
29.841234,28,3742.905838
-523.122698,89,3743.272766
-248.79149,36,3743.420581
-194.29352,29,3743.532871
-383.644312,86,3743.896803
-202.958542,33,3744.034156
-123.343906,19,3744.117694
-42.313288,25,3744.22092
-242.511532,36,3744.379505
-88.666256,77,3744.705104
-240.86738,37,3744.861345
-144.292567,25,3744.965138
-239.172569,37,3745.1181
-251.169558,37,3745.271148
-41.729663,24,3745.376004
-138.339646,37,3745.526218
-166.663324,40,3745.689817
-146.560531,25,3745.793521
-242.249595,37,3745.94675
-167.797241,41,3746.11699
-259.727897,37,3746.270397
-245.200907,37,3746.427393
-148.380969,24,3746.52526
-42.376142,37,3746.670241
-4.644347,37,3746.814462
-135.507699,21,3746.900897
-194.382341,34,3747.04473
-255.495323,37,3747.196243
-138.737761,37,3747.356039
-254.553116,37,3747.519112
-127.03273,19,3747.598733
-96.478779,38,3748.087706
-53.275247,26,3748.413581
-235.139594,35,3748.574976
-24.691287,20,3748.657689
-26.547572,23,3748.754475
82.544109,22,3748.864913
-52.857808,27,3749.009531
-38.263478,23,3749.106776
-121.412941,19,3749.185792
-198.694904,31,3750.04527
-250.585433,37,3750.287224
-260.885394,37,3750.442544
-209.868064,34,3750.586424
-248.043378,37,3750.742285
-18.698611,20,3750.821513
-272.132412,55,3751.064957
-257.787199,37,3751.212169
-16.286156,19,3751.298791
-137.613161,22,3751.389318
-158.111097,27,3751.50189
-207.754117,31,3751.635371
-11.972212,19,3751.718114
230.43038,27,3751.828829
-153.400639,26,3751.938629
-43.718312,24,3752.041673
-241.545676,37,3763.568083
-272.440401,37,3763.791544
-198.188964,31,3763.919933
-17.851303,19,3763.998139
-213.319819,31,3764.130725
-18.641036,20,3764.218632
-131.409335,20,3764.32924
-125.955592,19,3764.412228
135.744417,30,3764.539775
-249.000043,39,3764.716435
-584.146175,101,3765.151811
-174.629048,42,3765.328058
-218.123823,32,3765.458358
68.535052,37,3765.613877
-132.3863,37,3765.780303
-258.140581,37,3765.929278
-236.319786,37,3766.08164
-129.648847,21,3766.164576
-239.304974,35,3766.304688
-245.943628,37,3766.46534
-334.156758,49,3766.673077
-185.010185,28,3766.796297
-144.139032,39,3766.963103
-277.103936,37,3767.120298
-218.321967,35,3767.267472
-34.9254,21,3767.355268
-254.581381,37,3767.505384
-157.427819,37,3767.657425
-304.257022,43,3767.83764
-327.185913,51,3768.035484
-40.335805,24,3768.143188
-217.355562,35,3768.29841
-22.146062,20,3768.385549
-268.767959,37,3768.539154
-123.43764,19,3768.62055
-241.704752,37,3768.789216
-197.261126,46,3768.987778
-121.013781,41,3769.164522
-240.865435,38,3769.322878
-240.452582,36,3769.469016
-35.206074,36,3769.619495
-154.317685,26,3769.726364
-80.616203,43,3769.898627
-169.359834,40,3770.062148
-244.32182,37,3770.213889
-259.575546,37,3770.369244
-55.61785,25,3770.470628
-235.745819,37,3770.613019
-27.007807,20,3770.692112
-65.094234,49,3770.889076
-134.225267,21,3770.976049
-239.710087,36,3771.127354
-44.382812,25,3771.232326
-132.068718,36,3771.399711
-135.95877,24,3771.498712
-241.274316,37,3771.655809
-61.501945,27,3771.769032
65.208718,22,3771.862452
-237.198298,37,3772.018238
-283.890541,44,3772.201133
-150.906039,37,3780.872961
-159.393048,26,3781.007874
-169.597354,30,3781.133587
-119.981701,35,3781.299466
-156.326701,42,3781.482769
-215.863204,33,3781.61974
-177.52965,30,3781.747054
-20.224249,20,3781.832793
-242.33675,37,3781.980016
-121.660704,19,3782.057122
-248.68241,37,3782.210691
-370.565785,54,3782.435391
-140.424854,39,3782.593949
-144.470238,25,3782.698408
-605.371228,101,3783.155368
-180.649565,28,3783.510468
164.810203,25,3783.624479
-118.51802,20,3783.711536
-60.062257,28,3783.826795
-31.886762,22,3783.919893
-246.880698,37,3784.069998
-257.500728,40,3784.239754
-266.588345,37,3784.383373
-243.877954,37,3784.536371
-169.424898,29,3784.653172
-135.413482,35,3784.800187
-124.002621,19,3784.878091
-39.915669,24,3784.982097
-244.610217,50,3785.184636
-243.976851,37,3785.337199
42.322553,26,3785.446483
-268.764934,37,3785.599736
29.600962,42,3785.770207
-168.159144,27,3785.87797
-254.784858,37,3786.031056
-148.820918,24,3786.130112
-63.610188,40,3786.296353
-168.903632,28,3786.420187
-79.036593,31,3786.545361
-28.712218,22,3786.641197
-165.944351,26,3786.746279
-210.15409,34,3786.883947
-195.467924,28,3786.999494
-132.176531,35,3787.148909
121.200868,29,3787.273495
-268.492284,39,3787.426206
-159.997524,25,3787.535283
-158.742508,25,3787.654142
-240.995478,38,3787.826343
-32.131699,21,3787.920465
-255.056664,40,3788.092505
-137.846215,22,3788.184564
-200.541425,31,3788.315579
71.903538,21,3788.395808
-237.228312,37,3788.553059
-157.59286,37,3788.703327
-119.573413,19,3788.781713
-410.362007,58,3789.091565
-107.731995,35,3789.44147
-180.561221,41,3789.818566
-295.719873,46,3790.218124
-88.578426,34,3799.313767
-231.878928,35,3799.51225
-124.385073,40,3799.690149
-35.378501,23,3799.783131
-251.715761,37,3799.946217
-202.927298,49,3800.154064
97.165053,21,3800.244371
-253.04515,38,3800.40248
-251.533796,36,3800.549986
-265.924946,37,3800.706658
-24.63803,20,3800.787725
-118.015212,34,3800.939372
-151.186624,40,3801.104856
-261.016268,37,3801.262555
88.956679,39,3801.431643
-20.389804,19,3801.512415
-267.49156,38,3801.661975
-34.542168,21,3801.747689
-39.492899,24,3801.851274
-52.373711,55,3802.080941
117.909095,33,3802.221067
-51.347857,25,3802.335485
-250.970582,37,3802.489461
-133.786367,21,3802.577672
-273.290428,45,3802.768355
-256.929209,37,3802.922957
-218.286615,36,3803.083796
-179.191878,29,3803.202055
-258.7129,37,3803.358006
-43.198488,25,3803.45534
-274.125489,37,3803.603247
-25.968537,20,3803.683506
-12.761259,54,3803.91332
-26.008594,22,3804.004969
-70.956066,76,3804.318669
-234.649088,46,3804.511292
-65.999424,28,3804.628473
79.527544,20,3804.713829
-206.21179,31,3804.849562
-245.945336,37,3805.026254
-133.73303,37,3805.195591
-41.023619,22,3805.28297
-237.224565,37,3805.431719
17.642492,73,3805.734261
-246.708903,37,3805.892679
-129.067067,20,3805.979592
-449.981677,55,3806.212639
-8.781934,18,3806.29414
-201.097031,43,3806.586886
-15.243638,19,3806.666609
-134.149949,22,3806.75239
-29.332,21,3806.837864
-256.371633,37,3806.994023
-32.668799,22,3807.084742
-124.214486,19,3807.163561
112.654407,31,3807.298475
-125.651815,38,3807.46893
-15.379972,19,3807.551501
-81.267245,28,3807.666295
-11.90414,18,3807.741525
38.489507,28,3807.856096
-256.908483,37,3808.013221
-95.236158,34,3819.708105
-149.225402,41,3819.912306
-85.818118,34,3820.064238
-245.940901,37,3820.211823
-251.374713,37,3820.375624
-191.359364,30,3820.503428
-261.551067,50,3820.70877
-25.602656,21,3820.792602
-137.122921,35,3820.939327
-17.280543,20,3821.026217
-256.291068,37,3821.175608
39.369728,38,3821.337423
-282.366075,40,3821.499566
-235.260594,37,3821.653004
-584.108007,97,3822.056803
-66.760788,26,3822.165319
-127.490149,37,3822.315288
-169.973011,30,3822.432983
103.749546,37,3822.585006
-326.767073,49,3822.797138
-25.344416,20,3822.876504
-25.880838,20,3822.963622
-134.865037,21,3823.047249
-131.949883,21,3823.129567
-244.358054,37,3823.27629
-148.846344,26,3823.38325
160.476135,24,3823.486833
-142.486806,23,3823.585734
-15.172202,20,3823.669866
-105.63714,32,3823.806204
-62.586859,25,3823.905137
-93.425127,32,3824.037293
-8.31737,18,3824.112703
47.168054,29,3824.245553
-233.689941,37,3824.425103
-259.540699,37,3824.576303
-24.508799,19,3824.652719
-441.064873,70,3824.947991
-195.559597,43,3825.137231
-168.27606,27,3825.248783
70.269773,21,3825.338379
-433.413706,74,3825.640874
-245.426372,37,3825.793748
-238.569609,37,3825.940223
-54.218206,25,3826.043897
-255.763442,38,3826.195646
-132.916351,23,3826.289033
-162.807844,27,3826.403847
-324.658896,49,3826.604512
-242.966229,37,3826.754394
-34.909371,25,3826.855238
-242.833951,37,3827.011289
-147.65916,25,3827.116354
-117.104532,34,3827.264936
-27.337144,20,3827.345854
-657.457136,101,3827.762797
-263.455487,37,3827.913852
-127.486127,21,3828.000753
-205.493615,35,3828.144858
-18.061726,19,3836.38139
-132.741691,22,3836.528968
-18.279424,19,3836.620537
-125.824047,21,3836.710658
-160.021516,27,3836.827612
-248.939438,36,3836.978586
-90.757171,30,3837.105562
-193.212688,33,3837.243639
-151.765892,37,3837.394319
-190.5829,30,3837.531537
-122.581934,19,3837.610567
-20.129397,19,3837.691738
30.624557,65,3837.976202
-18.810853,19,3838.058771
-43.705026,23,3838.157376
-257.199395,37,3838.317455
-120.360012,19,3838.393732
-60.365012,39,3838.551291
-16.783481,19,3838.628679
-243.672144,37,3838.779934
200.728217,22,3838.870696
-246.480922,37,3839.029033
-243.923321,37,3839.191348
-145.922572,25,3839.294608
-60.872293,52,3839.913807
-170.515635,71,3840.632023
-275.045926,43,3840.826708
-378.509511,73,3841.157679
-41.429912,25,3841.266013
-18.373386,19,3841.351795
-254.120497,41,3841.522568
35.595362,27,3841.637316
-324.815358,54,3841.873772
-246.108136,37,3842.028949
-260.207007,37,3842.196428
-124.188678,38,3842.353078
-249.698403,37,3842.502825
-252.128088,37,3842.662732
-244.444035,37,3842.8209
-20.212427,20,3842.901591
-133.317714,22,3843.000423
-240.045821,37,3843.158432
-265.361756,39,3843.328951
-116.919666,19,3843.410232
-75.786209,31,3843.538304
-783.709496,101,3843.937045
-124.68205,20,3844.019814
-265.006816,37,3844.172698
-142.568124,24,3844.274244
-262.076313,37,3844.423594
-50.876135,23,3844.521713
-216.178944,38,3844.675901
-128.28273,34,3844.815525
-124.558073,19,3844.894385
-81.157988,30,3845.063177
-262.784963,37,3845.308556
-387.222361,55,3845.899207
-165.729958,27,3846.139711
-158.69,27,3846.398939
-194.897325,30,3847.200866
-28.6856,20,3847.381565
-384.910047,101,3855.590717
-141.56506,24,3855.689806
-129.563761,22,3855.781323
-245.185304,37,3855.942884
-1.090244,33,3856.077161
-305.370959,45,3856.266175
-175.384826,28,3856.38876
-101.224332,34,3856.535463
-159.617954,39,3856.70777
-132.119545,35,3856.87448
-56.524055,27,3856.99657
-236.289528,37,3857.149013
-252.362513,37,3857.310327
-242.204787,37,3857.467753
-66.666308,26,3857.579036
-274.680793,41,3857.7523
-53.452515,38,3857.915967
-123.752563,19,3858.000834
-244.850352,37,3858.156569
126.028253,65,3858.428408
-171.16805,27,3858.540947
-260.208657,37,3858.694387
-140.378321,22,3858.780743
-28.811339,21,3858.866555
-26.308044,20,3858.94718
-252.180298,37,3859.104778
-5.710589,18,3859.183186
-222.041692,32,3859.316156
-67.405154,29,3859.448421
-138.487039,36,3859.601507
76.962807,23,3859.70017
-246.310025,37,3859.864224
-56.451485,24,3859.971266
-120.882997,18,3860.045478
-26.739841,20,3860.132703
-475.718392,74,3860.443943
-56.422528,26,3860.553828
-236.00406,35,3860.69635
-236.541467,37,3860.846303
-165.31674,26,3860.95309
144.014581,30,3861.074511
-138.635007,24,3861.179504
-124.320066,19,3861.256048
120.643061,43,3861.441979
-204.058025,45,3861.63102
-13.62403,19,3861.706807
-27.643224,35,3861.859155
-203.938933,32,3861.990847
-52.72142,26,3862.094742
-123.922193,20,3862.175506
-252.512453,37,3862.334125
-42.635192,24,3862.440913
-250.692527,36,3862.597316
-420.389903,63,3862.954952
-237.848276,37,3863.109156
-591.760047,101,3863.521807
-255.831657,38,3863.685966
-213.783352,37,3863.834818
-22.004824,19,3863.915283
-208.95383,35,3874.841002
-125.594177,50,3875.092219
-238.665256,35,3875.242514
-175.608028,28,3875.3646
-191.592184,32,3875.495782
-268.149445,37,3875.652323
-137.746472,21,3875.735173
-199.542853,29,3875.852402
-271.201481,44,3876.03291
-125.290054,19,3876.113337
-254.10864,37,3876.263268
-238.748458,40,3876.441571
-52.794662,26,3876.550737
-238.884279,37,3876.706688
-63.616399,28,3876.822302
-121.718493,33,3876.959282
69.826624,21,3877.046243
-246.091511,40,3877.210266
-212.354678,37,3877.361951
-367.835453,51,3877.573164
-253.300856,36,3877.715941
-144.126785,37,3877.865294
-18.997633,20,3877.953908
-655.260486,101,3878.3836
-255.825362,37,3878.533392
-115.760303,19,3878.613227
-206.151516,52,3878.832676
68.188405,21,3878.914924
64.839688,23,3879.011044
-52.619579,26,3879.117455
-116.172549,19,3879.193973
-133.66857,22,3879.284613
-27.536825,20,3879.368381
-238.056167,37,3879.520245
-217.107526,35,3879.664332
-22.890271,20,3879.745243
-135.695907,36,3879.895281
-125.039967,19,3879.974477
-228.059399,36,3880.128727
-13.416947,19,3880.209095
-123.26269,20,3880.28845
-42.23838,42,3880.466306
-147.313192,23,3880.568165
-231.338038,36,3880.72184
-46.784772,24,3880.825829
-28.391953,20,3880.911118
25.979941,27,3881.022346
-124.322091,34,3881.167776
-21.55454,46,3881.377654
-26.971808,20,3881.467244
-184.404767,28,3881.584682
-27.356782,20,3881.667238
-17.071032,19,3881.741177
168.878317,37,3881.900842
-149.970929,37,3882.059464
-232.044311,47,3882.260194
-239.4797,37,3882.412617
-256.457851,37,3882.562085
-239.760058,37,3882.721438
-10.333335,19,3882.795591
-253.409134,37,3882.961706
-263.354329,37,3883.399368
-50.080452,25,3883.509508
-317.782786,47,3890.04487
-117.221557,40,3890.274998
-137.305636,23,3890.376375
-168.294579,60,3890.631482
-296.521237,62,3890.889517
-244.905098,37,3891.035763
-44.784705,23,3891.129867
-234.337039,37,3891.291996
-479.422884,101,3891.725818
189.874212,20,3891.818312
-121.920996,19,3891.90245
-34.908061,22,3891.992184
-130.688249,41,3892.170669
-44.174082,35,3892.316065
15.668339,32,3892.452811
-17.278469,19,3892.535234
-59.204193,27,3892.649062
-119.276868,20,3892.731885
-126.313531,19,3892.810377
-258.001158,37,3892.961089
-231.491229,49,3893.167369
-234.394558,36,3893.314915
-36.432872,23,3893.413599
-128.974383,21,3893.620698
-239.169425,37,3893.777509
-237.268905,37,3893.934689
-126.469641,19,3894.015179
-78.743138,28,3894.135391
370.110599,67,3894.419605
-236.016565,49,3894.625148
-19.946943,19,3894.702708
67.9312,21,3894.790864
-211.793035,34,3894.943535
-56.878879,25,3895.05417
-44.100648,25,3895.16403
-129.134933,21,3895.255134
-521.292192,101,3895.687172
-209.329506,32,3895.82412
-134.709031,21,3895.912149
-105.984375,36,3896.071115
-161.589792,26,3896.185869
1.335416,49,3896.397968
-43.962615,23,3896.499936
84.758441,19,3896.577752
-252.644123,37,3896.743834
-49.468601,26,3896.855618
-253.610377,48,3897.061544
-152.823215,37,3897.211402
-132.593981,20,3897.292331
-235.229419,34,3897.433672
-149.010671,37,3897.592072
-255.61458,37,3897.748716
-246.083408,37,3897.90839
-149.226714,39,3898.068824
-239.871413,37,3898.230378
-214.267115,33,3898.368024
-247.289172,37,3898.521639
-21.436706,21,3898.61478
167.712019,23,3898.707014
-125.617461,19,3898.790373
-243.900915,37,3908.598088
-243.75233,37,3908.801231
-247.471746,37,3908.961184
-247.36356,37,3909.125559
-131.057037,37,3909.282966
-142.296276,23,3909.380824
-196.552922,30,3909.507951
-127.374401,62,3909.758844
39.744395,36,3909.912543
-121.618143,35,3910.06042
-118.856097,40,3910.225917
-164.216613,25,3910.328154
-122.270534,19,3910.408251
-131.57211,23,3910.50567
-171.932167,44,3910.68912
-21.216113,19,3910.773153
-259.170368,37,3910.9312
191.800098,22,3911.025892
-33.70384,36,3911.179525
48.457535,27,3911.297108
-136.706069,24,3911.405538
-243.611035,36,3911.55456
-16.057279,19,3911.637151
-121.392092,20,3911.721047
-249.118713,37,3911.879033
-138.928176,36,3912.02998
80.512552,22,3912.123148
-127.771756,21,3912.215014
-257.009268,37,3912.375545
-242.778051,37,3912.536352
-119.164845,19,3912.623329
-37.411137,22,3912.722927
-199.306243,31,3912.850655
-247.551463,37,3913.007895
-144.035209,24,3913.108024
-273.496872,40,3913.27603
79.633505,20,3913.364888
-131.172031,20,3913.448436
-88.254593,33,3913.580775
-259.966849,37,3913.74177
-259.647163,37,3913.899444
-124.307361,19,3913.977679
-37.00375,23,3914.078649
181.700853,22,3914.17616
-266.36583,37,3914.344608
-258.877481,37,3914.497185
-236.609602,37,3914.653286
-162.784225,26,3914.767869
-56.116079,37,3914.92123
-238.599155,37,3915.086106
-28.315728,20,3915.167505
-235.243994,37,3915.329722
-62.16144,26,3915.444738
-17.620286,19,3915.537218
-201.083484,35,3915.683025
-225.202697,80,3916.028217
-243.637966,37,3916.180097
-192.68131,29,3916.300656
-270.156291,37,3916.466566
-259.108069,37,3916.709448
34.697009,28,3916.830091
-246.608659,37,3917.057724
-246.268085,37,3917.221243
-660.473954,101,3925.931236
-30.81214,21,3926.03854
-380.666025,62,3926.32423
-18.903716,19,3926.405966
-20.436483,19,3926.480378
-374.755545,55,3926.729495
-85.138606,31,3926.862147
-246.818487,37,3927.024968
202.405864,20,3927.109027
43.350319,27,3927.220781
-29.142411,20,3927.302953
-461.958663,76,3927.623312
-31.210759,42,3927.806639
-115.927063,40,3927.984162
-81.628192,29,3928.108571
-147.80634,26,3928.22103
-271.742948,41,3928.39604
-15.770894,19,3928.479098
-182.703548,47,3928.676111
61.837895,22,3928.774733
-160.244822,25,3928.882655
79.210493,20,3928.967363
109.214445,38,3929.133489
-183.797674,43,3929.308983
-129.331675,21,3929.398338
-238.652704,37,3929.550093
-16.997981,19,3929.632715
-240.301327,38,3929.794525
-19.455825,19,3929.87922
-264.379797,37,3930.196162
-37.099784,23,3930.616348
-246.936805,37,3930.871409
-33.120748,21,3930.959864
-192.670163,30,3931.093597
-46.915873,23,3931.190996
55.253962,24,3931.288346
-28.576596,21,3931.384154
-34.046867,21,3931.473439
-486.618946,66,3931.754197
-253.110986,37,3931.905303
-161.875082,37,3932.062492
-52.481472,24,3932.167851
-129.018144,35,3932.320714
-25.760572,20,3932.405701
-71.563177,101,3932.854673
-299.098695,45,3933.052039
-238.719032,37,3933.213816
-34.527713,21,3933.303496
-254.378929,37,3933.464379
-200.923479,30,3933.598395
-15.890046,19,3933.678097
-125.292504,19,3933.762028
-127.670794,20,3933.848408
-268.240911,40,3934.008165
-246.460783,37,3934.168283
-183.041989,30,3934.298193
-15.997225,34,3934.443346
-144.945375,37,3934.602254
-262.359564,37,3934.759363
-32.102346,37,3934.91427
-222.08894,48,3935.118334
-227.264079,49,3942.590988
-258.418728,38,3942.783259
-69.04379,28,3942.90434
-134.498888,20,3942.992172
-126.139707,21,3943.085045
-197.021046,30,3943.211574
-37.526151,24,3943.312285
-668.363601,101,3943.740239
-126.18475,19,3943.820977
15.553565,29,3943.939839
-191.869901,30,3944.063297
-688.227251,99,3944.501374
-42.013278,37,3944.651315
-18.556071,19,3944.733123
-256.691496,37,3944.896588
-239.228637,37,3945.057589
-117.319592,19,3945.136731
-145.142084,37,3945.287125
-606.580272,101,3945.728051
-328.143695,46,3945.926595
-161.961956,25,3946.030865
-247.61232,37,3946.18355
-597.09951,87,3946.625636
-119.04621,19,3946.704197
-60.449949,25,3946.810664
-167.178231,27,3946.924425
25.524836,91,3947.308463
-137.828236,22,3947.400213
-132.674462,35,3947.544154
-107.949465,33,3947.683438
-167.650824,27,3947.801041
-25.204217,37,3947.955786
-124.864911,19,3948.027756
-241.895351,37,3948.19526
-257.633574,52,3948.419582
-519.735577,101,3948.838661
-111.464549,18,3948.908951
-306.135805,46,3949.099223
-133.629688,36,3949.251227
-33.540031,22,3949.345354
-353.903877,57,3949.58323
-258.281692,37,3949.746888
-23.821724,34,3949.888849
-219.326994,34,3950.034991
-103.973335,32,3950.172819
-163.450925,28,3950.290415
42.625414,27,3950.404355
-17.711948,19,3950.487584
-131.774247,20,3950.574323
-114.972738,52,3950.793327
-237.666889,37,3950.952223
-129.649524,20,3951.032066
-126.045959,22,3951.126053
-167.286912,28,3951.24839
-33.003333,21,3960.197459
-200.235342,33,3960.749521
-121.225072,19,3960.894645
87.901011,32,3961.05977
-252.13459,37,3961.218832
91.267239,38,3961.374395
-133.091502,36,3961.543527
-258.559818,37,3961.699382
-192.666471,28,3961.825357
-16.681482,19,3961.906155
-348.075475,46,3962.099846
-233.948282,37,3962.27022
-261.510166,37,3962.430222
-135.459917,23,3962.523256
-224.196817,33,3962.66863
-48.625004,26,3962.776494
-236.427809,37,3962.952441
-42.444451,23,3963.05892
-471.916513,76,3963.38714
-239.585209,37,3963.545188
-139.646751,37,3963.705659
-141.777907,37,3963.910028
-242.99362,37,3964.074144
-144.588504,24,3964.177755
-189.976882,32,3964.312515
-257.285611,37,3964.459406
-152.201883,45,3964.653673
-396.169676,52,3964.860929
-27.094867,21,3964.944597
176.564091,22,3965.042656
-263.752175,37,3965.196494
-111.643795,46,3965.390926
40.076306,27,3965.502566
-261.049809,37,3965.66414
-256.071167,37,3965.815794
-247.448745,37,3965.968741
-248.894839,37,3966.117929
-267.934561,37,3966.269567
-259.212169,38,3966.430471
-18.668879,19,3966.512311
-214.542071,56,3966.7435
-21.088629,20,3966.827424
-245.330801,37,3966.972507
-61.171075,28,3967.085201
-120.730539,19,3967.163541
-71.060663,31,3967.288077
-240.675052,37,3967.449153
-56.250457,26,3967.559248
-77.623927,27,3967.671427
-116.565493,19,3967.749608
-239.487579,37,3967.909718
-20.805226,19,3967.988334
-217.872274,33,3968.13681
-130.826063,20,3968.22226
-224.238661,33,3968.364713
-192.831645,31,3968.497638
-18.590397,20,3968.577674
-283.086499,43,3968.762759
-236.999512,37,3968.923403
-228.309011,35,3969.077811
-232.358553,37,3969.332417
-52.003739,44,3979.53528
-224.361147,33,3979.72268
-191.870181,33,3979.868943
-229.38874,50,3980.076825
-185.869278,28,3980.192261
-129.906853,20,3980.274744
-28.124145,21,3980.360355
-25.825236,20,3980.442661
-488.445543,101,3980.878208
-18.300604,19,3980.962628
-179.835531,27,3981.076131
-229.781166,35,3981.225881
-152.20211,24,3981.3262
89.960326,40,3981.505728
-240.75964,37,3981.662601
-118.874135,20,3981.744668
-421.313743,63,3982.009511
-53.350299,25,3982.115883
-153.697663,37,3982.266037
-58.943697,26,3982.381586
-150.487723,37,3982.537847
-225.210908,77,3982.867255
-139.230037,22,3982.960174
-125.970208,20,3983.04566
32.123963,29,3983.164905
-122.304268,55,3983.402036
-236.044265,39,3983.572664
-443.721484,73,3983.874893
-19.257555,19,3983.953339
-243.037434,36,3984.11055
-90.806573,30,3984.233839
-8.769528,31,3984.361623
-145.104265,24,3984.46387
-259.655298,39,3984.635228
-94.568126,34,3984.774912
122.90548,34,3984.915916
-151.626528,26,3985.02457
-136.314378,51,3985.240203
10.345574,38,3985.405237
-183.100122,42,3985.580144
-563.060965,101,3986.01546
-124.413606,20,3986.097294
-222.232449,35,3986.246125
-19.554452,19,3986.325207
-372.195432,60,3986.581518
-19.179429,20,3986.661528
-242.428656,37,3986.803295
-21.72233,19,3986.881395
-89.028098,29,3987.005887
-125.77137,19,3987.086982
-265.077468,37,3987.238527
-157.950048,24,3987.339232
-99.619383,34,3987.493325
231.557945,48,3987.700697
-73.022297,30,3987.818628
-27.463484,35,3987.960883
-198.431474,32,3988.089813
-159.988516,25,3996.132432
176.204713,24,3996.289417
49.433837,27,3996.429436
-301.392605,49,3996.651631
-26.229506,20,3996.737782
-246.741735,37,3996.901714
-19.501287,19,3996.983363
-59.693144,26,3997.108966
-151.337181,38,3997.276318
-55.420908,24,3997.381848
-57.019935,26,3997.494339
-131.697879,22,3997.589164
-128.962877,22,3997.67867
-125.688159,19,3997.756403
-235.497735,37,3997.912439
-563.859256,101,3998.34478
-226.595621,37,3998.505364
11.612648,31,3998.694456
-300.531656,46,3998.890329
-263.635384,37,3999.046149
-247.616487,37,3999.203113
-121.821503,22,3999.298843
-206.716297,35,3999.449377
-289.116487,56,3999.69222
-167.383204,29,3999.821889
-293.643875,44,4000.016203
-125.495628,19,4000.097946
-171.580286,28,4000.21949
117.918324,40,4000.390645
-108.603013,33,4000.526669
-230.166183,54,4000.840455
-26.792254,20,4000.922116
-125.791257,19,4001.009511
-124.086849,19,4001.090089
-175.401491,27,4001.2121
-62.290621,26,4001.321402
-180.062635,41,4001.497584
-124.249115,19,4001.580193
-67.143515,49,4001.793727
-241.586116,37,4001.962614
-240.246399,35,4002.107513
-254.680654,37,4002.260144
-234.144565,52,4002.486947
-34.922305,22,4002.578978
-254.277778,37,4002.738007
-32.699488,39,4002.900569
-245.030606,37,4003.052275
-130.311385,20,4003.135937
-19.610875,19,4003.218553
-247.026218,37,4003.374228
-128.187466,39,4003.538481
-44.668034,23,4003.636847
-143.443347,22,4003.723928
-32.704464,24,4003.823635
25.414658,50,4004.037348
-49.983652,24,4004.139899
-241.962224,37,4004.339388
-410.32716,101,4004.774571
-130.59917,20,4004.859981
-344.162842,51,4005.077561
-19.883777,20,4005.16355
-286.606156,48,4014.287617
-348.980544,45,4014.495972
-190.801643,29,4014.619134
-205.418139,33,4014.757708
-245.350768,37,4014.918818
-444.81452,79,4015.254112
-275.209441,43,4015.439425
-250.663527,37,4015.592797
-237.22086,36,4015.756849
-267.228383,37,4015.91231
-310.799526,45,4016.105197
-289.072675,43,4016.301377
-102.178329,36,4016.462078
-251.711082,37,4016.616458
-125.586827,19,4016.696872
-175.57582,43,4016.883473
-250.344529,37,4017.044661
-123.436326,19,4017.126154
-188.493102,31,4017.252523
-104.847743,33,4017.39065
-120.131415,19,4017.473337
-44.254298,38,4017.634172
21.931348,75,4017.951715
-196.277795,30,4018.075504
-177.261012,30,4018.204328
-142.485971,42,4018.391082
-350.743124,51,4018.611715
-669.852761,99,4019.052211
-10.380102,35,4019.203425
-241.405963,37,4019.367276
-134.491632,36,4019.521855
-180.441523,28,4019.643213
-198.383378,34,4019.785562
-171.478682,29,4019.911488
-196.939591,30,4020.035021
-26.844669,20,4020.119407
-87.031157,34,4020.266629
-256.226094,37,4020.469106
-182.777641,28,4020.899846
190.149891,22,4021.088926
-118.4286,35,4021.267572
-268.543968,40,4021.430461
-29.407658,21,4021.521204
-349.925728,51,4021.742421
-162.243063,54,4021.982371
-44.940732,25,4022.084953
-23.058837,20,4022.176715
-138.929501,23,4022.269629
-135.619296,37,4022.424461
-35.975495,22,4022.514869
-163.128658,26,4022.63276
-59.779311,27,4022.77458
-261.486842,37,4022.953739
-130.923444,36,4023.130491
-258.0853,37,4023.299087
167.301009,23,4023.415464
-139.25804,41,4030.360979
-147.622923,36,4030.953269
-372.417877,56,4031.20237
-151.169838,45,4031.395626
-600.03218,81,4031.742824
-137.718864,24,4031.846113
-160.082663,27,4031.964472
-131.522518,20,4032.048941
-158.11413,25,4032.155982
-20.323005,20,4032.241943
-202.36591,35,4032.384442
-182.07305,70,4032.68037
-11.633963,18,4032.757693
-259.611246,40,4032.925039
-100.974729,34,4033.072469
-242.332717,37,4033.232219
-132.235961,23,4033.329887
63.267437,25,4033.440164
-223.893419,36,4033.598173
-265.729214,43,4033.778615
-255.966554,37,4033.957614
-26.684972,20,4034.043167
-39.403573,23,4034.140824
-206.707491,31,4034.27008
-131.18923,22,4034.362199
-128.236698,20,4034.442711
-157.043612,24,4034.54941
-272.652626,37,4034.711123
-211.493966,48,4034.908955
-94.451167,30,4035.031956
-115.001718,38,4035.206548
101.278204,37,4035.364534
-54.104762,27,4035.484153
-248.997307,40,4035.653252
-160.107132,37,4035.811924
-110.638655,38,4035.979779
-235.867111,37,4036.138265
-19.987579,19,4036.217893
-255.573337,37,4036.434275
-158.634924,37,4036.644754
-373.083602,101,4037.560074
-21.046209,20,4037.752203
-117.518348,20,4037.930487
88.097808,19,4038.15541
-289.634503,59,4038.783804
-566.923402,87,4039.495638
-12.821854,19,4039.623856
-250.790131,37,4039.817122
-27.490238,22,4039.90729
-121.5224,19,4039.985165
209.653225,36,4040.144178
165.850915,24,4040.259593
-250.257782,40,4040.436829
-132.376151,35,4040.59513
-126.378618,20,4040.687491
184.688196,20,4040.770247
-39.31777,22,4040.864342
-133.72452,22,4040.957562
-237.339377,36,4041.112528
-233.195212,37,4048.05686
-22.782021,19,4048.175632
-88.465342,30,4048.328549
63.515246,23,4048.505884
-133.588524,21,4048.601656
-126.754735,39,4048.768889
-275.93234,55,4049.025286
51.145291,25,4049.137517
-242.211763,37,4049.29954
-120.024432,19,4049.383024
-266.825934,47,4049.58429
-135.352269,38,4049.745082
-252.619418,37,4049.913752
-205.172012,31,4050.05484
139.026696,29,4050.182832
-239.350079,37,4050.346243
-298.486961,47,4050.851067
-255.013878,37,4051.277405
-12.669951,19,4051.364207
-230.876537,36,4051.522879
27.878452,27,4051.637594
74.861467,21,4051.725131
-43.074625,37,4051.90002
-236.89931,37,4052.059724
-120.278167,18,4052.143174
92.755668,38,4052.312341
-573.954587,101,4052.74546
-278.829654,47,4052.942394
-128.609458,20,4053.028381
-259.026043,37,4053.194
-291.545041,44,4053.376619
-54.463009,26,4053.490011
-331.251597,51,4053.858747
-45.350264,25,4053.970547
-236.781332,37,4054.124918
-26.057384,22,4054.224175
-237.085376,37,4054.395144
-66.93375,27,4054.511429
-122.119894,36,4054.665143
-252.535122,55,4054.891407
-143.679096,37,4055.057456
-180.492276,29,4055.17859
-123.362296,19,4055.258365
-248.183713,38,4055.41945
-246.801245,37,4055.898873
-253.920775,37,4056.072166
-279.901187,43,4056.253311
-162.392613,27,4056.366188
100.473755,34,4056.518118
-246.809833,37,4056.686144
-592.153993,101,4057.124853
-239.430963,37,4057.283076
-193.411168,49,4057.486721
-205.69827,52,4057.702089
-208.247275,34,4057.834647
-118.664952,20,4057.916775
-175.753504,31,4058.05046
-67.726919,30,4067.157245
-221.219238,35,4067.334486
77.023127,20,4067.424045
-254.221043,37,4067.595688
-196.539196,31,4067.727708
-120.804031,19,4067.808833
-29.718588,61,4068.06755
-129.961101,38,4068.232484
-62.740704,25,4068.336116
-92.340017,32,4068.473841
-135.007404,37,4068.632716
-205.537186,31,4068.764699
-14.810073,18,4068.839983
-239.894897,37,4069.000107
-149.594291,37,4069.160428
-260.65458,40,4069.331531
-137.395617,36,4069.48268
-235.14043,37,4069.639885
21.075059,63,4069.909475
-30.77194,22,4070.002624
-61.152721,26,4070.118441
-257.25621,37,4070.273436
-261.445053,41,4070.443438
174.922491,30,4070.570627
-60.440142,29,4070.697099
147.230768,26,4070.817612
-25.932224,20,4070.904044
-237.0095,37,4071.05617
-125.914827,19,4071.140424
-254.901471,39,4071.304008
-132.666265,37,4071.467576
-151.245854,43,4071.656624
-30.141894,21,4071.744064
-61.746167,27,4071.863989
-253.082342,37,4072.02761
-108.542836,33,4072.168401
-171.496776,39,4072.33046
68.730596,23,4072.428459
-282.311982,42,4072.61255
-131.338806,35,4072.757944
75.000928,22,4072.847992
-134.275405,37,4073.001732
-286.144968,43,4073.183119
-58.739576,24,4073.281097
-176.292343,30,4073.410529
-255.752492,37,4073.576091
-7.248062,18,4073.654077
-239.022462,37,4073.81476
-20.29859,19,4074.070443
-245.896653,37,4074.390996
-262.230056,41,4074.580027
-298.654468,41,4074.75534
6.482614,32,4074.88609
-181.076651,28,4075.009257
-222.252021,37,4075.175219
-52.66185,27,4075.293467
-259.24412,37,4075.450635
-137.736819,36,4075.60617
-200.600979,32,4075.747507
-206.186259,33,4075.889651
-235.961404,37,4076.050723
14.307938,28,4076.171027
-157.769888,25,4083.506718
-265.112692,37,4083.727477
-325.382877,50,4083.947053
-291.683249,41,4084.126272
-29.37873,20,4084.324763
-105.54753,38,4084.484025
-53.824167,25,4084.594851
181.590485,22,4084.692289
-240.516439,37,4084.853494
-20.287854,20,4084.93834
-42.707273,24,4085.043739
-235.099659,37,4085.202408
-22.822414,22,4085.29456
-277.076965,41,4085.471684
-195.380789,33,4085.61986
-736.014904,101,4086.056553
-238.293414,37,4086.212731
-144.494964,39,4086.377623
-132.230694,52,4086.599958
-23.040982,20,4086.686236
-34.747812,22,4086.781628
-91.238051,41,4086.956518
-287.122383,61,4087.220497
-136.190137,42,4087.399165
160.956317,44,4087.587416
-19.359854,19,4087.672363
-200.535347,33,4087.808326
-29.828853,23,4087.911476
-140.907101,24,4088.011195
-94.027056,30,4088.142342
-174.206595,27,4088.260184
-40.714175,24,4088.362665
-182.957833,32,4088.502232
-45.736654,24,4088.608695
-288.537535,39,4088.775994
-420.704602,95,4089.204685
-114.760591,38,4089.369217
-235.202087,37,4089.524452
-140.722724,37,4089.686373
58.804469,24,4089.82629
-240.866329,37,4090.114524
-234.854169,37,4090.384399
174.694123,23,4090.545482
-125.377008,19,4090.693842
-235.209323,37,4090.963383
-211.827859,31,4091.217177
-91.233073,44,4092.313771
-23.835205,19,4092.473755
-242.803486,37,4092.688878
37.288973,27,4092.826578
-119.448274,38,4093.070761
-95.862105,31,4093.40244
-130.053325,21,4093.596636
-139.625392,24,4093.775422
-38.806713,23,4094.001287
-98.592767,35,4094.307432
-34.251593,22,4094.466206
-252.444519,53,4094.70425
-145.161632,25,4094.810195
-233.819146,43,4094.998289
61.304008,24,4101.782147
-157.392543,40,4101.993262
174.868341,31,4102.13422
-247.450184,40,4102.314882
-265.890939,37,4102.471788
-186.907525,31,4102.598064
-236.043053,37,4102.755444
-275.665604,52,4102.98352
-224.017167,37,4103.140936
-153.405684,24,4103.243622
-169.639845,39,4103.403392
-165.12164,37,4103.549555
-26.294377,20,4103.639214
-227.397332,34,4103.784084
-250.316051,37,4103.959224
-601.544702,101,4104.401301
-123.572261,20,4104.480827
56.274362,24,4104.582903
-241.177183,37,4104.734782
-44.970693,25,4104.850781
-120.445369,18,4104.931372
-12.476885,19,4105.01741
-17.207674,19,4105.099061
-30.157342,21,4105.189403
262.841055,49,4105.407171
-46.032235,37,4105.567413
-26.413704,20,4105.652768
-321.181414,69,4105.947995
-112.549761,37,4106.104424
-89.428379,29,4106.224533
-121.978492,19,4106.305445
-94.021577,34,4106.453822
-141.905806,41,4106.645631
-225.278,33,4106.788611
-456.130885,63,4107.172859
-168.623055,29,4107.295724
-125.093319,19,4107.381844
-27.714476,20,4107.468741
-140.745403,37,4107.629819
-242.877358,37,4107.792924
-253.223699,37,4107.964909
-165.663566,28,4108.096164
-250.045833,37,4108.249428
-72.678543,29,4108.368813
-98.651313,38,4108.526958
-208.234649,34,4108.671025
-167.5936,29,4108.793812
-561.087716,80,4109.129475
-143.838761,24,4109.233991
-248.398393,37,4109.389348
-119.746428,21,4109.473585
-255.815693,40,4109.647201
-232.841145,37,4109.80382
91.087336,58,4110.416899
-16.077861,19,4110.503833
-129.429409,20,4110.591454
93.857439,34,4110.906356
65.015417,22,4111.121722
-272.205646,42,4111.351114
-92.69259,31,4120.646107
-139.252127,38,4120.849115
-140.470398,24,4120.951529
-260.756752,37,4121.121035
-127.148292,20,4121.216408
-170.354063,32,4121.353402
29.224394,27,4121.467739
-255.68078,37,4121.627822
-68.872192,27,4121.744509
-249.840635,38,4121.906354
-17.389802,19,4121.986543
-22.231471,19,4122.066182
-56.359029,27,4122.177665
-104.56096,31,4122.312647
-48.031847,26,4122.426832
-261.769475,37,4122.579782
-154.158479,26,4122.694875
-60.574699,27,4122.810801
-181.649397,45,4123.003902
-252.826019,38,4123.164413
-279.127888,41,4123.336064
128.531677,67,4123.615122
-184.702512,42,4123.794194
32.866853,26,4123.904001
-67.621991,41,4124.082013
-138.806775,37,4124.248592
-147.279039,37,4124.415253
-147.077936,25,4124.516925
-264.041455,42,4124.696922
-277.204954,43,4124.883511
-531.357713,77,4125.203711
-196.151885,32,4125.349553
-174.187062,32,4125.481378
-234.997372,37,4125.648942
-15.987173,19,4125.731743
-238.843706,37,4125.878792
-39.982009,24,4125.979553
-173.037069,27,4126.097652
-246.234296,37,4126.250003
-198.687255,31,4126.390215
-246.878606,37,4126.553879
-159.447901,27,4126.669322
-260.697322,40,4126.841297
-139.401374,37,4126.999519
-19.105898,19,4127.077049
-30.554893,22,4127.171287
-263.100001,37,4127.402053
-160.959363,45,4127.593399
-118.452345,19,4127.670928
-128.245188,20,4127.751836
-244.419471,37,4127.911854
-127.459511,21,4127.996804
-36.334909,37,4128.155887
-247.936743,39,4128.314159
-270.604162,38,4128.81903
-254.259811,37,4128.987682
-224.981997,34,4129.134465
-138.261034,24,4129.235377
-196.166505,33,4129.389329
-51.383061,25,4129.495887
-110.35834,33,4129.63997
-205.860979,45,4135.91723
-154.57296,64,4136.259324
-166.329807,41,4136.449115
-252.470933,37,4136.612373
-261.669009,40,4136.794042
-119.660796,18,4136.87405
-141.985044,25,4136.982801
-259.989607,37,4137.281771
-125.857993,19,4137.360156
-244.740306,37,4137.525742
-195.899892,34,4137.666194
-266.163773,42,4137.84176
-153.893333,40,4138.011155
-248.376526,37,4138.166909
-192.151002,47,4138.359402
-242.372398,37,4138.51448
-84.905407,31,4138.648072
-484.931626,70,4138.943628
-266.209075,37,4139.094062
-174.752157,29,4139.219853
-98.108655,33,4139.365678
-199.724091,33,4139.501408
-125.005549,19,4139.58097
-22.680829,19,4139.664074
-190.425585,43,4139.850269
-128.505229,20,4139.938434
-249.118345,37,4140.101292
-150.091564,24,4140.202858
-287.64294,52,4140.420146
-150.496913,26,4140.531835
-147.74936,37,4140.68603
161.596318,26,4141.013605
-30.439991,21,4141.369104
-299.344713,81,4141.822976
-63.272842,46,4142.019223
-148.507653,37,4142.177718
-208.785054,53,4142.401719
55.91868,24,4142.505289
-164.221618,29,4142.650383
-155.150339,37,4142.838315
-356.754135,50,4143.118031
-263.864127,37,4143.323927
-275.666036,37,4143.551885
-44.537799,37,4143.821945
-257.812617,37,4144.220171
-256.741437,37,4144.590536
-280.617297,37,4144.96248
-242.817061,37,4145.341555
-242.9776,37,4145.678371
-271.669624,37,4146.003388
-212.136881,38,4146.737831
-135.26157,22,4147.024267
-244.053793,37,4147.333681
-133.555824,40,4147.515628
120.549938,33,4147.663628
-203.83361,45,4147.869421
-20.677586,19,4147.950574
-226.142276,51,4154.079419
-179.681797,28,4154.207009
-141.329061,24,4154.314466
-243.496421,37,4154.473053
-264.148135,37,4154.639148
-87.193361,31,4154.772591
-240.197307,37,4154.923731
-259.236474,37,4155.087213
-504.26252,101,4155.563247
-139.175043,37,4155.711741
-119.401258,35,4155.864358
-253.648395,37,4156.026239
-45.885914,26,4156.138786
-242.025281,37,4156.297382
-262.19546,41,4156.471236
-355.234296,52,4156.687964
-274.884742,41,4156.867753
-245.169048,37,4157.031562
-208.378491,32,4157.179212
-149.067589,37,4157.334559
56.041647,25,4157.437301
-98.922129,35,4157.586357
-263.269585,37,4157.736756
-243.976458,37,4157.88877
-138.051056,35,4158.035614
-134.67246,21,4158.125544
-4.920784,33,4158.259871
-94.972498,31,4158.385132
-130.857967,20,4158.464039
-35.765193,22,4158.561897
-235.744788,37,4158.725841
-283.123388,41,4158.900305
-250.645669,37,4159.05712
-247.04147,37,4159.216321
-121.503958,19,4159.301589
-237.863777,37,4159.462091
-95.825994,29,4159.583688
-16.559648,19,4159.79328
142.453307,26,4159.930376
-89.277466,32,4160.070795
-128.665268,34,4160.207588
48.072884,57,4160.452049
-236.128033,35,4160.604333
-54.494219,40,4160.770334
-34.246528,23,4160.864621
-60.30276,28,4160.982264
-129.581546,20,4161.062495
-142.980909,22,4161.153511
-285.680719,49,4161.353034
-246.542857,37,4161.509452
-342.524463,52,4161.728942
-323.830755,50,4161.932114
-74.948513,73,4162.232229
-258.00054,37,4162.394863
-96.973957,32,4162.528438
-225.716697,36,4162.67918
-170.063483,29,4172.014224
-144.994749,37,4172.22165
-193.450048,59,4172.480176
-157.551465,40,4172.656282
-345.053247,51,4172.882313
-139.340315,37,4173.034351
-132.439659,22,4173.134051
-244.363554,37,4173.29239
-192.197101,72,4173.613291
-222.339291,33,4173.754625
-56.777555,38,4173.910011
-368.965949,52,4174.118216
-261.891375,37,4174.273518
-12.85274,19,4174.360076
91.652905,53,4174.587998
-63.75757,27,4174.702741
-18.821591,20,4174.790205
-257.574347,37,4174.947468
-213.935076,34,4175.094592
-260.988893,52,4175.316863
-317.928504,58,4175.562082
-206.14937,33,4175.70482
-250.22786,37,4175.870936
-250.783977,37,4176.025566
-65.852745,29,4176.14736
-25.50406,35,4176.297369
-350.687678,48,4176.500191
-224.865114,35,4176.667542
-131.252721,20,4176.751411
-129.960109,21,4176.847817
-90.279301,34,4176.98508
-389.462857,58,4177.229551
-175.987174,43,4177.411583
-66.176388,29,4177.535282
-236.148446,35,4177.678619
-170.601358,27,4177.792288
-137.70566,37,4177.941945
-267.056454,39,4178.108362
-64.278086,28,4178.227181
32.191258,45,4178.414276
-14.35476,19,4178.502246
-119.867901,19,4178.583751
-27.233791,20,4178.671704
-245.707408,36,4178.830539
-241.212768,37,4178.991942
-186.467389,34,4179.138364
-241.561587,37,4179.298203
-188.071793,31,4179.429253
-31.49401,21,4179.51882
-154.661782,44,4179.706014
-56.399817,26,4179.816924
34.032408,29,4179.947196
-237.924273,55,4180.19058
-64.74264,27,4180.309655
34.569032,27,4180.422122
-16.597643,19,4180.504479
-207.045758,31,4180.640581
144.611866,28,4180.767993
-123.317626,34,4188.042201
-87.685038,31,4188.217923
-236.051707,37,4188.375677
-242.681362,37,4188.528867
-172.571335,27,4188.64756
-27.52169,20,4188.728642
-199.237937,44,4188.925855
-189.959669,46,4189.129658
-254.299184,37,4189.288274
-82.778268,31,4189.429921
-139.152065,35,4189.692942
-449.432379,77,4190.019872
-129.850922,20,4190.107606
-219.743976,36,4190.26484
-231.359171,37,4190.420015
-166.522933,37,4190.569039
-312.468492,45,4190.761412
-325.148306,48,4190.964633
-40.473873,24,4191.066783
77.294446,23,4191.168341
146.45504,28,4191.288769
-142.598192,37,4191.453631
-225.066563,36,4191.609257
-236.665017,36,4191.764266
-156.821459,39,4191.926415
-128.634426,20,4192.015292
64.168582,24,4192.118728
-109.535866,34,4192.262862
-244.359465,37,4192.420364
-28.69034,20,4192.513734
-157.35189,36,4192.664692
-303.522616,62,4192.913636
-25.927936,20,4192.996754
-127.71816,20,4193.081851
-112.753294,37,4193.246453
-265.356214,37,4193.408536
16.551812,31,4193.533138
-594.611423,101,4193.974185
-224.501828,36,4194.131059
-288.958032,43,4194.316659
-132.616071,23,4194.418951
-260.595983,37,4194.572912
-27.438583,20,4194.654796
-147.864232,37,4194.808778
-82.659166,31,4194.946898
-50.078805,26,4195.064852
-41.944999,25,4195.213444
-10.514728,18,4195.309697
-274.965738,37,4195.520229
-138.048716,39,4195.926681
-162.969486,28,4196.1969
-264.612734,37,4196.561961
-239.29534,37,4196.999123
-147.265678,25,4197.251555
-89.193592,41,4197.765311
-130.699119,20,4198.023628
-264.601384,43,4198.390754
-240.818951,37,4198.645616
-297.575344,42,4198.894423
-264.871782,37,4207.150533
-140.694277,23,4207.258674
-23.270549,19,4207.34047
-51.993192,26,4207.444986
-660.40281,101,4207.869164
-199.289098,31,4208.001725
-122.523148,19,4208.080875
27.827379,28,4208.203268
-113.855213,19,4208.282937
-26.341091,21,4208.372596
163.89549,38,4208.538901
-138.724235,37,4208.704481
-325.8739,47,4208.90241
-31.896914,21,4208.989523
-236.48234,37,4209.14692
-131.552649,35,4209.290379
-256.048251,37,4209.438942
-246.830764,37,4209.598531
-39.310138,24,4209.701103
-52.527043,24,4209.803451
-100.904448,34,4209.94069
-313.783854,46,4210.144723
-55.570498,25,4210.252555
-114.418004,18,4210.321583
79.349082,22,4210.409617
-253.013801,37,4210.576259
-178.295658,28,4210.688993
-213.385356,35,4210.836657
141.194851,36,4210.994835
-126.814772,19,4211.074382
-259.160714,37,4211.229089
-38.145241,24,4211.33434
-38.095403,24,4211.433995
-32.089052,22,4211.523747
-127.133242,19,4211.605883
-120.63802,19,4211.694752
-271.110675,41,4211.88232
-261.7748,40,4212.04654
-69.968793,29,4212.172451
-244.966778,37,4212.32677
-359.466244,56,4212.564884
-226.404082,34,4212.711629
-36.811261,53,4212.932483
-299.626044,45,4213.2809
88.725879,40,4213.46057
-120.340639,19,4213.539141
-259.861923,37,4213.709892
-247.393543,42,4213.883678
-200.865825,46,4214.088917
-149.310331,23,4214.18998
-125.672426,47,4214.39461
-161.384684,37,4214.558279
-244.152282,37,4214.712813
-151.66245,38,4214.877176
-137.152958,36,4215.031603
-151.868397,26,4215.144443
-132.956202,37,4215.306831
-18.76834,36,4215.456849
-154.571701,61,4215.72561
-394.890035,53,4224.078542
-266.107006,37,4224.287206
-501.806221,67,4224.572867
-256.301798,37,4224.739634
-26.334528,21,4224.827906
-138.292168,23,4224.928043
-262.48372,40,4225.092678
-242.378636,37,4225.261971
-13.094609,19,4225.342216
-250.472133,37,4225.496856
-31.647278,21,4225.590842
-20.92283,20,4225.6764
-148.576543,38,4225.837464
-73.750904,28,4225.956133
-244.534034,37,4226.107306
-263.86909,37,4226.266119
-180.211531,42,4226.451482
-159.647832,27,4226.567335
-261.524823,37,4226.722895
-257.471299,37,4226.87689
-26.954327,21,4226.959599
-253.383277,37,4227.138037
-45.491008,25,4227.24512
-445.48243,66,4227.524651
-74.51552,27,4227.644189
-122.81664,21,4227.734314
57.348759,45,4227.926813
-124.077688,19,4228.012075
-139.693177,36,4228.165378
-133.134085,41,4228.336482
-201.243977,31,4228.467434
-237.691131,37,4228.627802
-44.440191,22,4228.722302
-114.132199,34,4228.868149
49.709495,28,4228.98756
-214.774003,33,4229.127466
-201.942033,60,4229.393216
-248.078189,37,4229.554623
-367.381353,61,4229.807391
-99.708793,31,4229.93866
-71.62668,30,4230.06919
-247.450445,37,4230.224937
-211.42132,35,4230.391163
-48.380762,26,4230.511463
-237.196352,37,4230.666592
-273.674886,41,4230.854707
-31.278444,22,4230.947778
-159.903875,53,4231.189695
-21.472284,20,4231.674323
-98.902127,32,4231.983468
-35.874897,22,4232.098494
-403.92079,60,4232.36875
-127.889545,20,4232.460375
-579.31888,101,4232.907846
72.207958,21,4232.998001
-241.879255,37,4233.150929
-147.01987,45,4233.344345
-126.971777,20,4233.430052
-656.654958,101,4240.73003
61.085362,24,4240.832286
-52.340357,26,4240.953824
-75.460111,31,4241.109379
88.152533,33,4241.288156
-221.155397,38,4241.469054
-241.051032,37,4241.648136
-15.408424,18,4241.731231
-38.284707,23,4241.844034
-252.457387,37,4242.028729
-141.901611,37,4242.201589
171.374507,59,4242.469684
56.618208,26,4242.738131
-238.639804,53,4242.963969
-150.542409,24,4243.068539
-255.630709,37,4243.222584
-148.187631,23,4243.319734
-488.661769,101,4243.762819
-156.628466,38,4243.932305
-150.250547,24,4244.028275
-238.622829,37,4244.180285
-134.308173,36,4244.373538
-43.302906,25,4244.488308
-201.880797,32,4244.628335
-31.513147,22,4244.72392
-39.153211,23,4244.822377
63.949523,40,4245.004672
-135.984225,37,4245.167813
-83.603352,34,4245.309157
-25.287687,20,4245.39352
-228.448925,35,4245.548362
-176.98596,28,4245.667385
-85.420765,53,4245.887664
-102.183542,31,4246.02841
-166.413881,51,4246.247588
-133.914974,22,4246.341183
-129.095022,21,4246.430902
-52.341591,26,4246.538502
-186.308167,32,4246.678112
-262.310232,37,4246.823929
-170.518235,46,4247.028333
-21.115372,20,4247.11479
-141.383833,22,4247.209354
-250.833364,37,4247.372441
-239.914843,50,4247.580443
-275.627672,44,4247.761627
-117.437572,18,4247.836886
-288.948056,43,4248.012653
-202.582318,32,4248.143882
80.940863,22,4248.23478
-0.095414,36,4248.408801
-141.66271,23,4248.531428
-202.023849,32,4248.702876
-39.389614,23,4248.822396
-225.364583,34,4249.032953
-142.81059,27,4249.236832
-58.219524,25,4249.428865
-119.499583,20,4249.64293
-136.18184,21,4249.934468
-156.111904,41,4250.434157
-142.651733,37,4259.494073
127.441155,32,4259.68671
-223.027826,35,4259.848336
-30.427884,20,4259.93948
-235.150632,37,4260.097925
-73.54573,30,4260.223444
-305.438905,44,4260.4097
-319.789163,57,4260.654223
66.784879,24,4260.755785
-24.627445,20,4260.837182
-242.211514,36,4261.003035
-28.94886,21,4261.095137
13.800445,41,4261.275586
-120.468028,61,4262.202705
-134.899763,35,4262.374027
-127.437276,19,4262.454425
-261.947642,37,4262.607918
-239.099404,35,4262.763554
-247.653292,37,4262.925794
-258.388931,40,4263.098974
-264.11713,45,4263.295152
-136.427104,56,4263.529624
-321.332663,45,4263.718157
-60.673058,27,4263.836539
-237.988809,37,4263.99583
-270.158681,37,4264.158201
-256.877854,37,4264.317341
-123.539996,19,4264.398177
-271.670925,37,4264.561699
181.719077,21,4264.654849
-58.27544,46,4264.864222
-173.004836,27,4264.99011
-0.294387,32,4265.193887
-247.735308,37,4265.39003
-505.266044,92,4265.777415
-234.977682,37,4265.932688
-162.264808,27,4266.050563
-142.795167,37,4266.212229
-270.287266,37,4266.371716
-174.611952,40,4266.533178
61.619752,26,4266.649652
-38.47911,24,4266.756204
-122.54923,19,4266.836207
-336.338416,52,4267.153638
-173.892409,37,4267.330088
-63.458319,27,4267.447432
-253.455741,37,4267.600708
-251.14919,37,4267.767016
-237.426936,37,4267.928581
-197.032219,31,4268.059358
-114.793744,33,4268.196674
-287.461238,44,4268.383877
-218.874104,34,4268.526798
153.762653,26,4268.639738
-264.006878,37,4268.822427
-28.981986,21,4269.273493
-305.544678,43,4269.461948
-157.164973,37,4269.620517
-20.170878,20,4277.306514
-247.003242,37,4277.499718
-105.850726,37,4277.656303
-130.397721,36,4277.813341
-270.083947,40,4277.995784
-13.060287,19,4278.075962
-34.490342,23,4278.17385
-199.124917,31,4278.30728
-51.243785,24,4278.415791
-116.031756,33,4278.560645
-241.089658,37,4278.712868
-123.565609,19,4278.791253
101.331546,51,4279.011153
-122.517596,19,4279.094459
164.739266,44,4279.279252
-31.612383,21,4279.366677
-162.425818,26,4279.479516
-113.057225,31,4279.613515
-521.923667,101,4280.058874
-235.59584,34,4280.200876
-314.123059,49,4280.407052
-178.366314,41,4280.585179
-166.323655,37,4280.735476
-184.301403,28,4280.852793
-164.357257,30,4280.982213
-607.893508,101,4281.403054
-29.602728,20,4281.485293
-47.325049,62,4281.751811
-212.645936,60,4282.016785
-147.908219,25,4282.127278
-251.479302,37,4282.286318
-75.138435,68,4282.574772
-279.323048,57,4282.823449
-53.276825,25,4282.936216
-180.191733,29,4283.065092
-170.48875,27,4283.179636
-251.577903,37,4283.338621
-243.288511,37,4283.504594
-258.009276,37,4283.662153
-265.774844,37,4283.818234
68.851879,21,4283.90457
70.366443,22,4283.999724
-144.070169,25,4284.120196
-198.517824,34,4284.262749
-53.716447,26,4284.36838
-29.980719,21,4284.45474
-120.077714,40,4284.617526
-128.183493,46,4284.802611
-144.422264,24,4284.911321
-150.93558,25,4285.0185
-121.05556,20,4285.108141
-402.091166,57,4285.347414
-76.339162,31,4285.480443
-250.045324,37,4285.63463
-148.658927,25,4285.731836
-125.500801,38,4285.888911
-236.813967,37,4295.180723
-50.743496,45,4295.516635
-239.410011,35,4295.672738
-91.851948,30,4295.795612
-211.417399,34,4295.936883
-75.115698,29,4296.065394
-49.789973,26,4296.173873
-80.341024,32,4296.314326
-153.350819,39,4296.480709
40.150899,27,4296.590506
-129.360641,20,4296.67043
-134.73462,23,4296.771107
-19.855811,35,4296.914636
-148.94918,37,4297.069614
-53.975073,25,4297.178426
-257.029945,59,4297.430547
-42.092813,24,4297.534934
-129.45347,35,4297.679563
-243.937006,37,4298.035665
-244.966382,37,4298.212408
-67.633713,29,4298.341639
-258.79123,37,4298.486982
-210.939769,32,4298.622793
63.128555,22,4298.711114
-23.733215,21,4298.793236
-118.292458,20,4298.879153
-243.041292,37,4299.030781
27.336424,29,4299.157337
-11.10565,18,4299.23369
-253.182083,37,4299.383265
-274.212644,37,4299.536202
-135.18487,36,4299.682485
-162.282632,27,4299.794696
-51.406687,26,4299.902099
-54.602541,40,4300.072028
-187.281095,31,4300.20703
86.297285,19,4300.287328
-146.98684,39,4300.4526
-105.763556,31,4300.580626
-68.900353,29,4300.700643
-215.322928,33,4300.836196
-258.696042,39,4300.992866
-266.217355,38,4301.158338
-148.349492,37,4301.303538
-123.828419,19,4301.378275
-201.798902,35,4301.519985
48.463497,26,4301.626131
-89.572225,32,4301.770718
-8.427107,31,4301.896672
48.882285,26,4301.999312
-256.083093,37,4302.159472
-147.442166,37,4302.324707
-231.388544,39,4302.487381
-44.698573,24,4302.591302
-67.801513,29,4302.712563
-149.623973,36,4302.861197
-240.403141,42,4303.037904
36.697673,27,4303.148548
-207.62579,32,4303.296074
-249.166306,37,4303.555905
-244.96197,37,4303.879859
-138.690487,36,4304.155065
-56.294679,43,4304.685951
-477.879401,75,4316.193523
-127.411202,37,4316.36159
-265.320654,37,4316.510072
-238.60022,37,4316.666152
-86.476707,29,4316.798629
-215.350155,32,4316.938706
-127.932804,20,4317.023563
-255.916135,39,4317.176636
-260.622464,37,4317.324945
-216.907065,35,4317.467301
-129.90842,20,4317.547352
-268.840096,40,4317.714154
-33.18265,22,4317.806423
47.267148,24,4317.90445
-239.041118,37,4318.06415
-180.238299,29,4318.188724
-128.166786,21,4318.271754
-119.755077,19,4318.353262
-241.834207,36,4318.506688
-95.399463,31,4318.636477
-64.167854,28,4318.748507
-267.351758,40,4318.907377
-190.220869,33,4319.045459
-112.360881,82,4319.392269
-173.952185,41,4319.568348
-197.901818,31,4319.700265
-263.237817,37,4319.854995
-39.473647,23,4319.949334
-6.612652,33,4320.086896
-127.830475,20,4320.16372
-141.14525,42,4320.336921
-49.53864,23,4320.439194
-636.265499,91,4320.80027
-108.132636,35,4320.947129
-155.558912,26,4321.053837
-108.233994,32,4321.190735
-77.263005,30,4321.321832
132.520963,27,4321.434352
53.246993,25,4321.535613
68.982149,22,4321.63406
-260.914623,37,4322.436611
-21.074043,20,4322.559217
-30.091221,20,4322.675261
-130.264718,20,4322.766395
-50.175194,25,4322.869829
-152.264651,23,4322.967675
196.584718,23,4323.063467
-129.621774,20,4323.153889
-111.802689,34,4323.293949
-234.360926,37,4323.443366
-251.880399,37,4323.598597
-144.251982,36,4323.826446
-113.224729,33,4323.985196
-737.536916,101,4324.725376
-50.627372,24,4324.827587
-43.663939,24,4324.948484
-256.437555,39,4325.110286
-332.501232,46,4325.302632
164.946997,33,4325.440728
-75.661991,30,4325.56596
-284.367656,43,4325.751313
171.616868,23,4334.385773
-109.950121,36,4334.688062
-241.030352,38,4334.852511
-321.642001,47,4335.051151
-163.317222,26,4335.167963
-255.355388,38,4335.332272
-530.415216,93,4335.74167
69.030667,22,4335.832708
-157.651215,37,4335.990756
-136.426556,36,4336.14707
-386.619346,76,4336.477727
-127.769502,20,4336.568381
-31.745808,21,4336.660278
-269.953213,37,4336.817134
-47.848008,24,4336.920182
-151.831636,39,4337.08906
-29.961944,21,4337.181812
-326.060815,50,4337.398137
-153.175862,44,4337.605398
-240.793927,37,4337.752395
-349.034084,83,4338.107906
-181.408172,29,4338.239659
-276.641197,53,4338.463126
-263.013693,37,4338.615394
201.047721,22,4338.711977
-167.70658,58,4338.959156
-123.085611,20,4339.043969
-41.805595,38,4339.209526
71.723844,20,4339.296811
-237.425154,37,4339.472268
-115.670329,19,4339.554776
-15.907587,19,4339.634876
-64.533206,26,4339.74837
-139.00077,23,4339.849022
-236.75967,37,4340.011978
-228.776791,34,4340.159787
-30.525717,22,4340.254874
-394.8291,63,4340.521471
-251.819668,37,4340.684057
-267.830175,37,4340.842139
-135.193731,35,4340.983252
175.690777,49,4341.182838
-15.475655,19,4341.2673
-18.793853,20,4341.349389
-165.01864,40,4341.518799
-254.289051,41,4341.691839
-277.633785,37,4341.85495
-12.156532,18,4341.930687
-41.601505,24,4342.038017
-161.544734,45,4342.237634
-162.607377,25,4342.344779
-93.611194,33,4342.485619
-152.80884,38,4343.025304
-246.226478,37,4343.188139
36.875567,28,4343.308255
-32.524738,21,4343.396072
-617.464649,101,4350.286385
-195.582381,43,4350.491964
-23.416866,20,4350.572047
-185.874409,30,4350.701223
-250.058095,37,4350.857005
-109.915258,35,4351.005971
-125.117017,20,4351.095173
84.001435,19,4351.175396
-181.281329,29,4351.303662
-262.74288,37,4351.460147
-502.936953,101,4352.847966
-183.271566,50,4353.309531
-64.061873,40,4353.486715
-126.915046,21,4353.581389
-26.566456,20,4353.662765
-211.998923,47,4353.859539
-244.581365,37,4354.021884
-246.133274,37,4354.17674
-102.442438,32,4354.399851
-71.592291,26,4354.507957
-139.196797,37,4354.663222
-247.241308,37,4354.838825
-250.809657,37,4354.993852
-224.90512,36,4355.150364
-251.472324,39,4355.316793
-546.265609,73,4355.637042
-48.541983,26,4355.745418
-24.928622,22,4355.845024
-117.544693,39,4356.021599
-27.830104,20,4356.110337
-121.028001,19,4356.200787
-30.358927,20,4356.289862
-38.879397,24,4356.398494
-240.875562,38,4356.564774
-126.059504,19,4356.645816
-241.276458,37,4356.808078
-175.568886,45,4357.000222
-122.819584,20,4357.090785
-116.809055,35,4357.241772
-49.148919,23,4357.341986
-125.293313,19,4357.422288
-94.907865,52,4357.653239
-232.802981,36,4357.802273
-125.177294,20,4357.89109
-151.001297,37,4358.053498
-281.503441,44,4358.239551
-110.05397,18,4358.311481
-412.122308,60,4358.566183
-139.693346,35,4358.715515
-262.899818,37,4358.871657
-18.559594,19,4358.954088
-256.159515,37,4359.112984
-276.224328,37,4359.277522
-251.745424,37,4359.433088
68.62584,22,4359.525563
-267.040705,37,4359.678211
-241.926223,39,4359.842598
-674.557872,101,4360.378472
-121.509003,19,4370.095993
-415.376057,62,4370.415953
-26.899178,21,4370.505905
-242.593116,37,4370.66179
-15.370842,19,4370.736271
-671.578192,100,4371.162113
223.439985,89,4371.82856
-146.187198,24,4371.937751
-608.434635,101,4372.376615
-165.255661,41,4372.560147
-236.765808,37,4372.712774
-32.810376,22,4372.807374
-258.727525,42,4372.979531
-248.213091,37,4373.136916
-16.62622,19,4373.217296
-246.77644,62,4373.484783
-67.122677,26,4373.6005
-159.337119,40,4373.772448
-314.448018,56,4374.024499
-40.257954,23,4374.129207
-21.698454,20,4374.224037
-4.224513,37,4374.385684
-241.619887,37,4374.545898
-254.384778,37,4374.699856
-111.180839,18,4374.777191
-126.408401,19,4374.858871
-263.266467,37,4375.023091
-22.270789,20,4375.113826
49.992586,25,4375.219326
-326.638294,44,4375.404091
-125.833547,19,4375.486079
-179.953809,28,4375.597969
-258.102804,37,4375.749869
-130.724746,20,4375.839205
-134.737784,35,4375.988944
-127.327734,20,4376.076171
-140.381434,35,4376.221578
-102.790924,35,4376.374634
-254.895803,37,4376.526627
-16.41166,19,4376.60823
-142.379615,25,4376.712345
-239.490114,37,4376.870138
67.895294,22,4376.966746
-258.243102,37,4377.121832
-31.180347,21,4377.208273
-29.938817,21,4377.296254
-205.882923,50,4377.511923
38.209179,85,4378.065047
-16.65799,19,4378.147865
-125.439013,19,4378.235373
-183.812311,47,4378.428579
129.10239,28,4378.548479
-18.043086,19,4378.630656
-240.291712,37,4378.78492
-240.353146,37,4378.947429
-136.988002,36,4379.091215
-126.465069,20,4379.17418
-283.382674,45,4387.762708
-64.314605,27,4387.922272
-16.503305,19,4388.008483
-35.443723,22,4388.205094
-158.75366,25,4388.344449
-42.8595,24,4388.479009
-40.199352,25,4388.622698
-148.431292,25,4388.791688
-201.321124,29,4388.950965
-257.334396,37,4389.13373
-291.400416,45,4389.355134
-21.330613,20,4389.451741
-178.090005,30,4391.092151
-46.638555,42,4391.622466
-24.512918,20,4391.716486
-81.477891,28,4391.854813
-113.609321,36,4392.022785
-71.887633,28,4392.161986
-250.224799,37,4392.336216
-94.477437,30,4392.481256
-243.350372,37,4392.720966
-141.361384,37,4392.918495
-239.430276,37,4393.096481
-253.241337,37,4393.245771
-362.020855,49,4393.60292
-120.138429,18,4393.738521
-19.446599,20,4393.840846
-254.739043,37,4394.052606
129.700664,42,4394.287399
-162.889022,28,4394.493209
159.358264,24,4394.810541
-150.01054,37,4395.296695
-255.508957,37,4396.066037
193.887423,23,4396.385953
-19.692147,19,4396.632396
-17.572304,19,4396.90255
-705.54325,101,4398.411333
-49.221839,26,4398.530813
67.517399,22,4398.638756
-5.364041,31,4398.775738
-155.547521,26,4398.890931
-32.180471,22,4398.985363
-621.304195,101,4399.439246
-402.944676,61,4399.838617
-427.875094,79,4400.542821
-249.517327,35,4400.938791
-126.832198,33,4401.37717
-31.32116,22,4401.512695
-202.386736,32,4401.733022
-206.474728,32,4402.015467
-243.215064,37,4402.408609
-3.922865,35,4402.690526
-15.987243,19,4402.795379
-109.937005,34,4402.954409
-52.949162,26,4403.07989
-772.122468,101,4403.526413
-240.587149,37,4403.717028
-28.269182,21,4403.813792
-55.792859,24,4403.929197
37.085137,26,4404.042654
-92.215387,31,4414.366699
-19.347716,19,4414.494183
-134.649142,36,4414.676252
-23.532005,21,4414.778625
-114.854921,37,4414.955746
-192.479779,43,4415.175459
-103.241991,55,4415.455868
-163.304729,37,4415.640442
-365.689417,51,4415.892866
-119.854967,18,4415.978816
-181.874634,58,4416.249185
-142.173559,37,4416.411103
-229.253629,36,4416.555831
-103.559587,33,4416.696623
-305.065827,47,4416.904918
-119.032332,19,4416.984429
-237.184492,34,4417.135026
-129.704359,20,4417.228547
-756.777357,101,4417.653765
-151.286986,25,4417.76007
-161.476248,26,4417.999921
-253.156234,39,4418.168918
-136.461454,37,4418.327599
-224.786404,35,4418.47468
46.810636,26,4418.593507
-238.708864,37,4418.754182
-126.831163,20,4418.837497
-117.616204,19,4418.916347
-634.574812,101,4419.341662
77.449048,23,4419.444693
-74.167787,29,4419.576741
-28.32027,22,4419.676819
-140.165505,24,4419.778147
74.046784,21,4419.877769
-214.346151,34,4420.023276
-148.509923,36,4420.183012
-199.26184,35,4420.327841
-243.300538,36,4420.482738
-29.96775,20,4420.562209
-130.66382,20,4420.649374
-162.904141,27,4420.773756
184.385064,20,4420.858221
-240.874047,37,4421.021228
-126.298582,19,4421.100075
44.297892,26,4421.21282
-321.457406,101,4421.647625
-295.080463,91,4422.0335
-133.985026,22,4422.133091
-261.550142,53,4422.365747
-59.661923,26,4422.478504
-114.082303,19,4422.563936
-38.733013,24,4422.665198
177.313648,24,4422.774857
-251.663466,38,4422.947216
-46.713992,37,4423.128824
170.171871,42,4423.312429
-98.428046,32,4423.451788
-133.913729,21,4434.530309
-241.032507,37,4434.755986
-261.388238,37,4434.928477
-28.815547,35,4435.077097
-120.734778,21,4435.168156
-237.720112,37,4435.328602
-242.979869,37,4435.485671
-27.93405,20,4435.580709
-122.730245,20,4435.685954
-234.584878,35,4435.911917
-202.509395,30,4436.20791
-173.64812,27,4436.343419
130.99431,28,4436.50781
103.178676,34,4436.77374
-248.020192,37,4437.005419
-241.744044,37,4437.20171
-82.190967,31,4437.349934
-143.419782,23,4437.454812
-125.443827,35,4437.606079
-165.305863,47,4437.802285
-262.058919,37,4437.964524
11.498505,31,4438.094503
-410.370508,97,4438.554464
-187.444283,43,4438.750969
55.916788,23,4438.851145
-78.015045,28,4438.973403
-33.230112,22,4439.068519
-165.508315,28,4439.183018
-149.687723,54,4439.440481
-262.684266,37,4439.632235
-251.638496,37,4439.823419
-4.47034,32,4439.996069
-129.519482,20,4440.097593
-42.920205,38,4440.290773
-157.31259,46,4440.512211
-18.270095,36,4440.707089
-127.808005,52,4440.980948
-193.341063,32,4441.134739
-134.638191,37,4441.314629
-11.330062,18,4441.399583
-127.923402,21,4441.492411
-121.512749,19,4441.572839
-41.983643,24,4441.683775
-21.69042,20,4441.768799
-143.352845,37,4441.945565
-19.951979,20,4442.039063
-221.943779,50,4442.265677
-241.328958,37,4442.42654
-250.695594,37,4442.599706
-15.244375,19,4442.693772
154.203083,50,4442.920317
-57.257906,25,4443.044518
-209.139312,32,4443.186301
177.535099,22,4443.339641
-124.453317,19,4443.460566
-127.47427,20,4443.564163
-63.185421,40,4443.758358
-70.726604,31,4444.007706
-367.870799,58,4444.278915
-59.862108,28,4444.490807
-236.468057,37,4444.655721
15.009682,46,4454.36583
0.126878,50,4454.68733
-135.135416,36,4454.848232
-140.370038,24,4454.952756
-259.555094,38,4455.110425
-127.205952,21,4455.208178
-34.560188,22,4455.303698
-29.963177,20,4455.387496
-126.406395,39,4455.556667
-27.601324,20,4455.640142
-105.374083,34,4455.800046
-129.849829,20,4455.900513
-50.153402,25,4456.014234
-138.971665,37,4456.175714
-249.0787,36,4456.321045
-393.989128,92,4456.731391
145.751654,45,4456.940667
-201.73023,32,4457.079156
-16.170642,34,4457.217964
-87.70671,31,4457.345458
-93.41794,30,4457.471925
-235.883002,37,4457.641073
-58.300594,86,4458.022829
56.438979,25,4458.13382
-25.012251,21,4458.230413
-133.573101,37,4458.381933
-256.325964,37,4458.545455
71.507771,37,4458.701123
-477.002489,76,4459.030909
-247.544098,37,4459.19537
-15.121802,36,4459.359897
-518.085135,101,4459.813457
-94.156099,32,4459.947389
59.389182,27,4460.064107
-20.509399,19,4460.147026
-78.471745,30,4460.278824
112.598097,33,4460.42496
-140.706493,36,4460.577242
-246.966794,37,4460.725288
-35.769432,21,4460.814448
-214.93057,34,4460.973103
-244.248796,37,4461.129098
-255.809075,37,4461.278854
-243.518245,37,4461.429994
-67.890295,39,4461.59321
76.649695,20,4461.675885
-23.637221,21,4461.761614
-47.649731,23,4461.863597
-21.013436,19,4461.944871
-26.247097,20,4462.029453
-141.360718,37,4462.184816
-50.315686,25,4462.290527
-128.211355,21,4462.385798
-9.142663,40,4462.556169
-130.40663,35,4463.047579
-129.541648,20,4463.279468
-238.095315,37,4463.460979
-70.963917,28,4463.575469
-235.385245,37,4463.724045
-98.965522,35,4470.99311
-236.007768,36,4471.213175
-75.83727,42,4471.407046
-263.677359,37,4471.561345
-129.362174,21,4471.652225
-240.247314,37,4471.820673
-177.171611,41,4471.995893
-263.025811,37,4472.158905
15.379309,35,4472.31066
-130.869115,36,4472.468231
-182.061867,30,4472.593748
-84.198355,29,4472.717529
-251.065954,38,4472.880154
-139.484354,22,4472.97633
-217.5197,36,4473.141604
-190.088476,29,4473.277493
-128.949558,20,4473.358423
-65.293205,42,4473.541332
-28.653566,20,4473.621683
-186.724432,28,4473.738882
-19.66409,20,4473.817714
-44.938151,25,4473.927481
-226.059117,35,4474.082376
-65.252544,65,4474.374665
-196.470067,46,4474.579528
65.388983,23,4474.682661
-101.709424,46,4474.983812
-111.97376,37,4475.139847
-252.702448,37,4475.298757
-29.455295,21,4475.385322
-242.05299,37,4475.566707
-165.308752,40,4475.746136
-256.738996,37,4475.904174
-217.234749,46,4476.10114
-83.350309,27,4476.218591
-160.568878,27,4476.338448
189.175089,20,4476.427936
-124.054069,20,4476.513334
-13.74086,19,4476.598641
-239.246405,36,4476.750323
85.579471,33,4476.902512
177.715276,21,4476.987763
-247.585173,40,4477.170438
-35.170708,36,4477.331012
-29.031634,21,4477.420676
-249.984846,37,4477.579294
255.353609,51,4477.805646
-17.613605,19,4477.895568
-88.587527,29,4478.016224
73.842202,34,4478.157979
-148.359659,37,4478.319585
-176.396646,33,4478.462489
-250.91512,37,4478.639669
-43.726062,25,4478.748188
-369.447306,73,4479.05999
-48.159692,25,4479.169276
-32.098454,20,4479.623666
-20.792421,20,4479.732189
-44.912432,23,4479.83831
-341.757315,73,4480.201667
-181.700434,28,4480.333911
-259.597046,37,4480.487505
-173.175266,31,4489.327295
-578.607716,101,4489.805412
-282.135685,42,4489.978419
-212.606311,32,4490.123394
-16.971221,19,4490.205134
-267.60844,45,4490.400403
-148.790608,25,4490.508361
-16.257452,19,4490.586845
-155.510514,26,4490.69289
-114.549559,18,4490.768181
-30.277163,20,4490.852503
-114.540397,19,4490.933647
5.597353,61,4491.221667
-118.264549,59,4491.476481
-370.107349,53,4491.698233
18.480039,30,4491.831687
-17.344566,33,4491.982805
-59.070587,61,4492.250353
-123.650545,19,4492.335567
-33.51185,22,4492.432255
-326.648531,48,4492.636231
-246.36911,37,4492.802446
-254.259097,37,4492.96746
-131.744774,20,4493.060142
95.686704,21,4493.14903
-38.58163,24,4493.248875
-310.123499,48,4493.461903
-141.827832,37,4493.625249
-28.861218,21,4493.712135
-35.438711,22,4493.804575
-112.47903,18,4493.881115
-268.621381,41,4494.051737
-196.903578,32,4494.186531
-133.327198,37,4494.338967
-29.08314,20,4494.425643
-116.306859,19,4494.509407
-123.428794,19,4494.585515
-82.481962,43,4494.76314
-176.940303,49,4494.970975
-134.003499,49,4495.181043
-380.3757,90,4495.56999
-250.306619,37,4495.730074
-114.379401,19,4495.810321
-335.095276,46,4496.006663
-61.850519,48,4496.217157
-245.328383,37,4496.509077
-209.147825,34,4496.734669
-331.827224,65,4497.383673
-45.898982,23,4497.484046
-277.040951,40,4497.653771
-62.184964,29,4497.778611
180.0861,30,4497.911796
-123.807646,20,4497.996662
38.963616,37,4498.149731
-90.90928,35,4498.301449
-246.14446,38,4498.578508
-580.792204,101,4506.465736
-176.0672,27,4506.704709
-47.813351,24,4506.86874
-248.700494,37,4507.090769
42.881933,37,4507.294986
-149.687286,37,4507.451032
-138.257081,23,4507.555223
-237.676857,39,4507.717896
-71.051632,29,4507.835469
-254.908722,37,4507.989967
-241.383135,37,4508.162652
2.920074,46,4508.359591
-20.91779,21,4508.46904
-258.766981,37,4508.629363
-198.965113,32,4508.771018
-274.961921,37,4508.936588
-260.741816,37,4509.092985
-163.440321,37,4509.252622
-123.765864,21,4509.343985
100.900844,22,4509.438257
-149.229611,37,4509.601603
-28.99676,20,4509.689367
-139.43079,35,4509.843741
-26.65666,20,4509.925401
-126.797779,36,4510.074345
-41.695332,36,4510.237974
-140.740768,36,4510.394459
-37.399399,22,4510.488571
-128.134835,21,4510.574441
-144.781842,27,4510.689658
-155.218087,44,4510.871472
-239.525012,37,4511.040648
-128.850658,22,4511.129272
-30.159705,20,4511.212158
-97.565991,32,4511.349253
157.269834,29,4511.473884
-22.8084,20,4511.56082
-128.795135,38,4511.713003
-242.19569,37,4511.871836
-50.240596,26,4511.986498
-135.820758,37,4512.139744
-99.451159,35,4512.296014
149.553254,32,4512.441904
-28.40355,20,4512.526839
44.400726,26,4512.634291
45.590239,24,4512.735091
-91.789846,31,4512.861223
-26.60054,20,4512.951636
-127.95272,40,4513.254581
-242.170966,37,4513.433701
60.600646,24,4513.536811
-18.695775,20,4513.629597
-125.965996,20,4514.057768
-242.084399,37,4514.246558
-47.667188,41,4514.442258
-202.334271,32,4514.591636
-244.547475,37,4514.74803
-43.753278,25,4514.85592
-293.083564,47,4515.057921
-132.215849,21,4515.143981
67.686472,24,4515.260672
-64.688501,26,4515.38544
-201.822083,31,4515.510441
69.98337,22,4515.607379
-244.064675,37,4515.76677
-68.476225,28,4515.882661
-93.801191,29,4523.290787
43.184987,44,4523.525313
43.743017,27,4523.643892
-161.766519,26,4523.754401
-248.739352,37,4523.910191
-226.965737,34,4524.052695
-152.764363,42,4524.231029
-143.956804,37,4524.380176
-348.529168,66,4524.66346
-255.101994,37,4524.830868
-255.273415,37,4524.997607
-41.898494,24,4525.104399
-73.382172,28,4525.228894
-54.904748,27,4525.347846
-29.186642,35,4525.503291
-76.230408,31,4525.633635
-46.537671,24,4525.736366
-222.576788,83,4526.09716
-137.296442,37,4526.256712
-150.786259,38,4526.419269
-131.005375,20,4526.504023
-240.361558,37,4526.66033
-37.122196,23,4526.7628
-154.859902,25,4526.869043
-123.530138,19,4526.950623
-161.718798,28,4527.070146
-221.472107,48,4527.284276
-139.407187,37,4527.44357
-22.760411,19,4527.520122
-20.454962,20,4527.710754
-32.053785,22,4527.803002
66.90558,22,4527.897108
68.478381,22,4527.989685
202.587975,19,4528.074496
-132.710827,36,4528.228976
-281.616018,42,4528.404823
-157.796745,41,4528.582855
135.3264,30,4528.725299
-295.11356,45,4528.924295
-151.428529,36,4529.073319
-48.287156,25,4529.175254
46.437871,28,4529.293873
-238.631298,37,4529.449279
-232.50203,35,4529.597106
-279.874588,45,4529.792476
-89.014536,30,4529.921926
-20.261079,20,4530.01108
-80.682976,29,4530.135551
-16.285877,19,4530.221643
-25.428527,20,4530.300239
-86.600263,53,4530.536454
-149.163072,26,4530.784298
-85.691992,29,4531.172526
-314.7391,48,4531.397152
62.01635,23,4531.492808
-249.055444,37,4531.657523
89.96089,39,4531.828676
-216.559711,57,4532.080578
-276.028377,41,4532.257189
55.214908,48,4532.462516
-64.835068,28,4532.589597
-88.75786,32,4541.433158
-23.573727,20,4541.532216
47.404841,25,4541.645393
-244.490567,37,4541.795516
-24.46665,21,4541.893056
-130.642703,20,4541.975841
-285.951611,101,4542.414609
-18.535049,20,4542.496279
-125.066367,20,4542.582353
84.321605,40,4542.75651
-34.844832,22,4542.855944
-38.775477,25,4542.962814
-27.71142,21,4543.056772
-138.241898,37,4543.218636
-124.680905,19,4543.299877
-199.650516,31,4543.434468
-145.693394,64,4543.717011
-277.508062,43,4543.895442
-314.003444,43,4544.078524
-21.075606,20,4544.160776
-258.591971,40,4544.365001
-147.003603,26,4544.489342
-297.351098,45,4544.682253
-244.813693,37,4544.844392
-661.776832,96,4545.295239
-90.055326,30,4545.440657
-33.266108,23,4545.545372
-286.380783,46,4545.758483
-305.927247,43,4545.963053
-738.05425,101,4546.417957
-158.565911,39,4546.588048
-135.710016,37,4546.743025
-157.947685,44,4546.935155
-230.379342,36,4547.080312
-21.527686,21,4547.170371
29.225302,29,4547.298576
-238.692877,37,4547.460834
-159.39776,41,4547.63077
-236.743799,37,4547.790091
-126.494916,35,4547.932038
-247.165933,37,4548.090177
-9.952268,18,4548.163548
-122.097595,35,4548.80959
-251.660609,37,4548.982068
-240.388809,37,4549.138564
-266.04032,37,4549.293672
-215.625237,37,4549.459885
-166.718384,27,4549.570673
-117.012182,37,4549.726542
-65.859565,29,4549.851426
-158.784779,26,4549.963816
-212.472192,35,4550.110076
-129.894266,21,4550.19973
-148.280464,25,4550.302522
-254.146644,37,4550.46783
-105.901751,31,4550.608774
-141.159117,37,4550.765013
-151.997559,24,4557.716294
-48.484595,23,4557.97681
-130.862897,21,4558.068391
-131.136998,22,4558.153124
-118.213376,18,4558.235294
-29.476218,20,4558.323328
-58.259078,28,4558.449618
-229.824802,34,4558.601541
-269.324396,37,4558.762029
-238.415934,37,4558.922495
-115.833071,18,4558.994001
-205.352996,32,4559.133299
41.834438,25,4559.239505
-481.790664,101,4559.669174
-178.638961,30,4559.798792
-109.870646,37,4559.959285
-141.116953,22,4560.048635
-69.615366,30,4560.18432
-245.627152,37,4560.34397
-11.424631,19,4560.426013
-30.883207,20,4560.505643
-253.378393,39,4560.680657
-17.480755,19,4560.768743
-41.059858,38,4560.936213
-165.147331,28,4561.057274
-31.614929,22,4561.151488
-124.513441,47,4561.351536
134.312367,28,4561.464636
-245.387278,37,4561.616816
-141.436278,37,4561.770905
35.626441,31,4561.90842
-14.93374,19,4561.998726
-246.819112,37,4562.16027
-121.378764,41,4562.332933
-126.42659,40,4562.50824
-327.489532,49,4562.725858
-240.25409,37,4562.881126
-21.107499,20,4562.963756
-52.92823,24,4563.063308
-161.927233,39,4563.22873
-110.289077,18,4563.307712
0.315274,31,4563.495112
2.464255,53,4563.886408
-617.455636,101,4565.156815
-127.870368,38,4565.4474
-90.930598,31,4565.65529
-28.422698,20,4566.427279
-259.648387,37,4566.747351
-48.43899,23,4566.909584
-251.198397,37,4567.111413
-49.130612,24,4567.225285
-147.692792,37,4567.419061
-144.994305,37,4567.593631
-25.675234,21,4567.683866
-222.439773,63,4567.949285
-128.262866,21,4568.053267
-275.312333,41,4568.242523
-237.467223,37,4568.395719
-244.873543,37,4568.560321
-9.955796,49,4568.768413
-28.416671,21,4568.868767
-117.893619,36,4575.419848
-273.908733,51,4575.656353
-50.614016,26,4575.768227
-131.469124,20,4575.85791
-236.464115,37,4576.024248
60.039576,23,4576.131159
-52.637613,26,4576.243425
-188.907367,45,4576.436159
-116.515175,18,4576.511037
-125.122006,38,4576.691002
-141.842927,24,4576.794975
-209.47128,31,4576.932926
-129.655872,21,4577.018504
-237.735503,37,4577.172443
-176.58123,30,4577.299639
-184.222513,28,4577.415251
-242.891556,37,4577.660584
-21.730996,19,4577.836046
-229.921076,63,4578.199871
-258.585311,37,4578.378535
-126.96623,19,4578.467719
-48.766843,23,4578.561934
-29.586249,20,4578.64409
-251.241194,37,4578.796549
186.907102,29,4578.924817
-344.28789,101,4579.351284
-251.113321,37,4579.535327
-132.305349,20,4579.62257
-209.945889,31,4579.756421
-243.059733,37,4579.913715
-151.765799,24,4580.020079
-158.79982,37,4580.189428
-154.914371,27,4580.302695
-128.241802,35,4580.606415
-298.172456,48,4580.820129
-251.226618,38,4580.989508
-242.274815,37,4581.155677
-246.851823,37,4581.320283
-116.617901,35,4581.472202
-33.416085,22,4581.570217
-26.557341,21,4581.660434
-213.521048,34,4581.804658
-225.736034,34,4581.954851
-297.647805,44,4582.138782
-173.75213,28,4582.262784
-276.203102,41,4582.439673
-239.060765,37,4582.61251
-265.921569,37,4582.772224
-131.494152,39,4582.943632
-132.431938,20,4583.07143
-47.627994,74,4583.710715
-34.219193,22,4583.809392
-605.240413,101,4584.24551
-415.477522,65,4584.531188
-38.742203,22,4584.627278
-250.257429,37,4584.786437
-242.711001,37,4584.956522
73.917703,21,4585.056725
-20.333926,20,4593.504366
-123.523577,19,4593.626984
-197.186873,30,4593.770646
-245.714826,37,4593.922661
-61.855724,27,4594.03556
-118.866201,39,4594.207816
-100.326313,30,4594.335184
-312.423156,47,4594.537685
-55.566166,27,4594.656667
-36.888472,22,4594.748642
-28.422247,20,4594.83186
-142.940669,24,4594.940456
-143.81729,38,4595.109519
-254.715644,37,4595.265837
-112.892266,38,4595.419158
-36.283281,24,4595.517819
21.007388,62,4595.777484
-250.857177,37,4595.931293
-577.228113,90,4596.325216
-128.461488,34,4596.46636
-247.241387,37,4596.62516
-170.302626,27,4596.738057
-110.993398,18,4596.81716
56.96271,24,4596.927274
-260.727082,37,4597.088117
-311.919317,47,4597.297314
-56.188926,37,4597.455622
-708.429648,101,4597.887993
-239.131651,37,4598.051429
-161.823001,37,4598.202709
-31.625375,21,4598.292328
-21.052569,20,4598.377512
-114.298205,32,4598.512027
-24.589777,21,4598.606073
141.182154,28,4598.719915
-334.813387,47,4598.922022
-168.114648,37,4599.072457
-68.524725,29,4599.206736
-186.614406,31,4599.337486
-32.789324,22,4599.432477
-33.935918,21,4599.521909
19.948772,48,4599.730101
-54.026674,27,4599.852771
-178.118653,26,4599.966914
-166.395162,39,4600.134005
156.481007,26,4600.243029
-181.969805,30,4600.373723
43.861424,26,4600.487668
-36.885938,22,4600.580268
-32.508714,22,4600.673542
-462.679879,85,4602.188013
-22.679831,21,4602.414845
-239.546521,37,4602.663867
-47.269727,36,4602.990837
-114.797325,38,4603.371013
-368.115652,53,4603.678364
-74.456306,42,4603.894398
-8.356028,34,4604.053891
-96.837374,34,4611.279421
-256.408744,99,4611.769257
-639.005817,101,4612.325821
-182.22625,42,4612.509345
-25.750327,20,4612.596039
-140.814837,70,4612.900819
-379.298484,54,4613.137215
-91.033942,30,4613.267618
-123.691998,37,4613.435266
72.811624,21,4613.521208
-105.305807,34,4613.661815
-71.126633,30,4613.790241
-455.637153,63,4614.062405
-29.526984,20,4614.146828
-29.628603,20,4614.232145
3.037938,36,4614.407984
-19.254488,19,4614.491492
-54.539281,28,4614.609091
-135.04122,61,4614.864436
-155.44043,25,4614.970865
-129.527467,40,4615.137143
-113.068629,19,4615.218018
-245.302842,37,4615.383846
-203.618249,51,4615.605998
-229.511416,34,4615.748027
-235.256753,37,4615.900391
34.844119,27,4616.014207
-49.20516,25,4616.130228
-320.127642,53,4616.358327
-298.357785,44,4616.544187
-279.63015,47,4616.753915
42.884546,26,4616.874724
-152.124974,26,4616.997356
52.453343,23,4617.104469
-261.281097,37,4617.264
-2.620818,31,4617.400944
-50.316585,24,4617.558497
-120.330775,20,4617.670379
-144.912063,39,4617.962849
-282.080449,40,4618.446105
-130.445138,38,4618.825089
-220.874575,59,4619.468048
-128.942823,20,4619.676877
-174.55979,29,4619.913523
-165.985358,26,4620.137599
-36.400463,23,4620.299827
-16.693818,55,4620.70245
65.865237,25,4621.169331
-262.615434,61,4621.571039
-230.259261,83,4621.929071
-304.253258,61,4622.187308
-113.341197,34,4622.334539
-261.840968,37,4622.488573
64.591959,25,4629.784124
-81.080939,31,4629.946888
-133.508329,22,4630.045344
-304.249553,44,4630.232951
-134.436991,39,4630.413121
-126.052138,19,4630.506666
-30.538607,21,4630.627877
-83.591789,30,4630.761305
-266.134781,40,4630.927747
-270.775485,37,4631.07861
-13.02636,19,4631.173857
-153.214851,26,4631.299834
-25.949418,20,4631.384503
-244.617471,37,4631.541144
-385.876377,101,4631.990725
159.771014,24,4632.09121
55.937488,25,4632.200003
-155.439818,24,4632.303153
-40.065356,42,4632.48687
-298.851436,44,4632.684533
-86.636547,33,4632.835998
50.982694,25,4632.946218
-243.36054,37,4633.200738
-19.540675,20,4633.331516
-141.663056,34,4633.654219
-56.979148,27,4633.865208
-165.520383,27,4634.254799
-22.63086,20,4634.456176
-259.646679,37,4634.688949
-150.097322,39,4634.917199
53.9576,23,4635.04094
-126.090306,19,4635.138144
-188.873925,47,4635.396667
56.195172,40,4635.628653
-131.471614,20,4635.736555
-230.263635,39,4635.925612
-21.84516,20,4636.027437
-115.579471,35,4636.371242
-238.650154,37,4636.621442
-103.636545,33,4637.049422
-140.091969,65,4637.505173
-51.246234,39,4637.723466
-156.150285,37,4637.913173
-244.55989,37,4638.084479
-44.920072,37,4638.246277
-122.393472,19,4638.334831
-91.999865,34,4638.478771
-35.631612,23,4638.579033
-362.196869,54,4639.454624
-160.674852,37,4639.827787
-11.841895,19,4640.00047
-184.299447,30,4640.297902
-238.091117,39,4640.756722
165.408519,27,4641.05266
22.773566,32,4641.395119
-253.243532,38,4641.833659
-131.302803,20,4642.091033
-259.738902,37,4642.614714
-306.542285,44,4643.152826
-71.150925,27,4643.717773
-150.558495,25,4644.010547
-39.373318,23,4644.36056
-259.280554,58,4658.992623
-480.188718,101,4659.438382
-137.719765,23,4659.541751
-160.105083,40,4659.713781
26.710935,28,4659.842697
-230.334853,35,4659.987376
-197.963373,44,4660.174278
-62.102075,27,4660.295004
-145.620358,24,4660.394948
-261.988745,37,4660.556894
-29.339086,22,4660.645967
-129.310308,22,4660.739631
-268.884539,37,4660.892228
-134.475617,21,4660.980229
-149.718003,37,4661.147405
-31.021317,37,4661.300201
-286.386948,41,4661.465883
-138.732789,25,4661.5716
-205.270874,44,4661.795788
-216.648176,81,4662.161473
-263.058351,37,4662.322599
-110.825471,34,4662.555118
-20.004082,20,4662.738573
-42.272519,25,4662.904659
-271.066533,39,4663.164926
-196.836976,30,4663.381122
-87.522898,31,4663.566309
-134.504551,22,4663.666968
-60.482513,27,4663.792364
-25.633297,20,4663.887808
-117.524482,19,4663.973285
-86.234066,32,4664.120377
-264.150919,37,4664.705823
-146.181231,37,4664.949799
-116.951861,19,4665.027513
-68.201825,48,4665.286502
39.377273,26,4665.437928
78.544562,33,4665.66722
-14.96156,19,4665.755461
58.06973,22,4665.88842
-143.363162,23,4666.52549
-30.331867,34,4666.910013
-236.780933,37,4667.117718
-183.55127,41,4667.365101
-122.692551,20,4667.503837
56.824375,22,4667.634397
-218.322642,33,4667.799093
-4.910717,31,4668.004105
-238.046113,35,4668.391726
-116.892275,34,4668.607642
-116.612469,20,4668.70918
-163.620891,25,4668.821214
-71.177437,30,4668.951149
-247.872434,37,4669.537471
-205.930935,54,4669.786486
-120.765293,19,4669.872313
339.604387,33,4670.026502
-104.304191,33,4670.167948
-122.781847,19,4670.256158
-13.550125,39,4670.439028
-252.608261,35,4670.585804
-190.564591,29,4670.712973
-95.018954,34,4678.755951
-326.067196,48,4679.045268
73.79094,20,4679.126752
-246.710839,40,4679.291775
176.59139,22,4679.385602
50.378085,26,4679.506227
-155.844547,27,4679.628926
-85.789187,32,4679.809391
-200.816945,44,4680.188848
-244.999977,37,4680.386052
-221.776369,35,4680.576657
-196.511347,28,4680.73329
-142.508093,37,4680.904323
-138.981157,37,4681.083892
-129.030039,20,4681.18186
-123.960142,19,4681.267754
-138.142456,42,4681.442225
-15.313691,19,4681.521241
-132.279597,22,4681.627391
-438.642129,61,4681.903317
-123.177659,19,4681.992957
-51.437798,37,4682.166624
-198.898989,47,4682.363513
-254.336122,37,4682.520089
-36.916539,21,4682.607706
-562.955797,101,4683.062567
-31.770137,36,4683.228019
-92.395104,44,4683.425217
-254.693266,37,4683.589874
-149.174218,25,4683.693483
-85.561307,52,4683.909122
-94.674282,46,4684.115301
-236.203041,37,4684.259825
-193.242949,42,4684.430344
8.450997,31,4684.573412
55.457301,42,4684.754978
-61.38361,28,4684.879624
-134.193982,24,4685.063528
70.177082,22,4685.207463
-127.38779,20,4685.329601
-136.87644,37,4685.606153
-268.692839,40,4686.00148
-118.133992,19,4686.147103
-23.849921,20,4686.346211
-75.576072,30,4686.659558
-238.355226,37,4687.933765
-158.127243,44,4688.557086
-92.273606,33,4689.037964
-227.884023,35,4689.602749
-233.700854,50,4690.259544
-259.908521,52,4691.159179
-247.244226,38,4691.726006
-50.682232,48,4692.083982
-31.617498,21,4692.202326
-208.350481,49,4692.49781
71.077626,65,4692.819672
-10.268739,54,4693.102307
-148.304962,25,4703.733104
-363.964825,55,4704.342684
-161.575146,44,4704.548871
-100.554517,45,4704.769469
-205.68527,31,4704.931107
-271.130805,59,4705.238922
-49.550783,24,4705.352677
-148.294491,38,4705.559426
-159.341245,46,4705.790435
-91.753482,32,4705.958953
71.706201,23,4706.697276
-68.789193,29,4706.87337
-48.200199,37,4707.112726
-366.059205,101,4707.751916
141.932595,37,4708.178083
-129.213115,20,4708.317758
-22.993117,20,4708.411525
-156.224548,37,4708.610605
-234.049206,35,4708.826057
-24.749949,20,4709.091273
-176.904221,28,4709.908014
-237.8546,37,4711.721344
-32.630349,22,4712.214915
-50.680883,25,4712.543695
-131.911908,22,4712.850333
-30.463669,20,4713.256297
-346.765614,92,4713.817721
-306.142761,46,4714.073236
-233.171072,49,4714.305824
-118.233995,20,4714.403024
-135.194738,24,4714.520456
189.440329,49,4714.770407
148.180291,36,4714.950089
-248.612594,40,4715.136717
-154.36862,39,4715.32032
-212.026801,34,4715.580529
-265.757739,48,4715.818516
-140.293982,22,4715.908686
-188.25019,30,4716.047324
-143.435627,36,4716.194696
-304.954864,45,4716.395232
201.824246,21,4716.4846
-27.765432,21,4716.575878
-23.38926,20,4716.668979
39.470137,28,4716.789853
66.409072,22,4716.896824
54.219033,25,4717.009352
-117.693079,33,4717.178882
-167.225413,30,4717.33931
-23.440021,21,4717.444579
-7.637153,36,4717.626852
157.528999,37,4717.808139
-17.984654,19,4717.894639
-262.528369,37,4718.050848
-245.398649,37,4718.214042
-260.429107,37,4718.379003
-172.762444,39,4718.553143
-42.302447,24,4718.661426
-258.301179,39,4718.830358
-118.847332,35,4730.731373
-117.172428,47,4730.980132
-202.156161,30,4731.10607
-231.495835,36,4731.26013
-126.326365,48,4731.492399
-92.709784,34,4731.648341
-243.464447,39,4731.818112
36.971298,27,4732.012769
73.713995,21,4732.108101
-27.521378,20,4732.192842
-504.534067,88,4732.582617
-31.328132,22,4732.682882
-23.961025,20,4732.77021
-211.795969,31,4732.898709
-189.663501,30,4733.026979
-414.077806,71,4733.357804
-79.955372,28,4733.479123
-25.828862,20,4733.560027
-194.087394,46,4733.752794
146.960643,39,4733.919811
-16.390229,19,4734.004485
-211.331522,35,4734.152528
-122.827617,19,4734.236392
-123.975485,19,4734.314766
124.638193,29,4734.436255
-150.564462,35,4734.580383
-126.015516,19,4734.66449
-665.499463,101,4735.089073
-249.669903,52,4735.304414
-129.866524,35,4735.456194
200.497474,22,4735.553253
178.029323,29,4735.683017
-15.030161,19,4735.76924
-241.434174,37,4735.932774
53.133801,24,4736.038299
-245.800636,37,4736.203551
-158.542512,39,4736.3728
-276.144879,44,4736.561909
-246.169736,37,4736.711128
-284.47842,43,4736.891339
-130.517836,22,4736.987406
-301.76577,77,4737.310908
-146.854479,26,4737.428425
74.965691,20,4737.514854
-173.289589,40,4737.68655
78.580241,54,4737.929095
-254.537704,37,4738.096327
-168.852835,30,4738.237282
-27.491308,21,4738.328484
-242.964646,37,4738.488136
-129.303459,20,4738.578078
-157.138456,45,4738.784395
-346.603328,65,4739.066593
-49.881981,26,4739.176425
-50.301471,50,4739.380364
-265.022495,41,4739.586305
-308.675187,43,4747.606082
-127.400571,22,4747.789428
-28.589637,22,4747.921116
-180.705101,47,4748.150798
-20.974497,20,4748.255102
-14.343243,20,4748.347855
-254.369516,41,4748.521352
-26.046212,20,4748.606082
-23.702674,20,4748.687728
-129.43959,35,4748.841804
-43.801469,39,4749.026329
-26.794853,22,4749.126673
-19.381861,20,4749.313259
-118.218296,18,4749.396932
-27.08283,22,4749.501166
-134.958128,36,4749.763936
-243.705564,37,4749.930319
-61.113865,26,4750.037695
-24.141198,20,4750.122848
-236.204672,37,4750.280932
243.687196,38,4750.452251
-23.73151,20,4750.533408
-240.853807,35,4750.685456
-19.759344,20,4750.763252
-161.756995,28,4750.89778
-28.57016,20,4751.003559
-41.019296,23,4751.107217
-127.8363,36,4751.279589
-55.284715,27,4751.395901
-224.000482,48,4751.603888
-146.374227,24,4751.705183
-145.010115,40,4751.879728
-135.291374,22,4751.983061
182.390575,21,4752.085837
-62.748166,38,4752.255363
-23.944835,20,4752.338698
-121.854982,19,4752.421692
-242.477187,37,4752.592115
-187.183615,47,4752.792342
-160.297885,27,4752.907096
-88.686092,32,4753.05046
-677.988569,101,4753.505029
-550.767956,79,4753.824747
-204.530639,31,4753.967433
-16.978227,19,4754.047446
-206.492033,44,4754.231287
-355.87855,55,4754.498835
-173.39767,28,4754.61785
-544.29951,101,4755.440487
-98.250907,30,4755.711862
-31.443303,21,4755.867686
-254.028599,37,4756.231596
-265.044208,60,4757.531467
-125.351493,21,4757.781557
-84.529219,31,4758.025639
-146.151787,35,4758.366241
36.713018,54,4759.850337
-297.057744,65,4760.38517
-147.098329,37,4760.806059
-15.338781,19,4761.008556
-249.755287,37,4769.562709
-324.421066,53,4769.81155
-204.944883,35,4769.969001
-210.586008,47,4770.169108
41.846157,28,4770.293073
-317.58304,54,4770.531876
-241.997134,36,4770.682222
-240.965869,37,4770.835726
-101.645284,31,4770.964876
-212.636543,32,4771.117359
-21.980352,20,4771.211226
-28.762087,22,4771.30799
-64.945748,26,4771.412934
-278.976204,42,4771.597289
-183.382721,30,4771.725663
-85.403213,28,4771.849817
-19.118155,20,4771.935113
-62.010384,26,4772.052723
-485.228128,101,4772.475711
-53.96966,26,4772.581484
-83.679768,28,4772.70337
-57.884,37,4772.857107
58.568959,39,4773.012568
-33.719572,22,4773.105337
-168.058838,44,4773.285222
-169.863535,38,4773.458032
-286.035865,43,4773.640395
-60.079452,27,4773.754909
-120.496529,20,4773.842335
-66.522677,26,4773.949853
42.63193,26,4774.058012
-241.735489,54,4774.306571
-17.031735,20,4774.395043
-127.169137,20,4774.479315
-243.257487,37,4774.762663
-178.487551,57,4775.021157
-83.815847,46,4775.229999
-250.257595,37,4775.404004
-26.360067,21,4775.495631
-48.279581,37,4775.649509
-28.453842,20,4775.90399
-30.269889,20,4776.026298
-228.096632,49,4776.313964
-193.747513,42,4776.542271
-420.953536,101,4777.448119
-173.130639,42,4777.630234
-40.045913,23,4777.72577
-49.272997,49,4777.945722
-153.824367,44,4778.155469
-344.16043,62,4778.414898
-679.507572,101,4778.87212
-59.888274,37,4779.037109
-283.251893,37,4779.183794
172.701077,23,4788.874078
-33.463353,21,4789.012994
-264.082228,37,4789.193424
-58.391336,25,4789.301277
-159.365431,44,4789.484892
71.152538,20,4789.573041
-113.729853,36,4789.720515
-255.616781,37,4789.879716
39.638793,26,4789.992643
-26.546376,21,4790.091975
-109.169071,33,4790.236412
-206.835259,47,4790.432722
34.916675,28,4790.555126
-157.25635,58,4790.801853
-106.487967,38,4790.961931
-64.973656,28,4791.080772
-245.489433,37,4791.249391
-352.46834,53,4791.482834
145.75941,29,4791.614749
-33.892819,21,4791.709381
-22.216992,36,4791.8785
-96.646177,33,4792.021453
71.46029,20,4792.110595
-33.365362,22,4792.203967
-146.079513,24,4792.305474
-20.363726,33,4792.438757
-256.857421,37,4792.589828
-313.831304,65,4792.871713
-79.543285,32,4793.006776
-258.621751,37,4793.169604
-168.305276,28,4793.281332
-27.14227,20,4793.367435
-174.12556,30,4793.493356
-64.991662,28,4793.613511
-506.666795,101,4794.051558
-80.740105,101,4794.914455
-216.926288,40,4795.096191
-34.966531,22,4795.19571
-256.435082,40,4795.380072
-237.60955,35,4795.559102
-289.858374,43,4795.745375
-116.13875,34,4795.891422
-160.827171,58,4796.142556
-137.746268,21,4796.233889
-123.60192,19,4796.314108
68.335199,22,4796.417601
-316.88311,59,4796.669804
-44.550969,77,4797.005416
-136.902061,21,4797.108868
-79.651709,27,4797.236083
-40.397289,23,4797.331893
-35.835906,37,4797.486708
-78.492433,29,4797.621232
-253.163099,37,4797.767502
-244.273364,38,4797.929347
-250.917304,37,4798.094911
-254.566982,46,4805.3991
-563.778967,81,4805.821667
-246.526534,37,4805.98056
-239.732615,38,4806.13852
5.15008,30,4806.263623
-188.238315,50,4806.488552
-128.081288,19,4806.574825
-107.816233,33,4806.715907
-362.716438,47,4806.920834
-16.400089,19,4807.004437
-225.552042,35,4807.156625
42.197996,24,4807.26294
-144.751678,24,4807.364817
-14.617103,19,4807.535566
-251.99723,37,4807.70314
-290.616042,101,4808.149228
-486.361206,101,4808.58258
-107.309425,53,4808.822645
-69.027101,47,4809.039247
-90.785203,29,4809.165167
-143.166275,24,4809.269923
73.705537,21,4809.365597
-105.769914,34,4809.51897
-120.752059,19,4809.600422
-186.973426,31,4809.734276
-208.461386,41,4809.910633
-25.859256,21,4810.008896
7.706847,29,4810.144352
-63.290665,49,4810.357739
-359.386409,56,4810.597442
-133.69648,34,4810.753779
-140.267785,42,4811.379849
-230.233692,50,4811.632192
-104.770034,36,4811.790259
-24.929463,20,4811.874673
-29.669549,21,4811.975693
-118.704014,19,4812.072377
-18.922619,21,4812.157833
-211.492736,53,4812.384599
-230.290098,65,4812.659389
-118.179974,34,4812.805237
-247.845064,37,4813.026271
34.71508,28,4813.171496
-71.254913,28,4813.314515
-599.87487,92,4813.874548
-157.987834,39,4814.159828
-523.51224,101,4814.934082
-213.695306,68,4815.272476
22.697006,47,4815.476772
52.533529,25,4815.592306
-254.273395,37,4822.644692
86.810534,20,4822.789523
65.922104,23,4822.990386
-62.300213,29,4823.133547
-157.714529,27,4823.24827
-21.334148,20,4823.335414
53.898089,25,4823.447913
61.285775,53,4823.671541
-157.595303,27,4823.797029
-56.628365,26,4823.911552
-476.403274,101,4824.339653
-29.247539,21,4824.428304
41.47371,26,4824.54194
-39.088251,24,4824.645166
67.145268,22,4824.741156
-175.133027,32,4824.878502
-58.513511,37,4825.033037
48.673291,27,4825.154281
9.395943,46,4825.347399
-145.057641,37,4825.505909
-135.258022,36,4825.669754
-24.684443,34,4825.814506
-232.62275,58,4826.075224
-23.279889,20,4826.153447
-247.307291,37,4826.314428
-274.138338,56,4826.55445
25.07296,29,4826.684473
-30.554572,20,4826.768825
-36.142942,22,4826.866716
-255.83728,37,4827.040559
-32.355736,54,4827.275159
-127.157819,19,4827.35601
-633.615677,90,4828.32051
-28.319121,20,4828.410553
-155.168944,37,4828.56937
-92.736672,30,4828.693741
-153.726749,42,4828.87878
-27.303252,20,4828.963724
-29.022952,20,4829.05124
-42.61048,25,4829.157842
-175.29606,29,4829.280094
-67.084103,27,4829.403953
-28.93682,20,4829.484379
4.604519,37,4829.634987
-382.266269,55,4829.871822
-399.330315,58,4830.222811
-317.495078,60,4830.491247
-229.824944,35,4830.639874
-251.454107,38,4830.808598
-123.952032,19,4830.889181
-24.526139,21,4830.97702
-239.542552,37,4831.154666
-20.70332,19,4831.237263
-247.444083,40,4831.411188
-41.821634,24,4831.511172
-19.085382,20,4831.592583
-127.457925,36,4831.757165
-131.65511,21,4831.851864
-76.393398,28,4831.970866
-251.001664,37,4832.141062
-25.873312,21,4832.229527
-136.553446,34,4842.794704
-121.824928,19,4842.947739
-139.253896,23,4843.087254
-216.872591,48,4843.297769
-249.00161,37,4843.478271
-239.798797,37,4843.637647
-42.05426,22,4843.729108
-151.1948,23,4843.830165
-101.142174,31,4843.993988
-119.318514,18,4844.08731
-107.959793,18,4844.172606
-150.770183,25,4844.317188
-162.17899,38,4844.491971
-259.366237,44,4844.687375
245.138391,27,4844.797882
-240.428555,37,4845.344534
-262.50946,37,4845.512118
-63.468242,28,4845.629968
-261.009524,37,4845.804385
-19.731667,19,4845.889377
161.549175,25,4846.006766
-179.416915,40,4846.185274
-96.123709,33,4846.331174
-134.411009,22,4846.432246
-127.787936,20,4846.527494
-145.518343,37,4846.68462
-136.919003,22,4846.783785
-25.80088,22,4846.877844
-79.529384,44,4847.077084
-69.125212,28,4847.193428
141.334478,30,4847.320493
-204.835517,57,4847.573841
-239.183333,37,4847.732524
235.29679,76,4848.066028
-124.882477,19,4848.154605
-258.329299,38,4848.318014
-126.601597,19,4848.39396
-25.342858,41,4848.569169
-164.133069,25,4848.671367
-34.233668,22,4848.766061
-253.583373,37,4848.924765
158.956855,26,4849.048618
60.402049,22,4849.149541
-252.222237,37,4849.311013
70.545671,22,4849.406796
-39.738792,22,4849.497976
33.522321,26,4849.60478
-183.681178,32,4849.744406
-161.0815,27,4849.861705
-237.236721,36,4850.012565
-375.269728,67,4850.305327
-30.858841,23,4850.401314
-123.000364,20,4850.48694
104.358317,37,4850.658747
-210.327991,32,4850.798248
-159.505569,27,4850.902143
-130.507111,20,4850.987981
51.403205,23,4851.093052
-255.904175,37,4851.246755
-201.744521,31,4851.390084
-127.679635,19,4851.467426
-27.765671,20,4851.550357
-147.877328,59,4851.813543
-148.834229,38,4851.974688
-256.657313,39,4852.140473
-117.771651,37,4852.306545
-16.861343,19,4859.120465
-692.708861,101,4859.60179
-30.387829,21,4859.694554
-52.215069,26,4859.804379
-250.458843,37,4859.963992
71.286655,21,4860.055133
-43.869985,23,4860.161117
-237.749486,37,4860.314716
-143.984022,37,4860.477551
209.9866,20,4860.565622
-260.856006,41,4860.744349
-69.460212,29,4860.865102
-26.266306,38,4861.024673
-389.094787,101,4861.577782
-247.93772,37,4862.276042
-22.797591,19,4862.387454
-122.845604,20,4862.524055
-451.704625,60,4862.776438
-111.746858,33,4862.921284
58.932165,22,4863.015034
-18.959962,20,4863.10345
-35.207471,22,4863.203254
-27.380745,21,4863.305793
-116.530409,20,4863.394641
-149.532033,37,4863.561684
-59.65997,28,4863.681008
-131.89718,23,4863.776778
-50.949705,26,4863.89185
-61.998437,29,4864.016446
-17.53733,19,4864.097079
53.942461,24,4864.215704
-119.070438,18,4864.297783
-209.424625,32,4864.431498
-57.325458,28,4864.553709
-71.860417,29,4864.672618
-71.088844,29,4864.79486
-127.312425,19,4864.87662
-238.657323,38,4865.052137
-90.762376,43,4865.236865
-86.071426,30,4865.36379
-246.102698,37,4865.526358
-170.414036,29,4865.655444
-122.585668,20,4865.750445
-299.769328,48,4865.95008
-153.438524,25,4866.06145
46.094576,27,4866.180794
31.805657,43,4866.37264
70.937804,20,4866.458561
-28.491199,20,4866.541321
-130.164526,20,4866.624828
-70.389575,26,4866.738781
267.917631,22,4866.830891
-29.774175,22,4866.927736
-352.663337,101,4867.450205
-24.662344,19,4867.555498
-37.402113,21,4867.70647
93.140684,38,4868.108176
-86.153308,32,4868.510418
-49.064927,23,4868.717442
-117.908692,19,4868.873705
-132.063381,37,4869.228582
-145.263541,54,4869.672001
-42.495217,24,4869.807351
-245.15149,37,4870.009113
-26.853505,20,4877.590291
-204.322144,53,4877.92354
75.794478,40,4878.122751
-26.461056,21,4878.232994
-50.884761,28,4878.359687
-150.505218,38,4878.539299
-237.822971,39,4878.879566
-141.129719,39,4879.109093
-15.615514,19,4879.233914
-227.14136,49,4879.513221
-167.361506,42,4879.711403
-124.410197,36,4880.522543
29.039024,29,4880.775532
-113.455814,18,4880.876671
-25.954297,38,4881.078624
-53.948315,25,4881.251593
-180.92224,34,4881.435224
-11.356864,18,4881.523997
-15.376791,19,4881.615766
-25.932025,20,4881.713667
-22.191202,41,4881.918063
-46.173099,37,4882.110697
-21.25275,21,4882.216599
-29.284278,21,4882.334896
-121.527229,33,4882.516772
-22.043956,19,4882.605406
-241.817501,36,4882.788343
-254.020473,36,4882.983901
-245.23185,37,4883.184766
87.609127,19,4883.282712
-83.727391,28,4883.423382
-145.028096,37,4883.6049
-188.037796,30,4883.747823
40.869297,28,4883.885697
-53.960692,37,4884.067784
-48.234238,25,4884.193459
-157.64027,25,4884.344562
-238.032766,42,4884.558711
-48.499619,25,4884.685236
-116.889109,20,4884.779603
-29.155383,21,4884.880746
-241.173845,37,4885.063163
-127.568925,20,4885.160115
-36.221179,23,4885.271104
-133.366987,23,4885.380948
-24.571833,20,4885.482132
-31.300418,23,4885.580181
-345.103451,65,4885.852957
-239.317496,37,4886.024027
-127.075438,20,4886.107877
-32.420071,21,4886.197019
-125.917458,20,4886.289081
-159.962463,26,4886.40232
-228.687219,34,4886.547028
72.562501,21,4886.633456
68.395394,23,4886.929393
-119.79423,49,4887.149108
-107.796682,32,4887.287825
-421.510727,71,4887.616418
-124.315915,19,4887.700836
-39.891408,22,4887.798718
-43.438965,23,4887.896685
126.216638,47,4888.09903
-17.196202,19,4888.180289
149.171903,27,4888.293788
-245.190114,37,4888.452868
-267.360238,40,4888.623644
-207.248819,45,4899.239224
-44.85858,23,4899.361432
-257.26276,37,4899.568237
-219.2489,89,4899.969223
-0.126528,33,4900.110994
-16.763073,20,4900.196103
-159.88661,24,4900.299762
14.013787,32,4900.452473
-395.981228,58,4900.730087
-5.17526,35,4900.884242
73.612201,20,4900.965512
-275.52997,41,4901.136111
-133.705292,22,4901.249903
-195.755779,31,4901.382972
-347.366622,71,4901.689991
-33.923513,24,4901.811664
-21.710964,20,4901.897448
-117.480608,20,4901.981164
154.170872,25,4902.099182
-281.24368,43,4902.292099
-137.571844,35,4902.446042
-216.003476,32,4902.586112
-57.774456,25,4902.691272
-124.570123,19,4902.773192
-243.49858,37,4902.941772
-346.36303,55,4903.183102
-194.12527,31,4903.315493
-208.492592,33,4903.46164
-154.625026,37,4903.625482
-208.422535,51,4903.840077
-37.285106,23,4903.938405
-65.055471,27,4904.049519
-75.781543,41,4904.221361
-22.584257,20,4904.361396
-158.873712,41,4904.677109
-165.010681,26,4904.798185
-187.339067,35,4904.955198
-240.832257,37,4905.108054
-247.423512,37,4905.271557
-81.820313,29,4905.397485
-245.023533,37,4905.555208
-24.501825,20,4905.640101
-119.378879,18,4905.719119
-213.523157,35,4905.867785
34.103571,29,4905.989711
-268.499388,39,4906.165511
-32.524824,22,4906.265998
-90.416512,44,4906.48592
-29.839074,21,4906.596808
-129.428504,35,4906.778658
-306.120752,43,4906.978424
35.848669,28,4907.10676
-27.265745,20,4907.202181
-28.669825,20,4907.298851
-243.466509,37,4907.473523
-35.889262,23,4907.581804
-56.274605,25,4907.684212
-131.223189,37,4907.852553
-320.739698,63,4908.150796
-309.119868,62,4908.407065
-15.282804,33,4915.640481
-139.764833,37,4915.864952
12.590947,34,4916.013411
-242.356899,36,4916.170215
-225.087034,33,4916.311778
-273.160196,70,4916.612693
-126.123109,20,4916.706926
-50.762249,39,4916.880643
-232.070214,38,4917.049102
-43.778791,22,4917.142613
-263.107738,37,4917.296807
-383.793402,57,4917.622288
201.591445,75,4917.959357
66.794697,22,4918.052914
-98.520012,31,4918.187194
-36.761849,23,4918.28304
-265.343877,37,4918.441485
-238.456109,37,4918.715294
-176.331401,44,4918.905083
-244.385568,37,4919.058876
-124.879108,38,4919.229267
-120.43937,19,4919.311992
-32.759701,22,4919.405305
27.512295,31,4919.53583
-13.4528,19,4919.615753
-739.188443,101,4920.056422
-125.087751,19,4920.133798
-85.850183,33,4920.278056
-117.793889,18,4920.350917
-38.297683,23,4920.443589
157.967465,24,4920.542978
-278.898734,41,4920.720254
-121.524292,19,4920.796662
-16.929587,19,4920.874292
-85.62498,31,4921.01149
-20.695895,19,4921.087653
-32.521273,22,4921.178034
-193.466311,30,4921.298946
-237.425336,38,4921.465492
-193.006538,33,4921.603745
-161.35512,26,4921.718735
-19.392071,20,4921.811486
-26.805873,21,4921.907544
-239.846399,35,4922.067878
-53.759323,26,4922.179618
-41.115685,23,4922.280611
-214.48104,35,4922.428655
-26.783843,21,4922.516862
-294.835146,44,4922.706724
-120.750761,19,4922.781568
-120.574904,19,4922.862883
-115.303829,38,4923.026199
62.466135,22,4923.132394
-54.155002,37,4923.284293
-186.528112,63,4923.554193
-82.385213,33,4923.691788
-563.281654,97,4924.126701
-234.470526,60,4924.509664
-62.074088,28,4924.717222
-47.930945,23,4924.929804
-439.847782,62,4933.800034
-137.925518,52,4934.06128
-41.579127,22,4934.156126
-59.388388,39,4934.333759
70.058703,49,4934.548531
-132.149823,35,4934.710125
36.304451,27,4934.837135
-576.745907,93,4935.251247
-60.259919,40,4935.424591
-120.926852,19,4935.504839
158.510327,33,4935.646785
-151.603698,37,4935.807084
-337.142442,82,4936.160102
106.545436,37,4936.315247
-18.244626,21,4936.405466
-140.151553,51,4936.629389
-41.217373,37,4936.797668
-254.539627,37,4936.958953
-749.542492,101,4937.406679
-254.468896,37,4937.554966
-149.146692,44,4937.745775
-256.289904,37,4937.916084
-209.3862,33,4938.061904
-47.405853,23,4938.156248
-305.971033,43,4938.34449
63.039333,24,4938.447968
-10.835463,33,4938.584566
-238.092725,37,4938.735421
-146.100289,43,4938.913181
-130.675542,38,4939.082957
-468.610266,101,4939.51253
196.555938,22,4939.608091
-144.976701,37,4939.772151
-146.893126,36,4939.93054
-1.991086,33,4940.0734
-349.05126,51,4940.282062
-82.830779,28,4940.39851
-244.790407,37,4940.558442
-240.422526,37,4940.725113
-118.649513,36,4940.882153
-143.393,40,4941.15923
-36.900367,22,4941.262111
-46.345744,23,4941.601352
-13.955111,19,4941.688595
-134.109088,36,4941.839179
-230.489911,37,4942.002431
10.589838,32,4942.144889
-29.122043,20,4942.228748
-176.610207,42,4942.431364
-217.472881,44,4942.623795
53.497382,23,4942.720812
158.966624,27,4942.84593
-237.987745,37,4955.021441
-460.840707,78,4955.41193
64.076386,42,4955.625903
-146.114687,41,4955.808273
-412.449249,81,4956.157191
14.447108,29,4956.278059
-242.352712,51,4956.501253
-126.158352,20,4956.584825
17.499373,31,4956.720502
-20.596975,34,4956.87296
-269.768076,37,4957.030724
-38.440778,21,4957.250474
138.946893,31,4957.728773
-155.404902,39,4957.925331
-192.854632,57,4958.171051
-257.182125,42,4958.358239
-254.293702,51,4958.572215
-162.345952,27,4958.684211
-308.588348,45,4958.877927
-150.193114,38,4959.045054
196.727473,20,4959.131131
-91.906297,47,4959.343323
-84.758921,32,4959.483054
90.400633,37,4959.64724
-94.282313,36,4959.809219
-54.923557,25,4959.915375
148.900555,45,4960.125483
-445.623649,76,4960.445723
-85.100983,31,4960.579255
-58.596276,37,4960.727509
-112.495681,34,4960.873944
-138.04991,38,4961.037204
-31.046309,23,4961.146581
-132.87352,40,4961.326706
-29.069928,20,4961.40619
-253.234116,37,4961.558013
-123.840716,37,4961.725049
-290.741459,68,4962.03447
-262.081377,37,4962.193683
-288.597028,42,4962.386829
-136.655928,35,4962.53402
-25.825124,20,4962.621374
80.464904,34,4962.767755
-240.345066,37,4962.915501
-70.438682,27,4963.021412
-149.190211,23,4963.129977
-261.101631,37,4963.29163
-188.462694,32,4963.425495
-324.457392,48,4963.628377
-122.176345,19,4963.708667
-29.439951,21,4963.794285
43.09206,37,4963.954167
-102.546462,36,4964.110005
-245.10195,37,4964.268146
41.676369,25,4964.390748
-250.439875,37,4970.893783
-7.734793,32,4971.045112
-199.203304,43,4971.231313
-97.309046,34,4971.377358
-249.47957,39,4971.546275
-26.74151,20,4971.62851
-123.403204,35,4971.776907
55.07471,24,4971.882236
-168.095138,30,4972.014173
8.810184,30,4972.150667
-117.924267,18,4972.227071
-30.361484,21,4972.318858
-262.737583,42,4972.497988
172.874923,21,4972.590084
-129.602023,21,4972.678285
-24.936834,20,4972.760711
-129.808718,40,4972.935162
-65.774251,37,4973.093544
-83.587104,31,4973.218109
-176.150248,30,4973.346117
-24.112064,20,4973.428384
-117.62115,19,4973.5141
-104.306743,34,4973.663449
-14.826611,19,4973.745622
-24.556962,22,4973.845195
-124.847961,19,4973.932394
-29.265381,20,4974.034095
-124.38501,21,4974.568305
-101.371179,34,4974.727077
-249.787272,46,4974.925711
-57.892201,26,4975.03893
-22.52953,20,4975.128628
-71.401685,28,4975.25502
-228.273393,51,4975.476767
-125.797348,19,4975.559861
-144.476972,36,4975.721737
-68.968744,39,4975.903868
-16.455025,19,4975.986761
-239.234888,37,4976.152604
-242.276989,37,4976.333293
-136.47496,47,4976.534426
-28.358411,21,4976.628341
-98.915614,35,4976.780148
-139.047223,40,4976.953906
126.872677,32,4977.099093
-247.001505,37,4977.266259
67.881385,21,4977.357941
-235.982899,36,4977.506704
-61.541755,27,4977.63567
-232.467524,62,4977.902603
-205.301624,31,4978.041733
-145.456701,37,4978.199283
-304.103866,49,4978.405269
-50.297635,25,4978.513385
-262.89704,37,4978.675319
-44.621809,24,4978.77835
-223.247532,36,4978.931422
52.049894,23,4979.0311
-18.83163,33,4979.170259
-225.037422,34,4979.305955
-156.685597,27,4979.422558
-54.604326,37,4979.583038
-387.715382,55,4979.823095
28.238582,29,4980.007318
-100.518502,34,4980.211344
-34.020521,22,4987.873157
-135.981286,37,4988.084288
-248.821612,38,4988.264267
-28.370848,20,4988.356849
-103.192391,32,4988.493407
-176.60591,32,4988.633412
-246.741063,37,4988.849113
-16.853118,19,4988.951734
-140.211862,37,4989.1019
-50.25481,25,4989.206095
-166.013245,40,4989.371959
-32.236224,39,4989.544714
-146.351225,25,4989.65178
-35.107747,37,4989.811763
74.484634,20,4989.894837
-30.53331,20,4989.980641
-175.820916,27,4990.091471
-125.620542,59,4990.355782
-130.479758,37,4990.519146
-36.257554,24,4990.614685
-129.541716,22,4990.710399
-114.838741,18,4990.788315
-6.298385,32,4990.923961
-244.215151,37,4991.07923
-182.631436,29,4991.199327
31.498809,26,4991.310905
-25.806959,20,4991.396556
-116.77101,18,4991.472015
-16.791621,33,4991.616433
-587.791777,101,4992.053519
-27.263029,20,4992.143148
-256.281782,37,4992.300657
-228.151591,42,4992.477804
-262.718237,37,4992.979802
73.38623,20,4993.076168
-139.899366,37,4993.23526
38.921953,30,4993.360245
-119.900327,20,4993.453235
-49.205822,26,4993.564241
-85.181791,30,4993.68927
-131.22999,20,4993.774538
-150.281113,24,4993.885091
-22.355775,19,4993.972467
-165.730707,27,4994.105066
-43.807867,38,4994.283746
-264.995501,37,4994.436011
-261.77727,37,4994.603752
-223.247699,37,4994.758825
-350.191401,81,4995.121145
-193.76613,45,4995.329254
-22.95703,21,4995.427247
-237.746569,37,4995.598033
-302.00025,45,4995.802689
-21.490239,20,4995.904727
60.888776,24,4996.030381
-31.425296,21,4996.122609
-46.306633,38,4996.295368
-29.776732,22,4996.507035
-159.380565,24,4996.612259
-167.66079,41,4996.788369
-58.078831,27,4996.902729
-237.678779,37,4997.066257
-124.082193,22,4997.162965
-214.44101,33,4997.300678
-46.364288,23,5006.714657
-28.969919,20,5006.942681
-98.712298,35,5007.432928
-240.776781,37,5007.732905
-126.775771,19,5007.856485
-195.096831,44,5008.121148
-30.586952,21,5008.209448
-40.045378,23,5008.312516
-267.986359,37,5008.483295
19.376679,29,5008.61441
-139.736263,37,5008.771857
-145.960387,24,5008.877316
-221.806409,39,5009.044332
-244.326335,68,5009.358573
-131.815384,20,5009.447326
52.854596,23,5009.548317
57.451095,22,5009.644869
-175.852191,42,5009.826909
-52.955197,39,5010.470849
-24.987973,20,5010.577004
-241.556666,40,5010.754587
-129.375437,20,5010.842679
-128.80731,35,5011.003554
-39.090034,37,5011.157338
-63.520497,40,5011.328307
-153.685573,26,5011.444555
-31.928698,21,5011.550712
-23.605207,19,5011.643973
-165.989176,47,5011.871547
-142.500227,23,5011.972844
-191.929179,45,5012.172462
-241.306057,37,5012.334149
-28.111551,20,5012.420673
-253.026039,40,5012.602751
-73.383298,26,5012.714823
-48.07911,38,5012.872729
-114.878339,34,5013.026115
15.327087,30,5013.152532
-131.689422,20,5013.237521
-653.814838,101,5013.682739
-103.722746,37,5013.844786
48.867758,25,5013.950149
-71.821429,28,5014.071262
-150.618839,23,5014.174002
-82.810334,30,5014.300302
-135.77136,21,5014.389979
62.681079,24,5014.493201
181.856576,20,5014.58343
-316.006378,49,5014.7905
-57.543884,28,5014.910477
-132.784275,21,5014.999093
-5.634343,35,5015.149832
-59.265828,27,5015.266681
-323.087048,51,5015.489849
-294.789524,45,5015.693771
-78.011195,43,5015.881295
-113.862781,36,5016.037762
-133.870949,36,5016.194774
-151.81196,23,5016.297589
-41.036734,22,5016.391819
-308.327577,47,5016.586583
-19.192972,20,5016.671054
-140.032432,37,5016.828432
-150.709997,24,5023.501082
-405.742526,83,5023.944203
-223.994077,48,5024.152797
-130.912513,48,5024.370312
99.552371,24,5024.479847
-124.277862,19,5024.565756
-24.186944,20,5024.651388
-236.071666,37,5024.808069
-34.05656,22,5024.902188
-214.138612,32,5025.048988
-47.564088,25,5025.154985
65.804212,25,5025.262872
-32.357132,22,5025.35292
-176.477908,29,5025.47593
-110.944364,32,5025.608828
-127.193237,19,5025.689148
-236.431605,35,5025.833712
-46.114557,37,5025.997634
-143.926854,23,5026.091951
-292.973791,43,5026.266401
-272.872439,55,5026.489002
-79.444817,29,5026.606373
-101.852286,32,5026.740854
-241.387493,36,5026.891208
-124.262947,20,5026.981554
167.704496,23,5027.082606
-80.820582,41,5027.706894
-201.065409,31,5027.985436
-9.399373,54,5028.237575
-175.940894,28,5028.359514
156.577978,26,5028.475108
-29.20932,36,5028.646135
-133.680817,21,5028.731894
-182.974192,42,5028.919063
-127.279047,23,5029.020326
-123.29897,20,5029.113963
-25.88716,40,5029.294067
-270.69596,38,5029.455592
-132.515309,20,5029.538837
-649.672939,101,5029.979398
-171.18847,28,5030.0988
-159.615683,39,5030.265136
-202.480841,46,5030.466955
160.237207,24,5030.585287
-21.331526,20,5030.674319
-184.935989,47,5030.881723
-31.018615,22,5030.981168
61.73041,24,5031.087979
-105.423279,33,5031.230977
-52.517397,26,5031.345142
-32.451188,37,5031.512304
-64.32166,27,5031.627489
-9.170145,32,5031.760899
-124.984696,19,5031.841974
-63.955091,29,5031.961834
-27.780411,21,5032.057957
-77.056752,32,5032.260779
-117.536357,19,5032.346568
-127.566772,23,5032.447007
-130.01789,39,5032.599105
-19.914839,20,5032.687708
-28.153858,20,5032.772502
-43.222111,22,5032.877409
-24.141715,20,5032.968402
178.640283,22,5033.067134
-27.340074,21,5042.115681
-37.732637,25,5042.280453
-45.316789,24,5042.394813
-283.958922,43,5042.570666
-126.055334,20,5042.653514
-606.235639,98,5043.076662
-142.876648,37,5043.230009
178.869818,21,5043.318423
-91.012449,31,5043.447531
-30.026504,22,5043.535124
-119.407312,37,5043.699297
-81.389384,31,5043.832662
-135.249106,36,5043.981416
-127.410554,19,5044.058374
-38.005124,23,5044.152499
-131.633686,20,5044.352478
-75.379651,26,5044.69248
-17.488245,20,5044.798576
-66.497325,54,5045.03226
-50.216253,25,5045.142126
-27.974883,20,5045.229328
-70.843333,29,5045.350094
49.560958,25,5045.454694
-275.254469,44,5045.641625
-144.787679,23,5045.752942
-229.510506,36,5045.906498
-127.655611,19,5045.982144
-185.729262,30,5046.103569
-516.469925,97,5046.515694
38.367123,25,5046.625005
-65.988336,27,5046.743459
-143.606703,24,5046.838121
-107.585363,34,5046.983892
-94.894234,32,5047.125672
-120.311424,20,5047.219805
-243.424304,37,5047.382568
-174.552903,42,5047.558725
49.946652,25,5047.666179
25.934427,47,5047.882311
-28.670604,20,5048.044223
-23.243576,20,5048.133441
-70.052652,29,5048.255598
-129.407411,20,5048.339415
31.639069,28,5048.45187
-30.658518,20,5048.533083
-71.259349,30,5048.660644
-153.752718,25,5048.765541
-277.08255,51,5048.977552
-117.680678,36,5049.125871
-122.696217,20,5049.204757
-308.858516,76,5049.520173
-131.23455,20,5049.606217
-64.938258,29,5049.727045
-395.608788,67,5050.013274
-13.46953,19,5050.093268
-237.313804,36,5050.242767
-212.034419,33,5050.384694
37.300245,27,5050.505899
-78.690685,29,5050.63942
-30.584669,21,5050.736004
-440.61982,101,5051.282386
-50.789355,24,5051.385152
-107.92915,34,5061.203132
-246.613536,37,5061.614299
-164.195507,27,5061.889721
174.802629,20,5062.553435
47.294331,24,5062.759065
-152.609807,26,5062.926293
-218.244318,51,5063.197685
-177.453257,39,5063.367297
-258.114978,37,5063.535408
-151.105791,24,5063.635272
-96.936142,30,5063.762571
-94.349074,33,5063.904309
-48.904262,24,5064.010772
-200.79504,44,5064.20561
-198.065864,32,5064.341434
-161.478458,26,5064.453342
174.733862,22,5064.556162
-35.517484,22,5064.656399
-249.78014,38,5064.824657
-21.88085,20,5064.914203
-14.280555,34,5065.066288
51.531876,59,5065.339922
-116.967616,18,5065.41296
203.94888,23,5065.512873
-83.426203,28,5065.638867
25.665862,30,5065.766097
-147.853393,38,5065.974423
-158.021387,26,5066.20016
-96.606146,32,5066.368417
-296.332924,45,5066.577735
-637.404067,101,5067.000714
-256.906049,37,5067.170989
-118.969914,20,5067.262568
-68.917397,26,5067.374761
-262.756846,37,5067.531749
-243.135597,37,5067.690736
-76.463986,29,5067.810945
-124.059936,19,5067.888886
-38.353626,24,5067.987788
27.388239,31,5068.117706
-58.468033,39,5068.286138
-141.500572,79,5068.626007
57.449416,36,5068.78834
-62.36325,25,5068.902957
-249.760345,37,5069.070849
-112.25249,34,5069.216128
-184.020076,43,5069.413464
-155.347492,37,5069.573692
-266.970487,101,5070.004208
-347.698587,101,5070.426501
-138.526446,51,5070.642511
-10.738951,35,5070.800691
-165.717502,26,5070.915329
-582.28012,101,5071.357217
-128.501359,36,5077.806684
-52.118157,25,5077.941429
-38.262702,23,5078.040871
-687.276092,101,5078.475135
-501.921955,85,5078.837639
-125.946611,38,5079.00116
-45.999724,24,5079.106674
-191.667023,29,5079.229395
-174.850484,31,5079.357927
-114.040595,36,5079.514421
201.52406,22,5079.609726
-30.328121,20,5080.055151
-111.361202,32,5080.204223
-245.56286,37,5080.359891
-27.929141,20,5080.446084
-242.814581,37,5080.602786
-27.085065,20,5080.681623
40.363905,26,5080.791543
-136.581417,40,5080.961742
-241.377799,37,5081.131949
-23.094569,20,5081.225642
-233.103601,36,5081.39259
-52.489464,26,5081.503085
-73.387389,40,5081.668755
-27.947192,20,5081.754835
-69.998405,29,5081.882221
-39.055314,21,5081.974239
-236.752608,40,5082.153839
-25.152296,19,5082.233559
-242.418915,52,5082.552913
-139.882149,37,5082.715906
-302.853062,45,5082.899108
-16.611539,19,5082.979391
-64.089411,27,5083.102576
-129.323555,19,5083.186122
-245.573592,37,5083.344346
-366.038192,56,5083.596664
-690.24985,101,5084.037352
-118.762301,18,5084.118186
-65.279949,28,5084.272677
-302.547709,47,5084.511588
-210.803611,31,5084.644355
-108.484277,33,5084.786048
-215.37336,32,5084.928618
-133.151063,36,5085.080968
29.311279,29,5085.208606
-147.275377,24,5085.311204
-250.343627,39,5085.477111
-148.25671,37,5085.628229
84.136834,19,5085.714645
-208.774673,34,5085.870766
156.38184,26,5086.021819
-384.530219,101,5086.476706
-136.969567,40,5086.647503
-29.586205,20,5086.736472
-148.565104,25,5086.841183
-131.615336,20,5086.930582
154.756729,26,5087.058312
-44.191938,23,5087.162007
-23.010193,19,5094.824437
-68.814959,29,5095.016508
-16.541107,19,5095.11498
29.784659,27,5095.236118
-15.081569,19,5095.316398
-133.062794,20,5095.399642
-171.293697,41,5095.577037
-519.89011,101,5096.005828
-77.409036,30,5096.146469
-40.180236,22,5096.246044
-64.963321,45,5096.436495
-25.873139,22,5096.530205
-168.194072,28,5096.645907
-281.704238,56,5096.881977
-170.992301,47,5097.08138
-242.594767,37,5097.248665
-158.299365,27,5097.669258
84.882538,20,5097.80313
-27.421458,20,5097.904105
49.903145,26,5098.015361
-326.586131,101,5098.46293
-126.46433,21,5098.560764
-470.128104,101,5099.001897
-125.822497,34,5099.151335
-608.581513,101,5099.581788
-55.871595,37,5099.739316
-319.851148,69,5100.033595
56.920276,24,5100.136249
-21.65142,21,5100.225896
-625.495649,101,5100.664546
-59.632647,28,5100.780876
-92.792033,32,5100.93354
-240.384277,37,5101.08697
-238.08787,37,5101.244368
-23.234427,19,5101.329126
-140.019933,22,5101.429062
94.50425,21,5101.51676
-7.314728,71,5101.816405
29.723316,27,5101.93833
-15.893094,19,5102.021852
-157.660976,37,5102.182489
-28.298769,20,5102.269768
-266.327857,37,5102.429861
-94.319331,31,5102.56252
-125.82559,19,5102.646989
-33.401202,23,5102.744519
-47.531268,27,5102.853074
-43.355003,25,5102.957712
-174.265835,29,5103.088749
-189.2897,44,5103.279065
-265.594955,101,5103.714183
353.295583,24,5103.815134
-32.402529,21,5103.904844
70.297094,34,5104.045772
-166.499375,27,5111.069202
-73.16547,28,5111.195006
-30.742547,20,5111.270792
-184.241777,42,5111.45718
-79.370894,31,5111.584198
-198.443805,31,5111.715305
-63.059071,29,5111.836327
55.836585,24,5111.935957
-106.971237,33,5112.075896
-51.32077,38,5112.241244
-23.258754,19,5112.318054
-31.3292,21,5112.404208
-217.987428,35,5112.547064
-236.934903,35,5112.695199
-299.444421,96,5113.099841
-48.095991,25,5113.205142
-215.357729,33,5113.343026
65.15802,23,5113.439044
-122.545316,21,5113.532353
-198.962915,31,5113.663271
-16.08936,19,5113.748492
64.191144,24,5113.850554
-54.585496,25,5113.96763
15.533131,31,5114.098033
-28.949486,21,5114.185446
-490.199256,101,5114.622973
-129.048068,19,5114.704907
-216.627008,32,5114.841254
-20.900377,21,5114.932455
1.716506,34,5115.077777
-73.452189,29,5115.199642
-57.041061,24,5115.332468
62.930349,22,5115.691534
47.960694,38,5115.889517
-131.718294,23,5115.987186
-136.957236,21,5116.079216
-18.686629,19,5116.159746
-228.64114,34,5116.311515
-99.843603,32,5116.470362
-57.184475,27,5116.618434
-16.35249,19,5116.713255
-250.322739,37,5116.908703
160.119136,23,5117.043277
42.490226,27,5117.206716
-44.007608,22,5117.345191
-36.131356,22,5117.512985
-25.027285,35,5117.843013
-119.880524,18,5118.03532
-246.057977,37,5118.384115
-153.124656,24,5118.546324
5.510549,48,5118.887187
-128.993929,49,5119.257847
-228.824472,34,5119.489184
-32.593084,23,5119.643009
-178.328509,43,5119.966551
-123.949839,35,5120.174333
-128.309875,34,5120.332646
252.309432,26,5120.447042
-23.290962,20,5120.537988
-189.145701,29,5120.665622
-94.688545,31,5120.79384
188.60107,22,5120.890685
-132.16234,22,5120.990188
-147.57681,39,5121.162598
-50.445149,23,5121.266915
-24.081717,20,5121.356327
-187.106517,49,5121.571762
80.397958,21,5127.952495
-40.807555,37,5128.159273
-66.536069,38,5128.324283
-120.544358,21,5128.406935
-25.179735,20,5128.491558
-17.025915,19,5128.572491
-68.647955,26,5128.681953
-137.894541,24,5128.78212
-80.512574,31,5128.911085
-247.879602,37,5129.066265
-15.869932,19,5129.1504
-317.268351,48,5129.355056
-29.702996,20,5129.442422
-201.459788,32,5129.584734
-93.161174,34,5129.729186
-40.330312,24,5129.831255
-60.981641,26,5129.944296
-36.338727,21,5130.036739
73.616925,21,5130.126462
-231.535339,37,5130.28332
-22.474038,20,5130.369911
-243.109451,37,5130.518657
-119.790595,18,5130.597373
47.164271,25,5130.705085
-93.854376,59,5130.941822
-20.557649,21,5131.029428
-124.991421,19,5131.11228
-205.315779,45,5131.314077
80.046883,57,5131.568653
-17.217836,35,5131.724899
31.877683,28,5131.840233
-29.272902,21,5131.930256
-168.508591,41,5132.489748
-126.448046,36,5132.663142
57.659175,24,5132.765287
186.377433,20,5132.850444
-246.377665,34,5133.085284
249.378195,26,5133.203229
-16.449516,33,5133.353385
-39.895533,25,5133.467796
-14.903373,19,5133.552706
-38.756632,22,5133.653717
-238.878464,37,5133.825159
-130.65173,20,5133.910567
-30.251832,21,5134.004137
-244.376345,49,5134.226949
-30.688915,21,5134.31678
-233.73385,36,5134.475
71.402183,21,5134.564122
-130.550217,20,5134.648269
-158.382454,26,5134.764094
-209.533318,32,5134.901303
-37.631924,21,5134.990536
-212.925301,34,5135.128083
-363.447953,54,5135.362467
-220.245785,34,5135.509158
-152.099136,37,5135.674958
-170.379017,29,5135.793892
-115.646324,18,5135.865989
-115.185842,34,5136.008859
-68.135653,28,5136.128236
40.011416,26,5136.249065
-29.017395,20,5136.337161
-14.246866,19,5136.534091
-249.485219,37,5136.711746
-207.884826,31,5136.838902
-44.669551,24,5136.946281
-257.741951,37,5137.098532
-234.6333,35,5137.252838
-115.264094,37,5145.306498
-31.250393,22,5145.445356
-340.897928,50,5145.682853
72.228262,20,5145.770615
-104.32437,54,5145.998196
-242.444554,37,5146.161041
-244.487064,37,5146.323381
-236.440903,37,5146.489021
51.880271,23,5146.588175
-24.920622,22,5146.694564
-233.017814,35,5146.847071
-236.430973,37,5147.012152
-99.78732,33,5147.155732
-137.407637,43,5147.341761
146.198917,37,5147.492378
37.97466,27,5147.606494
-75.230211,29,5147.725857
-262.625389,37,5147.879983
-29.562988,20,5147.968118
-15.103465,35,5148.113406
-20.32414,20,5148.203231
-243.36172,37,5148.358172
55.072531,37,5148.518204
-199.039614,36,5148.665674
-125.20283,21,5148.756836
-243.730974,37,5148.921855
-129.023354,20,5149.00648
-252.106823,39,5149.172579
-119.555652,21,5149.265212
-64.183739,26,5149.707151
-174.1244,64,5150.025912
-33.917844,22,5150.121129
-238.196831,37,5150.286626
-42.51427,38,5150.451886
-266.603739,40,5150.618261
-368.008761,57,5150.882041
-197.744028,29,5151.00343
-342.297309,60,5151.266172
-76.453977,30,5151.39334
-20.729653,21,5151.482005
-37.628561,23,5151.587363
-125.055215,20,5151.673192
-9.512013,35,5151.82645
-23.401161,19,5151.908054
-235.957681,37,5152.066452
-253.14124,37,5152.233481
-660.304592,86,5152.604187
-158.546591,25,5152.708781
35.231808,26,5152.823175
-194.19145,45,5153.017931
-24.588981,19,5153.098533
-123.650259,20,5153.185717
-22.074379,20,5153.268585
3.066734,30,5153.395487
-246.440346,37,5153.545821
-125.521163,20,5153.630376
-210.258067,32,5153.767637
-34.748353,22,5153.863297
-20.716516,20,5153.94592
-69.982898,40,5154.124499
-728.90629,101,5154.563086
18.968365,31,5161.027722
-23.867611,19,5161.124996
-124.532852,34,5161.26898
-160.905738,27,5161.387483
-151.383335,38,5161.711737
27.357328,28,5161.828662
-32.766812,22,5161.9182
-111.471804,33,5162.05817
-32.639649,23,5162.15919
-57.377135,27,5162.278548
-34.199466,23,5162.378607
-97.141169,34,5162.518146
-50.343024,26,5162.627964
-179.466173,27,5162.74615
-24.072533,21,5162.83803
-130.373718,22,5162.933149
-26.670792,20,5163.014905
-15.104198,19,5163.095856
-17.462171,34,5163.238656
-146.478996,25,5163.340791
-239.912288,37,5163.492128
-57.840277,27,5163.607165
66.374366,25,5163.713843
71.737746,20,5163.797981
-124.612334,19,5163.878731
-107.440709,37,5164.039621
-141.782204,24,5164.143952
-137.974855,37,5164.302637
-126.366951,19,5164.379407
-57.354757,26,5164.49107
-60.935971,27,5164.601684
-143.201683,37,5164.760877
-171.948883,41,5164.940883
171.564677,23,5165.040569
-52.979511,24,5165.143144
-30.548482,21,5165.234188
-24.489658,19,5165.314201
-24.207742,19,5165.395683
-24.283569,19,5165.476867
-164.643854,27,5165.587653
169.716766,21,5165.675259
-169.759339,47,5165.876186
-161.078645,27,5165.987517
-19.196471,20,5166.07551
-20.61643,34,5166.218742
-127.482864,19,5166.30143
65.889042,21,5166.387074
-679.175564,99,5167.185945
-125.947721,34,5167.46523
-241.037649,37,5167.71767
-26.082361,20,5167.910884
-69.633185,28,5168.15239
-38.966354,22,5168.314913
75.692643,20,5168.454026
-34.593427,22,5168.64069
-243.341846,37,5168.922398
72.474239,21,5169.15221
-36.918998,22,5169.368163
-26.528094,20,5169.499335
143.424532,24,5169.638415
-225.583285,47,5169.852906
-134.278766,36,5170.01254
-7.86976,32,5170.148019
-137.906429,47,5170.353399
-70.240219,26,5170.463462
-114.849484,19,5170.544639
-16.26794,33,5170.688603
-14.729223,19,5170.783163
-20.972921,22,5170.877899
-137.757269,37,5171.04166
68.074309,21,5171.134742
73.615172,20,5171.216723
55.994532,25,5171.335001
87.357546,19,5177.715192
33.727182,25,5177.866648
-254.376986,39,5178.038561
-64.841854,28,5178.156508
-98.311009,33,5178.303591
-183.485325,30,5178.436197
-129.517727,20,5178.521203
-14.782019,19,5178.600728
48.777106,25,5178.702339
-8.026964,33,5178.843283
-128.93417,33,5178.984548
55.764091,24,5179.094829
-161.626025,36,5179.243098
-165.821906,27,5179.364752
-135.520327,37,5179.526709
-239.771756,37,5179.686943
-236.466953,37,5179.846685
-8.581226,32,5179.990794
13.617615,30,5180.120883
-41.439567,23,5180.220408
-23.151209,20,5180.30591
-107.894529,38,5180.468788
-57.198703,25,5180.575648
177.199024,26,5180.687287
-31.550616,21,5180.778259
-133.584501,20,5180.863102
-114.792054,35,5181.004745
-173.412242,29,5181.13042
-219.383565,34,5181.281091
-241.212402,37,5181.442787
-95.105099,42,5181.615094
-172.779566,26,5181.73157
-31.699526,20,5181.816025
-239.185434,37,5181.971069
-121.733321,19,5182.051763
-111.395382,19,5182.137365
30.622192,29,5182.266648
-121.731348,19,5182.346507
72.043063,20,5182.432118
163.090294,24,5182.533298
-113.185408,49,5182.73886
-27.838968,20,5182.824115
-283.851588,101,5184.084646
-163.486489,26,5184.215869
-317.175035,47,5184.982045
-90.590788,32,5185.159619
-10.130988,39,5185.359905
-18.519736,20,5185.466174
-31.13668,22,5185.589645
-78.851747,31,5185.743536
-27.323531,20,5185.896051
-35.009025,22,5186.105581
-182.774698,48,5186.528878
-98.502423,35,5186.69067
5.618651,35,5186.854152
-113.397408,47,5187.061867
46.918845,26,5187.191057
-274.097461,37,5187.342691
-26.488299,20,5187.426579
-127.041768,37,5187.594688
-124.811577,19,5187.677561
-175.703317,29,5187.807371
74.559444,20,5187.895076
-26.586726,20,5188.056187
-183.202366,46,5188.286075
-320.004229,47,5188.56517
-114.823545,20,5188.912842
-257.441026,37,5197.531329
78.938446,23,5197.662303
-22.36868,21,5197.762393
73.105478,20,5197.849923
51.642286,23,5197.945154
-129.950774,19,5198.032654
-243.231451,37,5198.192826
-224.672322,34,5198.346401
-24.105564,19,5198.428387
-65.248998,27,5198.540473
-194.949976,45,5198.734654
-24.296447,19,5198.811092
-151.374484,24,5198.911659
-41.013375,24,5199.014933
68.002217,21,5199.108543
61.348553,23,5199.208169
-168.957656,27,5199.320231
-21.900914,20,5199.405456
-86.620121,32,5199.551164
-229.617084,41,5199.721735
-31.975837,21,5199.81427
-27.171321,21,5199.901986
-146.280302,37,5200.057254
-16.325881,19,5200.137658
176.627083,21,5200.227199
-9.577553,18,5200.310638
-13.505439,19,5200.411558
-16.46957,19,5200.519125
-112.088037,35,5200.679456
-187.652422,42,5200.868238
-66.237657,28,5200.99517
72.324424,23,5201.094316
-51.484943,26,5201.214151
-50.273538,25,5201.315822
-34.43225,22,5201.409661
-190.589272,51,5201.702901
-128.303009,20,5202.037425
-261.737381,40,5202.221727
-220.215238,50,5202.446476
-25.043426,20,5202.535594
-156.361241,39,5202.70628
-22.906025,20,5202.799896
76.522873,40,5202.968713
-25.992531,19,5203.052222
-19.509265,20,5203.142899
-189.083301,30,5203.267339
-30.11234,23,5203.375796
-224.014039,36,5203.530873
74.138585,20,5203.620822
-293.890238,45,5203.807727
-125.345184,21,5203.897947
-14.783344,19,5203.974456
-184.341434,42,5204.165426
-282.792235,42,5204.420683
-114.743579,19,5204.510004
-263.225523,37,5204.67459
-272.142154,44,5204.858118
-224.09614,35,5205.011235
-244.802639,37,5205.173745
-23.065923,19,5205.253824
-116.349549,18,5205.330434
69.270114,21,5205.422438
-24.652278,20,5205.509237
39.779149,27,5205.628562
67.620473,22,5205.728019
46.390973,26,5205.841968
66.684092,22,5205.939282
77.597576,23,5206.036899
8.68727,46,5206.237499
-248.168658,37,5206.39798
-163.196884,40,5206.607446
-101.709525,54,5206.885277
-109.2288,18,5213.76634
-167.299884,40,5213.992152
-30.218568,21,5214.084077
-187.059455,52,5214.301047
-212.573666,33,5214.444839
-654.609181,101,5215.009895
-150.22782,23,5215.115169
52.035254,23,5215.212661
-189.613438,32,5215.350729
-215.691294,35,5215.509178
-36.6433,22,5215.608919
-126.026112,21,5215.691668
-21.176691,20,5215.783434
6.075661,31,5215.915536
-128.165627,19,5215.992801
-89.080984,31,5216.133312
-70.846371,30,5216.270685
-121.870483,20,5216.357377
32.76397,29,5216.480096
-36.555375,22,5216.571441
-109.555728,33,5216.712702
-42.364087,24,5216.813122
-115.520813,19,5216.889572
-92.223369,33,5217.024526
-160.270434,29,5217.1512
-230.759556,48,5217.365165
-49.957009,39,5217.533525
-129.320628,20,5217.619839
-32.997254,23,5217.71652
-238.708898,35,5217.876948
-31.471026,21,5217.963793
-235.979862,37,5218.126446
-223.368295,35,5218.277613
-126.37667,21,5218.366642
-30.353977,20,5218.453496
-254.777735,39,5218.616853
-125.083708,19,5218.703618
-241.646677,37,5218.874616
169.362428,23,5219.001848
-24.974748,22,5219.90957
-2.908612,48,5220.178551
-151.565908,38,5220.458318
-137.02432,24,5220.622266
228.000095,42,5221.066012
71.600142,20,5221.25635
7.393565,30,5221.570887
-210.66308,33,5221.840034
-9.201536,18,5222.004127
-30.478804,20,5222.165947
-29.833672,21,5222.646247
-45.372518,23,5222.93388
-261.650867,37,5223.187355
-113.057947,45,5223.435754
-19.456662,20,5223.539217
-62.812053,27,5223.670119
-288.03528,43,5223.856103
-151.208486,24,5223.962211
-88.846576,32,5224.104299
-248.372746,37,5224.260314
-25.179776,19,5224.353732
-30.588502,20,5224.456591
-121.012426,18,5224.532799
-97.725583,32,5224.666825
-204.37612,47,5224.872795
-238.341429,37,5225.040636
-118.248205,43,5225.235533
-98.415047,33,5225.399919
-77.269664,30,5232.73223
-430.040267,68,5233.097823
74.843715,20,5233.182751
-67.922527,28,5233.301201
-58.276442,39,5233.46416
-182.192204,43,5233.652175
-119.186835,20,5233.733243
-126.482441,19,5233.814654
-248.916112,48,5234.025772
-122.233082,19,5234.1055
-42.011859,37,5234.256869
-27.799565,20,5234.344298
-161.741279,39,5234.51815
11.005977,31,5234.647108
-47.367182,24,5234.747843
-70.728341,28,5234.864123
-56.207856,27,5234.984709
-128.125656,19,5235.06502
-160.517868,26,5235.17308
-28.856735,21,5235.261375
-191.396808,47,5235.468215
-131.66515,20,5235.551085
-121.673252,19,5235.627889
-186.782749,40,5235.808768
-122.840842,19,5235.887952
-143.017273,37,5236.047585
-65.731513,40,5236.23235
81.226262,20,5236.315562
-390.208936,68,5236.611352
-161.241854,26,5236.732799
-132.399831,37,5236.885128
-42.087476,24,5237.384599
-35.069935,21,5237.558784
-241.832375,37,5237.733826
-22.851963,19,5237.819173
-239.382,37,5237.983124
-21.554656,20,5238.06882
-49.419362,23,5238.172239
-35.580627,22,5238.264683
-131.593362,22,5238.363419
-29.769036,21,5238.456761
-449.623806,68,5238.735503
68.22398,22,5238.827936
-205.719307,43,5239.111981
-126.279325,20,5239.193455
-234.177027,38,5239.349166
85.010836,19,5239.428562
52.450847,29,5239.560628
-38.099658,22,5239.662296
50.200315,25,5239.775175
-131.553761,20,5239.867657
-157.746753,25,5239.972293
-11.16159,19,5240.055156
-92.628975,32,5240.189254
-44.284959,24,5240.291527
-171.478164,41,5240.463999
-78.177559,29,5240.586915
5.59815,52,5240.813032
-32.352825,22,5240.909804
-258.835176,40,5241.074811
-138.906261,37,5241.237528
-140.31675,37,5241.404137
-22.277611,21,5241.49384
-634.436691,101,5241.923243
-241.788316,38,5242.083712
61.314419,23,5242.195939
-196.069685,56,5250.966868
-133.3802,36,5251.122293
-204.903112,46,5251.331334
-92.005084,34,5251.477572
-136.715392,22,5251.574088
-86.70619,44,5251.764216
68.928546,21,5251.94412
-38.498331,21,5252.4462
-122.656008,19,5252.539861
-120.677138,19,5252.62864
-173.922462,28,5252.749204
-202.03109,35,5252.899632
-31.501022,23,5253.000167
-127.11346,19,5253.082681
-45.554232,22,5253.182792
-33.0098,22,5253.280042
-181.680717,31,5253.405048
-118.168905,20,5253.491455
72.873709,22,5253.591248
-283.840659,50,5253.80517
-35.753148,21,5253.88989
-28.37334,20,5253.977453
-180.366505,34,5254.122997
-20.13853,19,5254.206228
-48.440854,23,5254.310343
-191.322065,46,5254.511766
-22.850555,20,5254.594657
-152.603926,37,5254.751919
-242.722377,38,5254.91402
-159.778142,39,5255.080423
-150.499368,26,5255.192465
-137.994949,37,5255.349651
-94.596566,45,5255.556842
-128.626072,19,5255.640509
-34.586266,21,5255.729742
-283.967239,43,5255.925345
-50.376903,26,5256.043436
-28.119613,20,5256.129287
-200.432592,51,5256.350182
-73.412063,27,5256.462248
-43.004926,26,5256.569252
-79.066916,30,5256.701428
-129.422555,21,5256.795161
-146.603904,23,5256.889619
164.101045,24,5256.992562
50.720357,25,5257.097657
-24.079485,19,5257.189307
-36.876672,23,5257.291059
-79.720177,32,5257.42387
-21.359912,20,5257.944781
-151.317359,26,5258.225397
24.888408,28,5258.365923
-135.876449,21,5258.462013
-188.746463,29,5258.589371
-61.508053,28,5258.70873
-186.654925,29,5258.826358
-126.069346,21,5258.917677
-63.574791,25,5259.027104
-181.818194,29,5259.145957
-49.206328,25,5259.251189
55.266004,24,5259.349653
-68.060534,28,5259.464533
-165.669489,43,5259.645423
-242.372595,37,5259.821143
-522.260695,101,5260.264605
62.018431,23,5260.367004
-8.938198,18,5260.444576
127.446262,30,5260.570475
-209.973392,36,5260.722377
-24.329713,19,5269.755776
-26.792524,41,5269.986407
-100.958536,33,5270.127098
-16.251308,50,5270.342589
-54.288159,27,5270.469995
-160.922462,46,5270.663483
-133.561466,23,5270.759724
-173.679377,26,5270.870856
-25.787923,20,5270.960922
-134.447761,20,5271.048701
-242.197925,37,5271.338091
-35.397018,23,5271.445657
-142.749834,37,5271.601469
48.331361,25,5271.706709
-118.565667,18,5271.784179
-132.326997,20,5271.874306
-26.291164,19,5271.954909
-51.213136,25,5272.060527
-423.944368,101,5272.501653
-134.699696,20,5272.585917
-217.639683,49,5272.802911
-404.423126,88,5273.178165
-29.537714,20,5273.26567
-32.328678,22,5273.35714
-65.813579,25,5273.460575
-123.13877,20,5273.551947
-22.229885,20,5273.642383
-51.835682,25,5273.747192
75.306263,20,5273.832739
-19.376368,20,5273.918007
-27.149624,20,5274.005848
-250.838804,38,5274.175068
-140.925893,23,5274.283506
-131.369006,20,5274.373086
-76.79859,27,5274.486995
-279.794805,44,5274.679943
-27.27337,21,5274.771724
-27.878218,21,5274.858126
-36.691454,23,5274.962256
-272.693114,40,5275.130944
-511.596868,68,5275.497251
-129.610204,35,5275.66715
-75.672952,31,5275.803877
-36.327411,22,5276.382394
179.541658,21,5277.531073
-280.492086,56,5278.345376
-631.840002,101,5279.781575
-20.362151,20,5280.104747
-237.897994,37,5280.651651
59.954098,23,5281.03669
-19.330762,19,5281.641165
-127.359224,19,5282.076626
135.33838,26,5282.677119
-15.842154,19,5282.905855
-25.28247,21,5283.186766
-183.929319,32,5283.520635
-390.626476,59,5283.872706
-23.029249,19,5283.96362
-23.521841,22,5284.059794
-234.199816,37,5284.246512
-199.616818,45,5284.697037
-53.504404,26,5284.928905
-33.046425,23,5285.117304
-23.380275,19,5285.365814
-284.156802,41,5293.97263
-221.569416,34,5294.19491
-61.026932,27,5294.32693
-125.566667,19,5294.409974
-117.925669,18,5294.489763
-24.926426,20,5294.632252
-77.779641,63,5294.920499
-32.707698,23,5295.02982
36.381198,27,5295.410458
-247.813913,39,5295.908916
-80.272173,29,5296.049203
-29.938607,21,5296.150707
-143.825145,37,5296.327228
-13.845747,19,5296.424324
-30.57216,21,5296.525655
-124.710977,19,5296.615033
-21.600675,19,5296.706399
-50.337374,38,5296.886547
-54.922445,37,5297.034809
-200.549138,32,5297.169803
-177.927653,28,5297.314654
-131.980024,23,5297.420108
-52.563793,26,5297.532817
-25.000991,21,5297.632107
77.294279,20,5297.715122
-156.217765,41,5297.894423
-23.041132,20,5297.979248
40.797495,28,5298.10038
70.708982,21,5298.194768
-167.464064,28,5298.311876
-36.38473,22,5298.40274
-130.777123,20,5298.484924
-38.978623,23,5298.588584
-5.612219,32,5298.726245
-27.079665,22,5298.821451
-30.158306,21,5298.910727
-47.19189,23,5299.008075
28.584524,29,5299.225332
-36.722274,24,5299.349926
-18.616788,19,5299.438121
-52.263822,23,5299.546224
-28.455704,38,5299.716865
-325.728647,51,5299.926256
-16.421087,19,5300.005888
-22.305856,20,5300.095368
-122.857237,20,5300.178602
-84.062087,30,5300.314576
71.541191,20,5300.404026
-24.571159,19,5300.492504
42.121208,26,5300.607925
-222.28334,37,5300.765842
-130.444868,20,5300.850555
-152.617368,37,5301.007415
-29.477328,20,5301.211556
167.268796,25,5301.328136
32.643719,26,5301.442301
-221.599123,51,5301.672826
-175.432504,27,5301.785203
71.923252,20,5301.879838
-139.057014,23,5301.980707
-152.815422,25,5302.089242
-135.582286,36,5302.258185
-29.672201,21,5302.344352
-204.814633,46,5302.540994
-12.237699,19,5302.623175
-28.070148,20,5302.710846
-143.768353,37,5302.869985
-119.60969,19,5302.949646
-20.752613,20,5303.041769
185.069092,20,5303.127583
18.360569,30,5303.263549
-80.084146,29,5303.38673
-55.708543,26,5303.493516
-133.44985,35,5303.640868
-69.216724,29,5303.762866
-123.242412,19,5303.842563
-56.132819,26,5303.94784
-69.434464,40,5316.528303
-174.707563,41,5316.720717
-98.121204,35,5316.871815
-344.893201,50,5317.108309
-148.353172,40,5317.315812
-100.142075,32,5317.474423
175.587229,31,5317.608312
-145.643476,27,5317.732787
-124.896263,19,5317.814335
-29.500194,21,5317.901643
-36.29299,24,5318.000665
39.056931,27,5318.111464
-190.118077,45,5318.31279
-122.026999,34,5318.461012
75.965542,20,5318.542689
59.209127,23,5318.639512
40.122118,27,5318.753279
-17.398908,19,5318.842026
-193.228618,30,5318.973102
-135.350136,23,5319.07192
10.142052,31,5319.205365
69.141162,21,5319.290364
-445.533671,67,5319.568873
2.46682,50,5319.789186
-153.408468,25,5319.900324
-103.352658,32,5320.039415
-24.320194,19,5320.119751
-174.889473,28,5320.241312
-49.442558,41,5320.428104
-11.307285,18,5320.510134
-343.390523,60,5320.767846
168.872021,25,5320.871799
-28.411414,20,5320.962365
-219.775147,35,5321.112037
-240.307327,36,5321.26858
-169.265079,29,5321.396247
-52.932334,24,5321.503168
-28.388373,21,5321.6029
-30.659416,23,5321.703031
-24.586646,20,5321.782747
-166.151876,27,5321.890438
24.241338,29,5322.014972
-23.187754,20,5322.102516
-28.452159,20,5322.188329
-16.547477,19,5322.270262
-156.658488,27,5322.386471
-53.737693,25,5322.485799
-218.751641,38,5322.652103
-128.029661,19,5322.735416
-257.292303,41,5322.904068
-313.437572,44,5323.087447
-57.219688,26,5323.197306
-99.044445,32,5323.331611
-17.810214,20,5323.415403
-616.582198,94,5323.813415
-71.008195,29,5323.93661
-234.762376,37,5324.090849
-27.742349,22,5324.187104
-161.348543,40,5324.39039
-76.324069,29,5324.525164
-242.673913,37,5324.70296
-151.117706,41,5324.879189
-148.846951,23,5324.97509
114.337667,33,5325.138361
-77.793521,29,5325.277896
-177.882399,42,5339.420267
36.396853,28,5339.560815
-158.944141,28,5339.69137
-24.675642,20,5339.777892
-239.642525,39,5339.958453
-242.974409,37,5340.165383
-240.740176,55,5340.421136
-119.288387,36,5340.586731
220.819069,32,5340.726539
-105.259433,32,5340.891014
-235.121191,89,5341.354891
151.941748,28,5341.598206
-283.454298,45,5341.806518
-195.312823,32,5341.950983
-124.390538,20,5342.036676
-175.329764,30,5342.173131
-242.939862,53,5342.405827
49.691818,25,5342.514588
-145.910941,36,5342.67823
141.638705,51,5342.914277
68.965619,37,5343.074783
-47.945931,23,5343.192183
-25.066088,20,5343.294542
-113.580089,34,5343.450993
-32.644751,22,5343.573712
72.656981,20,5343.862045
-78.718991,30,5344.153536
52.701522,25,5344.29587
-320.469398,48,5344.590356
1.284624,31,5344.773292
-351.957921,71,5345.108307
-64.763072,27,5345.223567
74.86723,20,5345.313538
159.916617,24,5345.414997
75.757421,20,5345.503659
-119.821872,19,5345.595613
-29.243685,21,5345.684274
-85.822617,31,5345.817676
258.502541,26,5345.933849
-150.218499,26,5346.047939
-16.054881,19,5346.131996
-21.554851,19,5346.222269
-143.760907,80,5346.629309
-136.695838,22,5346.74731
-57.694154,27,5346.888796
58.147184,22,5347.066959
-180.587015,29,5347.777537
-78.406798,28,5348.130865
-82.346552,31,5348.571486
-146.758433,25,5350.204645
-167.356237,29,5350.745785
-46.289882,36,5351.454743
-231.090436,36,5352.001253
11.459951,30,5352.823697
7.364301,31,5354.232481
-58.903242,26,5355.162883
-28.659417,39,5356.054964
-17.546874,20,5356.355307
-236.263669,37,5356.650001
-178.84989,27,5356.839243
184.963421,20,5356.976301
41.104253,25,5357.122324
60.65914,23,5357.284961
-26.920503,21,5357.385624
62.70151,24,5357.505924
-203.92707,46,5368.18677
-253.502667,51,5368.412607
-22.7043,19,5368.501038
-247.800975,36,5369.041333
-133.066438,21,5369.131298
-26.56803,20,5369.216987
-24.278131,20,5369.315541
-165.761817,40,5369.498777
-27.817866,34,5369.653202
-351.414921,101,5370.101356
-148.857673,37,5370.265
-23.16234,34,5370.40804
-130.816903,20,5370.494529
-189.295952,29,5370.716348
156.198595,26,5370.856496
187.078276,24,5370.980753
-148.608974,38,5371.162521
-292.384705,43,5371.363218
-92.12496,32,5371.5005
-186.627409,48,5371.729538
61.255212,22,5371.843609
-214.531527,56,5372.156055
-368.040224,60,5372.494074
-51.093439,24,5372.618737
-25.82251,21,5372.861081
-155.299948,27,5373.051539
-56.407631,28,5373.219615
-240.533907,40,5373.457703
72.461235,20,5373.559509
-151.350751,37,5373.735429
-130.116724,35,5373.887734
37.743357,28,5374.006999
72.490409,20,5374.102151
-3.29106,50,5374.33424
-57.021701,27,5374.478387
-144.450823,24,5374.600684
-116.859212,18,5374.68948
-26.921272,20,5374.788893
-123.387673,19,5374.892518
-89.617624,32,5375.041975
-131.020997,20,5375.136897
-130.065224,22,5375.239675
-20.284276,36,5375.445234
-121.322571,37,5375.643507
-168.612394,42,5375.850284
-186.550171,45,5376.188236
-31.641745,20,5376.281385
-24.651782,20,5376.37485
78.332309,21,5376.474093
-49.609579,25,5376.584704
-672.2588,101,5377.070152
-240.460501,37,5377.240209
19.693683,31,5377.39471
-15.501749,19,5377.503216
-85.079029,34,5377.684264
-72.534297,27,5377.812288
-85.225345,30,5377.968266
-30.563026,36,5378.138912
-5.058887,32,5378.292969
-22.399305,19,5378.374596
-301.827561,46,5378.578581
167.194147,31,5394.345062
78.509998,35,5394.608047
-31.426299,21,5394.732586
36.164021,27,5394.867128
42.85339,26,5394.988392
54.717461,36,5395.151927
-28.138688,20,5395.242038
-29.406929,20,5395.32354
60.113266,23,5395.419639
-131.838344,20,5395.500876
-122.062307,19,5395.583525
194.315615,41,5395.766194
-122.531486,35,5395.91598
54.161858,24,5396.023405
-45.543837,23,5396.14406
-29.082544,21,5396.240303
-179.010694,29,5396.363854
53.659512,26,5396.473671
46.237255,25,5396.596146
-154.399981,27,5396.760248
-229.854429,36,5397.176376
78.748695,21,5397.305318
-177.94887,29,5397.483584
-35.89585,22,5397.635408
-35.87376,37,5398.713797
281.293376,28,5398.906151
-244.022089,37,5399.131927
28.342931,27,5399.279404
-181.90338,29,5399.428826
59.519293,23,5399.555414
1.572759,31,5399.74347
66.855866,21,5399.853617
-327.904179,48,5400.095023
-40.434574,35,5400.283637
-116.828896,18,5400.384136
-53.149965,28,5400.519907
-392.905814,85,5400.970986
-125.254931,19,5401.074805
-174.426263,29,5401.222434
-114.756405,33,5401.388548
-27.513652,20,5401.485234
-18.360388,20,5401.591835
67.166591,22,5401.695254
73.861863,20,5401.793571
-240.843074,37,5402.007274
56.917192,24,5402.125138
-270.013281,37,5402.310123
-22.186031,20,5402.408005
-49.21867,25,5402.541813
-51.315676,24,5402.655825
-41.465597,24,5402.782485
-27.065641,20,5402.88074
-44.00685,22,5402.996304
-50.639522,25,5403.115862
268.682839,22,5403.23305
-197.070563,31,5403.388885
-21.309767,19,5403.488202
-128.368683,19,5403.579763
-270.997067,39,5403.783064
59.250059,26,5403.913173
181.929732,34,5404.083991
-44.336245,24,5404.199778
171.469929,23,5404.294488
-137.223415,23,5404.400324
-454.651304,96,5404.819575
-72.235489,29,5404.951856
-111.813553,36,5405.1076
-216.771782,35,5405.267958
-89.908041,30,5405.400188
80.862004,21,5405.494483
-30.675434,23,5405.598898
-583.749449,101,5414.898036
-61.983162,27,5415.012634
-250.177309,38,5415.181307
-113.16005,19,5415.262639
-22.187989,20,5415.34733
-58.184327,37,5415.508827
-15.575837,19,5415.593375
-647.134293,101,5416.021555
-44.99013,23,5416.120383
-152.687382,37,5416.28699
58.50412,24,5416.387865
-66.059294,29,5416.504852
-31.883551,22,5416.600195
-54.971866,24,5416.702914
-37.179043,23,5416.79851
-23.482992,20,5416.881211
-126.068732,19,5417.068042
-259.235734,37,5417.253019
73.428408,21,5417.352101
-36.962427,22,5417.450385
-69.433685,28,5417.575464
-238.646784,37,5417.730832
-184.764197,29,5417.861225
68.77313,22,5417.953801
-31.001446,20,5418.042746
159.808901,23,5418.161156
-385.848756,101,5418.59893
-21.024741,20,5418.701668
-26.112471,20,5418.784281
-91.090238,34,5418.939991
72.192818,20,5419.032442
70.775518,21,5419.124173
-215.748581,33,5419.269419
37.113848,27,5419.40863
-26.323903,20,5419.503098
66.819644,21,5419.594954
-93.41078,31,5419.726049
-48.72616,25,5419.840476
-172.606598,42,5420.022193
-537.66058,91,5420.423493
-24.695016,19,5420.505877
-33.747796,21,5420.602373
-145.943572,22,5420.691838
-43.3128,24,5420.786837
-505.515245,101,5421.246697
-558.39831,101,5421.696964
-24.490894,20,5421.7779
7.384283,44,5421.976064
-58.217475,26,5422.104019
-57.01604,28,5422.233966
163.621851,24,5422.34479
-34.197772,22,5422.465248
-48.472934,25,5422.632989
61.179949,23,5422.76298
45.666992,30,5422.933121
-148.102215,41,5423.302612
-559.386005,76,5424.452018
-41.168919,37,5424.894476
-28.325309,20,5425.169037
-162.780358,27,5425.545084
-174.891593,28,5435.245762
-235.319753,36,5435.470218
-127.522443,20,5435.562561
70.025359,21,5435.661932
8.616102,32,5435.804109
-210.799806,33,5435.978762
-122.026079,34,5436.136474
-154.675269,40,5436.327544
103.678274,52,5436.575992
-333.340392,62,5436.859058
31.835567,26,5436.980897
-382.215728,63,5437.279618
-242.81934,38,5437.461011
73.403571,21,5437.555551
-22.549483,19,5437.64841
-139.377326,37,5437.803675
-27.768022,21,5437.892764
-45.637547,22,5437.988687
-188.394226,29,5438.120596
-126.894863,19,5438.202286
-301.386206,52,5438.421221
-96.026404,30,5438.548816
-131.014643,37,5438.710887
-232.958949,37,5438.868197
-72.289015,30,5439.004542
-105.725523,32,5439.148959
-59.212752,28,5439.264575
-30.307773,20,5439.364963
-120.100393,18,5439.439757
-131.644401,20,5439.522242
-45.741139,35,5439.669308
-219.03508,33,5439.807621
-35.316458,21,5439.902532
-49.834616,23,5439.994067
-101.489892,32,5440.12666
-265.943196,63,5440.411254
42.644373,62,5440.681813
69.107251,21,5440.771221
139.901039,27,5440.893746
-168.808377,27,5441.01278
-37.687005,23,5441.10824
-294.80283,51,5441.918455
-199.681825,45,5442.131726
-254.484541,39,5442.323348
190.5202,25,5442.439537
-22.582363,21,5442.554819
-191.663687,31,5442.6938
-127.815193,19,5442.774696
-34.101093,23,5442.873149
-123.926961,19,5442.95298
-233.539544,39,5443.115737
-122.827384,38,5443.432357
-30.264121,21,5443.520276
266.917856,22,5443.61881
-42.121213,23,5443.718091
-66.239769,29,5443.843691
-18.487963,19,5443.930392
74.553861,56,5444.193237
65.388455,22,5444.298173
174.737476,22,5444.431292
-236.063568,36,5444.609987
-149.474093,25,5444.728954
324.640646,27,5444.878032
-142.230859,37,5445.050475
-264.744867,37,5445.20743
-143.566377,37,5455.731622
-252.86226,34,5455.923848
-124.606227,20,5456.017603
-52.082358,23,5456.109674
177.105899,30,5456.261408
-113.316715,19,5456.346947
-135.506478,21,5456.434448
-132.020924,22,5456.533151
-39.196925,43,5456.725434
-29.137456,21,5456.818081
-45.716645,23,5456.917812
-390.574022,81,5457.278351
62.902375,23,5457.384409
-293.540982,43,5457.570585
75.331049,22,5457.66561
50.404081,23,5457.762955
191.544189,21,5457.853453
-234.395272,37,5458.022803
-280.140444,40,5458.196334
-31.599494,21,5458.288351
-158.831329,24,5458.71359
-127.182744,36,5458.986687
-21.64224,20,5459.081898
-132.875008,39,5459.260879
-125.971544,19,5459.348582
45.15498,24,5459.450817
-151.007792,24,5459.556653
-119.808259,19,5459.638262
-121.48195,19,5459.720093
-321.358126,58,5459.970059
-111.374168,59,5460.219062
-35.8061,22,5460.319378
313.002291,29,5460.443008
-132.313144,36,5460.60214
-77.803017,30,5460.732421
44.081456,24,5460.833852
-146.14319,37,5460.989441
-21.851298,19,5461.109918
-146.556644,25,5461.22516
39.010077,27,5461.346163
-122.809751,21,5461.436623
-135.222948,36,5461.587694
4.541687,31,5461.725348
70.050875,21,5461.826954
-190.044978,30,5461.963227
11.752001,32,5462.099764
-26.426061,20,5462.18553
-132.36448,21,5462.267569
-138.378515,22,5462.361553
-155.252034,37,5462.52189
-24.963859,21,5462.618032
-178.688882,28,5462.741979
-438.477444,101,5463.179331
85.074594,19,5463.262363
-26.698061,19,5463.34511
-237.21568,37,5463.502585
-50.669373,37,5463.65859
-124.960621,20,5463.751308
-123.039104,20,5463.838
-131.767342,20,5463.922474
-175.872449,30,5464.055015
-53.745892,27,5464.169501
-54.841236,25,5464.274091
166.678724,21,5464.38179
-135.662887,22,5464.47313
-248.82605,37,5464.633974
-30.20838,21,5464.724335
66.983378,22,5464.816976
-115.270734,19,5464.893719
-153.322417,43,5465.088981
44.046647,26,5471.339667
-31.843954,20,5471.467364
165.19426,24,5471.590088
-564.185402,101,5472.136826
-226.417046,34,5472.280364
-229.862203,36,5472.443011
-61.120881,27,5472.560779
-130.304618,36,5472.781411
-287.327033,54,5473.016907
32.736689,28,5473.142364
-25.315418,19,5473.223631
-156.335834,27,5473.342263
-171.396444,27,5473.462987
73.14858,23,5473.5626
-142.583945,22,5473.654651
-107.019644,47,5473.847856
-129.573958,20,5473.938313
-158.303249,37,5474.111135
-88.874602,35,5474.260545
44.026683,26,5474.519613
-120.880503,19,5474.600785
-244.058364,37,5474.771234
-112.52731,32,5474.916392
-168.913795,27,5475.029953
-143.811758,23,5475.129168
40.808524,26,5475.2481
34.938836,44,5476.053035
-23.866235,20,5476.160819
64.938009,45,5476.401893
-124.355627,46,5476.631837
-146.855656,25,5476.76861
-27.647824,21,5476.87344
-53.167974,25,5476.994856
-36.946463,24,5477.121471
-21.395547,19,5477.218458
-159.55132,26,5477.37209
67.810752,22,5477.482563
-124.696077,19,5477.577266
-149.577577,37,5477.742869
-121.806625,21,5477.8335
-180.868398,42,5478.008575
-127.482951,22,5478.105667
-13.382049,41,5478.283651
-355.799253,77,5478.625773
-28.256379,21,5478.71261
-198.134138,33,5478.873178
-107.653707,32,5479.017729
-247.711385,37,5479.177114
7.02955,65,5479.47719
-32.88212,22,5479.579222
-196.624981,31,5479.715056
150.197566,27,5479.868409
-42.667274,24,5480.061634
265.11577,25,5480.237388
-29.341046,20,5480.414175
135.244478,29,5480.647892
-148.58034,46,5481.819762
-121.835424,19,5482.236401
-92.708681,29,5482.88443
64.105097,42,5484.472929
282.681201,33,5484.875175
70.776616,20,5485.098038
-15.721217,19,5485.315811
-158.486238,40,5485.939409
-253.224846,39,5486.643739
-23.489193,19,5498.267686
75.184065,20,5498.400177
-200.90811,31,5498.555303
-265.556492,43,5498.759447
-34.283845,22,5498.901549
-58.891988,24,5499.090903
85.977731,24,5499.212446
-37.53041,22,5499.328723
-196.360855,31,5499.471851
-148.023121,26,5499.598043
-126.698744,19,5499.684325
156.567563,22,5499.79017
64.676727,22,5499.900861
69.137458,21,5500.023093
-26.546413,21,5500.120972
-15.471177,19,5500.209278
-24.883477,20,5500.342035
161.603413,25,5500.474403
59.364591,23,5500.579911
-302.22639,46,5500.79139
-145.446094,37,5500.950463
7.093505,30,5501.083825
-126.161069,22,5501.181906
81.049428,19,5501.266279
-25.858406,20,5501.350237
-127.900728,19,5501.437362
-42.50325,22,5501.53156
-252.771147,37,5501.68375
-117.997295,47,5501.888687
-58.068307,25,5501.995056
-283.839104,84,5502.361228
-0.108626,32,5502.506244
-66.579844,27,5502.650967
-258.395099,37,5502.814947
-199.144383,44,5503.007186
-329.239198,64,5503.271104
36.332736,47,5503.481093
-84.033448,29,5503.618022
-45.554612,23,5503.714765
-215.872555,36,5503.872596
-73.46042,27,5503.990802
-317.218113,96,5504.508399
-25.486753,20,5504.624128
-166.142521,46,5504.828796
-474.555377,99,5505.302056
-35.32103,22,5505.400859
-285.12474,44,5505.60129
-43.224655,23,5505.716777
-190.506565,58,5506.002671
-399.080415,88,5506.593869
-20.007513,19,5506.700862
116.352773,31,5506.85826
108.188325,36,5507.021045
-51.057826,39,5507.201236
-8.929848,37,5507.380108
-60.360138,27,5507.501766
-36.806922,21,5507.592142
-115.905731,18,5507.675487
-52.391584,25,5507.778137
-92.045874,29,5507.898195
59.583494,23,5508.003383
-130.505878,20,5508.086726
-17.480943,19,5518.039384
-150.759823,44,5518.2749
28.610796,28,5518.401132
-517.769963,81,5518.733692
-30.452949,23,5518.832581
-191.318583,32,5518.982399
-136.941641,24,5519.084708
174.002846,26,5519.195571
-130.392556,36,5519.359477
-145.946269,37,5519.523692
39.380431,28,5519.648416
-261.148204,40,5519.832702
-21.675701,20,5519.920522
-28.530526,20,5520.00567
-40.871068,23,5520.104689
-196.818434,43,5520.289164
-439.631359,62,5520.556113
-21.997141,19,5520.647959
-170.653202,29,5520.773492
-23.561171,19,5520.862375
-66.005228,29,5520.994972
-146.81005,45,5521.194893
-29.394174,20,5521.279821
-26.218438,22,5521.378022
-67.502847,39,5521.550659
67.785508,21,5521.644839
165.193493,40,5521.815322
-163.942338,40,5521.990432
-278.756762,44,5522.177837
-282.619577,42,5522.355801
-246.275372,41,5522.546739
-259.75545,40,5522.723454
-159.493046,26,5522.836749
-30.882029,20,5522.917986
-122.093283,18,5522.996506
-544.026964,101,5523.41688
-43.690921,42,5523.603392
-162.710921,41,5523.786193
73.898889,20,5523.869597
70.355046,21,5523.957733
-389.965948,62,5524.22067
-21.738281,20,5524.303676
-98.378746,33,5524.446752
-154.765125,40,5524.620848
-127.351671,19,5524.706026
-91.420757,33,5524.846401
-171.945867,41,5525.031484
-163.704044,25,5525.141963
-144.298545,37,5525.305732
-250.516099,38,5525.4656
-175.467271,30,5525.597263
-291.226082,45,5525.787854
-221.599655,39,5525.953523
163.75015,25,5526.059659
-139.807794,37,5526.2258
-166.366968,28,5526.353802
-20.613325,20,5526.444132
-154.781682,27,5526.558737
34.640026,28,5526.681746
-300.597779,44,5526.871711
-33.882948,22,5533.726661
-85.491153,47,5533.99534
-12.870071,19,5534.073377
-170.609787,41,5534.252887
18.04582,31,5534.38949
-92.356462,33,5534.526753
-68.799068,29,5534.644376
-85.633839,32,5534.793045
-22.323686,19,5534.875502
-126.959189,34,5535.027377
-41.079002,24,5535.144421
-20.985552,20,5535.234467
-33.223115,22,5535.33344
-35.25192,22,5535.491292
-32.388623,22,5535.580491
-46.900835,23,5535.68245
-95.708237,28,5535.802127
-28.000782,20,5535.892263
-41.170807,24,5535.99169
-27.086225,21,5536.088388
-78.164344,30,5536.225709
-58.414469,24,5536.328777
-28.497293,21,5536.419928
-68.488863,29,5536.550846
73.983134,20,5536.631484
73.630972,20,5536.715986
-21.460779,22,5536.812992
-128.752617,22,5536.906558
-22.767321,20,5536.991152
-32.153712,21,5537.162633
-43.397558,23,5537.267118
-43.20349,24,5537.378421
-136.63592,23,5537.471842
-37.707935,24,5537.572714
-75.542406,30,5537.706452
-488.963509,74,5538.025083
-79.520106,30,5538.157579
-47.178731,26,5538.269632
-37.684041,23,5538.370063
-59.821602,30,5538.503488
-136.768836,23,5538.602884
180.441855,23,5538.699181
-19.267514,19,5538.781578
-25.381656,20,5538.86682
-125.88564,19,5538.942288
-160.024704,27,5539.06177
-110.769533,33,5539.201702
71.443929,20,5539.289367
-158.674806,37,5539.462459
-119.786742,21,5539.559843
-56.724737,39,5539.741042
-44.180467,24,5539.840665
-208.961757,35,5539.99051
-24.897026,19,5540.075451
-24.310794,19,5540.156637
142.159441,29,5540.27756
-137.091916,24,5540.401524
-154.755033,47,5540.606563
-33.706949,22,5540.705767
-194.038462,30,5540.842828
-259.560241,40,5541.030714
73.937282,20,5541.116736
-149.950334,37,5541.297584
-439.761553,69,5541.598569
-310.411579,47,5541.800224
-16.594664,19,5541.879764
21.57404,27,5541.998865
-33.335345,22,5542.094225
-53.970228,25,5542.211351
-76.303006,30,5542.343599
-258.236705,37,5542.495274
-95.935814,31,5542.666923
-7.874604,33,5542.868178
-31.587153,21,5542.994405
-222.661443,37,5553.17621
46.163953,25,5553.295042
-139.398132,57,5553.530414
-70.074267,29,5553.659034
248.603396,26,5553.769245
-122.287992,19,5553.853709
-162.178239,28,5553.977128
-48.764736,38,5554.160837
-247.817258,37,5554.577322
-120.141069,19,5554.661082
180.316763,21,5554.752348
-66.385829,28,5554.875242
-38.00797,24,5554.979049
-72.278769,45,5555.16896
-129.658578,20,5555.252428
204.524147,33,5555.393502
35.28337,27,5555.511253
-31.051621,22,5555.604039
23.913206,30,5555.729619
-186.495494,43,5555.914527
-30.539505,22,5556.009677
-23.316056,19,5556.095799
-126.159956,19,5556.175006
-70.099562,26,5556.283898
-29.784564,21,5556.37178
-166.637191,38,5556.533492
-180.423158,27,5556.646653
-23.563834,19,5556.729855
-736.567054,101,5557.164233
54.432418,24,5557.273684
-176.036868,28,5557.392718
-121.704655,19,5557.471183
-200.689774,30,5557.606676
-165.899439,28,5557.725061
-181.347539,30,5557.864658
-25.186407,19,5557.939836
118.887316,32,5558.079887
191.033078,21,5558.174791
51.932665,48,5558.382419
-45.639138,24,5558.481768
-55.018719,27,5558.599306
-511.321757,69,5558.89508
-520.825792,76,5559.247527
-133.800862,20,5559.330247
-38.788986,24,5559.435796
-28.571081,21,5559.518207
-32.215408,22,5559.615111
-228.74011,35,5559.759574
-30.206244,20,5559.838802
-38.748913,22,5559.937993
-39.552143,23,5560.036443
-167.340148,42,5560.217036
135.910671,30,5560.355442
67.938302,21,5560.451537
-142.723625,39,5560.617245
-23.735008,19,5560.691742
103.97864,36,5560.858093
-57.652283,37,5561.023854
-256.42227,38,5561.189128
-192.161104,45,5561.512501
-31.484954,22,5561.604338
-8.921646,31,5561.743652
-20.913887,20,5561.834233
-229.906935,48,5562.055376
-223.435022,34,5562.199317
-213.747494,31,5569.887606
-128.37486,19,5570.041219
-231.699362,36,5570.231839
-320.701788,51,5570.468404
-162.348479,26,5570.586391
-124.612093,19,5570.666607
-29.564972,20,5570.746602
-87.838724,44,5570.945671
-141.075836,24,5571.053151
-134.067844,20,5571.142138
47.927093,25,5571.245618
-57.775768,26,5571.35974
49.176507,25,5571.464113
-400.407524,96,5571.885463
-215.055556,38,5572.448131
-128.05521,19,5572.60603
-253.124903,37,5572.774853
173.264476,25,5572.888538
-127.123585,19,5572.977537
-26.52353,19,5573.067746
-210.225741,34,5573.215375
-87.210311,30,5573.356445
-122.686152,19,5573.443146
-19.68877,19,5573.528844
-139.809836,36,5573.686613
-33.288029,21,5573.78162
154.276032,23,5573.882857
-127.268463,19,5573.969214
-23.626942,19,5574.05853
-37.582082,35,5574.210053
-25.810344,21,5574.305304
-101.490394,33,5574.451672
-18.526259,36,5574.602035
-45.102101,24,5574.703453
200.196103,22,5574.795998
-138.566642,23,5574.898172
-24.063388,20,5574.989453
-438.256366,85,5575.377388
-21.735572,33,5575.517079
23.232934,32,5575.652233
69.816315,21,5575.746476
-179.423949,42,5575.929032
-37.495588,23,5576.02821
-89.782824,33,5576.165949
-117.837439,39,5576.333284
179.191969,21,5576.422371
-120.864047,37,5576.588698
64.422486,23,5576.685926
-31.119304,20,5576.773153
-29.83718,22,5576.866513
185.922544,20,5576.953243
-27.064266,22,5577.051796
-22.443214,19,5577.130219
-173.731182,30,5577.261581
-313.051401,44,5577.443363
-186.721783,28,5577.567792
-232.229151,38,5577.731519
83.819504,37,5577.893038
64.861038,22,5577.988615
-137.028793,23,5578.086454
-37.704452,23,5578.183056
-85.486367,28,5578.300945
-102.941672,34,5578.446424
-152.89426,24,5578.55333
-93.332539,30,5578.677066
-117.084526,20,5578.757204
-117.691949,32,5578.89163
-26.19133,21,5578.986368
-265.623162,37,5579.155934
-80.194946,31,5579.288974
-25.106391,19,5579.369677
-151.666527,39,5585.630882
-99.763522,31,5585.788377
83.581031,19,5585.87292
-71.565763,29,5585.996347
151.011411,44,5586.188846
146.52905,26,5586.300773
-132.551847,20,5586.389842
142.481331,28,5586.514735
-264.710846,37,5586.679576
-278.21539,47,5586.88079
67.811791,21,5586.968158
-190.140294,31,5587.105843
-259.725241,37,5587.263361
-300.33711,46,5587.460239
57.277352,24,5587.817011
62.938328,22,5588.013066
-183.375236,56,5588.293006
-246.32562,37,5588.452365
68.310585,21,5588.545293
-21.495944,19,5588.630166
56.862075,25,5588.735405
151.686692,29,5588.859858
-31.938692,21,5588.948901
47.750858,25,5589.05198
-77.463372,30,5589.18521
-238.909239,38,5589.344365
-260.91338,37,5589.512862
-132.060653,20,5589.601496
-291.675814,43,5589.924749
-23.044126,19,5590.003624
-250.305593,37,5590.173565
-183.321209,29,5590.305974
-114.242516,35,5590.45392
-100.16764,34,5590.600476
-270.177361,40,5590.765208
57.3898,22,5590.859077
167.970902,21,5590.952509
-61.356386,27,5591.079644
-34.858078,22,5591.377315
-184.546197,28,5591.611153
-21.309113,19,5591.705622
135.692301,30,5591.836492
-244.854902,37,5591.999
-128.087874,19,5592.081818
104.536209,71,5592.575441
-37.129697,24,5592.686343
-14.171943,19,5592.769167
-94.821829,33,5592.910476
146.984787,27,5593.029674
-24.024316,37,5593.189553
-101.019973,32,5593.322915
-17.692066,19,5593.402817
-29.319114,20,5593.486347
-263.250273,37,5593.63928
-169.255164,26,5593.751106
-210.546452,34,5593.908075
-153.780545,38,5594.086648
-223.808506,36,5594.24049
-147.658911,36,5594.387666
176.116837,21,5594.479306
65.39438,22,5594.579162
73.158013,21,5594.669133
-36.694281,22,5594.765871
-239.408796,37,5594.9279
-104.466465,29,5595.050606
-27.230216,20,5595.139901
-127.786558,19,5595.252302
-259.765977,37,5595.471765
-130.908677,23,5605.324074
-32.085272,21,5605.466111
160.166511,30,5605.628734
221.559891,56,5605.881752
-23.977006,19,5605.964729
62.29154,42,5606.152067
-258.591148,37,5606.327154
-155.725866,37,5606.482022
-152.821148,39,5606.643034
62.271188,23,5606.743874
-93.886064,33,5606.888656
-35.898044,21,5606.976437
69.205244,21,5607.06693
-28.129515,20,5607.152395
-288.158262,44,5607.347492
-126.894426,19,5607.429573
-108.271534,31,5607.576599
124.964347,30,5607.723835
-48.098024,26,5607.840128
43.20103,24,5607.942401
102.910114,36,5608.093656
-127.644955,19,5608.18471
-196.816846,33,5608.479412
-18.734354,20,5608.571088
-230.864446,51,5608.785336
-25.365395,40,5608.951545
-171.394273,29,5609.080181
80.613681,19,5609.158606
25.506118,84,5609.518838
-134.824883,20,5609.602506
-74.479699,30,5609.734682
-223.14057,36,5609.910964
-29.847805,20,5609.998292
-87.062252,32,5610.140928
-133.110371,20,5610.242172
-124.540159,19,5610.323244
-289.955528,44,5610.511346
-50.087204,25,5610.617716
-85.876577,33,5610.763319
-123.679064,19,5610.847055
-126.93593,19,5610.931106
-87.597393,32,5611.073657
-52.660064,23,5611.173229
-242.407489,37,5611.438841
-70.069986,29,5611.629484
-21.282811,19,5611.71778
-119.18238,38,5611.952904
5.92154,33,5612.116554
-78.506842,31,5612.27869
-28.519209,22,5612.423712
-141.511518,26,5612.680525
-57.068862,27,5612.829633
-146.004728,24,5612.953986
-121.271173,19,5613.047955
-143.967293,34,5613.217413
-167.193429,27,5613.348841
-130.122485,20,5613.445983
-26.880972,19,5613.531188
154.260698,24,5613.770517
-184.863139,42,5613.961196
-299.65617,44,5614.161907
-258.520832,39,5614.324688
-250.949534,37,5614.489484
-26.345115,20,5614.585966
162.329048,25,5614.706236
35.248044,26,5614.962308
39.94005,47,5615.247251
-232.996121,36,5615.419264
32.88235,28,5630.7679
-24.829374,19,5630.904731
71.9959,20,5631.029865
-152.24611,26,5631.148822
-22.25785,19,5631.244531
-16.556251,19,5631.342741
-32.367106,20,5631.444749
114.248627,24,5631.560616
-201.542054,32,5631.71438
-138.670408,38,5631.890189
-137.33299,23,5631.995484
60.671493,23,5632.098733
-23.67258,19,5632.198536
-23.015794,19,5632.292689
159.655266,23,5632.403898
80.908093,22,5632.502758
-31.431743,20,5632.606645
-42.949721,24,5632.739198
-40.220957,23,5632.838859
-23.924571,19,5632.927223
-131.294294,20,5633.032672
-85.909393,30,5633.169555
-198.396134,32,5633.3007
-54.827186,27,5633.412872
-22.966381,19,5633.498784
-26.885316,20,5633.585137
-65.733771,28,5633.712683
-20.940597,20,5633.806547
-26.21642,20,5633.893553
-147.147577,37,5634.063409
-257.209288,46,5634.261951
-24.881111,20,5634.347201
-31.489963,22,5634.454625
-205.650938,46,5634.648021
-277.654549,55,5634.900401
-103.912859,34,5635.052256
-200.596401,45,5635.248771
-177.622161,42,5635.426075
-185.299626,31,5635.557468
184.305061,24,5635.657404
-32.157641,37,5635.821026
-36.217325,23,5635.925682
-233.903595,37,5636.08141
-26.239551,20,5636.16589
-17.212336,20,5636.254417
-153.002646,23,5636.369859
-26.22951,21,5636.47131
70.899118,20,5636.554476
62.72215,22,5636.651332
-52.455233,23,5636.759824
-37.219559,22,5636.855548
-35.978886,23,5636.95757
-98.895685,33,5637.154438
-41.871251,22,5637.261187
-28.834777,20,5637.362107
-94.430556,33,5637.520426
-128.441841,19,5637.624434
-85.076166,30,5637.784621
-33.032093,22,5637.898436
-30.833891,21,5638.007889
-125.815744,19,5638.107518
-276.931208,42,5638.740206
-135.00913,36,5639.021176
-109.517271,33,5639.222547
-127.925482,19,5639.330456
-20.840084,19,5639.441392
-19.548678,20,5639.547051
-147.395526,25,5639.686648
-30.197252,22,5639.802477
-166.686589,40,5640.008115
164.174059,25,5640.131606
-150.448257,25,5640.256814
-66.441383,40,5640.442769
163.609103,22,5640.555578
-54.236363,26,5640.687393
-151.928831,40,5640.88657
90.927528,21,5641.004799
-57.081414,39,5649.046754
-28.903815,20,5649.190974
21.660993,29,5649.327935
-129.252499,19,5649.416644
-7.885635,48,5649.634125
-276.33004,40,5649.80995
-21.977723,19,5649.893123
66.752512,21,5649.994605
-178.508142,28,5650.122368
-35.568912,40,5650.292901
165.195139,25,5650.402936
-26.036366,20,5650.492431
112.157523,34,5650.632723
-21.077264,19,5650.715697
-126.23947,19,5650.795041
-25.487013,20,5650.881824
-6.757463,34,5651.026836
-26.651466,20,5651.114155
-56.5218,24,5651.214892
-37.670562,22,5651.306471
-147.661029,25,5651.413625
-349.349551,54,5651.634008
-255.200206,37,5651.779583
-48.46443,23,5651.876245
-207.800562,34,5652.023623
185.126303,25,5652.141208
-29.225869,20,5652.227516
8.852614,32,5652.360996
67.730293,21,5652.449967
-24.38379,20,5652.547102
-23.727343,19,5652.812754
-135.06195,61,5653.381046
-230.788995,51,5653.93797
-27.92401,21,5654.151833
-39.44067,37,5654.620196
-54.289941,26,5654.7538
138.325594,31,5654.923039
-33.734382,22,5655.036994
-246.633588,40,5655.236266
-278.31964,69,5655.568928
-126.33235,40,5655.767873
-123.261275,19,5655.867246
-35.955719,22,5655.976768
-65.37227,28,5656.490184
-131.528373,20,5656.60477
-44.740729,25,5656.724485
-121.638226,19,5656.81819
-155.960502,37,5656.98463
-159.058772,27,5657.099048
44.401369,26,5657.218547
21.743972,31,5657.357973
-37.474705,24,5657.458782
-173.906754,28,5657.575375
-127.020251,19,5657.662292
-130.263064,20,5657.755949
-22.48967,19,5657.835368
26.569973,49,5658.052984
-34.440422,21,5658.147702
-50.424405,25,5658.254928
-371.20416,57,5658.497452
69.820022,23,5658.596022
-19.857985,19,5658.691494
-71.378445,28,5658.811514
-144.890006,22,5658.905109
69.42268,21,5659.002704
-15.440313,19,5659.090087
-125.024034,19,5659.176823
-269.2194,53,5659.423474
-132.810932,20,5659.510397
-64.61099,25,5659.620558
-131.004361,20,5659.706817
-320.790899,50,5670.48818
-16.789042,32,5670.697448
51.691563,36,5670.861233
-101.975609,32,5671.001984
-35.261513,21,5671.088454
-249.64712,37,5671.241516
-34.613059,22,5671.338829
-14.530028,19,5671.43482
-26.378334,19,5671.517175
67.085439,22,5671.61446
-110.776109,34,5671.771221
-33.279621,22,5671.866707
-150.259337,39,5672.029115
-247.122089,37,5672.189319
-41.493213,24,5672.289593
-22.111976,19,5672.369569
-105.050834,34,5672.519762
-64.208227,28,5672.639089
-21.356875,20,5672.741132
-292.571723,42,5672.929076
-211.304943,47,5673.141683
-64.29522,26,5673.600756
-200.288908,32,5673.741413
-21.731862,19,5673.82843
-28.633084,22,5673.930413
77.213221,22,5674.023128
-29.215537,21,5674.112475
-23.36027,37,5674.271185
-92.944287,32,5674.432139
-65.134023,28,5674.558651
-128.960438,19,5674.648945
-71.882068,28,5674.774805
-168.222167,39,5674.94965
181.315773,21,5675.051417
-22.671048,19,5675.129701
-280.27679,45,5675.32517
-21.817603,19,5675.406232
-34.257807,22,5675.505861
-23.498367,19,5675.593565
199.88532,20,5675.676018
-216.641157,50,5675.883889
-38.026662,22,5675.976284
-34.192714,23,5676.076129
-160.713221,66,5676.365087
-130.096003,19,5676.444577
-220.549908,34,5676.586523
30.794042,28,5676.711741
-218.771045,33,5676.853552
67.804723,21,5676.94015
-13.98121,32,5677.078772
-31.287051,24,5677.202403
154.463386,24,5677.308513
-24.984795,19,5677.393634
38.357041,25,5677.506194
-14.211133,20,5677.586947
-261.427045,53,5677.831706
-488.339234,81,5678.181395
-43.691417,23,5678.281622
-127.126335,19,5678.362779
-66.83774,27,5678.478035
-60.050871,24,5678.576798
-38.425905,23,5678.674992
-24.119351,19,5678.757508
-131.197791,20,5678.840995
-20.01746,34,5678.988093
-25.060097,19,5679.06526
-191.882867,44,5679.254309
-84.854052,57,5679.497238
-358.354875,54,5679.734482
-139.201274,23,5679.960394
-305.079979,47,5687.631315
-107.022521,38,5687.961353
258.987682,23,5688.139888
-39.293177,23,5688.372422
-23.88026,20,5688.546305
-37.412632,23,5688.764773
-128.635693,20,5688.933662
-89.511188,35,5689.938863
-40.48969,21,5690.069732
87.143258,19,5690.161884
-41.861882,25,5690.269302
-727.059906,101,5690.703679
28.410729,29,5690.828179
-35.529195,39,5690.991632
-19.363272,19,5691.079347
77.149268,40,5691.252442
-14.504146,36,5691.419481
42.796604,25,5691.533363
-91.753022,33,5691.688357
63.507959,22,5691.781702
-22.078761,19,5691.860533
-198.054288,30,5691.991784
-229.792513,53,5692.23118
121.007897,29,5692.35998
-258.000413,38,5692.527953
-136.274097,22,5692.620843
73.206889,39,5692.802122
-31.848527,21,5692.899464
65.905322,23,5692.999849
-21.696388,19,5693.221826
-145.084914,38,5693.487445
-55.06025,39,5693.658281
51.381377,23,5693.763428
-28.249472,21,5693.850941
-122.074677,19,5693.930572
149.163009,27,5694.169214
70.949368,21,5694.266212
177.432656,25,5694.391621
-51.109567,25,5694.501655
-26.597608,22,5694.596619
445.344791,26,5694.709741
-84.68836,31,5694.84264
-196.820078,45,5695.044339
-74.907227,30,5695.184285
69.877308,22,5695.278308
-46.470563,26,5695.385759
-53.440376,27,5695.499667
67.299583,21,5695.586597
34.615297,27,5695.699336
-43.552594,24,5695.796772
-31.699443,21,5695.889061
-163.166991,41,5696.064807
-116.56167,18,5696.137643
52.440565,25,5696.248728
-106.474895,48,5696.451293
-28.654236,21,5696.542798
-17.297604,20,5696.625734
-140.16399,23,5696.725667
-24.478692,19,5696.803015
-123.820561,19,5696.881976
-146.433047,37,5697.037446
-63.822047,25,5697.145055
-237.368114,37,5697.302002
-126.893745,19,5697.385968
-154.710103,27,5697.499793
129.833158,37,5697.665962
25.815404,64,5697.950649
68.145656,21,5698.036767
-207.763629,33,5698.17544
-26.106749,20,5698.253204
-193.689152,31,5704.763659
-28.76166,34,5704.951966
-94.66802,31,5705.080449
-205.905818,31,5705.211779
-62.684877,27,5705.32608
-24.536501,19,5705.411069
-264.043627,37,5705.563318
-26.234074,20,5705.644467
-239.41374,37,5705.809054
-125.79807,19,5705.890592
-27.355476,20,5705.971127
-23.894142,33,5706.110709
-127.807813,19,5706.188614
-18.30757,20,5706.273266
-14.32828,19,5706.352576
-143.089576,37,5706.879157
51.463718,26,5707.022712
-28.053542,22,5707.126835
29.867169,28,5707.246272
-242.652011,37,5707.401886
-135.736641,37,5707.563639
72.267729,22,5707.668044
73.662824,20,5707.761958
-85.079858,30,5707.888974
-149.63693,37,5708.045055
-14.586391,19,5708.12666
302.040062,30,5708.254967
-253.477923,38,5708.417981
252.626209,25,5708.524508
-199.178243,32,5708.657405
-113.238402,33,5708.807489
-188.970021,48,5709.016231
-120.6327,37,5709.171248
-60.673366,28,5709.288014
-152.014953,26,5709.409777
-163.783945,37,5709.569007
-142.623248,23,5709.673786
31.593398,28,5709.894804
2.031038,32,5710.04069
-29.62929,20,5710.129428
74.976675,20,5710.219545
181.608419,19,5710.302761
-292.768481,74,5710.635697
-254.731957,47,5710.834732
-150.559985,25,5710.940298
106.565567,30,5711.067776
-300.973859,44,5711.248206
-31.019721,22,5711.339458
-28.388142,20,5711.424793
-60.335933,72,5711.729738
84.419173,33,5711.867676
-126.651334,36,5712.017022
-185.25666,30,5712.148661
59.793062,93,5712.547036
-66.390182,27,5712.715973
68.362184,21,5712.842126
-221.577841,33,5713.014434
64.713814,23,5713.109089
-126.52132,19,5713.189901
-146.937401,25,5713.293116
-128.497355,19,5713.37362
-27.538593,22,5713.47085
-164.835016,36,5713.618442
-64.407976,29,5713.744902
-135.359607,37,5713.900171
142.445127,29,5714.020354
74.343834,20,5714.105998
-59.225911,27,5725.859696
-29.486664,20,5725.95702
56.011298,24,5726.060841
-28.08972,21,5726.153637
-203.009361,45,5726.366354
-96.943908,34,5726.516452
77.294012,22,5726.61308
86.799537,19,5726.702481
142.178784,61,5726.98237
-27.439868,20,5727.071109
-518.309891,99,5727.506977
-24.50191,21,5727.598409
-30.898066,21,5727.688859
-107.113189,34,5727.836619
-298.911567,46,5728.060653
168.3038,24,5728.166858
-29.941604,20,5728.253081
72.022778,20,5728.337082
-68.02133,29,5728.461509
-15.058494,19,5728.542248
-239.858009,38,5728.716035
-47.08228,38,5728.881955
186.259701,38,5729.042966
-223.005429,33,5729.186621
-27.799488,20,5729.271976
44.483111,26,5729.382908
-22.479584,19,5729.45885
-42.902409,24,5729.558798
-43.75834,23,5729.657719
-30.021129,20,5729.746724
-148.520202,40,5729.919065
-241.439233,58,5730.166333
-50.679648,26,5730.279667
-251.011449,37,5730.429866
-94.111324,30,5730.555454
72.845317,21,5730.646276
-78.695089,32,5730.787718
-30.957242,21,5730.87701
-129.733658,19,5730.954888
-246.384889,37,5731.116569
-27.882447,20,5731.202444
-27.542316,20,5731.288974
-175.09656,64,5731.564515
-24.463031,21,5731.669097
87.361026,19,5731.751257
68.436842,21,5731.841831
-26.623512,20,5731.924759
35.577104,27,5732.037867
-23.77922,19,5732.119524
65.814888,22,5732.218631
-21.222339,20,5732.303776
206.092961,19,5732.388864
-133.176085,21,5732.48479
72.231758,20,5732.568966
-29.050146,20,5732.651566
-161.207709,41,5732.827391
55.136125,24,5732.9277
-23.153244,19,5733.004974
-122.976727,19,5733.088804
-40.634934,24,5733.194581
-193.034278,31,5733.3289
-255.656124,39,5733.492121
-29.794993,20,5733.577042
-25.221441,21,5733.660534
-21.219279,19,5733.748059
-29.094597,21,5733.840657
-42.259447,22,5733.934314
-179.028272,29,5734.05877
-200.680997,48,5734.272184
270.681776,36,5734.433015
-74.206082,27,5734.550498
69.845984,21,5734.641968
-70.071761,28,5743.622268
-116.712031,35,5743.838028
-153.377704,28,5743.961111
-228.89195,35,5744.205938
-119.090068,18,5744.306624
-181.087164,29,5744.463113
41.588304,27,5744.611064
-86.942436,30,5744.740423
-294.222232,50,5744.969537
20.118045,30,5745.105975
-123.417066,20,5745.194554
67.919285,21,5745.285332
63.96093,22,5745.377977
-65.568405,27,5745.489335
-15.661291,19,5745.573506
-31.279109,21,5745.669652
-190.345177,30,5745.799407
63.605589,23,5745.924815
-365.666409,62,5746.190491
-26.873215,20,5746.278301
42.08348,26,5746.388034
-14.923613,19,5746.471095
-150.112753,37,5746.6307
-48.202441,25,5746.738427
-141.08927,37,5746.899522
-127.814287,19,5746.986082
-33.494109,22,5747.079163
-179.819526,31,5747.209682
-132.503684,37,5747.367363
-119.570744,18,5747.450482
-27.909931,20,5747.535916
-79.647603,27,5747.647178
-58.593359,26,5747.764571
-31.734365,20,5747.85333
28.194555,28,5747.994712
-574.827992,101,5748.449605
-15.87571,19,5748.530196
-29.576023,20,5748.613316
-295.268916,51,5748.827689
-66.35071,39,5748.992004
43.694212,26,5749.106185
-154.56338,38,5749.264344
-64.864074,40,5749.433398
-24.170393,19,5749.523217
-127.214813,35,5749.744848
-24.846281,19,5749.849484
-103.852513,32,5750.06814
69.620563,21,5750.200371
-26.027218,20,5750.340201
-454.221373,101,5751.256624
-130.427698,20,5751.456877
-69.660623,28,5751.672831
89.506585,42,5751.935663
-292.454653,88,5752.375072
-60.389352,51,5752.61195
-42.369836,22,5752.736997
61.718223,23,5752.842069
-20.701974,20,5752.938199
68.473206,22,5753.031179
-233.953931,50,5753.251178
-203.246333,32,5753.39463
-17.727323,19,5753.483198
-126.962513,19,5753.560139
-44.864204,24,5753.663951
-29.682051,21,5753.746519
-313.126381,59,5761.987081
-97.197684,28,5762.148261
37.824856,26,5762.263311
-26.986728,20,5762.343968
-39.299773,23,5762.43914
-52.91378,39,5762.615924
-118.596056,18,5762.692894
-186.049051,43,5762.88559
-147.253125,37,5763.04014
-25.42075,21,5763.120996
-29.346087,22,5763.216903
-119.453593,19,5763.294612
78.902013,20,5763.3894
-241.554908,39,5763.551251
183.103484,21,5763.639786
-24.547702,19,5763.721318
-252.030864,48,5763.922465
151.184127,26,5764.031934
-137.561403,35,5764.18651
70.619537,21,5764.268464
-24.215464,19,5764.351616
-118.344151,20,5764.43834
-26.746333,20,5764.524117
-244.304773,37,5764.682026
-204.393021,36,5764.83389
-16.034242,19,5764.917009
-135.680013,23,5765.02047
-29.860278,20,5765.109415
71.241744,21,5765.204719
-171.097856,51,5765.427643
46.534602,25,5765.533126
287.538093,20,5765.621921
-127.653329,19,5765.71093
12.382897,31,5765.844467
-144.565019,25,5765.953276
-122.497465,19,5766.037833
-88.700618,34,5766.195405
-127.65054,20,5766.28401
-24.22536,21,5766.370819
-133.083179,20,5766.459574
-28.009942,22,5766.556025
-28.346631,20,5766.637809
-179.402533,31,5766.765521
110.101772,22,5766.863819
-73.096863,42,5767.156639
-68.632249,43,5767.347933
-128.141535,19,5767.421272
52.007913,26,5767.544382
-53.00403,23,5767.651061
-307.4688,45,5767.848714
68.413904,22,5767.950337
167.639043,22,5768.046964
-381.29573,101,5768.489986
-452.536671,101,5768.920576
32.285644,40,5769.093557
-267.770964,38,5769.261826
-2.579395,32,5769.406638
61.054889,24,5769.523024
-92.319204,31,5769.674151
-64.788143,51,5769.898872
-30.422445,21,5769.990218
-147.539717,22,5770.092309
-139.116688,36,5770.25485
-141.535314,37,5770.407757
-195.877974,35,5770.54788
-22.094848,20,5770.636482
-28.96996,20,5771.053763
-28.549569,21,5771.169679
-21.729974,19,5771.251927
-20.053331,20,5782.7976
-35.427626,22,5782.936101
-186.655744,42,5783.132699
-169.135099,43,5783.307637
-150.941627,37,5783.461925
-86.342855,31,5783.592059
-71.093125,31,5783.723069
-178.401972,64,5783.995036
-16.117953,19,5784.078272
-99.889815,45,5784.263216
170.359633,23,5784.356778
-26.225074,21,5784.444169
169.347,21,5784.535177
65.308871,22,5784.630983
71.026239,21,5784.722148
-23.817691,20,5784.808344
-139.998224,37,5784.96102
69.369548,21,5785.043964
-134.86229,37,5785.192948
-127.603179,19,5785.272423
-165.361358,39,5785.439867
72.154235,20,5785.524476
-96.632851,32,5785.66165
-16.941931,19,5785.74521
-182.907602,30,5785.877268
-236.041521,37,5786.033107
-263.858138,37,5786.192189
-22.274789,20,5786.270543
-25.507915,20,5786.354471
-55.131408,25,5786.458211
-125.775449,33,5786.598451
-30.590387,22,5786.697741
-42.322595,38,5786.86753
-28.956664,20,5786.952694
-504.70576,101,5787.392179
-130.983687,20,5787.474493
-569.558089,101,5787.910232
-192.99733,43,5788.091245
-34.287713,21,5788.191909
-137.08809,21,5788.277147
-240.38972,38,5788.433252
-18.025058,18,5788.515446
-27.790939,21,5788.604107
57.716719,24,5788.703211
-224.284691,35,5788.856591
-14.902633,19,5788.935498
-26.948774,20,5789.022675
-257.047527,39,5789.191323
-27.280735,20,5789.274049
-129.33982,19,5789.351354
-33.96039,22,5789.448332
-412.553203,61,5790.155602
-43.967565,24,5790.262732
-74.818026,28,5790.418052
-19.30645,19,5790.520279
-252.462905,37,5790.682924
-32.049004,23,5790.788033
-54.790082,25,5790.893304
-254.155583,48,5791.09879
-28.36167,20,5791.183939
-18.623216,34,5791.337927
-22.14178,19,5791.428059
40.206687,27,5791.543116
-120.005397,34,5791.701047
-393.398826,101,5799.192473
-24.937849,20,5799.316585
-35.273941,23,5799.426183
-60.361283,27,5799.535849
-38.049182,23,5799.636191
-136.178771,22,5799.731191
-230.895755,38,5799.890638
-125.054186,35,5800.147811
-207.211885,32,5800.283649
-129.57276,20,5800.365195
-192.503782,44,5800.553314
-131.935862,35,5800.708437
-150.568257,23,5800.813061
-35.204024,23,5800.909167
-61.935789,27,5801.022903
-23.748034,19,5801.101116
-50.383746,25,5801.205169
9.566545,32,5801.335131
-22.148581,19,5801.414056
-161.204135,65,5801.687176
-23.044686,19,5801.775944
-216.259565,36,5801.939205
-119.595307,20,5802.027826
-67.889872,29,5802.147831
-73.216248,29,5802.268785
-10.653982,18,5802.346396
-32.170977,23,5802.437619
-58.448332,27,5802.550922
-114.826913,18,5802.620788
-23.439689,20,5802.710408
-14.969397,19,5802.793809
-334.174525,56,5803.027545
-86.414737,32,5803.160952
-26.204361,20,5803.242568
-29.496194,20,5803.325613
-249.773737,36,5803.478952
-127.807526,22,5803.570259
-25.800888,19,5803.649044
-20.458486,21,5803.734317
-29.146726,21,5803.820001
-67.996481,27,5803.939315
-19.016409,19,5804.013881
-21.337575,19,5804.098717
-47.797679,24,5804.203143
-31.000145,21,5804.307253
-189.079831,29,5804.498885
-156.190062,24,5804.616056
52.030416,25,5804.730697
-57.546299,26,5804.843997
-133.118687,40,5805.021822
-186.408213,30,5805.147505
-63.677177,28,5805.264078
-150.057893,37,5805.436501
74.061101,20,5805.676569
-26.171734,19,5805.786452
-20.640657,19,5805.871377
-22.999286,19,5805.954101
-21.888499,19,5806.037795
-127.394768,19,5806.118623
-232.995733,35,5806.273275
-184.72632,30,5806.398854
-31.397343,21,5806.497639
42.493134,26,5806.650811
-37.234871,23,5807.282274
-124.719942,19,5807.401629
-162.320983,37,5807.598337
-137.975842,37,5807.818125
-127.370579,37,5808.05857
-37.193738,23,5808.237345
-23.074917,35,5808.60574
-22.843127,20,5808.733976
-123.1325,19,5808.866962
-29.981854,23,5809.126662
-28.322911,34,5809.381996
-118.363434,55,5809.728609
9.176482,31,5809.859371
-127.813102,19,5817.187606
-103.781738,35,5817.434964
-27.989557,20,5817.540289
-23.019675,22,5817.653108
-217.80572,36,5817.833541
-25.451129,20,5817.934844
40.085057,25,5818.059981
-146.583417,37,5818.240421
-132.730296,33,5818.408545
-115.688975,19,5818.50583
-38.413987,36,5818.681441
-255.470866,37,5818.864515
-27.605757,20,5818.965079
-24.010782,19,5819.055238
-12.166995,39,5819.24291
-34.254823,22,5819.352094
-143.266885,22,5819.458398
-32.512015,21,5819.562
71.24556,21,5819.664433
36.897206,27,5819.798459
-25.785419,20,5819.900107
30.589262,28,5820.020821
-150.525084,23,5820.124805
65.362584,22,5820.221436
-135.146209,36,5820.372318
-294.153078,101,5820.824196
-298.951768,101,5821.256977
-148.302923,52,5821.46642
42.832401,26,5821.574794
-15.964001,19,5821.654673
167.381157,23,5821.75243
97.129649,23,5821.856116
-125.384256,19,5821.94066
-268.350594,37,5822.10129
-153.680098,38,5822.266698
-26.027555,21,5822.357783
57.889923,23,5822.463203
-31.986159,21,5822.549846
-147.234263,22,5822.650609
173.784844,28,5822.778434
-71.380546,29,5822.904914
-90.714014,28,5823.020675
63.687197,22,5823.211989
-75.032477,49,5823.428788
78.481121,22,5823.526776
74.668994,20,5823.61455
-35.396514,21,5823.702817
269.071171,28,5824.222336
-146.67976,23,5824.364318
-136.109691,24,5824.477168
-30.153993,21,5824.573271
-158.887817,28,5824.696906
-150.651667,25,5824.804004
51.532987,24,5824.911037
-15.784271,20,5825.000097
-82.248742,30,5825.148301
-132.776535,22,5825.243406
66.058126,25,5825.353669
-137.305938,36,5825.503257
-59.296637,37,5825.672187
-75.459297,28,5825.793139
22.627887,29,5825.92295
-124.708298,19,5826.003648
-204.968546,33,5826.142698
-43.908027,23,5826.24275
-282.875521,43,5826.432694
61.593234,23,5826.532704
-97.320052,45,5826.727973
70.40921,20,5826.82876
-287.509626,41,5827.002362
-125.473498,19,5837.268316
-119.950987,18,5837.382214
-158.897062,38,5837.548652
68.622641,21,5837.639893
48.220724,25,5837.760515
-27.005844,20,5837.845041
-26.881832,20,5837.931646
-24.221642,21,5838.017817
-117.137856,35,5838.171581
-144.583444,26,5838.279504
-134.14309,37,5838.435084
69.803665,21,5838.52326
21.743999,29,5838.648407
-23.19919,20,5838.731722
57.740619,23,5838.838973
-63.371175,25,5838.948325
-23.745742,20,5839.030224
-23.368019,19,5839.109934
-80.585988,46,5839.304042
39.910071,26,5839.430503
-30.175273,21,5839.527754
-25.668914,35,5839.738991
-29.248276,20,5839.840982
-133.401585,20,5839.93261
-9.781419,35,5840.07394
-21.585188,19,5840.154665
-135.546019,22,5840.247815
-23.860823,20,5840.346121
-121.104105,71,5840.650189
-57.955537,26,5840.760476
37.803382,25,5840.864304
-250.746989,37,5841.031608
64.125936,21,5841.121723
-268.776444,42,5841.300066
-27.189254,20,5841.38364
-32.558606,20,5841.469539
-203.173956,33,5841.607128
-120.923847,19,5842.077595
-129.706219,23,5842.231804
-22.265644,19,5842.316702
38.261481,28,5842.438288
-25.193216,20,5842.522994
-35.649083,22,5842.617315
74.050635,20,5842.706447
-38.774546,23,5842.817478
-240.887859,38,5842.994187
25.959504,28,5843.122195
-66.622062,27,5843.244426
163.401074,26,5843.357475
-177.789528,28,5843.48665
60.113903,23,5843.581238
-189.78849,30,5843.70775
-28.69068,21,5843.794001
-34.738656,36,5843.951603
7.67902,31,5844.087124
-25.786595,21,5844.179528
-167.26284,36,5844.329138
262.722392,22,5844.421839
-220.056727,34,5844.570112
-71.695079,26,5844.684231
-23.279981,20,5844.772757
-68.349604,29,5844.897839
-34.526473,22,5844.991559
41.32429,26,5845.095972
-38.150025,23,5845.197497
36.691635,37,5845.349613
-253.593187,37,5845.509145
-248.881448,37,5845.666167
-21.229288,19,5845.747549
-220.514045,37,5845.904278
-20.370402,19,5845.985535
-137.009785,22,5846.079528
-16.574652,20,5846.168679
82.058302,33,5846.313197
-123.402357,19,5846.394784
-24.651462,20,5846.476708
-299.029928,41,5853.030555
-135.365214,21,5853.325422
-188.179099,44,5853.707462
-145.341572,24,5853.81487
-56.595724,26,5853.927622
-120.486808,36,5854.084853
-160.482534,38,5854.248777
-143.172183,22,5854.34016
-160.671812,29,5854.468852
-151.649546,37,5854.621457
-150.725506,39,5854.960255
-175.486526,42,5855.148864
-33.744455,23,5855.248014
-137.431863,37,5855.411553
46.182372,25,5855.527296
-0.074806,31,5855.673402
-258.134824,37,5855.839777
57.256658,24,5855.947328
61.823611,23,5856.043923
-201.362582,57,5856.300742
-26.094709,20,5856.387361
-23.001098,19,5856.469171
-34.523931,37,5856.623396
-117.594826,20,5856.714959
19.941987,31,5856.847296
-21.60775,35,5856.992099
-128.489005,19,5857.07445
-123.320446,19,5857.154163
-24.922631,19,5857.237162
-139.650285,37,5857.40498
74.602794,20,5857.4913
-125.142748,20,5857.577601
-14.845267,19,5857.658668
-25.913924,20,5857.741398
59.888063,23,5857.841975
-34.860309,22,5857.935472
61.153087,24,5858.044673
-274.168982,40,5858.213093
-46.282334,24,5858.309353
-155.720096,42,5858.487288
-54.30985,27,5858.600201
-28.525527,20,5858.684768
-21.402993,19,5858.766954
-73.844962,28,5858.884887
117.428771,33,5859.021882
-26.381185,20,5859.10808
10.912138,30,5859.233
-65.895598,30,5859.359295
-124.495069,19,5859.441643
-192.770957,46,5859.634476
-136.020856,21,5859.726765
-13.881706,19,5859.803069
-53.124714,26,5859.916718
-60.905091,27,5860.029266
-43.391556,37,5860.195569
-56.481353,24,5860.300207
-253.258465,36,5860.450881
-32.573234,21,5860.536439
-162.660737,40,5860.704094
-142.143314,39,5860.969169
-14.202749,33,5861.244801
73.160716,20,5861.47118
61.942242,23,5861.676375
-88.369558,34,5861.976678
-202.196023,35,5862.326556
19.615458,30,5862.683583
-261.70137,37,5862.979999
-22.23353,20,5863.194797
-118.328566,20,5863.325595
64.114029,23,5863.471837
-27.148571,20,5863.608364
-24.164366,19,5863.769505
-41.470634,23,5863.93275
31.452204,28,5870.431412
17.1509,30,5870.613627
-84.666499,43,5870.802523
-233.882714,63,5871.067537
60.967435,22,5871.162936
-31.309211,20,5871.252676
161.458956,24,5871.360493
-29.707757,20,5871.771963
-151.442982,37,5871.931372
-15.003896,42,5872.105336
-22.446178,20,5872.190995
-186.052566,28,5872.310361
-162.0686,27,5872.427184
-118.586206,18,5872.510331
-123.121138,37,5872.664984
-282.549859,57,5872.911493
-36.281699,37,5873.069191
-186.10386,59,5873.326123
-168.29788,27,5873.442018
-24.357129,21,5873.530895
-24.509313,22,5873.622581
-123.632947,20,5873.706063
-155.292865,37,5873.867704
-39.662532,38,5874.04058
67.01429,21,5874.128908
-25.416477,21,5874.220644
-116.07065,34,5874.36458
-247.245648,52,5874.582541
-270.289111,40,5874.755837
-87.620182,30,5874.882308
-32.479015,21,5874.979778
-51.510545,25,5875.092659
-167.632348,27,5875.207517
294.125595,33,5875.353253
210.467132,20,5875.441356
-22.738083,20,5875.533096
-149.575123,37,5875.68792
-94.022334,32,5875.82409
-23.100763,19,5875.903274
-149.706313,37,5876.06252
-24.775222,19,5876.142422
-213.458428,47,5876.3593
-79.958775,30,5876.487333
76.869438,20,5876.573246
65.909221,22,5876.665106
180.523468,22,5876.844376
-26.748811,20,5876.931031
-72.183485,53,5877.16084
-41.359122,23,5877.261345
62.500304,24,5877.366965
-78.081912,43,5877.559782
37.782488,27,5877.676979
-81.938449,29,5877.805639
-30.470199,21,5877.894494
61.305078,23,5877.991378
-260.020045,37,5878.153806
-109.815399,32,5878.291516
-19.962213,19,5878.375692
-148.139969,26,5878.482706
72.991375,21,5878.570201
-327.103795,63,5878.83743
-90.980577,32,5878.976639
-110.741657,34,5879.122805
102.073005,31,5879.255616
-123.119075,19,5879.340798
-126.243667,19,5879.42241
-212.223949,33,5879.563421
-42.271503,25,5879.670651
-31.32371,21,5887.546113
-169.232499,28,5887.706313
-25.427456,20,5887.808129
73.78828,20,5887.89529
-129.653944,19,5887.974786
-30.197718,21,5888.064254
54.82494,24,5888.165951
148.260994,27,5888.28521
59.671295,22,5888.381779
-25.068984,19,5888.464872
74.821263,20,5888.547232
166.447312,22,5888.641125
-21.643131,19,5888.729012
-123.603844,19,5888.809678
-256.179314,40,5889.901443
-224.888821,48,5890.157066
76.665668,20,5890.258323
-168.071985,43,5890.474989
-42.924347,37,5890.660713
-28.22008,20,5890.766704
-123.28062,19,5890.861191
-44.559684,24,5890.984468
-150.089765,37,5891.17195
-290.276835,43,5891.394269
72.675305,20,5891.503686
-195.021001,33,5891.651631
-33.004972,22,5891.750713
-135.078215,37,5892.111557
-213.871215,57,5892.374282
76.108879,20,5892.463102
-107.189478,31,5892.591502
-188.307647,31,5892.727244
-140.728521,23,5892.836634
-155.898757,26,5892.952493
168.205489,24,5893.055867
-28.90013,21,5893.152798
-118.62113,34,5893.295905
-27.648536,20,5893.388438
-28.405882,21,5893.481333
68.538003,21,5893.571363
-291.574579,66,5893.860103
-26.514266,19,5893.946917
-25.437958,19,5894.033246
150.72056,26,5894.148637
-34.381495,37,5894.322888
-169.848073,56,5894.560447
-135.677974,37,5894.709508
73.367958,21,5894.801036
286.279527,47,5895.00328
-103.576394,32,5895.149933
180.624773,40,5895.327839
-278.810073,79,5895.668019
-243.257759,37,5895.820513
-246.887544,37,5895.975707
67.984777,21,5896.06659
45.738025,24,5896.165654
-500.949672,86,5896.562142
-252.774435,43,5896.740756
42.322343,26,5896.851127
73.882734,20,5896.932938
73.376652,23,5897.028218
-246.500399,39,5897.196341
65.800657,22,5897.290929
-176.345959,28,5897.408431
-125.260155,21,5897.49495
-124.734132,20,5897.585234
-79.438154,29,5897.707401
-26.940971,20,5897.793867
-172.357814,28,5904.563824
24.787731,29,5904.724108
-276.692677,39,5904.88326
-125.850256,19,5904.963405
68.066476,21,5905.051345
-124.332607,19,5905.13345
-100.587002,32,5905.27402
-177.912214,31,5905.402151
221.901764,66,5905.681889
70.092329,21,5906.071387
-144.587171,36,5906.262867
-125.400653,19,5906.352101
-31.79625,21,5906.449121
-34.171938,22,5906.543666
153.370762,27,5906.741665
-146.987876,23,5906.844276
-23.031694,19,5906.924772
-20.986723,35,5907.072548
-190.043721,44,5907.25958
71.161042,21,5907.349721
-29.044836,21,5907.437983
-61.093854,25,5907.552721
61.56087,37,5907.715784
-121.63367,18,5907.800154
-289.92189,41,5907.967452
-260.59877,37,5908.13164
-196.451921,34,5908.277472
-149.939583,25,5908.38323
53.424922,25,5908.488889
15.055041,28,5908.620379
-29.8903,20,5908.701264
-26.532187,20,5908.785659
-25.952574,20,5908.872523
-11.405214,18,5908.948129
-21.334795,35,5909.09679
-311.249168,45,5909.279556
-315.377445,47,5909.477739
-39.416824,21,5909.562817
-226.012352,39,5909.731288
-274.159265,42,5909.913374
-20.375551,21,5910.007125
-33.471515,21,5910.097361
-644.612612,101,5910.504641
-28.635521,20,5910.591155
-28.794239,20,5910.678088
-25.259793,19,5910.762032
57.974163,23,5910.863482
-157.892862,27,5910.983352
79.10792,19,5911.06334
90.447817,28,5911.187803
73.356388,20,5911.276986
-126.040076,19,5911.365074
-39.075721,42,5911.548478
-340.663353,50,5911.767503
-94.880095,31,5911.901625
-144.275734,22,5911.992252
-136.967307,23,5912.090471
-171.734525,29,5912.214611
-74.735159,27,5912.331233
-23.278005,19,5912.4077
-136.045385,21,5912.494481
-25.194402,20,5912.58319
-186.645622,32,5912.720582
-42.216824,22,5912.825118
-98.264374,32,5912.958821
-144.173661,24,5913.063548
-105.34877,46,5913.328389
-103.633691,32,5913.520527
155.910602,33,5913.918591
-48.465255,23,5914.154523
-174.471537,28,5922.112328
-89.033791,31,5922.300843
32.789485,32,5922.442855
-25.368129,20,5922.53702
-79.774225,43,5922.72109
73.143511,20,5922.808087
-139.36196,37,5922.978204
-147.092058,40,5923.475919
-223.183771,45,5923.67927
-52.192841,25,5923.785491
-134.343169,36,5923.946771
-32.515252,21,5924.031665
-273.154197,54,5924.279177
-86.765443,30,5924.440746
-258.040953,37,5924.613096
-226.974503,35,5924.763067
74.663311,20,5924.847441
-30.024341,21,5924.942428
50.895618,25,5925.05628
-254.773106,38,5925.22506
-129.754175,20,5925.318212
-132.419472,20,5925.403935
-14.609116,34,5925.552103
-178.564031,29,5925.67294
97.836923,25,5925.785125
-47.293777,25,5925.897772
-22.483482,20,5925.985635
-36.002557,22,5926.076876
-25.571023,20,5926.157038
-22.151856,19,5926.241091
-52.09126,24,5926.350443
-36.979746,22,5926.443329
-75.554287,28,5926.570252
-202.737388,33,5926.715878
-220.336789,34,5926.85466
-211.506811,33,5927.003255
80.477327,20,5927.082457
-283.948312,57,5927.336755
-71.068059,28,5927.46525
-187.952222,32,5927.60516
-190.482817,32,5927.742742
-76.32304,28,5927.872107
-46.330862,37,5928.029154
-138.48973,21,5928.116709
-64.270051,28,5928.235625
-37.346274,36,5928.413437
-50.409263,25,5928.518187
-131.61224,20,5928.599277
-241.31786,37,5928.753131
-141.270341,23,5928.846268
-22.522516,19,5928.924301
-16.005973,35,5929.15595
160.911228,23,5929.254266
-130.713813,21,5929.346713
63.861985,22,5929.443275
51.034668,26,5929.550088
-96.096399,33,5929.686787
79.745733,20,5929.772782
-24.069209,20,5929.856096
-146.403366,38,5930.008994
-27.246498,20,5930.093215
-134.130248,22,5930.190416
40.189267,27,5930.307781
49.109565,25,5930.414777
122.515173,33,5930.551295
-131.161029,20,5930.637867
-121.250858,19,5930.716439
161.932006,23,5930.820228
6.291867,31,5930.963207
-24.835263,19,5931.046857
-176.623726,27,5931.164009
-28.700077,21,5931.253712
-20.1912,19,5931.331328
-23.086662,19,5931.419146
-235.212226,37,5942.806914
-122.149412,39,5943.014189
59.434219,23,5943.112237
34.80739,28,5943.226293
-25.12577,19,5943.30793
-27.031306,21,5943.394702
-119.675753,18,5943.469345
170.42551,23,5943.573695
-17.520037,33,5943.718375
-231.425964,46,5943.939869
-6.088627,34,5944.085842
-250.367807,37,5944.245722
74.208635,20,5944.337746
183.530444,49,5944.547179
-15.379277,19,5944.636681
-77.506737,28,5944.759747
-258.130599,37,5944.913215
-35.5063,21,5945.002902
-124.984469,22,5945.09497
-124.653074,19,5945.180395
-29.561737,20,5945.265112
-524.682566,101,5945.708049
-131.680709,20,5945.798613
-60.263615,27,5945.923034
-66.936504,27,5946.041766
-13.424313,20,5946.126284
73.847287,20,5946.211918
-117.579604,36,5946.359235
-129.90008,21,5946.446007
-70.486325,33,5946.588359
-236.794903,37,5946.746409
-149.799557,41,5946.914321
-427.474216,101,5947.332798
-267.14984,44,5947.51543
-187.629136,31,5947.652976
72.554022,20,5947.743261
-135.214906,22,5947.840694
-191.168133,31,5947.975561
-121.409909,35,5948.123011
-24.386239,19,5948.204008
-160.281789,27,5948.316319
54.616354,25,5948.427888
-179.390629,29,5948.561627
-243.462724,37,5948.715394
-125.819956,19,5948.795276
105.287324,36,5948.942998
-252.512416,37,5949.099215
-260.014215,37,5949.265139
-15.805943,19,5949.346826
-16.624452,19,5949.43789
19.892937,29,5949.695632
-67.113932,27,5949.969149
63.79662,40,5950.668884
-41.598197,23,5950.797418
-21.437762,20,5950.904202
-15.315499,19,5951.003319
-134.843276,36,5951.181269
-21.792922,19,5951.260205
-19.917226,19,5951.343137
-123.10501,19,5951.420424
-28.465223,21,5951.514696
-160.302433,37,5951.671899
-152.391032,24,5951.784305
65.437834,22,5951.884566
-29.618461,21,5951.98791
-35.113705,22,5952.09057
-65.857166,26,5952.212882
61.42095,23,5952.375314
-79.318193,30,5952.509266
-25.81525,20,5952.592507
-213.034274,34,5959.677199
-133.190244,20,5959.7804
-16.188459,19,5959.863601
-250.345663,37,5960.0277
-20.755334,19,5960.112976
180.927327,21,5960.200498
-29.499824,20,5960.288884
-193.584865,31,5960.421958
-49.86549,24,5960.524722
-35.583108,22,5960.6159
41.489183,28,5960.733173
-192.018185,42,5960.914588
-147.116802,39,5961.084255
-265.692095,37,5961.241138
-38.320424,21,5961.332454
63.589537,22,5961.424053
-33.110766,20,5961.50839
-34.909795,23,5961.601476
-141.619539,37,5961.757169
-156.031552,39,5962.115069
74.802203,20,5962.205658
-30.024129,20,5962.293522
-28.452926,20,5962.37673
-70.718229,27,5962.488538
45.271071,24,5962.600173
-56.184055,24,5962.708902
43.1445,24,5962.812258
-35.283914,22,5962.904015
-261.427058,40,5963.069276
21.973193,31,5963.205911
-165.599157,37,5963.378409
-257.542596,40,5963.551029
-48.258629,24,5963.652378
-128.497324,19,5963.734278
-138.127867,37,5963.890416
-110.866655,48,5964.099554
-61.95102,41,5964.271491
-226.986745,37,5964.423987
-39.229768,23,5964.527577
-199.119851,43,5964.714492
-130.237529,20,5964.796526
66.922702,22,5964.89449
-22.938443,37,5965.053835
85.65014,19,5965.133935
-116.727408,19,5965.210329
-46.026308,25,5965.31679
-166.963127,42,5965.500896
-49.426038,25,5965.610597
-193.059229,43,5965.796049
-56.350094,39,5965.966792
-55.988263,27,5966.085499
119.898858,70,5966.372703
-24.984344,19,5966.452914
162.866578,24,5966.55828
81.126321,19,5966.638359
27.209963,28,5966.765379
-25.213048,20,5966.854359
-78.472479,29,5966.9776
168.110044,27,5967.097772
-32.630388,22,5967.197362
-184.583631,43,5967.392312
-443.798502,65,5967.796138
-192.335488,44,5968.146036
-30.181057,20,5968.336238
-262.571253,63,5968.908005
212.062374,30,5969.125151
79.305638,20,5969.261212
-154.852095,24,5969.454448
-243.090573,37,5976.968087
-22.646393,19,5977.057936
62.954961,24,5977.161606
-150.73501,26,5977.271551
-22.023617,19,5977.348022
-128.289522,21,5977.436225
-149.501336,37,5977.590458
-214.531956,52,5977.804516
-131.513297,20,5977.895877
-131.534887,20,5977.976137
-248.157396,55,5978.218843
-150.155748,38,5978.376183
53.447008,24,5978.479661
-101.860801,33,5978.623244
-94.85017,31,5978.754978
-198.954717,44,5978.942824
-23.96661,19,5979.023617
-300.406936,43,5979.201651
-41.881167,24,5979.301615
158.388499,23,5979.398017
-14.082391,19,5979.487034
31.55148,29,5979.612118
192.259957,22,5979.708257
171.131967,22,5979.812082
-92.463094,30,5979.944241
-178.734984,31,5980.077631
180.037022,31,5980.22161
-143.545491,22,5980.312231
-22.079479,19,5980.387861
-24.324946,20,5980.474018
-260.672435,37,5980.627217
-121.593178,19,5980.704334
70.980579,21,5980.791217
11.284122,31,5980.925409
-22.88904,20,5981.013261
-33.381692,21,5981.10127
66.424457,21,5981.195628
67.943523,21,5981.280851
-184.727286,28,5981.398884
-132.73706,38,5981.553108
-34.458073,22,5981.643325
-29.239976,21,5981.731982
-43.909311,24,5981.835987
-184.200528,31,5981.968642
-290.771329,44,5982.164304
-125.833438,20,5982.251762
125.894094,30,5982.375527
-26.977209,20,5982.463792
-35.064853,23,5982.561883
-121.536016,19,5982.641947
-44.243616,23,5982.739848
-20.499553,19,5982.823536
-16.87645,19,5982.906459
44.455652,26,5983.016494
193.292387,51,5983.239402
-248.716313,37,5983.396535
-20.555084,20,5983.481951
-20.755046,19,5983.559083
-104.862752,49,5983.934132
-157.291065,27,5984.055848
-34.332372,24,5984.160664
71.913628,21,5984.252794
163.512204,22,5984.37788
71.101777,20,5984.460809
80.289222,19,5984.542014
-204.776054,71,5984.92535
-29.78929,21,5985.013989
-30.11039,20,5985.099806
-349.722201,51,5985.318774
-24.86683,20,5985.409949
57.468858,24,5985.515337
-154.119439,40,5985.690773
-64.965051,44,5985.878905
-38.099428,23,5994.857221
-157.025284,37,5995.06521
-143.210164,23,5995.167415
-27.032535,21,5995.255338
-126.002171,37,5995.412772
-180.274661,28,5995.535592
99.202472,37,5995.695328
-22.741792,19,5995.789647
75.096524,20,5995.879765
-279.502546,39,5996.042114
-52.346021,25,5996.148966
13.554078,31,5996.283981
-289.530736,43,5996.472991
-46.801625,24,5996.576278
-123.968463,19,5996.658247
-129.282278,20,5996.740213
-56.344816,24,5996.845773
-62.810728,26,5996.953866
-190.265087,53,5997.180981
-44.033878,24,5997.286133
-47.200481,24,5997.392059
-130.993028,23,5997.489275
-74.281895,28,5997.602584
-5.431838,33,5997.737039
-113.419942,33,5997.885999
-60.829807,26,5998.001454
-174.240008,27,5998.116905
-28.139466,21,5998.205122
54.835157,24,5998.308354
-76.769265,42,5998.489917
-260.583845,37,5998.639319
-43.432661,23,5998.735652
73.894913,20,5998.817905
-36.213709,23,5998.910761
-161.158829,26,5999.019842
-90.068181,30,5999.149072
57.229746,23,5999.246631
-154.879034,26,5999.359814
22.912745,33,5999.497288
-163.701282,25,5999.612655
71.041849,20,5999.699931
63.90374,23,5999.818601
-169.239628,28,6000.000157
-36.514072,22,6000.124259
-53.143887,26,6000.615896
-122.053979,19,6000.730159
-337.579034,50,6000.960699
-3.631569,56,6001.239899
-39.659912,23,6001.346799
-193.319721,32,6001.486438
-28.509664,21,6001.582149
67.42753,21,6001.677403
-16.429198,34,6001.829863
57.3622,24,6001.932146
-27.462159,22,6002.029124
-282.886519,46,6002.253394
-41.094512,23,6002.391684
164.11165,22,6002.500057
71.767711,21,6002.597788
-24.248923,19,6002.681449
-62.474129,27,6002.874954
69.408318,22,6002.993398
-34.890468,23,6003.099139
42.851717,25,6003.208125
-22.606216,19,6003.290559
-23.698436,20,6003.374243
-154.409517,40,6003.542534
-40.011714,24,6003.648958
-142.740782,38,6003.812812
75.866037,20,6003.900862
-51.130796,26,6004.009986
-27.127828,22,6004.098815
67.838828,21,6004.187355
140.062949,28,6004.307621
-298.472848,56,6011.278575
-270.607427,40,6011.476681
-174.032849,29,6011.607249
65.789619,24,6011.711801
-33.310731,21,6011.81118
64.301764,22,6011.913038
-24.14205,19,6011.994752
-21.038766,21,6012.09093
-152.712882,25,6012.213914
-44.624701,24,6012.323006
-32.255132,22,6012.416259
-65.274767,26,6012.542086
-517.326805,89,6012.928343
-42.106196,23,6013.030302
68.861654,21,6013.120909
-39.652068,24,6013.222221
-245.300841,38,6013.384724
257.433189,23,6013.485566
-233.898735,38,6013.642014
-48.748508,26,6013.749692
-27.950705,20,6013.834647
-102.571826,32,6014.102123
244.167168,35,6014.258346
-57.976866,28,6014.385623
-17.182339,19,6014.464772
-27.309497,20,6014.554902
51.739665,23,6014.655961
-171.772507,28,6014.775633
-147.928635,24,6014.894357
-155.833118,39,6015.062148
-222.73462,35,6015.20946
-153.606452,45,6015.411204
54.772194,24,6015.512828
-26.367364,20,6015.600187
-165.025487,40,6015.776451
-189.226548,32,6015.91168
-270.617769,38,6016.071083
-115.297213,18,6016.147786
-30.706209,21,6016.241085
-211.209815,35,6016.391793
-158.75857,37,6016.557948
-123.490014,20,6016.639821
198.600423,20,6016.725653
-123.780514,19,6016.811895
-239.424534,37,6016.967735
-180.522901,42,6017.146337
-206.051403,32,6017.289247
-29.352016,20,6017.372702
-58.250616,26,6017.488776
-30.573858,20,6017.57362
-288.916894,43,6017.760161
-30.802613,23,6017.865678
67.805085,22,6017.958301
-317.189419,101,6018.406892
-37.864014,24,6018.510326
-47.681196,23,6018.604984
-32.28681,37,6018.763697
-16.722165,19,6018.84286
72.510224,20,6018.927542
-208.410157,34,6019.077967
-129.401453,19,6019.158817
-248.244406,37,6019.325882
157.245071,23,6019.431019
-127.478909,21,6019.559016
-402.144174,56,6019.888589
-31.212269,21,6020.034378
-116.744436,20,6020.202558
-167.088951,27,6020.414499
70.257725,21,6020.59188
-194.504856,31,6028.67699
-243.530416,37,6028.898926
19.378299,30,6029.037523
-20.569414,19,6029.117709
-32.625279,21,6029.209463
70.702216,21,6029.301732
-23.093732,19,6029.382829
-129.47164,35,6029.531287
-25.991628,20,6029.618112
-128.934031,20,6029.70447
-22.33553,19,6029.783296
-47.798055,23,6029.885888
68.8427,22,6029.97596
153.831018,27,6030.099379
177.010188,26,6030.212713
-120.645851,20,6030.302008
1.634257,35,6030.454953
-36.52164,23,6030.551158
-139.608547,23,6030.648595
-31.304034,20,6030.736407
-40.405358,23,6030.832788
-176.924006,42,6031.01211
-162.859563,41,6031.197403
168.340465,21,6031.285252
-36.607179,23,6031.380973
-131.423256,21,6031.466054
46.840198,24,6031.568374
13.58754,47,6031.764119
-276.370778,37,6031.924244
62.522111,28,6032.04752
-52.909187,27,6032.166166
17.221399,29,6032.28819
-40.160137,24,6032.393999
-95.962003,32,6032.538952
-85.394127,31,6032.669241
78.781773,22,6032.762821
-201.102002,32,6032.923331
-132.721984,20,6033.013016
-259.589108,67,6033.295187
-146.181032,38,6033.454576
-47.137486,25,6033.564419
56.12149,27,6033.677622
-38.891649,25,6033.784367
70.297793,21,6033.868783
-409.26232,101,6034.292919
65.379163,21,6034.385324
-23.402351,19,6034.470517
-354.582393,71,6034.766289
-75.733836,30,6034.89424
66.089535,22,6034.993567
-244.502583,35,6035.144161
-21.735022,19,6035.222434
-106.387245,34,6035.366798
-65.565242,28,6035.481846
-128.842405,22,6035.576272
-25.17837,21,6035.667804
206.752058,21,6035.75918
17.527267,30,6035.893847
89.549768,22,6035.988297
-133.852811,24,6036.186268
-29.605315,20,6036.273337
74.96734,20,6036.362514
-127.172671,21,6036.45277
66.230614,22,6036.547318
-51.424904,26,6036.658432
-125.029973,19,6036.746444
100.697335,38,6036.906607
-144.925816,26,6037.019955
-236.849615,37,6037.181902
-23.782334,20,6037.267617
-35.202662,22,6037.363429
-53.218441,27,6037.47738
-28.902674,36,6037.632631
-204.841644,48,6049.774661
46.388618,26,6050.042957
343.373743,26,6050.21121
-90.541775,45,6050.458399
75.857964,22,6050.5776
-140.142782,38,6050.764762
-131.905704,20,6050.85126
-132.18747,37,6051.027776
-289.765276,46,6051.234192
-180.453976,32,6051.386558
-21.760097,20,6051.479534
-28.819125,23,6051.690792
-450.318312,101,6052.33334
-114.470101,37,6052.514391
-23.532241,21,6052.614365
37.412044,28,6052.735442
-125.084649,19,6052.819022
-131.632597,20,6052.931405
-105.603405,32,6053.081921
-51.764158,26,6053.206778
-14.591652,19,6053.309797
-20.243355,19,6053.422516
52.438709,26,6053.628763
-29.341535,23,6053.753424
-218.092215,36,6053.973238
132.892593,26,6054.130119
-18.369095,19,6054.229945
-144.495657,37,6054.47665
-436.190537,74,6054.837866
53.491035,24,6054.968145
-257.401793,37,6055.130724
-205.695955,31,6055.262416
-46.590761,24,6055.378265
-29.646013,20,6055.474261
-31.8537,20,6055.639508
-130.602003,20,6055.767237
70.518217,21,6055.893037
-153.474977,27,6056.153331
69.902299,20,6056.275191
-19.439156,21,6056.386553
-110.193582,18,6056.464862
-69.846234,28,6056.587742
-17.061899,34,6056.733653
-22.229469,19,6056.814849
-27.850796,20,6056.91527
183.513464,20,6057.015414
-29.604454,20,6057.114066
-28.01435,21,6057.218166
178.675334,22,6057.326417
-11.971819,54,6057.671336
-193.308248,32,6057.837575
-31.100951,20,6057.99483
-271.483414,52,6058.328125
-24.225232,21,6058.431164
44.505516,27,6058.566148
-155.671937,39,6058.761127
-146.823486,37,6058.913344
70.443813,21,6058.996406
48.379269,25,6059.106114
68.396696,23,6059.204029
-127.956328,19,6059.282013
71.850471,21,6059.380677
63.655144,24,6059.486092
-48.38114,38,6059.733172
144.534788,30,6059.865821
-145.340621,22,6059.962448
53.61111,24,6060.066169
-139.711976,38,6060.227572
-140.965251,25,6060.331465
-43.379594,25,6060.442211
-27.760537,21,6067.259984
-155.91192,43,6067.500318
-131.20859,21,6067.597264
65.165073,22,6067.69208
-49.979161,25,6067.805514
-34.577935,21,6067.898188
67.902215,21,6067.985918
-26.842431,20,6068.070945
-49.460231,25,6068.175775
53.347994,24,6068.274835
-419.918402,59,6068.540779
-144.378544,39,6068.703306
-45.422227,23,6068.801965
34.32756,28,6068.917746
-109.042678,34,6069.055667
-23.666292,21,6069.150103
69.30899,21,6069.237439
67.949249,21,6069.32824
41.383111,26,6069.440193
-237.982445,39,6069.601174
-77.852086,28,6069.727389
-62.200009,53,6069.950097
52.494446,24,6070.052654
-35.264701,47,6070.251874
-216.137544,46,6070.549881
58.072193,24,6070.650626
48.836728,26,6070.76879
-139.041573,21,6070.857423
47.338436,25,6070.964072
-91.319015,74,6071.271779
-43.090845,22,6071.380929
-131.481358,20,6071.465166
62.254005,40,6071.639092
-244.809084,37,6071.800668
-100.125704,34,6071.94949
-34.584297,22,6072.044891
14.767924,31,6072.174872
64.825438,22,6072.274014
-37.35463,22,6072.367315
-41.724115,23,6072.463327
-49.654555,23,6072.561889
-29.990264,21,6072.656231
-252.111373,38,6072.81359
-0.004503,43,6073.001609
-61.206479,30,6073.13251
-158.111632,27,6073.244569
271.351872,23,6073.345272
-91.840488,32,6073.483469
-29.150278,21,6073.577036
47.976631,26,6073.691503
-49.216285,43,6073.876866
107.212091,74,6074.206322
-74.041307,31,6074.353893
-74.21403,32,6074.549723
43.563821,26,6074.684151
-23.777117,20,6074.771028
-124.726793,34,6074.909333
-29.856175,20,6074.997095
-23.165089,19,6075.081797
-134.744418,20,6075.160792
94.574843,38,6075.32241
-374.598338,75,6075.647735
58.024525,24,6075.750264
-18.349441,35,6075.900892
-187.61784,31,6076.083511
50.933459,54,6076.367226
79.431913,19,6085.016335
-4.481317,34,6085.214109
179.965764,21,6085.310064
-27.506101,21,6085.399999
-17.062825,20,6085.481378
-48.178722,23,6085.577596
13.408418,31,6085.708754
-249.879963,36,6085.859795
70.086626,20,6085.950206
-43.758311,25,6086.056577
-34.475431,21,6086.149549
-24.124268,21,6086.237538
-33.562588,22,6086.333452
-26.640968,21,6086.42229
-66.912048,28,6086.539479
-258.679939,39,6086.702197
-189.297877,44,6086.886259
-132.377553,20,6086.980213
-278.517179,51,6087.207337
-31.737842,21,6087.297907
120.493199,33,6087.446196
-148.251291,26,6087.562551
-31.216651,21,6087.661682
133.163451,28,6087.785812
-130.608641,20,6087.875193
-54.925967,26,6087.988593
-132.296589,20,6088.067933
-154.658014,27,6088.176889
-236.026576,33,6088.307744
69.519361,20,6088.391862
69.348434,21,6088.481385
-184.243992,41,6088.651088
-4.760902,42,6088.827336
39.843149,26,6088.956743
-127.718749,19,6089.035465
-289.890374,45,6089.227701
-40.706283,25,6089.339992
-1.277125,32,6089.474858
-297.007501,45,6089.660636
-127.359869,19,6089.740152
54.036309,25,6089.853055
-184.002611,29,6089.975398
-245.848295,37,6090.139109
-133.419183,50,6090.352878
-25.153378,19,6090.435083
-24.719338,19,6090.518979
-124.356653,19,6090.599267
53.999199,25,6090.704773
-112.493843,32,6090.843875
-214.363674,44,6091.027692
60.199971,23,6091.130558
-131.684143,42,6091.307036
34.674385,27,6091.419076
53.934777,24,6091.524062
-194.601754,44,6091.721595
-139.305491,39,6091.889771
-30.284054,20,6091.971039
-115.138836,19,6092.053115
-115.30803,34,6092.201071
-25.836881,21,6092.284467
-128.385379,19,6092.37117
-31.54656,21,6092.456751
46.413374,24,6092.557153
-249.042202,37,6092.715904
-27.639522,20,6092.907931
61.700999,23,6093.011628
-125.655349,19,6093.095464
-135.155704,20,6093.17949
-25.783133,19,6093.256466
47.509658,25,6093.362206
52.265324,26,6093.473886
-124.030625,19,6093.554845
-56.547279,24,6093.665918
-147.25715,37,6093.826891
80.243084,19,6093.915229
39.818793,26,6104.177494
-22.445877,20,6104.336571
-72.396641,29,6104.548834
-148.499413,37,6104.710778
-138.018358,37,6104.872917
47.553598,25,6104.97733
-125.143419,47,6105.178872
-222.657125,39,6105.348449
-57.295925,28,6105.468516
-128.25493,40,6105.646526
53.338882,26,6105.75951
-227.259236,37,6105.912605
54.253464,23,6106.019516
74.453577,20,6106.103755
-244.306352,37,6106.266267
-126.424588,19,6106.353257
-31.928671,21,6106.440764
-136.758988,22,6106.552909
-167.57029,37,6106.708259
-161.368015,25,6106.811426
40.36348,27,6106.928143
-28.771889,20,6107.018377
-20.784617,19,6107.132033
-26.606164,20,6107.263098
-338.025007,71,6107.577407
-29.047815,21,6107.668919
-122.969207,19,6107.752272
-22.117743,19,6107.832038
-74.352371,30,6107.961494
-26.316557,20,6108.043824
-21.044966,19,6108.123071
-28.123697,22,6108.215504
-22.838122,19,6108.29047
-50.123761,25,6108.398501
-128.816667,21,6108.482479
-22.106274,19,6108.562158
-202.533825,37,6108.72039
-194.890211,30,6108.841948
-162.594743,39,6109.009294
-130.385406,20,6109.090712
-132.689438,21,6109.179919
-46.638651,24,6109.280774
-72.928703,28,6109.39579
74.513756,20,6109.481838
76.148321,20,6109.562386
-44.431603,24,6109.665174
-247.974023,38,6109.83504
-263.143803,39,6110.004297
-182.776898,32,6110.145958
-30.051667,20,6110.228537
36.297907,27,6110.34376
-34.840952,22,6110.442569
192.043298,19,6110.524961
114.619435,33,6110.667465
70.892595,21,6110.758145
67.211876,21,6110.838219
-128.524259,20,6110.921685
-24.117922,19,6111.011008
-17.902922,19,6111.092687
83.323766,33,6111.237525
-128.06641,35,6111.39053
-147.149019,36,6111.545091
-131.855446,23,6111.645486
-103.517093,45,6111.837969
-342.211903,52,6112.059175
-25.906344,20,6112.146661
-24.535014,19,6112.223591
-189.055441,29,6112.344044
-99.447923,46,6112.559109
-127.239182,19,6112.63474
-231.932255,40,6112.810581
-26.192099,20,6112.907111
-27.693444,20,6113.000251
-23.905817,20,6113.08255
-38.968785,23,6123.262439
-256.602005,38,6123.511471
107.413863,34,6123.660065
-14.182054,19,6123.743967
-47.504883,23,6123.837276
-208.915009,34,6123.985337
-131.545643,20,6124.073347
-38.212244,23,6124.172067
-223.310216,68,6124.460055
73.468806,20,6124.551881
-55.564326,27,6124.666534
-21.524671,20,6124.758526
-125.486198,19,6124.833548
-44.220853,24,6124.933541
-128.983613,19,6125.017012
-31.143754,21,6125.107515
-128.346169,19,6125.185543
-210.103127,34,6125.3317
-90.197746,31,6125.463235
66.142663,22,6125.554045
-188.871849,31,6125.684886
-59.490738,26,6125.799084
67.741536,22,6125.890298
-34.326196,22,6125.985006
-29.395105,20,6126.076166
-91.015261,30,6126.204705
-0.607119,32,6126.344334
-279.065386,48,6126.548804
-232.690282,34,6126.699201
-130.744822,21,6126.7891
62.415322,23,6126.887176
-185.32425,34,6127.124225
16.291378,30,6127.267828
-50.501746,39,6127.434097
-161.126459,37,6127.604437
68.115618,22,6127.701665
-28.170514,21,6127.793213
-140.95434,25,6127.909256
-42.277794,53,6128.145469
161.716512,24,6128.251052
73.542452,20,6128.338149
-18.712836,19,6128.424856
-42.043139,23,6128.518778
-28.407563,20,6128.600934
-20.885049,38,6128.777272
-17.026937,19,6128.85088
207.529899,23,6128.955558
-120.732233,56,6129.20211
-129.081518,21,6129.286248
-68.888341,27,6129.40693
185.890733,20,6129.490546
39.60748,26,6129.602295
-57.648794,25,6129.713392
-22.397238,19,6129.790219
-24.51121,20,6129.893287
-50.837175,39,6130.068904
-250.295861,37,6130.221958
-41.478152,23,6130.323215
-20.722842,19,6130.408644
-200.912062,33,6130.539761
-205.305592,32,6130.681744
-230.790907,69,6130.973631
-40.123176,37,6131.132727
-128.756183,19,6131.215446
60.267793,23,6131.312905
48.099934,24,6131.738111
28.967305,28,6131.859803
-120.213808,19,6131.946139
-269.590606,42,6132.136209
-46.873305,24,6132.261033
-142.397963,62,6132.611943
67.253833,21,6132.722509
-484.041023,101,6142.982788
-223.729176,35,6143.135165
-121.693109,20,6143.230815
-34.00834,22,6143.32703
46.921408,25,6143.435023
48.766966,23,6143.528833
-43.613782,22,6143.622903
-118.176368,18,6143.69948
45.707344,24,6143.805218
52.33201,23,6143.90083
-125.638752,33,6144.042633
-23.219334,19,6144.126571
-120.745188,37,6144.316353
-18.600515,21,6144.403224
-51.273123,38,6144.566837
-33.074068,22,6144.658382
-185.90683,49,6144.864584
-126.009497,20,6144.953321
54.460092,22,6145.049366
77.828286,22,6145.140622
-171.454503,53,6145.380928
65.827956,22,6145.473518
-65.354533,27,6145.585957
-118.401159,18,6145.666095
-63.69916,25,6145.776651
56.859021,60,6146.03969
-248.289431,36,6146.193176
-96.801331,29,6146.325604
-121.966745,19,6146.419982
-27.525527,20,6146.503329
-28.917093,20,6146.594829
-104.417161,45,6146.79732
-40.278209,43,6146.980137
54.320286,22,6147.078384
-121.050423,19,6147.157009
-123.594499,19,6147.233175
-27.291823,19,6147.319619
-43.944317,22,6147.409368
126.896335,29,6147.536186
-147.06773,37,6147.698936
61.301191,23,6147.790968
65.426486,21,6147.876049
48.834378,23,6147.985039
-43.145269,24,6148.09073
-28.884212,21,6148.183887
-125.080582,19,6148.262435
-220.444365,35,6148.410551
-14.481131,19,6148.489755
72.017873,20,6148.572536
64.975501,21,6148.667651
-138.069434,37,6148.820785
-45.076384,25,6149.70486
-261.655089,42,6149.902767
69.758729,21,6150.01366
-84.470897,30,6150.152664
159.378596,26,6150.275542
-121.170007,20,6150.373603
-24.628308,19,6150.45762
-250.55806,51,6150.67403
38.358883,27,6150.795335
-118.622591,20,6150.878413
-267.524182,44,6151.061607
-9.012182,35,6151.213477
-132.827727,23,6151.313773
-138.552353,39,6151.487793
53.231208,25,6151.596261
-27.159086,20,6151.681365
-139.190047,23,6151.925929
-143.936302,24,6152.028602
-24.351615,19,6152.104494
-91.772473,30,6152.233876
65.496086,21,6152.321739
71.870233,20,6152.404912
-39.565157,23,6162.598607
-132.141713,20,6162.806721
6.564655,32,6163.102976
-179.30906,30,6163.24272
58.859776,23,6163.344448
-248.751102,96,6163.759143
-31.775375,23,6163.866297
-12.450467,34,6164.026046
44.056356,27,6164.146939
67.819695,21,6164.231487
-130.793378,48,6164.500027
-59.628276,26,6164.626402
-39.816495,23,6164.722362
-77.898979,29,6164.841815
-131.095296,35,6164.993274
15.442405,31,6165.123438
40.273935,26,6165.233304
-116.750342,35,6165.398525
193.428269,23,6165.499526
-131.121171,21,6165.590412
-129.947868,37,6165.74968
-143.337769,23,6165.846092
-29.036968,21,6165.934034
-23.981052,20,6166.014657
-126.07369,20,6166.10139
45.771267,26,6166.230096
-115.574349,19,6166.320323
-23.618734,19,6166.405792
-131.621232,35,6166.552684
-8.808253,31,6166.685101
-137.399052,23,6166.779465
-192.008444,44,6166.967864
-85.8455,32,6167.104192
-190.182626,28,6167.22708
-119.972847,18,6167.309582
-152.410736,23,6167.431592
-30.844527,20,6167.518825
-30.420009,20,6167.604063
156.016859,24,6167.709033
-121.692878,19,6167.792351
-111.149402,19,6167.890767
163.687623,22,6167.988276
-139.612309,37,6168.147413
-27.044856,20,6168.237827
51.885807,23,6168.331452
-146.783351,37,6168.482854
-32.121697,39,6168.655383
-3.614477,34,6168.796662
-195.967537,32,6168.95059
-187.499904,34,6169.094228
-24.001008,20,6169.176784
26.370915,30,6169.308045
-27.404402,20,6169.401673
71.193667,20,6169.490086
-12.916632,19,6169.566722
-228.563025,35,6169.72845
160.825349,27,6169.841959
-120.827187,18,6169.921492
41.101233,27,6170.03675
-180.928588,43,6170.21404
-139.333378,37,6170.36748
165.975481,22,6170.464752
-46.422024,26,6170.573352
-31.898587,37,6170.734051
-274.4508,37,6170.89225
47.511216,25,6170.999332
-194.579405,48,6171.206464
-361.615934,61,6171.476851
-227.886067,37,6171.642677
-336.549034,63,6179.050434
-130.648851,21,6179.179141
-45.700396,24,6179.297041
-21.534616,19,6179.378414
-25.035715,34,6179.527022
-126.539841,19,6179.610295
63.899302,22,6179.704984
-276.719112,52,6179.925927
-17.778156,33,6180.07204
-124.740221,19,6180.149477
0.947489,33,6180.305143
-65.339949,55,6180.541464
-274.904327,41,6180.713246
-31.83944,21,6180.796612
-76.630906,29,6180.924766
67.472586,21,6181.012156
-25.514978,20,6181.096419
41.781569,27,6181.211557
49.646421,23,6181.304257
-66.862334,27,6181.424659
-209.955081,33,6181.58201
46.856946,25,6181.699364
-177.162407,42,6181.89711
-70.904584,29,6182.029063
-126.169796,20,6182.118589
-35.547383,22,6182.224693
32.283785,27,6182.357091
-264.207607,37,6182.530545
-21.996143,38,6182.694737
-24.354817,20,6182.776308
28.677966,27,6182.89778
-62.368096,27,6183.02255
-692.266417,101,6183.559868
-28.885181,22,6183.651878
-112.126008,19,6183.734994
-55.653139,26,6183.847726
-174.824576,28,6183.970334
197.337273,20,6184.06132
-163.565314,29,6184.193504
-42.912941,36,6184.344507
-113.711997,38,6184.509874
-100.275395,32,6184.646154
-52.886929,26,6184.984551
-32.782144,22,6185.167681
-26.136534,22,6185.283137
-134.788347,35,6185.43363
-54.375472,67,6185.73422
57.666313,22,6185.832038
-128.884974,20,6185.918538
-125.120542,19,6185.997085
-41.378214,23,6186.095287
-28.195847,20,6186.179899
-124.724829,35,6186.346878
-79.353695,31,6186.481309
-128.900164,20,6186.566359
-185.010524,29,6186.692209
-28.455785,21,6186.779168
-103.777956,34,6186.918578
-264.131975,64,6187.184078
-149.711792,38,6187.344815
-128.994037,19,6187.423011
-648.433257,101,6187.86488
9.156953,29,6187.995426
-21.435157,20,6188.080114
71.438448,21,6188.192881
-150.351532,37,6188.348089
-47.84648,25,6199.065355
71.589951,20,6199.196539
-291.645374,70,6199.522919
-61.550266,28,6199.651255
-15.096161,19,6199.727101
173.518456,20,6199.816774
-34.072364,41,6199.992721
-20.132673,20,6200.081568
-67.036569,26,6200.189208
62.399088,22,6200.280284
-129.133697,35,6200.433299
-62.80311,40,6200.606363
-23.382106,19,6200.687434
66.730147,22,6200.778587
-27.778636,20,6200.86675
-33.367251,21,6200.956377
-185.850533,50,6201.177133
-152.903839,37,6201.344872
-26.232248,21,6201.434068
-39.242933,23,6201.528167
-36.283612,23,6201.62867
-125.747684,19,6201.705837
-29.384181,20,6201.79155
86.755347,19,6201.87392
-40.579085,24,6201.975406
153.886268,23,6202.071317
-118.501245,20,6202.151915
-29.180266,21,6202.238613
-228.951819,39,6202.411282
-23.387158,20,6202.498775
-133.763345,25,6202.632548
-75.608789,28,6202.749876
-130.352643,23,6202.848019
-209.968877,33,6202.997521
38.830009,25,6203.101071
-241.470325,37,6203.261754
-36.306482,22,6203.367433
61.769752,24,6203.465833
171.507021,24,6203.566308
23.044254,29,6203.697039
67.728152,21,6203.787071
69.176831,21,6203.877237
-164.557697,40,6204.048816
68.501898,21,6204.139695
69.533375,21,6204.228609
75.272727,20,6204.316124
-124.236332,19,6204.39797
66.393831,22,6204.491469
66.157531,22,6204.585809
-203.892034,35,6204.747927
72.529069,20,6204.835712
-33.508084,22,6204.931852
-384.636211,55,6205.160038
183.108763,24,6205.261579
-54.212272,25,6205.375003
-21.033778,19,6205.456756
-20.097517,21,6205.541746
-19.747014,19,6205.61976
-245.761985,37,6205.775085
-205.073472,46,6205.976091
-123.824203,19,6206.060494
178.014081,36,6206.217835
-129.348452,20,6206.302009
-9.475355,18,6206.375988
62.359261,23,6206.480253
-87.804384,34,6206.632846
-183.937574,43,6206.822416
-184.840818,30,6206.950538
-27.021814,19,6207.029722
54.30541,22,6207.125502
8.877762,50,6207.34315
69.198805,22,6207.438233
-42.009414,24,6207.541159
-268.251564,39,6207.70857
-134.090814,20,6207.791075
-151.579266,95,6216.579259
-42.746214,24,6216.76705
30.238774,27,6217.021462
-117.556158,18,6217.202329
-28.281319,21,6217.372428
-54.366554,24,6217.571087
-164.771917,37,6217.90445
-61.937895,27,6218.121844
54.679611,23,6218.250647
-67.488825,30,6218.384169
-33.7505,21,6218.473494
-204.931908,33,6218.620056
47.799799,25,6218.730211
-76.407147,29,6218.851232
-225.511687,34,6219.002389
-424.522126,101,6219.444193
171.51582,23,6219.544715
-80.894768,31,6219.688224
-34.035086,21,6219.777857
-204.771172,56,6220.024186
-148.178681,37,6220.178868
-124.209086,18,6220.251956
-250.123707,50,6220.468386
-41.055929,23,6220.565165
59.537834,23,6220.665029
-87.369893,34,6220.82495
-109.800625,47,6221.024569
10.755458,29,6221.145579
-86.994471,32,6221.28177
72.918183,21,6221.373423
-495.54694,101,6221.801857
-40.316331,36,6221.954612
-9.410277,18,6222.02664
-40.749352,50,6222.244985
-53.719387,26,6222.356061
-56.486402,24,6222.457942
61.291697,41,6222.643573
-144.006151,24,6222.746886
24.753295,28,6222.866463
-35.242312,22,6222.96246
-27.653166,21,6223.058267
-241.440238,69,6223.350819
-48.029679,40,6223.521726
-233.342633,49,6223.731756
-31.14741,23,6223.827939
-131.953329,20,6223.918012
68.029233,21,6224.012263
-27.686154,22,6224.105973
-268.851799,40,6224.273001
-193.732855,49,6224.51365
-125.191427,20,6224.594363
-36.986713,22,6224.718651
61.675271,23,6225.061618
-113.346457,33,6225.210595
-304.680233,47,6225.412046
-30.669612,20,6225.494885
-158.461542,28,6225.617958
-542.613004,101,6226.043749
-145.858583,42,6226.219061
-37.106295,21,6232.177614
-21.879293,20,6232.303564
-136.272734,36,6232.480342
62.865888,37,6232.635885
-171.103907,42,6232.816748
-71.211409,29,6232.939775
-40.158205,23,6233.046208
70.096095,21,6233.13591
-133.582733,36,6233.28931
-105.745675,34,6233.436438
-41.889846,23,6233.531965
46.359685,27,6233.647674
-126.767148,19,6233.730011
-238.982785,36,6233.892601
-22.892208,19,6233.985273
58.937127,23,6234.083128
-276.795087,42,6234.258694
-28.521924,21,6234.348867
71.708796,20,6234.429886
35.06443,27,6234.543374
-286.583755,42,6234.722009
-394.331781,68,6235.01915
-57.474447,27,6235.136515
-37.710681,22,6235.229508
49.940706,23,6235.331941
-63.600428,27,6235.448703
103.587735,31,6235.583133
63.071911,21,6235.670961
-130.793162,22,6235.767267
-29.36541,20,6235.85063
-40.212571,24,6235.951188
-132.30646,20,6236.0366
-41.018245,23,6236.132066
85.129612,19,6236.209618
-121.36409,34,6236.354199
-219.158081,43,6236.538572
168.307902,24,6236.640679
-111.251856,32,6236.855353
-69.544717,26,6236.97922
-53.853029,25,6237.087718
138.662295,25,6237.200596
168.183065,23,6237.366258
12.054015,31,6237.506942
-476.558248,101,6237.93677
71.1538,21,6238.03357
-16.405053,19,6238.112806
84.227615,34,6238.259124
-184.073706,43,6238.433231
63.18185,22,6238.526805
-129.114395,23,6238.626673
-28.671804,20,6238.711908
-25.654198,20,6238.799855
-185.261143,42,6238.982196
-142.720727,24,6239.083161
14.869857,30,6239.211465
-36.005317,21,6239.301585
135.021438,29,6239.427566
-178.671224,38,6239.595568
-11.058035,18,6239.673561
-145.312876,37,6239.83579
-26.697103,21,6239.92638
-193.724119,31,6240.059592
-213.327601,32,6240.194602
-137.034985,22,6240.288919
69.037849,21,6240.377005
-120.306125,20,6240.465916
-133.631968,20,6240.552526
156.327732,23,6240.649173
61.21081,22,6240.73978
-179.149409,41,6240.926706
-22.464961,33,6241.074473
99.239382,23,6241.179389
-206.061857,30,6249.472265
70.441123,21,6249.579693
49.518646,25,6249.687235
-144.173233,26,6249.79594
-245.01611,37,6249.957998
-18.971379,21,6250.050467
73.85194,20,6250.136484
59.533892,23,6250.233809
73.024856,20,6250.3231
-76.342326,29,6250.445478
-33.564899,22,6250.542743
64.17342,22,6250.636685
-138.346145,22,6250.72863
-86.900344,30,6250.859258
-89.31791,31,6250.990783
-73.214045,28,6251.113947
-37.412205,23,6251.213703
-249.478031,37,6251.378101
56.484856,23,6251.475052
-35.602976,21,6251.5632
-33.366481,23,6251.658711
-58.920378,26,6251.770003
-17.442755,33,6251.910455
-29.889868,35,6252.057575
72.214262,20,6252.146428
-23.40792,20,6252.234256
-335.278033,65,6252.512468
77.065039,20,6252.597277
-149.527354,37,6252.757619
-204.154695,32,6252.898237
-28.613545,20,6252.987429
-135.700465,35,6253.138226
-37.209659,22,6253.233743
-242.85791,38,6253.395938
-527.75379,101,6253.826171
84.356401,37,6253.988056
-38.295786,24,6254.095398
-116.042295,37,6254.252695
-116.539187,18,6254.33375
-63.627407,25,6254.442684
-146.532273,27,6254.556921
58.974172,22,6254.656556
-146.24682,37,6254.82024
-41.562473,22,6254.91458
-129.059559,21,6255.005797
208.261954,34,6255.150619
-125.455049,19,6255.232237
151.572118,27,6255.343117
-239.249622,37,6255.522285
-19.800948,19,6255.602739
-220.1592,35,6255.748327
-61.034436,37,6255.909011
-26.700659,20,6255.993319
-244.946123,37,6256.170561
-164.777808,27,6256.289678
-146.146259,37,6256.459656
-31.811893,20,6256.553944
-202.177994,30,6256.693865
169.254319,21,6256.793783
-56.453969,41,6256.977269
53.383058,23,6257.087445
-230.843185,37,6257.256968
38.286793,25,6257.380137
43.083452,26,6257.490865
40.88909,26,6257.605805
197.343157,20,6257.698719
-23.335436,19,6257.782536
-80.040944,27,6257.903052
-29.046327,20,6257.993566
154.378758,23,6258.090168
-14.928589,19,6258.170409
100.740127,32,6258.304924
160.095745,26,6265.018313
93.928741,24,6265.155762
-49.729865,101,6265.6998
-206.242662,39,6265.874295
-40.025915,24,6265.974001
-77.229057,29,6266.09681
-127.565542,19,6266.173088
-139.881121,23,6266.271256
-24.163352,20,6266.360962
-51.124024,28,6266.477757
-370.839957,66,6266.752757
64.098717,21,6266.838259
65.179165,21,6266.922953
-152.070008,37,6267.086083
63.441156,22,6267.177083
-350.423496,69,6267.481695
30.301329,54,6267.71919
163.753942,22,6267.81439
95.69438,24,6267.923524
-17.151644,19,6268.01356
53.196406,25,6268.122127
-130.804686,20,6268.205443
47.687934,24,6268.303167
61.16821,23,6268.401901
72.443817,21,6268.492491
164.40604,22,6268.585925
-248.191395,37,6268.748126
70.670913,21,6268.831338
-15.582954,51,6269.054681
-26.113274,19,6269.135787
-58.213918,26,6269.247367
-124.939758,19,6269.330127
-244.168322,37,6269.493032
-213.665099,33,6269.635834
-95.58761,31,6269.763698
-40.083786,23,6269.860896
-20.716286,19,6269.945077
214.192145,32,6270.080853
-27.668395,21,6270.172595
62.51498,23,6270.271234
71.600654,21,6270.363642
156.886076,26,6270.478051
-170.29088,26,6270.597267
-21.224657,20,6270.683483
-56.966686,40,6270.848035
18.056647,31,6270.981088
-122.949251,18,6271.061315
-22.668204,19,6271.140502
258.913555,23,6271.234699
-148.294114,37,6271.389001
-110.965758,34,6271.528512
-117.126416,18,6271.608819
-132.911491,23,6271.70881
-22.024811,19,6271.793645
40.330346,30,6271.928584
-32.609564,22,6272.024589
-380.827822,58,6272.273312
-197.844598,35,6272.488291
42.291643,26,6272.657761
-39.431111,22,6272.861613
-30.81901,21,6273.08352
-124.112245,20,6273.289394
-111.617646,31,6273.583174
-46.031751,24,6273.801303
-134.203234,21,6273.978967
27.542273,29,6274.244094
-26.422871,20,6274.428443
225.594305,28,6274.722633
-39.996976,37,6275.147815
-49.306442,24,6275.360573
-130.637626,22,6275.492678
-137.144453,23,6284.199414
-66.784091,29,6284.397554
-362.302303,58,6284.665019
-59.252466,28,6284.7884
-128.924357,21,6284.876466
-117.94319,18,6284.951413
121.859764,32,6285.097346
-28.142774,36,6285.250806
79.180508,19,6285.332851
79.822996,21,6285.424915
-27.388871,20,6285.513822
-252.44955,37,6285.67055
-129.003823,21,6285.757911
-139.845326,22,6285.847451
-247.569674,37,6285.999784
-132.438408,20,6286.085053
40.587998,27,6286.199145
-82.441565,33,6286.337921
-139.153576,36,6286.497292
-29.770288,21,6286.586699
-141.001359,23,6286.683374
-182.701258,27,6286.801241
37.804614,28,6286.927383
-22.677013,21,6287.018416
-36.575143,37,6287.177474
163.571402,22,6287.27564
5.584408,41,6287.449269
-114.092117,34,6287.597311
-118.173744,36,6287.75196
-36.543128,23,6287.848545
-35.504221,37,6288.020946
-119.572475,20,6288.105279
-35.345705,22,6288.202933
-126.031109,19,6288.283447
-551.448479,101,6288.700318
-33.967404,22,6288.794963
-159.503736,27,6288.90869
-30.883407,21,6288.994993
-39.837307,24,6289.095619
-135.002718,21,6289.181192
-124.797561,37,6289.418457
-55.900026,42,6289.607839
-31.801327,20,6289.697078
157.435827,23,6289.79326
59.522162,23,6289.8937
-21.475693,21,6289.980353
-141.892964,24,6290.082084
-44.693945,22,6290.179138
162.824203,25,6290.296409
-63.512181,27,6290.40984
-71.580265,29,6290.535542
-164.368028,26,6290.64713
-132.035392,34,6290.789064
-37.680073,24,6290.89059
-165.046945,25,6290.993692
-26.718812,20,6291.077569
17.887622,32,6291.212818
119.691159,28,6291.337426
184.997046,20,6291.425106
-216.984011,66,6291.709169
-131.191127,20,6291.794823
-255.254588,39,6291.96079
-239.582598,37,6292.119571
-124.424801,19,6292.205744
-500.663894,71,6292.516177
-38.463258,40,6292.973635
-119.683661,18,6293.118753
-71.020761,28,6293.260326
73.649666,20,6293.342038
30.429943,30,6293.678121
-29.463318,21,6302.005452
-125.705305,22,6302.140802
-203.4275,45,6302.337272
-29.960185,22,6302.430058
-25.286306,20,6302.516641
50.41937,26,6302.626513
137.457045,31,6302.758308
58.706479,37,6302.93133
-24.754628,19,6303.018476
-28.339786,20,6303.104627
-172.297878,41,6303.275251
63.142451,23,6303.375098
-367.764773,55,6303.607544
41.707457,26,6303.713087
-36.548491,22,6303.803734
-37.547092,37,6303.956623
65.784326,22,6304.051226
67.774069,21,6304.138547
-23.008369,19,6304.221695
-113.470179,19,6304.305681
-66.976559,27,6304.415939
-26.535924,22,6304.507557
-522.312996,72,6304.817735
48.906474,25,6304.931691
-156.074515,37,6305.097032
-130.332765,35,6305.24989
167.339333,22,6305.348249
-158.419351,37,6305.504984
-116.712834,19,6305.58864
-73.378174,29,6305.715661
-482.535824,101,6306.14518
-73.883634,44,6306.324822
-104.365958,36,6306.478162
-152.626475,75,6306.79926
-18.88602,35,6306.958634
-288.161025,101,6307.378248
57.096074,23,6307.469906
72.591041,20,6307.553384
-22.774853,19,6307.632401
-265.109172,41,6307.810535
-24.706727,20,6307.898271
-22.481709,19,6307.978891
-20.789915,20,6308.071499
-184.858119,43,6308.251788
70.15191,21,6308.347589
316.662997,31,6308.477632
-134.277067,22,6308.572394
-111.026119,71,6308.867745
5.78532,32,6309.008362
54.561395,24,6309.108534
-137.132648,22,6309.197835
-27.623014,20,6309.276841
-51.426382,25,6309.380627
-34.955482,22,6309.476496
62.32915,22,6309.575161
-235.306457,35,6309.7271
-32.533399,22,6309.835652
-136.126616,22,6310.142787
-25.122408,20,6310.260764
-21.978193,20,6310.351994
-21.80617,19,6310.435792
-24.744217,20,6310.526307
62.226004,22,6310.619607
72.431619,20,6310.70654
-153.355936,29,6310.83488
-122.062603,19,6310.918427
52.784503,25,6318.336646
72.762514,20,6318.471877
-19.049776,20,6318.5768
67.171451,21,6318.678183
-124.879256,19,6318.761224
-80.420385,30,6318.884716
-44.297493,23,6318.984169
-29.810714,20,6319.078183
161.396447,25,6319.18684
-43.09001,25,6319.406386
73.780018,21,6319.507179
-63.349458,28,6319.625695
-39.379796,24,6319.730278
-122.145459,19,6319.809684
67.428295,21,6319.900683
33.077387,27,6320.016292
-23.710155,20,6320.104698
-27.55216,20,6320.198072
-3.044347,76,6320.525532
-588.401389,101,6320.967428
55.962899,22,6321.065154
-198.127562,45,6321.262332
-21.951509,19,6321.346613
-26.934987,20,6321.437602
-267.344415,37,6321.59481
-43.49488,24,6321.701576
-23.124805,19,6321.785718
52.598663,24,6321.886212
-66.491507,28,6322.010048
-148.88177,26,6322.120958
-126.783339,20,6322.203964
-16.786253,19,6322.287859
-202.414056,34,6322.431046
66.113061,22,6322.527553
-32.622096,35,6322.678422
-176.285379,41,6322.860844
-339.175653,51,6323.081335
61.172831,23,6323.187401
-144.18558,22,6323.28623
-167.972394,26,6323.400167
-30.497066,20,6323.485903
-27.031648,20,6323.573596
-242.269865,37,6323.730416
-29.558458,20,6323.822066
170.357732,21,6323.913752
55.917424,24,6324.012936
-151.638327,23,6324.109493
67.731639,21,6324.198579
-239.560871,35,6324.34887
-352.979106,52,6324.574939
33.78408,28,6324.698839
-64.325395,26,6324.860524
60.41468,22,6324.99267
-133.999985,20,6325.120136
-115.064147,34,6325.405535
-45.465579,25,6325.63414
-25.274973,20,6325.85586
54.349458,24,6326.090711
-242.425698,37,6326.469384
-15.632296,20,6326.6733
155.596986,25,6326.938858
-166.187607,27,6327.246878
-445.266582,101,6329.011212
100.440421,32,6329.421465
-61.226022,29,6329.647901
192.920243,19,6329.764134
60.715076,23,6329.901834
168.369484,23,6330.040797
-254.982136,37,6330.234556
-22.082527,19,6330.345521
-129.579619,19,6330.456489
-115.293645,18,6330.532075
-30.688429,22,6330.640003
-215.451017,48,6338.449116
-38.288056,23,6338.561726
-33.593642,22,6338.655394
-22.924188,19,6338.746509
-302.865972,45,6339.180483
72.777391,20,6339.273309
-27.537004,21,6339.367334
-122.247145,21,6339.459247
-189.855817,30,6339.601505
50.284604,26,6339.739507
-67.041025,27,6339.876858
-80.156283,30,6340.017886
-159.208676,27,6340.160987
-66.648691,27,6340.2954
-241.893008,38,6340.493434
-33.867066,22,6340.603709
-42.686736,37,6340.787094
-171.200194,40,6340.984022
-168.022049,41,6341.177503
-60.420977,27,6341.306665
-29.63101,20,6341.39757
-37.190977,24,6341.499216
-21.244042,19,6341.588793
27.617366,29,6341.729362
-29.022241,20,6341.825321
-34.652536,37,6342.008367
-38.851826,38,6342.193077
91.478588,36,6342.36254
9.939576,31,6342.509269
-297.86823,45,6342.800655
33.096443,31,6342.956768
-181.622936,40,6343.146541
-16.980361,32,6343.285478
-128.466188,21,6343.445054
-36.407331,22,6343.589819
39.940525,28,6343.780507
-153.981397,37,6343.981028
54.547004,23,6344.103027
-133.121206,22,6344.223138
-9.646741,18,6344.722323
65.581301,22,6344.8878
53.973681,37,6345.075865
-46.546372,36,6345.240597
-160.415362,37,6348.573068
-27.005848,20,6349.812341
234.105462,27,6350.082783
69.364275,21,6350.228419
73.512924,20,6350.370076
-30.655625,20,6350.485508
-130.688763,22,6350.615995
79.264995,19,6350.715975
231.51239,73,6351.063521
-27.636037,20,6351.159812
-31.963389,20,6351.263179
54.404423,24,6351.447694
67.622741,21,6351.621753
-123.409209,36,6351.916789
-27.616991,20,6352.198782
68.513397,21,6352.443825
-24.636303,19,6352.615762
-36.908136,37,6353.04427
-40.511789,36,6353.31621
-250.458833,38,6353.784277
70.984424,46,6354.057079
-50.955752,23,6354.184573
-27.855065,20,6354.27315
-34.637647,22,6354.390137
-112.171133,36,6354.536933
-381.982545,56,6354.766744
74.246015,20,6354.86147
-96.42064,33,6361.344255
12.38552,31,6361.515162
-48.604132,36,6361.66978
-171.069066,72,6361.973607
67.896762,22,6362.071429
-226.486172,55,6362.301709
-29.669915,23,6362.395815
-19.928591,19,6362.469489
71.467186,21,6362.554757
52.620561,23,6362.646753
-99.093139,32,6362.775473
-248.738662,37,6362.930484
-19.482002,32,6363.069227
-36.324967,22,6363.166912
-27.471304,20,6363.251729
-54.278667,37,6363.407335
-30.18994,34,6363.543767
-51.880824,24,6363.645419
72.461006,21,6363.732032
117.576998,32,6363.856977
75.255219,20,6363.943342
-25.083142,20,6364.027976
-136.343194,21,6364.118917
-74.566098,41,6364.295642
-95.497007,33,6364.430042
-19.774398,19,6364.506942
-148.706598,26,6364.61223
271.230695,21,6364.694859
77.446492,19,6364.77387
35.966462,27,6364.884645
-46.332758,42,6365.06656
-37.266587,24,6365.162959
-250.660735,39,6365.321254
129.981218,48,6365.508561
-361.752826,61,6365.758973
-43.722193,22,6365.849523
-41.180158,23,6365.945997
-118.125988,36,6366.087717
-137.676125,22,6366.180163
63.687846,43,6366.355885
74.115231,20,6366.440646
-27.776371,20,6366.519942
179.827821,21,6366.612856
-184.394492,30,6366.746287
-186.382454,28,6366.861712
15.882226,28,6366.976801
-28.654864,35,6367.125976
-38.350595,22,6367.220052
-136.522379,22,6367.307198
-257.374895,70,6367.601132
-130.069697,35,6367.747188
72.629469,21,6367.833834
-315.504842,51,6368.05608
-150.558016,54,6368.315268
-150.619769,38,6368.47804
-24.361156,20,6368.558572
-124.829616,19,6368.639645
-31.299251,21,6368.724294
-26.386868,20,6368.804754
-28.733683,45,6368.991981
-26.763098,21,6369.081749
-206.746664,37,6369.231128
-119.01358,34,6369.375617
-1.48678,52,6369.588533
66.846973,21,6369.677027
-26.72046,21,6369.766398
198.183213,30,6369.897621
-80.880197,29,6377.245994
-128.562067,19,6377.335604
-96.543746,32,6377.467111
-34.650909,22,6377.557096
-89.119302,30,6377.680824
70.291483,24,6377.782779
-117.231884,20,6377.871326
-6.611236,33,6378.00605
-75.248543,28,6378.127289
-48.133687,38,6378.293079
-85.782055,30,6378.506301
-136.378186,22,6378.599982
-88.735889,31,6378.736542
71.527758,20,6378.817422
-31.642331,21,6378.904386
-63.001617,27,6379.016483
-215.918835,37,6379.170323
-26.285639,20,6379.252584
-32.758187,21,6379.35026
46.113071,40,6379.556167
72.85835,72,6379.857547
67.081562,22,6379.952883
-354.214429,67,6380.244553
73.728196,20,6380.322849
-37.073056,36,6380.479283
-24.804763,19,6380.554583
-21.094314,19,6380.631573
57.098475,22,6380.722579
68.560202,21,6380.810798
-147.145336,23,6380.902921
-155.151264,25,6381.013388
147.222763,27,6381.124421
-297.140512,52,6381.33464
-36.246591,21,6381.416812
20.090618,29,6381.534197
169.753462,20,6381.612339
-44.932302,26,6381.71996
-151.298057,38,6381.883309
-131.158343,20,6381.966111
-126.794625,19,6382.041639
-29.378768,20,6382.124617
-261.801377,37,6382.28147
-64.811972,37,6382.440338
-20.823634,19,6382.515822
-20.632158,20,6382.594825
-27.865487,20,6382.67475
5.432281,32,6382.801564
-248.554631,37,6382.952884
54.428483,24,6383.053913
-38.16668,22,6383.143864
-29.133279,20,6383.226546
-239.974288,36,6383.380834
-209.25158,38,6383.539824
-117.793477,20,6383.622608
-119.618996,33,6383.760199
8.235652,31,6383.921606
-67.42054,28,6384.095895
-165.380535,29,6384.256533
-127.551802,22,6384.449306
-29.050524,21,6384.619229
-144.216168,22,6384.768489
-24.373202,21,6384.943333
-24.043541,19,6385.103547
-131.989187,36,6385.513347
-91.15865,33,6385.865153
-184.557858,29,6386.222549
-649.07914,91,6387.28818
-141.072022,23,6387.51836
-146.04501,42,6387.924176
-16.79317,19,6388.129253
-186.132905,29,6395.707251
67.613348,21,6395.842063
-52.982733,39,6396.023017
70.538529,20,6396.107284
67.535321,21,6396.192296
-207.679213,36,6396.348915
-128.179191,19,6396.427469
-143.055029,22,6396.51936
66.26756,22,6396.614779
-58.582021,26,6396.720272
-56.600844,24,6396.815104
-43.075167,24,6396.93102
66.776391,25,6397.036146
-28.988774,21,6397.126615
45.199283,25,6397.228139
141.9324,25,6397.334401
-126.39513,19,6397.413397
266.171038,41,6397.581086
-136.242155,22,6397.670979
68.946688,21,6397.760361
174.116628,69,6398.053006
-203.505479,45,6398.239022
-176.243425,41,6398.446201
-24.594076,20,6398.54027
32.207827,27,6398.666306
-56.505833,39,6398.834546
-261.670784,39,6398.990932
-27.218614,20,6399.077163
-59.801052,27,6399.186136
-58.509607,29,6399.301247
-125.750687,19,6399.379169
169.722484,21,6399.469677
145.931191,28,6399.586162
4.60815,32,6399.722926
-103.313583,35,6399.878103
137.799701,30,6400.0012
-47.145821,22,6400.09238
59.277516,23,6400.185695
-208.13871,35,6400.340519
-139.242392,22,6400.438403
-37.482679,37,6400.588056
-262.962935,39,6400.748362
-23.340078,19,6400.825401
60.802385,23,6400.930127
-66.477844,28,6401.042552
-124.019885,37,6401.239391
-130.392443,20,6401.328906
-29.050903,20,6401.413738
51.238449,24,6401.516265
-223.223128,39,6401.760703
-332.393978,50,6401.970658
-225.42996,63,6402.232902
-21.694852,19,6402.310326
-35.16886,37,6402.474823
-16.121529,19,6402.553278
36.00667,27,6402.669055
-76.938672,30,6402.789716
-137.156246,22,6402.877995
-206.322997,39,6403.048996
-242.364465,39,6403.216713
30.024355,28,6403.334533
45.339601,25,6403.436756
-20.785094,21,6403.521937
29.182586,27,6403.631742
-26.986633,19,6403.707974
-24.408557,19,6403.785351
-55.91979,26,6403.896606
71.83304,21,6403.980448
-200.093698,36,6404.139875
332.507051,26,6404.245487
-304.647752,46,6404.497169
-131.103371,23,6404.613689
71.742499,20,6412.819739
-33.680803,23,6412.951273
64.441968,22,6413.04671
-20.63886,19,6413.137617
-121.857916,34,6413.273314
205.848194,31,6413.398782
57.094721,22,6413.487563
-186.920076,43,6413.661153
-128.702555,19,6413.740904
64.82527,22,6413.834698
-143.529264,23,6413.937209
-236.134486,49,6414.139131
-82.197922,44,6414.322009
-119.177401,18,6414.411464
-55.847747,27,6414.527457
76.535342,20,6414.607517
71.583538,21,6414.689776
50.20386,25,6414.789625
-27.073668,22,6414.878888
-165.602021,29,6415.004443
59.710303,26,6415.113243
-34.402698,22,6415.206333
-134.599912,37,6415.369089
-126.625383,19,6415.444107
-238.072362,36,6415.594956
-39.446056,23,6415.691837
69.596327,21,6415.775872
-123.429173,20,6415.865426
-173.988986,29,6415.989109
-83.928947,31,6416.124525
-20.539817,19,6416.229609
-27.234652,20,6416.311496
-92.456812,29,6416.432027
-132.319297,20,6416.510613
151.91294,24,6416.610133
-48.849955,26,6416.724134
70.644609,21,6416.813132
-247.527073,38,6416.963162
-21.167548,19,6417.038352
123.423169,30,6417.163683
-126.217316,19,6417.237303
54.309243,24,6417.334603
-25.669885,19,6417.414421
57.900085,23,6417.508999
-146.009541,38,6417.66737
68.253629,21,6417.752439
-75.247025,30,6417.874905
-11.71113,32,6417.998779
69.875798,22,6418.10169
-31.427386,53,6418.338311
-22.112008,21,6418.427651
72.411017,20,6418.508694
-22.698199,21,6418.596558
71.210146,21,6418.683899
-71.065994,42,6418.850211
-30.608186,20,6418.930094
69.887752,21,6419.019781
-33.716766,23,6419.115546
-84.327477,42,6419.291801
97.395348,33,6419.430427
43.343459,43,6419.607025
-25.991012,20,6419.690233
-123.508982,21,6419.7762
-59.200399,27,6419.888855
-46.719016,24,6419.985642
-133.401013,20,6420.068044
-261.679755,37,6420.219557
-136.33608,24,6420.320015
-53.7863,26,6420.424737
-297.930877,45,6420.609532
-169.344197,29,6420.723197
-257.710189,37,6420.881044
-22.734903,21,6420.962487
-41.22128,24,6421.059091
-45.007013,37,6421.215451
-28.082917,21,6421.303696
-130.327605,22,6428.919834
-31.460587,20,6429.045278
-127.201601,19,6429.137645
74.242044,20,6429.228964
-46.437607,26,6429.33724
-155.358659,39,6429.4966
-223.750712,35,6429.637012
169.337073,24,6429.735701
63.497968,21,6429.822058
39.864248,25,6429.923593
69.429057,21,6430.006679
-113.948396,34,6430.145735
-484.134207,70,6430.448932
-131.583774,39,6430.726472
55.329595,28,6430.847256
-187.414612,31,6430.977306
-28.525875,20,6431.062259
-50.360902,28,6431.194488
-120.739944,19,6431.274465
-26.447735,20,6431.36006
-196.87105,35,6431.507594
-28.515442,21,6431.590799
-186.34997,28,6431.706359
-137.852448,21,6431.799833
-124.733666,19,6431.876589
55.750669,22,6431.968123
-52.519495,23,6432.069172
-639.002247,101,6432.484487
71.31352,21,6432.574368
-31.693109,21,6432.6623
-243.213834,37,6432.829674
62.725455,22,6432.931271
-333.660695,50,6433.158897
-131.635982,22,6433.246447
-133.492859,20,6433.327618
-132.057737,22,6433.422239
40.920979,26,6433.530622
-301.861399,46,6433.722918
-254.941446,38,6433.879783
-34.845519,22,6433.981262
-145.255885,37,6434.134243
-259.611889,38,6434.300764
-129.338961,36,6434.463052
-123.111432,19,6434.541032
-122.583429,20,6434.620026
-98.771941,34,6434.760695
-56.952872,25,6434.870554
-123.03723,21,6434.953916
-39.926257,23,6435.048362
73.468442,20,6435.131751
60.619767,22,6435.233104
-157.923366,42,6435.41157
-191.761639,33,6435.555985
-7.923226,34,6435.729797
53.140343,24,6435.866143
-130.915249,20,6435.986609
58.270375,23,6436.160143
70.159898,21,6436.400953
-241.77152,37,6437.461191
83.289271,19,6437.725733
150.369415,30,6438.06956
-205.156474,33,6438.399902
30.729313,26,6438.668989
-24.492627,19,6438.843725
-189.152881,31,6439.212638
-52.28524,26,6439.643585
-24.026995,19,6439.900901
151.20469,25,6440.230896
-158.209701,37,6440.655756
-9.095532,18,6440.861543
-17.95373,20,6441.126811
73.793482,20,6441.329099
47.482608,25,6450.645458
-123.311456,21,6450.797459
-47.75361,25,6450.936833
-20.133959,19,6451.033318
-163.117275,28,6451.159568
-249.116992,37,6451.312288
-92.679278,30,6451.434129
-41.998578,22,6451.517784
-46.745058,22,6451.603163
-0.499153,34,6451.745499
-23.817883,19,6451.822738
56.432059,25,6451.925751
44.879902,26,6452.033133
-164.487431,26,6452.146402
-273.91633,42,6452.32707
33.458831,27,6452.44077
-229.934959,35,6452.58471
-37.28137,21,6452.675891
-151.222047,23,6452.782428
-42.158027,24,6452.892258
27.418578,28,6453.007269
134.5831,36,6453.17705
-49.380345,23,6453.271187
67.9545,21,6453.367866
-10.471604,18,6453.445303
-30.476391,21,6453.526375
-172.537983,47,6453.724013
-213.677398,32,6453.851026
-148.115889,37,6454.006217
-81.62303,29,6454.119855
71.045528,20,6454.203709
50.777643,25,6454.319787
-94.599101,32,6454.573476
-46.853006,38,6454.742622
-30.333423,20,6454.824038
-27.554948,20,6454.905989
-26.497062,19,6454.985486
-118.169904,20,6455.067932
36.025488,28,6455.185873
-34.094953,35,6455.329985
-37.539199,39,6455.487114
-42.322176,25,6455.597123
-247.900064,37,6455.74556
-48.979385,27,6455.852404
-24.905314,21,6455.937947
-44.317662,24,6456.034924
-128.811592,19,6456.116537
31.222994,28,6456.232515
69.885398,20,6456.316003
-127.973025,19,6456.394908
-53.745997,39,6456.550918
-149.136127,38,6456.717961
-200.928275,33,6456.850316
-9.093549,18,6456.924675
-177.410658,29,6457.155696
77.212133,20,6457.23944
-214.135541,39,6457.418135
-173.45398,28,6457.537188
-128.456244,19,6457.617762
-269.184876,49,6457.831765
-137.109823,22,6457.919796
-245.568639,38,6458.084542
66.856662,21,6458.183347
102.046222,34,6458.32945
70.470227,21,6458.427337
71.321374,20,6458.514457
164.614327,22,6458.611794
-50.541359,24,6458.725586
-125.855891,19,6458.807529
28.976986,28,6458.924941
73.148228,20,6459.009394
-130.113187,36,6459.162395
74.894199,20,6459.246235
-104.724754,35,6459.394139
-166.346487,30,6459.515764
-32.429965,21,6459.605307
136.993274,28,6468.711611
-409.838043,101,6469.169842
-115.18733,33,6469.314779
-386.697699,58,6469.552334
-57.953679,27,6469.663347
-24.290714,38,6469.821967
-29.292088,20,6469.901283
-266.966693,46,6470.092569
160.95815,22,6470.182745
45.970209,25,6470.284672
-263.28183,37,6470.438397
-120.928951,20,6470.519213
61.299699,22,6470.616221
-228.311153,35,6470.759594
-27.182156,20,6470.836776
-28.347357,20,6470.9213
-278.175647,42,6471.098775
170.737738,27,6471.21292
-235.795272,37,6471.368951
-129.054157,20,6471.45317
174.306445,65,6471.730103
-191.349136,30,6471.855871
28.26811,35,6472.015896
151.673976,24,6472.110157
-15.599927,19,6472.192617
-32.904724,22,6472.284749
-127.21775,19,6472.364325
71.085026,21,6472.448238
-221.379728,34,6472.585513
37.217981,27,6472.69333
-21.24717,34,6472.833334
-105.605433,46,6473.034133
48.966177,23,6473.136643
-33.96988,22,6473.227461
-125.622379,19,6473.307123
-158.623865,41,6473.480195
163.343726,23,6473.575137
67.754674,21,6473.6617
61.889431,22,6473.752285
-131.67037,35,6473.895577
-132.896153,39,6474.057541
-123.065453,19,6474.134301
63.734984,22,6474.222417
-185.202691,30,6474.357608
-224.929512,48,6474.557703
-243.947299,38,6474.713041
-127.552215,19,6474.789943
63.768018,22,6474.879896
-257.827964,40,6475.042207
-153.457791,37,6475.196855
-138.592142,25,6475.300285
-22.247004,20,6475.384657
33.548695,27,6475.492118
-30.788625,21,6475.57615
72.730117,21,6475.663068
-186.343273,42,6475.835907
152.540125,25,6475.944286
84.830508,33,6476.08207
52.942699,24,6476.181705
-13.074098,34,6476.331147
-127.308695,35,6476.471917
-24.270575,19,6476.549825
-28.758427,20,6476.633904
-58.181375,26,6476.744844
-126.857055,22,6476.842489
67.408649,21,6476.928122
45.907421,27,6477.040283
-131.88924,20,6477.124308
-121.446021,33,6483.847935
-117.830495,19,6483.969953
-240.327978,37,6484.136124
-139.320383,22,6484.226785
-47.990019,22,6484.31532
-117.596624,20,6484.398952
102.599583,31,6484.523793
49.279002,26,6484.628882
-22.469508,20,6484.710555
49.704118,24,6484.810851
-68.990395,54,6485.041701
-34.645686,22,6485.134054
69.81196,21,6485.224903
143.600982,25,6485.32717
57.032151,24,6485.424535
-35.666064,22,6485.512552
-51.23983,24,6485.610867
92.439731,21,6485.701448
70.493097,20,6485.788984
65.367047,21,6485.875799
57.923477,25,6486.076833
-29.891291,21,6486.167613
-115.216991,19,6486.245645
-302.927787,46,6486.436847
52.111947,23,6486.530209
-135.987938,21,6486.619888
-118.72851,38,6486.780153
-50.78285,26,6486.886127
73.399674,20,6486.972439
-376.066735,54,6487.205053
66.209476,22,6487.299633
-26.893549,20,6487.380663
-0.663944,39,6487.538126
-93.841006,31,6487.670863
140.073819,29,6487.792899
-241.522254,39,6487.957558
72.250904,20,6488.038834
-132.290056,20,6488.12407
12.688089,31,6488.256485
-132.118171,20,6488.335962
-39.068257,36,6488.480245
-117.759665,37,6488.63564
-19.841257,19,6488.716858
-408.350517,71,6489.020784
25.870193,30,6489.141679
-282.956321,42,6489.319823
-222.640134,35,6489.468702
-55.779561,39,6489.629689
-111.67372,33,6489.767554
-32.018716,22,6489.856661
-25.365292,19,6489.933601
26.556706,29,6490.047845
-44.336573,25,6490.14844
-17.520116,37,6490.312786
63.84342,21,6490.403377
170.058811,21,6490.48663
-44.611786,37,6490.633195
61.159373,22,6490.721519
-132.812145,20,6490.805501
39.8141,27,6490.915794
142.894556,24,6491.01201
72.904015,23,6491.109086
46.229873,26,6491.216121
-86.453325,54,6491.471946
-293.891951,44,6491.706881
70.676649,20,6491.805305
-127.384573,23,6491.924519
-285.654177,55,6492.230029
131.132578,26,6492.380072
-105.750917,32,6492.560513
-46.595797,24,6492.777347
89.474399,23,6493.036903
-126.266782,19,6501.218678
24.179811,29,6501.380706
18.792104,30,6501.519082
-114.658623,63,6501.783083
-159.871586,52,6502.006714
-27.289917,20,6502.105506
-79.426252,29,6502.234259
43.160036,25,6502.34585
-62.019006,37,6502.512337
-87.141441,30,6502.652146
-14.377879,18,6502.743574
-20.932619,20,6502.83727
-162.006175,29,6502.956822
-31.954858,21,6503.043334
121.422746,31,6503.177532
106.166417,35,6503.3264
-23.300933,19,6503.405094
-134.109452,22,6503.50204
-120.377816,19,6503.57729
-21.160521,20,6503.659271
67.812269,21,6503.742967
-15.490523,19,6503.823846
-50.581207,24,6503.931842
45.291891,27,6504.050561
-33.185957,21,6504.136306
67.770139,21,6504.223174
-29.377275,22,6504.311321
60.025963,23,6504.407973
-261.613267,37,6504.563389
-124.077769,22,6504.646811
-138.920737,21,6504.727093
72.395676,20,6504.803586
-129.469217,20,6504.883763
-44.531264,23,6504.990204
-76.88887,32,6505.124545
-33.007994,21,6505.206709
-171.394848,29,6505.325699
-31.025886,22,6505.416413
-5.821587,35,6505.573159
-45.493106,25,6505.679175
-59.305105,27,6505.791452
-114.697296,38,6505.944838
-148.597747,25,6506.047187
45.595862,25,6506.156544
68.12999,22,6506.242358
-25.139845,20,6506.321362
163.745674,22,6506.416823
-144.426158,22,6506.516162
12.840375,30,6506.641238
57.6246,23,6506.73805
-26.225759,20,6506.823602
66.773792,21,6506.91488
-20.841776,35,6507.061803
-127.266324,19,6507.137944
57.555983,23,6507.23085
69.201014,21,6507.327408
-70.665528,28,6507.45342
-61.76707,27,6507.576808
-30.261347,23,6507.692934
-130.17112,34,6507.86834
-25.313019,21,6508.083341
-168.068518,31,6508.220137
15.669411,34,6508.366212
-48.869011,25,6508.480747
-82.586511,42,6508.656107
-26.691328,21,6508.743499
-35.041939,22,6508.832411
-76.019058,33,6508.973915
-256.813795,37,6509.142709
146.478711,38,6509.298941
-115.739338,20,6509.38207
-256.650283,37,6509.534702
-27.173168,20,6509.61833
82.3767,22,6509.709556
67.823624,21,6509.796604
-157.576636,37,6509.949933
-32.42779,21,6510.043685
-237.479167,54,6519.463932
-108.966027,33,6519.600118
-40.920576,23,6519.697739
41.978604,25,6519.805891
-131.918507,20,6519.891611
-43.786051,24,6519.988089
69.748042,21,6520.074764
65.366645,22,6520.168347
-127.125185,19,6520.246737
-151.922217,37,6520.398986
-28.833662,21,6520.484915
-25.145583,20,6520.569484
63.88885,23,6520.664733
71.55899,21,6520.746596
20.3112,37,6520.907412
-17.335796,20,6520.993026
-67.455077,26,6521.097937
-132.936301,20,6521.191528
-69.28468,29,6521.310446
-143.028875,37,6521.464035
5.214556,32,6521.598282
119.259424,29,6521.722352
-113.854165,35,6521.866421
69.812942,21,6521.956409
-828.375471,101,6522.363936
169.964047,21,6522.444819
-32.28742,21,6522.529805
50.472278,25,6522.635085
-29.58645,36,6522.789127
-138.091974,22,6522.876711
-37.058342,22,6522.96764
-30.436207,20,6523.053096
-44.54626,26,6523.161727
70.472001,21,6523.246816
-85.424059,30,6523.368322
-43.600272,24,6523.464565
-42.054433,22,6523.555548
-217.799013,35,6523.702448
-115.676144,18,6523.776379
168.620448,21,6523.86252
-320.314804,49,6524.067315
-30.226896,21,6524.15568
44.229735,25,6524.260882
57.703032,23,6524.386554
164.410721,25,6524.496985
160.347681,23,6524.595011
-234.919659,49,6524.802738
-164.752803,37,6524.951364
-255.995843,39,6525.112936
-60.42354,26,6525.222074
68.64535,21,6525.309827
-325.717108,47,6525.503592
-128.237821,19,6525.579349
-28.46711,20,6525.659707
-300.424299,75,6525.957609
-126.612299,19,6526.033501
163.259231,39,6526.191826
29.509798,28,6526.306834
-133.392628,20,6526.389201
-24.192623,19,6526.466899
-107.880314,32,6526.600566
61.903657,24,6526.70178
-71.489666,29,6526.818833
-245.831879,37,6526.971825
-131.447619,20,6527.055671
-57.600902,40,6527.225202
31.231518,29,6527.348336
-62.600288,27,6527.455778
72.660653,20,6527.540865
-35.467234,22,6527.633562
-31.27187,23,6527.733559
166.789101,25,6534.635753
-509.048613,101,6535.109789
-297.684444,50,6535.31125
-11.339891,19,6535.398281
-129.34378,20,6535.478418
-274.513485,54,6535.700251
56.771504,23,6535.793844
-36.557872,21,6535.889458
-162.777367,37,6536.039627
-36.786507,22,6536.127221
-197.239841,46,6536.398897
-43.473345,24,6536.508452
-120.464376,18,6536.582075
-129.636461,19,6536.664164
-22.055934,20,6536.744992
-256.87008,37,6536.893254
-76.589572,29,6537.016206
-156.951431,56,6537.260276
8.073028,31,6537.493074
-119.397718,36,6537.64818
-245.513024,58,6537.897724
-15.758413,19,6537.972976
-94.800064,33,6538.105744
-68.68717,28,6538.225407
65.001989,22,6538.326601
-125.984304,19,6538.407429
-27.397858,19,6538.483176
80.844785,19,6538.561884
142.270928,26,6538.666209
-64.337019,25,6538.77029
-23.971744,19,6538.854566
-126.243407,19,6538.930734
48.853738,23,6539.038797
-79.517908,29,6539.170151
-26.359919,20,6539.253078
-136.749403,36,6539.397369
162.971095,24,6539.493925
-183.995578,30,6539.620452
-294.73074,75,6539.934783
61.95462,24,6540.032034
-26.86456,21,6540.118891
-116.971904,18,6540.447639
-23.120798,19,6540.593285
-159.21936,46,6540.803318
41.821253,26,6540.908764
175.19382,23,6541.001724
-146.448244,36,6541.154974
49.090556,26,6541.262801
175.465747,37,6541.422406
-184.070864,72,6541.715933
-243.058873,37,6541.878328
60.935577,23,6541.975819
-32.529818,22,6542.067615
-30.410669,21,6542.162199
69.764323,21,6542.249695
40.231855,27,6542.362667
-31.427637,21,6542.455191
-92.502294,44,6542.635636
-143.542247,22,6542.728803
203.730462,19,6542.823838
-44.777755,22,6542.951789
179.722116,22,6543.08306
-48.394693,24,6543.279957
193.23092,19,6543.455405
63.701235,22,6543.665504
20.164066,44,6544.007111
46.068015,25,6544.191264
-29.542164,21,6544.36574
-22.997816,19,6544.503938
43.465343,26,6551.90959
-26.466066,20,6552.025196
-48.062746,25,6552.141932
149.962712,28,6552.27164
-122.115558,19,6552.347514
-256.013263,37,6552.49974
39.350535,26,6552.60664
-42.50581,24,6552.710046
-86.363823,32,6552.839345
-25.112497,19,6552.916263
-180.945583,57,6553.158191
-181.931488,28,6553.275454
-26.050647,20,6553.359437
59.405325,23,6553.457974
-20.405481,20,6553.544041
-179.59453,58,6553.778532
63.983941,22,6553.872464
-123.549223,20,6553.973323
-30.440039,21,6554.061865
143.884459,26,6554.167854
-147.056512,41,6554.338813
156.818351,25,6554.445499
-74.267384,28,6554.563733
-285.657383,42,6554.733065
-31.019167,21,6554.821621
-248.460293,38,6554.978271
175.791615,25,6555.093335
67.740879,21,6555.179507
-24.694739,19,6555.262466
-91.026484,33,6555.398446
-248.390127,69,6555.678263
-128.460758,23,6555.77289
21.783175,28,6555.886804
-30.205929,21,6555.971063
-32.2972,36,6556.116452
-244.482913,37,6556.274558
65.651819,22,6556.427491
0.314283,77,6556.801409
-119.498372,34,6556.94405
67.96601,21,6557.04294
-24.993273,19,6557.121843
75.588861,20,6557.199464
50.362471,23,6557.303854
-239.813629,40,6557.466773
-33.259717,21,6557.551208
-92.74416,30,6557.671964
-626.794153,101,6558.085016
-126.211284,35,6558.233232
-128.241358,19,6558.312277
163.696586,25,6558.419347
-124.578877,19,6558.499029
-144.68859,38,6558.6513
-264.539787,37,6558.804932
68.607888,21,6558.889249
-67.632967,28,6559.008878
-37.281943,23,6559.234589
-99.799594,47,6559.450289
-80.79962,32,6559.587085
-175.121968,42,6559.76903
78.743195,21,6559.859825
-24.266719,36,6560.01544
-134.784434,22,6560.106267
1.627145,32,6560.235391
-135.228204,35,6560.379659
-124.975165,19,6560.461231
-62.880461,27,6560.580654
68.316584,21,6560.662981
-69.979441,27,6569.1191
-274.522078,42,6569.354464
42.455737,27,6569.463322
140.133571,25,6569.564834
-161.988164,25,6569.666619
11.96524,31,6569.795781
-134.007103,20,6569.879668
169.289631,22,6569.969494
-15.290664,19,6570.064882
187.99735,36,6570.224529
8.490659,44,6570.408161
56.752008,24,6570.508203
134.27799,29,6570.63474
-32.081053,20,6570.719397
-14.752234,20,6570.800994
27.227071,28,6570.910784
96.081942,36,6571.056174
-140.506191,23,6571.154724
-428.108579,58,6571.394054
-73.097768,32,6571.526855
-38.064441,22,6571.623168
-22.162163,19,6571.701545
-351.044965,51,6572.430295
-87.55237,30,6572.580102
-104.877124,60,6572.834762
-5.410533,40,6573.005141
48.770647,23,6573.106269
-129.776926,35,6573.265514
25.755834,30,6573.394978
-43.588355,27,6573.503635
-47.961021,23,6573.597103
69.066202,21,6573.682609
-22.934913,20,6573.763956
-144.267209,36,6573.916013
-134.706262,20,6573.991227
71.404331,20,6574.070288
-109.828804,37,6574.2378
-132.309854,20,6574.320518
-207.81982,32,6574.453819
-125.969764,19,6574.536986
-133.287758,35,6574.681915
-23.817515,19,6574.76457
42.812186,26,6574.878463
-91.322625,30,6575.008089
-257.917348,39,6575.166687
-124.990711,52,6575.379305
-46.392813,22,6575.467614
-69.658795,27,6575.573516
-136.98128,21,6575.65775
-26.077603,20,6575.772322
-124.331547,19,6575.888206
-125.529069,19,6575.99417
-126.395053,19,6576.102328
250.632213,23,6576.228064
164.768538,24,6576.351961
1.008063,33,6576.496555
-24.937105,20,6576.577273
63.327456,22,6576.673113
-25.670778,19,6576.76494
-130.924622,20,6576.849066
-339.41019,53,6577.076794
37.395646,28,6577.190551
10.738073,30,6577.314526
-234.843199,37,6577.480142
-32.738323,21,6577.567335
78.161271,40,6577.733036
-27.218784,43,6577.910019
-138.392999,36,6578.061921
45.601504,25,6578.172581
-15.052638,19,6578.25198
-87.283893,29,6578.386652
70.866852,20,6586.348459
-16.272618,19,6586.476791
-149.815183,37,6586.658864
-243.144872,89,6587.024562
-182.210537,29,6587.143944
-186.487479,44,6587.327248
51.218676,24,6587.655257
-157.077527,39,6587.978805
-136.827049,21,6588.108011
-44.687357,24,6588.316923
-29.054551,21,6588.827384
-127.289338,19,6588.984149
-33.576909,35,6589.181083
-17.290566,35,6589.362425
-3.443568,32,6589.515522
-30.609807,23,6589.633793
116.969488,31,6589.797885
-370.948674,101,6590.324084
-27.614632,20,6590.415337
104.277041,31,6590.642662
-30.947827,20,6590.725001
-29.599892,20,6590.931212
-15.687798,19,6591.006383
-135.469555,23,6591.109674
48.319613,39,6591.278515
-28.494608,20,6591.359499
160.333422,23,6591.457308
-25.152542,19,6591.536467
254.159403,32,6591.672719
-15.635483,19,6591.754832
-28.806663,20,6591.840284
70.78081,20,6591.929552
-52.922926,26,6592.047725
155.786483,23,6592.136829
29.40171,27,6592.241579
-97.444929,32,6592.380069
-256.866102,40,6592.644078
-22.740259,21,6592.737391
49.696063,24,6592.837292
5.671101,46,6593.029813
-75.160271,30,6593.156543
-461.794759,101,6593.567381
-32.5263,22,6593.656566
92.687256,50,6593.862455
161.980372,22,6593.953916
-136.57053,25,6594.058133
-30.183803,21,7571.161576
181.754983,23,7571.742223
127.03942,28,7572.023573
-19.267556,19,7572.152441
-207.637013,46,7572.423054
-40.873222,24,7572.548348
-26.103916,20,7572.670782
-37.113488,21,7572.794573
165.832362,22,7572.924426
59.575969,23,7573.103965
-26.019046,20,7573.303533
-132.88637,20,7573.560225
32.452476,28,7573.808002
-117.000124,19,7574.036482
165.553127,22,7574.325486
-22.673411,20,7574.59998
-44.366555,22,7574.943362
-150.167301,37,7575.366482
-31.46663,21,7575.640047
-112.601367,35,7576.043118
-100.500045,32,7576.491469
163.617283,22,7576.750519
-26.549542,20,7576.96412
-13.261623,18,7577.166424
-94.652749,32,7589.30296
-32.084889,22,7589.502307
-177.476015,33,7589.717282
-45.834048,24,7589.945443
-44.453808,24,7590.348969
-136.363902,23,7590.613097
-24.740614,19,7590.846729
168.132867,22,7591.127381
-73.822148,41,7591.514339
-35.794099,21,7591.662392
64.923574,21,7591.766664
-121.71661,19,7591.848062
49.14998,25,7591.952209
-129.754721,19,7592.040235
147.551958,25,7592.141998
-39.811906,25,7592.252129
-173.196613,29,7592.371397
-119.830975,18,7592.445673
-134.225259,20,7592.534509
67.384424,22,7592.628821
-71.146212,31,7592.76154
46.974961,47,7592.956925
-115.804166,18,7593.031342
-131.699255,37,7593.185215
-23.573827,19,7593.264767
64.710396,22,7593.351465
-138.451714,70,7593.645102
85.479795,19,7593.724392
-42.295159,23,7593.833593
162.577242,25,7593.943103
-10.72103,18,7594.018093
-71.592092,29,7594.136864
-30.562662,36,7594.282208
-66.594157,28,7594.391281
-306.62941,46,7594.57463
153.580708,23,7594.679378
-648.176726,100,7595.081966
48.824222,25,7595.181406
-545.554482,90,7595.545919
185.856094,22,7595.633747
166.996262,25,7595.74108
-11.871039,36,7595.910415
-128.662337,19,7595.989847
-105.798268,34,7596.126667
-6.688807,70,7596.428667
-29.002927,21,7596.513039
-15.45604,19,7596.588021
-132.629234,36,7596.736166
-220.273582,37,7596.883721
-14.95342,19,7596.961974
-25.319471,19,7597.038379
110.281984,29,7597.152919
-22.939633,19,7597.234377
-242.69339,37,7597.382105
55.145717,25,7597.480537
-129.007212,19,7597.554453
-192.340185,44,7597.736149
-123.791188,19,7597.814014
-43.697675,22,7597.9035
-16.123887,20,7597.983422
-15.125116,19,7598.06023
71.058778,20,7598.23569
-3.351795,33,7598.38798
-199.970923,34,7598.529919
-16.044391,43,7598.710773
46.776396,25,7598.813665
149.384336,25,7598.914104
-27.727152,21,7598.998551
-286.254704,42,7599.172177
58.592161,23,7599.262266
-299.18369,42,7611.493108
-188.294541,29,7611.643326
-121.054364,19,7611.726887
-50.661797,24,7611.828561
-83.639279,32,7611.961627
204.355576,19,7612.044737
-177.753544,51,7612.258968
-124.431888,19,7612.333873
-25.943233,21,7612.416074
60.704042,23,7612.512919
-244.461056,49,7612.731479
29.549107,28,7612.853518
-43.929146,24,7612.950481
67.39438,21,7613.035254
-19.833707,20,7613.130328
-156.289111,26,7613.232354
-28.48716,20,7613.306987
-29.2232,20,7613.386477
-353.239835,51,7613.587646
-133.083323,20,7613.66843
61.139033,23,7613.768122
-139.135457,36,7613.916085
52.77127,24,7614.014149
-21.646017,19,7614.088264
-23.67495,19,7614.166767
-116.739201,18,7614.236925
54.312033,24,7614.335775
-19.26195,19,7614.416293
-51.130303,25,7614.515281
-37.754297,22,7614.602044
-27.926001,21,7614.68728
-52.666986,25,7614.791969
-14.005305,19,7614.869126
-183.348634,28,7614.975579
33.313686,27,7615.08194
-45.0206,24,7615.182136
498.651831,38,7615.329922
-134.362185,36,7615.475703
-51.385404,26,7615.578594
62.499277,23,7615.67032
-141.784241,24,7615.770398
-142.00087,37,7615.922236
74.400081,22,7616.007358
-31.768056,20,7616.089818
-34.467785,23,7616.1773
47.246443,25,7616.277939
-140.712158,23,7616.377487
41.204548,26,7616.483051
0.508826,32,7616.607233
-27.379578,21,7616.689121
-26.933435,21,7616.770519
-146.104472,37,7616.919475
45.345349,25,7617.025131
157.582865,25,7617.127435
-129.996059,20,7617.217862
-50.197423,25,7617.320489
15.562812,39,7617.477757
60.314761,22,7617.565936
-565.58353,101,7617.973815
47.153752,33,7618.103094
-64.864548,27,7618.216135
-52.648926,23,7618.308373
59.419713,23,7618.398607
-129.051146,19,7618.471872
-3.414296,32,7618.600818
-144.756148,45,7618.790967
-14.181195,19,7618.889472
-99.965023,44,7619.071661
-286.58211,40,7619.223373
77.398937,21,7619.306888
54.55466,23,7619.398246
-61.133568,27,7619.509773
-119.332456,20,7619.599607
-127.712934,19,7619.67597
267.899246,21,7630.153642
-22.20251,19,7630.29511
65.037519,22,7630.436201
-80.322512,42,7630.644554
-77.686799,27,7630.759249
-158.334267,37,7630.91236
67.705985,21,7631.025782
-94.121457,31,7631.157684
-145.096918,37,7631.312384
-15.267175,19,7631.388476
-19.977414,20,7631.471291
-111.72508,19,7631.555081
-57.27324,26,7631.661081
-212.715157,34,7631.812851
-128.599394,22,7631.910672
-20.347702,19,7631.995129
175.090131,22,7632.091147
-246.154875,37,7632.251425
-164.539107,37,7632.398913
-148.82071,23,7632.492086
-182.504647,27,7632.604288
-261.005461,37,7632.7539
63.321675,22,7632.858938
80.648894,34,7633.07261
-609.374923,85,7633.674783
64.516137,22,7633.899352
-29.616908,22,7634.024572
61.428093,22,7634.125628
-25.249027,20,7634.206325
-28.482593,21,7634.372999
-28.967059,20,7634.462275
71.056253,20,7634.562272
-137.133656,21,7634.64829
49.144522,23,7634.740984
-14.921611,19,7634.823626
-129.958876,20,7634.904327
-169.724548,41,7635.077937
-142.552297,23,7635.166813
165.345321,22,7635.258587
4.8218,31,7635.386225
-396.021715,60,7635.6363
-128.754833,19,7635.74691
-16.92486,19,7635.840251
-24.316363,19,7635.917974
-26.134788,36,7636.084936
-45.548881,27,7636.207221
73.101965,20,7636.292209
-129.133936,35,7636.440981
-15.203249,19,7636.521975
-78.711208,30,7636.645648
-134.070002,20,7636.73003
61.221605,23,7636.82201
-35.366059,21,7636.910523
-180.505689,30,7637.033676
60.666491,23,7637.129547
-93.55254,28,7637.249865
-243.510142,37,7637.395853
-39.867924,23,7637.49061
-136.40954,21,7637.576435
-109.903132,32,7637.704836
-65.427727,26,7637.816716
-196.0411,30,7637.938495
77.905065,56,7638.176789
64.682704,21,7638.266085
74.954325,25,7638.368548
-128.686427,20,7638.447669
-54.90653,39,7638.601403
14.471644,28,7638.727307
45.356347,25,7638.83355
-182.855415,42,7639.003497
35.449733,41,7639.178153
-26.94752,37,7639.331971
-126.44626,19,7639.41095
-155.104727,24,7639.506759
-27.442559,20,7654.038752
-50.10079,25,7654.212737
-297.580226,56,7654.471369
-47.202438,25,7654.573985
-35.075043,22,7654.666728
-52.425485,24,7654.77287
-133.404807,20,7654.852734
-122.824428,19,7654.928886
-70.87586,27,7655.037067
34.760379,28,7655.15494
-131.329515,23,7655.250769
-26.948651,20,7655.332875
-40.949454,24,7655.427391
-13.185677,33,7655.560086
60.191511,23,7655.651665
33.792163,31,7655.783957
-36.502915,23,7655.881221
-16.611543,19,7655.959751
-126.059993,19,7656.119226
-10.840497,18,7656.20418
-24.466262,20,7656.303622
-124.154386,19,7656.382857
-265.876422,49,7656.586884
-29.988991,21,7656.671701
-257.386823,54,7656.898144
-31.297395,21,7656.982581
72.83822,20,7657.065167
-26.28825,19,7657.139883
7.211551,32,7657.2692
65.835353,21,7657.356624
-26.118376,20,7657.433859
-144.113152,22,7657.524419
-67.807806,29,7657.639696
9.627411,30,7657.761213
-257.671714,39,7657.925057
-198.988239,34,7658.064032
-44.88723,25,7658.166537
-132.294268,20,7658.245056
-30.170019,21,7658.331401
-223.852194,34,7658.469072
240.128437,27,7658.583063
-260.211051,37,7658.7316
-86.067646,31,7658.85527
180.849825,21,7658.941068
-3.016692,32,7659.079923
-112.93578,19,7659.164433
-34.729987,21,7659.259578
-3.5797,32,7659.391018
19.832764,28,7659.498778
146.109408,28,7659.615992
-136.240277,36,7659.760499
-157.207401,41,7659.927035
-136.091378,22,7660.023033
50.504128,25,7660.124982
-128.973752,35,7660.264708
179.356555,21,7660.3576
-277.078797,40,7660.521063
-31.751733,23,7660.610364
74.581131,21,7660.691503
-93.134578,34,7660.824348
-134.494167,37,7660.98045
-30.983047,20,7661.061078
-215.331589,32,7661.189017
72.999697,21,7661.275975
-156.600935,25,7661.378972
-27.653822,20,7661.460139
-50.131822,25,7661.558188
-116.526264,18,7661.634846
59.345242,22,7661.725872
-15.604802,19,7661.800297
-159.173303,28,7661.912939
69.911809,21,7662.096834
-37.757077,22,7662.188207
138.776847,28,7662.309996
-36.03088,23,7662.406021
30.306143,28,7662.518002
-222.694636,53,7679.046866
-126.2876,22,7679.176987
-46.208338,26,7679.31384
-28.983588,20,7679.418979
-115.840372,20,7679.504553
-29.36012,20,7679.583894
-178.500846,50,7679.793675
-262.419387,37,7679.944691
-82.895766,28,7680.058025
-35.272739,21,7680.14238
-64.233048,27,7680.252885
13.929436,30,7680.368635
-43.674043,24,7680.466249
-23.656411,20,7680.557395
-135.321515,36,7680.701286
-143.964303,22,7680.789274
-233.855208,53,7681.001675
-31.498286,22,7681.108648
63.876743,22,7681.225496
-202.502945,45,7681.414809
45.447422,24,7681.513195
-29.45776,20,7681.594679
-40.276399,23,7681.686422
60.913354,25,7681.78728
-37.185305,36,7681.934507
30.482827,26,7682.039423
62.709839,22,7682.125122
-21.64657,19,7682.208539
-77.917108,28,7682.333082
-115.530824,18,7682.405586
-35.89554,21,7682.484698
79.595785,19,7682.562055
80.24156,38,7682.719745
-31.355232,34,7682.850999
-3.952076,17,7682.917485
74.661996,20,7683.000922
-135.035638,21,7683.089027
-25.349219,48,7683.283278
-33.307044,21,7683.367856
-16.34013,19,7683.442872
-56.286587,26,7683.544519
-35.721698,22,7683.630358
59.58952,23,7683.7201
196.214898,24,7683.822473
-139.530393,39,7683.98376
-38.410446,21,7684.069188
-130.253848,21,7684.158802
39.786149,27,7684.268768
-25.104216,20,7684.345942
-37.536158,22,7684.433928
-218.826639,50,7684.639113
74.476657,20,7684.722032
204.922758,19,7684.802994
73.115077,22,7684.8978
-132.004048,36,7685.042299
-233.107105,35,7685.182913
-186.691118,30,7685.301692
-135.296698,20,7685.382125
-21.04718,19,7685.459172
-235.668978,39,7685.612165
-50.717944,39,7685.774151
-282.900818,43,7685.945829
-139.974341,24,7686.046995
-30.81556,21,7686.132361
-40.594038,24,7686.229839
10.611666,29,7686.344252
-57.188702,27,7686.452921
-172.648538,28,7686.570132
68.331477,22,7686.668219
202.591889,22,7686.756309
-61.544006,27,7686.863511
7.417411,31,7686.9893
-118.904391,36,7687.142797
55.928706,23,7687.230313
-34.782381,24,7687.330017
-14.798195,34,7687.474888
78.232877,19,7698.664752
449.92011,25,7698.806501
161.331246,22,7698.905521
-182.402672,29,7699.027322
-115.299983,18,7699.098953
-24.77924,19,7699.177321
-36.130483,24,7699.280266
-34.502626,21,7699.363868
-97.355214,30,7699.485459
-38.598218,23,7699.583706
-97.787002,48,7699.773256
-44.30207,22,7699.860768
-120.60336,19,7699.93451
-39.053251,25,7700.03779
-214.022539,33,7700.170832
189.478429,20,7700.253182
107.112106,21,7700.339247
-138.512889,36,7700.484512
-128.782567,20,7700.566953
55.889297,24,7700.665373
-120.585133,18,7700.74311
-119.94299,34,7700.877361
-29.136294,20,7700.959152
113.830728,34,7701.100527
-139.697391,22,7701.192654
-119.996042,35,7701.339006
-164.29676,37,7701.489229
28.677009,28,7701.605059
-10.157719,18,7701.678549
-21.911356,19,7701.752816
64.773604,22,7701.841668
-33.713849,21,7701.931446
66.832204,21,7702.016686
65.953937,21,7702.102298
-132.24211,35,7702.239754
-52.986684,37,7702.392647
-203.711607,34,7702.626071
-74.925917,29,7702.744628
-21.760753,19,7702.823013
-22.330143,20,7702.900533
-248.846175,37,7703.057772
-204.12818,32,7703.187249
-48.826216,25,7703.292014
38.841231,27,7703.396408
-275.842185,42,7703.564176
-37.722624,54,7703.783007
-96.55487,48,7703.977715
-68.82207,27,7704.092957
-156.124856,25,7704.192036
-26.640119,19,7704.268429
-49.621178,24,7704.36147
-56.433568,26,7704.462038
-39.119992,22,7704.551271
-257.316498,53,7704.798994
-29.444094,20,7704.875405
53.018819,24,7704.974267
-127.142594,19,7705.053885
58.273888,37,7705.209271
-314.060542,76,7705.522706
-56.423612,26,7705.629544
-38.303857,22,7705.716585
-157.933828,27,7705.820311
-30.377343,20,7705.90701
-139.532937,23,7706.000724
-29.441108,21,7706.087372
-245.540062,37,7706.243885
-28.718082,21,7706.329583
-146.005526,24,7706.422279
-19.014857,21,7706.501795
-29.284835,20,7706.578532
298.696315,41,7706.753241
-69.80016,28,7706.86664
-390.703645,56,7707.091306
-495.62322,77,7721.204194
-33.397138,23,7721.323476
63.913973,22,7721.419685
-26.751705,20,7721.499618
-26.159083,20,7721.58321
-85.885205,30,7721.705231
-36.376746,23,7721.798368
-154.190191,27,7721.906114
-220.524852,72,7722.205503
55.687075,24,7722.305361
-14.786795,19,7722.386047
-35.406442,22,7722.479679
-130.594656,57,7722.711084
-148.680442,24,7722.80751
-30.459996,36,7722.962659
-125.190913,19,7723.040811
56.143773,22,7723.124567
-35.073976,21,7723.206024
-38.496521,36,7723.345772
-267.375388,37,7723.497505
-46.66395,23,7723.588717
46.249453,24,7723.686473
-120.370582,19,7723.820927
-125.572114,19,7723.996895
184.782899,20,7724.088685
-140.447364,36,7724.236319
70.07865,22,7724.336134
-29.27214,19,7724.430955
-28.569616,21,7724.545321
72.246435,21,7724.641035
-122.404064,20,7724.721246
-124.904872,19,7724.796715
148.670234,25,7724.896379
-133.576918,20,7724.981777
177.553677,25,7725.085306
-30.880578,23,7725.17919
-23.728237,21,7725.266114
-31.291706,22,7725.358197
-586.530928,101,7725.77055
-197.079457,30,7725.886121
105.259795,52,7726.094313
-14.518526,19,7726.177686
-59.226419,37,7726.323229
70.35091,20,7726.403323
103.379597,26,7726.506852
-47.720788,25,7726.603703
-251.978855,40,7726.769357
-21.928705,21,7726.854819
-24.816479,19,7726.931932
-23.203816,20,7727.013536
-125.323011,21,7727.093099
-59.182449,25,7727.19793
71.051214,21,7727.28133
-78.298019,30,7727.413126
-174.937212,56,7727.646285
-139.681257,24,7727.740157
-157.066917,25,7727.837212
67.650892,21,7727.924026
170.738431,24,7728.019878
-136.94222,24,7728.113781
-22.839611,19,7728.187427
82.711125,21,7728.275739
-130.825762,20,7728.356695
-14.443861,19,7728.432581
-31.415924,21,7728.516855
-136.337021,21,7728.596129
-129.29483,19,7728.670498
-126.207969,19,7728.747703
-27.846699,20,7728.826114
-20.055035,20,7728.907907
-30.228468,20,7728.991849
-97.314015,32,7729.114701
-365.451149,53,7729.424523
-29.953216,22,7729.514299
-73.814827,28,7742.211172
-27.545891,20,7742.374406
-23.157097,19,7742.472383
-53.270299,29,7742.621844
-28.473904,20,7742.728163
38.708907,26,7742.844166
-61.945584,37,7742.99532
71.12707,21,7743.08042
-25.496317,19,7743.161789
97.820392,19,7743.236601
47.378504,25,7743.338989
-92.670792,31,7743.458994
-62.417319,37,7743.602441
-23.360126,19,7743.680663
-21.340839,19,7743.75624
20.774154,29,7743.874178
206.09756,21,7743.956043
69.478638,21,7744.041423
-113.278616,89,7744.399935
49.208177,25,7744.499502
-27.046688,20,7744.583109
69.012362,21,7744.668183
-24.494125,19,7744.754304
-133.953641,24,7744.851238
51.518583,25,7744.952926
37.179106,27,7745.063061
-82.734203,29,7745.177488
-134.655799,20,7745.25343
51.875044,23,7745.341805
-26.836276,21,7745.426178
48.462906,24,7745.520927
-126.289157,19,7745.598084
-35.797095,23,7745.6895
48.235531,25,7745.789501
45.016417,24,7745.89197
-39.498472,23,7745.985287
-27.526982,21,7746.074733
-79.732574,29,7746.187656
-22.787244,19,7746.261573
-112.358331,34,7746.397694
-262.341238,37,7746.551385
165.143043,22,7746.639559
73.271548,21,7746.722038
-25.723718,19,7746.79731
-27.140207,20,7746.874468
-195.746479,32,7747.013871
-246.900281,37,7747.161968
-25.536524,20,7747.246147
-1.537108,33,7747.389407
-188.598269,30,7747.503585
58.160738,24,7747.59926
-24.644322,19,7747.67714
41.369898,27,7747.786084
-65.611676,27,7747.896085
77.665019,19,7747.974449
-123.421276,19,7748.051304
41.191456,26,7748.157255
-29.697054,21,7748.238219
-38.358186,23,7748.332242
-231.491758,63,7748.591143
-157.371056,24,7748.689852
-233.183065,34,7748.82872
-158.575167,37,7748.976142
-153.743508,25,7749.074698
-135.283859,22,7749.183709
-35.910692,24,7749.282229
81.638985,19,7749.356235
-615.193181,101,7749.766348
-24.63458,20,7749.847952
-162.781159,37,7749.994417
-42.74971,24,7750.094644
177.8354,21,7750.177313
-126.59915,19,7750.254279
-51.698945,25,7750.356911
-38.354275,23,7750.446395
109.619685,20,7750.534248
-37.668357,22,7750.631269
-69.41257,26,7760.908603
117.630339,30,7761.069047
-238.612936,37,7761.239258
-75.543593,30,7761.364634
-126.00716,19,7761.438707
140.283165,36,7761.588251
-126.486078,21,7761.676682
59.050495,24,7761.775046
50.252965,28,7761.888694
-57.068404,24,7761.983713
-40.145124,23,7762.079066
-14.300797,19,7762.153993
-11.878089,51,7762.368953
-126.166131,35,7762.514278
-158.726151,36,7762.66468
-46.069767,25,7762.774118
-129.501009,35,7762.922063
-9.824884,18,7762.997526
-128.261998,21,7763.082869
-35.840837,21,7763.178571
-26.598772,20,7763.258443
-33.770423,38,7763.410062
-81.832613,26,7763.511716
79.941923,19,7763.58794
-16.247156,19,7763.66111
159.446513,23,7763.75002
-132.560662,36,7763.888884
-30.628017,20,7763.969341
-210.777925,33,7764.102598
265.725916,22,7764.186339
64.21014,23,7764.273192
-25.040599,19,7764.34784
-22.230943,19,7764.420261
-97.68258,32,7764.549714
-26.956491,20,7764.626586
106.16176,52,7764.824303
-25.174105,20,7764.910348
70.190667,22,7765.000332
-35.907076,22,7765.192601
-147.876107,35,7765.336007
107.042453,21,7765.423648
-203.136625,37,7765.57902
68.987645,21,7765.665886
-29.448997,20,7765.747274
-18.046418,19,7765.820959
-51.705487,26,7765.928979
-37.410685,21,7766.009416
-20.835831,19,7766.088311
-3.771284,30,7766.206466
-29.223413,20,7766.287599
10.032009,29,7766.411409
-139.077789,24,7766.510125
-181.219958,29,7766.621774
62.220849,24,7766.718289
-240.204734,36,7766.864711
129.63348,49,7767.06415
-231.210372,51,7767.264041
54.819357,24,7767.368001
-17.059916,44,7767.544946
-32.409913,21,7767.626861
-28.70288,20,7767.707493
-486.954627,101,7768.483938
-126.914018,19,7768.563835
-129.778616,19,7768.636749
-39.431189,36,7768.784585
-269.894891,43,7768.951519
64.630852,22,7769.046706
-22.226988,19,7769.131513
-40.450105,23,7769.228205
-133.025979,21,7769.31854
-212.943476,101,7782.936532
-130.034963,38,7783.137093
-201.374259,33,7783.288929
-86.636444,29,7783.409655
-127.363753,19,7783.483773
-42.815032,23,7783.577647
52.30012,24,7783.688366
-239.782207,37,7783.892365
72.579137,21,7784.004721
25.926811,28,7784.144927
65.921878,23,7784.258055
22.737921,29,7784.383069
36.868881,26,7784.48452
-383.381071,92,7784.862886
-106.229763,31,7784.993463
-38.061639,22,7785.083882
-119.688707,18,7785.153874
-122.894932,21,7785.245442
-27.969703,20,7785.327398
-22.854684,19,7785.405453
-32.62841,22,7785.514133
-26.781337,21,7785.602169
69.951437,21,7785.683152
-163.565193,27,7785.794643
210.488964,20,7785.878448
247.338819,25,7785.981347
-48.831716,23,7786.076754
-134.354827,20,7786.159478
-72.852392,28,7786.276569
-122.833143,21,7786.360709
-24.370083,19,7786.438434
47.253796,26,7786.539192
-139.593198,22,7786.626046
70.377609,20,7786.705464
-190.357294,29,7786.830767
-44.12045,24,7786.92743
74.97288,20,7787.014736
-33.702128,22,7787.126265
-96.412002,32,7787.257264
-56.244202,27,7787.370739
54.535367,22,7787.458742
72.083524,20,7787.536948
-212.599312,33,7787.666014
-34.062484,21,7787.749653
0.846397,32,7787.876018
-47.144892,22,7787.961083
-41.002073,23,7788.058714
5.44568,32,7788.197467
50.605946,26,7788.302297
-156.023451,51,7788.498156
-233.893277,37,7788.651571
-142.590304,23,7788.738992
-21.799586,20,7788.816879
-189.128015,29,7788.932343
-22.508937,19,7789.020997
-137.247513,36,7789.170138
60.271629,23,7789.268605
10.5644,34,7789.41475
-48.764076,26,7789.519758
167.712085,24,7789.615696
-234.892921,36,7789.759438
-240.210029,37,7789.907583
-163.276242,28,7790.018165
-40.621626,22,7790.101157
-21.355209,20,7790.187591
250.079577,25,7790.292063
-31.474264,20,7790.371901
-20.776084,19,7790.446732
-121.179974,19,7790.521764
-28.971935,21,7790.603943
-23.607973,19,7790.679445
169.300133,23,7790.772281
-139.486118,37,7790.928056
10.208171,35,7791.072047
65.91762,22,7791.162658
-155.920059,24,7791.256664
-130.965261,20,7791.335945
-150.685848,39,7803.793333
-36.34669,22,7803.926742
-45.698464,49,7804.244463
-131.701163,20,7804.331847
-46.453897,23,7804.430837
-274.220768,41,7804.5978
181.895452,20,7804.676228
-44.450321,23,7804.771539
-25.055411,19,7804.844016
-20.328662,19,7804.924376
-132.099587,20,7805.002912
-118.221408,36,7805.149446
-29.204955,21,7805.240557
-134.993172,22,7805.335423
-128.670494,20,7805.421858
93.03313,38,7805.587729
-44.035948,24,7805.684362
-25.26946,19,7805.76608
-231.468235,35,7805.907025
58.359525,23,7805.999738
-26.274147,19,7806.073371
144.195443,34,7806.209307
71.997298,20,7806.294389
-47.416556,26,7806.397442
-39.690369,22,7806.490834
-274.984347,88,7806.829565
-201.722839,64,7807.085821
57.666419,23,7807.182626
194.259532,23,7807.280428
-35.240239,21,7807.370226
-133.637336,93,7807.824906
-136.581517,34,7807.972648
-24.227356,21,7808.062184
-205.959443,33,7808.207076
-27.389482,19,7808.281127
-42.397009,25,7808.38448
-48.742747,25,7808.487449
-28.613726,20,7808.574441
-27.412092,19,7808.654724
53.809347,23,7808.746573
-131.877449,43,7808.9219
-461.812226,101,7809.345126
-68.59183,27,7809.461494
-139.914293,37,7809.651357
2.653628,31,7809.814339
-120.916344,18,7809.915776
-18.856099,19,7810.022652
50.18476,24,7810.214075
-255.654915,37,7810.614028
24.427964,29,7810.893533
-124.768522,19,7811.097729
-125.001324,49,7811.480079
4.063943,33,7811.819822
12.154706,30,7812.087196
81.235349,20,7812.234037
-177.203868,41,7812.689794
-115.381975,47,7813.192567
-25.121542,20,7813.412698
-28.548308,20,7813.641303
-27.955831,20,7813.877179
-28.528332,20,7814.094915
-35.800912,22,7814.303662
-144.031908,22,7814.435875
-22.832287,19,7814.541929
-25.59496,19,7814.647467
-137.540565,21,7814.734152
30.390343,28,7814.846408
-433.817044,101,7826.030444
109.341307,34,7826.200815
-121.337849,33,7826.348435
-152.908013,26,7826.465996
-334.556938,53,7826.687096
-76.311176,28,7826.801224
-152.028629,26,7826.905951
-29.481723,23,7826.996054
-25.812076,19,7827.076634
284.936103,20,7827.159837
-19.373083,19,7827.234165
-119.972437,20,7827.317475
67.838145,22,7827.412188
-46.361712,37,7827.556507
-179.634888,27,7827.663923
-125.690279,21,7827.750919
-134.025712,20,7827.828326
-125.726233,19,7827.90457
-148.219235,38,7828.062941
-74.912632,28,7828.174895
-133.396507,20,7828.25844
-29.598234,20,7828.334245
61.136765,23,7828.428228
-91.867678,30,7828.545272
-30.7813,21,7828.628576
78.204676,19,7828.701215
-129.200172,19,7828.771822
75.565418,21,7828.850513
-54.470662,39,7829.328921
-97.158523,50,7829.5516
-18.130664,19,7829.620318
59.374582,23,7829.712425
-134.115998,20,7829.793281
-124.835491,19,7829.888083
-29.636167,20,7829.967058
-303.186273,61,7830.214077
-165.019171,38,7830.367461
-32.670337,22,7830.459002
66.974622,21,7830.539904
170.379471,21,7830.622085
-27.820454,20,7830.705133
181.771503,59,7831.025979
-26.546782,19,7831.120996
-12.840943,19,7831.214269
-23.599122,19,7831.299687
-441.401409,101,7831.760682
-60.769587,24,7831.85846
-26.064736,19,7831.935896
38.472613,30,7832.058158
-50.220132,38,7832.212905
-128.370505,19,7832.291003
-120.033305,34,7832.435184
-31.870376,20,7832.516578
-25.984106,20,7832.594799
-530.463255,73,7832.888675
63.649192,36,7833.02775
-41.286466,25,7833.129665
-60.012521,37,7833.273924
243.805494,27,7833.384599
16.439235,41,7833.553725
-23.448669,19,7833.626577
-23.991751,20,7833.705021
-23.54284,19,7833.780392
41.470191,26,7833.886327
64.984804,22,7833.976066
-124.347969,19,7834.058571
-21.897919,19,7834.140243
-63.647738,26,7834.241569
155.159955,24,7834.336388
-35.143998,22,7834.425551
-150.133584,24,7834.521382
59.352832,23,7834.609948
-193.844457,31,7834.727983
-667.700737,101,7848.077606
-267.292211,38,7848.225935
-34.982257,23,7848.319479
-11.08684,18,7848.392605
-246.719851,37,7848.533812
69.248041,21,7848.616724
-158.985776,39,7848.774126
-145.080671,37,7848.921403
-50.791076,26,7849.022388
28.058419,28,7849.142393
-141.894892,42,7849.31192
21.917146,29,7849.42854
-27.112841,21,7849.517758
-194.048674,31,7849.639523
-127.789392,19,7849.717127
-19.680298,21,7849.800226
48.242447,26,7849.898513
-179.742688,31,7850.022492
-31.319843,35,7850.159664
-34.706754,24,7850.253195
197.933316,20,7850.336019
-29.802384,20,7850.413248
-9.986274,18,7850.48623
265.531785,22,7850.573541
-132.470967,20,7850.657441
-62.799926,26,7850.760263
162.557644,26,7850.866392
-31.944212,20,7850.9431
-158.746168,40,7851.095744
75.539988,20,7851.173382
-20.429753,19,7851.245827
-84.903476,41,7851.406322
192.650086,19,7851.483788
56.301835,23,7851.576915
-32.557877,21,7851.662149
158.634022,50,7851.859512
-43.444779,22,7851.943379
-139.346747,38,7852.101259
-92.826722,29,7852.215978
-127.973322,19,7852.294943
-28.682027,21,7852.382095
57.585233,27,7852.490671
61.18773,23,7852.58099
-114.063973,36,7852.725406
-195.719014,31,7852.849337
-208.579197,32,7852.979234
-124.506185,21,7853.069699
-53.832689,25,7853.168124
-267.172078,40,7853.330037
-146.253535,37,7853.47729
39.465939,25,7853.583788
-50.071024,26,7853.691938
-17.78231,19,7853.766201
-27.258817,21,7853.849883
-701.986869,101,7854.243528
61.25936,23,7854.334761
-246.886213,37,7854.479753
-26.92676,20,7854.562775
-24.970853,20,7854.644471
-267.608573,51,7854.852641
-224.505523,37,7854.998921
-127.979342,19,7855.07922
-30.519757,21,7855.160387
-115.478684,33,7855.289853
275.023838,23,7855.381553
-125.763247,19,7855.458132
74.65739,20,7855.539099
-67.20002,27,7855.647553
1.567275,33,7855.782892
-36.083698,24,7855.876363
160.11029,24,7865.35236
-48.500273,25,7865.502783
70.434498,20,7865.591449
-65.975056,28,7865.709799
67.21718,21,7865.794158
61.93029,26,7865.900913
-47.139633,24,7866.000742
-150.365154,29,7866.216629
-61.490346,27,7866.331948
-143.363263,22,7866.420729
-23.836246,20,7866.49785
261.264663,23,7866.589954
-38.86699,23,7866.685751
-149.26474,38,7866.837929
-24.960771,19,7866.914535
-150.419734,25,7867.015653
-31.071213,21,7867.10821
-45.601356,23,7867.201295
-161.045941,37,7867.345709
78.501186,19,7867.433206
-33.122825,20,7867.509051
-124.545214,20,7867.58788
-147.105884,25,7867.68919
-90.319337,31,7867.814806
-215.182774,34,7867.955568
-32.52966,22,7868.043296
-46.283065,22,7868.130853
-164.546881,29,7868.249771
-74.255932,27,7868.355578
-25.835087,20,7868.438914
-24.114081,19,7868.518388
-28.851188,20,7868.593458
-128.585165,35,7868.73543
-125.086888,20,7868.816927
-143.186214,24,7868.909677
-158.214265,26,7869.010593
63.36605,22,7869.099509
-28.682986,21,7869.183556
-182.055599,44,7869.36182
-298.820648,45,7869.539226
-124.942649,19,7869.61568
68.111155,25,7869.713307
34.53838,28,7869.823697
112.363356,30,7869.945693
-374.20483,91,7870.312687
-15.73829,33,7870.4451
-21.321519,20,7870.525757
-56.773736,26,7870.628496
163.773879,22,7870.714439
80.279985,22,7870.801777
-109.617104,33,7870.939555
-15.002316,19,7871.014111
-153.438092,41,7871.175334
35.827236,27,7871.277664
37.084799,25,7871.373062
-24.241136,20,7871.455799
-190.875732,58,7871.81399
71.861388,21,7872.024982
60.622303,23,7872.204747
-40.705826,24,7872.392763
-246.169198,37,7872.729733
-150.707555,38,7873.190345
65.952587,22,7873.377989
-199.433409,30,7873.609848
-51.167993,25,7873.836182
-358.602908,52,7874.178193
-252.697207,50,7874.62192
-90.616885,30,7874.906218
-37.093525,22,7875.112138
47.477623,31,7875.40313
-228.609113,35,7875.713798
36.581338,26,7875.923662
-241.378436,48,7884.930722
-40.48684,22,7885.06993
-128.642784,19,7885.15564
28.033602,27,7885.279322
-52.206777,24,7885.378271
-125.182704,19,7885.456952
-355.470375,55,7885.673857
52.368239,27,7885.779704
71.782744,21,7885.865112
-50.146647,26,7885.966984
-28.326944,20,7886.046221
-34.45311,24,7886.140832
43.687052,30,7886.261682
-266.954259,62,7886.512368
-19.210792,19,7886.587111
-260.757972,37,7886.734176
-29.124794,20,7886.813423
-73.446115,29,7886.931909
54.3248,24,7887.032491
-29.1104,22,7887.117027
-507.439286,101,7887.523907
-217.566844,31,7887.645906
328.502258,26,7887.747654
-20.615999,19,7887.820048
175.606073,23,7887.915481
-213.454007,33,7888.051495
-13.30928,33,7888.178329
-34.32808,22,7888.272709
188.651602,19,7888.355281
-25.349814,19,7888.433043
69.300214,21,7888.517679
-498.266007,101,7888.918032
-67.889094,46,7889.496481
56.697735,29,7889.713191
-257.95607,37,7889.873642
63.75841,22,7889.961899
-157.250463,37,7890.107186
-185.380425,43,7890.29885
-151.446046,24,7890.398487
-21.594482,19,7890.562577
-146.718758,42,7890.731836
-220.795095,65,7890.999653
-26.244584,20,7891.08808
-164.537059,37,7891.295729
-139.531608,37,7891.447037
-31.018907,21,7891.53084
64.952381,22,7891.616243
-130.416144,35,7891.76335
-22.90034,19,7891.839983
-164.218513,27,7891.947535
75.277526,40,7892.10278
-29.80842,20,7892.185834
-248.12803,46,7892.367437
-145.022844,38,7892.52984
57.883049,23,7892.624414
-26.137821,21,7892.707414
-60.902458,37,7892.855877
34.238077,64,7893.108973
-128.479071,19,7893.183903
114.663351,33,7893.319639
-183.175995,31,7893.464966
-305.148001,44,7893.642933
-40.612923,23,7893.734829
-207.130738,35,7906.217921
57.765243,23,7906.376721
-75.972012,31,7906.520021
-138.739489,40,7906.679328
177.624188,21,7906.764661
-138.826505,23,7906.854583
-51.771985,23,7906.946192
-146.607175,37,7907.099026
-24.204988,19,7907.171992
-213.90299,33,7907.301627
7.548066,30,7907.418734
-29.145802,35,7907.566031
164.074014,22,7907.657091
-64.230421,25,7907.756924
-248.864258,43,7907.936461
-124.410002,21,7908.017613
-94.733871,32,7908.143883
138.988008,25,7908.246113
-209.743688,31,7908.363753
39.535172,25,7908.461618
-242.621699,37,7908.606908
-149.79361,38,7908.758467
-35.132471,21,7908.838462
-150.516543,50,7909.036929
57.506779,38,7909.186526
-245.18045,37,7909.334411
-23.199874,21,7909.414648
-132.177532,21,7909.496722
68.480784,21,7909.580808
30.017799,28,7909.69078
-45.442503,25,7909.7928
-215.87547,34,7909.930136
5.976378,31,7910.05259
-13.889248,19,7910.12589
-142.160989,22,7910.21414
52.459775,24,7910.311136
172.258853,39,7910.469208
-144.919451,23,7910.628061
-137.471431,37,7910.773631
-37.910298,22,7910.862077
25.334343,51,7911.069868
-150.7827,24,7911.168047
-139.50362,24,7911.262334
-135.261695,23,7911.352409
-131.350644,22,7911.442384
-144.207162,37,7911.588049
66.238675,21,7911.668522
-101.11997,32,7911.796811
155.358697,23,7911.887023
-16.219978,19,7911.967432
-441.613033,101,7912.384523
-22.764115,19,7912.466875
-26.267744,20,7912.550361
39.474654,27,7912.655607
-177.665189,43,7912.828129
-17.590596,19,7912.907672
17.558287,48,7913.102397
-24.272216,21,7913.188327
-26.351458,20,7913.266495
55.334796,28,7913.381441
-128.060729,19,7913.452738
-203.097709,34,7913.585547
-149.421277,36,7913.724994
54.330467,49,7913.912584
168.334203,21,7914.000384
-276.980003,45,7914.179493
55.068682,24,7914.275478
149.667147,24,7914.372095
5.846874,31,7914.497286
-50.433319,25,7923.354446
-31.48337,21,7923.481048
-119.593081,18,7923.570199
61.617642,22,7923.671689
67.035005,21,7923.759229
-30.869098,21,7923.841984
71.236078,35,7923.984847
-327.130433,50,7924.19015
149.983338,28,7924.3036
156.342595,24,7924.401864
-181.289434,33,7924.643687
9.461519,37,7924.795889
61.642178,23,7924.893806
-147.235362,37,7925.042552
-65.587333,28,7925.153324
-164.233097,37,7925.296768
-42.90794,23,7925.38635
59.799329,23,7925.476787
-184.851765,36,7925.621233
-40.601512,23,7925.716743
-35.359284,22,7925.798792
-73.336163,29,7925.910961
-56.841156,27,7926.020911
-551.66201,101,7926.422625
-30.061306,20,7926.500375
-202.830839,43,7926.670189
-81.661818,27,7926.779183
-279.149784,56,7927.004119
-246.70973,38,7927.160385
65.562854,22,7927.241489
198.847446,20,7927.321408
-114.003649,19,7927.39591
-58.813105,26,7927.508099
-28.886254,20,7927.588122
193.494415,37,7927.738275
44.796004,38,7927.899419
-130.198798,20,7927.977483
-35.170895,22,7928.065326
-50.533361,24,7928.162968
-29.046194,21,7928.248079
-26.65145,20,7928.321347
-238.70267,37,7928.467807
67.029426,21,7928.546608
-35.246057,21,7928.629679
-49.113569,25,7928.727264
58.419559,23,7928.81987
-35.855334,24,7928.911762
297.124849,18,7928.984587
-26.635743,19,7929.057733
45.620055,26,7929.161205
-22.134011,19,7929.241087
-29.77848,22,7929.329457
-425.906952,90,7929.695839
-40.583996,23,7929.786678
-44.389451,24,7929.87695
8.809021,29,7930.00589
-49.169894,25,7930.169084
72.095635,20,7930.26887
-45.440024,37,7930.448093
65.73579,21,7930.573436
-178.643346,70,7930.983015
17.607438,30,7931.167917
-24.630481,20,7931.31644
-128.602303,19,7931.543686
-161.465323,37,7931.834747
-46.281172,22,7931.961105
-15.121854,19,7932.084093
193.480775,21,7932.195049
24.170598,29,7932.329069
-414.181539,83,7941.534262
-38.177104,23,7941.657981
61.011798,22,7941.762117
-32.322249,20,7941.841207
-263.706088,37,7941.988383
-31.793948,20,7942.070688
-25.225583,19,7942.144006
-282.127081,65,7942.404286
186.9825,25,7942.510882
-31.199283,21,7942.597044
-290.151899,60,7942.834979
-198.71983,30,7942.962348
-128.028046,19,7943.036961
-142.849675,39,7943.18713
-55.676069,28,7943.297603
244.635546,33,7943.429778
30.908789,27,7943.537139
-17.411217,20,7943.616185
-20.358916,19,7943.691193
-47.937356,24,7943.787157
103.831619,31,7943.907729
-158.788831,37,7944.055127
-160.407719,37,7944.201335
-46.36069,24,7944.296011
-25.995825,19,7944.373446
163.969649,22,7944.465286
155.527897,27,7944.573729
-22.171932,19,7944.653182
-272.939097,42,7944.814711
-163.793297,27,7944.921029
-423.284089,60,7945.152227
-127.800426,19,7945.225587
-119.734364,18,7945.293566
-187.389085,30,7945.410649
-137.844571,37,7945.558279
-259.566265,41,7945.716914
-23.814325,19,7945.789344
-26.077025,19,7945.865726
-86.405029,41,7946.026589
155.643285,56,7946.255684
-16.537111,19,7946.33241
156.288895,24,7946.428152
-17.526029,48,7946.62212
-31.17148,21,7946.70568
-547.324687,101,7947.795004
54.275524,24,7947.897156
-31.012623,21,7947.98963
-198.742954,60,7948.233598
-62.263516,37,7948.38591
-124.023012,19,7948.467562
-24.922779,19,7948.549442
-223.038171,48,7948.743771
62.82535,22,7948.829706
-247.22514,37,7948.977929
-47.129179,24,7949.076076
-124.625609,19,7949.209345
65.685857,22,7949.297776
-26.047329,21,7949.378966
-253.087596,39,7949.546424
-106.958294,44,7949.72745
-201.665929,33,7949.859487
-22.107737,19,7949.937043
-42.663988,23,7950.027442
-220.1729,34,7950.164279
77.46622,19,7950.235828
169.128827,24,7950.33569
-149.962115,25,7962.546658
265.126003,22,7962.686391
-21.368428,19,7962.796783
-174.30064,29,7962.922975
-297.006463,48,7963.113285
-121.687591,18,7963.185048
-45.178901,22,7963.270948
-542.919689,101,7963.672928
80.614596,21,7963.755017
-28.826632,21,7963.837999
173.205287,33,7963.971175
155.861313,23,7964.06897
-125.282657,19,7964.142557
-22.124842,19,7964.221785
-64.858997,28,7964.332751
-83.303073,29,7964.448138
46.048842,25,7964.548651
-9.4934,32,7964.671966
-45.488641,24,7964.766205
-72.747978,27,7964.869799
44.80563,24,7964.962303
-41.376106,23,7965.049714
-49.307628,26,7965.151548
22.79377,30,7965.27286
-27.602317,20,7965.352102
-10.478965,34,7965.487073
63.887615,22,7965.576263
-252.129324,37,7965.720968
-30.452252,21,7965.80247
-31.370546,21,7965.884091
54.578395,24,7965.97884
28.968576,28,7966.093206
31.520667,27,7966.2022
-143.608944,24,7966.296492
19.909568,29,7966.407393
-29.220905,21,7966.493398
-136.586994,36,7966.636898
51.688258,24,7966.72989
-97.02413,31,7966.853194
-108.106484,34,7966.990263
-40.99496,22,7967.075338
-28.726554,21,7967.160697
-110.551503,35,7967.292729
-44.923803,24,7967.386623
-35.307133,21,7967.468699
63.714015,22,7967.564764
-27.212906,19,7967.637576
-25.921406,19,7967.714371
-54.45589,28,7967.832918
-189.497663,31,7967.956762
-23.101912,50,7968.164032
-65.092615,28,7968.273561
-95.905497,31,7968.400326
-49.854651,25,7968.501411
-196.177589,31,7968.624707
-340.789565,51,7968.827313
-185.274168,31,7968.950731
-123.890567,19,7969.027852
-326.618517,43,7969.203636
67.165488,21,7969.286511
-245.629354,51,7969.492992
59.13194,22,7969.57925
-425.43446,65,7969.834937
-653.517573,101,7970.233341
50.095743,24,7970.326103
-119.650812,18,7970.396037
-47.828172,22,7970.484519
189.025137,20,7970.562535
-37.797569,23,7970.65452
75.99572,39,7979.424913
-37.627657,23,7979.56651
-26.724295,20,7979.668102
-27.722391,20,7979.755089
-149.141354,40,7979.908072
72.584922,23,7980.00157
67.463239,21,7980.088052
-25.828734,19,7980.161918
-28.496301,20,7980.237374
-147.814732,37,7980.382687
-52.63189,24,7980.473823
-124.707649,22,7980.557218
-325.725274,48,7980.751043
38.836768,37,7980.897268
65.080651,21,7981.078985
8.451404,38,7981.240087
158.642316,26,7981.350193
-158.643607,25,7981.450705
-128.076641,19,7981.524241
34.072652,27,7981.632107
-52.574606,25,7981.728086
-272.86009,37,7981.873404
144.245986,26,7981.977708
-76.452475,41,7982.1428
-104.016831,34,7982.282063
-30.868422,20,7982.362552
-260.741071,37,7982.510965
-150.23104,40,7982.674993
-105.284976,34,7982.814291
-65.398495,44,7982.99659
-102.889869,32,7983.125531
-145.625555,37,7983.273623
-67.563863,29,7983.389442
-127.497645,19,7983.463314
200.459672,20,7983.543118
37.038316,27,7983.64956
49.499613,25,7983.750253
-73.848496,29,7983.860368
-462.267162,78,7984.175815
-130.658004,19,7984.25323
-125.101108,19,7984.328266
-117.808879,19,7984.405279
-145.087921,37,7984.551589
-27.194232,20,7984.632598
-171.158096,32,7984.763564
-142.070514,39,7984.921797
-58.706876,37,7985.075295
-105.498687,32,7985.204637
67.413859,21,7985.288876
-104.167185,34,7985.423012
63.052146,23,7985.511549
-127.927706,19,7985.594034
82.933814,44,7985.773571
-62.924712,40,7985.938654
68.729236,21,7986.020091
-24.208107,19,7986.097378
-2.591444,32,7986.225068
-242.943538,39,7986.372604
29.317165,28,7986.513194
-34.487627,21,7986.642387
-30.225037,20,7986.804055
40.984882,27,7987.041692
-123.144885,19,7987.188762
-75.915067,30,7987.458038
-53.988198,25,7987.711397
-341.80385,71,7988.365534
-46.159496,22,7988.545216
-204.958759,32,7988.819074
62.362838,23,7988.962004
-116.144301,20,7989.060167
-124.35043,19,7998.679842
-126.778536,35,7998.887334
-28.910573,22,7998.987414
-28.326629,21,7999.088508
-162.989118,40,7999.248806
-124.729276,22,7999.337689
-29.039987,20,7999.412869
-76.610963,42,7999.578074
-239.803878,51,7999.791312
-103.843027,34,7999.924574
-31.136312,21,8000.005071
33.560214,27,8000.111599
-53.558343,25,8000.211083
88.456022,33,8000.346066
-332.382671,69,8000.931578
-36.646662,22,8001.048695
-10.840984,18,8001.123311
-268.107007,40,8001.284271
160.299427,23,8001.373366
-42.409884,22,8001.464793
-81.761593,31,8001.588877
46.164595,25,8001.701668
-25.483868,20,8001.78002
190.762122,19,8001.857764
63.580503,23,8001.952681
-26.56476,20,8002.035203
64.838122,21,8002.120036
182.076466,24,8002.247843
196.505975,22,8002.346567
106.878882,18,8002.432788
-41.930578,34,8002.587168
-161.032637,27,8002.707211
-123.630397,19,8002.792984
-255.073564,39,8002.963751
56.661352,23,8003.062871
78.467246,19,8003.155254
-29.602605,20,8003.240871
-126.392104,19,8003.320482
-437.83924,78,8003.667376
-241.753883,36,8003.815487
-175.499335,39,8003.982553
-38.043258,25,8004.081846
-34.03277,35,8004.225352
-39.626203,23,8004.319718
-25.855974,20,8004.400982
-26.292537,20,8004.483674
-183.880097,30,8004.606113
-542.570315,101,8005.008517
-124.892099,50,8005.291219
12.35274,30,8005.420704
107.32823,36,8005.564402
47.976985,25,8005.666323
-51.213087,23,8005.7582
-106.977397,45,8005.938081
-129.601795,36,8006.080425
-32.93831,21,8006.166312
-30.304558,21,8006.253361
-44.410518,24,8006.34991
-31.306027,21,8006.432182
-192.143498,32,8006.555044
-147.258363,37,8006.701309
-29.416814,21,8006.786652
-17.8797,19,8006.863442
192.349968,19,8006.941286
69.447447,21,8007.023279
-23.787984,19,8007.100028
-23.373802,21,8007.184149
-30.840138,21,8007.266501
78.238108,22,8007.355785
-166.749598,27,8007.466269
-150.86925,39,8020.119206
-38.530742,21,8020.245761
-109.216047,46,8020.46499
-35.420616,21,8020.54649
-29.799328,20,8020.622648
21.606003,29,8020.739977
-112.231152,53,8020.949771
-395.934255,88,8021.28699
-178.950855,43,8021.459671
-250.991148,37,8021.60721
-23.627085,20,8021.689193
-147.592168,26,8021.790093
73.01831,21,8021.873125
-132.443428,21,8021.950917
-266.206186,37,8022.091433
197.299767,20,8022.168902
-243.292583,37,8022.316378
-150.495498,24,8022.411648
-65.213586,27,8022.517401
-70.076734,27,8022.633694
-28.044364,22,8022.721041
73.090782,21,8022.80548
203.873884,19,8022.880095
-36.330161,36,8023.021126
10.964796,80,8023.338257
-22.253761,21,8023.422026
-29.09348,21,8023.501902
-16.425685,19,8023.573945
-145.867,37,8023.723924
72.339118,20,8023.799632
-157.978626,40,8023.959846
-242.111962,37,8024.105859
354.123095,24,8024.199045
-121.704204,19,8024.27435
45.693804,25,8024.377106
-131.098631,39,8024.523998
-222.53561,36,8024.661122
-165.323336,27,8024.76538
-34.066285,23,8024.859313
201.653487,21,8024.943184
-64.339684,28,8025.057459
180.935555,22,8025.146269
-56.855367,26,8025.248521
-48.660135,25,8025.344954
204.045624,18,8025.417658
-30.969085,37,8025.565258
42.904091,27,8025.67337
-128.116538,37,8025.814241
-31.920565,21,8025.896212
148.261536,38,8026.049386
55.604556,22,8026.137401
-467.286386,81,8026.465007
-32.219012,21,8026.549199
-57.407119,26,8026.652223
64.766916,21,8026.735144
-19.158977,20,8026.817025
61.624122,22,8026.905787
-199.978368,32,8027.031139
-31.791343,20,8027.111892
-40.322977,21,8027.196421
-242.716566,37,8027.341533
71.745403,21,8027.430776
-53.965655,26,8027.533956
-142.790714,40,8027.701361
-133.517065,22,8027.789774
210.520222,45,8027.974185
-73.045451,28,8028.092991
195.160356,21,8028.179444
-41.73692,23,8028.273178
-44.480134,25,8035.826274
65.526469,22,8035.961085
-118.849379,19,8036.050731
-24.629945,35,8036.19823
-221.966039,33,8036.329141
-42.119579,23,8036.420593
-21.646963,19,8036.497259
-246.859647,37,8036.648205
-2.800121,32,8036.78255
-11.057058,19,8036.857643
63.878845,22,8036.949944
-37.615376,23,8037.042371
48.787348,24,8037.14398
12.680877,31,8037.268526
-60.114023,28,8037.37924
72.460334,20,8037.456829
56.262074,23,8037.548606
-32.353506,21,8037.643488
62.328938,22,8037.72994
-127.657646,19,8037.886877
-150.063115,36,8038.042933
-14.520272,19,8038.123132
-24.725555,19,8038.200091
-20.102898,33,8038.335787
-264.306676,37,8038.489747
-177.342904,28,8038.603135
-128.124772,19,8038.675111
-27.429168,20,8038.754376
-19.26283,20,8038.83347
63.048069,22,8038.921212
-26.89543,20,8039.002984
7.47472,30,8039.128731
-40.004339,22,8039.213611
-9.377149,18,8039.28767
-28.672347,20,8039.366969
-25.84798,20,8039.447407
-136.866362,36,8039.597415
151.30735,26,8039.703139
-40.667451,23,8039.795987
-28.772491,20,8039.874533
75.288232,23,8039.968993
28.267296,29,8040.155798
-37.926429,35,8040.300914
-78.281345,29,8040.41517
-115.564588,18,8040.489811
75.622248,20,8040.569494
-23.995926,19,8040.646918
-128.387511,19,8040.723234
66.923975,21,8040.80914
-19.87566,19,8040.884431
-57.96344,25,8040.992295
63.518461,21,8041.088294
-129.668075,34,8041.230594
-110.093089,34,8041.375183
-603.504304,101,8041.78005
-230.541534,36,8041.922655
48.66344,23,8042.016854
11.517794,31,8042.141957
67.851749,22,8042.24389
-147.089731,36,8042.401006
129.159324,28,8042.510209
-242.227695,35,8042.656541
9.287497,30,8042.775002
-22.204134,19,8042.853467
-79.98136,30,8042.976883
-33.924093,23,8043.073922
-14.452998,19,8043.148179
-31.488733,22,8043.233845
-149.162415,59,8043.558287
-42.751664,23,8043.672135
60.963832,23,8043.78931
0.634853,32,8043.981239
-214.145891,34,8044.173996
-223.92164,34,8044.374893
-59.361013,27,8044.531122
72.136081,20,8044.694036
62.33595,22,8051.235018
-125.558659,19,8051.343405
-22.59671,20,8051.452314
-66.176317,27,8051.566388
-79.668833,29,8051.69036
-128.57062,19,8051.767332
194.328771,19,8051.847607
-121.037313,49,8052.052925
-117.153828,19,8052.126913
-124.220553,19,8052.208007
-184.792484,31,8052.336198
-59.156297,27,8052.446894
-248.585555,37,8052.604587
-40.582193,23,8052.700506
-221.553142,50,8052.923915
-203.299548,33,8053.067787
71.108528,20,8053.156598
-15.965302,20,8053.24262
-49.510538,24,8053.342878
-17.305663,20,8053.424115
-128.534185,19,8053.502805
-30.923839,20,8053.585138
-124.191996,19,8053.663402
-124.35081,19,8053.737786
136.733157,26,8053.843362
-99.072379,34,8053.985674
-125.529275,19,8054.065347
-120.034861,20,8054.147427
-81.110286,28,8054.264054
67.148227,36,8054.417083
-77.267384,28,8054.530856
-27.362103,19,8054.606579
-38.445741,21,8054.695083
-125.702593,19,8054.798667
70.859914,55,8055.05729
-126.061885,19,8055.136684
-12.785928,20,8055.216357
-134.06413,20,8055.299061
72.902541,21,8055.382503
197.131925,25,8055.484347
-363.608309,68,8055.771559
-28.105844,20,8055.854809
66.284879,22,8055.947115
-272.121751,49,8056.162825
-130.892325,20,8056.242052
172.689479,22,8056.333794
-45.998241,22,8056.424524
-133.736158,34,8056.565713
-125.113848,19,8056.645024
-136.611146,22,8056.739866
-16.913561,19,8056.81766
-22.731057,32,8056.948195
60.369748,23,8057.045459
50.361379,25,8057.153306
-132.069048,35,8057.295112
-19.343468,19,8057.372266
66.7848,21,8057.461029
157.467404,23,8057.560477
-216.601721,63,8057.813872
158.262864,28,8058.009404
42.89047,25,8058.1251
-76.961296,28,8058.242668
-167.163454,25,8058.345513
60.173689,23,8058.441203
-127.711076,19,8058.518964
-126.538798,20,8058.600771
-15.258704,19,8058.682486
-47.678746,22,8058.775352
-148.832878,37,8058.927441
-25.307938,40,8059.092454
-179.629461,28,8059.205122
-3.960333,17,8059.273772
-24.074345,19,8059.351559
-127.027079,19,8059.430747
-135.479852,35,8059.576203
-27.404407,21,8059.665676
2.021024,33,8059.801957
-117.811592,32,8059.938539
57.571923,24,8069.453045
-128.202106,19,8069.559967
64.01698,22,8069.659781
-135.727316,35,8069.804301
-38.109152,22,8069.897979
71.955734,20,8069.98043
-129.525093,19,8070.063063
186.990362,20,8070.153775
-199.67231,70,8070.6133
-134.11902,22,8070.853192
-147.700774,23,8071.029423
-83.836089,29,8071.23337
-27.441315,21,8071.346043
226.919731,35,8071.535865
-38.152473,23,8071.702354
-24.410574,19,8071.811944
97.220811,20,8071.908525
-174.711107,41,8072.088005
-119.263777,34,8072.226457
-21.735695,19,8072.325545
184.800859,21,8072.426708
60.01976,23,8072.529754
58.059177,23,8072.629925
-20.083703,19,8072.722622
-65.482357,29,8072.859631
72.705685,20,8073.074211
-504.67365,101,8075.829325
87.991965,19,8075.968367
151.622011,24,8076.222198
-98.997051,31,8076.603738
-30.222318,20,8076.701751
-64.180647,28,8076.838296
-30.286179,23,8076.935877
158.212484,25,8077.042069
63.041017,22,8077.159224
-183.834131,29,8077.282942
-37.37317,22,8077.384093
-76.992782,40,8077.592397
137.804443,32,8077.777579
47.903148,69,8078.114585
-371.477148,76,8078.484588
-128.967724,19,8078.564227
39.155016,26,8078.704997
46.887357,25,8078.810552
-154.134049,26,8078.922832
-30.204736,69,8079.234761
-143.716572,44,8079.42795
70.771469,20,8079.608085
-166.515219,28,8079.763534
-33.771643,36,8081.851322
-21.755484,21,8082.077635
67.171565,21,8082.268988
-13.940724,18,8082.369432
70.259388,21,8082.509818
71.687484,21,8082.85997
25.883754,37,8083.284941
-23.541214,20,8083.393732
172.696971,21,8083.503037
-137.238943,37,8083.662121
-39.185744,36,8083.855734
-29.240409,20,8083.950789
163.648932,22,8084.079528
-87.583312,30,8084.23818
-536.889366,101,8084.694329
-26.024242,20,8084.778035
-67.183736,28,8084.909352
-46.740476,23,8085.010678
-131.55795,21,8085.100015
-173.837827,41,8093.044955
-22.142364,20,8093.156663
-127.457969,19,8093.251365
46.309657,25,8093.377326
36.657707,27,8093.507064
126.616483,27,8093.628868
-125.960153,19,8093.706136
19.578841,29,8093.833461
-25.164264,22,8093.933452
28.095785,29,8094.063956
-24.044971,19,8094.152848
102.689304,30,8094.279281
13.33853,29,8094.416949
-156.342532,24,8094.686034
68.601731,21,8094.826687
72.480141,20,8094.955227
-69.496013,28,8095.087467
-72.282052,30,8095.23655
-162.591441,27,8095.366773
-246.181807,38,8095.604148
72.349852,20,8095.726297
53.740881,23,8096.078328
-21.41823,33,8096.510699
-102.384384,32,8096.714231
-18.982075,20,8096.821963
19.110023,29,8097.02485
-167.944683,27,8097.186523
-26.212974,35,8097.351923
-46.579945,26,8097.478919
69.527259,21,8097.667809
-15.720579,19,8099.270921
-123.691091,37,8099.619691
34.805125,26,8099.74223
-181.320825,41,8099.931624
-17.425403,19,8100.024596
-119.333809,20,8100.113868
-123.121765,20,8100.225528
-1.319119,40,8100.412783
-32.982277,21,8100.501014
-162.227547,37,8100.655138
15.104855,29,8100.790823
63.846101,21,8100.882776
-87.179167,30,8101.051319
75.270007,20,8101.171236
67.765258,21,8101.282097
-135.816544,22,8101.383918
171.542478,23,8101.489609
-250.99179,51,8101.715593
-12.453974,19,8101.808088
-193.661264,33,8101.998952
-125.328138,19,8102.214142
-50.001818,24,8102.57184
-25.340192,19,8102.843568
-127.84335,20,8103.620598
165.290192,25,8103.992736
-109.894326,32,8105.248306
-130.783683,19,8105.623298
-31.482969,20,8105.863064
-263.092263,37,8106.243103
-148.140304,39,8106.672292
-61.112243,37,8106.930433
-138.417086,40,8107.215732
-203.39898,38,8107.435898
-35.710693,35,8107.626861
-17.909435,20,8107.724801
-227.302943,35,8107.888678
-51.325879,25,8108.015512
-87.609986,44,8108.232209
-207.866878,38,8108.414298
-33.131,22,8108.531193
-128.669156,19,8108.62963
-24.476526,35,8108.782157
-138.020528,22,8108.873171
21.504564,31,8109.011053
-31.89533,23,8109.107502
-116.867536,34,8115.840005
-136.048457,23,8115.948712
56.406926,23,8116.043804
-22.582639,19,8116.121176
-130.586645,20,8116.20771
35.380266,26,8116.341654
-50.973686,27,8116.454734
-127.082777,19,8116.533452
16.396905,31,8116.682712
-182.782436,60,8116.92556
166.931343,21,8117.007248
-129.084409,35,8117.144318
-95.21069,30,8117.265945
-254.968656,40,8117.429829
62.295325,22,8117.519369
-100.242775,31,8117.662308
31.369495,28,8117.781035
39.112629,27,8117.892705
67.049349,21,8117.979965
-236.634098,36,8118.128956
-62.17859,37,8118.28295
41.56162,26,8118.3928
-22.001109,21,8118.472807
-43.588887,24,8118.573165
-30.464318,22,8118.668863
-320.571279,101,8119.097221
-128.031726,19,8119.178784
-15.541297,19,8119.258404
-150.60322,24,8119.352202
-39.332815,24,8119.455294
63.668132,22,8119.546997
-16.699393,20,8119.630288
-136.592227,23,8119.726575
-142.399815,43,8119.897454
45.828531,25,8120.016307
10.081491,31,8120.16804
71.716256,20,8120.257836
-154.834958,26,8120.383701
40.075865,25,8120.521115
-127.499641,19,8120.610261
-52.827441,24,8120.73816
-22.481195,20,8120.842328
-26.579704,19,8120.946235
-127.882209,19,8121.034513
-54.02319,42,8121.209159
-511.979945,83,8121.55115
-21.863802,19,8121.625515
-113.459974,19,8121.703884
-171.465003,40,8121.864815
-39.51082,23,8121.964002
-94.812623,31,8122.094943
231.416145,26,8122.210864
-73.637412,28,8122.416459
-258.738872,37,8122.570292
-218.188299,59,8122.831476
-255.904893,35,8123.051656
-34.629945,22,8123.151363
-32.6763,20,8123.257281
-18.295264,20,8123.354315
14.093268,30,8123.497393
176.232946,21,8123.583619
-28.308163,35,8123.733952
-296.241026,60,8123.981268
-127.369784,35,8124.131715
-34.177511,22,8124.221953
41.693158,26,8124.322606
-14.460747,34,8124.476638
-234.312487,36,8124.622516
55.523221,23,8136.456546
66.960239,21,8136.667565
197.663249,20,8136.812475
-267.793556,40,8137.16992
-19.441076,19,8137.284377
-115.68495,19,8137.377302
145.405426,24,8137.483695
-133.189159,20,8137.569882
-22.86772,19,8137.656484
-70.339092,31,8137.782525
71.030308,21,8137.876079
-92.489675,29,8137.988669
-36.880428,22,8138.087607
-54.709577,27,8138.205737
-12.131825,19,8138.28366
77.505873,23,8138.375092
47.110682,25,8138.47674
-86.77576,30,8138.60856
-134.092969,36,8138.75315
-87.031999,30,8138.88831
-27.62631,20,8138.968235
48.297539,24,8139.069117
55.379143,24,8139.169118
45.616067,25,8139.278076
-21.298771,19,8139.354785
-25.675414,19,8139.431157
-29.077308,21,8139.522103
-253.005459,38,8139.685181
-129.476373,46,8139.875662
-21.67027,19,8139.955093
43.44707,25,8140.068518
-127.035292,19,8140.14657
-64.705609,39,8140.312002
-235.097536,32,8140.438046
-22.834155,19,8140.51323
-23.511373,19,8140.596672
-268.701489,37,8140.755923
67.452714,22,8140.848265
-510.485066,101,8141.265793
-62.27887,25,8141.365524
-115.382687,18,8141.442764
-62.219913,26,8141.552587
-110.911361,34,8141.731363
-24.695744,20,8141.82258
-131.543582,21,8141.904755
120.309232,29,8142.023168
-60.129283,24,8142.134931
-27.329735,20,8142.228465
-37.454517,22,8142.319251
70.548104,20,8142.41181
80.308938,20,8142.493145
57.503616,24,8142.587962
-156.808035,38,8142.748089
-130.12339,19,8142.833784
-28.833262,20,8142.944207
-56.897773,25,8143.050754
198.897154,20,8143.145624
55.982951,23,8143.248929
72.469993,20,8143.336622
53.828865,24,8143.435637
160.432006,22,8143.53174
-70.978101,28,8143.64302
-264.81901,37,8143.795403
-35.562956,22,8143.889303
-39.812623,23,8144.395155
-168.009795,28,8144.557093
-22.772899,19,8144.648776
-35.804255,22,8144.73979
-196.699795,29,8144.86718
-127.149954,39,8145.054692
-31.070475,21,8145.142209
-583.691795,101,8145.598215
-164.685621,39,8145.781751
-53.427892,25,8145.885828
-23.501875,19,8145.962823
-47.642637,22,8146.061449
-127.870545,19,8154.210697
-39.040215,23,8154.381657
69.641619,20,8154.486981
-128.843748,21,8154.586828
212.014584,19,8154.677732
-32.023985,20,8154.771105
160.085644,22,8154.862841
40.473607,25,8154.997269
-30.418023,20,8155.091928
-142.214879,24,8155.196529
132.39025,31,8155.325029
46.614558,24,8155.426873
-16.658552,20,8155.512986
-129.109896,20,8155.594507
-53.902764,26,8155.70926
60.450715,22,8155.804518
-62.532528,27,8155.918496
57.468266,22,8156.009644
-25.219185,19,8156.098131
67.864803,21,8156.185768
-25.040618,19,8156.267071
-63.12815,27,8156.375548
-19.545835,20,8156.46199
-155.767669,25,8156.563462
-113.948543,18,8156.633961
-70.964137,26,8156.739694
-116.658144,18,8156.811231
-37.090788,23,8156.905011
-118.52758,33,8157.042111
66.016095,22,8157.145835
-121.225725,20,8157.236785
69.319339,25,8157.437196
-126.468268,19,8157.523136
42.249862,25,8157.636488
12.125754,32,8157.773827
21.30579,30,8157.917771
170.304639,21,8158.0107
-139.486325,21,8158.102541
-29.054708,21,8158.195492
-133.251423,20,8158.28289
-133.482877,20,8158.365671
-23.299972,19,8158.441875
-17.457399,19,8158.522239
-50.425542,24,8158.615843
-50.55033,24,8158.715931
-185.607044,30,8158.839713
-159.957945,40,8159.010183
53.988128,24,8159.12432
70.545952,20,8159.208491
-44.42509,23,8159.301964
31.830795,28,8159.426185
-25.260305,20,8159.506031
-30.734768,20,8159.591322
19.294563,30,8159.72169
-165.665799,27,8159.883619
-38.195882,22,8159.986627
66.973304,24,8160.113018
157.299256,25,8160.221261
-130.003958,37,8160.368016
-185.341897,29,8160.488273
-121.502831,19,8160.566174
9.852923,30,8160.700543
-130.594988,19,8160.785502
-414.274304,101,8161.247439
-188.435535,44,8161.463636
163.381343,22,8161.572737
150.005829,23,8161.684848
197.348204,21,8161.802177
-309.467325,46,8162.039386
-124.013313,19,8162.136955
70.236755,20,8162.226655
19.038122,28,8162.397407
-30.177713,20,8162.490756
64.104987,21,8162.586138
-130.275222,20,8162.681587
-11.582436,19,8162.763707
-35.252226,22,8162.906086
-24.352257,19,8163.04149
-27.706003,20,8163.158918
-34.762222,36,8163.371797
-56.135325,24,8163.532046
-24.955248,20,8163.752009
-31.043476,21,8164.003757
-275.526646,73,8174.778481
-45.566804,22,8174.939591
-79.610129,31,8175.175799
349.064994,25,8175.317242
-19.21295,20,8175.433419
-115.675062,19,8175.524528
-25.627669,20,8176.124362
62.387712,22,8176.585108
-271.332558,39,8176.90197
-32.402029,21,8177.021866
-23.67058,21,8177.124991
58.180086,23,8177.231334
64.888785,22,8177.341109
-58.814246,28,8177.482919
50.546758,24,8177.616342
53.995541,22,8177.735867
-132.975794,20,8177.82428
49.11356,25,8177.944545
-51.392273,26,8178.057404
-29.202923,35,8178.203305
-68.373945,27,8178.311259
55.729161,24,8178.413694
-78.424256,56,8178.646402
-82.488472,101,8179.08614
-29.71108,21,8179.168369
-58.650243,28,8179.287694
39.894948,26,8179.391378
61.100956,23,8179.502963
198.382521,22,8179.597312
167.52872,21,8179.686198
-35.112995,23,8179.776257
-25.878609,19,8179.848623
-16.633044,19,8179.923935
62.569,22,8180.014455
-191.666006,44,8180.209747
-177.172658,43,8180.386767
-61.972761,28,8180.497226
15.652059,29,8180.6114
-169.700898,28,8180.725603
-28.472951,21,8180.811064
-38.727202,24,8180.918477
-121.196064,21,8181.001902
-196.138849,45,8181.198755
-53.113381,25,8181.298431
-28.643424,20,8181.379324
-39.286361,21,8181.470969
-239.049569,37,8181.627794
149.623761,24,8181.731831
191.023337,22,8181.820708
58.359783,24,8181.91916
-22.933568,19,8181.995408
-141.152899,37,8182.150565
-142.429576,37,8182.301742
37.505489,27,8182.41343
-37.948171,23,8182.507126
-28.137033,21,8182.586666
-29.657901,20,8182.674433
-14.59911,19,8182.751812
116.735846,34,8182.895316
-184.47834,45,8183.078309
6.341727,33,8183.209044
39.376918,28,8183.322017
61.953889,22,8183.504734
163.266487,22,8183.596914
-58.882446,27,8183.715143
1.212485,31,8183.839036
-20.647686,19,8183.930525
61.60091,22,8184.021325
-61.273445,27,8184.13055
-122.14337,19,8184.209342
-306.473483,73,8184.661189
-53.760804,26,8184.850054
-129.166978,19,8195.973952
-47.784445,24,8196.126672
249.520012,25,8196.256067
-22.345338,19,8196.339617
-26.64335,20,8196.436931
64.589643,22,8196.534165
-183.471381,36,8196.692116
-35.804393,22,8196.78465
-74.937063,31,8196.921175
291.066524,23,8197.017582
-80.336842,29,8197.153675
-19.49397,19,8197.231138
39.861581,26,8197.336451
-128.914062,21,8197.425655
-163.54406,28,8197.54728
-23.730493,20,8197.630206
-30.58144,20,8197.743354
-20.862006,20,8197.83217
-33.353117,20,8197.919879
65.537155,22,8198.013374
-26.80423,20,8198.104046
-26.198955,20,8198.186538
69.124132,21,8198.274155
-58.622193,26,8198.385435
-55.16735,27,8198.493646
-161.342052,37,8198.64755
-136.909532,22,8198.748225
58.332018,23,8198.840975
69.33558,21,8198.926243
68.477871,21,8199.010138
-148.495308,39,8199.185051
-185.268843,28,8199.301582
-219.926416,45,8199.489836
-28.262655,20,8199.577852
-127.700345,19,8199.655766
-59.455925,27,8199.771086
-9.124635,46,8199.992193
-24.84367,21,8200.085559
-23.621258,19,8200.164255
197.967599,20,8200.253974
-44.259348,24,8200.351081
-122.271115,35,8200.495439
-127.079121,19,8200.576951
-56.667526,27,8200.693226
65.282642,21,8200.789902
61.558227,23,8200.887535
-259.929561,39,8201.044513
-480.370631,69,8201.331666
63.143942,22,8201.42084
-174.915258,32,8201.563514
-157.921062,40,8201.729746
-77.576856,29,8201.85443
-136.974147,37,8202.009715
-59.440766,37,8202.155424
162.4067,22,8202.242181
-150.674962,37,8202.388963
-44.152315,25,8202.487793
-161.890874,25,8202.592836
161.363705,22,8202.686992
-132.436609,20,8202.768621
124.292393,27,8202.877765
-95.594773,48,8203.070499
71.603695,55,8203.297995
-11.851706,19,8203.377216
62.15181,22,8203.469575
82.335253,22,8203.55735
-3.003932,31,8203.684063
-130.570253,20,8203.769097
-221.452884,38,8203.921538
-450.633919,79,8204.241536
-146.475993,26,8204.349623
-63.72438,46,8204.538198
-33.682298,39,8211.264116
182.197318,21,8211.718939
133.855571,30,8211.913513
-29.973207,20,8212.00193
64.284854,21,8212.089435
-230.292075,37,8212.236239
77.61365,19,8212.309439
68.748472,40,8212.473698
-30.575661,21,8212.560718
-33.205917,22,8212.646825
-386.243696,55,8212.885637
-464.961008,101,8213.292663
31.693336,27,8213.399254
282.544005,23,8213.50057
-106.873253,61,8213.751651
-267.220628,42,8213.943135
-57.810571,26,8214.053666
-127.906681,19,8214.132329
-17.821265,20,8214.212152
-57.443753,37,8214.369127
-21.110409,19,8214.44383
0.076609,45,8214.62606
-26.527105,19,8214.707447
28.360533,27,8214.819912
-132.730835,35,8215.01874
-35.45174,21,8215.333606
-203.066114,32,8215.483903
-146.421256,22,8215.571651
-19.785033,20,8215.654848
-81.704127,30,8215.78775
-196.606863,43,8215.958511
-27.047576,22,8216.050929
-252.134573,39,8216.22037
-113.122696,18,8216.296926
-127.321099,19,8216.375047
59.536481,48,8216.592055
164.354355,24,8216.696016
-38.597238,23,8216.792577
-100.914253,32,8216.924043
-47.351779,24,8217.020729
-24.709011,19,8217.098648
63.123743,22,8217.187621
57.169228,23,8217.280834
5.896997,66,8217.554007
-267.990352,58,8217.809638
-121.211254,18,8217.901831
-115.134408,18,8217.99063
-265.942852,40,8218.167434
55.581947,23,8218.263203
-31.261193,22,8218.348106
69.304903,20,8218.432486
-132.560837,40,8218.596196
63.163425,22,8218.690122
-341.831678,80,8219.018329
-242.560041,40,8219.194887
-34.220904,24,8219.286787
-132.99821,21,8219.371582
53.107618,22,8219.462551
-131.368103,20,8219.546354
50.860722,24,8219.654277
-65.417642,26,8219.756742
-127.652439,20,8219.832973
-24.355504,19,8219.909195
-41.300284,25,8220.017612
-118.740967,19,8220.097993
-29.850691,22,8220.193675
202.12263,23,8220.294694
65.656476,21,8220.384228
-130.32709,20,8220.462582
165.594779,24,8228.8757
-29.3685,35,8229.076738
7.758398,34,8229.225596
77.304354,22,8229.31854
153.65332,24,8229.422258
-85.309898,30,8229.546825
-470.674127,101,8229.972604
-8.691687,19,8230.051898
-21.984528,19,8230.127097
28.631074,27,8230.2351
-33.673042,23,8230.33187
-230.80133,39,8230.497582
-146.515186,37,8230.640512
-29.441067,20,8230.721764
65.956675,22,8230.815628
-41.195188,24,8230.914423
-161.020364,40,8231.075276
65.017439,36,8231.223569
63.056658,23,8231.317177
-31.710476,20,8231.402997
-43.461455,24,8231.505679
33.903116,38,8231.664742
-154.165314,37,8231.816265
-215.54747,35,8231.961348
-63.489274,27,8232.073467
-132.941635,21,8232.156415
-126.062774,19,8232.233438
-62.444042,27,8232.336304
-27.071757,19,8232.411122
-37.515418,23,8232.50603
51.93924,23,8232.597416
-62.288673,37,8232.755253
-134.090451,20,8232.834558
-70.111232,28,8232.956638
-116.846349,18,8233.031088
61.321361,22,8233.118723
-136.496867,40,8233.280395
-97.518447,32,8233.406409
-132.441413,36,8233.635089
67.368518,23,8234.184123
-21.695336,20,8234.296888
-17.07269,19,8234.381861
-10.410173,33,8234.523004
-57.218342,37,8234.678807
-20.540228,19,8234.757106
-120.410978,21,8234.842104
22.016643,29,8234.960856
71.764559,20,8235.055092
-47.184138,25,8235.173475
-124.785944,19,8235.250087
-29.481077,21,8235.336098
-64.08982,27,8235.443928
204.80075,18,8235.519866
-296.979077,44,8235.702374
42.353693,24,8235.80419
169.228577,21,8235.88692
-259.728673,37,8236.039475
-262.071516,37,8236.186403
198.551912,22,8236.281478
145.874691,44,8236.475457
-244.909537,37,8236.627079
-26.523745,20,8236.713193
-123.15622,20,8236.794968
-19.407068,19,8236.872275
-56.69295,27,8236.984209
49.233829,37,8237.138383
-45.731726,25,8237.238608
-121.997071,18,8237.403625
-147.972766,37,8237.557475
-128.894907,35,8237.705597
-36.434367,21,8237.799455
69.745258,20,8237.880957
-128.172708,35,8238.02334
-31.629717,22,8245.648819
48.961503,25,8245.796029
41.384672,27,8245.911501
-44.277328,22,8246.000988
-127.402349,19,8246.083575
-35.126418,22,8246.175986
-137.036881,59,8246.412919
-123.799469,19,8246.489205
49.051716,25,8246.591156
-127.199326,19,8246.670821
45.291504,24,8246.77504
-39.342331,24,8246.880466
-88.780876,30,8247.005575
-120.067922,19,8247.085533
-33.271717,20,8247.172267
-52.915001,25,8247.277903
-249.013633,38,8247.428995
-81.432934,28,8247.539339
-120.808253,31,8247.660859
161.621781,25,8247.77249
36.894259,26,8247.87915
179.21047,36,8248.030688
-172.753702,27,8248.14281
-126.355052,19,8248.218554
-196.953574,59,8248.452404
19.375193,30,8248.578898
-122.574381,19,8248.653477
-20.438202,19,8248.730762
-29.194699,22,8248.819734
30.113575,28,8248.930449
-16.155917,19,8249.005844
-120.035065,20,8249.088732
-127.384748,19,8249.168603
-153.174888,25,8249.270145
-126.133992,19,8249.349283
-145.262235,24,8249.451012
-211.332332,30,8249.578216
-132.427988,20,8249.658376
-52.907716,25,8249.766782
-152.911332,55,8249.99934
-109.328097,35,8250.144407
184.046059,20,8250.226973
-30.101975,21,8250.321934
-129.236923,19,8250.400528
-133.639872,37,8250.55054
44.117722,24,8250.648122
-125.332556,19,8250.724707
60.629253,22,8250.825146
-274.782458,55,8251.04919
-39.381116,24,8251.167247
-138.281599,39,8251.350128
-142.319276,44,8251.531466
-75.328939,28,8251.647961
44.1141,25,8251.747726
67.195886,21,8251.837331
-53.446225,23,8251.935549
-141.086257,38,8252.0945
-127.293728,19,8252.172899
-194.527432,31,8252.29948
-68.176029,28,8252.412989
-11.91082,32,8252.540057
-160.065871,26,8252.649636
72.879252,22,8252.746644
-127.494764,35,8252.891287
-52.916693,25,8252.99751
102.003653,31,8253.132636
-18.190224,34,8253.275062
-245.56783,38,8253.424905
-44.676721,25,8253.521443
-25.455409,19,8253.598062
-22.094291,19,8253.678039
-138.384867,36,8253.822946
51.255069,25,8253.923867
-79.478691,28,8254.039096
56.32564,23,8260.996442
-29.806258,20,8261.132854
-89.554379,30,8261.286243
-132.721611,38,8261.442857
-19.539371,19,8261.52258
46.386748,25,8261.63106
-108.904901,33,8261.768822
-21.960435,19,8261.847453
-23.740759,19,8261.932926
-132.245858,21,8262.020083
48.983536,24,8262.116952
22.90558,29,8262.234479
-49.951489,26,8262.340986
42.582565,25,8262.446851
-183.237817,45,8262.634201
-194.689313,44,8262.816921
-134.628816,60,8263.05743
36.990932,27,8263.168061
199.90998,19,8263.245619
-18.868089,19,8263.32392
-52.114675,25,8263.427154
-614.657506,101,8263.84444
260.777025,22,8263.931507
-138.330454,36,8264.07753
-45.671068,24,8264.177243
-119.443975,33,8264.313038
-21.542217,20,8264.390952
-16.170296,19,8264.468712
-82.089899,30,8264.59006
-132.851273,20,8264.67441
-29.13098,20,8264.754511
-203.058275,38,8265.006927
-129.721395,19,8265.099044
47.808332,26,8265.206572
-47.265493,24,8265.300728
-163.402638,31,8265.425116
-38.349163,22,8265.513411
-176.570919,28,8265.62826
-29.309386,22,8265.721482
-31.61346,34,8265.85904
-32.077115,22,8265.948017
-33.257119,21,8266.038427
42.357711,24,8266.209537
-24.924027,19,8266.294006
-16.319625,18,8266.366289
239.110499,27,8266.472472
-14.448993,20,8266.554357
71.089806,20,8266.634472
-15.734523,32,8266.763791
-115.562241,19,8266.843855
-28.648969,19,8266.920979
-20.608653,19,8267.001278
15.404589,29,8267.118424
-190.281099,57,8267.385345
-69.260821,27,8267.514745
209.97301,20,8267.606553
-283.571921,42,8267.814757
-179.982631,41,8267.998644
-23.88272,19,8268.078122
-157.292328,37,8268.231614
-229.703423,35,8268.372331
188.727119,26,8268.484021
-14.539583,19,8268.561656
60.369445,23,8268.652456
-26.512375,20,8268.73394
-198.804387,59,8268.972166
-66.269592,27,8269.083446
-168.622435,38,8269.23675
-40.60539,22,8269.328324
-241.261187,38,8269.491411
-204.495756,33,8269.630086
-244.783777,37,8269.790935
-123.938962,19,8277.619088
41.237052,26,8277.765903
167.377091,24,8277.874413
257.124188,22,8277.965389
59.050997,23,8278.065623
-41.295173,21,8278.150279
-131.923159,20,8278.227417
-135.647509,21,8278.309316
-113.383121,18,8278.383656
185.171956,24,8278.481696
-28.35578,19,8278.55768
-28.822289,22,8278.643954
177.097263,22,8278.731411
131.315197,26,8278.83657
37.925754,26,8278.949492
-31.051278,20,8279.038378
-133.409447,23,8279.13293
-241.466471,37,8279.286396
12.771769,29,8279.402605
31.921396,27,8279.51898
-65.930278,47,8279.709109
-133.562816,20,8279.791221
-32.308911,21,8279.878617
-46.407011,24,8279.976124
-58.255267,37,8280.142375
31.510061,29,8280.267271
-29.285635,35,8280.411079
-133.37823,20,8280.494015
-138.339599,22,8280.583042
-77.330214,41,8281.082091
-143.842755,26,8281.218217
-29.997225,38,8281.394638
-32.608806,20,8281.478961
-29.172043,20,8281.561031
341.387122,26,8281.667932
66.974151,25,8281.771842
-30.42365,20,8281.852426
-38.28732,23,8281.94865
-269.88493,70,8282.2473
-122.670007,21,8282.334474
-62.24441,27,8282.461761
-135.103471,20,8282.547734
-73.5405,28,8282.670963
19.569173,34,8282.823331
-120.294345,19,8282.903724
-32.659655,20,8282.988422
-45.122706,39,8283.147545
65.269846,21,8283.232797
-126.958611,20,8283.313151
-57.130437,39,8283.473645
-170.038118,45,8283.662788
54.047619,22,8283.822613
-23.080714,19,8283.921072
-29.907592,21,8284.06144
-133.403979,20,8284.192691
-26.898163,19,8284.293907
-131.668589,22,8284.415193
331.956815,37,8284.589208
68.974756,21,8284.694665
-28.830691,21,8284.794098
-30.660357,23,8284.907486
-36.921482,21,8285.001403
-37.505312,39,8285.182851
38.520057,26,8285.297084
-23.619184,21,8285.393119
-52.522343,36,8285.538394
195.57964,23,8285.64088
52.380857,25,8285.76616
13.531765,29,8285.924783
26.857259,29,8286.063614
-21.33916,19,8286.155032
-41.801765,22,8286.258051
-144.203078,37,8286.436097
-91.227804,32,8286.58551
-163.367674,52,8286.929436
-38.717977,23,8287.046451
-31.911884,20,8287.138646
-119.860824,18,8296.267185
64.683635,21,8296.39309
-327.050522,59,8296.651084
-254.213226,37,8296.810118
-29.000939,21,8296.897264
27.766335,28,8297.012287
-287.45987,37,8297.171387
-62.394861,24,8297.274218
-113.669017,35,8297.415337
33.084457,28,8297.530734
-130.01226,19,8297.607079
-132.53698,20,8297.695032
-179.376622,30,8297.817354
-136.892357,24,8297.921569
-61.470367,26,8298.028555
-27.299227,20,8298.112434
54.39523,24,8298.212101
-53.424401,26,8298.320904
-115.937245,18,8298.398479
-336.260653,63,8298.654619
70.158705,21,8298.737734
-28.832629,21,8298.823944
-143.47339,38,8298.978124
-54.690217,26,8299.086857
-245.73271,37,8299.242686
-137.206213,36,8299.389583
-38.129362,22,8299.480068
-381.485408,101,8299.903292
-149.704054,38,8300.067708
-25.123656,20,8300.151229
-164.240721,26,8300.259404
-232.599436,38,8300.416443
-60.014143,27,8300.528714
-37.922938,22,8300.619769
-209.999879,33,8300.757417
-137.178654,37,8300.916331
-181.752014,43,8301.09408
-255.149439,52,8301.299125
183.216712,20,8301.381062
-23.810989,33,8301.512353
-47.365513,27,8301.62858
-130.776025,21,8301.715039
-48.636825,38,8301.869634
-290.425987,58,8302.102808
-57.186502,27,8302.21288
-30.139078,21,8302.303709
-18.379136,20,8302.384916
-34.288431,22,8302.47519
-115.380563,38,8302.642001
79.387745,40,8302.806906
-66.096384,26,8302.913949
75.351561,20,8302.99586
-26.340845,20,8303.078922
160.162909,23,8303.173863
-138.159543,36,8303.325149
60.301093,23,8303.415191
167.071603,21,8303.496158
173.669131,34,8303.62995
43.290421,24,8303.726742
67.25272,21,8303.812987
-21.111003,21,8303.900565
-126.514833,19,8303.977536
59.545422,23,8304.079466
39.634104,26,8304.189973
55.843742,25,8304.293132
-58.668337,26,8304.399358
-166.034752,40,8304.560811
58.04876,23,8304.653953
-127.420714,19,8304.730474
67.694217,21,8311.40431
-151.930768,38,8311.600794
-127.688294,19,8311.678624
-21.617012,19,8311.756295
359.172849,23,8311.852289
-25.982459,19,8311.929884
-121.543738,21,8312.024693
-45.647554,25,8312.130611
-36.58208,23,8312.230373
-132.401569,20,8312.316945
87.347059,19,8312.39765
-13.589127,20,8312.477889
183.607006,20,8312.564318
-33.798311,20,8312.647858
66.193021,21,8312.740508
-125.009975,20,8312.822579
-23.990762,19,8312.900335
-126.869733,20,8312.982738
-29.376917,21,8313.071981
53.18061,24,8313.170901
67.295385,20,8313.247634
-30.677008,20,8313.325222
-20.32327,20,8313.40451
-163.85192,40,8313.570266
-34.160206,23,8313.663906
-25.17743,20,8313.746399
-169.552438,27,8313.855235
-134.299155,22,8313.944679
-126.772729,19,8314.02362
-239.819794,37,8314.17537
-31.245042,21,8314.266058
-55.102491,27,8314.375364
-7.677437,18,8314.451791
-25.140057,19,8314.528604
-64.752606,28,8314.642805
183.176946,24,8314.757419
-122.122674,19,8314.837046
68.069037,21,8314.921414
-54.529024,26,8315.030748
91.796414,37,8315.188915
52.152245,23,8315.282131
-45.128466,22,8315.375061
-98.418556,30,8315.506163
55.183275,37,8315.742832
-54.54528,40,8315.914942
-29.424993,20,8315.994233
-119.405003,20,8316.101801
35.447503,26,8316.210545
44.83206,26,8316.329837
198.391484,20,8316.413571
64.453061,22,8316.501392
-21.152585,21,8316.587288
-31.215775,20,8316.667743
-25.935991,19,8316.747983
-197.812533,57,8316.980247
-25.989427,20,8317.067567
-107.147084,32,8317.195707
-29.242127,21,8317.279079
213.048018,29,8317.622972
-22.870281,33,8317.77251
-132.775712,20,8317.856153
18.788088,36,8318.000891
67.383223,21,8318.093333
-53.275858,25,8318.194502
212.853855,19,8318.272575
55.276435,24,8318.370668
-42.093048,26,8318.473927
47.178234,24,8318.568345
-133.00483,20,8318.650442
-146.380046,23,8318.748095
38.277903,37,8318.89475
-28.604431,20,8318.977556
-189.912461,30,8319.110664
-107.794957,33,8319.245194
-290.436291,43,8319.41562
52.249483,25,8319.518769
-156.772833,42,8319.701809
-19.99329,21,8319.786498
-54.114839,36,8319.937289
-99.836936,32,8320.07872
-39.170068,23,8320.172213
-126.504142,19,8328.208392
27.157826,28,8328.37459
-134.396255,20,8328.469924
71.429718,20,8328.557808
29.423955,27,8328.671554
-131.734232,20,8328.750082
-21.610077,19,8328.827822
63.96721,22,8328.917155
-23.665157,19,8328.992781
1.454815,41,8329.158774
-35.006421,22,8329.250287
-19.795152,20,8329.330822
-56.768284,26,8329.43905
-241.304961,37,8329.589738
152.670103,37,8329.74077
-32.25755,20,8329.824
-33.742928,22,8329.911673
-416.196993,76,8330.238395
-208.042276,54,8330.465019
-35.091548,22,8330.553124
-30.150677,20,8330.628909
-114.232883,18,8330.703001
-288.171259,43,8330.883336
-129.317886,21,8330.966311
52.609292,24,8331.060729
30.698666,27,8331.170402
-126.415377,19,8331.246674
-20.948081,19,8331.324255
29.145168,29,8331.445178
24.949626,29,8331.568085
-117.155322,19,8331.646031
-59.097767,25,8331.759045
47.007233,25,8331.86067
-73.383545,28,8331.974324
-130.833411,19,8332.056229
-131.048472,20,8332.139108
-15.797834,19,8332.21244
-60.527282,37,8332.362817
154.985051,23,8332.456064
-155.142396,25,8332.561503
-58.58352,37,8332.716559
74.128853,20,8332.80811
-156.564169,37,8332.961345
-135.637878,35,8333.10778
-46.285038,23,8333.204215
-139.724606,21,8333.286656
-27.195226,19,8333.370183
-116.503243,19,8333.445803
-23.766559,20,8333.529388
-84.864522,30,8333.653557
-159.482944,39,8333.811703
-54.029057,25,8333.912923
37.114367,37,8334.07129
-37.000432,22,8334.164709
-12.284262,34,8334.300232
-153.71846,37,8334.446953
-157.188597,24,8334.544781
-202.000951,32,8334.677963
21.573093,29,8334.793991
-62.624038,25,8334.895537
-63.795565,37,8335.053403
-33.858031,36,8335.232616
-24.972567,19,8335.680422
-21.498299,19,8336.041821
56.10548,23,8336.16184
-273.63554,72,8336.466631
-251.393515,37,8336.620735
-45.755362,24,8336.72741
-92.392842,30,8336.857641
-138.363908,35,8337.001559
-45.803414,22,8337.107465
67.336584,21,8337.204597
-248.233303,37,8337.354496
49.699756,25,8343.665375
-33.170843,21,8343.790652
-41.1358,23,8344.013395
-279.080225,93,8344.407462
36.215809,27,8344.520647
-49.588844,26,8344.626419
-40.984537,22,8344.715166
48.036103,26,8344.822944
67.802018,21,8344.908341
-128.979,19,8344.986414
-131.201844,20,8345.065934
35.499496,27,8345.174721
68.433909,22,8345.269943
-133.765487,34,8345.410184
-65.24332,37,8345.554692
40.957962,37,8345.706493
-27.689697,20,8345.787261
-131.383168,22,8345.87717
-28.407494,20,8345.959991
-20.057098,19,8346.045579
-372.72241,101,8346.465727
169.089168,24,8346.565968
-22.191269,19,8346.643974
-127.965352,21,8346.731873
64.919786,22,8346.827565
-29.11502,20,8346.908102
-31.666101,20,8346.988977
-52.537246,26,8347.096985
-140.054877,37,8347.243042
-32.128048,21,8347.325565
-127.820882,19,8347.398959
-174.512689,28,8347.514211
-63.414514,27,8347.624681
182.340946,20,8347.708976
-69.247498,29,8347.83195
72.224994,20,8347.918694
57.049969,23,8348.014077
-30.760613,21,8348.101605
-127.911665,23,8348.193963
-131.884178,20,8348.273588
-21.058839,22,8348.36389
32.595493,28,8348.475872
-19.904805,20,8348.562343
-25.946359,19,8348.649722
62.174394,23,8348.745487
-25.259299,19,8348.82151
-157.219469,37,8348.971358
71.987708,20,8349.050341
-26.327971,21,8349.135094
-232.953627,32,8349.264882
159.003621,27,8349.377642
-15.226152,18,8349.497922
-165.446155,43,8349.74534
-121.199275,20,8349.845219
41.162662,27,8349.984447
41.563785,25,8350.132127
63.464297,21,8350.25079
131.660913,29,8350.45608
173.899597,22,8350.666712
-212.704674,34,8351.003425
-204.817385,31,8351.498648
-37.632464,21,8351.872936
-20.269829,19,8352.067661
-101.916336,32,8352.280906
-462.60681,101,8352.745067
-36.627131,21,8352.845788
-34.916234,37,8353.008171
39.111489,27,8353.12075
-176.421059,42,8353.295292
-30.130082,21,8353.380238
54.520407,25,8353.477364
-137.757637,36,8353.620167
-203.8132,31,8353.744487
-118.189398,18,8353.815369
-140.423324,35,8359.648344
-68.539613,41,8359.83204
-132.188475,20,8359.916287
-47.243881,25,8360.020125
-180.107293,28,8360.139976
-126.860032,19,8360.222399
-212.530196,37,8360.371848
64.40396,23,8360.468311
-280.616017,57,8360.698911
-35.864536,22,8360.79006
-42.889501,24,8360.887781
-28.738741,20,8360.967393
70.946683,20,8361.052318
-111.471232,33,8361.188667
27.373646,27,8361.300042
71.706256,20,8361.379087
-172.617778,26,8361.483586
-29.53335,21,8361.569537
-128.503431,19,8361.69079
-73.464846,28,8361.807834
-128.669354,21,8361.893578
-37.27902,22,8361.983862
-79.983646,29,8362.101522
22.532207,29,8362.219002
-63.78855,44,8362.39497
-176.917965,28,8362.514248
130.311299,26,8362.624253
-63.276532,27,8362.736703
-125.379441,21,8362.830353
-78.426474,28,8362.941216
-47.886815,24,8363.041239
-134.231718,22,8363.139547
53.067107,25,8363.348954
-181.579682,28,8363.520643
-39.302749,23,8363.637923
-131.50995,20,8363.734013
-150.415037,54,8363.997576
-33.758108,22,8364.103783
-43.387359,25,8364.223311
-20.903487,19,8364.311836
150.798955,23,8364.423708
38.255802,27,8364.648349
175.117761,21,8364.750746
70.497211,20,8364.845008
-106.142143,34,8365.007359
-28.779984,20,8365.109915
-117.866323,19,8365.194046
-158.568605,27,8365.324486
-104.361325,31,8365.475869
-32.394354,22,8365.580166
-38.095351,22,8365.680797
-47.909968,37,8365.85551
-26.719237,21,8365.965153
-50.177476,23,8366.07169
-27.094807,19,8366.15977
-39.416084,37,8366.321709
164.513661,22,8366.413763
-29.123947,20,8366.494009
-90.239823,32,8366.628119
53.675526,22,8366.717698
-211.939632,31,8366.84239
-293.642814,44,8367.023827
73.565213,20,8367.111337
-124.635531,35,8367.261666
-52.269624,36,8367.409317
-151.756943,36,8367.843611
4.746111,31,8368.064958
-189.933752,30,8368.195062
166.674136,21,8368.28055
-108.375835,33,8368.413266
-157.342022,42,8368.596281
-17.16317,18,8368.667943
-122.603388,19,8368.748252
-246.521751,37,8368.902598
-34.375156,36,8377.612933
-352.618424,48,8378.007127
-173.959279,54,8378.303393
-249.641055,37,8378.450324
-142.562152,37,8378.606925
-195.975753,31,8378.735388
-141.84697,25,8378.835732
158.194674,34,8378.980076
-25.726338,20,8379.060261
-255.08301,37,8379.220587
-121.387627,19,8379.309604
-477.608886,98,8379.709172
-34.323934,22,8379.79605
-188.770648,28,8379.921043
-222.472789,35,8380.068913
-352.985952,62,8380.323055
-36.91338,21,8380.408166
8.102001,29,8380.528161
-73.774641,29,8380.647569
-18.738911,19,8380.72447
-28.307868,37,8380.87053
64.785688,80,8381.196331
-25.812468,19,8381.270414
34.809157,27,8381.386986
-22.269553,19,8381.465026
-100.56428,32,8381.610273
-442.634869,91,8382.006864
-250.935365,37,8382.164911
40.268497,27,8382.277239
-23.663081,19,8382.355959
56.557877,23,8382.447767
-147.153524,36,8382.598765
-39.469513,22,8382.691869
170.383982,21,8382.78359
-28.930413,20,8382.868052
-16.525677,19,8382.947379
-26.631526,20,8383.035825
-47.285747,38,8383.18834
-138.757757,36,8383.336285
-117.040962,34,8383.479655
65.192412,22,8383.568239
-141.899898,22,8383.721147
-17.822153,39,8383.999779
-38.718097,22,8384.135114
-199.579737,31,8384.283789
-27.677111,20,8384.365837
72.524604,20,8384.450441
-34.433742,36,8384.610181
-41.193004,22,8384.706055
-22.605753,19,8384.7814
-105.014082,34,8384.931505
-114.605581,18,8385.010258
-261.035861,37,8385.155673
-131.580725,20,8385.235303
-267.210382,40,8385.406889
-33.930931,22,8385.527879
65.943789,21,8385.646678
68.498869,20,8385.754653
-127.707266,19,8385.842545
64.146242,22,8385.941968
-40.504062,22,8386.048262
65.744695,22,8386.212146
65.205896,22,8386.304219
-68.041444,27,8386.413601
28.466617,26,8386.515896
-19.33601,19,8386.605658
-150.379113,37,8386.759906
45.903079,29,8393.811768
-134.311609,20,8393.939902
54.296631,22,8394.053955
-18.568136,34,8394.199812
-130.402851,20,8394.280271
-16.599092,19,8394.357362
-83.033004,32,8394.566195
-31.158279,21,8394.655664
-31.263944,20,8394.740547
-15.800763,19,8394.817775
-37.825101,25,8394.924494
-22.367987,19,8395.004999
-64.272016,37,8395.153078
-47.919516,37,8395.317451
-252.54204,37,8395.46335
-186.34511,29,8395.579447
35.007936,27,8395.686695
50.685255,23,8395.783538
-27.604849,20,8395.863347
23.136286,28,8395.978672
-261.606537,39,8396.14083
-23.447596,21,8396.231514
-168.741816,41,8396.400287
-68.201181,27,8396.512591
-149.672916,38,8396.662474
-128.945862,19,8396.735056
-89.037382,44,8396.917232
-148.502399,26,8397.020034
167.0862,24,8397.126524
78.239041,19,8397.204894
-156.171556,38,8397.353974
-26.590088,19,8397.933056
-126.386752,21,8398.136865
-35.203161,38,8398.331623
-90.878064,29,8398.462499
22.658314,29,8398.584779
-132.972883,20,8398.665122
21.833475,30,8398.790243
-16.106478,19,8398.864706
-32.262106,21,8398.956042
-28.645493,20,8399.040792
-124.125446,19,8399.116732
-27.269067,20,8399.193329
-57.799216,28,8399.311819
-41.822487,37,8399.479362
-15.64854,19,8399.560572
12.560538,30,8399.684832
-144.823789,22,8399.771319
180.611256,25,8399.868034
-141.873006,37,8400.067875
-188.372451,31,8400.244914
-212.90389,45,8400.615986
-20.053336,19,8400.764491
-164.045523,46,8401.139825
82.349554,51,8401.608232
-33.807308,20,8401.887831
-244.698854,37,8402.434407
-148.352081,37,8402.882925
-32.851493,21,8403.154803
-42.734089,23,8403.488982
-156.485021,38,8403.769471
-120.990868,19,8403.888417
-2.306077,31,8404.051363
-291.264829,42,8404.242212
-31.46215,22,8404.33107
-127.672517,23,8404.432399
-213.756582,62,8404.691052
161.341461,44,8404.881497
-22.150878,20,8404.964008
-38.150428,22,8405.070493
-15.21087,19,8405.153312
22.696766,29,8405.27762
-21.207214,20,8405.366093
164.428407,22,8411.726114
-507.180289,101,8412.200655
-10.949969,18,8412.274562
-129.05915,19,8412.349526
-18.005582,19,8412.425649
-107.506404,30,8412.547941
61.473428,22,8412.643185
-125.851648,21,8412.72342
-26.914324,19,8412.801472
-30.767921,20,8412.887799
-49.464779,26,8412.996133
165.45986,22,8413.086635
-142.796441,24,8413.183815
16.432017,31,8413.308857
56.128117,23,8413.414629
-154.247688,23,8413.51552
-157.57414,24,8413.614711
-24.219503,20,8413.693218
65.920267,21,8413.778829
-242.381505,37,8413.933466
-77.753473,27,8414.050466
-130.032913,20,8414.130464
-214.249864,46,8414.318757
-152.829951,41,8414.492612
-128.775926,19,8414.569483
44.16937,25,8414.671397
66.512589,21,8414.760215
-34.077208,21,8414.841968
-154.305598,27,8414.955702
-76.457785,31,8415.09216
-90.466352,30,8415.214283
-30.700865,20,8415.294717
61.842286,22,8415.381637
63.867161,21,8415.470815
-22.489308,19,8415.552295
52.037178,24,8415.656365
-122.100034,19,8415.736527
-166.336109,37,8415.883685
-26.764647,19,8415.968574
-195.779709,30,8416.090567
46.566927,25,8416.19109
123.731173,36,8416.340507
-290.269103,58,8416.58305
-26.407488,19,8416.661032
-18.749376,19,8416.739517
-188.098497,59,8417.086948
28.860743,29,8417.210457
-73.773898,26,8417.316464
-44.972524,23,8417.410011
-123.960017,21,8417.493827
69.847802,21,8417.580756
31.84954,28,8417.702122
-18.332181,20,8417.781419
-157.192148,26,8417.891228
-30.52203,20,8417.976221
-132.416402,20,8418.057927
-21.318349,35,8418.204837
28.258702,27,8418.312914
-54.454626,23,8418.405158
180.241434,21,8418.498119
67.966676,21,8418.587395
-33.766205,36,8418.732932
24.569481,28,8418.849087
-136.25987,38,8419.003912
-129.221051,19,8419.083319
-23.876625,19,8419.158717
-62.954533,24,8419.260471
-132.102523,20,8419.341511
61.460207,23,8419.433689
-128.80204,19,8419.51118
451.130268,24,8419.606351
-259.979888,37,8419.757118
-126.893655,19,8419.834147
-27.446177,20,8419.91797
41.246778,27,8420.03016
-127.394297,19,8420.104029
38.593772,27,8420.213168
51.371313,40,8428.919286
-453.791506,79,8429.299574
-196.972958,43,8429.472781
-146.011837,37,8429.623443
-141.614839,23,8429.718172
113.382023,36,8429.866422
54.459857,24,8429.966972
-125.498043,19,8430.042463
-127.465612,20,8430.129506
-28.876241,20,8430.216013
25.900498,43,8430.391948
-41.069223,22,8430.485818
28.459728,29,8430.600286
-350.858397,65,8430.87072
-265.196042,37,8431.020262
67.837738,21,8431.1236
57.435283,23,8431.254641
-114.998154,18,8431.332955
-121.372415,20,8431.438407
-91.97971,32,8431.603246
-81.571729,28,8431.730861
91.804433,33,8431.875281
-49.357413,25,8431.981948
-115.830237,18,8432.061598
-122.142659,20,8432.142422
63.906122,21,8432.226822
-154.907054,26,8432.330169
53.681081,30,8432.450104
-145.486513,37,8432.598426
-29.152946,20,8432.682603
-108.837738,36,8432.841768
-101.180581,32,8432.971125
63.898103,23,8433.068117
-14.986905,19,8433.141585
-48.400386,24,8433.2388
-129.850943,20,8433.318796
121.071049,52,8433.531626
249.068628,25,8433.637064
-250.032487,37,8433.791322
64.625879,21,8433.873485
53.030556,22,8433.965529
-65.745954,37,8434.115197
-46.069888,22,8434.201168
-120.658601,52,8434.416982
-40.408636,23,8434.506967
-163.227553,27,8434.617405
-73.004817,29,8434.747235
-82.739971,30,8434.869752
-261.268645,37,8435.021789
-44.544739,24,8435.116794
114.527873,74,8435.424557
-29.821418,19,8435.504549
27.702334,28,8435.618042
16.61719,30,8435.73855
68.323378,21,8435.826634
-8.268165,32,8435.955517
21.660765,28,8436.08512
-14.555421,19,8436.163081
39.401704,25,8436.269126
-111.330981,45,8436.444735
59.635429,23,8436.53752
-54.93651,45,8436.723029
-87.464542,42,8436.896456
-133.419921,35,8437.043428
-25.166305,20,8437.128864
-125.233325,19,8437.20476
-31.836016,22,8437.295493
-471.203765,80,8444.917542
-257.631091,37,8445.083511
-31.591809,21,8445.167101
-493.184344,63,8445.422484
261.155014,22,8445.50748
-19.928296,20,8445.586657
-244.792695,65,8445.925507
-355.179163,64,8446.195486
-31.728187,20,8446.275418
-77.166501,43,8446.453977
-142.539878,25,8446.558172
-40.864186,39,8446.714687
-24.297312,19,8446.791375
55.103016,25,8446.89419
-50.731197,23,8446.989892
50.056858,23,8447.08736
-38.809222,35,8447.225681
-30.275596,20,8447.307448
-41.899084,35,8447.451376
56.275602,25,8447.553543
-46.100456,22,8447.643934
-27.054331,20,8447.726044
-129.885005,19,8447.803745
45.142629,24,8447.913058
335.483327,27,8448.024526
60.770862,22,8448.113081
-124.487092,20,8448.188656
-15.343769,20,8448.267324
-66.841969,27,8448.379973
-145.815692,37,8448.530657
-66.631621,27,8448.640278
-38.213169,22,8448.735948
13.204956,30,8448.864656
43.591082,24,8448.960849
-22.379893,19,8449.03636
34.491902,27,8449.145335
64.846822,22,8449.23649
58.178225,36,8449.383344
-118.451844,20,8449.46698
-208.980938,31,8449.591732
-120.278108,33,8449.724606
-18.616636,20,8449.809611
54.403426,22,8449.896075
247.13589,25,8449.999158
-15.352641,19,8450.079506
-18.556313,19,8450.156253
149.652927,24,8450.252126
-116.394902,18,8450.331929
-192.369531,29,8450.44674
150.41238,54,8450.680829
-205.481851,63,8450.937879
-75.2552,30,8451.06235
-228.58769,40,8451.229511
-37.062883,22,8451.334155
-26.182503,35,8451.54887
-65.823774,27,8451.746887
140.225112,27,8451.978876
0.727955,30,8452.20902
-163.090726,37,8452.496093
-32.085267,22,8452.704148
-167.439542,27,8452.925278
-190.439532,46,8453.391119
-24.574818,19,8453.571194
-618.463635,78,8454.247633
-222.628173,52,8454.720246
43.127006,26,8454.922745
-32.278508,21,8455.070828
-110.929115,34,8462.235409
-93.634284,32,8462.420284
43.347435,24,8462.537191
-113.354913,18,8462.612088
-164.370536,26,8462.730116
-36.296559,22,8462.824823
-73.381462,40,8462.998312
-114.653015,18,8463.069477
-221.102739,32,8463.197409
-129.536118,19,8463.274724
-161.094821,25,8463.380142
-41.937276,23,8463.477836
-195.468111,34,8463.618814
-70.593348,28,8463.733173
-19.737612,19,8463.811862
-147.045117,37,8463.961927
-23.269051,20,8464.046169
-23.721086,19,8464.121664
-36.7747,22,8464.221186
-30.483518,20,8464.301614
-195.437158,30,8464.420998
-126.141702,22,8464.508961
-112.792531,34,8464.647851
-277.917475,40,8464.810966
-38.28991,24,8464.905925
-79.264897,30,8465.028257
-65.966773,40,8465.188044
-28.768092,21,8465.272148
-62.743963,37,8465.431918
-28.842597,21,8465.518689
-110.517286,36,8465.667706
-138.693445,37,8465.824208
-116.663071,18,8465.896041
-234.177307,34,8466.033727
-33.353176,21,8466.12953
-37.726422,35,8466.26846
-84.55495,30,8466.394592
-33.131372,21,8466.479765
-84.499207,30,8466.60309
-89.421432,30,8466.727766
-12.783773,19,8466.805691
-74.755191,27,8466.914975
42.275053,27,8467.025995
262.531775,22,8467.118131
-69.405524,28,8467.228705
58.173358,23,8467.329937
-143.44222,24,8467.429719
-17.430938,19,8467.508939
-145.242073,37,8467.656654
-26.056344,20,8467.73999
-147.267831,35,8467.985249
-260.262257,37,8468.141165
-151.107532,23,8468.233499
-188.073492,31,8468.364691
48.52996,23,8468.461273
160.459529,22,8468.554456
89.247374,33,8468.689991
73.211192,20,8468.774943
-177.276165,31,8468.905183
-63.403643,27,8469.01251
-132.057957,35,8469.155034
-23.197512,20,8469.237641
-34.756751,23,8469.331883
93.306587,39,8469.48897
65.224978,35,8469.62861
-42.820555,24,8469.728232
-180.173783,28,8469.845382
242.942823,77,8470.163032
-254.002595,37,8470.313064
-93.705991,33,8470.448611
-30.87615,20,8470.531391
-25.153049,19,8470.612409
-135.003417,21,8470.697825
-125.582356,21,8470.781923
-23.151072,19,8479.745597
-27.695284,22,8479.888168
-26.580111,21,8479.99527
-134.07304,34,8480.13433
-44.711111,22,8480.230902
-244.684798,37,8480.39187
-82.224744,28,8480.512115
-139.170013,37,8480.667166
-130.550783,20,8480.745114
-137.231611,34,8480.887025
-608.25379,101,8481.287487
-115.342801,18,8481.360704
-259.84875,37,8481.514334
-144.213193,24,8481.61551
-169.19895,27,8481.722219
-127.02157,21,8481.810954
-210.295654,35,8481.955436
-122.738016,19,8482.033496
-28.324215,19,8482.111061
-98.821065,32,8482.242496
0.118478,35,8482.379681
-67.944785,28,8482.491965
-99.723589,33,8482.62467
48.78757,41,8482.794005
-23.454511,19,8482.878867
-49.029926,24,8482.979147
-56.17692,27,8483.092568
57.41642,23,8483.185876
-15.592071,19,8483.259836
-29.324652,20,8483.33928
-30.617116,20,8483.419375
45.463405,24,8483.514799
0.42959,32,8483.643882
-55.533516,25,8483.745902
163.316498,24,8483.845163
-132.815089,20,8483.926529
-151.81375,24,8484.026087
-12.47691,19,8484.104969
110.908696,31,8484.231687
-120.981076,20,8484.320417
-264.083175,37,8484.465282
72.737267,20,8484.545309
-18.466338,64,8484.796654
54.9374,22,8484.884467
-105.996954,36,8485.038793
-76.36767,27,8485.149662
-22.600812,19,8485.226106
-81.930453,29,8485.341792
-51.1259,25,8485.444474
-189.823811,29,8485.566044
35.72241,27,8485.673398
-24.531255,19,8485.749217
-183.629311,50,8485.952741
-154.468034,25,8486.057948
-139.361313,39,8486.210316
-143.630738,52,8486.425894
-31.216933,20,8486.506287
-20.817412,20,8486.58521
-60.154778,27,8486.694956
-26.800743,19,8486.770468
348.052733,25,8486.876417
-162.015754,37,8487.022639
-82.415804,29,8487.136089
-126.788356,36,8487.286431
40.755231,26,8487.392603
-35.85635,21,8487.474604
-99.333127,31,8487.599985
-151.126115,25,8487.702068
-240.427927,36,8487.849394
-166.662635,25,8487.959764
3.873457,31,8488.086453
-164.130062,44,8495.544484
-27.730015,21,8495.642688
-46.868864,40,8495.812132
-60.98608,28,8495.924297
-86.870697,33,8496.070863
50.021388,24,8496.165527
-60.254584,26,8496.275404
-42.932266,24,8496.38713
9.595851,32,8496.523349
-123.972817,53,8496.739875
65.689551,22,8496.835105
48.827771,23,8496.935017
-74.170113,28,8497.153472
-248.528024,36,8497.300615
-14.255338,19,8497.382715
-229.051095,53,8497.590702
-261.531645,37,8497.747197
-153.168766,38,8497.903216
-299.292168,61,8498.161634
-191.849719,42,8498.432214
-102.71321,36,8498.623483
-122.460124,20,8498.717751
-160.292856,25,8498.820634
59.625066,22,8498.907262
-51.725332,25,8499.013413
-115.245405,18,8499.085148
-191.84133,29,8499.211687
-24.80407,19,8499.287481
-471.438238,72,8499.582415
72.445916,20,8499.659921
63.602553,22,8499.750207
-34.643088,21,8499.834441
-261.145177,37,8499.984212
-250.179625,71,8500.276217
-22.89719,19,8500.351873
-21.300954,19,8500.437762
-162.600017,41,8500.612435
-16.666023,19,8500.695072
-35.527796,22,8500.790922
-22.379414,22,8500.878074
-34.974846,21,8500.968538
-270.680314,71,8501.271528
-181.213455,41,8501.453205
-206.993243,45,8501.633342
-255.366722,37,8501.788536
21.893298,28,8501.908859
54.714172,22,8501.998743
-127.890297,35,8502.138176
140.710182,29,8502.259723
52.70465,24,8502.354526
-32.086541,20,8502.433685
-201.319773,31,8502.616216
-138.620404,22,8502.749796
-24.81157,21,8502.881986
-24.555275,19,8503.038112
-61.932078,26,8503.279856
-71.418242,28,8503.497621
71.562589,21,8503.667935
-130.300025,21,8503.838365
-188.283829,43,8504.273636
-47.385236,22,8504.522205
-32.464949,22,8504.735283
-156.152979,53,8505.082584
138.448635,26,8505.281093
-14.187094,19,8505.473172
-259.841344,46,8505.895184
-84.103749,30,8513.805661
-24.115195,19,8513.905526
-237.369461,49,8514.116816
-59.593748,25,8514.215161
-57.890297,39,8514.632554
353.74536,24,8514.741723
-150.975674,24,8514.841514
70.49843,20,8514.92963
-29.280508,21,8515.018845
142.504666,24,8515.121695
48.697899,25,8515.22987
50.401578,24,8515.333018
-27.197666,21,8515.422265
-133.082057,21,8515.512463
-221.775867,48,8515.716869
-31.250046,21,8515.803852
-125.10435,20,8515.883137
12.344656,32,8516.013277
-126.458048,19,8516.090329
-188.897619,32,8516.263516
167.726493,22,8516.370768
74.122344,23,8516.474028
-24.10438,20,8516.554216
-14.973314,20,8516.640779
-128.243932,19,8516.717696
175.207001,33,8516.857465
63.427641,22,8516.950382
161.847122,22,8517.03763
60.175312,42,8517.205413
-126.19848,36,8517.345192
151.243793,24,8517.44355
-33.603418,21,8517.527472
-39.497643,23,8517.622839
19.247193,29,8517.74342
-25.189116,20,8517.824016
-201.337575,44,8518.008307
66.314794,21,8518.091397
-24.256268,38,8518.248383
38.504136,27,8518.364153
-164.092261,37,8518.516786
-23.68811,19,8518.597615
-24.69236,19,8518.678857
-152.718204,43,8518.85862
-33.522821,23,8518.955292
-184.492772,45,8519.14648
14.532876,31,8519.268804
54.754715,24,8519.362721
-29.63279,20,8519.4482
-70.389468,28,8519.567025
-381.085224,52,8520.094591
50.974078,24,8520.222781
-181.58371,29,8520.338079
14.831956,31,8520.582689
-24.018607,20,8520.682408
-166.213217,39,8520.858681
51.119131,24,8520.96211
155.317045,24,8521.058722
-15.170387,18,8521.138865
-31.353672,21,8521.223504
67.656948,43,8521.415979
-39.685876,22,8521.512663
-86.177612,30,8521.637734
-160.669038,26,8521.745852
-25.538802,37,8521.894252
-61.890479,37,8522.048955
33.560948,27,8522.159389
39.691607,37,8522.30794
-268.208887,41,8522.470451
-20.071723,19,8522.546867
-213.538162,34,8522.682713
65.087136,22,8522.781816
-132.103195,20,8522.885611
-130.377099,23,8522.983456
-22.934288,21,8523.07042
-44.108064,25,8533.669812
-45.724553,42,8533.879838
-51.754264,26,8533.991458
-131.561861,20,8534.069459
41.606966,27,8534.18125
-145.300496,25,8534.287764
-46.666217,24,8534.388019
-95.591037,45,8534.571435
30.18794,28,8534.69291
66.500739,21,8534.77705
39.107007,43,8534.957313
-126.019272,37,8535.105956
53.825119,25,8535.209234
-129.287124,20,8535.289517
-126.766915,21,8535.377035
-27.142442,22,8535.466817
10.617912,31,8535.591275
208.664631,20,8535.67509
-125.267031,19,8535.752849
-275.080348,69,8536.027108
-35.86679,21,8536.116825
-219.415186,48,8536.307734
-53.195549,26,8536.408478
-200.410633,32,8536.550496
-158.91082,37,8536.699796
-174.821687,28,8536.81274
-134.355419,22,8536.906209
-46.774631,23,8537.006409
-19.176824,19,8537.086611
-143.407897,22,8537.171893
-30.327301,21,8537.264963
-131.161664,21,8537.430261
-194.637875,32,8537.64096
-227.832734,35,8537.855267
-145.243643,51,8538.118374
142.779107,28,8538.247814
-113.098001,18,8538.331428
-24.004849,19,8538.422246
-20.093234,35,8538.583789
257.681959,23,8538.700755
32.717786,27,8538.835596
-210.983285,57,8539.103507
-77.213878,30,8539.243701
-132.871191,35,8539.407296
43.469341,26,8539.5356
-129.716136,20,8539.635183
-160.972916,37,8539.811548
-33.196606,22,8539.918151
32.955425,28,8540.060283
-73.149091,28,8540.205277
-45.432289,23,8540.318461
169.994107,22,8540.423325
-27.030096,19,8540.51181
56.603101,23,8540.629192
-118.978977,83,8541.103853
64.617645,22,8541.216585
51.28822,25,8541.338967
-152.144276,39,8541.812645
-79.942301,28,8541.99045
-139.783714,36,8542.17947
-255.157803,37,8542.35328
-159.856741,40,8542.537349
-45.366084,25,8542.653223
-88.328607,31,8542.805015
-33.614454,21,8542.91031
-259.998116,37,8543.096538
-87.688553,31,8543.248564
-147.84209,26,8543.370485
-92.449323,44,8551.130327
31.663932,27,8551.29509
-89.417207,30,8551.535556
23.373814,27,8551.665722
-123.038547,35,8551.836697
-186.765261,39,8551.995539
-127.895894,19,8552.082892
153.576359,32,8552.214791
-36.112221,24,8552.314926
-16.150386,20,8552.398113
-389.1099,61,8552.642613
-164.174049,59,8552.896597
-241.922342,34,8553.044963
-35.643798,21,8553.130094
69.085946,21,8553.291644
-299.958343,43,8553.474572
-77.451097,31,8553.598163
143.268627,30,8553.725827
-23.315839,34,8553.882073
358.082879,23,8553.984437
2.147742,31,8554.111414
-127.338034,21,8554.194024
-42.753666,39,8554.352437
-276.314039,42,8554.522778
-105.250205,51,8554.73974
73.102608,20,8554.820088
86.916634,19,8554.895648
54.347878,22,8554.983641
-87.44861,43,8555.168282
-144.394288,53,8555.384202
-31.848288,21,8555.468072
-35.489349,39,8555.62273
-127.968509,19,8555.7011
362.769853,22,8555.794818
77.640382,22,8555.885237
-139.539543,37,8556.040063
-31.773044,20,8556.128008
-134.862295,22,8556.231411
-102.533866,35,8556.414133
-72.296795,44,8556.607039
-75.452088,28,8556.722692
-186.081203,32,8556.86078
-32.417144,23,8556.958382
-51.284463,25,8557.06106
-121.542279,18,8557.13938
142.12743,24,8557.238296
-334.076682,47,8557.432376
-263.271717,37,8557.580975
-114.551959,18,8557.655603
-94.287391,31,8557.780474
-40.976447,21,8557.868711
-130.323549,20,8557.949985
48.972674,24,8558.045727
74.221123,20,8558.128564
163.923251,22,8558.218475
66.094041,21,8558.305925
-153.821135,26,8558.411721
-109.616403,33,8558.548822
-27.083382,20,8558.630308
-54.871517,26,8558.765861
-169.980542,28,8558.93251
-207.136593,32,8559.168452
-161.534268,37,8559.534464
-275.241048,91,8560.348751
-255.946804,37,8560.72365
53.874934,74,8570.308287
43.044563,27,8570.449243
-264.88585,37,8570.606512
-107.908898,33,8570.742742
49.974397,24,8570.840775
55.227271,22,8570.931722
-232.153515,35,8571.076099
-127.911193,35,8571.213964
-282.442527,101,8571.630086
-197.81303,31,8571.760737
-35.082825,35,8571.904161
78.196468,19,8571.979152
59.247088,22,8572.067211
-22.166584,21,8572.156217
-28.317666,20,8572.234505
-138.872225,36,8572.380827
68.406321,21,8572.464982
184.225104,33,8572.602553
46.151729,25,8572.704762
-231.019067,35,8572.844801
-34.850063,22,8572.939259
-46.729144,22,8573.028277
152.551987,25,8573.134592
-116.407067,18,8573.208833
12.658812,30,8573.33055
51.939746,24,8573.42433
-143.184076,22,8573.514831
-37.414146,23,8573.606184
-174.247713,41,8573.773267
153.900305,24,8573.875287
-18.406373,20,8573.954338
305.486256,19,8574.032084
-301.260235,44,8574.213595
-185.272613,42,8574.383428
50.322923,25,8574.500527
-28.610924,20,8574.581839
165.662561,22,8574.671561
263.759441,22,8574.760795
-104.215651,49,8574.96339
-60.892853,26,8575.072709
-27.065007,19,8575.147952
-136.14389,36,8575.285766
-28.197931,20,8575.368233
-248.425679,37,8575.527775
-157.785886,53,8575.743147
-55.496351,39,8575.905178
-201.67887,30,8576.024995
-15.903643,19,8576.105074
-23.127749,19,8576.185898
149.245708,27,8576.30304
76.53837,21,8576.395562
-47.909477,24,8576.503811
-249.710873,38,8576.837948
-123.534775,51,8577.054301
-30.077601,20,8577.136479
129.67681,28,8577.256139
-85.149047,30,8577.375681
-27.245333,35,8577.524238
-202.369022,50,8577.716998
8.001084,32,8577.852183
-101.377811,30,8577.983615
-432.77116,74,8578.279448
-118.865869,20,8578.361161
-320.58549,42,8578.534041
-25.100229,19,8578.61526
-175.123667,42,8578.778696
-120.657713,18,8578.852318
-37.816843,36,8586.761305
-14.8314,19,8586.861238
-109.449816,35,8587.011711
-23.499942,19,8587.08729
-42.175203,23,8587.181187
-148.293579,25,8587.288263
-122.17395,40,8587.450858
-545.700409,86,8587.801423
-27.739828,21,8587.887866
-255.893812,60,8588.137612
-233.245667,35,8588.287177
49.708439,24,8588.381808
-25.687962,20,8588.461657
56.647059,23,8588.552493
-123.814564,35,8588.699755
60.476622,23,8588.792989
35.805175,37,8588.944606
-262.710845,37,8589.101544
70.382832,20,8589.180591
-31.24753,21,8589.266054
-25.287246,19,8589.345481
-409.490339,86,8589.702576
-26.211561,20,8589.791474
-46.622637,22,8589.879242
54.74414,24,8590.05416
-129.752251,20,8590.50868
-132.560454,20,8590.658697
244.183929,24,8590.779814
-128.838199,19,8590.862313
-32.334135,36,8591.018213
-53.831176,26,8591.138887
-50.175567,38,8591.29187
-109.564678,33,8591.445537
-145.117617,25,8591.547258
-29.731638,20,8591.62692
62.810624,22,8591.717254
44.357388,26,8591.820676
-204.035051,32,8591.949208
-14.189465,19,8592.029255
-132.951953,20,8592.107402
65.296672,21,8592.194051
-119.871759,18,8592.274966
-180.147264,46,8592.460582
-439.389818,76,8592.770764
166.10769,42,8592.961429
70.061421,20,8593.052098
-169.156802,26,8593.162473
-12.29276,32,8593.293878
-129.591916,20,8593.392651
-275.138457,40,8593.55673
-127.980443,19,8593.635688
66.194243,36,8593.784249
-130.600223,20,8593.86731
-220.959223,34,8594.00277
-28.966933,34,8594.142455
-24.779867,19,8594.220154
-149.320979,25,8594.32244
-204.054143,32,8594.453864
-56.006085,25,8594.558052
63.640209,21,8594.647753
14.022445,29,8594.767485
-28.584266,20,8594.846681
-31.373814,35,8594.987792
-25.978189,19,8595.072474
-158.917997,28,8595.189032
-30.392344,21,8595.274098
-61.884074,37,8595.422376
-143.340811,37,8595.570247
-156.657748,38,8602.85383
-164.406301,29,8603.040422
20.801044,29,8603.173005
70.493619,21,8603.262178
64.188296,21,8603.347549
-267.865481,37,8603.498284
37.727597,37,8603.649924
-140.744014,22,8603.741078
61.594455,22,8603.840546
100.279531,38,8604.001151
-87.591193,30,8604.122583
48.11058,25,8604.224541
140.928023,24,8604.322448
-347.357383,56,8604.550263
-29.114142,20,8604.640057
-45.530309,25,8604.745365
-22.732029,19,8604.824643
-18.420544,19,8604.9013
4.053512,32,8605.033451
-267.404456,39,8605.187605
72.247655,20,8605.421168
57.905655,23,8605.521168
-149.056901,37,8605.671002
-203.663075,34,8605.807888
12.166278,30,8605.934525
-162.499635,51,8606.146388
-27.527613,20,8606.224215
-31.163168,20,8606.305576
-235.975215,38,8606.465651
-657.047919,101,8606.891741
-301.276288,59,8607.127441
-162.309844,39,8607.28535
-24.054074,19,8607.366191
-205.60472,45,8607.552671
-127.210999,22,8607.638905
-235.546756,52,8607.85204
-265.932028,37,8608.004884
-181.020023,45,8608.188988
-254.98545,37,8608.337856
-61.361089,27,8608.450254
49.02437,25,8608.552585
-148.538419,37,8608.704199
40.51936,26,8608.811233
-523.117765,101,8609.217804
-52.782929,27,8609.331923
-14.69933,19,8609.41414
-238.966153,51,8609.621735
-47.880421,24,8609.717368
-29.64359,21,8609.80869
51.508622,24,8609.911768
-157.056583,42,8610.12546
-81.635138,101,8610.546323
-24.524253,19,8610.62487
-232.4347,50,8610.833518
-96.0697,31,8611.007598
-143.145965,25,8611.15805
-133.272702,101,8611.997958
-68.061715,27,8621.313745
83.18911,19,8621.424562
-62.093841,27,8621.549106
-61.885303,27,8621.657845
-462.248662,101,8622.076832
-29.524555,20,8622.156976
69.754202,21,8622.241395
-138.35388,21,8622.322897
70.174663,24,8622.418948
-29.555139,20,8622.502119
-32.657696,21,8622.58944
-35.656638,21,8622.671186
-156.916537,26,8622.778242
239.633015,27,8622.891636
-127.57414,19,8622.975669
53.386908,25,8623.077982
184.156412,20,8623.158927
-68.376111,27,8623.266432
-163.296801,37,8623.416118
8.531136,31,8623.539796
65.850074,21,8623.624195
55.718609,23,8623.720671
72.194175,20,8623.798698
-50.764267,23,8623.891038
-27.182416,20,8623.973923
-10.501765,35,8624.118253
-186.711446,41,8624.285864
-20.95492,19,8624.365286
-49.041701,84,8624.70953
-27.580847,20,8624.792348
-25.415981,19,8624.869145
-38.18614,23,8624.959826
-109.264288,55,8625.173538
3.467816,30,8625.295194
44.99662,25,8625.393397
-560.999661,101,8625.842502
-37.968558,22,8625.93882
-178.542713,40,8626.107058
183.597845,20,8626.187679
63.302453,22,8626.278517
-154.223251,41,8626.446815
436.124748,27,8626.563403
-183.680037,59,8626.802936
67.636029,21,8626.886074
-118.311063,31,8627.015162
-177.10509,68,8627.28862
-129.535234,22,8627.381696
-91.289605,30,8627.504607
-248.690158,38,8627.660332
-51.756891,39,8627.816426
-56.258624,37,8627.970175
-126.958707,22,8628.063575
-44.916249,37,8628.347057
9.326799,31,8628.47548
-28.163866,21,8628.5602
40.680666,28,8628.670386
-34.261996,22,8628.761105
-59.302796,26,8628.865508
-20.548552,19,8628.943247
-42.104938,23,8629.045603
37.808517,25,8629.143862
-131.714179,37,8629.289698
-426.445431,69,8629.561932
-149.052993,41,8629.725017
-127.642789,34,8638.654364
-168.936523,27,8638.811938
-24.204527,19,8638.900966
-95.063274,34,8639.043901
-50.534364,40,8639.212755
16.820893,28,8639.32762
-39.189132,23,8639.422023
-32.999614,21,8639.512262
-256.494026,37,8639.670816
-104.789273,34,8639.810315
71.605637,20,8639.894366
-103.751473,34,8640.035041
-165.319897,26,8640.140084
-173.281101,27,8640.246735
448.474571,25,8640.343281
-55.399223,26,8640.448068
-69.145015,40,8640.626053
-100.51312,55,8640.846742
68.828318,21,8640.933123
83.949524,19,8641.007656
233.243494,28,8641.132451
-145.343048,37,8641.284032
-54.095041,24,8641.388476
37.112283,37,8641.536806
-61.064498,27,8641.649551
-113.415891,34,8641.794464
81.976276,33,8641.931678
-198.319219,44,8642.110855
-17.541565,19,8642.189356
-29.089946,20,8642.27327
39.242663,27,8642.389169
69.910593,21,8642.472149
-68.945413,28,8642.585971
-32.405491,22,8642.67994
-18.883981,19,8642.757514
-23.548215,34,8642.902542
97.46284,36,8643.064663
-150.550316,37,8643.217898
48.012759,26,8643.321459
-57.227681,24,8643.421092
-57.139735,37,8643.566696
-59.353359,29,8643.686812
-17.194964,33,8643.823174
-45.368422,22,8643.918848
163.64225,22,8644.014102
-121.697065,20,8644.105344
-30.11107,20,8644.19163
22.576592,28,8644.339921
-132.453176,41,8644.515291
-28.409934,21,8644.624411
188.358957,20,8644.769641
-14.023925,32,8644.899406
-83.341085,42,8645.063749
-118.766127,19,8645.141001
2.441651,31,8645.268315
-121.525016,19,8645.346101
-260.701082,37,8645.494533
-163.69478,37,8645.646183
-259.084311,37,8645.823294
62.24934,22,8645.927471
167.729942,25,8646.04455
-39.81058,24,8646.154579
149.904149,27,8646.291096
-104.59369,33,8646.459582
-147.462706,37,8646.635828
-277.068217,70,8646.95043
-252.217285,71,8647.275096
-121.936333,38,8647.43196
77.822594,20,8653.970844
-308.550178,47,8654.222272
-140.62132,21,8654.30886
36.686443,40,8654.473265
-396.358174,101,8654.891306
-25.265077,21,8654.977694
-260.382343,51,8655.19791
-38.874441,37,8655.345386
-59.358664,26,8655.449372
-269.362578,37,8655.603847
23.040533,32,8655.737708
-22.795111,38,8655.892773
182.502188,20,8655.977236
-189.96562,57,8656.214092
-32.410834,21,8656.30208
-40.857677,24,8656.394807
-151.458353,24,8656.491409
-58.644715,26,8656.599836
124.725421,32,8656.734745
-28.261216,19,8656.935466
-293.297789,94,8657.315265
-139.004707,36,8657.461448
54.368112,24,8657.561999
-24.458985,20,8657.646569
-259.882272,37,8657.797848
149.763954,25,8657.899677
-160.708927,27,8658.014413
-45.600801,22,8658.102292
69.540456,20,8658.186891
-207.316072,32,8658.321423
-201.872328,32,8658.446577
-29.175417,20,8658.527457
-251.451157,36,8658.67408
-27.52166,20,8658.755545
-166.586551,37,8658.902545
55.799186,23,8658.997779
-48.829574,26,8659.107863
-172.756838,27,8659.218392
151.720536,23,8659.309804
-143.994941,51,8659.518043
-105.192088,33,8659.652429
-223.688603,34,8659.795455
26.833867,28,8659.919841
-108.304674,32,8660.05082
-56.282213,26,8660.154376
-252.24541,37,8660.302979
-79.534077,28,8660.42035
-514.471917,74,8660.731931
-33.228458,36,8660.882421
259.843635,23,8660.977574
-117.361775,19,8661.063049
-44.931258,24,8661.163676
-241.178358,75,8661.474366
-125.629255,19,8661.552518
47.602405,25,8661.65351
-105.064932,31,8661.776782
-77.846072,30,8661.904277
31.292844,27,8662.012248
8.951723,32,8662.144529
202.076423,24,8662.245086
-125.631785,19,8662.326729
54.50806,24,8662.47327
77.010268,21,8662.58847
-19.283942,20,8673.856463
-34.070557,21,8674.002548
65.30068,22,8674.110517
-130.850131,22,8674.205411
-157.284615,37,8674.358296
-303.416255,44,8674.531503
-26.137666,19,8674.605685
-258.990309,38,8674.761735
48.019132,25,8674.86656
-106.866587,31,8674.995762
-68.847102,28,8675.120299
34.250942,27,8675.232564
69.20145,20,8675.315185
-66.419004,27,8675.433453
-126.026156,36,8675.603044
50.125413,23,8675.708406
-64.124706,27,8675.837037
313.225472,32,8675.989214
-115.956585,18,8676.082582
-175.874988,29,8676.212894
-54.047411,26,8676.332206
-28.353052,34,8676.472701
-117.119321,19,8676.553188
-156.44151,25,8676.656621
-25.646311,20,8676.735317
-29.057526,20,8676.814945
37.034301,26,8676.930564
-146.87684,37,8677.089517
-117.922305,19,8677.170962
68.048413,22,8677.260596
-122.014944,19,8677.335747
51.345777,24,8677.432836
-145.984227,23,8677.534223
47.312925,25,8677.645801
-43.982882,22,8677.736641
48.516207,25,8677.836439
-64.509698,37,8677.997206
-215.866292,47,8678.196712
-255.170308,37,8678.347369
67.426451,21,8678.433168
-145.311911,37,8678.584167
-139.707189,23,8678.679086
52.775235,25,8678.783735
68.944499,23,8678.877615
17.801987,29,8678.99603
169.817355,24,8679.100262
-63.03251,27,8679.208283
-230.690988,35,8679.358556
-53.050849,37,8679.512559
67.646093,21,8679.599541
-677.57795,101,8680.013423
-194.465082,44,8680.205543
-48.048892,23,8680.305053
71.064798,21,8680.386751
45.132913,26,8680.490295
20.035521,28,8680.605095
-120.882752,19,8680.683907
-84.576818,47,8680.873079
189.200665,21,8680.965036
-147.718571,41,8681.138775
-115.28301,18,8681.216235
-27.069595,20,8681.298206
-94.476378,32,8681.532555
-28.789268,20,8681.619655
68.502251,20,8681.70232
-139.027368,21,8681.790046
-131.025321,23,8681.895177
-47.297886,25,8682.002165
170.946361,21,8682.107205
-141.894865,24,8682.20266
-97.753108,33,8682.344397
-146.149771,22,8682.433427
-116.065635,20,8682.51245
-148.03788,38,8690.756749
-131.399865,20,8690.881925
175.486701,27,8691.031895
-75.570965,28,8691.158423
-30.638138,51,8691.379005
-75.042712,43,8691.557698
-26.316199,20,8691.643414
-29.917889,20,8691.728983
-22.300127,19,8691.806791
-165.872354,37,8691.971853
72.046725,20,8692.064332
39.685461,26,8692.172159
-83.794622,30,8692.295542
-267.923707,37,8692.445523
-21.173579,36,8692.59409
-115.99628,19,8692.672681
-141.084266,24,8692.772255
-32.252837,20,8692.85981
65.343315,22,8692.956384
157.181495,23,8693.055309
-29.537288,21,8693.156059
160.803192,23,8693.247419
-224.833424,35,8693.397431
-53.582544,26,8693.503455
-69.376375,27,8693.615494
-173.292942,28,8693.735419
-195.795493,31,8693.86394
-120.354079,47,8694.055085
-22.129692,19,8694.131918
-209.917601,33,8694.269997
-50.057358,24,8694.366937
-247.135266,37,8694.522491
-26.539593,19,8694.603809
28.913743,27,8694.718409
84.353451,36,8694.866667
31.893103,28,8694.980763
30.588459,28,8695.10187
68.455629,21,8695.189004
-72.640939,30,8695.311703
167.676809,22,8695.405757
-127.496116,22,8695.494722
-348.541888,101,8695.898563
-29.320423,21,8695.981244
-26.257492,19,8696.071288
-54.242907,39,8696.237199
32.347387,26,8696.340586
51.752933,25,8696.438249
-246.190797,37,8696.585874
-51.876131,23,8696.679899
-204.324029,31,8696.808905
-37.209657,21,8696.894481
-246.334802,56,8697.123724
-30.040011,20,8697.20672
-43.518501,37,8697.358572
-118.984384,20,8697.439094
178.322065,21,8697.523252
-129.21601,36,8697.671328
-127.618653,19,8697.746834
45.662874,25,8697.847438
-54.402621,26,8697.972113
-46.439444,37,8698.134978
-536.159017,100,8698.536299
264.858619,23,8698.631917
-28.960336,22,8698.721094
-61.200031,24,8698.822125
-40.372459,21,8698.91146
-126.668354,21,8698.996855
-68.436641,27,8699.109933
-87.906836,30,8699.233567
-123.920021,49,8706.689829
-40.465799,23,8706.818124
-15.701722,19,8706.904923
-39.950902,23,8707.001049
-34.620953,23,8707.105256
-22.30872,21,8707.192453
163.322975,24,8707.293064
71.535437,20,8707.37489
-34.412383,21,8707.463953
48.485691,25,8707.565571
-25.133254,34,8707.703362
-131.36318,20,8707.783808
70.695385,20,8707.863536
-57.482396,23,8707.956416
113.228973,36,8708.113183
-30.173056,20,8708.197584
-128.6652,35,8708.345046
-34.517334,22,8708.434781
79.390626,20,8708.523847
-134.587626,20,8708.602694
66.381156,21,8708.687638
-245.363322,40,8708.846983
48.916181,24,8708.949064
-113.313253,18,8709.022938
-66.235404,37,8709.171906
357.673929,23,8709.265467
-182.188232,71,8709.548638
47.570229,25,8709.651138
-36.623833,23,8709.749216
-277.712033,41,8710.095301
44.651722,26,8710.200591
-15.748593,19,8710.283138
-99.967447,33,8710.418427
-221.228511,44,8710.598929
-249.220932,37,8710.747522
-89.86123,28,8710.869625
53.324702,24,8710.967808
39.517341,27,8711.081072
-33.794653,22,8711.171325
-345.634041,51,8711.373549
-14.312098,34,8711.514182
-124.743168,19,8711.591643
-44.015148,36,8711.737409
162.118551,22,8711.823413
-242.727302,35,8711.970051
-287.402373,44,8712.1492
-52.80323,25,8712.24717
-68.151825,28,8712.359654
-97.996618,31,8712.487744
-48.144659,25,8712.588984
-408.8823,101,8713.011314
-33.406974,22,8713.10487
-10.522958,18,8713.177426
-26.250247,20,8713.257159
44.876675,25,8713.358953
-29.162303,21,8713.444068
-46.052716,25,8713.545561
-29.72266,20,8713.623947
-27.917768,19,8713.701296
21.78119,28,8713.819232
-165.344978,26,8713.924255
-80.728531,30,8714.048756
50.270726,25,8714.150045
-28.459696,20,8714.232083
-114.403336,18,8714.306306
-50.510208,36,8714.455535
-39.187267,23,8714.54588
-50.049029,24,8714.643585
64.569024,21,8714.727114
-14.850921,34,8714.864881
42.894905,26,8714.968933
-24.125073,19,8715.045959
-162.563136,41,8715.208373
-132.187536,20,8725.492259
-53.059965,23,8725.628524
-176.667702,58,8725.874765
-115.626543,18,8725.947098
-26.419661,19,8726.027479
49.875731,23,8726.118722
-37.717686,25,8726.229708
-39.741764,24,8726.32691
-31.65121,21,8726.411187
-270.272718,37,8726.574117
-418.419336,61,8726.818218
43.146788,25,8726.922865
-34.494931,23,8727.017401
-193.122881,30,8727.137103
-27.529712,20,8727.216216
-29.320512,20,8727.299829
-176.170037,26,8727.406207
-31.830391,20,8727.481939
-54.37427,25,8727.584321
-48.745849,25,8727.690509
-73.739486,28,8727.802456
-24.832203,21,8727.888294
-148.721746,37,8728.045303
150.276972,23,8728.137995
-22.771687,20,8728.223532
-43.208946,36,8728.371016
-51.270889,26,8728.475308
-49.165951,24,8728.57077
-41.881652,24,8728.667191
38.846489,28,8728.777792
-12.989952,18,8728.849472
70.607432,20,8728.928267
-267.226344,58,8729.175123
-193.647879,32,8729.305997
66.672024,21,8729.410287
-137.502856,38,8729.566298
-118.601734,36,8729.715364
-40.070863,23,8729.809347
-24.915663,19,8729.88517
-15.821719,20,8729.964385
-65.881147,64,8730.232689
-189.834374,41,8730.396091
-106.633692,46,8730.584621
-94.840429,28,8730.698833
-155.98127,53,8730.923299
48.738557,26,8731.030429
-179.561048,41,8731.361541
-132.30595,33,8731.520821
-22.475071,19,8731.599883
52.679323,25,8731.709276
-29.502798,20,8731.787988
-30.336149,20,8731.867762
-148.124255,37,8732.018094
-151.874567,41,8732.189235
19.050117,29,8732.306865
24.096772,29,8732.434013
-166.847148,27,8732.545242
180.471312,21,8732.631185
-52.485849,24,8732.730946
-43.25035,35,8732.870536
-93.744175,48,8733.079466
-62.54269,25,8733.182385
-132.028357,20,8733.26632
-30.355927,20,8733.528314
-41.163471,23,8733.624286
-163.685312,40,8733.797345
-36.075685,21,8733.887562
-110.422674,36,8734.041442
-165.565618,43,8734.216126
25.782938,41,8742.46069
-67.242544,26,8742.618453
-186.941942,42,8742.819471
26.354245,27,8742.932712
-54.33243,26,8743.05415
-40.877464,23,8743.14895
-39.343837,23,8743.242274
-175.406636,27,8743.356221
-72.67489,41,8743.525219
-464.50963,101,8743.943391
140.471784,25,8744.052723
-55.940846,26,8744.164285
-132.785823,21,8744.248408
-258.756883,49,8744.445219
-22.342899,20,8744.526029
61.715743,23,8744.618706
69.730141,21,8744.702215
-122.88115,19,8744.7793
56.68879,23,8744.879461
-36.077634,22,8744.969866
-359.735111,88,8745.335911
-182.017162,56,8745.56541
60.199395,24,8745.661313
-33.252595,40,8745.82368
-248.14217,37,8745.968352
-77.878924,29,8746.091317
181.835251,20,8746.170591
-560.753022,101,8746.590439
-37.055332,22,8746.681605
111.479284,30,8746.808255
-50.709752,23,8746.898038
-189.023602,44,8747.08981
-72.362335,40,8747.254978
-201.115221,34,8747.391075
-286.171686,75,8747.70333
-140.035442,24,8747.800293
-36.337656,22,8747.889594
55.852196,24,8747.988149
-149.370526,24,8748.091256
13.680262,30,8748.212635
-218.833672,34,8748.356605
-129.999291,36,8748.507873
-201.225191,31,8748.640252
-24.18828,19,8748.718729
-85.121028,30,8748.840375
38.20797,27,8748.950044
-128.024916,19,8749.028781
-318.548434,83,8749.350714
58.605429,22,8749.440764
163.400315,22,8749.52851
49.85369,24,8749.927093
-125.932171,19,8750.092408
-34.61812,43,8750.288133
-241.469805,36,8750.435743
-249.190917,37,8750.586422
-221.893658,33,8750.737997
67.825819,21,8750.823332
-127.541642,19,8750.902051
-149.079185,53,8751.119766
-111.771221,44,8751.291372
-140.227126,38,8757.763878
-283.384882,62,8758.042395
-112.902638,35,8758.180987
-147.07581,41,8758.349234
-15.100001,18,8758.419152
-76.837251,30,8758.619583
-75.309478,28,8759.046271
-514.003818,101,8759.481537
-31.01786,21,8759.569803
-164.847174,50,8759.778412
-123.397245,19,8759.867142
86.666879,19,8759.945547
-63.801074,25,8760.047547
-128.472827,19,8760.125136
-251.492293,38,8760.286061
-87.384247,31,8760.408215
-16.959267,38,8760.564136
-47.460007,50,8760.78012
6.704124,29,8760.898801
-41.323502,24,8761.000471
-23.50094,21,8761.105203
-152.701217,50,8761.323791
-256.850578,37,8761.501911
-128.276745,19,8761.592741
9.367674,33,8761.747362
57.910266,22,8761.947584
-35.695121,22,8762.049208
-48.096063,25,8762.15778
-532.432737,101,8762.572361
-126.160896,19,8762.64984
23.956043,28,8762.770127
-52.420726,25,8762.88715
58.214254,41,8763.06457
68.010963,21,8763.149941
-33.952575,40,8763.316891
66.072164,21,8763.402513
70.778867,20,8763.483119
-125.711152,19,8763.558617
-232.384159,74,8763.860356
67.270186,21,8763.94684
170.478892,21,8764.033698
152.490815,25,8764.13672
-90.696172,31,8764.263944
-131.654265,35,8764.408719
-32.830009,20,8764.488965
-127.563618,19,8764.567845
24.525078,30,8764.691519
66.58113,22,8764.783199
-597.973521,101,8765.202463
-141.992385,22,8765.294591
154.886217,24,8765.400371
61.694154,22,8765.488074
-85.446129,47,8765.68284
48.683595,26,8765.791281
-129.749783,19,8765.867531
-404.03795,101,8766.266965
6.390629,30,8766.388253
36.083328,26,8766.491652
-146.590914,35,8766.637482
-261.19544,37,8778.029286
131.704698,29,8778.188385
-53.247957,28,8778.312342
-124.03263,19,8778.395696
-286.998894,42,8778.565392
-21.322849,19,8778.64407
-72.767142,27,8778.758397
-214.191167,35,8778.899723
44.317805,24,8779.016072
-115.078101,18,8779.090237
149.81954,24,8779.19056
35.07035,27,8779.303239
-538.862581,101,8779.712762
-131.908901,20,8779.796487
-25.7613,20,8779.876354
-196.425565,44,8780.063583
-42.296018,25,8780.167328
356.463295,23,8780.26016
-137.231965,22,8780.345441
-56.130386,26,8780.449383
22.97869,32,8780.582874
63.774933,23,8780.67416
46.173848,25,8780.773001
58.160255,23,8780.862831
138.858756,25,8780.965985
-155.284181,44,8781.158594
50.353409,24,8781.255568
-248.946815,37,8781.407317
-150.408998,23,8781.500171
-216.73631,33,8781.630157
-243.32699,39,8781.791335
-263.361049,37,8781.961053
-110.115454,33,8782.098442
-46.285671,24,8782.20088
132.520766,26,8782.304682
-136.672286,21,8782.389452
-182.619457,41,8782.556982
-183.578458,42,8782.736763
-42.240258,23,8782.833525
-56.660964,24,8782.932732
-23.713877,35,8783.083635
-119.711535,18,8783.154075
53.19744,25,8783.253743
-232.584525,49,8783.462037
-118.352027,18,8783.53362
49.639983,25,8783.634099
42.388363,26,8783.74099
-294.993889,53,8783.955019
41.949225,38,8784.11237
-142.033528,36,8784.261563
-71.996249,28,8784.377266
-22.668746,21,8784.458011
-116.745674,19,8784.534245
-22.467509,19,8784.611619
-87.267115,43,8784.792638
-126.477241,34,8784.931906
-502.572004,101,8785.335934
-118.251247,34,8785.489261
-369.192545,101,8785.898386
271.52682,51,8786.109137
-129.451445,20,8786.323459
-268.658392,37,8786.469836
260.382736,23,8786.562748
-125.316533,19,8795.243115
43.098643,24,8795.390838
-27.574758,20,8795.496691
-28.110316,20,8795.587125
-120.697877,20,8795.674673
43.150509,24,8795.77426
-83.534109,30,8795.902337
-179.44641,27,8796.03138
-48.362348,22,8796.132554
-105.975601,36,8796.295353
-296.225653,69,8796.580392
-154.017467,37,8796.737705
94.288043,38,8797.0525
-102.641112,33,8797.235396
-36.479025,23,8797.366191
76.786017,21,8797.46639
18.52099,30,8797.618687
-9.839393,32,8797.772814
-31.532559,20,8797.869769
-598.789259,92,8798.350756
-28.243728,22,8798.467361
-111.212552,33,8798.625121
149.258694,23,8798.744566
61.200248,23,8798.854134
-123.723617,45,8799.461804
53.628048,23,8799.616842
-330.414926,62,8799.934595
-128.73578,36,8800.116815
-456.687822,101,8800.613699
-110.461941,18,8800.698137
-65.325698,25,8800.824897
-29.622614,21,8800.948576
-260.146446,37,8801.128948
-144.478051,37,8801.313951
-61.24425,37,8801.493474
-131.505749,40,8801.684993
-27.004705,35,8801.848279
-70.892249,53,8802.116163
59.555307,22,8802.222871
337.610099,34,8802.38362
-46.045847,37,8802.569817
-180.961388,43,8802.770261
-34.071381,23,8802.880774
-99.709355,29,8803.027057
18.952703,32,8803.183392
-58.237307,27,8803.318931
-126.504002,19,8803.410765
-81.035715,44,8803.615818
-127.642829,19,8803.706661
98.234037,38,8803.889378
48.68103,23,8804.010384
50.518361,24,8804.112609
28.606588,27,8804.224763
-21.052884,20,8804.301264
-161.307474,37,8804.449593
-74.950928,28,8804.561596
-186.643499,31,8804.690486
-112.772796,32,8804.817763
-145.069991,23,8804.91935
34.447889,27,8805.031083
-120.446596,19,8805.110299
25.891725,27,8805.218075
-136.02017,21,8805.302963
-30.796611,20,8805.396582
-14.960295,32,8812.007491
-24.987021,21,8812.136913
-42.304146,23,8812.254214
-23.002565,34,8812.400848
19.480175,29,8812.513662
-124.080063,21,8812.596948
60.22294,63,8812.855293
27.508261,29,8812.982632
124.54445,29,8813.108157
-252.224428,37,8813.257405
-134.787756,23,8813.351636
-36.730824,22,8813.44544
42.977126,25,8813.549156
-278.000458,41,8813.714472
67.864685,21,8813.798146
-163.864463,37,8813.949745
253.50766,24,8814.04217
163.755423,22,8814.126302
-238.057832,49,8814.324457
-127.043922,19,8814.411151
-69.735771,57,8814.647267
-38.097289,23,8814.744839
-25.612855,21,8814.831918
-56.937691,28,8814.947673
-125.056702,20,8815.033016
-106.875454,47,8815.229752
-102.556886,30,8815.348458
-301.789335,101,8815.760479
-25.996615,19,8815.836514
-23.988477,19,8815.912278
-72.665918,28,8816.029739
-52.786263,25,8816.247899
-125.150464,20,8816.334491
-244.275236,49,8816.641022
-30.195094,20,8816.727056
-31.88217,21,8816.821124
-145.481015,36,8816.966392
-128.495612,21,8817.060906
71.672159,20,8817.144599
-123.829424,19,8817.220431
-90.120661,33,8817.357643
-59.54116,25,8817.467322
-176.735516,27,8817.578324
40.508001,27,8817.687414
50.606761,25,8817.788942
-206.580555,37,8817.95189
-181.252995,29,8818.078487
48.102804,23,8818.175094
-449.983998,101,8818.587609
-89.502245,30,8818.715829
-61.077688,29,8818.829504
-47.613244,25,8818.94005
-43.161511,24,8819.040703
-49.118401,23,8819.135237
-127.142561,19,8819.220152
-654.434858,98,8819.607464
-63.557385,27,8819.7172
-69.355469,28,8819.831674
-61.931139,37,8819.980989
-41.505442,23,8820.075943
-118.556192,18,8820.148699
-30.298042,20,8820.234049
-56.82484,26,8820.3414
-257.397544,38,8820.496719
-160.732724,49,8820.696993
-169.103682,37,8831.673681
-130.912702,35,8831.831407
69.65495,21,8831.915216
-247.395497,57,8832.152118
-40.176865,24,8832.255312
-42.82141,24,8832.352254
-85.862884,31,8832.485411
-181.022095,48,8832.675122
-171.218366,40,8832.842725
21.338651,30,8832.980589
-232.427629,64,8833.252213
-63.885086,27,8833.361847
55.109477,23,8833.457242
-13.950427,19,8833.5376
-130.564925,21,8833.624752
-158.954186,30,8833.752866
-40.027925,21,8833.837908
-15.826351,20,8833.922287
41.971866,26,8834.034672
-280.303228,70,8834.327219
-75.072825,27,8834.435266
-277.694482,61,8834.681813
-28.839055,20,8834.759116
-157.235975,25,8834.859388
-133.031639,21,8834.95121
179.988351,22,8835.04419
-157.007987,25,8835.146726
138.515634,36,8835.294372
-268.158756,68,8835.567934
-46.460007,22,8835.657895
-23.881786,19,8835.73323
-117.934886,19,8835.809147
-119.004244,70,8836.089626
-36.230145,22,8836.180222
-39.895912,37,8836.331012
-149.826736,38,8836.485223
62.433451,22,8836.569092
-49.456501,39,8836.728234
31.404403,28,8836.844523
-183.639085,46,8837.032507
-182.41386,28,8837.14569
-127.486047,22,8837.238859
-245.196873,37,8837.391548
-24.203768,53,8837.605961
-130.11745,49,8837.814013
-40.723425,22,8837.907355
-155.756244,27,8838.017719
56.130981,22,8838.1108
70.515009,20,8838.191837
-134.115279,37,8838.336969
47.134873,24,8838.434562
-491.537532,93,8838.815543
32.801644,26,8838.922604
-184.671094,28,8839.033329
-119.728272,18,8839.108268
59.531574,22,8839.195513
-169.764465,26,8839.304399
56.623188,25,8839.406453
-85.223635,32,8839.539685
12.930921,31,8839.663976
-30.321474,20,8839.745109
-323.262364,46,8839.9272
-157.14975,37,8846.766474
-214.585267,32,8846.905513
-214.895348,45,8847.101358
41.727602,26,8847.208623
-181.612668,59,8847.468349
128.139222,27,8847.576106
67.058148,21,8847.66199
-15.643929,19,8847.740089
161.462054,32,8847.87244
-143.079064,22,8847.959199
57.569536,64,8848.236011
-120.619126,37,8848.384104
-137.987129,22,8848.473745
-114.07991,18,8848.550204
-155.905433,43,8848.738106
-57.45585,51,8848.955289
-211.542994,44,8849.132825
-29.967628,22,8849.220775
156.841271,24,8849.317863
35.233069,29,8849.436094
-60.736992,28,8849.548949
167.129465,51,8849.753006
-44.090102,24,8849.854376
147.551083,25,8849.963902
50.388604,23,8850.060428
37.613618,44,8850.238391
12.944965,46,8850.425473
-20.045511,21,8850.508246
-143.413459,37,8850.661908
165.007786,22,8850.755135
-30.59105,20,8850.836279
-169.0993,39,8851.013058
50.970131,24,8851.122962
-193.234308,59,8851.386661
-110.240069,33,8851.520593
-163.792497,37,8851.668246
-202.45017,44,8851.854367
-48.457624,37,8852.001692
47.150597,24,8852.112162
-128.117994,19,8852.193732
-114.833622,19,8852.299619
116.05997,30,8852.468725
188.208889,19,8852.57634
-145.121469,22,8852.709346
-1.036295,38,8852.928822
-254.199843,37,8853.18186
-37.082814,24,8853.425561
-203.741901,50,8853.755551
43.24266,25,8853.951626
-178.085656,57,8854.282854
-30.931353,21,8854.453809
-98.600524,32,8854.606213
-28.848979,20,8854.690045
-36.261602,23,8854.791175
-25.49152,36,8854.936977
-54.574462,27,8855.067967
-135.496346,24,8855.23413
-247.257309,37,8855.380119
-430.946893,76,8855.721712
-32.198286,21,8855.805489
-244.870164,37,8855.955856
160.763093,22,8856.05948
-166.283791,56,8863.04303
-249.06127,37,8863.225865
-109.535949,32,8863.358349
-56.526451,26,8863.470843
-206.705483,32,8863.61327
196.651492,37,8863.769987
64.80498,21,8863.850925
-26.012909,19,8863.927004
-207.346085,44,8864.111417
244.984922,26,8864.219958
44.393712,24,8864.318674
-64.034479,59,8864.565397
33.223933,27,8864.673916
-42.740193,23,8864.771783
-116.928278,18,8864.84548
-107.847481,45,8865.03827
-255.02206,37,8865.183928
-58.990453,27,8865.291579
67.486511,21,8865.373836
-164.53072,39,8865.531725
37.070723,26,8865.63102
73.677185,20,8865.723689
-26.24856,19,8865.801784
-232.023891,34,8865.939026
-24.231759,20,8866.024708
242.831303,26,8866.129939
-192.547997,30,8866.24764
-31.973296,21,8866.330889
-311.090924,45,8866.521172
-30.395669,21,8866.606459
-259.473699,37,8866.755548
72.435695,21,8866.842658
37.600376,26,8866.946788
-43.030085,43,8867.11778
37.282447,28,8867.233765
-144.325125,35,8867.370086
-340.460903,84,8867.843387
103.475078,34,8867.987089
161.318821,22,8868.080042
-107.576353,31,8868.206175
-21.998663,20,8868.289761
59.172537,77,8868.607466
-214.088718,46,8868.791956
123.296781,27,8868.90604
-90.205676,31,8869.036146
-70.143015,28,8869.15367
-86.258562,46,8869.333819
-264.451056,37,8869.483771
67.449991,21,8869.567796
-260.141844,37,8869.711744
-245.162687,36,8869.855705
-48.377459,23,8869.95039
-44.989936,23,8870.042719
153.740677,24,8870.145741
-83.583155,30,8870.269605
64.779366,21,8870.353251
25.128572,30,8870.473337
-151.124336,38,8870.62918
52.511393,24,8870.727067
57.885096,23,8870.81743
-510.172142,101,8871.228555
-60.021705,27,8871.342479
-90.382242,47,8879.641931
-131.115646,19,8879.75916
-31.160829,35,8879.918025
-62.951037,26,8880.032272
-62.679646,26,8880.143232
-34.733925,22,8880.231296
-52.613612,25,8880.334784
-25.471886,20,8880.417312
-19.750553,21,8880.502362
55.338506,23,8880.592432
-235.792225,35,8880.735167
62.833896,43,8880.912587
-9.714336,34,8881.046563
-163.448458,37,8881.202234
-26.423759,19,8881.278688
-28.327133,50,8881.49194
-144.539854,39,8881.652826
-631.200574,101,8882.068294
-239.08998,36,8882.225328
-120.354395,18,8882.300054
42.243995,25,8882.399781
-33.226575,36,8882.542829
-28.881372,22,8882.639701
-130.115489,20,8882.722925
-62.598211,26,8882.832569
-265.766261,37,8882.982977
-262.457013,41,8883.156181
-22.278745,34,8883.297586
-46.00685,24,8883.395095
-460.450056,95,8883.807512
-176.138742,29,8883.93432
-135.292439,23,8884.028975
59.548993,22,8884.116664
-57.293307,26,8884.221453
-63.640928,27,8884.330367
-138.497985,24,8884.425895
-35.809151,21,8884.51203
-156.921172,42,8884.68626
-173.373372,32,8884.815987
-120.505128,19,8884.898818
8.399405,29,8885.016517
-38.518705,24,8885.114647
-702.395075,101,8885.525592
-215.504592,65,8885.78785
70.602769,20,8885.971778
-168.491514,39,8886.521923
-51.98193,24,8886.624105
-190.183308,44,8886.808657
-37.569906,22,8886.901592
-22.864914,19,8886.981563
-251.273229,71,8887.270059
-435.570943,101,8887.713421
153.471661,25,8887.828243
-196.508012,43,8888.003101
3.631759,30,8888.130668
161.118276,25,8888.238888
-39.038748,22,8888.33481
-125.664217,19,8888.418999
-166.155089,26,8888.527972
-119.5927,20,8888.609436
-240.199421,54,8895.807521
-150.8643,66,8896.134738
45.376411,24,8896.348022
34.729098,26,8896.470145
-120.352084,19,8896.568135
-258.392041,37,8896.720821
-63.556621,27,8896.83212
-129.934518,47,8897.027857
-123.795574,19,8897.106777
-259.676172,37,8897.253012
-246.916134,37,8897.404448
62.968665,21,8897.490333
37.498721,26,8897.594764
-159.704577,37,8897.751036
-259.906019,37,8897.912811
-72.70597,27,8898.02818
-88.877678,33,8898.163854
51.254829,25,8898.269836
140.854704,25,8898.370194
44.366044,26,8898.477718
149.593649,27,8898.585869
32.946036,26,8898.689182
-412.143335,101,8899.098323
-67.828138,28,8899.20963
-182.071803,30,8899.328846
-91.675882,30,8899.446781
-41.313086,38,8899.600143
332.9415,29,8899.718841
-598.065578,101,8900.11537
-19.601307,33,8900.251876
-43.20971,24,8900.34972
5.928488,30,8900.470248
-37.098553,23,8900.5634
-31.668991,21,8900.64893
-288.621262,37,8900.79745
-116.870597,18,8900.876744
59.666554,22,8900.961783
44.851231,25,8901.059073
-78.291633,29,8901.17878
-364.37712,66,8901.454995
-143.663676,52,8901.657551
-50.391603,23,8901.754594
-144.089714,25,8901.90475
9.378204,35,8902.108034
-38.333198,35,8902.530412
69.154312,21,8902.750603
-259.627834,37,8903.079829
49.276268,25,8903.297079
-51.990304,23,8903.493727
-194.385796,34,8903.813039
156.907749,25,8904.102774
50.434283,23,8904.296886
-15.478925,36,8904.517786
-202.794255,31,8904.675502
-159.942298,54,8904.908318
-282.467877,42,8905.091273
-75.249986,28,8905.203828
-41.417974,25,8905.297131
-592.240606,101,8913.829161
-94.662055,31,8914.038731
-122.421818,20,8914.140669
55.343393,22,8914.243304
18.013438,29,8914.369489
-179.007053,27,8914.482456
-31.636791,20,8914.558609
-140.255604,21,8914.641234
-75.421472,29,8914.754547
-144.184547,23,8914.849599
-54.083308,26,8914.956056
-47.72544,41,8915.129827
-165.587541,26,8915.232977
-41.958884,23,8915.32967
-179.145537,30,8915.451679
-38.25406,22,8915.539819
73.742489,20,8915.619836
-76.627878,30,8915.739145
-26.2994,20,8915.818888
-251.558527,37,8915.971452
120.077435,28,8916.097614
-44.115207,22,8916.186793
-112.07486,45,8916.375015
-59.460815,26,8916.479688
263.127864,22,8916.569662
2.377595,32,8916.696487
-10.807343,36,8916.837663
-7.247334,31,8916.962692
-196.886237,45,8917.149979
-207.061834,49,8917.348455
-4.178433,48,8917.53924
-7.045131,35,8917.683125
-122.432191,20,8917.778042
153.94426,23,8917.873775
-51.911234,23,8917.971907
-53.617083,25,8918.076187
-264.827421,37,8918.227088
119.448148,27,8918.334054
-50.506544,40,8918.498531
-39.648837,36,8918.645214
-142.112434,53,8918.866751
114.99532,31,8919.119456
205.16357,48,8919.317708
65.590407,22,8919.412036
43.451573,26,8919.527661
-19.118627,20,8919.608361
-253.147728,50,8919.816921
-142.973566,37,8919.969436
-117.817203,32,8920.106354
-257.694846,37,8920.25675
-143.033242,25,8920.363246
-28.693969,22,8920.454869
-130.85776,20,8920.534047
-88.707944,34,8920.67286
-125.698385,22,8920.770302
-126.087736,19,8920.848706
-69.542215,27,8920.959707
165.913889,22,8921.051435
72.901338,20,8921.133798
-691.182252,101,8921.547254
7.950554,31,8921.679656
-260.263479,52,8921.897526
261.439724,22,8921.988175
-258.123598,37,8922.140767
-100.255757,32,8922.271748
11.32412,32,8922.404197
-209.059211,61,8931.238025
-264.278147,41,8931.419513
32.90633,26,8931.532488
-92.705621,31,8931.659061
44.826725,26,8931.761167
-121.437698,41,8931.930912
-227.062956,34,8932.064524
-130.022916,19,8932.143732
55.788967,37,8932.381553
51.101103,52,8932.649094
-123.709597,49,8932.886026
25.854045,30,8933.048841
-36.543874,22,8933.165267
-463.572934,83,8933.592864
-174.339336,28,8933.75043
57.245386,23,8933.929915
-168.285961,57,8935.574872
-263.015215,37,8935.7781
-16.970254,18,8935.864511
-238.214893,61,8936.170587
-126.428811,19,8936.271051
-269.087367,39,8936.475831
-222.638461,47,8937.777038
-66.675544,43,8938.547733
-85.535302,29,8938.721231
-407.34637,101,8939.32923
-84.371736,31,8939.53272
-187.630561,42,8939.822818
38.161441,27,8939.987584
-208.534438,31,8940.165331
44.237323,24,8940.300585
-29.425789,20,8940.40529
-228.397462,45,8940.619748
71.491408,20,8940.707621
-480.148034,101,8941.154825
-162.278006,27,8941.285285
-29.284168,22,8941.395003
27.944641,27,8941.515612
-175.646636,28,8941.635626
-253.371701,50,8941.85265
-40.981622,36,8942.009412
-92.416269,29,8942.154363
-169.996492,28,8942.279242
-219.204117,51,8942.518261
-83.015004,56,8942.778423
-108.363546,36,8942.943674
-211.073262,43,8943.165657
-147.444797,37,8943.330901
-138.888596,42,8943.523301
-213.32262,61,8943.783088
-203.600023,49,8943.994789
-126.747811,19,8944.085005
-41.29983,23,8944.189192
-58.688325,43,8953.64613
30.790817,29,8953.783366
-24.230354,21,8953.872924
-26.165435,20,8953.962738
-258.856698,37,8954.124398
2.061307,34,8954.266316
32.017082,43,8954.45573
262.618443,23,8954.565604
-25.702428,19,8954.82683
-64.564754,27,8954.967997
-125.29688,19,8955.055863
128.425188,27,8955.210899
70.588755,20,8955.30612
-34.834333,22,8955.408238
57.664378,24,8955.523895
-84.14431,29,8955.658131
-25.772718,19,8955.740482
37.07838,26,8956.495747
-31.156281,21,8956.618724
-143.835917,38,8956.79592
-120.373095,19,8956.875842
-251.24713,46,8957.076984
-19.797022,19,8957.156494
-149.105595,23,8957.255095
52.471453,25,8957.363306
-28.616907,20,8957.449093
-43.068514,24,8957.550968
152.766966,29,8957.673164
-59.822922,25,8957.777911
18.263292,29,8957.895599
-116.669752,33,8958.036819
155.345345,28,8958.165452
-127.377345,19,8958.251954
-73.517461,30,8958.379331
54.366309,22,8958.483563
-238.128002,53,8958.703953
-78.139845,29,8958.824692
-2.649873,35,8958.973742
-264.919025,39,8959.159286
-326.323555,75,8959.478714
-26.673193,19,8959.558027
54.981492,23,8959.660318
-220.272595,89,8960.054454
-45.029129,24,8960.18928
-75.239411,28,8960.334915
-106.507677,34,8960.528692
71.567199,20,8960.643819
-28.520828,20,8960.764475
-22.73199,20,8961.082529
-34.847201,21,8961.487226
-0.193043,31,8961.867237
-50.499738,25,8962.182086
47.039977,26,8962.797653
-267.706933,40,8963.671675
-183.301482,44,8964.863177
9.500726,38,8965.228438
-249.462063,51,8965.690297
-29.515196,20,8965.874079
-72.45663,29,8966.592855
9.621137,29,8966.824729
-56.952731,26,8967.030304
-447.472375,78,8967.637893
-236.028024,42,8967.897633
-27.553584,55,8968.210261
-25.135884,19,8968.311926
67.911777,21,8968.416461
-46.252482,22,8968.772222
-464.688372,64,8977.430211
-64.405222,37,8977.593906
-202.449595,46,8977.795487
-43.662485,24,8977.898604
-133.619953,21,8977.987819
68.916774,21,8978.080329
-82.665392,29,8978.212949
452.381488,24,8978.310505
-33.955508,23,8978.405745
-166.11384,28,8978.535741
-13.891717,33,8978.675227
60.1684,23,8978.777859
-114.284959,35,8978.931186
134.633117,27,8979.052941
-251.894532,37,8979.202452
-36.684208,22,8979.293681
-83.372971,30,8979.421782
67.984297,21,8979.512157
-66.095542,29,8979.637721
-118.160964,37,8979.801339
-192.05646,30,8979.926847
-212.014118,47,8980.127712
-56.556337,25,8980.230872
-83.511596,32,8980.391935
-26.816516,20,8980.518536
149.297016,25,8980.659521
-131.412299,20,8980.750878
49.083389,24,8980.849702
56.995324,23,8980.95534
-25.172874,20,8981.040008
-139.708631,21,8981.128488
59.699231,40,8981.301716
-46.262884,22,8981.396938
-141.854943,38,8981.556567
-14.242993,19,8981.635955
34.596636,27,8981.746753
-22.680897,34,8981.896641
301.908344,35,8982.049855
-190.420699,31,8982.185774
56.251477,23,8982.281951
-149.568413,37,8982.427844
51.915225,25,8982.529665
58.190767,22,8982.619981
-23.263026,19,8982.697783
-40.996718,22,8982.796953
-42.578761,24,8982.901448
-128.552185,19,8983.155258
-127.129654,19,8983.238131
152.271869,27,8983.358385
-122.72242,33,8983.502489
-22.327198,21,8983.591252
-46.875085,23,8983.694411
52.968081,24,8983.795474
-196.52664,44,8983.982005
-136.45001,36,8984.137553
-167.389295,28,8984.256789
-80.347767,28,8984.375074
-168.706813,53,8984.602808
-33.895602,23,8984.697439
13.784631,29,8984.828068
-15.862376,32,8984.972864
-109.927953,35,8985.11941
25.557386,30,8985.242
-44.452018,22,8985.331016
46.764193,25,8985.433737
14.525306,32,8985.563702
-33.477762,23,8985.658366
67.002121,21,8985.751587
-267.717886,40,8985.918764
-123.786027,20,8986.001359
-21.773086,19,8986.085337
-61.794168,28,8986.204829
355.866232,23,8995.471387
-131.24493,21,8995.594407
-105.033684,32,8995.743503
-129.13067,19,8995.822845
-163.161221,37,8995.983325
-118.454376,49,8996.19998
-34.977593,21,8996.286627
-123.07539,21,8996.375309
-46.885519,25,8996.478472
-31.303223,21,8996.561817
-30.19995,21,8996.652285
-121.940147,19,8996.73342
-71.888439,30,8996.857692
176.790109,22,8996.957577
-32.265191,21,8997.048798
64.368739,22,8997.144585
-34.738343,36,8997.297197
-82.337797,29,8997.424343
-187.235309,28,8997.554316
-29.439237,20,8997.637017
-265.410375,37,8997.791338
-8.081234,35,8997.944677
-26.654163,20,8998.025988
35.513481,26,8998.142534
-273.146165,75,8998.464173
15.322516,38,8998.623732
-117.117667,37,8998.78073
358.447748,23,8998.872318
-197.268755,50,8999.088314
-127.175543,19,8999.169303
-151.857554,24,8999.274786
-105.069665,33,8999.413921
-136.715548,69,8999.703065
67.795771,22,8999.800129
-26.719557,56,9000.042782
-131.390861,20,9000.128812
35.027977,27,9000.246145
-161.924882,37,9000.404765
73.69417,20,9000.491869
-88.026144,44,9000.679953
-129.989496,35,9000.825963
-402.774876,89,9001.203854
59.321445,23,9001.300921
-213.982775,34,9001.442771
-168.424494,39,9001.615546
-115.060687,36,9001.766577
-248.153447,36,9001.914426
-187.352901,45,9002.103046
-122.274676,35,9002.252074
34.049027,27,9002.36989
43.452053,25,9002.474741
-34.000464,23,9002.571365
63.222673,21,9002.657013
-28.365785,20,9002.742581
-130.527579,19,9002.824012
-79.717823,45,9003.016703
250.119221,24,9003.115018
-279.531512,61,9003.383206
-370.142463,63,9003.659751
-112.115982,34,9003.801926
-28.006324,20,9003.88581
-15.439801,41,9004.078675
20.34082,29,9011.87636
-55.814525,25,9012.028866
-60.889724,26,9012.16531
-224.703916,36,9012.326861
14.864807,28,9012.44336
12.589117,30,9012.569157
-367.700743,50,9012.772318
21.246639,46,9012.972656
-27.777977,34,9013.126312
57.130436,23,9013.228365
-147.703981,47,9013.545137
-299.291134,59,9013.803956
-65.391614,39,9013.980155
-182.3821,56,9014.220532
-44.678122,25,9014.326562
70.886249,20,9014.41131
-53.730557,36,9014.565391
94.646543,21,9014.655207
-242.910703,40,9014.827265
-28.191748,22,9014.916305
36.117139,27,9015.032684
-249.396962,37,9015.180797
-193.487286,28,9015.299752
15.142794,29,9015.421858
-137.871466,40,9015.600846
-231.964125,51,9015.815485
55.289659,22,9015.907525
-72.017008,44,9016.096583
-113.787382,36,9016.243594
170.53816,21,9016.332484
90.522545,33,9016.474387
18.55341,31,9016.601751
-59.350605,25,9016.71328
55.66741,25,9016.820011
-148.403947,25,9016.923416
-123.970466,37,9017.078683
163.137037,22,9017.16871
-152.834329,41,9017.335728
-455.938639,61,9017.592264
-319.321269,48,9017.794893
-38.65583,35,9017.937387
-39.988488,23,9018.033572
-93.72813,43,9018.220684
-158.960579,29,9018.346587
29.301679,28,9018.460193
328.589543,38,9018.624811
-125.568748,19,9018.71182
-174.115337,29,9018.838088
-56.481174,27,9018.967927
-140.133495,35,9019.178246
-24.925312,34,9019.391062
-117.462138,18,9019.529416
26.767433,29,9019.7412
-173.543506,30,9019.986016
163.837827,22,9020.209964
-90.614805,31,9020.499812
-21.984809,36,9020.81573
-85.165337,31,9021.083894
-164.651217,39,9021.359041
-75.011759,26,9021.510087
-154.40501,23,9021.639247
126.727732,30,9021.766345
-52.255386,50,9029.018586
82.984346,22,9029.171428
-5.786005,36,9029.337702
-130.087632,50,9029.543896
-66.302641,28,9029.661981
-113.577569,35,9029.810715
-203.309758,51,9030.025852
-126.610815,37,9030.184479
-73.564632,45,9030.374908
-95.729842,30,9030.505606
-26.372509,19,9030.585407
263.710656,25,9030.696328
-133.048882,37,9030.857078
-52.285509,25,9030.960199
-138.59071,35,9031.112186
-124.858156,34,9031.270511
-124.879987,20,9031.366644
-66.115884,28,9031.496831
-148.225115,66,9031.778299
-145.716653,37,9031.942848
39.3709,25,9032.047322
-24.002888,19,9032.126894
71.945971,20,9032.20792
-72.458148,29,9032.327295
-23.467349,20,9032.414334
-126.162401,35,9032.566756
-39.901376,24,9032.663379
-130.600915,20,9032.742408
-193.429483,42,9032.923595
-202.893518,33,9033.066932
-115.604557,33,9033.216724
-135.071358,21,9033.306536
-23.401225,20,9033.391196
58.67682,23,9033.487604
51.830157,24,9033.585448
-51.136505,45,9033.781143
-139.601298,21,9033.871648
-169.597111,41,9034.05059
-473.478519,101,9034.470707
-34.161635,22,9034.560572
71.703899,20,9034.644914
167.350277,21,9034.733919
-227.760758,48,9034.946811
-128.32136,51,9035.317022
150.731342,26,9035.435299
-195.563328,28,9035.558977
-313.779733,64,9035.836436
117.818542,29,9035.965889
68.774455,21,9036.064786
168.092891,21,9036.150722
-26.56145,20,9036.236675
68.634372,39,9036.396623
-188.544597,58,9036.635037
-24.10876,19,9036.715608
59.058656,24,9036.815257
-317.661181,51,9037.037699
-176.24288,41,9037.211101
160.107248,22,9037.300594
208.140395,35,9037.451048
166.902846,21,9037.540673
-29.448154,19,9037.623244
154.836477,23,9037.722322
79.238463,20,9037.803669
-186.5469,44,9047.055418
-136.967688,51,9047.362208
-94.498959,32,9047.500837
-81.146217,31,9047.631197
-131.413185,66,9047.912496
37.134475,50,9048.126571
159.295961,22,9048.228658
25.863309,28,9048.347324
50.113903,23,9048.446788
-51.557906,53,9048.675051
43.654192,28,9048.799276
159.685241,23,9048.900909
-62.563749,26,9049.018171
-190.457647,49,9049.232222
63.287097,21,9049.322366
9.115363,30,9049.452315
27.236229,30,9049.579481
-172.459538,101,9050.007207
-57.513943,24,9050.106766
-103.78617,33,9050.248006
-159.345526,56,9050.482779
-4.908274,45,9050.673958
-521.265924,72,9050.989268
-118.339219,19,9051.06457
56.147269,23,9051.158832
61.137535,23,9051.258294
141.948954,24,9051.359162
-68.070083,57,9051.608898
-50.874752,24,9051.708067
-323.225837,48,9051.912377
-271.890691,75,9052.238179
-109.480928,34,9052.374499
-119.965172,32,9052.51003
-92.931693,34,9052.654755
14.568768,36,9052.810466
-25.63905,19,9052.90069
-246.089951,40,9053.075559
-63.372005,39,9053.245539
54.244273,23,9053.34186
-128.915145,22,9053.434692
-180.698515,43,9053.616553
130.180158,30,9053.745968
-45.401834,22,9053.839236
-40.256244,23,9053.937637
-166.364548,43,9054.12681
-14.780403,39,9054.291548
-41.095965,24,9054.40238
-318.599468,101,9054.837755
-118.584684,18,9054.917243
-359.755164,63,9055.196576
-126.203706,22,9055.290975
-178.966593,42,9055.469492
-65.276803,28,9055.587262
-211.34132,33,9055.734866
-86.153983,46,9055.925734
55.89988,24,9062.460441
-154.855901,39,9062.659321
-111.32611,32,9062.791993
8.842458,32,9063.267279
-184.392609,47,9063.461607
-172.859981,29,9063.584744
48.735803,25,9063.690909
63.998349,22,9063.779919
-382.670532,72,9064.10117
-124.582247,19,9064.183592
-49.131287,24,9064.285759
-152.27075,51,9064.504678
72.739841,20,9064.588825
-177.274283,27,9064.805249
-129.431746,19,9064.880882
-6.362641,32,9065.015954
-321.050196,78,9065.353911
-186.930722,46,9065.556456
199.836744,20,9065.695657
-448.435618,101,9066.140398
-284.20448,42,9066.31636
73.388363,20,9066.400021
-82.141156,29,9066.523575
-175.389969,26,9066.631864
-17.318478,18,9066.705834
-137.25432,21,9066.79819
-106.421203,33,9066.935554
-26.681798,20,9067.027871
-226.983285,34,9067.167981
-25.605515,20,9067.251088
168.046232,24,9067.356967
21.947773,31,9067.484233
26.653,27,9067.603749
-162.48155,37,9067.761965
-329.658002,101,9068.202954
-437.173347,71,9068.507157
58.011554,24,9068.615458
194.957778,22,9068.711312
-167.910017,42,9068.890345
-270.758462,77,9069.233024
-118.973397,19,9069.312306
66.521872,21,9069.396589
-44.990859,22,9069.491151
-131.085969,20,9069.574648
-160.361832,30,9069.702903
165.782131,21,9069.793604
-464.705763,101,9070.225785
-196.719487,30,9070.364154
49.902304,25,9070.499671
70.692214,24,9070.632858
27.757828,28,9070.792878
-74.874272,45,9071.161878
-148.087961,38,9071.457872
-85.01547,29,9071.705207
-245.068896,36,9072.044514
-267.967026,49,9072.598748
-257.193104,66,9080.629024
-126.047846,40,9080.816264
-191.575599,43,9081.003044
53.300353,25,9081.111976
-262.570301,39,9081.273922
32.907854,28,9081.393047
50.938809,24,9081.518182
-22.609965,19,9081.60693
35.169374,26,9081.718322
-123.943075,19,9081.803967
-200.433547,30,9081.945068
66.776344,21,9082.040314
-65.937921,27,9082.166216
-30.376736,20,9082.244359
-184.308903,28,9082.368232
-181.96275,30,9082.49523
-27.511387,22,9082.586236
-42.690639,25,9082.691556
63.439767,22,9082.785463
-16.686722,48,9082.991274
-173.419239,45,9083.185725
-221.970834,35,9083.340821
22.321968,28,9083.466319
-35.121829,39,9083.643573
-49.103999,25,9083.751941
-169.439852,29,9083.873367
-31.105904,22,9083.969455
-35.030177,23,9084.063426
-132.08093,20,9084.143506
32.67588,27,9084.258897
65.933884,21,9084.344783
34.405886,27,9084.455081
-27.925956,19,9084.539071
76.87762,20,9084.624627
-27.555451,20,9084.7086
-149.566041,23,9084.804156
-23.040796,19,9084.882402
-197.379492,31,9085.015915
-208.624654,45,9085.212306
70.862482,21,9085.2955
-112.025302,58,9085.538208
-82.991605,30,9085.66256
-189.868628,47,9085.859111
-245.222478,36,9086.008425
-41.328054,23,9086.102954
-78.231748,29,9086.226711
68.462127,21,9086.319745
-106.124209,33,9086.467516
-31.606345,21,9086.552116
-142.494015,35,9086.699897
-260.87771,39,9086.860308
58.079282,23,9086.958752
-30.603108,20,9087.038524
-17.885261,20,9087.272371
-811.99614,101,9087.717858
1.289968,33,9087.860866
-129.303605,23,9087.956562
-192.06033,60,9088.210069
159.068084,23,9088.306884
3.152251,30,9088.433497
-29.109175,35,9088.59438
-122.394019,35,9088.741748
-45.937995,26,9088.857481
-126.057073,19,9088.938446
-268.347394,39,9089.103696
41.367186,26,9089.212957
355.391412,31,9089.346711
13.46583,63,9099.141449
-119.16276,20,9099.24863
-101.846488,33,9099.402294
131.815983,28,9099.527661
-35.778076,22,9099.621916
-43.365639,24,9099.732219
-129.131378,19,9099.811776
-24.92923,19,9099.889753
-201.844749,31,9100.024847
-65.687836,27,9100.137648
39.223362,25,9100.246687
-30.266954,20,9100.329987
-121.028077,18,9100.406367
-260.80889,37,9100.56217
137.973343,49,9100.84289
-49.906951,25,9101.02549
-165.475035,25,9101.189947
119.611271,32,9101.371104
-127.768407,19,9101.475094
-127.803505,22,9101.579097
-26.23605,20,9101.69031
-130.568069,19,9101.78315
-199.797249,44,9101.992214
-71.277131,28,9102.111924
-75.26909,31,9102.244909
-116.3292,46,9102.437218
51.737156,26,9102.545516
-47.83872,25,9102.64972
-26.213334,37,9102.811719
-449.784021,92,9103.213595
-60.782015,40,9103.392506
-43.956162,24,9103.493798
-44.68666,22,9103.586266
-34.460841,22,9103.675561
-167.424003,57,9103.90778
-166.696362,28,9104.032703
155.306767,24,9104.133988
-73.110391,28,9104.253753
-183.283593,42,9104.43917
124.444979,29,9104.560078
55.555747,23,9104.655013
63.486521,22,9104.743877
-391.915775,55,9104.970611
-37.226536,38,9105.124621
40.426495,26,9105.231851
-106.429844,34,9105.374351
-146.688501,46,9105.564132
1.276444,31,9105.696075
168.001519,43,9105.876579
-125.36837,20,9105.963431
-28.095467,20,9106.045341
-121.797878,20,9106.129937
-155.882392,24,9106.231448
-127.323744,19,9106.308117
-126.831035,19,9106.388105
-76.431567,47,9106.589825
-38.697506,36,9106.745492
-16.845977,33,9106.885771
21.839751,29,9107.006591
-122.322424,18,9107.081152
-136.48572,49,9107.289298
24.969322,29,9107.412038
-139.739161,51,9107.627501
-39.224207,24,9107.730108
29.971769,28,9107.851365
-11.339878,36,9108.001524
-89.271984,42,9115.319075
213.243027,32,9115.470779
-143.888357,37,9115.633887
-119.361253,36,9115.785104
30.847346,29,9115.903359
-63.324024,27,9116.015036
-59.572329,25,9116.122662
-44.03638,24,9116.221782
-32.980527,20,9116.299851
-28.878327,22,9116.393166
-186.464796,28,9116.514817
-50.28172,42,9116.696059
-46.966143,22,9116.793352
-52.584217,26,9116.914122
64.804206,22,9117.010225
183.532977,20,9117.093737
169.04688,23,9117.192852
178.07943,27,9117.308003
-6.952758,35,9117.457948
-246.676243,37,9117.72962
-63.630472,26,9117.835555
43.486873,25,9117.941296
-256.402542,37,9118.089405
-197.494829,58,9118.334016
-51.283965,25,9118.443591
-2.792272,75,9118.769783
-33.87788,35,9118.912841
-26.050218,19,9118.99346
-227.12169,40,9119.169202
-263.367718,37,9119.321179
-112.200682,34,9119.462659
58.491597,24,9119.561384
-23.424814,49,9119.763961
77.668264,22,9119.860121
-146.124803,37,9120.016111
-122.504872,34,9120.161702
-148.100589,37,9120.308067
-1.679556,35,9120.459576
9.509241,62,9120.716405
-262.917941,37,9120.873703
-20.368882,19,9120.953925
-115.363599,18,9121.029789
-46.027709,24,9121.130609
148.513743,24,9121.233823
-609.12033,101,9121.651582
-93.57059,31,9121.785104
-272.087401,54,9122.023324
-175.837701,40,9122.187987
-35.099357,24,9122.287386
-144.50351,22,9122.380189
-93.835513,32,9122.520898
-56.811867,38,9122.681251
-262.032341,52,9122.90616
-267.006549,37,9123.055142
52.173469,24,9123.151369
-79.698969,49,9123.361976
58.554883,24,9123.477091
-116.923426,19,9123.593707
-27.645488,20,9123.707465
-126.527923,35,9123.917207
-294.716212,56,9132.995855
-38.517738,21,9133.127249
-182.461197,46,9133.349372
-128.414319,39,9133.514165
-76.981468,29,9133.644177
-101.876356,33,9133.787437
-252.970126,56,9134.01717
-146.451166,40,9134.188045
-102.909255,36,9134.342739
-62.924018,26,9134.457759
11.681969,30,9134.579487
-22.880755,49,9134.786402
-66.615925,25,9134.899364
-31.480548,21,9134.985476
-35.073477,21,9135.073875
-137.575762,41,9135.24918
-51.249793,25,9135.353889
-53.379445,25,9135.460316
-258.378945,52,9135.678993
71.110498,20,9135.764391
-106.870573,37,9135.918493
25.45424,28,9136.037096
-99.310593,44,9136.238154
-198.982531,48,9136.439568
-129.172452,21,9136.527651
-20.305072,19,9136.610344
-57.700082,26,9136.721705
-67.050497,29,9136.842351
-154.037534,38,9137.001353
-106.410119,33,9137.149478
-68.928112,28,9137.271446
-259.191844,68,9137.559409
153.351603,23,9137.652058
-128.306013,19,9137.731764
-131.768864,20,9137.815796
69.067554,20,9137.904377
-338.873233,52,9138.126409
-98.281674,43,9138.314009
-108.593878,35,9138.459484
-103.654129,32,9138.60328
50.413399,24,9138.698352
-131.172848,21,9138.783738
-642.70306,92,9139.16076
-56.988863,26,9139.268051
-569.781455,101,9139.694418
61.826061,23,9139.787957
69.665615,21,9139.875642
-157.345402,37,9140.141379
-46.281724,22,9140.301367
-188.261886,31,9140.43625
-144.934365,22,9140.535456
4.543057,31,9140.669797
-165.405917,42,9140.848493
-245.936679,37,9141.008199
-159.299078,54,9141.243182
-208.469151,34,9141.378947
-226.117563,34,9141.515158
-18.365154,21,9141.602623
193.153008,19,9141.68635
-39.04009,24,9141.792015
-129.381876,19,9141.869064
67.01354,21,9151.644202
-47.041916,37,9151.84989
62.397161,22,9151.948644
-28.258836,20,9152.041609
-144.202679,37,9152.198491
-220.651504,36,9152.352698
-15.879223,36,9152.503025
-177.643559,43,9152.689356
42.183417,25,9152.800348
-211.576526,38,9152.969441
-194.834506,34,9153.112226
-12.540392,19,9153.198356
-47.113423,25,9153.309998
-70.895918,29,9153.433032
-128.489661,19,9153.522667
54.474316,23,9153.620058
-26.537574,19,9153.710192
-25.019258,20,9153.795621
-96.35653,32,9153.927742
-252.040802,44,9154.110962
-39.407769,21,9154.20834
-170.148321,45,9154.403055
32.560727,27,9154.520093
-223.599209,47,9154.724316
33.980886,35,9154.874604
-4.856781,36,9155.031624
-245.188486,40,9155.205355
189.467231,26,9155.316697
-321.008015,46,9155.528384
-135.631126,20,9155.623875
-141.383586,24,9155.722467
-30.906629,21,9155.812193
241.026842,26,9155.921369
-30.049647,20,9156.007376
153.719997,24,9156.114342
-69.784166,45,9156.300837
-127.652726,36,9156.449844
-131.895222,21,9156.538555
257.343876,23,9156.63369
-23.233882,20,9156.721408
27.79977,29,9156.844682
-2.068954,31,9156.974556
-30.342324,20,9157.061527
-33.256682,21,9157.149389
-62.812808,28,9157.271571
-199.61985,72,9157.585823
-258.226174,38,9157.747291
-121.376443,18,9157.825614
68.174651,21,9157.91291
245.300757,26,9158.022285
-158.794217,39,9158.182844
-55.060348,24,9158.289115
-155.675171,38,9158.452016
58.140393,23,9158.545619
-123.462682,18,9158.617526
-205.342232,51,9158.833483
39.668273,27,9158.941569
-97.326334,32,9159.082383
-26.800238,20,9159.162295
-21.574352,36,9159.315206
-3.042297,49,9159.525071
-161.154758,26,9159.635843
-123.236447,19,9159.718906
-145.205813,22,9159.808353
-503.700638,76,9160.123
-63.0619,28,9160.240386
-129.925657,19,9160.315699
157.682465,23,9160.411137
-62.148065,27,9167.700386
-265.400567,37,9167.87677
-207.174356,45,9168.070643
-276.165083,40,9168.244322
-33.237545,21,9168.338924
-31.676021,20,9168.428403
-39.108394,23,9168.526349
-36.822943,24,9168.624235
-23.928707,19,9168.704907
-317.293581,60,9168.957806
-295.420457,71,9169.254924
-106.764611,34,9169.396768
32.582366,86,9169.756854
-28.333591,20,9170.140291
-188.551311,52,9170.42651
-377.959303,96,9170.937679
193.328548,21,9171.026419
-43.235801,22,9171.12403
-139.778392,36,9171.288969
-7.240704,36,9171.448171
-80.34486,30,9171.575828
-130.475623,19,9171.654953
-17.183238,21,9171.745337
-65.010664,28,9171.863357
71.881261,20,9171.949629
-122.569469,19,9172.024911
-44.17932,22,9172.117003
-142.454605,24,9172.222396
-154.178124,24,9172.32498
-6.69419,33,9172.468441
-93.870112,31,9172.598779
-176.294658,39,9172.759158
-31.085871,20,9172.848629
-301.932409,45,9173.037798
20.046168,29,9173.15989
-27.138383,22,9173.254922
-270.421082,41,9173.426874
-28.229317,21,9173.510604
-285.253523,42,9173.68944
13.683552,29,9173.811732
-485.458482,101,9174.259317
-145.089592,37,9174.416698
-126.513239,20,9174.501995
-37.833206,24,9174.602455
140.424433,49,9174.805151
163.177784,25,9174.91815
-52.284763,25,9175.035336
-29.381061,20,9175.120733
-109.941612,34,9175.264263
-134.206133,20,9175.347801
255.980443,23,9175.449001
-13.995902,18,9175.522401
71.27847,20,9175.610209
-27.504039,20,9175.695076
-31.369515,20,9175.781126
68.941392,20,9175.86909
-33.396258,21,9175.96642
-161.076794,37,9176.115897
78.508581,19,9176.194951
-75.144568,46,9176.427892
-157.474295,39,9176.660378
157.772381,23,9176.802559
-30.444278,20,9176.952067
-108.123568,34,9186.686055
-28.244485,20,9186.805772
133.468914,27,9186.939548
-66.894283,37,9187.097929
-80.218603,29,9187.219782
-27.671684,20,9187.303816
-30.32763,20,9187.388198
-86.288729,30,9187.522209
-27.531652,22,9187.613012
-334.37963,52,9187.83145
-148.261657,24,9187.934789
-21.692673,19,9188.012867
-441.568303,101,9188.439925
-266.154551,37,9188.598241
-111.731219,32,9188.737731
-66.366279,25,9188.845623
-63.833332,26,9188.954227
69.149037,21,9189.042966
-205.564403,33,9189.179725
-40.892827,37,9189.334871
-165.474426,26,9189.44275
270.752099,21,9189.535082
60.010934,23,9189.635452
-54.968154,25,9189.746914
-169.04045,27,9189.859532
-28.177746,35,9190.008125
275.741419,44,9190.200959
-73.48716,28,9190.319503
-45.586177,22,9190.415103
-33.270368,20,9190.499578
-130.377562,19,9190.580709
-130.476176,21,9190.671556
66.631997,21,9190.755058
-149.640051,37,9190.910087
-47.383476,25,9191.0236
-72.29658,29,9191.154018
-199.692981,31,9191.286638
-98.041433,32,9191.425727
-262.684386,37,9191.579802
-27.445503,19,9191.664573
-28.526841,20,9191.746364
57.540073,23,9191.839269
-27.558252,21,9191.927337
-141.922307,24,9192.025159
-331.473379,77,9192.357709
-243.294172,37,9192.518043
-48.939606,26,9192.628802
-249.547569,37,9192.783769
-56.677402,27,9192.898121
26.75113,27,9193.023677
-108.41883,34,9193.162935
-123.530732,19,9193.249826
-267.075612,37,9193.398623
-130.013801,19,9193.479522
-1.218198,32,9193.617604
-129.101914,20,9193.701307
-720.892593,101,9194.241351
-127.157634,20,9194.329878
-45.369632,22,9194.419514
-241.339655,51,9194.639519
-35.958358,22,9194.733516
-105.612573,33,9194.872373
44.062038,26,9194.982829
-118.475122,18,9195.059646
-30.658312,20,9195.14501
-21.210389,37,9195.29971
-232.673613,52,9205.227182
28.429428,28,9205.407537
-140.387234,38,9205.578686
-134.766145,40,9205.748647
-293.279954,46,9205.937795
103.356483,34,9206.07941
-58.688064,26,9206.188968
-60.29642,26,9206.296362
-265.847709,37,9206.453316
-89.767062,48,9206.657954
-176.552603,28,9206.777529
-89.31644,42,9206.96282
-212.45107,101,9207.3916
189.410791,19,9207.477327
-178.355909,29,9207.600874
-523.358961,101,9208.037027
-92.776819,31,9208.170785
-255.165269,50,9208.395167
-144.58644,81,9208.733067
-37.199388,24,9208.83161
-215.203672,32,9208.970814
-138.725749,22,9209.059966
-185.398475,41,9209.233863
-326.389876,49,9209.43582
-121.046922,19,9209.512766
-27.979517,20,9209.599133
-128.168651,20,9209.682872
-52.193925,25,9209.78794
-25.421059,19,9209.867285
-25.094309,19,9209.942644
-187.895597,43,9210.132364
-70.362731,28,9210.250667
-66.668962,28,9210.365074
-156.383789,25,9210.466807
-47.145137,24,9210.564979
-140.321508,21,9210.651463
-129.115026,19,9210.730274
-35.193611,23,9210.832982
-26.984747,19,9210.920616
-45.978736,36,9211.082702
-133.795012,20,9211.195204
-706.937674,101,9211.629866
-39.857536,22,9211.726109
-109.775723,34,9211.868001
-39.328524,22,9211.958806
-19.222641,19,9212.038513
-87.160057,57,9212.278178
69.033626,20,9212.359701
-91.596912,49,9212.563606
-61.053249,24,9212.66158
-30.419061,20,9212.745949
-156.290226,38,9212.90349
-109.767102,34,9213.051974
-24.474242,19,9213.129456
-21.425824,19,9213.20699
-66.891649,37,9213.364304
-34.541742,21,9213.446078
-74.33076,27,9213.558004
-207.370274,32,9213.699003
-28.20819,20,9213.783488
-57.003801,38,9213.945475
46.135817,24,9221.762628
-51.667319,25,9221.901231
60.861706,24,9222.014374
-34.565705,34,9222.158929
-209.834314,35,9222.310242
-306.860425,69,9222.606348
-134.534623,23,9222.705616
-40.849646,21,9222.794301
71.937269,20,9222.876304
-22.483205,21,9222.959305
-216.184369,31,9223.092587
-48.815133,24,9223.194697
-27.904687,20,9223.281688
-257.459966,38,9223.443037
-26.150071,19,9223.523751
-267.218,37,9223.6729
-235.189646,36,9223.829051
-50.529047,25,9223.935791
-268.52729,37,9224.088694
-98.370129,37,9224.242121
-95.493354,30,9224.368828
-186.847593,40,9224.537669
0.198655,32,9224.681211
-323.898349,46,9224.881273
-236.735757,50,9225.21029
-25.289298,19,9225.291579
-39.026309,23,9225.392796
-432.061882,59,9225.637713
-151.695866,37,9225.793689
-78.730986,30,9225.922147
-181.909622,30,9226.048504
57.750538,23,9226.146136
-196.836564,29,9226.271377
77.946295,22,9226.367128
-102.223748,50,9226.580514
-26.496229,19,9226.660229
167.773492,21,9226.747062
-95.834994,31,9226.877524
-276.773297,46,9227.073598
-159.188086,26,9227.187618
-141.116528,36,9227.339831
-676.283117,101,9227.782645
68.927645,21,9227.871576
348.326389,24,9227.971074
-156.628513,24,9228.071089
-197.064014,32,9228.206081
-138.965114,22,9228.305077
-173.935286,28,9228.420958
-129.999065,19,9228.501517
71.664276,20,9228.585684
-127.732374,19,9228.668019
-3.876854,30,9228.79774
-65.437247,27,9228.909769
-31.64155,20,9228.990921
-302.044115,44,9229.170289
-65.088597,27,9229.285515
-518.666412,101,9229.69935
181.083099,65,9229.971774
44.09989,24,9230.077486
15.290258,30,9230.202091
-26.198743,20,9230.285455
-361.884564,51,9230.500774
-270.336679,40,9240.092375
-215.588952,33,9240.300116
-295.592986,62,9240.56834
101.648737,32,9240.699847
-261.082549,41,9240.868263
-26.836625,20,9240.951795
-78.281257,42,9241.133151
-33.380784,21,9241.21694
166.549446,21,9241.303233
-30.404174,20,9241.384045
-253.105235,37,9241.537238
-52.27855,25,9241.645577
36.895242,38,9241.797885
-25.693557,19,9241.879239
-47.04732,24,9241.979808
-73.029282,28,9242.104062
-10.633364,19,9242.181289
-45.838007,24,9242.278253
-162.840135,39,9242.432244
-66.727757,27,9242.542372
-125.615798,19,9242.618381
-157.292993,38,9242.771489
55.12246,24,9242.878209
-38.450179,22,9242.963525
-168.142327,27,9243.071144
-100.328877,53,9243.303082
-45.697795,24,9243.406441
-51.97409,25,9243.509413
159.455311,23,9243.594866
-209.278772,34,9243.738621
-282.775821,85,9244.088034
65.637603,22,9244.177373
-431.519866,74,9244.482871
68.771464,21,9244.575077
153.711504,26,9244.686244
65.200387,21,9244.77918
-22.01853,35,9244.920533
-45.091992,23,9245.023074
-124.580238,19,9245.100918
-225.823542,55,9245.326179
-30.416498,21,9245.412631
-247.141711,54,9245.634973
-107.69771,35,9245.782108
-109.105913,33,9245.918523
-172.337583,45,9246.104195
-418.049683,90,9246.467444
-182.407392,55,9246.694473
-127.44874,21,9246.784772
47.831853,25,9246.897166
-136.649935,23,9246.991471
55.396609,23,9247.08434
-31.824328,20,9247.162932
-33.100104,20,9247.244373
-23.785932,19,9247.322588
-163.640642,28,9247.439048
-62.761272,26,9247.552757
-240.971904,47,9247.857343
27.611382,28,9247.979678
-152.174967,41,9248.149872
-178.761884,42,9248.328855
-235.154542,34,9248.472915
-29.299533,20,9248.551039
-251.017471,37,9258.820452
-58.849968,26,9258.999512
-184.796297,49,9259.219455
-225.252106,34,9259.373695
-20.166492,21,9259.463956
164.499924,22,9259.550494
65.65541,21,9259.637152
16.167029,29,9259.766781
-59.842238,27,9259.883875
-129.860648,20,9259.968374
-49.52606,37,9260.132158
-262.23248,46,9260.330721
-74.969503,29,9260.452243
-37.624022,22,9260.549465
-129.791854,19,9260.634334
-27.743099,20,9260.724767
-111.501217,41,9260.893201
7.424056,29,9261.0124
26.067924,43,9261.192354
147.205328,26,9261.301703
27.882969,27,9261.414358
-62.795876,44,9261.592441
-208.468359,62,9261.844263
-325.919133,47,9262.033815
-67.300026,40,9262.193215
-35.659655,21,9262.279009
-54.262369,25,9262.390037
-22.4913,35,9262.542217
-181.22158,41,9262.71435
68.749576,55,9262.943377
-129.496852,19,9263.021836
-48.47576,24,9263.128415
77.459343,59,9263.382248
-24.718932,19,9263.462148
-247.895883,50,9263.669774
-170.638295,46,9263.862827
-124.200017,20,9263.952808
-143.685606,37,9264.108033
43.329922,26,9264.223378
-26.8487,19,9264.300801
74.130131,23,9264.395288
-23.535913,19,9264.476742
-60.181261,40,9264.644759
-165.760079,30,9264.769445
-111.134198,34,9264.908876
49.562351,25,9265.012803
-139.138476,21,9265.103532
-176.954317,29,9265.222038
-37.38384,22,9265.311016
211.088428,20,9265.396058
134.535118,28,9265.515629
-28.218692,19,9265.59684
23.516001,28,9265.715805
86.693323,38,9265.886611
-11.646228,33,9266.020998
-132.364504,23,9266.122346
10.820554,30,9266.246877
-68.387318,27,9266.35674
-26.873756,20,9266.440809
-86.556434,31,9266.571307
-50.310821,25,9266.676513
-242.557703,38,9266.829375
-163.36532,37,9266.984266
-322.48842,46,9267.18158
-179.635386,46,9267.372423
-249.786905,37,9274.850476
-398.395971,76,9275.550559
3.449771,32,9275.710083
-177.856131,48,9275.916726
202.402529,19,9275.994142
56.492661,23,9276.108721
-28.485416,20,9276.197711
47.905175,25,9276.306931
-44.461793,24,9276.415258
52.069113,24,9276.523295
-281.951469,69,9276.817719
-43.677321,23,9276.91175
-19.824502,19,9276.992287
-267.356204,44,9277.176047
-21.948924,20,9277.257123
-423.250127,62,9277.510318
22.412659,27,9277.623979
-32.062649,20,9277.702138
60.106809,22,9277.794088
-30.750616,21,9277.880743
-162.481488,38,9278.049458
-249.058796,37,9278.198705
-91.227276,36,9278.35825
-65.003003,40,9278.528461
-136.546336,22,9278.621998
-24.50214,19,9278.701458
254.063551,24,9278.804395
-163.976825,41,9279.130956
-198.756438,45,9279.322126
-182.488051,30,9279.448182
-256.298204,37,9279.607324
-127.371241,20,9279.690245
-120.889227,18,9279.836345
-30.677927,21,9279.922068
57.833475,24,9280.025756
-193.237628,42,9280.201325
-29.27536,20,9280.286246
-144.819119,57,9280.517122
-132.905695,20,9280.598885
-40.667795,22,9280.687178
-333.726908,53,9280.932793
-248.364898,37,9281.087057
-42.104389,22,9281.177745
-173.358358,41,9281.352615
-13.31718,34,9281.488549
-88.920261,30,9281.615771
-261.948816,37,9281.771294
-161.4365,24,9281.881274
-191.083003,41,9282.051115
137.000234,48,9282.244971
-213.100931,34,9282.394902
-44.074882,23,9282.498144
49.248287,24,9282.595771
70.692417,21,9282.684845
159.130081,23,9282.785324
-266.019383,37,9282.933944
-56.991966,25,9283.04539
-170.715309,42,9283.232
-22.234964,20,9283.323591
64.892802,22,9283.418748
-164.425374,30,9283.544035
-251.045838,101,9283.971438
-53.288428,38,9284.128823
-161.60852,68,9293.072097
-454.230513,101,9293.79692
-51.849993,25,9293.906493
-31.975279,21,9294.015076
-21.022864,20,9294.106492
-284.621986,42,9294.279972
-55.564721,25,9294.39693
-39.371109,21,9294.484108
-228.32201,48,9294.695244
45.148319,26,9294.806655
-78.012667,29,9294.929128
-39.838828,21,9295.023128
-139.896259,37,9295.181279
168.064476,26,9295.302205
-83.622053,30,9295.434535
-180.711128,33,9295.575953
-22.403286,21,9295.664439
-10.269568,34,9295.808491
-11.604156,33,9295.971404
69.141753,20,9296.05408
67.295861,21,9296.139876
-265.05158,37,9296.287689
-30.791927,37,9296.443706
-153.429434,56,9296.683718
-139.118406,21,9296.774172
-132.526902,20,9296.85691
70.01373,21,9296.946929
-449.269887,74,9297.248411
162.269871,22,9297.345418
-21.705767,21,9297.43895
3.726209,31,9297.575031
-71.299844,28,9297.694037
58.011802,37,9297.854608
-163.332465,37,9298.001277
5.693303,31,9298.134773
-127.082499,101,9298.566162
-141.834629,21,9298.653836
-249.511363,37,9298.808224
-28.936584,21,9298.901333
158.251688,22,9298.996102
-0.941069,33,9299.142861
-140.710298,23,9299.240183
-29.118045,21,9299.325077
-26.140427,19,9299.406252
-75.101835,27,9299.528516
-49.339875,38,9299.693961
-128.064026,19,9299.775768
55.965119,24,9299.872852
-64.614092,28,9299.994882
-266.088108,39,9300.158011
27.192857,28,9300.270208
71.102136,20,9300.351735
-159.081585,38,9300.508834
58.115085,23,9300.6057
-274.548376,46,9300.800365
-27.858468,20,9300.885209
-352.696322,50,9301.092293
-45.73341,24,9301.188309
-99.898445,32,9301.326815
-196.979425,44,9301.660206
-21.087046,21,9301.748575
-20.385197,19,9301.824591
76.022228,20,9301.906673
-17.865501,19,9311.267111
118.166436,32,9311.622098
34.637736,30,9311.996116
-92.570072,29,9312.283494
67.556701,31,9312.486216
-158.624487,39,9312.697776
46.290072,25,9312.825009
167.41244,21,9312.938891
-154.936569,39,9313.117004
56.888895,24,9313.215611
-29.189392,19,9313.292576
-141.622914,37,9313.461069
-15.13067,36,9313.617139
-272.958066,37,9313.783589
-35.73065,21,9313.872088
67.654946,21,9313.955175
-301.986857,71,9314.259916
-133.253785,35,9314.42246
-225.374461,36,9314.573394
-180.683373,41,9314.750498
-248.927464,37,9314.911871
135.115809,28,9315.031675
-107.915674,49,9315.248936
-127.540959,19,9315.330717
65.919073,22,9315.428423
-163.638164,25,9315.542833
52.701967,26,9315.652988
-139.618929,21,9315.738426
-92.695017,100,9316.170452
22.732229,31,9316.306437
89.659063,63,9316.576147
-225.708875,37,9316.747554
-64.621248,28,9316.864838
-55.345926,25,9316.973427
-21.388121,21,9317.065563
-250.602071,51,9317.286384
-72.066285,29,9317.407355
-42.708006,36,9317.562454
-182.10912,57,9317.815687
-271.841929,37,9317.970092
-127.401297,19,9318.053949
-170.467872,40,9318.224786
-265.574397,37,9318.383455
-63.27359,38,9318.549263
-43.242942,23,9318.647052
-123.676697,18,9318.718481
-256.755431,37,9318.878187
80.348091,19,9318.956265
61.864438,22,9319.04869
-257.504294,37,9319.206089
-27.758063,20,9319.289203
-126.942312,19,9319.363442
-128.410834,19,9319.4436
-116.531862,34,9319.586139
-167.656903,69,9319.870329
-46.59334,24,9319.972424
-254.709273,37,9320.122902
-22.18919,34,9320.268287
-191.158453,59,9320.513321
-171.660608,29,9320.637494
-66.470183,27,9320.752549
-296.292066,43,9327.529355
-373.747777,54,9327.784608
-27.830032,20,9327.910327
451.31292,24,9328.248115
-63.152156,40,9328.439555
-34.410415,22,9328.53204
-5.063345,49,9328.741608
23.968939,30,9328.865186
-271.438304,38,9329.021917
141.258011,26,9329.136045
-147.093124,24,9329.243365
342.483565,26,9329.354766
-30.567193,20,9329.438522
-206.485678,32,9329.582608
-48.522124,37,9329.734884
31.2975,27,9329.85133
-25.940274,20,9329.938721
65.669153,22,9330.031106
-94.880323,29,9330.155037
51.859069,23,9330.253484
-28.997505,21,9330.338224
-201.248525,29,9330.461403
-27.422685,20,9330.547101
-134.02873,20,9330.628439
-298.030167,43,9330.811982
53.534216,24,9330.912489
-140.450987,24,9331.012648
-92.277581,31,9331.163793
33.205207,46,9331.366625
-31.058365,22,9331.462045
185.174506,22,9331.559009
23.087347,29,9331.686346
18.845912,31,9331.817927
-56.543496,25,9331.928111
44.197119,24,9332.150251
174.131858,20,9332.236194
16.741716,29,9332.36008
-135.222685,22,9332.453144
-26.432939,21,9332.541045
65.105729,22,9332.631712
-47.312275,25,9332.73575
-50.746089,37,9332.891292
-209.840273,34,9333.04034
-31.735351,41,9333.207461
-409.171416,73,9333.527212
-62.526531,37,9333.683924
-34.663531,22,9333.779677
-25.133835,19,9333.855405
-33.431031,20,9333.939038
-91.532132,30,9334.067098
-255.601553,52,9334.3028
43.645897,25,9334.406952
-262.204809,37,9334.567512
-22.15609,19,9334.646784
-30.665695,20,9334.729264
-4.428187,73,9335.027398
-141.203233,55,9335.275511
-180.019077,29,9335.403277
71.232517,20,9335.490466
-23.997285,19,9335.575111
50.983404,24,9335.67447
-192.685829,57,9335.907553
-164.567614,40,9336.082448
-164.048595,25,9336.193153
-26.036349,20,9336.278539
-446.554827,61,9336.535593
165.06845,21,9336.624168
-29.307585,21,9344.981609
-161.525027,37,9345.182701
-69.187029,26,9345.296971
71.691268,21,9345.386469
-47.232088,22,9345.478117
-73.34925,29,9345.633221
-281.040754,74,9346.206769
-141.274166,36,9346.557068
-143.485806,37,9346.744547
-34.125619,41,9346.924592
-59.328672,26,9347.042568
32.417174,29,9347.166595
-101.828357,44,9347.34949
-55.451278,26,9347.459775
-179.508645,30,9347.586276
-266.372303,37,9347.751078
98.241019,36,9347.913793
-129.263904,19,9347.999886
-51.270105,38,9348.165793
-222.72912,33,9348.306623
-128.20898,19,9348.391699
59.721791,23,9348.487921
-250.634848,37,9348.647153
-103.920129,32,9348.7792
22.669206,29,9348.901196
-122.409214,21,9348.992861
-30.571595,20,9349.074221
-252.412022,37,9349.2375
-166.595623,25,9349.344773
149.958391,25,9349.455356
-27.572143,20,9349.54183
-124.180852,19,9349.622946
-109.638872,58,9349.878415
-243.877675,37,9350.038722
238.547065,28,9350.16166
-67.566325,28,9350.277986
-303.577073,44,9350.454982
-29.327174,20,9350.536521
-19.576566,19,9350.618168
53.762141,22,9350.713345
-241.070787,37,9350.867865
62.221286,23,9350.964103
-143.634413,52,9351.17628
-148.680197,38,9351.335102
-58.261151,24,9351.4423
73.35378,20,9351.527838
-32.574558,20,9351.613882
-104.653331,37,9351.77256
4.535937,31,9351.902809
-8.819827,18,9351.977239
-79.296542,31,9352.10876
-56.999235,26,9352.220023
-60.128325,39,9352.377563
-38.462229,24,9352.476003
-20.790035,19,9352.5536
-220.31904,69,9352.853014
193.300862,53,9353.080963
68.05503,20,9353.16757
-55.880875,36,9353.314999
-32.284962,22,9353.411088
-25.077193,19,9353.489661
160.596674,23,9353.581763
174.433968,22,9353.670922
-105.225961,33,9353.804345
51.914763,24,9353.902288
-177.919122,41,9354.078019
-252.338227,37,9360.899728
-24.618231,20,9360.995083
-172.708659,29,9361.119032
145.733999,25,9361.225973
9.596615,35,9361.377251
271.925737,21,9361.468583
-59.025058,25,9361.583805
358.066017,23,9361.681044
36.517517,27,9361.791504
-25.478563,19,9361.871508
-148.917242,24,9361.969598
-42.868604,24,9362.074171
61.929618,22,9362.165584
71.844039,20,9362.252789
-41.138423,22,9362.345893
-508.385114,95,9362.747389
-28.984452,20,9362.84157
-36.105169,21,9363.17009
-249.120301,41,9363.396513
-171.746596,27,9363.526212
-20.607029,19,9363.610303
-23.124227,19,9363.693787
-30.206397,20,9363.782512
-530.481354,89,9364.197932
-211.940131,54,9364.443946
-563.919736,76,9364.778526
39.50997,24,9364.87488
54.957311,36,9365.029699
-201.262901,43,9365.209309
55.55791,24,9365.305597
-32.287434,20,9365.389289
-175.167503,40,9365.559492
71.605958,20,9365.641437
-26.159805,20,9365.730142
-236.918095,48,9365.932958
-67.584976,27,9366.053796
-242.646382,65,9366.349688
76.229949,20,9366.495482
-36.08589,35,9366.752661
151.015168,24,9366.969282
-33.928846,23,9367.147537
60.004688,23,9367.316868
-43.404179,24,9367.542199
-184.413134,41,9368.040968
76.399867,20,9368.292552
227.57146,26,9368.615395
82.113298,20,9368.8644
-143.435527,37,9369.344279
-41.481429,35,9369.797205
51.677682,24,9370.055143
-180.700425,30,9370.372448
-49.798573,24,9370.606919
-145.071555,38,9371.057911
-42.497646,37,9371.559075
49.699909,25,9371.783681
-19.616594,19,9371.940412
-135.298668,42,9372.235048
-19.99057,19,9372.330472
-30.202721,21,9372.419534
26.176204,28,9372.541557
-530.577901,101,9372.97898
-33.089081,37,9373.147847
26.649777,26,9373.253311
-27.015618,20,9373.344317
194.887404,35,9380.232413
-60.03838,39,9380.470061
49.507416,24,9380.578604
-31.779781,35,9381.012434
45.626428,86,9381.41149
-19.5542,19,9381.497682
-24.194387,20,9381.581779
-26.66619,20,9381.666609
-118.937764,18,9381.763068
190.835753,21,9381.857695
-36.175598,22,9381.958067
15.907532,29,9382.086172
-252.524486,37,9382.240436
-28.703225,20,9382.323643
-85.485122,42,9382.498023
166.453126,23,9382.59683
-213.78626,33,9382.7387
-133.407921,38,9382.900338
40.00825,24,9383.00058
-11.258351,18,9383.075804
-100.100214,31,9383.203889
69.793886,21,9383.29198
-129.71192,35,9383.448856
-71.153373,39,9383.614072
-132.005115,20,9383.699799
-104.389393,30,9383.829326
-138.858317,36,9383.984546
-56.003263,26,9384.093937
-764.251042,101,9384.525594
-40.325754,23,9384.619605
-45.901184,37,9384.779038
-249.175965,37,9384.934631
-146.710725,37,9385.098862
-59.651803,41,9385.426292
35.717254,25,9385.541288
49.3855,37,9385.698327
8.283124,31,9385.824728
113.658641,30,9385.967078
-52.331617,23,9386.068206
-62.295129,26,9386.177151
74.328537,20,9386.26598
-61.974071,28,9386.384915
-260.422185,37,9386.532496
-117.1099,42,9386.711606
-132.186346,21,9386.804756
207.624925,20,9386.893129
-140.37331,35,9387.045472
-198.818663,29,9387.169104
69.207474,20,9387.252865
-53.059315,26,9387.363883
-160.599293,38,9387.523809
-149.928394,37,9387.691775
-28.220556,20,9387.776479
-27.877265,20,9387.858019
-148.691036,39,9388.02038
24.265853,29,9388.150096
-126.060196,19,9388.229807
69.947756,20,9388.318575
-69.941077,27,9388.43717
143.629258,26,9388.547621
-59.489194,27,9388.662422
-26.093997,35,9388.812651
-105.237098,46,9389.011805
-161.382506,37,9389.169424
-30.214221,21,9389.256788
65.209111,22,9389.352481
62.618881,22,9389.443664
48.673273,25,9389.546125
-171.072574,56,9398.737219
-28.641276,20,9399.092695
-29.175411,20,9399.186339
-82.36681,30,9399.321011
-23.242363,19,9399.403846
-133.255211,36,9399.558872
-72.153394,28,9399.678076
-78.248508,29,9399.80478
-131.190156,22,9399.905048
64.743268,22,9400.005653
-186.238739,57,9400.253278
-153.502803,25,9400.36256
-19.594586,20,9400.445196
-39.132998,24,9400.550539
-18.492584,19,9400.628231
-34.788402,21,9400.716754
-34.558552,21,9400.801703
-250.683063,37,9400.959608
135.192718,32,9401.096861
4.175686,33,9401.242769
-259.643178,37,9401.412896
44.241676,25,9401.517706
-77.944404,31,9401.651094
-149.09889,35,9401.815903
-60.659299,26,9401.96238
47.726338,24,9402.078797
-230.493018,44,9402.29689
-222.749866,43,9402.511064
-31.380994,20,9402.606168
-141.735258,22,9402.707892
-422.56116,59,9402.976388
-20.753755,32,9403.124426
-34.20455,22,9403.21674
-43.62186,22,9403.311919
-239.846131,49,9403.526131
-246.185194,37,9403.684981
-170.115919,39,9403.844492
165.102226,23,9403.948095
208.816551,20,9404.035492
-116.880335,46,9404.228019
-30.673172,21,9404.32356
136.322231,27,9404.444597
339.001178,26,9404.557379
31.062143,40,9404.729148
-31.237709,21,9404.820958
-32.602911,20,9404.903882
-76.670607,44,9405.086737
-240.568976,49,9405.29091
-24.939415,21,9405.385689
-27.585875,20,9405.476463
-60.946386,39,9405.639018
-257.832446,37,9405.795823
-147.236756,27,9405.912261
-75.310748,30,9406.036688
266.089303,22,9406.129885
18.034004,44,9406.315442
-25.966049,34,9406.466405
-24.586795,19,9406.549786
7.679172,29,9406.667538
-228.732367,34,9406.811119
-264.814483,39,9406.973926
-279.346875,44,9407.154341
165.460767,21,9407.241576
-71.930878,27,9407.35762
-55.517669,24,9407.456776
-23.801694,21,9407.541925
-45.83618,25,9407.649984
66.21191,22,9414.607607
-126.093232,35,9414.830711
-24.400794,19,9414.921053
-53.315217,36,9415.091108
20.317755,30,9415.336596
-92.736911,31,9415.473088
-187.08646,29,9415.598586
-33.590361,21,9415.686719
67.082772,21,9415.780359
-90.417175,31,9415.915832
-68.204494,27,9416.36374
-68.04018,26,9416.490481
-120.02361,20,9416.573217
50.80413,24,9416.684458
-25.382192,19,9416.764778
-129.20761,21,9416.865744
-24.283996,19,9416.945401
-64.795147,37,9417.118374
67.197672,21,9417.207686
-27.240842,20,9417.296376
-398.277818,87,9417.66626
237.061415,25,9417.775403
77.37516,19,9417.862895
-63.15805,27,9417.982679
-20.073812,19,9418.066551
-258.516789,37,9418.224288
-149.812969,24,9418.325337
-120.945855,36,9418.488744
-44.072098,22,9418.581935
14.070998,31,9418.7087
-25.644678,19,9418.791968
35.932486,27,9418.906419
-49.942282,24,9419.008166
-139.793571,21,9419.093524
-46.006003,22,9419.188466
-122.179343,19,9419.267576
47.243632,25,9419.370882
-95.000934,42,9419.553938
-126.64431,20,9419.634699
2.623617,33,9419.770161
30.049754,27,9419.886214
-122.620964,19,9419.963065
23.113769,28,9420.079211
-30.719891,21,9420.171307
-40.626553,23,9420.270302
-64.520893,39,9420.433321
82.820229,40,9420.606299
-51.270436,23,9420.708881
-26.179103,20,9420.793168
-171.964418,30,9420.984279
60.057846,24,9421.160624
27.56922,28,9421.350472
-22.329897,19,9421.484233
195.9441,39,9421.781384
-273.034376,37,9422.09505
-154.464606,36,9422.569486
-160.15654,49,9423.116242
-259.089026,59,9423.747846
-40.526168,24,9424.04154
-25.634845,33,9424.406676
-193.760292,44,9425.041244
-28.045255,20,9425.306285
-139.677337,36,9425.720591
-37.372727,25,9426.059448
136.274962,37,9426.49097
51.59675,24,9426.808848
-105.432849,33,9427.101054
-84.319684,30,9427.297278
-7.641396,31,9427.430401
-233.595634,36,9427.589707
-533.976204,101,9435.873371
-25.714191,20,9435.956393
-209.800658,44,9436.142877
-153.407061,38,9436.295744
63.391652,22,9436.386108
67.148437,22,9436.481306
-141.795737,23,9436.578646
353.534744,25,9436.689423
-256.108093,38,9436.850309
21.012021,28,9436.976658
59.799096,23,9437.074931
-269.299542,40,9437.250003
67.611412,36,9437.408265
71.897282,21,9437.492613
362.727775,29,9437.617394
-158.766064,27,9437.7343
-132.055522,20,9437.816621
-56.426417,39,9437.980328
26.680828,28,9438.098661
-82.755643,29,9438.223589
-212.880044,35,9438.370218
-63.818863,27,9438.491168
-210.576218,32,9438.625365
-173.799329,40,9438.7928
-465.83996,90,9439.179276
-3.209949,33,9439.314137
-110.971177,33,9439.458942
-166.843122,29,9439.579713
45.742481,24,9439.679319
39.622836,27,9439.788441
-134.491692,23,9439.881797
-43.808005,24,9439.982477
-250.387139,37,9440.139743
-260.550639,37,9440.292591
61.882846,22,9440.382462
-36.504035,23,9440.479079
-76.879429,27,9440.593817
-36.201915,22,9440.813867
-137.565303,22,9440.908676
-31.20626,20,9441.003269
-133.143837,20,9441.088367
-126.446887,19,9441.167895
-31.022646,20,9441.256912
-62.665282,26,9441.364043
52.060884,24,9441.466502
15.638576,31,9441.595583
-120.915222,18,9441.671064
68.31369,21,9441.764397
155.377361,23,9441.865767
-189.096869,29,9441.9896
64.857779,21,9442.076247
-30.416684,20,9442.156006
162.605021,23,9442.255257
70.591193,21,9442.345849
19.191268,29,9442.472121
-63.728428,37,9442.628024
-99.807982,35,9442.771019
20.812364,30,9442.909308
-31.560514,20,9442.994331
-177.422793,27,9443.109839
-31.990769,20,9443.206203
-26.876783,19,9443.293465
-39.629434,24,9443.405016
-38.219131,22,9443.517517
-44.121186,44,9443.712568
-120.308549,18,9443.789042
-26.224106,19,9443.863196
24.165054,28,9443.981188
-21.541903,19,9444.056591
167.526521,21,9444.144477
67.66113,21,9444.233494
-234.365687,36,9444.38822
91.41487,19,9444.469824
-181.273567,32,9453.831316
-255.848733,37,9454.048014
-139.153531,45,9454.234985
68.91582,20,9454.312724
-178.006823,55,9454.543891
-137.429304,21,9454.636699
-28.68703,20,9454.721459
-650.833647,101,9455.148639
-133.059079,20,9455.240205
-2.44805,31,9455.371825
52.695558,22,9455.466307
-30.898577,21,9455.551099
52.101624,23,9455.645524
-28.219679,20,9455.725064
65.146588,22,9455.818475
-22.010177,19,9455.895243
-30.563541,21,9455.979803
-16.636643,36,9456.132514
31.519914,29,9456.256694
-224.985507,35,9456.418776
181.09279,24,9456.51898
61.423184,22,9456.613013
-273.289206,38,9456.772774
-155.23288,26,9456.887776
-43.902276,24,9456.989063
-27.757076,21,9457.07884
-187.898307,33,9457.20869
58.854842,23,9457.302026
-42.917238,36,9457.457211
-43.456279,24,9457.556638
160.571169,22,9457.652815
-39.774424,23,9457.749546
63.929425,22,9457.835888
-250.690104,37,9457.988204
-192.221267,42,9458.16152
-253.986184,37,9458.309731
62.572911,22,9458.3999
-146.655617,37,9458.562994
-48.224971,52,9458.780819
-54.30239,40,9458.944296
-39.740512,23,9459.037368
-129.909434,19,9459.115751
-32.444529,21,9459.202539
30.517109,28,9459.328038
-33.613185,21,9459.416848
-60.850444,26,9459.527434
-274.997807,40,9459.690018
-255.998259,37,9459.835777
165.410313,21,9459.921747
-120.775419,19,9459.998432
-139.177795,23,9460.092543
-80.542157,29,9460.208242
165.217066,23,9460.301165
64.008901,22,9460.392185
-24.232645,35,9460.535824
57.544877,24,9460.64192
-29.714728,21,9460.732054
-112.832638,42,9460.90387
26.035357,29,9461.022219
-266.60426,37,9461.170528
-28.325499,20,9461.255595
-120.217751,19,9461.332411
-18.829147,38,9461.493493
-85.172481,44,9461.670966
-132.230305,20,9461.757765
65.595741,21,9461.847775
-130.504943,20,9461.928375
-27.350348,21,9462.019625
-22.305457,20,9462.109318
-117.4999,18,9462.220425
-26.343552,19,9462.346149
-22.076048,19,9462.453145
-380.523407,69,9470.229722
-125.500652,19,9470.46189
186.735474,22,9470.558024
-41.906053,23,9470.657092
61.773028,23,9470.753623
5.969997,30,9470.880793
37.789091,27,9470.995573
-61.157864,26,9471.221454
-66.9163,26,9471.327092
-55.900959,39,9471.510752
-246.844369,37,9471.671378
-131.769555,20,9471.753056
-29.226429,20,9471.837477
-248.948526,37,9471.994309
-165.441094,37,9472.144516
13.204103,30,9472.273585
-121.848552,19,9472.357569
163.70979,23,9472.452493
27.11163,28,9472.569322
-196.686381,29,9472.692771
-140.870659,22,9472.784547
-26.682534,20,9472.866752
-134.609124,20,9472.960199
-16.077687,52,9473.173006
-282.020161,42,9473.346695
-46.947074,24,9473.444812
-277.271827,41,9473.618527
-64.770094,43,9473.792891
146.294736,28,9473.908164
-142.429995,38,9474.063802
24.634535,28,9474.178053
-24.094876,19,9474.26248
-154.023788,25,9474.364854
68.701966,20,9474.446776
-224.012173,37,9474.597427
-356.563213,101,9475.031997
-201.202753,45,9475.21862
-68.419905,26,9475.330235
161.90299,27,9475.441698
-257.396178,37,9475.598326
-160.418387,28,9475.720822
-125.680652,21,9475.805039
-170.952144,27,9475.916176
-28.227014,20,9475.998307
-129.993093,20,9476.088464
-263.037753,52,9476.315842
-39.683672,22,9476.412049
106.710203,31,9476.54171
69.681092,20,9476.659781
-149.776396,23,9476.786484
-26.860302,19,9476.888736
-53.573885,38,9477.114546
0.452008,39,9477.460553
-284.480522,49,9477.894721
-25.689738,19,9478.064988
-129.930648,19,9478.185754
-28.38175,20,9478.419639
-245.680322,35,9478.802333
167.317283,21,9478.97712
-195.264386,55,9479.414774
67.963234,21,9479.558728
-23.080629,38,9479.876108
-261.467638,37,9480.13485
-50.429713,25,9480.325352
-6.150162,35,9480.559883
168.202956,22,9480.719002
-182.893468,43,9488.54524
-77.625184,30,9488.68708
-191.620497,43,9488.869644
96.112868,33,9489.010248
-38.247247,22,9489.113479
-204.463236,31,9489.242336
-29.773843,20,9489.326238
-42.502932,23,9489.416418
-128.084956,21,9489.505436
71.441942,21,9489.59592
43.952574,37,9489.748047
-318.196177,101,9490.170695
71.920894,21,9490.264934
-224.8708,34,9490.400727
-52.950115,25,9490.506823
-481.2049,65,9490.77289
-223.944212,46,9490.965212
70.129499,20,9491.044556
-218.963152,34,9491.183971
-28.088674,20,9491.26363
116.714402,28,9491.378663
-45.076548,24,9491.47957
-228.065081,58,9491.718366
-27.84801,19,9491.796064
-168.591728,37,9491.955188
-68.947369,27,9492.067874
-75.670942,26,9492.174674
-92.341152,45,9492.360198
-182.324722,41,9492.527229
-31.895771,21,9492.653153
-203.487796,29,9492.777167
-285.360313,64,9493.037353
162.831348,22,9493.130025
-344.741423,101,9493.543097
-151.790932,37,9493.691823
47.829408,25,9493.796372
-26.04261,19,9493.998841
-147.004148,49,9494.208619
-44.363823,24,9494.305945
-51.956599,36,9494.448916
-35.096134,21,9494.538042
-28.617657,20,9494.623912
-391.298593,83,9494.981213
-248.654607,37,9495.132503
-52.857361,25,9495.234251
-82.893022,28,9495.349229
-571.5743,101,9495.764935
71.023258,20,9495.847587
-42.540291,24,9495.950304
-170.312398,28,9496.065358
-53.171044,25,9496.170957
-57.961895,24,9496.269529
201.789574,38,9496.419053
-151.541874,52,9496.63898
-554.720942,77,9496.967781
89.009859,40,9506.430993
-58.175705,25,9506.599078
-331.570892,80,9506.943717
-250.504581,72,9507.248463
-82.004329,42,9507.432955
-139.346649,24,9507.530916
-46.379017,52,9507.748305
207.82746,31,9508.099863
-268.174127,44,9508.313013
-191.025545,33,9508.450838
-52.299975,38,9508.6085
-126.114901,20,9508.691815
-48.677009,23,9508.786861
-365.800615,69,9509.080514
-146.008636,22,9509.175695
-34.066422,20,9509.262264
-67.0606,41,9509.434186
60.774774,22,9509.530276
-154.319696,40,9509.695722
-207.657195,101,9510.1308
62.549752,22,9510.221954
-30.154419,21,9510.305927
16.475675,30,9510.425964
-30.426861,21,9510.519771
-186.742196,42,9510.694302
-134.709246,20,9510.775638
36.72497,26,9510.88555
-29.633903,21,9510.97261
-121.946458,20,9511.060591
388.149464,32,9511.221369
32.397948,27,9511.335116
-126.492612,19,9511.415635
252.977914,25,9511.521938
-40.947457,23,9511.615307
-134.772196,20,9511.696757
55.553321,23,9511.78409
11.426555,32,9511.926521
6.982768,30,9512.050889
-126.92315,50,9512.26437
-38.191428,22,9512.355619
-31.198054,20,9512.433866
-128.956422,19,9512.509181
-229.48198,49,9512.711555
-61.539241,26,9512.824269
-22.479246,21,9512.908421
-67.552029,40,9513.080385
56.355336,23,9513.176403
-34.127305,22,9513.269589
74.42334,20,9513.353592
-150.490667,37,9513.510719
142.85306,26,9513.617331
-265.071187,38,9513.782565
-97.425015,35,9513.925657
-26.29642,19,9514.001606
-26.384673,20,9514.085346
-133.518598,22,9514.178239
-25.53205,20,9514.257084
-223.830217,50,9514.466603
-22.7719,20,9514.550923
-34.93512,23,9514.647509
-278.812896,55,9514.874485
161.073756,22,9514.968019
-58.956675,24,9515.068562
105.466317,31,9515.197326
55.579216,37,9515.349768
-30.606094,20,9522.322062
-129.915655,21,9522.447683
-626.186055,101,9522.877839
-128.347127,19,9522.96103
-166.096593,40,9523.130079
-144.391069,38,9523.287609
41.734874,26,9523.395305
259.624792,23,9523.49385
-98.19766,31,9523.622446
-34.557418,22,9524.213212
-25.210731,19,9524.295316
-242.858107,37,9524.452516
244.794696,26,9524.56059
215.456944,34,9524.703649
158.489758,22,9524.800441
-92.304867,47,9524.994407
34.428861,28,9525.110171
37.399429,39,9525.275694
183.989151,22,9525.373325
-129.873242,21,9525.469949
-87.679958,62,9525.722118
-14.64673,19,9525.798187
-125.165619,19,9525.879047
-250.140275,73,9526.189547
-327.737179,47,9526.383613
-134.675412,22,9526.47278
360.094864,25,9526.583001
-347.208434,50,9526.801892
-37.298027,22,9526.898573
28.528452,27,9527.008722
47.361536,24,9527.111122
-39.459613,36,9527.272116
-54.245434,26,9527.382111
48.800097,23,9527.485191
36.140433,39,9527.663553
-105.900172,37,9527.823515
-179.036699,26,9527.931797
74.068649,20,9528.01922
40.336992,26,9528.138235
35.298881,25,9528.240967
-26.744705,20,9528.324516
-73.013657,29,9528.449471
-129.180555,20,9528.539226
-33.183178,21,9528.629101
-29.933117,22,9528.723809
51.754906,24,9528.821079
-74.674978,29,9528.946679
19.267447,29,9529.067095
-33.075632,22,9529.164455
-14.453501,35,9529.311796
266.713824,22,9529.40419
37.157064,27,9529.526021
219.51232,29,9529.697953
54.947599,24,9529.839185
1.41221,29,9530.064952
-615.150078,100,9530.854897
-20.126733,32,9531.088549
-20.821572,19,9531.247033
39.002335,26,9531.539489
124.027254,29,9531.771133
-127.926895,19,9531.88478
68.663115,21,9531.997338
-247.776862,37,9532.159707
121.731799,30,9532.290435
-110.364413,44,9532.478212
-126.405349,21,9532.566574
-29.980617,20,9539.735324
-243.349649,37,9539.934828
-189.96372,30,9540.069901
-43.01329,23,9540.167041
50.376651,25,9540.274436
-234.37053,35,9540.420682
-131.391549,20,9540.504434
-108.662602,32,9540.640795
-22.976939,19,9540.726539
-39.805086,21,9540.817814
-303.345754,44,9541.003976
-69.516068,26,9541.115898
-30.538332,20,9541.199576
-38.405012,22,9541.290679
-42.817535,24,9541.389383
-151.179706,37,9541.54702
-23.229439,35,9541.693813
-60.832818,27,9541.815167
-283.879556,42,9541.996102
-92.637218,31,9542.130629
-33.375486,21,9542.220323
-33.156626,22,9542.315114
-171.707014,40,9542.493541
-28.412828,19,9542.575094
-175.060695,26,9542.685891
72.105604,20,9542.768128
-32.579885,20,9542.855141
-30.704987,20,9542.941645
-27.666731,20,9543.026239
-129.389571,19,9543.106971
67.85391,21,9543.201625
-61.35062,26,9543.310689
56.454019,23,9543.404866
-138.22792,21,9543.498675
-11.236261,33,9543.641729
-129.691238,19,9543.72142
-27.325692,20,9543.80288
-90.60638,42,9543.978514
-248.474629,37,9544.136579
5.997584,30,9544.263747
-44.328306,22,9544.354666
-348.958239,55,9544.590873
-38.640347,22,9544.682487
-171.786895,27,9544.798681
-24.349993,19,9544.878994
-318.326121,46,9545.070983
-30.28741,36,9545.230413
113.120513,31,9545.362874
-18.83419,19,9545.444336
-146.262375,37,9545.611801
-79.448396,41,9545.893177
-48.055765,24,9545.996964
38.722402,27,9546.118267
-165.29982,39,9546.284477
-27.090178,22,9546.377113
227.376872,28,9546.493797
-134.041644,20,9546.573728
-130.426354,19,9546.654618
-155.11401,25,9546.761115
-289.129187,56,9547.000223
75.389121,20,9547.090767
-183.864428,30,9547.215653
-169.266948,41,9547.385767
24.452629,27,9547.503338
-62.012127,27,9547.614961
-358.169605,51,9547.831996
-130.301413,19,9547.908193
-262.542559,37,9548.069363
3.864359,43,9548.250148
-69.568848,43,9548.427084
48.335082,25,9548.534608
-38.291476,21,9557.014113
-271.335375,37,9557.211685
35.269497,28,9557.342691
-127.544497,19,9557.423494
-130.618294,19,9557.507327
-165.564371,41,9557.683032
-100.780811,31,9557.813352
109.930399,32,9557.957009
-51.72584,42,9558.217705
262.383524,22,9558.54635
77.862209,20,9558.631398
-162.503731,37,9558.787145
-161.727686,25,9558.897516
-132.170994,20,9558.983747
66.997498,21,9559.077064
67.226204,21,9559.166312
-246.189939,38,9559.328978
6.743702,30,9559.459621
-56.966092,25,9559.565681
-150.810324,36,9559.718648
98.449068,32,9559.85963
-269.768089,37,9560.013001
-249.022965,37,9560.172066
-226.4113,36,9560.316297
-165.437207,28,9560.445107
-26.78059,20,9560.527963
-26.818267,19,9560.606906
148.861858,23,9560.704888
-229.265131,35,9560.84898
6.991534,32,9560.977936
-151.31942,39,9561.149925
54.68378,24,9561.251574
-187.588943,41,9561.422957
78.915193,19,9561.502009
-147.038778,37,9561.653063
59.191456,23,9561.751257
-250.262762,37,9561.90815
66.267438,21,9561.99457
-130.876691,20,9562.080991
-29.016642,21,9562.172991
250.41087,24,9562.277147
-51.700324,39,9562.442395
-202.816003,56,9562.691583
-40.620224,21,9562.785945
-36.802492,23,9562.888868
-124.617617,19,9562.970866
26.339686,29,9563.096402
-140.804096,37,9563.252539
-131.677371,20,9563.33523
2.372896,31,9563.459999
-129.010545,19,9563.541526
-40.533007,21,9563.629031
-24.415946,19,9563.708773
-23.217977,19,9563.785981
-128.224868,35,9563.928702
-30.274137,21,9564.012231
59.391079,23,9564.106317
33.293243,41,9564.274293
-21.536075,20,9564.359571
139.135329,25,9564.457671
-26.752537,19,9564.531179
-22.062549,19,9564.613447
-253.310787,37,9564.770271
-128.100672,19,9564.850448
-154.987867,40,9565.015298
-161.448823,25,9565.119442
-284.813167,37,9565.287387
-135.918677,20,9565.375404
-20.224499,18,9565.452292
-32.962429,22,9565.546253
-207.018184,47,9565.74551
60.822372,23,9565.839977
-156.351136,26,9565.945409
-191.443627,31,9573.291048
-259.559481,37,9573.507172
-29.921786,20,9573.597033
-266.620179,37,9573.767701
-146.957578,35,9573.954834
-27.464677,19,9574.040305
177.709014,26,9574.147909
-39.494557,36,9574.307272
-129.364105,19,9574.385035
63.264796,35,9574.531898
-209.329955,45,9574.717875
-39.970178,25,9574.820556
-535.63705,101,9575.35603
-262.872179,37,9575.510371
-267.408781,37,9575.658251
-79.550758,30,9575.787339
-43.517933,40,9575.955317
-153.522453,41,9576.46678
-22.186989,19,9576.588668
-133.02326,20,9576.698033
-27.523346,21,9576.788203
-129.354045,19,9576.865117
-127.975281,19,9576.93815
-271.42586,37,9577.091164
218.244688,29,9577.211927
165.098307,22,9577.301201
-93.32837,49,9577.499276
-51.938453,25,9577.606137
-136.15058,23,9577.702767
-24.341152,19,9577.785353
-243.029583,78,9578.12407
-23.18031,19,9578.204241
-308.661657,77,9578.536046
11.43342,30,9578.667537
65.617013,21,9578.754735
-31.202957,21,9578.845154
-14.747816,34,9578.984157
-122.480478,19,9579.063844
32.179072,27,9579.176241
-46.464763,22,9579.269745
130.84895,31,9579.405385
-394.791464,54,9579.631182
45.287599,26,9579.741379
-102.436327,46,9579.936069
-198.01431,61,9580.184654
54.867232,24,9580.285294
-266.74687,37,9580.440768
-18.774988,20,9580.522004
-31.633515,20,9580.607791
-195.109615,46,9580.847622
82.89176,34,9581.046741
-52.262332,25,9581.253888
-190.586389,58,9581.811934
2.421433,44,9582.212663
-13.232682,35,9582.558738
-223.5995,34,9583.131942
79.387782,34,9583.499089
67.458392,21,9583.653235
-37.018111,22,9583.781199
-199.473619,39,9584.056235
42.843486,25,9584.166804
-221.80251,31,9591.700605
-57.304547,27,9591.871459
-264.88979,37,9592.049889
-27.816474,20,9592.13822
-45.938372,25,9592.243157
-26.387363,20,9592.329462
-148.945842,37,9592.49041
12.967988,43,9592.675359
-26.716983,19,9592.757922
-28.659835,20,9592.837224
-39.612655,22,9592.927799
247.030135,36,9593.072206
-226.55895,36,9593.249714
-183.3851,30,9593.391818
-32.899198,37,9593.548108
259.569926,37,9593.708774
-130.045458,19,9593.782772
-19.667189,19,9593.863789
-268.7064,37,9594.023875
-129.047245,19,9594.102341
64.737898,21,9594.185205
33.053153,34,9594.324069
-152.119213,37,9594.822795
-131.012912,22,9594.93123
-100.083012,33,9595.090941
-37.50033,23,9595.194398
63.98596,22,9595.284053
-135.045318,20,9595.376923
-53.473465,23,9595.487781
-29.399888,21,9595.57924
-27.955073,21,9595.665858
-20.455358,36,9595.815935
-175.8275,41,9595.992404
-129.942902,23,9596.087475
-176.127695,43,9596.262415
87.130714,36,9596.409874
-14.715967,35,9596.557784
-29.410133,20,9596.64556
-50.130222,53,9596.875211
-121.420142,19,9596.953521
152.389767,25,9597.057086
-21.723422,21,9597.140047
73.404208,20,9597.222842
-124.966017,22,9597.318626
-265.649036,37,9597.479236
-320.536449,46,9597.668044
110.394876,42,9597.845594
243.145414,35,9598.014138
44.90071,26,9598.125966
-187.674792,29,9598.246512
-126.978428,19,9598.331475
-80.288166,30,9598.461096
-128.310983,20,9598.548037
-307.516844,46,9598.855889
-71.045315,28,9598.980031
147.501729,26,9599.088573
-62.631262,25,9599.201302
-26.425849,19,9599.279455
-176.780699,41,9599.455265
66.82481,21,9599.543903
-263.209456,39,9599.713055
-168.270626,37,9599.869979
80.790166,19,9599.954877
148.903012,23,9600.058663
-29.779989,20,9600.144324
116.324279,29,9600.270344
-247.549921,37,9600.427431
-39.627041,21,9600.518697
-27.617028,20,9600.596638
-95.318728,43,9600.780341
-260.190334,37,9600.942688
64.277803,21,9609.221248
-6.094814,34,9609.432896
-24.394606,19,9609.522384
-133.808083,20,9609.607464
-156.134935,25,9609.714677
-241.662179,63,9609.983079
-163.748574,39,9610.153433
-30.890336,21,9610.249721
-225.350067,36,9610.401369
60.205915,23,9610.501715
-143.568381,37,9610.666043
-256.424789,37,9610.826702
-128.403956,21,9610.914732
61.590057,21,9611.004352
-236.582885,37,9611.162279
63.413918,23,9611.26341
-120.625396,31,9611.404568
-215.56504,36,9611.566298
71.935949,20,9611.654259
-305.507454,75,9611.974516
61.280472,22,9612.064065
60.323985,22,9612.15446
217.055345,32,9612.293048
-470.409349,90,9612.795967
14.47304,31,9613.106975
-47.673589,23,9613.218428
-113.617123,18,9613.302808
-127.862502,20,9613.387216
-154.246899,37,9613.54719
186.643721,33,9613.693666
-236.207087,36,9613.851574
-88.060047,29,9613.967246
-178.265678,29,9614.092515
-252.764485,37,9614.248159
-71.606225,26,9614.357319
-65.411043,26,9614.46572
-316.733711,46,9614.664149
-26.610055,20,9614.74805
-20.619363,21,9614.834714
-114.577112,18,9614.913143
-72.384564,29,9615.039375
-41.458641,22,9615.13078
-86.917798,29,9615.255084
-172.52807,27,9615.369992
-411.984627,101,9615.80974
-283.936476,44,9615.997303
-270.313842,67,9616.27489
-73.538623,29,9616.396178
-95.359432,34,9616.536111
-25.762836,19,9616.615302
29.842032,28,9616.737379
-157.197228,37,9616.891184
-207.784561,30,9617.012071
-27.40216,22,9617.103475
37.524702,27,9617.222862
-27.709836,20,9617.320201
59.622819,39,9617.485681
-23.534462,19,9617.569928
-117.917955,35,9617.72033
-115.831535,45,9617.907353
-281.581407,51,9618.120109
-2.693019,34,9618.264193
-53.483806,25,9624.849585
-248.51745,37,9625.066784
-163.61275,37,9625.236423
-31.723244,21,9625.326913
-96.523482,32,9625.461689
-52.31775,23,9625.560345
-25.703881,19,9625.642078
-157.090016,24,9625.746362
-254.053465,37,9625.898465
-133.248163,20,9625.979394
162.187074,26,9626.082816
-43.190215,62,9626.352544
46.084485,26,9626.465976
-129.91739,19,9626.54346
66.822518,22,9626.6495
-267.845006,37,9626.811687
-22.013866,34,9626.953982
-48.545755,24,9627.056595
-182.696368,28,9627.175371
-152.402559,37,9627.429107
-126.690522,19,9627.509387
66.232544,21,9627.600417
47.21642,26,9627.712501
-271.691462,40,9627.88903
-131.015807,19,9627.971907
-274.798934,55,9628.20238
-35.189093,22,9628.295405
-267.226347,37,9628.451245
57.856049,23,9628.550755
-167.176175,28,9628.673551
60.060921,22,9628.767473
-76.163753,31,9628.899976
-255.890914,37,9629.063251
35.709626,27,9629.177788
-158.862486,24,9629.274576
-29.655895,20,9629.360327
-72.530407,29,9629.488008
-137.654678,36,9629.639514
63.368815,24,9629.740166
-31.570382,21,9629.826875
-38.552444,22,9629.919561
66.377179,21,9630.008065
41.035566,25,9630.1123
-96.579584,30,9630.56115
-15.631415,32,9630.711042
160.118567,37,9630.866337
-270.715454,43,9631.059316
153.114942,48,9631.288633
-242.319642,44,9631.484086
-52.163929,26,9631.604967
-165.213779,25,9631.711737
-267.099412,37,9631.865213
-24.383486,19,9631.945033
-59.758172,48,9632.148484
-131.398545,38,9632.310697
-21.372072,19,9632.390248
-43.268651,22,9632.489136
-151.228582,36,9632.639405
-378.442033,69,9633.123091
-119.137846,18,9633.250414
-126.150168,21,9633.380807
-212.27471,35,9633.65388
55.641158,24,9633.876056
257.60562,23,9634.144235
-21.401099,20,9634.34107
-49.25702,25,9634.561628
-95.015294,33,9634.883125
-25.302952,19,9635.079629
-114.509522,35,9635.312822
-195.402217,57,9642.268115
-169.360845,39,9642.456962
-167.773176,28,9642.586494
148.043582,34,9642.737356
-22.286254,19,9642.827834
-187.19819,27,9642.939512
-22.288666,19,9643.024326
12.141652,29,9643.151768
-60.481868,29,9643.271123
-28.831829,20,9643.354985
150.348616,24,9643.456302
-139.97581,37,9643.614936
-232.025064,61,9643.878563
-53.742605,34,9644.02423
-56.561672,25,9644.131072
47.62244,25,9644.241041
-251.857918,37,9644.397445
-125.702757,52,9644.623577
-274.61168,37,9644.780291
-165.856108,40,9644.948041
-92.593664,79,9645.275836
-29.970825,20,9645.36166
69.708872,20,9645.439647
-185.507771,56,9645.670894
-167.327768,41,9645.851819
161.329962,22,9645.945542
-197.744546,43,9646.130564
-121.083011,35,9646.273874
-310.272099,59,9646.516428
-37.443775,21,9646.604132
72.87876,20,9646.691178
50.844906,24,9646.795154
-166.34437,29,9646.919441
-149.543645,24,9647.022113
-100.080289,43,9647.209461
-25.248136,20,9647.294283
-128.633527,19,9647.37591
-118.646072,38,9647.533947
-67.532958,40,9647.705161
78.12498,19,9647.783818
-248.896566,37,9647.954527
-119.694682,19,9648.204257
-494.220231,101,9648.837152
-32.137247,21,9648.932451
216.286167,34,9649.082593
-60.849095,26,9649.191732
-39.774008,22,9649.278303
-262.778572,38,9649.527582
343.680209,32,9649.67201
-128.64644,19,9649.754055
-31.819403,20,9649.84124
-85.066252,58,9650.084742
-82.664205,43,9650.270713
77.744496,19,9650.351051
176.255993,22,9650.443836
-27.933728,20,9650.526591
-191.743067,30,9650.654635
14.295603,30,9650.783496
146.464875,30,9650.911353
-148.999172,22,9651.00614
-48.575035,37,9651.15906
51.882759,25,9651.260588
-192.339074,44,9660.177017
-297.878808,44,9660.3941
-128.954265,19,9660.474329
-122.943992,78,9660.821479
-19.794198,18,9660.897932
56.444807,22,9660.989478
-29.364677,20,9661.07502
-254.700311,37,9661.239307
-124.990622,34,9661.384405
-48.5347,37,9661.541149
-182.148418,27,9661.651139
-114.995276,33,9661.804804
-36.015081,22,9661.900455
-127.008169,19,9661.978262
-122.32902,40,9662.147273
-245.86063,58,9662.392946
-50.830846,37,9662.55303
-139.078242,21,9662.641648
-29.863662,21,9662.73011
-160.153549,44,9662.919315
-299.956182,83,9663.262815
-325.030115,58,9663.51857
-126.791908,19,9663.597012
61.304433,22,9663.692985
-30.324544,20,9663.776186
-80.644789,29,9663.900203
-190.879735,59,9664.159696
-135.136564,22,9664.25483
71.746642,20,9664.338081
-128.318925,19,9664.41854
-191.340861,46,9664.612967
-136.589803,21,9664.701733
7.621052,43,9664.881397
70.632993,20,9664.970051
-137.090858,53,9665.192913
-100.083887,34,9665.336125
-113.366962,46,9665.526273
-68.044896,27,9665.923843
-31.024816,20,9666.05382
-128.806809,19,9666.149283
50.670016,24,9666.253966
51.040719,24,9666.353598
60.049713,23,9666.458678
-239.341701,35,9666.60786
-24.357475,19,9666.688222
-106.130459,34,9666.827713
132.99024,29,9666.946232
15.775998,30,9667.080382
-227.916451,70,9667.384167
68.015679,21,9667.471408
-549.250215,101,9667.904669
159.020187,26,9668.018503
52.562964,24,9668.122145
-232.142745,34,9668.2651
-13.160896,35,9668.423585
-65.715277,28,9668.542467
-101.796801,34,9668.693708
-401.664087,101,9669.14062
65.975056,35,9676.199155
237.799364,36,9676.405087
-158.2794,39,9676.575139
-21.7321,32,9676.715561
-152.452099,37,9676.877834
69.990422,20,9676.961715
-58.035734,40,9677.135279
-52.096747,24,9677.239998
-430.400377,101,9677.673901
-25.681557,19,9677.753181
-171.813286,32,9677.880187
160.466839,22,9677.97542
-52.344619,26,9678.109235
51.00756,24,9678.218642
58.080108,23,9678.31423
68.466219,35,9678.462336
52.036666,24,9678.565364
63.755946,22,9678.666116
8.294753,32,9678.804544
-28.41776,19,9678.882537
-51.308112,25,9678.992074
261.052424,22,9679.199096
-63.284924,26,9679.318664
-475.008478,101,9679.765553
-227.200935,60,9680.017087
-36.879582,23,9680.115366
-141.117613,35,9680.259259
-598.477747,101,9680.682019
-28.383199,19,9680.761221
51.090543,24,9680.862003
-113.009229,33,9681.008484
-46.375266,36,9681.166116
-16.301914,19,9681.242909
-116.725641,18,9681.321988
-209.338321,59,9681.569049
-97.309844,44,9681.756901
65.760822,21,9681.846676
-135.908678,22,9681.939588
-104.209861,33,9682.08207
-88.552423,30,9682.210773
-74.947145,27,9682.327249
-110.564362,44,9682.51673
-24.990736,19,9682.693705
-29.632184,35,9683.063207
-84.070618,29,9683.202941
155.675044,31,9683.334709
-128.93391,19,9683.422016
-34.743293,21,9683.507166
41.975215,26,9683.626522
-50.896663,24,9683.739567
149.250047,25,9683.841234
-132.477747,20,9683.926184
-4.306234,30,9684.05628
-59.491126,25,9684.163693
-127.261438,19,9684.241108
-193.377379,42,9684.427015
-154.508635,23,9684.521306
71.024713,20,9684.69902
-436.769952,101,9685.383188
240.002853,27,9685.59225
-197.547735,32,9685.833126
-253.169316,37,9686.221741
-69.104642,27,9694.211327
-184.447522,54,9694.477257
-139.347769,21,9694.565551
35.878126,39,9694.732152
60.78124,22,9694.83195
48.088746,23,9694.935967
252.965436,24,9695.040242
39.567195,29,9695.16429
-144.454015,24,9695.269533
168.414208,21,9695.354894
-148.018423,24,9695.455093
59.082951,23,9695.549011
-296.593949,62,9695.808293
71.717717,20,9695.891837
-28.646093,21,9695.983795
-74.76547,28,9696.108918
-88.059002,32,9696.254525
37.26101,26,9696.362033
-3.586154,45,9696.55169
-169.673505,31,9696.685301
-59.774294,26,9696.801253
-45.476248,23,9696.907066
-23.40976,19,9696.986557
-161.982412,51,9697.20444
-24.219811,19,9697.28775
71.306858,20,9697.372666
27.577375,28,9697.498062
-82.408999,28,9697.618139
-0.276787,34,9697.76677
-140.556456,37,9697.921064
-48.222279,24,9698.020554
-249.446779,37,9698.176461
75.320474,20,9698.26127
-24.778242,19,9698.340456
-197.330813,43,9698.525675
-38.136257,21,9698.622111
-127.539345,35,9698.775978
73.177555,20,9698.862874
-267.098196,38,9699.023883
-205.983819,44,9699.206665
-132.077616,20,9699.290274
-171.113929,26,9699.396615
-428.774447,101,9699.835347
16.477074,28,9699.954155
60.583368,24,9700.05531
-129.958821,23,9700.271629
-120.60632,33,9700.625602
-28.791354,20,9700.720118
-130.317681,19,9700.802838
56.436508,23,9700.902843
-269.632872,37,9701.060546
72.512212,20,9701.142825
-152.792798,26,9701.255807
42.736892,40,9701.431729
-7.545529,50,9701.654575
-285.164671,37,9701.805541
-60.557495,26,9702.036776
-188.418119,42,9702.224732
-199.471548,47,9702.435445
-27.503866,20,9702.524454
-398.372065,66,9702.807111
-114.398918,19,9702.889902
-66.628577,39,9703.056892
-209.932288,35,9703.210404
-174.576578,29,9703.330707
-155.244007,24,9711.910662
-65.958505,56,9712.227171
-68.268774,28,9712.347411
18.815088,36,9712.501484
-46.019611,23,9712.604536
-258.584711,37,9712.762841
-169.500552,58,9713.004466
144.847736,37,9713.163821
-96.279862,32,9713.303299
65.63629,21,9713.389363
-71.880688,41,9713.564997
-67.933681,27,9713.687603
-22.097252,50,9713.897126
261.494155,22,9713.989119
-448.126028,63,9714.249188
437.718725,49,9714.451512
-213.420541,60,9714.720834
-36.043864,22,9714.815538
-205.458652,30,9714.943647
143.440145,25,9715.048277
11.87211,31,9715.188508
98.800018,32,9715.318203
-26.372516,21,9715.413122
4.702907,33,9715.553175
-113.580109,45,9715.743817
-398.762982,55,9715.989203
-269.574761,37,9716.142906
3.133039,33,9716.278012
28.75701,28,9716.399115
159.156987,23,9716.498503
-97.40127,32,9716.633109
47.803687,24,9716.742706
29.729628,27,9716.858703
-152.089986,37,9717.02126
155.269985,24,9717.126716
-109.612522,47,9717.326968
-211.134262,49,9717.53025
26.5885,30,9717.660731
256.409244,25,9717.767851
267.166089,21,9718.12561
-133.07137,21,9718.249991
-131.741344,22,9718.352372
2.980748,31,9718.484237
59.783661,23,9718.583925
-126.391429,19,9718.669185
-292.439908,67,9718.95674
-101.80309,44,9719.146417
-203.426219,45,9719.341299
-29.72564,39,9719.514336
-47.657506,22,9719.611859
-265.505442,66,9719.889343
-29.527345,20,9719.973251
-247.540213,41,9720.153161
49.424337,25,9720.262255
-268.996133,37,9720.423188
-248.139906,37,9720.577042
40.171156,26,9720.688309
-94.886595,33,9720.833486
-33.678671,23,9720.93079
-128.6032,19,9721.013755
25.218295,28,9727.795706
29.909381,28,9727.962924
252.147332,24,9728.073373
-295.950865,41,9728.245244
87.739915,33,9728.388296
-27.197991,19,9728.469554
-68.096368,27,9728.583111
-125.306206,19,9728.66463
-310.135495,45,9728.852721
-51.714899,37,9729.009401
53.047641,24,9729.109156
10.279381,28,9729.232457
-153.237633,37,9729.385783
-49.361221,24,9729.490817
-67.661867,29,9729.613527
-27.372354,19,9729.699716
170.688301,22,9729.791736
146.7371,24,9729.89162
-208.252955,37,9730.049411
-128.226773,19,9730.129548
141.554731,28,9730.243255
-217.176964,31,9730.369475
31.405458,27,9730.496366
14.293786,33,9730.643928
-155.90836,23,9730.743026
-87.713101,55,9730.970123
-169.550285,29,9731.271259
45.211893,23,9731.371512
-141.790195,24,9731.467097
-186.227349,29,9731.589223
-249.778861,37,9731.747417
-71.347094,28,9731.87149
-105.106299,30,9732.001866
-137.99626,61,9732.258425
16.569233,31,9732.389815
-84.606756,29,9732.51597
-138.383699,22,9732.605798
-110.325947,33,9732.75313
46.894878,25,9732.861289
-141.900633,24,9732.964011
120.67684,36,9733.110104
76.822767,19,9733.193195
-22.113382,19,9733.274246
-71.331181,29,9733.400253
-50.27009,23,9733.496115
-1.18304,34,9733.636004
48.594408,25,9733.746063
42.204438,25,9733.860402
-314.013332,58,9734.104147
-592.590805,101,9734.541174
69.592492,20,9734.626773
53.048321,24,9734.731031
-123.774426,19,9734.812076
104.417067,31,9734.936077
45.117869,25,9735.04485
68.768549,20,9735.130676
-493.320314,101,9735.890562
5.611886,32,9736.032917
71.568905,20,9736.187454
-123.728604,36,9736.341112
-43.282285,40,9736.506581
-100.881791,34,9736.686354
-51.795066,26,9736.817353
-186.057004,43,9737.044886
-11.34414,34,9737.24044
57.015131,23,9745.200224
-235.425362,35,9745.381351
-37.594316,21,9745.468805
-23.07065,19,9745.555991
-27.462986,20,9745.643365
-46.574665,22,9745.736568
-152.721103,37,9745.8937
50.793204,25,9745.998126
55.291428,24,9746.107001
-60.217803,27,9746.225172
-89.312615,31,9746.361349
-267.718154,37,9746.511365
-122.819343,46,9746.706739
69.771417,20,9746.790135
165.677359,21,9746.873654
-41.866427,23,9746.97321
-82.022064,30,9747.107853
43.556869,26,9747.217906
-252.471338,37,9747.373688
-45.704345,24,9747.475828
264.535917,21,9747.567728
234.974276,27,9747.684198
253.942047,24,9747.786325
44.255288,25,9747.895697
57.759094,37,9748.05481
-147.026272,38,9748.215915
-129.072511,19,9748.290507
115.165045,34,9748.439533
34.246523,27,9748.556001
-93.344945,46,9748.775522
-243.825735,48,9748.980517
-134.140203,36,9749.135452
-154.67746,37,9749.289715
42.017561,26,9749.402634
-27.434257,19,9749.483979
80.077525,33,9749.626037
-37.289126,61,9749.885773
-10.018738,32,9750.021126
-18.864201,33,9750.15731
-17.066588,19,9750.240049
33.794914,27,9750.35261
-131.976122,21,9750.443058
-1.331538,31,9750.573308
33.868491,29,9750.701897
3.011267,44,9750.894131
-130.763964,19,9750.976653
-201.053971,31,9751.115704
-169.147359,56,9751.368282
-214.706008,34,9751.506749
-34.987056,23,9751.603852
-186.969653,42,9751.785189
-8.382869,35,9751.93733
-145.032775,38,9752.0973
-30.539301,21,9752.185551
-117.279871,18,9752.262719
-21.364265,33,9752.404781
-3.505869,33,9752.545128
-28.077868,21,9752.638807
-10.93502,33,9752.782193
63.294692,21,9752.871326
-61.109911,39,9753.12508
-199.509461,45,9753.319423
-40.556019,23,9753.414247
-246.00201,96,9753.97027
-157.519224,24,9754.269448
-286.149271,45,9762.970767
-126.121552,19,9763.093211
142.570528,26,9763.21567
-199.219296,44,9763.413443
-205.312407,31,9763.543107
-23.016471,21,9763.633392
71.282865,20,9763.721313
168.660282,21,9763.812387
-128.898473,22,9763.907285
-32.461805,20,9763.991372
-38.234531,35,9764.146635
-53.359348,23,9764.246473
-301.820201,43,9764.419835
-126.127612,19,9764.498791
238.519292,36,9764.652077
-136.770035,23,9764.754569
-66.489327,27,9764.867602
-21.659388,37,9765.033631
-146.367875,39,9765.191846
-126.026775,20,9765.279095
64.166364,22,9765.376054
0.733106,31,9765.511093
339.158036,27,9765.625415
-255.361781,65,9765.923462
-16.020833,19,9766.006822
-154.279285,23,9766.100178
144.665242,26,9766.208256
-52.447566,25,9766.313693
-6.68967,34,9766.456295
22.929361,28,9766.570586
-53.548408,36,9766.724751
-32.433997,22,9766.816483
-23.286284,19,9766.900237
130.540721,40,9767.072252
-25.589536,19,9767.153169
-65.843104,42,9767.331757
39.469967,26,9767.440002
-185.73831,41,9767.619726
65.814281,21,9767.707054
-83.826354,29,9767.824427
61.802594,22,9767.918091
-25.674506,19,9767.998006
-129.147313,19,9768.084046
-212.244538,33,9768.227701
-37.493369,22,9768.321763
-79.778433,30,9768.454583
-36.818562,21,9768.54041
-128.930251,19,9768.620644
-85.303194,42,9768.80401
70.819973,20,9768.886814
-364.389903,101,9769.313262
-298.502857,58,9769.560119
116.500873,31,9769.698593
-84.864927,28,9769.81689
-254.719945,37,9769.976973
-28.509871,20,9770.066137
-28.674481,20,9770.148325
-128.945485,19,9770.230788
4.671244,32,9770.366118
-106.016069,36,9770.518059
52.350438,37,9770.675589
72.521292,20,9770.756703
64.110776,22,9770.849011
-244.552591,37,9771.003992
-77.036329,42,9771.182057
-1.405784,32,9771.32123
-35.970357,23,9771.42039
-31.645382,20,9771.503071
-24.001438,19,9771.584936
-257.118483,37,9778.786349
-18.154276,19,9778.905991
-26.84626,35,9779.066144
-24.577301,19,9779.145502
147.539829,26,9779.257814
-246.019868,37,9779.41641
-233.768176,57,9779.651378
333.700245,27,9779.763206
156.953859,23,9779.859953
-283.257146,41,9780.040723
-62.805089,40,9780.212334
-131.997086,49,9780.413065
-40.484075,23,9780.507669
142.075238,24,9780.604206
-15.866949,32,9780.73404
31.62777,27,9780.848671
-68.584974,27,9780.962404
43.353672,27,9781.077105
-101.905752,37,9781.230681
-262.963897,37,9781.380586
-72.287129,71,9781.674054
-34.942854,21,9781.763425
-179.94363,30,9781.896412
-46.976792,25,9782.006428
145.179615,25,9782.109521
112.914414,31,9782.230236
-21.982122,19,9782.305056
-30.135956,20,9782.467406
-209.073069,34,9782.613463
-61.355944,26,9782.721442
-190.691818,44,9782.906819
58.52667,22,9783.000737
-311.985818,60,9783.259593
-32.301069,21,9783.348701
-76.066265,29,9783.475572
-84.029062,30,9783.600812
-64.384864,42,9783.777541
-176.720178,27,9783.891239
-258.421699,42,9784.06618
255.201894,32,9784.19686
-149.431033,44,9784.384264
-21.160008,34,9784.528771
-187.843149,32,9784.662319
-619.447505,99,9785.083478
44.616087,24,9785.184651
-128.50427,19,9785.265917
-236.440163,49,9785.46747
49.811798,25,9785.568306
34.942037,29,9785.684778
191.546392,38,9785.834963
-106.554281,36,9785.994515
-175.271144,54,9786.226788
-97.081293,29,9786.350174
-90.979263,32,9786.482396
269.587341,29,9786.601961
-134.398642,20,9786.683159
-323.946151,47,9786.880133
47.592835,25,9786.98417
-90.788899,43,9787.160619
-50.055561,26,9787.26378
-238.801492,35,9787.402889
-33.625015,37,9797.622469
-172.035795,28,9797.763859
-230.970103,71,9798.069359
-318.197993,58,9798.317675
21.884541,28,9798.434261
-47.99072,25,9798.5379
-31.403248,20,9798.623233
-98.237926,31,9798.754832
-149.07839,24,9798.853541
-425.226076,60,9799.107941
-25.344621,20,9799.195124
-141.062779,23,9799.289332
35.758363,27,9799.401214
-96.12371,61,9799.670766
-147.945078,24,9799.775366
-265.815587,47,9799.971571
68.6909,21,9800.060297
-127.064772,34,9800.201181
-126.660204,19,9800.278873
-407.059021,101,9800.704158
-47.331205,25,9800.811537
-31.26051,22,9800.903446
-403.638785,83,9801.247829
164.151144,24,9801.349444
-248.466837,37,9801.504788
-86.041795,42,9801.68676
228.569947,28,9801.805321
-169.884254,72,9802.098946
-129.065599,35,9802.255111
-179.896039,56,9802.487384
-49.144835,41,9802.655335
-125.829015,35,9802.799205
-27.211452,19,9802.876306
-269.816423,37,9803.029212
-78.253793,26,9803.138046
-201.364287,44,9803.319917
-25.131334,19,9803.399086
-127.127199,21,9803.485478
-155.843959,25,9803.584948
36.553951,25,9803.690818
26.486115,28,9803.81376
94.135341,55,9804.047818
67.998502,21,9804.141137
80.403109,19,9804.215876
-158.498506,26,9804.322055
-130.401334,19,9804.400622
-26.390389,19,9804.478491
73.051589,20,9804.557671
-22.331833,19,9804.637369
58.729479,23,9804.731901
-269.603698,40,9804.895136
65.910325,21,9804.982779
-126.585064,19,9805.064103
-55.028869,25,9805.168808
-260.294607,37,9805.323664
-268.239194,37,9805.473566
-162.875934,39,9805.732855
250.734198,25,9805.841719
-203.622546,44,9806.046512
-53.889106,23,9806.147311
-133.785305,20,9806.230416
116.531908,34,9815.080711
-128.228837,19,9815.228396
-27.219712,36,9815.50009
29.154803,29,9815.683241
155.906828,23,9815.800521
-26.877088,19,9815.884721
-239.597188,35,9816.046062
-72.236095,28,9816.16535
-145.534834,37,9816.322678
-191.429135,29,9816.460883
63.106093,22,9816.556539
-138.607056,22,9816.648875
-25.079027,19,9816.730512
-30.600216,20,9816.819394
-130.890166,19,9816.897545
-185.286979,42,9817.079836
-56.023283,23,9817.181134
-177.331695,41,9817.35823
-25.352295,19,9817.441658
11.231816,35,9817.598392
-98.358118,32,9817.74318
-32.482032,20,9817.831123
-87.661861,42,9818.005069
40.02379,30,9818.13963
17.285273,30,9818.272057
-220.510302,33,9818.412294
-39.895853,38,9818.571349
43.463739,26,9818.680103
-144.012515,36,9818.83439
-124.291025,19,9818.916325
-320.71875,52,9819.146432
-42.332112,23,9819.251057
-314.375334,77,9819.580883
-106.391937,31,9819.714805
6.298519,30,9819.844473
-127.589151,19,9819.920913
-120.908498,20,9820.005892
143.151502,27,9820.122409
-154.303183,27,9820.239705
60.368573,22,9820.334123
-121.693599,18,9820.410436
-259.058374,37,9820.568448
-46.95572,23,9820.659175
-26.582176,19,9820.737821
-38.463567,22,9820.832689
-253.903669,37,9820.98887
-52.536447,23,9821.097042
-33.730263,20,9821.188171
-167.602824,27,9821.322804
28.255314,28,9821.446457
-24.68933,20,9821.5325
-139.476466,23,9821.632301
-58.908357,26,9821.739312
-29.485847,20,9821.822744
-123.192136,20,9821.906235
-23.763818,19,9821.982809
-97.721355,32,9822.123744
-110.753313,33,9822.277113
-128.654529,19,9822.358467
-143.396817,37,9822.512124
-535.568549,82,9822.874522
-218.311951,34,9823.028338
-23.940193,19,9823.109951
-163.75416,45,9823.296293
-255.437128,54,9823.522378
-23.843873,38,9823.685353
-252.827874,38,9823.862078
-111.575645,33,9824.053281
-57.595767,37,9831.241079
-36.482625,22,9831.366921
-21.351711,38,9831.53434
-223.298786,36,9831.68801
-39.09255,36,9831.840511
-154.746331,23,9831.943893
-138.568333,41,9832.119206
-250.609278,38,9832.288035
-181.573862,29,9832.414031
-27.964724,19,9832.49404
88.518835,34,9832.640076
-259.693936,39,9832.807968
-133.748632,20,9832.895897
-103.447513,46,9833.091448
-219.442802,38,9833.265978
-181.493652,30,9833.393268
-165.405304,39,9833.552134
-129.596763,19,9833.633849
-23.574092,19,9833.715171
-26.189494,19,9833.798402
113.920084,35,9833.944807
66.975765,23,9834.04959
-36.302863,22,9834.150819
89.771551,33,9834.298965
53.835775,24,9834.402375
-163.818986,27,9834.512879
-120.634184,18,9834.588758
-144.14098,24,9834.686214
-27.691722,19,9834.763802
-52.611638,38,9834.931026
-21.2508,19,9835.016886
-680.720476,101,9835.556454
-33.716341,22,9835.649591
-87.293559,43,9835.829592
-144.716623,37,9835.989768
-125.323522,19,9836.076428
20.428877,28,9836.198132
-127.412948,19,9836.278948
39.609619,26,9836.39372
28.114289,29,9836.526959
-129.514537,38,9836.688939
-149.6988,37,9836.850567
-140.3818,39,9837.014863
-41.906133,36,9837.168105
-397.23161,58,9837.420381
-290.011661,43,9837.687502
18.2033,30,9837.813432
-27.171407,20,9837.893748
-127.043616,19,9837.975065
-160.556092,38,9838.135621
-35.882301,22,9838.228353
153.499252,23,9838.324767
-177.051091,40,9838.525916
133.500573,26,9838.917582
-257.518101,38,9839.090717
-31.066503,21,9839.184526
-25.305612,20,9839.270212
48.09938,26,9839.37901
-160.250774,37,9839.53277
44.879789,24,9839.635932
32.809351,26,9839.744824
58.863676,22,9839.839555
-142.476383,67,9840.131128
-129.176281,21,9840.222429
-136.988736,49,9840.449821
-409.559757,91,9850.911533
-126.77268,21,9851.004296
68.494781,20,9851.086107
166.676965,22,9851.180356
-28.528542,20,9851.265785
-39.159475,40,9851.438347
-21.452574,19,9851.518899
-40.022136,22,9851.610335
-263.603232,37,9851.771084
36.772207,26,9851.884863
157.442763,23,9851.986698
-42.217388,22,9852.082515
61.867877,22,9852.177556
-33.542113,20,9852.261857
-126.780136,19,9852.345954
-149.445851,22,9852.436019
41.43624,26,9852.545785
-439.410124,64,9852.815941
-129.26176,19,9852.900505
-246.731446,38,9853.066877
-224.14934,34,9853.206027
-157.249585,56,9853.448985
-394.346222,101,9853.892949
170.758204,21,9853.981207
-62.98387,28,9854.101496
-79.277429,41,9854.287045
-63.035511,25,9854.389421
-47.023728,22,9854.480823
132.890449,27,9854.598282
-132.319466,20,9854.68455
-94.129972,35,9854.831426
-154.41591,38,9854.992523
-46.821803,38,9855.160144
-37.506411,21,9855.253103
35.955882,27,9855.369529
-48.027959,25,9855.473595
-28.255244,20,9855.555209
35.337184,27,9855.675142
-128.64424,19,9855.755785
160.391914,22,9855.849319
-25.642679,20,9855.939437
-174.068466,26,9856.04852
-23.790055,19,9856.130392
-37.74261,22,9856.228755
-387.56534,101,9856.658667
-26.706188,19,9856.742382
35.845035,26,9856.855061
-139.981454,36,9857.007828
-149.510954,42,9857.176809
74.969493,20,9857.260321
-225.351088,41,9857.426593
-86.746701,30,9857.548743
-59.538138,27,9857.657692
-142.735277,23,9857.750158
-173.635784,28,9857.866715
-292.17034,40,9858.039495
65.738667,21,9858.125558
-163.319932,40,9858.290834
-149.833398,37,9858.449721
10.791388,30,9858.585216
-59.218029,24,9858.688965
-149.342212,37,9858.857842
-33.4219,20,9858.943952
-225.97627,34,9859.092432
-69.226724,28,9859.209324
-46.612752,46,9868.22053
-22.781084,21,9868.357214
78.245541,19,9868.452955
-28.830594,20,9868.540344
53.077387,24,9868.64245
-259.017736,55,9868.965982
-223.588924,58,9869.286049
-171.559488,67,9869.576015
-19.035112,34,9869.723336
-134.675909,20,9869.809981
-124.487102,19,9869.897553
-93.916227,32,9870.03307
-204.639393,32,9870.166914
-193.244803,34,9870.313962
-27.423078,19,9870.386822
-272.638742,37,9870.548279
55.209846,23,9870.644013
3.907503,31,9870.77547
-126.610327,19,9870.857695
63.573768,21,9870.955515
-81.203962,30,9871.102653
-116.910659,19,9871.203786
-51.053393,41,9871.380186
-103.642535,34,9871.521717
-244.580561,37,9871.684517
55.07592,23,9871.782474
27.784675,28,9871.916166
-66.407094,27,9872.025241
-160.025368,39,9872.196515
-364.749419,51,9872.421992
138.787935,30,9872.54225
-25.151596,19,9872.620764
9.958163,30,9872.743179
-87.333366,31,9872.871804
-50.849411,24,9872.971796
-267.701119,37,9873.131748
-236.111528,49,9873.340931
57.240251,36,9873.496065
-130.677453,19,9873.574822
-269.92091,37,9873.72773
-82.901618,44,9873.921295
-115.46139,33,9874.069042
-307.467429,43,9874.247232
-247.363939,38,9874.410268
-134.446222,22,9874.500756
-23.857827,20,9874.585778
75.000125,20,9874.665078
-65.274768,26,9874.780534
60.969723,22,9874.873634
-270.05988,40,9875.043509
-141.77987,23,9875.14026
-25.021864,36,9875.290082
-23.292589,19,9875.367146
-238.007049,36,9875.525024
-28.626805,21,9875.616152
-62.969922,27,9875.730945
72.612193,20,9875.81467
24.271027,28,9875.934823
-95.187517,47,9876.177837
-27.496163,19,9876.262123
53.380092,24,9876.366013
-24.019476,19,9876.446478
-31.085007,20,9876.531459
-151.401224,23,9876.636411
-288.516924,41,9876.825729
-254.641824,37,9876.986638
-20.762323,19,9877.060884
61.975402,22,9877.160573
-61.207485,25,9884.152387
162.595284,22,9884.280184
43.750066,26,9884.416052
67.817182,21,9884.569271
-27.614471,20,9884.652143
-31.66402,22,9884.741855
185.157641,22,9884.834359
-35.562281,23,9884.940441
-166.176311,27,9885.065263
-91.729967,47,9885.257541
-205.119033,47,9885.454188
-126.818111,19,9885.535901
-126.413692,56,9885.770196
-279.299056,57,9886.017242
-46.23255,24,9886.121513
-130.104898,19,9886.205999
-55.143801,23,9886.302411
-246.404479,37,9886.457223
-169.882992,39,9886.63076
-309.540815,43,9886.815698
65.602154,22,9886.901497
-591.665352,86,9887.261414
-133.161849,20,9887.343443
-280.893526,53,9887.565166
39.584208,39,9887.735072
44.088985,39,9887.90324
19.767795,29,9888.023302
143.489777,24,9888.128784
-126.1439,19,9888.21017
-78.65559,29,9888.333698
-133.722737,21,9888.421473
-92.654692,31,9888.547909
-164.852871,25,9888.659309
78.813928,19,9888.73973
-41.65476,22,9888.98408
-129.306249,21,9889.074445
-28.730011,20,9889.162567
19.994674,29,9889.293029
-150.332452,37,9889.454551
-145.905355,24,9889.559565
-128.90164,19,9889.644127
-229.247567,48,9889.848797
-233.89747,39,9890.013169
-267.564037,65,9890.292887
-45.54586,22,9890.384076
-30.863253,20,9890.463334
-187.750947,31,9890.596677
-91.878574,43,9890.770008
-28.132945,20,9890.85218
72.983857,39,9891.019115
-106.343299,44,9891.210197
-25.213035,19,9891.287128
88.890567,46,9891.488191
-134.102008,21,9891.576313
-219.181637,47,9891.774823
-151.812163,41,9891.953931
59.201141,22,9892.044252
-186.091554,40,9892.214417
-31.699862,20,9892.301851
-147.303717,37,9892.479455
-105.814066,29,9892.603154
-147.515794,37,9892.762309
-25.399945,19,9892.842732
-40.372657,22,9892.94175
-137.400106,22,9893.031775
56.278912,24,9893.130599
-42.111868,23,9908.96398
-118.380347,19,9909.065657
-0.827836,32,9909.206427
-351.981543,61,9909.476596
-22.370758,19,9909.55855
-130.046949,21,9909.653646
-106.457331,48,9909.863886
-23.8518,19,9909.944053
-257.750068,52,9910.170794
-129.844857,19,9910.247896
-138.677504,35,9910.397079
60.487691,22,9910.491212
258.546966,23,9910.595615
-36.306681,22,9910.68619
130.55414,54,9910.909276
133.385048,27,9911.025773
59.521275,23,9911.122877
-96.156001,34,9911.262841
62.810102,22,9911.352813
-77.71107,45,9911.55811
-26.65007,20,9911.636798
-40.100029,23,9911.73387
-53.604719,23,9912.308287
-535.771887,101,9913.259949
-30.002534,20,9913.36268
-140.601884,36,9913.540862
-26.39739,19,9913.633839
-84.85827,42,9913.837458
53.076804,24,9913.945415
-129.345673,19,9914.046648
66.122663,21,9914.148162
-73.608082,29,9914.276105
-156.000931,25,9914.392819
-26.474362,19,9914.48607
-19.216975,20,9914.578464
-256.466631,36,9914.752263
-43.853853,23,9914.892923
-126.206515,20,9915.028345
-91.880984,30,9915.234757
-148.516906,23,9915.383172
-36.327957,21,9915.504504
247.00887,25,9915.662708
-252.713304,37,9915.966204
-208.992917,51,9916.645505
-184.790161,42,9917.06622
-167.434812,40,9917.3308
-82.469342,43,9917.520206
-40.599879,23,9917.614602
-36.370129,22,9917.712004
-321.893856,46,9917.915931
32.900641,27,9918.039955
335.150558,39,9918.234307
-229.850356,33,9918.376921
-27.093438,19,9918.461184
-172.232254,28,9918.578665
-69.349094,26,9918.692267
37.559287,26,9918.805522
-115.261175,31,9918.940402
-187.614578,32,9919.076487
48.904699,24,9919.175983
44.583065,25,9919.282024
-141.072366,21,9919.36769
49.91549,24,9919.470058
-70.815918,29,9919.588247
-412.472692,90,9920.168128
-60.703794,29,9920.30491
-127.506565,19,9931.456207
-218.977676,38,9934.232385
32.93232,26,9934.830559
-87.991105,41,9936.221946
-265.23236,37,9937.536178
-184.870302,31,9938.509514
-179.722045,27,9939.608746
-46.473827,23,9940.097493
-24.574686,19,9940.546597
67.666778,21,9941.120566
-48.160479,22,9941.770127
-242.411522,37,9942.773433
-192.362191,33,9943.322286
-159.474194,40,9943.929808
60.930339,22,9944.340496
-60.963103,26,9945.038336
-219.628785,101,9948.60289
174.886636,35,9948.96586
-102.757548,29,9949.239615
158.246542,23,9949.475552
-196.465072,43,9949.978747
-69.608589,27,9950.541436
49.185164,24,9950.781184
-210.653907,47,9951.476715
-187.980963,41,9951.828283
25.704895,28,9952.01677
-166.108636,49,9952.304279
-38.83981,22,9953.173549
-69.394962,27,9953.44742
-127.902983,19,9953.568549
15.876407,30,9953.741269
48.982172,25,9953.886634
-24.506098,19,9953.981908
-23.317406,19,9954.072208
-50.819922,26,9954.187056
-116.489703,34,9954.329858
-21.273132,19,9954.443713
173.511568,23,9954.609755
-197.082352,44,9954.811521
-46.019609,24,9954.914103
-67.143174,27,9955.033698
-226.258773,35,9955.20339
-25.932467,19,9955.295313
-87.230452,30,9955.416428
60.198493,23,9955.535502
254.137101,25,9955.651113
-129.378158,19,9955.733418
-28.183424,19,9955.812794
-22.070544,19,9955.894613
-57.244774,26,9956.033811
-43.276172,23,9956.1522
-31.623933,21,9956.241611
-128.195991,33,9956.383201
-135.531706,20,9956.490981
-26.474724,19,9956.579399
46.820628,25,9956.683606
-24.880376,19,9956.762547
48.214638,23,9956.863457
-49.649534,25,9956.9732
-52.390183,24,9957.074783
-94.864402,44,9957.257148
-113.446291,34,9957.394311
-22.79756,19,9957.477395
-113.5393,36,9957.632109
-27.23025,20,9957.712282
11.647023,56,9957.976907
73.122082,20,9958.069409
65.620962,22,9958.168422
-31.082759,20,9958.252126
-253.089046,37,9958.4093
-205.900224,31,9958.535591
-703.649094,101,9969.164256
160.482305,22,9969.277561
-32.089446,21,9969.399743
-228.770538,34,9969.57037
-95.501297,31,9969.715741
-99.481145,33,9969.875794
-29.141174,19,9969.977813
453.453163,24,9970.116848
-19.08299,19,9970.200829
-622.26309,101,9970.641518
-188.137332,48,9970.879141
-28.722403,20,9970.97912
-30.281363,20,9971.079199
50.513061,24,9971.191729
-60.524887,25,9971.29857
64.028678,22,9971.411714
-60.046742,25,9971.513292
-269.253932,37,9971.672815
-152.270759,25,9971.793596
-141.157127,21,9971.891943
-130.202997,19,9971.970831
-249.115249,37,9972.12652
35.789532,25,9972.254989
179.048926,28,9972.407496
-26.244947,19,9972.507258
-38.352477,22,9972.61199
53.95076,25,9972.742992
-115.028568,34,9972.92718
-244.184381,47,9973.170071
-127.627245,19,9973.26028
-276.277617,39,9973.445825
-147.055962,23,9973.539699
-80.482954,31,9973.674818
-437.803174,61,9973.953536
-265.334363,40,9974.127336
45.23509,24,9974.231581
37.746306,41,9974.564532
-50.911811,40,9974.784035
-137.757881,22,9974.893462
-185.299749,89,9975.340728
-122.547589,50,9975.598281
-25.925733,19,9975.71472
-50.100285,24,9976.413995
-423.467571,88,9977.729429
-59.164172,27,9977.871715
-29.02514,19,9977.965966
-22.057931,19,9978.052045
-246.287006,37,9978.21482
-272.332653,37,9978.382151
57.926045,23,9978.494778
-126.074504,19,9978.592275
-250.411012,50,9978.82697
70.577869,20,9978.941069
-219.206998,35,9979.09884
35.093499,25,9979.206719
-633.648353,101,9979.649322
-124.775111,19,9979.732181
-143.165026,23,9979.911819
7.649971,32,9980.110507
